cell_key,dataset,split,condition,order,source_id,Full_t,Soft_t,A_ROI_t,Soft_minus_Full_t,Soft_minus_A_ROI_t,A_ROI_minus_Full_t,Full_success,Soft_success,A_ROI_success,Full_disjoint,Soft_disjoint,A_ROI_disjoint,Full_oracle_t,Soft_oracle_t,A_ROI_oracle_t,Soft_minus_Full_oracle_t,Soft_minus_A_ROI_oracle_t,A_ROI_minus_Full_oracle_t,Soft_mask_mean,Soft_gate_mean,Soft_global_pool_fallback_fraction,A_full_fallback_fraction,Soft_feature_relative_L2,Soft_feature_cosine,Soft_global_feature_mean_norm,Soft_feature_mean_norm
vidstg/search/clean/order1/0,vidstg,search,clean,order1,8,0.9640752046536176,0.9669986779873188,0.238057103065344,0.002923473333701132,0.7289415749219748,-0.7260181015882736,1.0,1.0,0.0,0.0,0.0,0.0,0.9806851035509354,0.983697436711727,0.9799517640700707,0.003012333160791636,0.0037456726416563724,-0.0007333394808647364,0.02574759781318912,0.5128737989065946,0.0,0.0,0.14473827183246613,0.9926287531852722,27.98769187927246,25.564741134643555
vidstg/search/clean/order1/4,vidstg,search,clean,order1,7,0.0,0.0,0.0,0.0,0.0,0.0,0.0,0.0,0.0,1.0,1.0,1.0,0.30564701792172444,0.3162655798898022,0.3338468145649296,0.010618561968077755,-0.0175812346751274,0.028199796643205155,0.006563751763288135,0.5032818758816441,0.0,0.0,0.13779357075691223,0.9930893778800964,26.807968139648438,24.688547134399414
vidstg/search/clean/order1/8,vidstg,search,clean,order1,4,0.0,0.0,0.4213175293376866,0.0,-0.4213175293376866,0.4213175293376866,0.0,0.0,0.0,1.0,1.0,0.0,0.989367635626542,0.9897259160092002,0.9606302245022975,0.00035828038265828255,0.02909569150690272,-0.02873741112424444,0.03499625544855794,0.5174981277242791,0.0,0.0,0.13531778752803802,0.9926043152809143,26.408246994018555,24.625925064086914
vidstg/search/clean/order1/12,vidstg,search,clean,order1,24,0.9834259389926351,0.9800336689671518,0.935121453330717,-0.003392270025483257,0.04491221563643488,-0.04830448566191814,1.0,1.0,1.0,0.0,0.0,0.0,0.9945208046248634,0.9971842297346298,0.9877073208722706,0.0026634251097664707,0.00947690886235919,-0.006813483752592719,0.0035241803123276815,0.5017620901561638,0.0,0.0,0.1302589476108551,0.9935478568077087,27.473552703857422,25.536413192749023
vidstg/search/clean/order1/16,vidstg,search,clean,order1,26,0.8495077636006667,0.8511935815558876,0.08398674414713522,0.0016858179552209362,0.7672068374087524,-0.7655210194535315,1.0,1.0,0.0,0.0,0.0,0.0,0.9548760756362434,0.9188376618784746,0.926569198368242,-0.03603841375776884,-0.007731536489767432,-0.028306877268001407,0.12844194119763622,0.564220970598818,0.0,0.0,0.1579044610261917,0.9890829920768738,25.646472930908203,23.90303611755371
vidstg/search/clean/order1/20,vidstg,search,clean,order1,18,0.0,0.0,0.44660412948902933,0.0,-0.44660412948902933,0.44660412948902933,0.0,0.0,0.0,1.0,1.0,0.0,0.8698434109609378,0.8827318456177096,0.8156039505293441,0.012888434656771808,0.06712789508836547,-0.05423946043159367,0.05827512889668139,0.5291375644483407,0.0,0.0,0.12637589871883392,0.9927371740341187,28.79021453857422,27.493850708007812
vidstg/search/clean/order1/24,vidstg,search,clean,order1,23,0.04283696276711118,0.045612027325631334,0.0,0.0027750645585201544,0.045612027325631334,-0.04283696276711118,0.0,0.0,0.0,0.0,0.0,1.0,0.8758941650390625,0.8629150390625,0.8587982177734375,-0.012979125976562478,0.004116821289062544,-0.017095947265625022,0.24808274940102717,0.6240413747005136,0.0,0.0,0.17267458140850067,0.9846305847167969,25.58800506591797,25.19525718688965
vidstg/search/clean/order1/28,vidstg,search,clean,order1,29,0.20615572645288838,0.21439369196444963,0.22398968432140245,0.008237965511561252,-0.009595992356952826,0.017833957868514078,0.0,0.0,0.0,0.0,0.0,0.0,0.9624403168809058,0.95477304457454,0.9514626773144198,-0.007667272306365769,0.0033103672601202394,-0.010977639566486008,0.11974162281858508,0.5598708114092926,0.0,0.0,0.14253215491771698,0.990026593208313,27.855175018310547,27.2576961517334
vidstg/search/clean/order2/0,vidstg,search,clean,order2,1,0.03537099797121673,0.035566966447921046,0.03694629544242066,0.00019596847670431267,-0.0013793289944996137,0.0015752974712039264,0.0,0.0,0.0,0.0,0.0,0.0,0.7991518048535041,0.7905879962666904,0.7970847439399571,-0.008563808586813715,-0.0064967476732666896,-0.0020670609135470253,0.07213774828698521,0.5360688741434926,0.0,0.0,0.12099951505661011,0.9933704733848572,29.05272102355957,27.80204200744629
vidstg/search/clean/order2/4,vidstg,search,clean,order2,10,0.36480556479858084,0.39648746185396505,0.3284654071904501,0.03168189705538421,0.06802205466351496,-0.03634015760813075,0.0,0.0,0.0,0.0,0.0,0.0,0.9232803128046185,0.9212340393357297,0.9348933997271429,-0.0020462734688888595,-0.013659360391413244,0.011613086922524385,0.021171874429112492,0.5105859372145563,0.0,0.0,0.12478620558977127,0.993665337562561,29.100690841674805,27.340282440185547
vidstg/search/clean/order2/8,vidstg,search,clean,order2,15,0.24824783115541343,0.2504676071638815,0.22502483194910708,0.0022197760084680662,0.02544277521477442,-0.023222999206306355,0.0,0.0,0.0,0.0,0.0,0.0,0.5051975933427636,0.4966361535726982,0.47152982462925086,-0.008561439770065404,0.02510632894344733,-0.033667768713512736,0.04817788285126871,0.5240889414256344,0.0,0.0,0.1177615374326706,0.9944738149642944,26.933456420898438,25.365446090698242
vidstg/search/clean/order2/12,vidstg,search,clean,order2,30,0.40463397293131065,0.4208869026687906,0.5628792663271469,0.016252929737479938,-0.14199236365835632,0.15824529339583626,0.0,0.0,1.0,0.0,0.0,0.0,0.9595402143072407,0.9565364546177181,0.9100504852891338,-0.0030037596895226004,0.04648596932858429,-0.04948972901810689,0.013371039441783713,0.5066855197208918,0.0,0.0,0.12456675618886948,0.9937542080879211,27.115781784057617,25.46611976623535
vidstg/search/clean/order2/16,vidstg,search,clean,order2,11,0.7189258237204177,0.7540577857325492,0.8202024696851707,0.035131962012131535,-0.06614468395262152,0.10127664596475305,1.0,1.0,1.0,0.0,0.0,0.0,0.7189258237204177,0.7540577857325492,0.8202024696851707,0.035131962012131535,-0.06614468395262152,0.10127664596475305,0.05306313184727828,0.5265315659236391,0.0,0.0,0.13407744467258453,0.9924122095108032,27.8631591796875,26.14967918395996
vidstg/search/clean/order2/20,vidstg,search,clean,order2,19,0.542416868131786,0.5525631565495541,0.555316612995273,0.010146288417768101,-0.0027534564457188937,0.012899744863486995,1.0,1.0,1.0,0.0,0.0,0.0,0.8044123222115901,0.7735297604076201,0.8363572397051202,-0.030882561803969977,-0.0628274792975001,0.03194491749353012,0.3203467547108501,0.6601733773554251,0.0,0.0,0.08360729366540909,0.9965284466743469,27.45931625366211,27.642925262451172
vidstg/search/clean/order2/24,vidstg,search,clean,order2,3,0.49844144786733424,0.5014681487456407,0.5006151385252394,0.0030267008783064764,0.0008530102204012957,0.0021736906579051807,0.0,1.0,1.0,0.0,0.0,0.0,0.8604006767272949,0.861590305964152,0.8531648317972819,0.0011896292368570593,0.008425474166870117,-0.007235844930013058,0.22896540221143472,0.6144827011057173,0.0,0.0,0.08937356621026993,0.9962124228477478,27.713075637817383,27.06660270690918
vidstg/search/clean/order2/28,vidstg,search,clean,order2,6,0.02914546041016326,0.02693372798048474,0.45866472097298455,-0.0022117324296785194,-0.43173099299249984,0.4295192605628213,0.0,0.0,0.0,0.0,0.0,0.0,0.9255685675634097,0.9103856543972068,0.867899332960991,-0.015182913166202905,0.04248632143621578,-0.057669234602418684,0.183255181989426,0.5916275909947131,0.0,0.0,0.14093582332134247,0.9904147982597351,25.6653995513916,25.135658264160156
vidstg/search/frame_drop_5/order1/0,vidstg,search,frame_drop_5,order1,8,0.9384325565435947,0.9403826689108824,0.26026735122387223,0.001950112367287704,0.6801153176870102,-0.6781652053197225,1.0,1.0,0.0,0.0,0.0,0.0,0.9876111929233258,0.9913420961453364,0.9751616270114214,0.0037309032220106397,0.01618046913391502,-0.012449565911904381,0.02597653865554904,0.5129882693277745,0.0,0.0,0.14243289828300476,0.9927867650985718,27.977691650390625,25.608741760253906
vidstg/search/frame_drop_5/order1/4,vidstg,search,frame_drop_5,order1,7,0.0,0.0,0.0,0.0,0.0,0.0,0.0,0.0,0.0,1.0,1.0,1.0,0.3062785838296894,0.3161293346266102,0.32541981149109817,0.00985075079692077,-0.009290476864487973,0.019141227661408744,0.006859875390306544,0.5034299376951533,0.0,0.0,0.13493725657463074,0.9933050870895386,26.86631965637207,24.80266761779785
vidstg/search/frame_drop_5/order1/8,vidstg,search,frame_drop_5,order1,4,0.0,0.0,0.43109112864500376,0.0,-0.43109112864500376,0.43109112864500376,0.0,0.0,0.0,1.0,1.0,0.0,0.989367635626542,0.9904820291619552,0.9731056872955388,0.001114393535413205,0.017376341866416345,-0.01626194833100314,0.0393970460802466,0.5196985230401233,0.0,0.0,0.13628549873828888,0.9924283027648926,26.408246994018555,24.646154403686523
vidstg/search/frame_drop_5/order1/12,vidstg,search,frame_drop_5,order1,24,0.9304867501245188,0.9332650192829122,0.9603885279002368,0.0027782691583934094,-0.0271235086173246,0.029901777775718008,1.0,1.0,1.0,0.0,0.0,0.0,0.9964419099401802,0.9872558399865118,0.9828080229226361,-0.009186069953668441,0.004447817063875648,-0.013633887017544088,0.0038372341256328905,0.5019186170628165,0.0,0.0,0.12828361988067627,0.993710458278656,27.50010108947754,25.596437454223633
vidstg/search/frame_drop_5/order1/16,vidstg,search,frame_drop_5,order1,26,0.8896068984111738,0.9028737786389089,0.08349080866757211,0.013266880227735145,0.8193829699713369,-0.8061160897436017,1.0,1.0,0.0,0.0,0.0,0.0,0.9310194955807305,0.9509511632709026,0.8502225728591627,0.019931667690172072,0.10072859041173987,-0.0807969227215678,0.13605813753536644,0.5680290687676831,0.0,0.0,0.15314967930316925,0.9894899725914001,25.804786682128906,24.144681930541992
vidstg/search/frame_drop_5/order1/20,vidstg,search,frame_drop_5,order1,18,0.2252515302805712,0.22863416383740182,0.23587151811731644,0.0033826335568306054,-0.007237354279914621,0.010619987836745226,0.0,0.0,0.0,0.0,0.0,0.0,0.7114024974681713,0.7089549877025463,0.6873670789930556,-0.002447509765625022,0.021587908709490677,-0.0240354184751157,0.05594986822008125,0.5279749341100406,0.0,0.0,0.1241772249341011,0.9930544495582581,28.73523712158203,27.399560928344727
vidstg/search/frame_drop_5/order1/24,vidstg,search,frame_drop_5,order1,23,0.04283696276711118,0.045556376828764795,0.0,0.002719414061653616,0.045556376828764795,-0.04283696276711118,0.0,0.0,0.0,0.0,0.0,1.0,0.8758941650390625,0.8628570556640625,0.8430788441498073,-0.013037109375000022,0.019778211514255184,-0.032815320889255206,0.2518075649468054,0.6259037824734028,0.0,0.0,0.17245158553123474,0.984671413898468,25.58800506591797,25.214658737182617
vidstg/search/frame_drop_5/order1/28,vidstg,search,frame_drop_5,order1,29,0.22065798961307115,0.22421037217827294,0.22411121082163526,0.003552382565201795,9.916135663767811e-05,0.0034532212085641167,0.0,0.0,0.0,0.0,0.0,0.0,0.9502350639461031,0.9403793245395592,0.900489534344103,-0.00985573940654394,0.03988979019545624,-0.04974552960200018,0.11371817923886002,0.55685908961943,0.0,0.0,0.1377781480550766,0.9906635284423828,27.83469581604004,27.15769386291504
vidstg/search/frame_drop_5/order2/0,vidstg,search,frame_drop_5,order2,1,0.0,0.0,0.012671908098612341,0.0,-0.012671908098612341,0.012671908098612341,0.0,0.0,0.0,1.0,1.0,0.0,0.7997204924265778,0.7886125552211103,0.7810250049969851,-0.011107937205467544,0.007587550224125161,-0.018695487429592705,0.06800756569075557,0.5340037828453778,0.0,0.0,0.119293712079525,0.9935680627822876,28.996809005737305,27.728679656982422
vidstg/search/frame_drop_5/order2/4,vidstg,search,frame_drop_5,order2,10,0.5939743222328914,0.5908099523920589,0.5476056360510245,-0.0031643698408324594,0.04320431634103439,-0.04636868618186685,1.0,1.0,1.0,0.0,0.0,0.0,0.9143105366586964,0.9188138777863301,0.9247259786027094,0.00450334112763362,-0.005912100816379384,0.010415441944013004,0.02303246922288468,0.5115162346114424,0.0,0.0,0.12150619179010391,0.99391770362854,29.006202697753906,27.304737091064453
vidstg/search/frame_drop_5/order2/8,vidstg,search,frame_drop_5,order2,15,0.24824783115541343,0.2503595748135273,0.0815676310202282,0.0021117436581138405,0.1687919437932991,-0.16668020013518525,0.0,0.0,0.0,0.0,0.0,0.0,0.5051975933427636,0.495691050107048,0.4695276898270105,-0.009506543235715592,0.026163360280037518,-0.03566990351575311,0.04843797789885673,0.5242189889494283,0.0,0.0,0.11763069778680801,0.9944731593132019,26.933456420898438,25.37405014038086
vidstg/search/frame_drop_5/order2/12,vidstg,search,frame_drop_5,order2,30,0.40463397293131065,0.41310242712941175,0.42670763250067645,0.008468454198101105,-0.013605205371264695,0.0220736595693658,0.0,0.0,0.0,0.0,0.0,0.0,0.9595402143072407,0.9651900366149067,0.9912998359172772,0.005649822307665975,-0.026109799302370562,0.03175962161003654,0.015189609769856413,0.5075948048849281,0.0,0.0,0.12418363243341446,0.9936646223068237,27.115781784057617,25.531368255615234
vidstg/search/frame_drop_5/order2/16,vidstg,search,frame_drop_5,order2,11,0.7187669590253699,0.7562815745608411,0.8044707367149978,0.037514615535471196,-0.048189162154156695,0.08570377768962789,1.0,1.0,1.0,0.0,0.0,0.0,0.7187669590253699,0.7562815745608411,0.8044707367149978,0.037514615535471196,-0.048189162154156695,0.08570377768962789,0.056978616804571086,0.5284893084022856,0.0,0.0,0.13160471618175507,0.9926435351371765,27.86452293395996,26.18381690979004
vidstg/search/frame_drop_5/order2/20,vidstg,search,frame_drop_5,order2,19,0.5516997106158728,0.5507883711506446,0.55554693397718,-0.0009113394652281448,-0.004758562826535417,0.0038472233613072726,1.0,1.0,1.0,0.0,0.0,0.0,0.8120415671806008,0.8308311622495652,0.8077332875380836,0.018789595068964382,0.023097874711481614,-0.004308279642517232,0.3210057925579473,0.6605028962789736,0.0,0.0,0.08167140930891037,0.9966718554496765,27.487668991088867,27.6286678314209
vidstg/search/frame_drop_5/order2/24,vidstg,search,frame_drop_5,order2,3,0.49844144786733424,0.5048462742604666,0.5004377878886749,0.006404826393132335,0.004408486371791698,0.001996340021340637,0.0,1.0,1.0,0.0,0.0,0.0,0.8604006767272949,0.8615264892578125,0.8490062554677328,0.0011258125305175781,0.012520233790079716,-0.011394421259562137,0.2077184876359064,0.6038592438179532,0.0,0.0,0.09624896198511124,0.9955934882164001,27.713075637817383,26.9456787109375
vidstg/search/frame_drop_5/order2/28,vidstg,search,frame_drop_5,order2,6,0.033211131580259345,0.03220188103983491,0.008682335883602154,-0.0010092505404244376,0.023519545156232752,-0.02452879569665719,0.0,0.0,0.0,0.0,0.0,0.0,0.9300983376698951,0.9136541706241973,0.8782118705854024,-0.016444167045697844,0.035442300038794894,-0.05188646708449274,0.18592525463845633,0.5929626273192282,0.0,0.0,0.13591478765010834,0.9909729361534119,25.8262939453125,25.30293846130371
vidstg/search/frame_freeze_5/order1/0,vidstg,search,frame_freeze_5,order1,8,0.963733012859638,0.9665577185459626,0.22594645092120538,0.0028247056863246467,0.7406112676247573,-0.7377865619384326,1.0,1.0,0.0,0.0,0.0,0.0,0.9808481711607713,0.98518053598893,0.9865490216475267,0.004332364828158686,-0.0013684856585967076,0.005700850486755393,0.026118635288222725,0.5130593176441114,0.0,0.0,0.1449628472328186,0.9925869703292847,27.977394104003906,25.557315826416016
vidstg/search/frame_freeze_5/order1/4,vidstg,search,frame_freeze_5,order1,7,0.0,0.0,0.0,0.0,0.0,0.0,0.0,0.0,0.0,1.0,1.0,1.0,0.30568609396178625,0.316286532443406,0.3358458240619797,0.010600438481619734,-0.019559291618573726,0.03015973010019346,0.006635739649147547,0.5033178698245737,0.0,0.0,0.1375618427991867,0.9931410551071167,26.829559326171875,24.70281982421875
vidstg/search/frame_freeze_5/order1/8,vidstg,search,frame_freeze_5,order1,4,0.0,0.0,0.42737492487173656,0.0,-0.42737492487173656,0.42737492487173656,0.0,0.0,0.0,1.0,1.0,0.0,0.989367635626542,0.9902609774940893,0.9658257065964512,0.0008933418675473037,0.024435270897638084,-0.02354192903009078,0.03844426099357868,0.5192221304967893,0.0,0.0,0.1361166387796402,0.9924662709236145,26.408246994018555,24.63829231262207
vidstg/search/frame_freeze_5/order1/12,vidstg,search,frame_freeze_5,order1,24,0.9838953222409587,0.983804494898689,0.9583944770763524,-9.082734226961708e-05,0.02541001782233665,-0.025500845164606267,1.0,1.0,1.0,0.0,0.0,0.0,0.9941757691497358,0.9999593412065484,0.9909740926225401,0.005783572056812569,0.008985248584008287,-0.003201676527195718,0.0036633598306318915,0.501831679915316,0.0,0.0,0.1301988959312439,0.9935606122016907,27.47383689880371,25.5350284576416
vidstg/search/frame_freeze_5/order1/16,vidstg,search,frame_freeze_5,order1,26,0.8556473188809288,0.8521511561797561,0.086901142263651,-0.0034961627011727003,0.7652500139161051,-0.7687461766172778,1.0,1.0,0.0,0.0,0.0,0.0,0.8771258443133783,0.9378697800775698,0.9200127100315838,0.06074393576419157,0.017857070045986023,0.04288686571820555,0.13778724741177056,0.5688936237058853,0.0,0.0,0.15850608050823212,0.9888346195220947,25.65873146057129,23.9620361328125
vidstg/search/frame_freeze_5/order1/20,vidstg,search,frame_freeze_5,order1,18,0.0,0.0,0.432523014320976,0.0,-0.432523014320976,0.432523014320976,0.0,0.0,0.0,1.0,1.0,0.0,0.911715296717402,0.8950223744887382,0.713960548683449,-0.01669292222866381,0.18106182580528918,-0.197754748033953,0.04592702967102146,0.5229635148355107,0.0,0.0,0.1250775307416916,0.9934507608413696,28.792564392089844,27.160114288330078
vidstg/search/frame_freeze_5/order1/24,vidstg,search,frame_freeze_5,order1,23,0.04283696276711118,0.045530484885751864,0.0,0.0026935221186406844,0.045530484885751864,-0.04283696276711118,0.0,0.0,0.0,0.0,0.0,1.0,0.8758941650390625,0.8628952026367187,0.856689793079729,-0.012998962402343772,0.006205409556989672,-0.019204371959333444,0.25169942094481396,0.6258497104724069,0.0,0.0,0.17241747677326202,0.984678328037262,25.58800506591797,25.21100425720215
vidstg/search/frame_freeze_5/order1/28,vidstg,search,frame_freeze_5,order1,29,0.20481760007950534,0.21587650251441232,0.22392922192142323,0.011058902434906981,-0.008052719407010911,0.019111621841917892,0.0,0.0,0.0,0.0,0.0,0.0,0.96273221236099,0.9539968487707152,0.9284299258079138,-0.008735363590274825,0.025566922962801386,-0.03430228655307621,0.11652130909483704,0.5582606545474185,0.0,0.0,0.14144031703472137,0.9902358055114746,27.846607208251953,27.189151763916016
vidstg/search/frame_freeze_5/order2/0,vidstg,search,frame_freeze_5,order2,1,0.03536914362170141,0.035453090164300365,0.00434973012454441,8.394654259895329e-05,0.031103360039755956,-0.031019413497157002,0.0,0.0,0.0,0.0,0.0,0.0,0.7974097299069633,0.7893924710482639,0.8079625870188791,-0.008017258858699416,-0.018570115970615197,0.010552857111915781,0.06606639246166031,0.5330331962308301,0.0,0.0,0.12268633395433426,0.9933314323425293,29.0822696685791,27.73151397705078
vidstg/search/frame_freeze_5/order2/4,vidstg,search,frame_freeze_5,order2,10,0.3720774411882499,0.40272769691082855,0.4057364861031346,0.030650255722578623,-0.0030087891923060717,0.033659044914884695,0.0,0.0,0.0,0.0,0.0,0.0,0.923086696346599,0.9232363689316613,0.9358866486150714,0.000149672585062266,-0.012650279683410148,0.012799952268472414,0.021985340475836748,0.5109926702379183,0.0,0.0,0.12506356835365295,0.9935885071754456,29.0158634185791,27.283348083496094
vidstg/search/frame_freeze_5/order2/8,vidstg,search,frame_freeze_5,order2,15,0.24824783115541343,0.2502118354386431,0.08730233563237799,0.001964004283229681,0.16290949980626512,-0.16094549552303544,0.0,0.0,0.0,0.0,0.0,0.0,0.5051975933427636,0.49503700125324634,0.4719515255171793,-0.01016059208951725,0.023085475736067063,-0.03324606782558431,0.0495563847853199,0.52477819239266,0.0,0.0,0.11749900132417679,0.9944434762001038,26.933456420898438,25.397159576416016
vidstg/search/frame_freeze_5/order2/12,vidstg,search,frame_freeze_5,order2,30,0.40463397293131065,0.41889265209288484,0.49991465169689253,0.014258679161574195,-0.08102199960400769,0.09528067876558188,0.0,0.0,0.0,0.0,0.0,0.0,0.9595402143072407,0.9595375704019343,0.9318636191251843,-2.6439053063542772e-06,0.027673951276749986,-0.02767659518205634,0.014270818663929378,0.5071354093319647,0.0,0.0,0.12441756576299667,0.9937005639076233,27.115781784057617,25.500621795654297
vidstg/search/frame_freeze_5/order2/16,vidstg,search,frame_freeze_5,order2,11,0.7189234869661314,0.7550655694893209,0.8026869457766068,0.03614208252318951,-0.04762137628728591,0.08376345881047542,1.0,1.0,1.0,0.0,0.0,0.0,0.7189234869661314,0.7550655694893209,0.8026869457766068,0.03614208252318951,-0.04762137628728591,0.08376345881047542,0.061188311014250325,0.5305941555071253,0.0,0.0,0.13682875037193298,0.9922053217887878,27.831615447998047,26.03542137145996
vidstg/search/frame_freeze_5/order2/20,vidstg,search,frame_freeze_5,order2,19,0.5467880420581047,0.5627997367834133,0.5563137597183874,0.01601169472530861,0.006485977065025961,0.009525717660282651,1.0,1.0,1.0,0.0,0.0,0.0,0.7883765971706845,0.7658050035304428,0.7913600016252917,-0.02257159364024175,-0.025554998094848957,0.002983404454607208,0.3220037763360192,0.6610018881680096,0.0,0.0,0.08358174562454224,0.9965342879295349,27.47135353088379,27.666322708129883
vidstg/search/frame_freeze_5/order2/24,vidstg,search,frame_freeze_5,order2,3,0.49844144786733424,0.5001830210339542,0.5017309649542765,0.0017415731666199363,-0.0015479439203223144,0.0032895170869422508,0.0,1.0,1.0,0.0,0.0,0.0,0.8604006767272949,0.8607312043507894,0.8556890487670898,0.00033052762349450315,0.005042155583699581,-0.004711627960205078,0.22772495615332572,0.6138624780766628,0.0,0.0,0.09125486016273499,0.9960290193557739,27.713075637817383,27.04941177368164
vidstg/search/frame_freeze_5/order2/28,vidstg,search,frame_freeze_5,order2,6,0.03138067975446442,0.029795681687299454,0.1731585683961004,-0.0015849980671649687,-0.14336288670880093,0.14177788864163596,0.0,0.0,0.0,0.0,0.0,0.0,0.9258054968428938,0.9102089241759418,0.8661899827931026,-0.015596572666952024,0.04401894138283924,-0.05961551404979126,0.1676733830479096,0.5838366915239548,0.0,0.0,0.13963131606578827,0.9907009601593018,25.696399688720703,25.05623435974121
vidstg/search/motion_blur_5/order1/0,vidstg,search,motion_blur_5,order1,8,0.9488596965105106,0.9528550074650691,0.2631924623098129,0.0039953109545585175,0.6896625451552563,-0.6856672342006978,1.0,1.0,0.0,0.0,0.0,0.0,0.9846746765650236,0.9889100958139468,0.9857288377493217,0.004235419248923233,0.003181258064625103,0.0010541611842981302,0.026078021534552367,0.5130390107672761,0.0,0.0,0.1442808359861374,0.9926303029060364,28.006704330444336,25.607505798339844
vidstg/search/motion_blur_5/order1/4,vidstg,search,motion_blur_5,order1,7,0.0,0.0,0.0,0.0,0.0,0.0,0.0,0.0,0.0,1.0,1.0,1.0,0.30576542701228165,0.31633821455619127,0.33878307635444077,0.010572787543909612,-0.022444861798249505,0.03301764934215912,0.00686265834079674,0.5034313291703983,0.0,0.0,0.13736271858215332,0.9931113719940186,26.908950805664062,24.797714233398438
vidstg/search/motion_blur_5/order1/8,vidstg,search,motion_blur_5,order1,4,0.0,0.0,0.4281867870854304,0.0,-0.4281867870854304,0.4281867870854304,0.0,0.0,0.0,1.0,1.0,0.0,0.989367635626542,0.990490762810958,0.9696479273389658,0.001123127184416095,0.020842835471992283,-0.019719708287576188,0.03905467451724477,0.5195273372586223,0.0,0.0,0.1361793726682663,0.9924448132514954,26.408246994018555,24.64652442932129
vidstg/search/motion_blur_5/order1/12,vidstg,search,motion_blur_5,order1,24,0.8107097239257991,0.963918561580188,0.955074765173206,0.15320883765438886,0.008843796406981963,0.1443650412474069,1.0,1.0,1.0,0.0,0.0,0.0,0.9828080229226361,0.9950096851483695,0.9947145867973305,0.012201662225733378,0.0002950983510390248,0.011906563874694354,0.003637833823490465,0.5018189169117452,0.0,0.0,0.1299275904893875,0.9935600161552429,27.459318161010742,25.538721084594727
vidstg/search/motion_blur_5/order1/16,vidstg,search,motion_blur_5,order1,26,0.8674838340739429,0.8488549223557335,0.08218857998538547,-0.018628911718209462,0.766666342370348,-0.7852952540885575,1.0,1.0,0.0,0.0,0.0,0.0,0.9063036454044128,0.943180491852127,0.9152566842367517,0.03687684644771427,0.027923807615375384,0.008953038832338889,0.12880161674121754,0.5644008083706088,0.0,0.0,0.15678346157073975,0.9892407655715942,25.81694793701172,24.07337188720703
vidstg/search/motion_blur_5/order1/20,vidstg,search,motion_blur_5,order1,18,0.22922081542776257,0.22015432212684607,0.22154870170187776,-0.009066493300916495,-0.00139437957503169,-0.007672113725884805,0.0,0.0,0.0,0.0,0.0,0.0,0.8312594943576389,0.8234054000289351,0.9561916775173611,-0.007854094328703765,-0.13278627748842597,0.12493218315972221,0.049558294220824674,0.5247791471104123,0.0,0.0,0.12359477579593658,0.9934318661689758,28.855884552001953,27.33091926574707
vidstg/search/motion_blur_5/order1/24,vidstg,search,motion_blur_5,order1,23,0.04283696276711118,0.045626185340904894,0.0,0.002789222573793715,0.045626185340904894,-0.04283696276711118,0.0,0.0,0.0,0.0,0.0,1.0,0.8758941650390625,0.8631195068359375,0.84647216796875,-0.012774658203124956,0.0166473388671875,-0.029421997070312456,0.2468091952186263,0.6234045976093132,0.0,0.0,0.17265307903289795,0.9846372008323669,25.58800506591797,25.192535400390625
vidstg/search/motion_blur_5/order1/28,vidstg,search,motion_blur_5,order1,29,0.21162454883022033,0.22148560614684057,0.22401182514614953,0.009861057316620236,-0.0025262189993089657,0.012387276315929202,0.0,0.0,0.0,0.0,0.0,0.0,0.9597517581808644,0.9528082487468698,0.9325085691805409,-0.006943509433994688,0.020299679566328832,-0.02724318900032352,0.10923936017352769,0.5546196800867639,0.0,0.0,0.13918355107307434,0.9905454516410828,27.845163345336914,27.155424118041992
vidstg/search/motion_blur_5/order2/0,vidstg,search,motion_blur_5,order2,1,0.035458534836906155,0.03553428248578456,0.0371995334284465,7.57476488784034e-05,-0.0016652509426619416,0.001740998591540345,0.0,0.0,0.0,0.0,0.0,0.0,0.8013203636577368,0.791665995563087,0.7825594018316935,-0.009654368094649812,0.009106593731393553,-0.018760961826043365,0.07007959193442444,0.5350397959672123,0.0,0.0,0.12124614417552948,0.993397057056427,29.091630935668945,27.799718856811523
vidstg/search/motion_blur_5/order2/4,vidstg,search,motion_blur_5,order2,10,0.44684620194787517,0.5954255256754823,0.4514239718245771,0.14857932372760718,0.14400155385090524,0.004577769876701943,0.0,1.0,0.0,0.0,0.0,0.0,0.9337769672363251,0.9339870685154555,0.9307468935407005,0.00021010127913045906,0.003240174974755039,-0.00303007369562458,0.0233902236266577,0.5116951118133288,0.0,0.0,0.1267993152141571,0.9933803081512451,29.024747848510742,27.274669647216797
vidstg/search/motion_blur_5/order2/8,vidstg,search,motion_blur_5,order2,15,0.24824783115541343,0.25039036335611,0.09336285825455717,0.0021425322006965453,0.1570275051015528,-0.15488497290085626,0.0,0.0,0.0,0.0,0.0,0.0,0.5051975933427636,0.49619614684746893,0.48596965702112693,-0.009001446495294663,0.010226489826342,-0.019227936321636663,0.04880140146453531,0.5244007007322677,0.0,0.0,0.1176142767071724,0.9944599866867065,26.933456420898438,25.38143539428711
vidstg/search/motion_blur_5/order2/12,vidstg,search,motion_blur_5,order2,30,0.40463397293131065,0.4210079391871651,0.5680898161610486,0.016373966255854466,-0.14708187697388347,0.16345584322973794,0.0,0.0,1.0,0.0,0.0,0.0,0.9595402143072407,0.9566379143423575,0.912861816781109,-0.002902299964883226,0.04377609756124845,-0.046678397526131676,0.013685338974414223,0.5068426694872071,0.0,0.0,0.12463129311800003,0.993733286857605,27.115781784057617,25.47269058227539
vidstg/search/motion_blur_5/order2/16,vidstg,search,motion_blur_5,order2,11,0.719957814971779,0.7571009016039926,0.8382817770433649,0.03714308663221355,-0.08118087543937236,0.11832396207158591,1.0,1.0,1.0,0.0,0.0,0.0,0.719957814971779,0.7571009016039926,0.8382817770433649,0.03714308663221355,-0.08118087543937236,0.11832396207158591,0.06018481950986181,0.5300924097549309,0.0,0.0,0.13571850955486298,0.9922674298286438,27.851083755493164,26.098377227783203
vidstg/search/motion_blur_5/order2/20,vidstg,search,motion_blur_5,order2,19,0.5474629850046762,0.5490293301590053,0.5551519807393864,0.001566345154329185,-0.006122650580381084,0.007688995734710269,1.0,1.0,1.0,0.0,0.0,0.0,0.8136703350809644,0.8101438713478967,0.8435261478175246,-0.003526463733067753,-0.03338227646962788,0.029855812736560128,0.32382373863326863,0.6619118693166343,0.0,0.0,0.0835411325097084,0.9965371489524841,27.50243377685547,27.67329978942871
vidstg/search/motion_blur_5/order2/24,vidstg,search,motion_blur_5,order2,3,0.49844144786733424,0.5016641487327442,0.5056508551262183,0.0032227008654099887,-0.003986706393474093,0.007209407258884082,0.0,1.0,1.0,0.0,0.0,0.0,0.8604006767272949,0.8610639572143555,0.856793483098348,0.0006632804870605469,0.00427047411600745,-0.003607193628946903,0.2219514475307311,0.6109757237653655,0.0,0.0,0.09282401949167252,0.9959000945091248,27.713075637817383,27.01285743713379
vidstg/search/motion_blur_5/order2/28,vidstg,search,motion_blur_5,order2,6,0.036481068353923216,0.032416022736844116,0.16351893865945835,-0.004065045617079099,-0.13110291592261425,0.12703787030553515,0.0,0.0,0.0,0.0,0.0,0.0,0.9278474050025417,0.9125767537992294,0.8778815073509739,-0.01527065120331228,0.0346952464482555,-0.04996589765156778,0.16947105485534983,0.584735527427675,0.0,0.0,0.13919788599014282,0.9907081723213196,25.821256637573242,25.21261978149414
vidstg/search/occlusion_5/order1/0,vidstg,search,occlusion_5,order1,8,0.9447146537976387,0.9546398480733236,0.25670944727384126,0.009925194275684834,0.6979304007994823,-0.6880052065237975,1.0,1.0,0.0,0.0,0.0,0.0,0.9806063840022454,0.9847072313993405,0.9883330508939244,0.004100847397095042,-0.0036258194945839595,0.0077266668916790016,0.025615739749372056,0.512807869874686,0.0,0.0,0.14478497207164764,0.9926030039787292,27.958831787109375,25.54454803466797
vidstg/search/occlusion_5/order1/4,vidstg,search,occlusion_5,order1,7,0.0,0.0,0.0,0.0,0.0,0.0,0.0,0.0,0.0,1.0,1.0,1.0,0.3058467800527736,0.31639387975896066,0.334755844604676,0.010547099706187057,-0.01836196484571534,0.028909064551902397,0.006748250643209013,0.5033741253216045,0.0,0.0,0.13708455860614777,0.9931188821792603,26.740684509277344,24.65371322631836
vidstg/search/occlusion_5/order1/8,vidstg,search,occlusion_5,order1,4,0.0,0.0,0.428135159622545,0.0,-0.428135159622545,0.428135159622545,0.0,0.0,0.0,1.0,1.0,0.0,0.989367635626542,0.9901881970857319,0.9631594380002934,0.0008205614591899613,0.02702875908543856,-0.026208197626248597,0.03877913250249038,0.5193895662512452,0.0,0.0,0.13616925477981567,0.9924561381340027,26.408246994018555,24.639780044555664
vidstg/search/occlusion_5/order1/12,vidstg,search,occlusion_5,order1,24,0.9759540684639698,0.9773714732099679,0.9640481037076986,0.001417404745998052,0.013323369502269311,-0.011905964756271259,1.0,1.0,1.0,0.0,0.0,0.0,0.9952497304207674,0.9983851718089661,0.9840712477792456,0.0031354413881987675,0.014313924029720537,-0.01117848264152177,0.0037002528264783166,0.5018501264132391,0.0,0.0,0.1298622488975525,0.9935789704322815,27.474384307861328,25.54732322692871
vidstg/search/occlusion_5/order1/16,vidstg,search,occlusion_5,order1,26,0.8846703237472411,0.8603835695279695,0.818253890779992,-0.024286754219271622,0.04212967874797746,-0.06641643296724908,1.0,1.0,1.0,0.0,0.0,0.0,0.95459282199419,0.9021723346560785,0.9209872079137807,-0.052420487338111554,-0.018814873257702258,-0.033605614080409296,0.1366259168195311,0.5683129584097656,0.0,0.0,0.1574592888355255,0.9890225529670715,25.643217086791992,23.950910568237305
vidstg/search/occlusion_5/order1/20,vidstg,search,occlusion_5,order1,18,0.06433399711993217,0.08565358296282616,0.12831025410682328,0.021319585842893993,-0.04265667114399713,0.06397625698689112,0.0,0.0,0.0,0.0,0.0,0.0,0.9313456745942497,0.9270658302589159,0.8863075115946905,-0.004279844335333793,0.04075831866422541,-0.045038162999559206,0.02560623788931501,0.5128031189446575,0.0,0.0,0.12951570749282837,0.9935656189918518,28.75347137451172,26.77707290649414
vidstg/search/occlusion_5/order1/24,vidstg,search,occlusion_5,order1,23,0.04283696276711118,0.045535239254119356,0.0,0.0026982764870081763,0.045535239254119356,-0.04283696276711118,0.0,0.0,0.0,0.0,0.0,1.0,0.8758941650390625,0.8629135131835938,0.8176920895945563,-0.012980651855468706,0.04522142358903747,-0.058202075444506174,0.2518677533440949,0.6259338766720474,0.0,0.0,0.17233943939208984,0.9846931099891663,25.58800506591797,25.21274185180664
vidstg/search/occlusion_5/order1/28,vidstg,search,occlusion_5,order1,29,0.2114514899346567,0.22111515090396178,0.22406429624026553,0.009663660969305071,-0.002949145336303749,0.01261280630560882,0.0,0.0,0.0,0.0,0.0,0.0,0.9627242726845756,0.9538280470309861,0.9576044002328952,-0.008896225653589496,-0.003776353201909055,-0.005119872451680441,0.11635213335924717,0.5581760666796236,0.0,0.0,0.14043204486370087,0.9904429316520691,27.829322814941406,27.13045883178711
vidstg/search/occlusion_5/order2/0,vidstg,search,occlusion_5,order2,1,0.03524438886099212,0.0354601962678167,0.03686851639325817,0.00021580740682457938,-0.0014083201254414743,0.0016241275322660537,0.0,0.0,0.0,0.0,0.0,0.0,0.8000921844150938,0.7883096706555361,0.744916472006646,-0.011782513759557633,0.04339319864889013,-0.055175712408447763,0.08745726044746749,0.5437286302237337,0.0,0.0,0.12086188048124313,0.9933332800865173,28.966171264648438,27.766071319580078
vidstg/search/occlusion_5/order2/4,vidstg,search,occlusion_5,order2,10,0.42677145512528014,0.5854276890081923,0.4213202269274989,0.15865623388291217,0.16410746208069343,-0.005451228197781266,0.0,1.0,0.0,0.0,0.0,0.0,0.9254994648714362,0.9287495174582,0.9222700463965777,0.0032500525867638075,0.006479471061622277,-0.0032294184748584698,0.022016142702799155,0.5110080713513996,0.0,0.0,0.12644363939762115,0.9934976696968079,29.003190994262695,27.22144889831543
vidstg/search/occlusion_5/order2/8,vidstg,search,occlusion_5,order2,15,0.24824783115541343,0.2504754149385275,0.09981865450208048,0.002227583783114051,0.150656760436447,-0.14842917665333294,0.0,0.0,0.0,0.0,0.0,0.0,0.5051975933427636,0.49601121737112613,0.4902767653710614,-0.009186375971637462,0.005734452000064727,-0.014920827971702189,0.04834962706367955,0.5241748135318398,0.0,0.0,0.1177557185292244,0.9944778680801392,26.933456420898438,25.36404800415039
vidstg/search/occlusion_5/order2/12,vidstg,search,occlusion_5,order2,30,0.40463397293131065,0.4192409838857819,0.5160972645169117,0.014607010954471256,-0.09685628063112983,0.11146329158560109,0.0,0.0,1.0,0.0,0.0,0.0,0.9595402143072407,0.9596057674061443,0.9267116626719795,6.555309890365901e-05,0.032894104734164875,-0.032828551635261216,0.014245634397310117,0.507122817198655,0.0,0.0,0.12455391883850098,0.9936827421188354,27.115781784057617,25.501800537109375
vidstg/search/occlusion_5/order2/16,vidstg,search,occlusion_5,order2,11,0.7200234382629643,0.7537815340836479,0.8299011138063587,0.033758095820683565,-0.07611957972271077,0.10987767554339434,1.0,1.0,1.0,0.0,0.0,0.0,0.7200234382629643,0.7537815340836479,0.8299011138063587,0.033758095820683565,-0.07611957972271077,0.10987767554339434,0.05841989860397157,0.5292099493019858,0.0,0.0,0.13334529101848602,0.9924670457839966,27.806543350219727,26.122182846069336
vidstg/search/occlusion_5/order2/20,vidstg,search,occlusion_5,order2,19,0.5473447784205366,0.5625654880248421,0.5524400612797995,0.015220709604305438,0.010125426745042576,0.005095282859262862,1.0,1.0,1.0,0.0,0.0,0.0,0.8429642546454769,0.8067277341366592,0.8509069528502439,-0.03623652050881765,-0.044179218713584656,0.007942698204767007,0.31212001151353597,0.656060005756768,0.0,0.0,0.08452911674976349,0.9964515566825867,27.375356674194336,27.52650260925293
vidstg/search/occlusion_5/order2/24,vidstg,search,occlusion_5,order2,3,0.49844144786733424,0.5027342925249602,0.5043213739527612,0.004292844657625916,-0.0015870814278010625,0.005879926085426979,0.0,1.0,1.0,0.0,0.0,0.0,0.8604006767272949,0.8613262971242269,0.8512693246205648,0.0009256203969320032,0.01005697250366211,-0.009131352106730106,0.21911839433179203,0.609559197165896,0.0,0.0,0.09324799478054047,0.9958598017692566,27.713075637817383,27.00986099243164
vidstg/search/occlusion_5/order2/28,vidstg,search,occlusion_5,order2,6,0.0321680853559976,0.02971103846655461,0.4669548600987133,-0.002457046889442989,-0.4372438216321587,0.4347867747427157,0.0,0.0,0.0,0.0,0.0,0.0,0.9267877030046019,0.9109897352244756,0.8924291950382598,-0.01579796778012632,0.01856054018621578,-0.0343585079663421,0.1806018889181463,0.5903009444590732,0.0,0.0,0.13953645527362823,0.9906217455863953,25.691347122192383,25.143312454223633
vidstg/search/exposure_5/order1/0,vidstg,search,exposure_5,order1,8,0.9605891331648215,0.9627514454034659,0.26394986678392457,0.0021623122386443816,0.6988015786195414,-0.6966392663808969,1.0,1.0,0.0,0.0,0.0,0.0,0.9782264087444696,0.9822699351188464,0.9885450977545518,0.004043526374376771,-0.006275162635705378,0.01031868901008215,0.026276901500123066,0.5131384507500616,0.0,0.0,0.14471879601478577,0.9926256537437439,27.973724365234375,25.554067611694336
vidstg/search/exposure_5/order1/4,vidstg,search,exposure_5,order1,7,0.0,0.0,0.0,0.0,0.0,0.0,0.0,0.0,0.0,1.0,1.0,1.0,0.3056802448805351,0.3162924648792321,0.32941060352524765,0.010612219998697048,-0.01311813864601552,0.023730358644712568,0.006656063008365017,0.5033280315041825,0.0,0.0,0.13776414096355438,0.9930818676948547,26.803218841552734,24.68817138671875
vidstg/search/exposure_5/order1/8,vidstg,search,exposure_5,order1,4,0.0,0.0,0.42321778230782686,0.0,-0.42321778230782686,0.42321778230782686,0.0,0.0,0.0,1.0,1.0,0.0,0.989367635626542,0.9898995851215563,0.9546925800315559,0.0005319494950143389,0.03520700509000041,-0.03467505559498607,0.03575028739745239,0.5178751436987261,0.0,0.0,0.13543231785297394,0.9925816655158997,26.408246994018555,24.628076553344727
vidstg/search/exposure_5/order1/12,vidstg,search,exposure_5,order1,24,0.9822808209728343,0.9813283664679854,0.9642629141076776,-0.0009524545048489319,0.017065452360307765,-0.018017906865156696,1.0,1.0,1.0,0.0,0.0,0.0,0.997577633871629,0.9953027978740163,0.9828080229226361,-0.0022748359976126897,0.012494774951380183,-0.014769610948992873,0.0036054400928346776,0.5018027200464173,0.0,0.0,0.13009686768054962,0.9935488700866699,27.471271514892578,25.54283332824707
vidstg/search/exposure_5/order1/16,vidstg,search,exposure_5,order1,26,0.8598301337902723,0.8511270832874424,0.08570691631875955,-0.008703050502829934,0.7654201669686828,-0.7741232174715127,1.0,1.0,0.0,0.0,0.0,0.0,0.9567189074477283,0.9131155662472012,0.9216315274746036,-0.043603341200527,-0.008515961227402391,-0.03508737997312461,0.1340570911546905,0.5670285455773453,0.0,0.0,0.15778501331806183,0.9890111088752747,25.66629981994629,23.95259666442871
vidstg/search/exposure_5/order1/20,vidstg,search,exposure_5,order1,18,0.1018676387082593,0.05750658172439959,0.5336146766126169,-0.044361056983859705,-0.47610809488821726,0.43174703790435753,0.0,0.0,1.0,0.0,0.0,0.0,0.9267413682222689,0.9108470411728926,0.7976187840131397,-0.015894327049376322,0.11322825715975293,-0.12912258420912925,0.03762607539043324,0.5188130376952167,0.0,0.0,0.12777388095855713,0.9933804273605347,28.763280868530273,26.996967315673828
vidstg/search/exposure_5/order1/24,vidstg,search,exposure_5,order1,23,0.04283696276711118,0.04546861611091842,0.0,0.0026316533438072373,0.04546861611091842,-0.04283696276711118,0.0,0.0,0.0,0.0,0.0,1.0,0.8758941650390625,0.877099609375,0.8321805055880469,0.0012054443359375,0.044919103786953074,-0.043713659451015574,0.25271627745414244,0.6263581387270712,0.0,0.0,0.17262394726276398,0.9846394658088684,25.58800506591797,25.218721389770508
vidstg/search/exposure_5/order1/28,vidstg,search,exposure_5,order1,29,0.2059492947053855,0.2156813900012945,0.22408036867063824,0.009732095295908988,-0.008398978669343748,0.018131073965252736,0.0,0.0,0.0,0.0,0.0,0.0,0.9625036020931098,0.9535890883680709,0.9496543285382892,-0.00891451372503893,0.003934759829781642,-0.012849273554820573,0.12097999784562213,0.560489998922811,0.0,0.0,0.14163386821746826,0.9901565313339233,27.841047286987305,27.23282241821289
vidstg/search/exposure_5/order2/0,vidstg,search,exposure_5,order2,1,0.03551009042888672,0.03568795054753563,0.0066964732043396855,0.00017786011864891205,0.028991477343195945,-0.028813617224547033,0.0,0.0,0.0,0.0,0.0,0.0,0.7969419020266854,0.7881569852671236,0.8048160313760773,-0.008784916759561723,-0.016659046108953635,0.007874129349391912,0.07139755215821339,0.5356987760791067,0.0,0.0,0.12056340277194977,0.993427038192749,29.077394485473633,27.82136344909668
vidstg/search/exposure_5/order2/4,vidstg,search,exposure_5,order2,10,0.3603939433129945,0.38881884287018004,0.36322169135040716,0.028424899557185523,0.025597151519772876,0.0028277480374126474,0.0,0.0,0.0,0.0,0.0,0.0,0.9243775614161515,0.9251393422608036,0.9387852705835439,0.0007617808446521712,-0.013645928322740253,0.014407709167392424,0.021464432033703587,0.5107322160168518,0.0,0.0,0.1248021051287651,0.9936458468437195,29.078662872314453,27.329986572265625
vidstg/search/exposure_5/order2/8,vidstg,search,exposure_5,order2,15,0.24824783115541343,0.2504214285978694,0.08981234392114286,0.002173597442455988,0.16060908467672658,-0.1584354872342706,0.0,0.0,0.0,0.0,0.0,0.0,0.5051975933427636,0.49603121508459186,0.46906959620441274,-0.009166378258171737,0.026961618880179117,-0.036127997138350854,0.04824274617559899,0.5241213730877995,0.0,0.0,0.11773330718278885,0.9944789409637451,26.933456420898438,25.36479377746582
vidstg/search/exposure_5/order2/12,vidstg,search,exposure_5,order2,30,0.40463397293131065,0.4210303364664884,0.565948534471869,0.01639636353517776,-0.14491819800538058,0.16131456154055834,0.0,0.0,1.0,0.0,0.0,0.0,0.9595402143072407,0.9567286210792659,0.9151217340466611,-0.0028115932279747513,0.041606887032604845,-0.044418480260579596,0.013518239306366676,0.5067591196531833,0.0,0.0,0.12463493645191193,0.9937382936477661,27.115781784057617,25.470083236694336
vidstg/search/exposure_5/order2/16,vidstg,search,exposure_5,order2,11,0.7196907578774745,0.7546804147630535,0.8085835968487818,0.03498965688557898,-0.05390318208572831,0.08889283897130729,1.0,1.0,1.0,0.0,0.0,0.0,0.7196907578774745,0.7546804147630535,0.8085835968487818,0.03498965688557898,-0.05390318208572831,0.08889283897130729,0.052631300754215904,0.5263156503771079,0.0,0.0,0.13376864790916443,0.9924246072769165,27.88290023803711,26.180267333984375
vidstg/search/exposure_5/order2/20,vidstg,search,exposure_5,order2,19,0.548404290290413,0.5663603081447686,0.5495702281005933,0.01795601785435552,0.01679008004417526,0.001165937810180262,1.0,1.0,1.0,0.0,0.0,0.0,0.7953185403765737,0.7696548153252608,0.8272004795928269,-0.02566372505131287,-0.05754566426756613,0.03188193921625326,0.31871788302506104,0.6593589415125306,0.0,0.0,0.08389285206794739,0.9965050220489502,27.444242477416992,27.619121551513672
vidstg/search/exposure_5/order2/24,vidstg,search,exposure_5,order2,3,0.49844144786733424,0.4983201260497253,0.4962397959037169,-0.00012132181760893257,0.002080330146008391,-0.0022016519636173237,0.0,0.0,0.0,0.0,0.0,0.0,0.8604006767272949,0.8604580561319987,0.8520692984263102,5.7379404703739034e-05,0.008388757705688477,-0.008331378300984738,0.24000581886658076,0.6200029094332903,0.0,0.0,0.08684977889060974,0.9964112639427185,27.713075637817383,27.133827209472656
vidstg/search/exposure_5/order2/28,vidstg,search,exposure_5,order2,6,0.03038499200102431,0.028465456623742922,0.45457317573602907,-0.0019195353772813867,-0.4261077191122861,0.4241881837350048,0.0,0.0,0.0,0.0,0.0,0.0,0.9259907970689747,0.9098818008213827,0.8748233742909889,-0.01610899624759199,0.035058426530393816,-0.051167422777985805,0.18891169981775113,0.5944558499088756,0.0,0.0,0.13938231766223907,0.9905917644500732,25.68492317199707,25.1953067779541
vidstg/confirm/clean/order1/0,vidstg,confirm,clean,order1,38,0.0,0.0,0.0,0.0,0.0,0.0,0.0,0.0,0.0,1.0,1.0,1.0,0.9507234042452816,0.9602427824203361,0.9800130952664508,0.00951937817505455,-0.019770312846114635,0.029289691021169184,0.07562595170375239,0.5378129758518762,0.0,0.0,0.14117936789989471,0.9906662106513977,25.03792381286621,23.887874603271484
vidstg/confirm/clean/order1/4,vidstg,confirm,clean,order1,34,0.38280902149613916,0.3850536109058063,0.3402203679750486,0.0022445894096671526,0.04483324293075769,-0.042588653521090536,0.0,0.0,0.0,0.0,0.0,0.0,0.864244061569777,0.867973516744206,0.8276745177515956,0.0037294551744290194,0.04029899899261036,-0.03656954381818134,0.25919586066346323,0.6295979303317317,0.0,0.0,0.1354694962501526,0.9908027052879333,26.0489501953125,25.52450180053711
vidstg/confirm/clean/order1/8,vidstg,confirm,clean,order1,36,0.0,0.0,0.0,0.0,0.0,0.0,0.0,0.0,0.0,1.0,1.0,1.0,0.8224553072051634,0.7964867386343457,0.8400565597661034,-0.02596856857081764,-0.04356982113175767,0.01760125256094003,0.2369713765039948,0.6184856882519975,0.0,0.0,0.12520535290241241,0.9925935864448547,27.793603897094727,26.7175350189209
vidstg/confirm/clean/order1/12,vidstg,confirm,clean,order1,41,0.7469983274637446,0.7534546176431632,0.7561352532884853,0.006456290179418622,-0.0026806356453220603,0.009136925824740683,1.0,1.0,1.0,0.0,0.0,0.0,1.0,1.0,1.0,0.0,0.0,0.0,0.04070130082994026,0.5203506504149702,0.0,0.0,0.1398928016424179,0.9912672638893127,25.433984756469727,24.016483306884766
vidstg/confirm/clean/order2/0,vidstg,confirm,clean,order2,45,0.07810320781032078,0.0807697877414445,0.07746527455175604,0.002666579931123722,0.0033045131896884544,-0.0006379332585647324,0.0,0.0,0.0,0.0,0.0,0.0,0.9751913983907018,0.9634451796965939,0.9305942186287471,-0.011746218694107857,0.032850961067846796,-0.04459717976195465,0.40408556202603085,0.7020427810130154,0.0,0.0,0.08731166273355484,0.9960907697677612,26.20475959777832,26.258140563964844
vidstg/confirm/clean/order2/4,vidstg,confirm,clean,order2,33,0.04842105263157895,0.048440422825327976,0.04925988181834968,1.937019374902843e-05,-0.0008194589930217017,0.0008388291867707301,0.0,0.0,0.0,0.0,0.0,0.0,0.3546199369727882,0.3476873672092131,0.3487596391273605,-0.006932569763575092,-0.001072271918147405,-0.005860297845427687,0.09923587786990931,0.5496179389349546,0.0,0.0,0.16962261497974396,0.9877484440803528,29.307188034057617,27.01649284362793
vidstg/confirm/clean/order2/8,vidstg,confirm,clean,order2,40,0.7061847073770644,0.7105395736084884,0.7935115086828263,0.004354866231424004,-0.08297193507433787,0.08732680130576187,1.0,1.0,1.0,0.0,0.0,0.0,0.7872674678635756,0.7922336873938006,0.8025541273383001,0.0049662195302250245,-0.010320439944499493,0.015286659474724518,0.09452360709018094,0.5472618035450905,0.0,0.0,0.13872848451137543,0.9913390874862671,27.1644229888916,25.890277862548828
vidstg/confirm/clean/order2/12,vidstg,confirm,clean,order2,37,0.4689739463992713,0.46036972077391486,0.4399256637699071,-0.008604225625356454,0.020444057004007754,-0.029048282629364208,0.0,0.0,0.0,0.0,0.0,0.0,0.8684938844746005,0.8571384319529783,0.9684191014800558,-0.011355452521622178,-0.11128066952707749,0.09992521700545531,0.022509143435434895,0.5112545717177175,0.0,0.0,0.13411571085453033,0.9935585260391235,28.78114891052246,26.536340713500977
vidstg/confirm/frame_drop_5/order1/0,vidstg,confirm,frame_drop_5,order1,38,0.0,0.0,0.0,0.0,0.0,0.0,0.0,0.0,0.0,1.0,1.0,1.0,0.9171662063723613,0.9247737317283775,0.9844894205523925,0.007607525356016165,-0.05971568882401501,0.06732321418003118,0.07886887028559762,0.5394344351427988,0.0,0.0,0.13967306911945343,0.9907748699188232,25.195838928222656,24.06303596496582
vidstg/confirm/frame_drop_5/order1/4,vidstg,confirm,frame_drop_5,order1,34,0.3689930299770228,0.3774848311146332,0.34655159236547495,0.008491801137610389,0.030933238749158265,-0.022441437611547876,0.0,0.0,0.0,0.0,0.0,0.0,0.812401710976432,0.8099663832311648,0.8516242218884884,-0.002435327745267224,-0.04165783865732364,0.03922251091205642,0.2501878636738243,0.6250939318369122,0.0,0.0,0.13027788698673248,0.9913391470909119,26.158756256103516,25.62086296081543
vidstg/confirm/frame_drop_5/order1/8,vidstg,confirm,frame_drop_5,order1,36,0.006608570821245626,0.020158412240616323,0.0,0.013549841419370698,0.020158412240616323,-0.006608570821245626,0.0,0.0,0.0,0.0,0.0,1.0,0.7311042541919849,0.7052860561343507,0.7000429033019241,-0.02581819805763419,0.005243152832426601,-0.03106135089006079,0.23653147561013987,0.6182657378050699,0.0,0.0,0.12105149030685425,0.9929395318031311,27.785526275634766,26.733980178833008
vidstg/confirm/frame_drop_5/order1/12,vidstg,confirm,frame_drop_5,order1,41,0.7094496445134584,0.7184038973047666,0.7343968534276553,0.008954252791308237,-0.015992956122888646,0.024947208914196883,1.0,1.0,1.0,0.0,0.0,0.0,1.0,1.0,1.0,0.0,0.0,0.0,0.04042209149767225,0.520211045748836,0.0,0.0,0.1365480124950409,0.9916057586669922,25.58376693725586,24.187801361083984
vidstg/confirm/frame_drop_5/order2/0,vidstg,confirm,frame_drop_5,order2,45,0.07810320781032078,0.07810320781032078,0.07810320781032078,0.0,0.0,0.0,0.0,0.0,0.0,0.0,0.0,0.0,0.9659177703516824,0.9571987486311367,0.9327966118497508,-0.008719021720545617,0.02440213678138592,-0.033121158501931536,0.40063031583867265,0.7003151579193363,0.0,0.0,0.08534055203199387,0.9962453842163086,26.31153106689453,26.32105827331543
vidstg/confirm/frame_drop_5/order2/4,vidstg,confirm,frame_drop_5,order2,33,0.04842105263157895,0.04844053179536564,0.04851168868439455,1.947916378669534e-05,-7.115688902890882e-05,9.063605281560416e-05,0.0,0.0,0.0,0.0,0.0,0.0,0.3546199369727882,0.34772129478273184,0.34883881853844967,-0.00689864219005637,-0.0011175237557178308,-0.005781118434338539,0.0992960630790915,0.5496480315395457,0.0,0.0,0.1695767045021057,0.9877564311027527,29.307188034057617,27.01670265197754
vidstg/confirm/frame_drop_5/order2/8,vidstg,confirm,frame_drop_5,order2,40,0.7061847073770644,0.7105228707573923,0.7827935112614353,0.004338163380327886,-0.07227064050404297,0.07660880388437086,1.0,1.0,1.0,0.0,0.0,0.0,0.7872674678635756,0.792325253914565,0.8048972762963912,0.005057786050989388,-0.012572022381826198,0.017629808432815586,0.09465499712675833,0.5473274985633791,0.0,0.0,0.1387403905391693,0.9913356304168701,27.1644229888916,25.891742706298828
vidstg/confirm/frame_drop_5/order2/12,vidstg,confirm,frame_drop_5,order2,37,0.46852009060385175,0.4599552901946532,0.4375951713280899,-0.008564800409198547,0.022360118866563305,-0.030924919275761853,0.0,0.0,0.0,0.0,0.0,0.0,0.8684103986949034,0.859251581703613,0.9682635967958192,-0.009158816991290397,-0.10901201509220615,0.09985319810091575,0.023351245328594217,0.5116756226642971,0.0,0.0,0.13167358934879303,0.9936625361442566,28.655324935913086,26.497573852539062
vidstg/confirm/frame_freeze_5/order1/0,vidstg,confirm,frame_freeze_5,order1,38,0.0,0.0,0.0,0.0,0.0,0.0,0.0,0.0,0.0,1.0,1.0,1.0,0.9453461662006349,0.9622011290476505,0.9511865039577665,0.016854962847015598,0.011014625089884045,0.005840337757131553,0.07826426879712016,0.53913213439856,0.0,0.0,0.14178065955638885,0.9905683398246765,25.027406692504883,23.883718490600586
vidstg/confirm/frame_freeze_5/order1/4,vidstg,confirm,frame_freeze_5,order1,34,0.4082748828266883,0.4047361968345957,0.3693089272437849,-0.0035386859920925606,0.03542726959081083,-0.03896595558290339,0.0,0.0,0.0,0.0,0.0,0.0,0.8562017666416134,0.860310396174037,0.8298940758496892,0.0041086295324236355,0.030416320324347823,-0.026307690791924188,0.25971067922708746,0.6298553396135437,0.0,0.0,0.13581012189388275,0.9907473921775818,26.06229591369629,25.555830001831055
vidstg/confirm/frame_freeze_5/order1/8,vidstg,confirm,frame_freeze_5,order1,36,0.0,0.0,0.0,0.0,0.0,0.0,0.0,0.0,0.0,1.0,1.0,1.0,0.8245318475766683,0.7939946030754041,0.8456367971325394,-0.03053724450126416,-0.051642194057135216,0.021104949555871055,0.2320034017995487,0.6160017008997744,0.0,0.0,0.12417341023683548,0.9927193522453308,27.779611587524414,26.702064514160156
vidstg/confirm/frame_freeze_5/order1/12,vidstg,confirm,frame_freeze_5,order1,41,0.7441444705855026,0.7508099822380282,0.4324143135595901,0.006665511652525602,0.3183956686784381,-0.3117301570259125,1.0,1.0,0.0,0.0,0.0,0.0,1.0,1.0,1.0,0.0,0.0,0.0,0.04101854856473107,0.5205092742823655,0.0,0.0,0.1400076150894165,0.9912710189819336,25.43167495727539,24.00304412841797
vidstg/confirm/frame_freeze_5/order2/0,vidstg,confirm,frame_freeze_5,order2,45,0.07810320781032078,0.08075443945045326,0.0773578788279822,0.0026512316401324787,0.0033965606224710537,-0.000745328982338575,0.0,0.0,0.0,0.0,0.0,0.0,0.9743555725685188,0.9628566476915564,0.9309059780623231,-0.011498924876962358,0.03195066962923332,-0.04344959450619568,0.4044522690498236,0.7022261345249119,0.0,0.0,0.08688905835151672,0.9961316585540771,26.206764221191406,26.26511573791504
vidstg/confirm/frame_freeze_5/order2/4,vidstg,confirm,frame_freeze_5,order2,33,0.04842105263157895,0.04844036756213909,0.04927116847986461,1.9314930560142274e-05,-0.0008308009177255202,0.0008501158482856624,0.0,0.0,0.0,0.0,0.0,0.0,0.3546199369727882,0.34772033220712145,0.34872704154107975,-0.006899604765666756,-0.0010067093339583,-0.005892895431708456,0.09925026684712167,0.5496251334235608,0.0,0.0,0.16961434483528137,0.9877499938011169,29.307188034057617,27.016460418701172
vidstg/confirm/frame_freeze_5/order2/8,vidstg,confirm,frame_freeze_5,order2,40,0.7061847073770644,0.7105211429210639,0.7893488819648093,0.0043364355439995395,-0.0788277390437454,0.08316417458774494,1.0,1.0,1.0,0.0,0.0,0.0,0.7872674678635756,0.7923265138082517,0.8034589624029412,0.005059045944676099,-0.011132448594689537,0.016191494539365636,0.09456465294841572,0.5472823264742078,0.0,0.0,0.13872955739498138,0.9913387894630432,27.1644229888916,25.890552520751953
vidstg/confirm/frame_freeze_5/order2/12,vidstg,confirm,frame_freeze_5,order2,37,0.4686765195081592,0.46015398841788563,0.4382810815372294,-0.008522531090273566,0.02187290688065624,-0.030395437970929806,0.0,0.0,0.0,0.0,0.0,0.0,0.8685925334634829,0.857260633151199,0.9667293675509273,-0.011331900312283816,-0.10946873439972826,0.09813683408744445,0.023133185214166987,0.5115665926070835,0.0,0.0,0.1342272311449051,0.9935235381126404,28.733383178710938,26.499601364135742
vidstg/confirm/motion_blur_5/order1/0,vidstg,confirm,motion_blur_5,order1,38,0.0,0.0,0.0,0.0,0.0,0.0,0.0,0.0,0.0,1.0,1.0,1.0,0.9941041978740088,0.992798844004065,0.965775583666853,-0.0013053538699437928,0.02702326033721203,-0.028328614207155822,0.07893368587141623,0.5394668429357081,0.0,0.0,0.14130912721157074,0.9906710386276245,25.200279235839844,24.029186248779297
vidstg/confirm/motion_blur_5/order1/4,vidstg,confirm,motion_blur_5,order1,34,0.3820106173874506,0.3867997207267354,0.35282254537328034,0.004789103339284784,0.03397717535345507,-0.029188072014170285,0.0,0.0,0.0,0.0,0.0,0.0,0.8593565963643769,0.8684035763614274,0.8271984892199319,0.009046979997050508,0.04120508714149551,-0.032158107144445,0.25860835166765267,0.6293041758338263,0.0,0.0,0.1331213414669037,0.9910925030708313,26.185819625854492,25.662830352783203
vidstg/confirm/motion_blur_5/order1/8,vidstg,confirm,motion_blur_5,order1,36,0.0,0.0,0.0,0.0,0.0,0.0,0.0,0.0,0.0,1.0,1.0,1.0,0.7517673600831265,0.7101754729549433,0.7513390914096288,-0.04159188712818318,-0.041163618454685524,-0.00042826867349765596,0.23711390280210426,0.6185569514010522,0.0,0.0,0.12471889704465866,0.9926328659057617,27.774675369262695,26.717222213745117
vidstg/confirm/motion_blur_5/order1/12,vidstg,confirm,motion_blur_5,order1,41,0.741080990687073,0.7498484468653135,0.7789822628623561,0.008767456178240485,-0.029133815997042567,0.03790127217528305,1.0,1.0,1.0,0.0,0.0,0.0,1.0,1.0,1.0,0.0,0.0,0.0,0.04099296143487238,0.5204964807174363,0.0,0.0,0.1390627920627594,0.9913479089736938,25.543142318725586,24.13759994506836
vidstg/confirm/motion_blur_5/order2/0,vidstg,confirm,motion_blur_5,order2,45,0.07810320781032078,0.07810320781032078,0.077538025803147,0.0,0.0005651820071737729,-0.0005651820071737729,0.0,0.0,0.0,0.0,0.0,0.0,0.9765540079346725,0.9650277506027903,0.9341662941234452,-0.011526257331882173,0.03086145647934513,-0.0423877138112273,0.4061492403369022,0.7030746201684509,0.0,0.0,0.08656294643878937,0.9961528778076172,26.250690460205078,26.28774642944336
vidstg/confirm/motion_blur_5/order2/4,vidstg,confirm,motion_blur_5,order2,33,0.04842105263157895,0.04844041348506184,0.04925988181834968,1.9360853482891516e-05,-0.0008194683332878386,0.0008388291867707301,0.0,0.0,0.0,0.0,0.0,0.0,0.3546199369727882,0.3477211343530934,0.3487596391273605,-0.006898802619694833,-0.001038504774267146,-0.005860297845427687,0.09922857011479788,0.549614285057399,0.0,0.0,0.16962069272994995,0.9877489805221558,29.307188034057617,27.016380310058594
vidstg/confirm/motion_blur_5/order2/8,vidstg,confirm,motion_blur_5,order2,40,0.7061847073770644,0.7105433174587091,0.7892127806810318,0.0043586100816447315,-0.07866946322232271,0.08302807330396744,1.0,1.0,1.0,0.0,0.0,0.0,0.7872674678635756,0.7921952762212016,0.8034471790932731,0.004927808357625962,-0.011251902872071562,0.016179711229697524,0.0945886511059118,0.5472943255529559,0.0,0.0,0.13871461153030396,0.991340696811676,27.1644229888916,25.890655517578125
vidstg/confirm/motion_blur_5/order2/12,vidstg,confirm,motion_blur_5,order2,37,0.4677923944995321,0.45941487483725624,0.4376368868458894,-0.008377519662275845,0.02177798799136682,-0.030155507653642666,0.0,0.0,0.0,0.0,0.0,0.0,0.8692047184210315,0.8589316147735561,0.9690856763062823,-0.010273103647475468,-0.11015406153272622,0.09988095788525075,0.02374007491534262,0.5118700374576713,0.0,0.0,0.13470891118049622,0.9933686852455139,28.693490982055664,26.499164581298828
vidstg/confirm/occlusion_5/order1/0,vidstg,confirm,occlusion_5,order1,38,0.0,0.0,0.0,0.0,0.0,0.0,0.0,0.0,0.0,1.0,1.0,1.0,0.9500232479436611,0.9610306976404822,0.958721217887726,0.011007449696821103,0.002309479752756194,0.00869796994406491,0.08808492004060196,0.5440424600203009,0.0,0.0,0.14237186312675476,0.9904229044914246,25.01876449584961,23.931570053100586
vidstg/confirm/occlusion_5/order1/4,vidstg,confirm,occlusion_5,order1,34,0.376082605632638,0.3797261826863972,0.3491536216661905,0.0036435770537591727,0.030572561020206668,-0.026928983966447495,0.0,0.0,0.0,0.0,0.0,0.0,0.8557972901452635,0.8639614621969557,0.8323110897416337,0.008164172051692176,0.031650372455321985,-0.02348620040362981,0.2530910355262902,0.6265455177631452,0.0,0.0,0.1353231519460678,0.990837037563324,26.056089401245117,25.512250900268555
vidstg/confirm/occlusion_5/order1/8,vidstg,confirm,occlusion_5,order1,36,0.0,0.0,0.0,0.0,0.0,0.0,0.0,0.0,0.0,1.0,1.0,1.0,0.8491530193035975,0.792491842178621,0.862224098513337,-0.056661177124976536,-0.06973225633471603,0.013071079209739489,0.2381561657362238,0.6190780828681118,0.0,0.0,0.12531313300132751,0.9925770163536072,27.769699096679688,26.69862937927246
vidstg/confirm/occlusion_5/order1/12,vidstg,confirm,occlusion_5,order1,41,0.7424089841031836,0.7519570014737396,0.7727671171489515,0.009548017370555995,-0.02081011567521196,0.030358133045767954,1.0,1.0,1.0,0.0,0.0,0.0,1.0,1.0,1.0,0.0,0.0,0.0,0.03851411736928936,0.5192570586846448,0.0,0.0,0.13923075795173645,0.991334080696106,25.426334381103516,24.021717071533203
vidstg/confirm/occlusion_5/order2/0,vidstg,confirm,occlusion_5,order2,45,0.07810320781032078,0.07810320781032078,0.07810320781032078,0.0,0.0,0.0,0.0,0.0,0.0,0.0,0.0,0.0,0.9722931262637887,0.9607837652521474,0.9360410901052612,-0.01150936101164135,0.024742675146886217,-0.03625203615852757,0.40388798941816123,0.7019439947090806,0.0,0.0,0.08787615597248077,0.9960334300994873,26.20285987854004,26.25090980529785
vidstg/confirm/occlusion_5/order2/4,vidstg,confirm,occlusion_5,order2,33,0.04842105263157895,0.04844048665057627,0.048502286826023845,1.9434018997323277e-05,-6.180017544757388e-05,8.123419444489716e-05,0.0,0.0,0.0,0.0,0.0,0.0,0.3546199369727882,0.3477293966719826,0.34868670643035465,-0.006890540300805603,-0.0009573097583720491,-0.005933230542433554,0.09924421787692823,0.5496221089384642,0.0,0.0,0.1696109026670456,0.9877514243125916,29.307188034057617,27.016202926635742
vidstg/confirm/occlusion_5/order2/8,vidstg,confirm,occlusion_5,order2,40,0.7061847073770644,0.7105389976350331,0.7840946527010548,0.00435429025796874,-0.07355565506602169,0.07790994532399043,1.0,1.0,1.0,0.0,0.0,0.0,0.7872674678635756,0.7921803845761588,0.8085360144818918,0.004912916712583204,-0.016355629905733027,0.02126854661831623,0.09464361172282651,0.5473218058614133,0.0,0.0,0.13873839378356934,0.9913360476493835,27.1644229888916,25.891725540161133
vidstg/confirm/occlusion_5/order2/12,vidstg,confirm,occlusion_5,order2,37,0.4680306208420262,0.45980127545958194,0.43806920683419165,-0.008229345382444242,0.02173206862539029,-0.02996141400783453,0.0,0.0,0.0,0.0,0.0,0.0,0.8687676224314748,0.8582811547931193,0.9663588033434178,-0.010486467638355479,-0.10807764855029856,0.09759118091194308,0.022489219027388936,0.5112446095136944,0.0,0.0,0.13513901829719543,0.9934013485908508,28.638166427612305,26.407543182373047
vidstg/confirm/exposure_5/order1/0,vidstg,confirm,exposure_5,order1,38,0.0,0.0,0.0,0.0,0.0,0.0,0.0,0.0,0.0,1.0,1.0,1.0,0.9530397047856002,0.9709451026276821,0.9348060593507997,0.017905397842081894,0.03613904327688233,-0.01823364543480044,0.07929260572959622,0.5396463028647981,0.0,0.0,0.14145389199256897,0.9906219840049744,25.055896759033203,23.90932846069336
vidstg/confirm/exposure_5/order1/4,vidstg,confirm,exposure_5,order1,34,0.37561349233904734,0.37973103611956166,0.3322196021314318,0.004117543780514321,0.04751143398812985,-0.043393890207615526,0.0,0.0,0.0,0.0,0.0,0.0,0.8662362010938048,0.8709511487738334,0.8225283503475284,0.004714947680028558,0.048422798426305036,-0.04370785074627648,0.2597301779702033,0.6298650889851015,0.0,0.0,0.1350288987159729,0.9908612966537476,26.06026840209961,25.540054321289062
vidstg/confirm/exposure_5/order1/8,vidstg,confirm,exposure_5,order1,36,0.0,0.0,0.0,0.0,0.0,0.0,0.0,0.0,0.0,1.0,1.0,1.0,0.8262704685017241,0.7889315175795062,0.8535049579792089,-0.03733895092221795,-0.0645734403997027,0.027234489477484747,0.23629311652214072,0.6181465582610703,0.0,0.0,0.1255086362361908,0.9925538301467896,27.78382682800293,26.710052490234375
vidstg/confirm/exposure_5/order1/12,vidstg,confirm,exposure_5,order1,41,0.7453869653616839,0.7523802166525652,0.7629682100736178,0.006993251290881242,-0.010587993421052655,0.017581244711933897,1.0,1.0,1.0,0.0,0.0,0.0,1.0,1.0,1.0,0.0,0.0,0.0,0.04065510218400807,0.520327551092004,0.0,0.0,0.13996222615242004,0.9912659525871277,25.435302734375,24.01319694519043
vidstg/confirm/exposure_5/order2/0,vidstg,confirm,exposure_5,order2,45,0.07810320781032078,0.08081952668768053,0.07753630171593595,0.0027163188773597496,0.003283224971744575,-0.0005669060943848253,0.0,0.0,0.0,0.0,0.0,0.0,0.9748636220714876,0.9629224948585033,0.9334744529000351,-0.011941127212984237,0.029448041958468285,-0.04138916917145252,0.4016610476905443,0.7008305238452722,0.0,0.0,0.08836151659488678,0.99598228931427,26.200637817382812,26.248371124267578
vidstg/confirm/exposure_5/order2/4,vidstg,confirm,exposure_5,order2,33,0.04842105263157895,0.04844038001580445,0.04851568514861173,1.9327384225505118e-05,-7.53051328072768e-05,9.463251703278192e-05,0.0,0.0,0.0,0.0,0.0,0.0,0.3546199369727882,0.34768921180068435,0.3487768279321711,-0.006930725172103858,-0.0010876161314867239,-0.005843109040617134,0.09930667734881092,0.5496533386744055,0.0,0.0,0.16959156095981598,0.9877535700798035,29.307188034057617,27.016759872436523
vidstg/confirm/exposure_5/order2/8,vidstg,confirm,exposure_5,order2,40,0.7061847073770644,0.7104871638476238,0.7762817188226949,0.004302456470559379,-0.06579455497507114,0.07009701144563052,1.0,1.0,1.0,0.0,0.0,0.0,0.7872674678635756,0.792325923458532,0.8051353390744761,0.005058455594956435,-0.012809415615944064,0.0178678712109005,0.09471751775625445,0.5473587588781272,0.0,0.0,0.1387355476617813,0.991335928440094,27.1644229888916,25.892230987548828
vidstg/confirm/exposure_5/order2/12,vidstg,confirm,exposure_5,order2,37,0.4687799271430227,0.4602530887016362,0.44052484689350313,-0.008526838441386464,0.019728241808133096,-0.02825508024951956,0.0,0.0,0.0,0.0,0.0,0.0,0.8686273234309336,0.8573245752266023,0.965308489680187,-0.011302748204331303,-0.10798391445358468,0.09668116624925338,0.022627930502928075,0.5113139652514641,0.0,0.0,0.13430237770080566,0.9935473203659058,28.80052947998047,26.549182891845703
hc2/search/clean/order1/0,hc2,search,clean,order1,2,0.7339803661075782,0.7159211457502479,0.8508129325579191,-0.01805922035733032,-0.13489178680767122,0.1168325664503409,1.0,1.0,1.0,0.0,0.0,0.0,0.8969145077148344,0.9398187947167143,0.9047309368569602,0.04290428700187987,0.0350878578597541,0.00781642914212577,0.09116824467517223,0.5455841223375861,0.0,0.0,0.15117429196834564,0.9893887042999268,24.880578994750977,23.689590454101562
hc2/search/clean/order1/4,hc2,search,clean,order1,27,0.49360636720490414,0.5009938548347667,0.6069769025852152,0.007387487629862521,-0.10598304775044853,0.11337053538031105,0.0,1.0,1.0,0.0,0.0,0.0,0.9272941466300718,0.9196645858141084,0.9336693707754046,-0.007629560815963443,-0.014004784961296202,0.0063752241453327585,0.2326158277562768,0.6163079138781384,0.0,0.0,0.12885771691799164,0.992071807384491,27.297700881958008,26.294828414916992
hc2/search/clean/order1/8,hc2,search,clean,order1,26,0.23730101095536393,0.2074394461347641,0.28543732023772567,-0.029861564820599845,-0.07799787410296158,0.04813630928236173,0.0,0.0,0.0,0.0,0.0,0.0,0.7610948827321242,0.786654854692953,0.7963961336495723,0.02555997196082882,-0.009741278956619248,0.03530125091744807,0.10133535358294506,0.5506676767914725,0.0,0.0,0.1482696682214737,0.9899324178695679,26.14251708984375,24.742706298828125
hc2/search/clean/order1/12,hc2,search,clean,order1,14,0.4022927558308718,0.5525643301222806,0.25243671674801155,0.15027157429140875,0.300127613374269,-0.14985603908286027,0.0,1.0,0.0,0.0,0.0,0.0,0.9281402938275003,0.8811283922104046,0.8762135481572906,-0.047011901617095675,0.0049148440531140425,-0.05192674567020972,0.33419692815528035,0.6670984640776403,0.0,0.0,0.12460092455148697,0.9920346140861511,26.006248474121094,24.94808006286621
hc2/search/clean/order1/16,hc2,search,clean,order1,29,0.33445035549955665,0.33805791426002424,0.3990122496794273,0.0036075587604675885,-0.06095433541940304,0.06456189417987063,0.0,0.0,0.0,0.0,0.0,0.0,0.832060582397735,0.83527384729771,0.8685362417498156,0.003213264899975088,-0.03326239445210555,0.036475659352080636,0.1873340236455169,0.5936670118227585,0.0,0.0,0.12848417460918427,0.9917632937431335,25.661134719848633,25.009246826171875
hc2/search/clean/order1/20,hc2,search,clean,order1,28,0.3332720693793577,0.3413888625228541,0.3608008121074004,0.008116793143496392,-0.019411949584546284,0.027528742728042677,0.0,0.0,0.0,0.0,0.0,0.0,0.9325973368674865,0.9186884739925036,0.8939059641472727,-0.01390886287498283,0.024782509845230893,-0.038691372720213724,0.23072614053333268,0.6153630702666664,0.0,0.0,0.14436949789524078,0.9899133443832397,26.14422035217285,25.164997100830078
hc2/search/clean/order1/24,hc2,search,clean,order1,1,0.7282641361389518,0.2894359655466146,0.3361994439480329,-0.4388281705923372,-0.04676347840141831,-0.3920646921909189,1.0,0.0,0.0,0.0,0.0,0.0,0.8594318858829609,0.9111541440080454,0.8806940835406617,0.051722258125084464,0.0304600604673837,0.021262197657700765,0.5100122788995158,0.755006139449758,0.0,0.0,0.11186981201171875,0.9935612082481384,27.216114044189453,26.830718994140625
hc2/search/clean/order1/28,hc2,search,clean,order1,3,0.7842661273927369,0.7826710765565411,0.7714580524067879,-0.0015950508361958216,0.011213024149753226,-0.012808074985949047,1.0,1.0,1.0,0.0,0.0,0.0,0.8505462997261135,0.8421853683668821,0.8441947849317529,-0.008360931359231438,-0.0020094165648708584,-0.00635151479436058,0.15531583186215853,0.5776579159310794,0.0,0.0,0.14488326013088226,0.9897769093513489,24.614383697509766,23.738187789916992
hc2/search/clean/order2/0,hc2,search,clean,order2,16,0.5837178981183212,0.5223948953730176,0.5862640171643945,-0.061323002745303556,-0.06386912179137683,0.0025461190460732697,1.0,1.0,1.0,0.0,0.0,0.0,0.9540585041046142,0.9518472216461223,0.969764753488394,-0.002211282458491892,-0.017917531842271628,0.015706249383779736,0.10399273964177966,0.5519963698208898,0.0,0.0,0.13119244575500488,0.9920362830162048,26.646230697631836,25.456329345703125
hc2/search/clean/order2/4,hc2,search,clean,order2,23,0.6043980191316893,0.6175100873282298,0.440770189193347,0.013112068196540427,0.17673989813488278,-0.16362782993834235,1.0,1.0,0.0,0.0,0.0,0.0,0.835842271418021,0.8261696672520323,0.8445847731370192,-0.009672604165988696,-0.01841510588498685,0.008742501718998152,0.14583879766507404,0.572919398832537,0.0,0.0,0.12940576672554016,0.992998480796814,26.898784637451172,25.31058692932129
hc2/search/clean/order2/8,hc2,search,clean,order2,5,0.10605339249539446,0.2151712886843522,0.24844211844762915,0.10911789618895774,-0.03327082976327694,0.14238872595223467,0.0,0.0,0.0,0.0,0.0,0.0,0.9134394165130881,0.9545085017842457,0.8981992202014549,0.0410690852711576,0.056309281582790804,-0.015240196311633203,0.21433550905481363,0.6071677545274069,0.0,0.0,0.12271580100059509,0.993040144443512,27.99452781677246,26.86832046508789
hc2/search/clean/order2/12,hc2,search,clean,order2,1,0.7282641361389518,0.2941099267574082,0.37341336569777145,-0.4341542093815436,-0.07930343894036324,-0.35485077044118035,1.0,0.0,0.0,0.0,0.0,0.0,0.8594318858829609,0.9128247090802508,0.8690694966623247,0.053392823197289885,0.043755212417926126,0.009637610779363759,0.5026614773422912,0.7513307386711456,0.0,0.0,0.11286800354719162,0.993462860584259,27.216114044189453,26.82658576965332
hc2/search/clean/order2/16,hc2,search,clean,order2,20,0.0,0.0,0.0,0.0,0.0,0.0,0.0,0.0,0.0,1.0,1.0,1.0,0.9437066915112701,0.8714795028954222,0.9152003970008905,-0.07222718861584787,-0.04372089410546831,-0.02850629451037956,0.2625976971644776,0.6312988485822387,0.0,0.0,0.10043292492628098,0.9952215552330017,27.86995506286621,26.923282623291016
hc2/search/clean/order2/20,hc2,search,clean,order2,4,0.0,0.0,0.0,0.0,0.0,0.0,0.0,0.0,0.0,1.0,1.0,1.0,0.7832071701152212,0.7916764259474691,0.8134878878999026,0.00846925583224789,-0.021811461952433442,0.030280717784681332,0.1548695337749563,0.5774347668874782,0.0,0.0,0.14443594217300415,0.9900952577590942,27.460399627685547,26.24704933166504
hc2/search/clean/order2/24,hc2,search,clean,order2,29,0.33445035549955665,0.338216182345967,0.40127152950590655,0.0037658268464103584,-0.06305534715993955,0.0668211740063499,0.0,0.0,0.0,0.0,0.0,0.0,0.832060582397735,0.8357759141197488,0.8644668113321401,0.0037153317220138815,-0.028690897212391264,0.032406228934405146,0.20200368546735725,0.6010018427336786,0.0,0.0,0.12744049727916718,0.9918644428253174,25.661134719848633,25.0709171295166
hc2/search/clean/order2/28,hc2,search,clean,order2,8,0.0420744399551408,0.03974401990290688,0.37117137784390397,-0.0023304200522339183,-0.3314273579409971,0.32909693788876315,0.0,0.0,0.0,0.0,0.0,0.0,0.9706370618738587,0.9738217336560951,0.9534513850543004,0.00318467178223647,0.020370348601794763,-0.017185676819558293,0.3675559828319052,0.6837779914159525,0.0,0.0,0.14909878373146057,0.9891552925109863,26.822452545166016,25.932464599609375
hc2/search/frame_drop_5/order1/0,hc2,search,frame_drop_5,order1,2,0.5900019595497533,0.5916224358963085,0.6356765372207814,0.0016204763465551553,-0.04405410132447296,0.045674577671028116,1.0,1.0,1.0,0.0,0.0,0.0,0.8770742757254169,0.8834559702629566,0.9202068140704205,0.006381694537539784,-0.03675084380746385,0.043132538345003635,0.09689306493961479,0.5484465324698073,0.0,0.0,0.14671172201633453,0.9898176193237305,25.118907928466797,23.976398468017578
hc2/search/frame_drop_5/order1/4,hc2,search,frame_drop_5,order1,27,0.5089777381027547,0.5115027727899674,0.5874385680878946,0.0025250346872126572,-0.07593579529792727,0.07846082998513992,1.0,1.0,1.0,0.0,0.0,0.0,0.8797442528509325,0.910994639019889,0.9459171312174481,0.03125038616895648,-0.03492249219755916,0.06617287836651564,0.2370177606839801,0.6185088803419901,0.0,0.0,0.12455253303050995,0.9924351572990417,27.36298370361328,26.391138076782227
hc2/search/frame_drop_5/order1/8,hc2,search,frame_drop_5,order1,26,0.2340286538450649,0.23202302140266373,0.22212858131529356,-0.0020056324424011784,0.009894440087370171,-0.01190007252977135,0.0,0.0,0.0,0.0,0.0,0.0,0.8912751019250087,0.8492920030064213,0.8503366247084141,-0.041983098918587425,-0.0010446217019928206,-0.040938477216594604,0.10988872834829967,0.5549443641741498,0.0,0.0,0.14382672309875488,0.9903069734573364,26.24307632446289,24.92305564880371
hc2/search/frame_drop_5/order1/12,hc2,search,frame_drop_5,order1,14,0.4171713044307332,0.8122376399253731,0.5382232780834797,0.39506633549463993,0.27401436184189343,0.1210519736527465,0.0,1.0,1.0,0.0,0.0,0.0,0.9390844088881763,0.9565377306582322,0.9031260131514796,0.017453321770055874,0.053411717506752665,-0.03595839573669679,0.32583929216555374,0.6629196460827769,0.0,0.0,0.12043890357017517,0.9924641251564026,26.039949417114258,25.014049530029297
hc2/search/frame_drop_5/order1/16,hc2,search,frame_drop_5,order1,29,0.3629415546204258,0.3637754053439101,0.44390579081490594,0.0008338507234842973,-0.08013038547099582,0.08096423619448012,0.0,0.0,0.0,0.0,0.0,0.0,0.8326457552377889,0.8369689243316064,0.859714975744086,0.004323169093817469,-0.02274605141247954,0.02706922050629701,0.1876563086867275,0.5938281543433638,0.0,0.0,0.1229269951581955,0.9924266338348389,25.82620620727539,25.157106399536133
hc2/search/frame_drop_5/order1/20,hc2,search,frame_drop_5,order1,28,0.3564848085337217,0.3553680793475818,0.36075787345428567,-0.0011167291861399198,-0.005389794106703871,0.0042730649205639515,0.0,0.0,0.0,0.0,0.0,0.0,0.9036841738537911,0.9050381645058424,0.8639722056784461,0.001353990652051329,0.041065958827396276,-0.03971196817534495,0.23992275132142357,0.6199613756607117,0.0,0.0,0.14093004167079926,0.990264892578125,26.265127182006836,25.258268356323242
hc2/search/frame_drop_5/order1/24,hc2,search,frame_drop_5,order1,1,0.3207052977625518,0.27354204893621153,0.3207980229480748,-0.047163248826340265,-0.047255974011863267,9.272518552300157e-05,0.0,0.0,0.0,0.0,0.0,0.0,0.8489921399678321,0.8895556219742677,0.9015263333125082,0.04056348200643567,-0.011970711338240458,0.05253419334467613,0.5018849071961549,0.7509424535980774,0.0,0.0,0.11082327365875244,0.9936063885688782,27.29170036315918,26.878631591796875
hc2/search/frame_drop_5/order1/28,hc2,search,frame_drop_5,order1,3,0.7847164474906584,0.7802043550309461,0.7841599910658855,-0.004512092459712291,-0.003955636034939425,-0.0005564564247728665,1.0,1.0,1.0,0.0,0.0,0.0,0.8472584691540949,0.8375207667731629,0.8494286769063545,-0.009737702380931967,-0.01190791013319159,0.002170207752259623,0.15623695495229928,0.5781184774761496,0.0,0.0,0.13985563814640045,0.9903088808059692,24.821514129638672,23.953426361083984
hc2/search/frame_drop_5/order2/0,hc2,search,frame_drop_5,order2,16,0.634847677290463,0.5587881543365312,0.6526686561465419,-0.07605952295393181,-0.09388050181001073,0.017820978856078917,1.0,1.0,1.0,0.0,0.0,0.0,0.9642155093552223,0.9414507415536769,0.9563101253019995,-0.02276476780154535,-0.01485938374832263,-0.00790538405322272,0.10594483425507457,0.5529724171275373,0.0,0.0,0.12959006428718567,0.9921865463256836,26.686323165893555,25.505970001220703
hc2/search/frame_drop_5/order2/4,hc2,search,frame_drop_5,order2,23,0.7671472517470701,0.7776643134287453,0.8091698839779884,0.01051706168167521,-0.03150557054924308,0.04202263223091829,1.0,1.0,1.0,0.0,0.0,0.0,0.8583361296601758,0.8495274075596111,0.8840827355018028,-0.008808722100564714,-0.03455532794219174,0.025746605841627024,0.14754704503722915,0.5737735225186146,0.0,0.0,0.12470845878124237,0.993414580821991,27.00804328918457,25.468381881713867
hc2/search/frame_drop_5/order2/8,hc2,search,frame_drop_5,order2,5,0.12062330456998202,0.22664951784583667,0.2693635748369109,0.10602621327585465,-0.04271405699107425,0.1487402702669289,0.0,0.0,0.0,0.0,0.0,0.0,0.9000285627340182,0.9531483071152682,0.901784932272076,0.05311974438125,0.0513633748431922,0.0017563695380578004,0.22077179800957308,0.6103858990047865,0.0,0.0,0.11797170341014862,0.9934515357017517,27.97923469543457,26.873647689819336
hc2/search/frame_drop_5/order2/12,hc2,search,frame_drop_5,order2,1,0.3207052977625518,0.27715410175743715,0.3355704718331534,-0.043551196005114645,-0.05841637007571626,0.014865174070601617,0.0,0.0,0.0,0.0,0.0,0.0,0.8489921399678321,0.8907157115272005,0.8572004065365304,0.041723571559368455,0.033515304990670125,0.00820826656869833,0.4939323763232091,0.7469661881616046,0.0,0.0,0.11167415976524353,0.9935250878334045,27.29170036315918,26.874120712280273
hc2/search/frame_drop_5/order2/16,hc2,search,frame_drop_5,order2,20,0.0,0.0,0.0,0.0,0.0,0.0,0.0,0.0,0.0,1.0,1.0,1.0,0.9441105893714096,0.8761296857867324,0.8998285603813974,-0.06798090358467712,-0.02369887459466491,-0.04428202899001221,0.26571559067991046,0.6328577953399552,0.0,0.0,0.09832806140184402,0.9953930974006653,27.86760711669922,26.940013885498047
hc2/search/frame_drop_5/order2/20,hc2,search,frame_drop_5,order2,4,0.0,0.0,0.0,0.0,0.0,0.0,0.0,0.0,0.0,1.0,1.0,1.0,0.8038431974065384,0.7917232861907388,0.7970515001540216,-0.012119911215799584,-0.005328213963282757,-0.006791697252516826,0.15783269934400282,0.5789163496720013,0.0,0.0,0.1397343873977661,0.9906285405158997,27.506820678710938,26.31010627746582
hc2/search/frame_drop_5/order2/24,hc2,search,frame_drop_5,order2,29,0.3629415546204258,0.3642545942851977,0.4519805237884647,0.0013130396647718645,-0.08772592950326702,0.08903896916803888,0.0,0.0,0.0,0.0,0.0,0.0,0.8326457552377889,0.8370476333431593,0.8502827019250613,0.004401878105370405,-0.013235068581901932,0.017636946687272337,0.20215803597365076,0.6010790179868254,0.0,0.0,0.12197942286729813,0.9925087094306946,25.82620620727539,25.215831756591797
hc2/search/frame_drop_5/order2/28,hc2,search,frame_drop_5,order2,8,0.03905283702295969,0.0394678047779687,0.45118924621577833,0.0004149677550090089,-0.41172144143780964,0.41213640919281863,0.0,0.0,0.0,0.0,0.0,0.0,0.9459064667148424,0.9411929522589414,0.9682816350049501,-0.004713514455900958,-0.02708868274600873,0.022375168290107772,0.3669202310805771,0.6834601155402886,0.0,0.0,0.14466582238674164,0.9896549582481384,26.88193702697754,25.95316505432129
hc2/search/frame_freeze_5/order1/0,hc2,search,frame_freeze_5,order1,2,0.7610343445134814,0.7715320242194943,0.8531839982061281,0.010497679706012897,-0.08165197398663382,0.09214965369264672,1.0,1.0,1.0,0.0,0.0,0.0,0.9708015843441612,0.9418554928057185,0.9072351556075247,-0.028946091538442742,0.034620337198193796,-0.06356642873663654,0.09091565183715072,0.5454578259185753,0.0,0.0,0.15146513283252716,0.9893397688865662,24.91501808166504,23.72086524963379
hc2/search/frame_freeze_5/order1/4,hc2,search,frame_freeze_5,order1,27,0.49422273627615726,0.5011356644391483,0.6037944097697628,0.0069129281629909944,-0.10265874533061459,0.10957167349360558,0.0,1.0,1.0,0.0,0.0,0.0,0.9219036717568675,0.9106922556979504,0.925893831480028,-0.011211416058917067,-0.015201575782077592,0.003990159723160525,0.2327149395052569,0.6163574697526284,0.0,0.0,0.12885014712810516,0.9920743107795715,27.305191040039062,26.300846099853516
hc2/search/frame_freeze_5/order1/8,hc2,search,frame_freeze_5,order1,26,0.19862599107252013,0.17206363508594733,0.16634952095907854,-0.026562355986572805,0.005714114126868786,-0.03227647011344159,0.0,0.0,0.0,0.0,0.0,0.0,0.7705796357336866,0.8205077848345046,0.8333946721961407,0.049928149100818,-0.012886887361636123,0.06281503646245412,0.10435851416843214,0.5521792570842161,0.0,0.0,0.14848609268665314,0.9898527264595032,26.12904930114746,24.757360458374023
hc2/search/frame_freeze_5/order1/12,hc2,search,frame_freeze_5,order1,14,0.39819275906968266,0.5390932460938472,0.2518332994084935,0.14090048702416458,0.2872599466853537,-0.14635945966118913,0.0,1.0,0.0,0.0,0.0,0.0,0.8893672359150993,0.8631438489684865,0.9041542302643433,-0.026223386946612748,-0.04101038129585677,0.01478699434924402,0.3348383378392204,0.6674191689196102,0.0,0.0,0.12465120851993561,0.9920077919960022,25.975784301757812,24.93413543701172
hc2/search/frame_freeze_5/order1/16,hc2,search,frame_freeze_5,order1,29,0.33640735956512885,0.33845349902770067,0.38116767435449406,0.0020461394625718166,-0.04271417532679339,0.04476031478936521,0.0,0.0,0.0,0.0,0.0,0.0,0.8338015812529394,0.8380496272917287,0.8972377381299509,0.004248046038789366,-0.059188110838222174,0.06343615687701154,0.1858213248124897,0.5929106624062448,0.0,0.0,0.12610644102096558,0.9920998811721802,25.613574981689453,24.94875144958496
hc2/search/frame_freeze_5/order1/20,hc2,search,frame_freeze_5,order1,28,0.33671682400131675,0.344430701346651,0.3660714157720932,0.007713877345334241,-0.021640714425442187,0.029354591770776428,0.0,0.0,0.0,0.0,0.0,0.0,0.927022685340558,0.9241127638074069,0.8578858800120608,-0.002909921533151061,0.06622688379534614,-0.0691368053284972,0.23057264789026677,0.6152863239451334,0.0,0.0,0.14562958478927612,0.9897633194923401,26.111038208007812,25.099266052246094
hc2/search/frame_freeze_5/order1/24,hc2,search,frame_freeze_5,order1,1,0.32413311243575355,0.27717656452825745,0.30701817898242784,-0.04695654790749609,-0.029841614454170384,-0.01711493345332571,0.0,0.0,0.0,0.0,0.0,0.0,0.8560376210985013,0.9049009796941928,0.8670132149412234,0.048863358595691464,0.0378877647529694,0.010975593842722065,0.5081426425491486,0.7540713212745743,0.0,0.0,0.11284111440181732,0.993481457233429,27.227880477905273,26.841434478759766
hc2/search/frame_freeze_5/order1/28,hc2,search,frame_freeze_5,order1,3,0.7844849624256707,0.7797466138596529,0.7756016061512361,-0.004738348566017736,0.004145007708416859,-0.008883356274434595,1.0,1.0,1.0,0.0,0.0,0.0,0.8475552262931034,0.8370788496367236,0.8402520541487069,-0.010476376656379793,-0.0031732045119832186,-0.007303172144396575,0.15524314050259624,0.5776215702512981,0.0,0.0,0.14341160655021667,0.9899851679801941,24.6106014251709,23.73082160949707
hc2/search/frame_freeze_5/order2/0,hc2,search,frame_freeze_5,order2,16,0.5757508455626036,0.5147438199419593,0.6092353938252727,-0.061007025620644306,-0.09449157388331342,0.03348454826266911,1.0,1.0,1.0,0.0,0.0,0.0,0.9530455185816838,0.9536103582481109,0.964448565703172,0.0005648396664270638,-0.010838207455061033,0.011403047121488097,0.10461106855028982,0.552305534275145,0.0,0.0,0.13111670315265656,0.9920402765274048,26.640727996826172,25.456233978271484
hc2/search/frame_freeze_5/order2/4,hc2,search,frame_freeze_5,order2,23,0.604839012758101,0.6200239243979782,0.7807071556068144,0.015184911639877119,-0.1606832312088362,0.17586814284871333,1.0,1.0,1.0,0.0,0.0,0.0,0.8449501398707823,0.8350765711235033,0.8527247502253605,-0.00987356874727896,-0.01764817910185723,0.007774610354578271,0.14252886427002412,0.571264432135012,0.0,0.0,0.12960751354694366,0.9930025935173035,26.879413604736328,25.27715301513672
hc2/search/frame_freeze_5/order2/8,hc2,search,frame_freeze_5,order2,5,0.10689727652099637,0.21487787990608012,0.24029732803582182,0.10798060338508375,-0.0254194481297417,0.13340005151482545,0.0,0.0,0.0,0.0,0.0,0.0,0.9128174507262211,0.9554469746754581,0.910951909784479,0.042629523949237025,0.0444950648909791,-0.001865540941742072,0.21353843822019047,0.6067692191100953,0.0,0.0,0.12314697355031967,0.9930214285850525,28.041532516479492,26.88227653503418
hc2/search/frame_freeze_5/order2/12,hc2,search,frame_freeze_5,order2,1,0.32413311243575355,0.28088037174076436,0.3509924277923667,-0.04325274069498919,-0.07011205605160237,0.026859315356613178,0.0,0.0,0.0,0.0,0.0,0.0,0.8560376210985013,0.9065488225782589,0.8645572530450442,0.05051120147975752,0.0419915695332147,0.008519631946542816,0.5007808478237585,0.750390423911879,0.0,0.0,0.11387325078248978,0.9933758974075317,27.227880477905273,26.83837890625
hc2/search/frame_freeze_5/order2/16,hc2,search,frame_freeze_5,order2,20,0.0,0.0,0.0,0.0,0.0,0.0,0.0,0.0,0.0,1.0,1.0,1.0,0.9442178780341388,0.87188160210325,0.9042702836143905,-0.07233627593088876,-0.032388681511140494,-0.03994759441974827,0.2621840455963515,0.6310920227981757,0.0,0.0,0.1003909632563591,0.9952273368835449,27.859512329101562,26.910585403442383
hc2/search/frame_freeze_5/order2/20,hc2,search,frame_freeze_5,order2,4,0.0,0.0,0.0,0.0,0.0,0.0,0.0,0.0,0.0,1.0,1.0,1.0,0.7851602951152212,0.7902281766072491,0.7897149077679527,0.005067881492027859,0.0005132688392963658,0.004554612652731493,0.15439120381600008,0.577195601908,0.0,0.0,0.1438053548336029,0.9902083277702332,27.500791549682617,26.27519989013672
hc2/search/frame_freeze_5/order2/24,hc2,search,frame_freeze_5,order2,29,0.33640735956512885,0.33880593723645047,0.3854752610490182,0.0023985776713216223,-0.04666932381256772,0.04906790148388934,0.0,0.0,0.0,0.0,0.0,0.0,0.8338015812529394,0.8384145319775419,0.8675238114724748,0.004612950724602549,-0.029109279494932916,0.033722230219535465,0.19927979603083062,0.5996398980154154,0.0,0.0,0.12525179982185364,0.9921806454658508,25.613574981689453,24.99769401550293
hc2/search/frame_freeze_5/order2/28,hc2,search,frame_freeze_5,order2,8,0.04161835601391347,0.04180098640540371,0.3916767479379475,0.00018263039149023913,-0.3498757615325438,0.35005839192403404,0.0,0.0,0.0,0.0,0.0,0.0,0.9744797478814341,0.9685940468618178,0.9854915863814219,-0.005885701019616274,-0.016897539519604043,0.01101183849998777,0.3667971203967024,0.6833985601983512,0.0,0.0,0.14895552396774292,0.989266037940979,26.800106048583984,25.868106842041016
hc2/search/motion_blur_5/order1/0,hc2,search,motion_blur_5,order1,2,0.6648079911393633,0.6583562492381942,0.7518529583516124,-0.006451741901169039,-0.09349670911341812,0.08704496721224908,1.0,1.0,1.0,0.0,0.0,0.0,0.906189132484401,0.9379565510608311,0.9634944945089986,0.03176741857643006,-0.02553794344816751,0.05730536202459757,0.09433844608808589,0.547169223044043,0.0,0.0,0.15004654228687286,0.9894716143608093,24.97957420349121,23.815757751464844
hc2/search/motion_blur_5/order1/4,hc2,search,motion_blur_5,order1,27,0.48709767157973183,0.4938690395873605,0.5888015690380632,0.006771368007628675,-0.09493252945070274,0.10170389745833142,0.0,0.0,1.0,0.0,0.0,0.0,0.9183499120896862,0.9429993783274004,0.9707524823505838,0.024649466237714246,-0.027753104023183317,0.05240257026089756,0.23891505254092127,0.6194575262704606,0.0,0.0,0.12786412239074707,0.9921807646751404,27.340450286865234,26.350976943969727
hc2/search/motion_blur_5/order1/8,hc2,search,motion_blur_5,order1,26,0.237195547039045,0.23207337856283503,0.23891108031281458,-0.005122168476209971,-0.006837701749979552,0.0017155332737695816,0.0,0.0,0.0,0.0,0.0,0.0,0.8122714045536091,0.875711509575396,0.824307166503794,0.06344010502178687,0.05140434307160202,0.012035761950184853,0.10899222525854796,0.554496112629274,0.0,0.0,0.14615438878536224,0.9900740385055542,26.1982479095459,24.872426986694336
hc2/search/motion_blur_5/order1/12,hc2,search,motion_blur_5,order1,14,0.42637081078138256,0.5819514861611667,0.23736649254005893,0.1555806753797841,0.3445849936211077,-0.18900431824132363,0.0,1.0,0.0,0.0,0.0,0.0,0.8950578201409373,0.9197704984885186,0.8568393876919804,0.024712678347581285,0.06293111079653813,-0.03821843244895684,0.33407476597902674,0.6670373829895133,0.0,0.0,0.12399179488420486,0.9921255111694336,26.02951431274414,24.979183197021484
hc2/search/motion_blur_5/order1/16,hc2,search,motion_blur_5,order1,29,0.33612561718913964,0.3381453286009099,0.3978388878771323,0.002019711411770264,-0.059693559276222385,0.06171327068799265,0.0,0.0,0.0,0.0,0.0,0.0,0.834802401476354,0.8368196827493221,0.8642398683289239,0.0020172812729680745,-0.027420185579601797,0.02943746685256987,0.19159304149130313,0.5957965207456516,0.0,0.0,0.12616881728172302,0.9920884966850281,25.75490379333496,25.09784698486328
hc2/search/motion_blur_5/order1/20,hc2,search,motion_blur_5,order1,28,0.34132282431569677,0.34593287249546645,0.3646031155149842,0.004610048179769677,-0.01867024301951775,0.02328029119928743,0.0,0.0,0.0,0.0,0.0,0.0,0.9212323987201014,0.917051982643104,0.882693517204515,-0.004180416076997484,0.03435846543858889,-0.038538881515586376,0.23905675877859428,0.6195283793892972,0.0,0.0,0.14370986819267273,0.9900038242340088,26.196311950683594,25.195207595825195
hc2/search/motion_blur_5/order1/24,hc2,search,motion_blur_5,order1,1,0.30161813966628254,0.019756851712675914,0.3012064910757813,-0.2818612879536066,-0.28144963936310535,-0.0004116485905012457,0.0,0.0,0.0,0.0,0.0,0.0,0.8489478893181197,0.8924091795669247,0.8802239796478385,0.04346129024880496,0.012185199919086176,0.031276090329718786,0.5057502976812313,0.7528751488406157,0.0,0.0,0.11194191128015518,0.9935426115989685,27.315946578979492,26.930360794067383
hc2/search/motion_blur_5/order1/28,hc2,search,motion_blur_5,order1,3,0.7826521678613109,0.7810668785446176,0.7739434352275313,-0.001585289316693217,0.007123443317086364,-0.008708732633779581,1.0,1.0,1.0,0.0,0.0,0.0,0.8469892801849651,0.8418419189919215,0.8431066774750593,-0.005147361193043598,-0.0012647584831377845,-0.0038826027099058136,0.15908268880349136,0.5795413444017457,0.0,0.0,0.14129634201526642,0.9902413487434387,24.763065338134766,23.888879776000977
hc2/search/motion_blur_5/order2/0,hc2,search,motion_blur_5,order2,16,0.6157087771835843,0.5489124710233484,0.6537686236397382,-0.06679630616023591,-0.10485615261638981,0.0380598464561539,1.0,1.0,1.0,0.0,0.0,0.0,0.9764183638299172,0.9554806668832654,0.9723984620266256,-0.020937696946651818,-0.016917795143360226,-0.004019901803291592,0.10819634836506972,0.5540981741825349,0.0,0.0,0.13042522966861725,0.9921107888221741,26.679027557373047,25.50694465637207
hc2/search/motion_blur_5/order2/4,hc2,search,motion_blur_5,order2,23,0.7280904691514343,0.7413510150451179,0.8387893058596091,0.01326054589368364,-0.09743829081449118,0.11069883670817482,1.0,1.0,1.0,0.0,0.0,0.0,0.8175350584098922,0.8258072920844222,0.856682803757065,0.008272233674530005,-0.030875511672642797,0.0391477453471728,0.15041142524203432,0.5752057126210172,0.0,0.0,0.12796439230442047,0.9931113123893738,26.88652229309082,25.339229583740234
hc2/search/motion_blur_5/order2/8,hc2,search,motion_blur_5,order2,5,0.11076133739354518,0.22033533081130677,0.2635729437464357,0.10957399341776158,-0.04323761293512893,0.1528116063528905,0.0,0.0,0.0,0.0,0.0,0.0,0.9017983774831821,0.9639603724153287,0.9219477883397978,0.06216199493214658,0.04201258407553088,0.0201494108566157,0.2165983119436221,0.6082991559718111,0.0,0.0,0.12165321409702301,0.9931551814079285,27.94410514831543,26.827123641967773
hc2/search/motion_blur_5/order2/12,hc2,search,motion_blur_5,order2,1,0.30161813966628254,0.022258587453165495,0.31117235338275695,-0.27935955221311704,-0.28891376592959145,0.009554213716474413,0.0,0.0,0.0,0.0,0.0,0.0,0.8489478893181197,0.8935139286949525,0.851871368890259,0.04456603937683279,0.041642559804693446,0.0029234795721393425,0.49978520757176187,0.749892603785881,0.0,0.0,0.11287065595388412,0.9934505820274353,27.315946578979492,26.926830291748047
hc2/search/motion_blur_5/order2/16,hc2,search,motion_blur_5,order2,20,0.0,0.0,0.0,0.0,0.0,0.0,0.0,0.0,0.0,1.0,1.0,1.0,0.9394310005177385,0.8686131427162572,0.894876999710456,-0.07081785780148131,-0.026263856994198753,-0.04455400080728256,0.2625767521044059,0.6312883760522029,0.0,0.0,0.09977199137210846,0.9953011870384216,27.8786563873291,26.921337127685547
hc2/search/motion_blur_5/order2/20,hc2,search,motion_blur_5,order2,4,0.0,0.0,0.0,0.0,0.0,0.0,0.0,0.0,0.0,1.0,1.0,1.0,0.7832759370739828,0.7685461225677674,0.7829418822422923,-0.014729814506215355,-0.014395759674524888,-0.0003340548316904668,0.1587479519112,0.5793739759556,0.0,0.0,0.1423969268798828,0.9903865456581116,27.458114624023438,26.244171142578125
hc2/search/motion_blur_5/order2/24,hc2,search,motion_blur_5,order2,29,0.33612561718913964,0.3384965679629093,0.40824146813209977,0.0023709507737696423,-0.0697449001691905,0.07211585094296014,0.0,0.0,0.0,0.0,0.0,0.0,0.834802401476354,0.8375103479161672,0.8488612684816271,0.0027079464398132025,-0.011350920565459943,0.014058867005273146,0.20662622396600638,0.6033131119830032,0.0,0.0,0.1247546523809433,0.99224454164505,25.75490379333496,25.156291961669922
hc2/search/motion_blur_5/order2/28,hc2,search,motion_blur_5,order2,8,0.04086596529755792,0.04032953425723534,0.3989417529150338,-0.0005364310403225825,-0.35861221865779846,0.3580757876174759,0.0,0.0,0.0,0.0,0.0,0.0,0.9639635391902646,0.9767428473202897,0.9542460753270023,0.012779308130025147,0.022496771993287368,-0.009717463863262221,0.36852829517053026,0.6842641475852652,0.0,0.0,0.14882513880729675,0.9892235994338989,26.815898895263672,25.916128158569336
hc2/search/occlusion_5/order1/0,hc2,search,occlusion_5,order1,2,0.7056752803574177,0.6949784931383635,0.8150050916169819,-0.010696787219054205,-0.12002659847861841,0.1093298112595642,1.0,1.0,1.0,0.0,0.0,0.0,0.8808169450662714,0.8894869704877975,0.9509886159376872,0.008670025421526062,-0.061501645449889786,0.07017167087141585,0.09079672796065189,0.5453983639803259,0.0,0.0,0.1516476422548294,0.9892701506614685,24.875518798828125,23.700220108032227
hc2/search/occlusion_5/order1/4,hc2,search,occlusion_5,order1,27,0.4922093081489353,0.4957572600961454,0.6062240567615605,0.0035479519472100818,-0.11046679666541515,0.11401474861262523,0.0,0.0,1.0,0.0,0.0,0.0,0.9169544712189706,0.9195610372667132,0.9647433505988315,0.0026065660477426755,-0.04518231333211831,0.04778887937986098,0.22995821556497853,0.6149791077824892,0.0,0.0,0.12886953353881836,0.9920839071273804,27.29254913330078,26.280536651611328
hc2/search/occlusion_5/order1/8,hc2,search,occlusion_5,order1,26,0.25579631766767436,0.2433225522622985,0.21043318273456663,-0.012473765405375842,0.03288936952773189,-0.04536313493310773,0.0,0.0,0.0,0.0,0.0,0.0,0.8254199846638456,0.8701910258799224,0.8540446966867137,0.04477104121607678,0.016146329193208686,0.028624712022868093,0.10743951136200476,0.5537197556810024,0.0,0.0,0.14893057942390442,0.9897645115852356,26.088191986083984,24.729581832885742
hc2/search/occlusion_5/order1/12,hc2,search,occlusion_5,order1,14,0.3967841226754885,0.5923098014413539,0.21420044964753948,0.1955256787658654,0.37810935179381444,-0.18258367302794903,0.0,1.0,0.0,0.0,0.0,0.0,0.9153627888292232,0.8997065269039451,0.8454268441784138,-0.015656261925278026,0.0542796827255313,-0.06993594465080932,0.33046542785023963,0.6652327139251197,0.0,0.0,0.12406285852193832,0.992131769657135,25.950584411621094,24.896425247192383
hc2/search/occlusion_5/order1/16,hc2,search,occlusion_5,order1,29,0.3391529438186892,0.33925324932042317,0.3867501265654345,0.00010030550173395492,-0.04749687724501134,0.04759718274674529,0.0,0.0,0.0,0.0,0.0,0.0,0.8368536310051226,0.8389146805945653,0.8918201613714848,0.002061049589442754,-0.05290548077691948,0.05496653036636223,0.18933333691086107,0.5946666684554305,0.0,0.0,0.12563353776931763,0.9921626448631287,25.701759338378906,25.034530639648438
hc2/search/occlusion_5/order1/20,hc2,search,occlusion_5,order1,28,0.33982905408713704,0.3441726146333388,0.36970282815199157,0.0043435605462017746,-0.025530213518652756,0.02987377406485453,0.0,0.0,0.0,0.0,0.0,0.0,0.9188965104091636,0.9200941219502711,0.8136192508121732,0.001197611541107424,0.10647487113809784,-0.10527725959699041,0.23283220230665422,0.616416101153327,0.0,0.0,0.14440010488033295,0.9899280071258545,26.12312126159668,25.125160217285156
hc2/search/occlusion_5/order1/24,hc2,search,occlusion_5,order1,1,0.728247347960635,0.29362071107677623,0.3453168168786931,-0.4346266368838587,-0.05169610580191686,-0.38293053108194186,1.0,0.0,0.0,0.0,0.0,0.0,0.8587009051256663,0.9112994006480296,0.8958642123772639,0.05259849552236329,0.015435188270765732,0.037163307251597555,0.5059877312977337,0.7529938656488667,0.0,0.0,0.11272188276052475,0.9934877157211304,27.17878532409668,26.79737663269043
hc2/search/occlusion_5/order1/28,hc2,search,occlusion_5,order1,3,0.7836131543358512,0.7790338646098772,0.7774519474505648,-0.0045792897259739895,0.0015819171593124404,-0.00616120688528643,1.0,1.0,1.0,0.0,0.0,0.0,0.8525117019127155,0.8364196697762792,0.8415235895673858,-0.016092032136436285,-0.0051039197911065814,-0.010988112345329704,0.155264500996721,0.5776322504983605,0.0,0.0,0.14273545145988464,0.9900469779968262,24.680932998657227,23.82486915588379
hc2/search/occlusion_5/order2/0,hc2,search,occlusion_5,order2,16,0.5863790021843919,0.5275326854020252,0.6192911367378537,-0.058846316782366626,-0.0917584513358285,0.03291213455346187,1.0,1.0,1.0,0.0,0.0,0.0,0.9568454082195575,0.9566190285336617,0.9673024947826679,-0.0002263796858958944,-0.01068346624900629,0.010457086563110396,0.10449905343431778,0.5522495267171589,0.0,0.0,0.13083945214748383,0.9920811653137207,26.657283782958984,25.467119216918945
hc2/search/occlusion_5/order2/4,hc2,search,occlusion_5,order2,23,0.7095036271508339,0.7254715209800705,0.8387748268706686,0.01596789382923658,-0.11330330589059812,0.1292711997198347,1.0,1.0,1.0,0.0,0.0,0.0,0.8177032884808153,0.823760783259624,0.8387748268706686,0.006057494778808681,-0.015014043611044636,0.021071538389853317,0.14561975462874815,0.5728098773143742,0.0,0.0,0.13051198422908783,0.9929091334342957,26.88237762451172,25.26105499267578
hc2/search/occlusion_5/order2/8,hc2,search,occlusion_5,order2,5,0.10980414273047427,0.21977534326478712,0.23025595833093898,0.10997120053431285,-0.01048061506615186,0.12045181560046471,0.0,0.0,0.0,0.0,0.0,0.0,0.9041066828496803,0.9688193329476463,0.9068865604425109,0.064712650097966,0.0619327725051354,0.002779877592830604,0.2156267350099191,0.6078133675049595,0.0,0.0,0.1220918819308281,0.9931166172027588,27.89967155456543,26.773441314697266
hc2/search/occlusion_5/order2/12,hc2,search,occlusion_5,order2,1,0.728247347960635,0.2979029305595631,0.3683846518342063,-0.4303444174010719,-0.07048172127464325,-0.3598626961264286,1.0,0.0,0.0,0.0,0.0,0.0,0.8587009051256663,0.9128321188496632,0.8594803531213846,0.054131213723996874,0.0533517657282786,0.0007794479957182743,0.49908219671408444,0.7495410983570422,0.0,0.0,0.11354703456163406,0.9934043884277344,27.17878532409668,26.795082092285156
hc2/search/occlusion_5/order2/16,hc2,search,occlusion_5,order2,20,0.0,0.0,0.0,0.0,0.0,0.0,0.0,0.0,0.0,1.0,1.0,1.0,0.9427635639745733,0.8720090096456963,0.9084637646519403,-0.070754554328877,-0.036454755006244066,-0.03429979932263294,0.2613637727639938,0.6306818863819968,0.0,0.0,0.09945390373468399,0.9953175783157349,27.857177734375,26.91581153869629
hc2/search/occlusion_5/order2/20,hc2,search,occlusion_5,order2,4,0.0,0.0,0.0,0.0,0.0,0.0,0.0,0.0,0.0,1.0,1.0,1.0,0.7823762317631868,0.7696524992954743,0.754550344992004,-0.012723732467712523,0.015102154303470283,-0.027825886771182806,0.1549324213363874,0.5774662106681937,0.0,0.0,0.14252616465091705,0.9904112219810486,27.40517234802246,26.169025421142578
hc2/search/occlusion_5/order2/24,hc2,search,occlusion_5,order2,29,0.3391529438186892,0.3397396449747575,0.3970656179290678,0.0005867011560682922,-0.0573259729543103,0.05791267411037859,0.0,0.0,0.0,0.0,0.0,0.0,0.8368536310051226,0.8398772387589551,0.8721064587398126,0.003023607753832591,-0.03222921998085748,0.03525282773469007,0.20182272686281255,0.6009113634314063,0.0,0.0,0.12503598630428314,0.9922111630439758,25.701759338378906,25.08805274963379
hc2/search/occlusion_5/order2/28,hc2,search,occlusion_5,order2,8,0.04204931222254278,0.042130176412839115,0.3975295875569672,8.086419029633418e-05,-0.3553994111441281,0.35548027533442444,0.0,0.0,0.0,0.0,0.0,0.0,0.970168174864225,0.9656473005119409,0.9826168195200478,-0.004520874352284099,-0.016969519008106837,0.012448644655822738,0.36945962655881914,0.6847298132794096,0.0,0.0,0.14909131824970245,0.9892500042915344,26.780712127685547,25.845439910888672
hc2/search/exposure_5/order1/0,hc2,search,exposure_5,order1,2,0.7411082461945779,0.7211615948978113,0.8346124279682828,-0.01994665129676665,-0.11345083307047155,0.0935041817737049,1.0,1.0,1.0,0.0,0.0,0.0,0.9070177917576591,0.9626474776783017,0.9068203042936802,0.05562968592064266,0.05582717338462151,-0.00019748746397885153,0.09121718683800112,0.5456085934190005,0.0,0.0,0.15120454132556915,0.9893823266029358,24.879423141479492,23.680233001708984
hc2/search/exposure_5/order1/4,hc2,search,exposure_5,order1,27,0.4915755522290257,0.4971875309539055,0.6044333327949506,0.005611978724879785,-0.1072458018410451,0.11285778056592488,0.0,0.0,1.0,0.0,0.0,0.0,0.9259436822706654,0.927707329150352,0.9500433843181881,0.0017636468796866644,-0.0223360551678361,0.024099702047522764,0.2330360975909233,0.6165180487954617,0.0,0.0,0.12888815999031067,0.9920641779899597,27.280508041381836,26.28184700012207
hc2/search/exposure_5/order1/8,hc2,search,exposure_5,order1,26,0.2893928171785726,0.24034821748547439,0.22088639329331383,-0.04904459969309824,0.019461824192160554,-0.0685064238852588,0.0,0.0,0.0,0.0,0.0,0.0,0.7612743024688363,0.7917289460830412,0.8012097002309898,0.030454643614204913,-0.009480754147948578,0.03993539776215349,0.10184985073596142,0.5509249253679807,0.0,0.0,0.14799143373966217,0.9899630546569824,26.130226135253906,24.736690521240234
hc2/search/exposure_5/order1/12,hc2,search,exposure_5,order1,14,0.38332335271505014,0.5334016524215679,0.2510763476506424,0.15007829970651776,0.2823253047709255,-0.13224700506440773,0.0,1.0,0.0,0.0,0.0,0.0,0.9180700574010395,0.8667898167140734,0.8676740001837743,-0.05128024068696613,-0.0008841834697008721,-0.050396057217265255,0.3339420004212939,0.6669710002106469,0.0,0.0,0.12470052391290665,0.9920133948326111,26.025300979614258,24.9708194732666
hc2/search/exposure_5/order1/16,hc2,search,exposure_5,order1,29,0.33499416779400937,0.33744761533284456,0.39590222109504625,0.002453447538835196,-0.058454605762201683,0.06090805330103688,0.0,0.0,0.0,0.0,0.0,0.0,0.8328615083972543,0.8360770098263408,0.8761345390010986,0.0032155014290865536,-0.0400575291747578,0.043273030603844354,0.1873288932508766,0.5936644466254383,0.0,0.0,0.12822963297367096,0.9917864799499512,25.6417236328125,24.995376586914062
hc2/search/exposure_5/order1/20,hc2,search,exposure_5,order1,28,0.33262488095704895,0.34087153222038374,0.36187456879514196,0.008246651263334792,-0.021003036574758216,0.029249687838093008,0.0,0.0,0.0,0.0,0.0,0.0,0.9327707160925434,0.9271385116317851,0.8729483722567232,-0.005632204460758294,0.054190139375061896,-0.05982234383582019,0.23397734634640185,0.6169886731732008,0.0,0.0,0.14566895365715027,0.9897382855415344,26.131406784057617,25.135669708251953
hc2/search/exposure_5/order1/24,hc2,search,exposure_5,order1,1,0.3269563908089216,0.278232940593704,0.35200521679649044,-0.04872345021521757,-0.07377227620278642,0.025048825987568857,0.0,0.0,0.0,0.0,0.0,0.0,0.8537042910453353,0.9050696675266215,0.8971583140772358,0.05136537648128625,0.00791135344938576,0.04345402303190049,0.5078255295135105,0.7539127647567552,0.0,0.0,0.11169931292533875,0.99356609582901,27.243114471435547,26.856304168701172
hc2/search/exposure_5/order1/28,hc2,search,exposure_5,order1,3,0.7836855335123474,0.7823899039664871,0.7738631810625548,-0.0012956295458602662,0.008526722903932304,-0.00982235244979257,1.0,1.0,1.0,0.0,0.0,0.0,0.8497293406519396,0.8419714567725632,0.8446311647833327,-0.0077578838793763705,-0.0026597080107694238,-0.005098175868606947,0.15546189877045385,0.577730949385227,0.0,0.0,0.14441603422164917,0.9898446798324585,24.63473129272461,23.760887145996094
hc2/search/exposure_5/order2/0,hc2,search,exposure_5,order2,16,0.5855273402863748,0.5252723350841192,0.6198869351144033,-0.060255005202255574,-0.0946146000302841,0.03435959482802853,1.0,1.0,1.0,0.0,0.0,0.0,0.9557077884674072,0.9522922465409938,0.96416151706989,-0.003415541926413468,-0.011869270528896192,0.008453728602482724,0.1047401425373312,0.5523700712686656,0.0,0.0,0.13109135627746582,0.9920461773872375,26.658164978027344,25.470474243164062
hc2/search/exposure_5/order2/4,hc2,search,exposure_5,order2,23,0.6110287699394397,0.629457264628029,0.8020175110362693,0.018428494688589314,-0.1725602464082403,0.19098874109682962,1.0,1.0,1.0,0.0,0.0,0.0,0.8416423113037697,0.8369249229075942,0.8754131023700421,-0.004717388396175415,-0.03848817946244787,0.033770791066272454,0.14192560103299753,0.5709628005164987,0.0,0.0,0.12971185147762299,0.993012547492981,26.910400390625,25.29371452331543
hc2/search/exposure_5/order2/8,hc2,search,exposure_5,order2,5,0.1053510405496623,0.21208622143923947,0.23261591766268522,0.10673518088957717,-0.020529696223445748,0.12726487711302292,0.0,0.0,0.0,0.0,0.0,0.0,0.9243415025462455,0.9405787188307684,0.8859912300444841,0.016237216284522904,0.05458748878628428,-0.03835027250176137,0.21933470616386977,0.6096673530819349,0.0,0.0,0.12141103297472,0.9931704998016357,28.02003288269043,26.914447784423828
hc2/search/exposure_5/order2/12,hc2,search,exposure_5,order2,1,0.3269563908089216,0.28261297599865126,0.33886775387287993,-0.04434341481027032,-0.05625477787422867,0.011911363063958347,0.0,0.0,0.0,0.0,0.0,0.0,0.8537042910453353,0.9062338347568124,0.8564110215227831,0.05252954371147711,0.04982281323402926,0.0027067304774478496,0.5011365033599544,0.7505682516799772,0.0,0.0,0.11263721436262131,0.9934712648391724,27.243114471435547,26.853076934814453
hc2/search/exposure_5/order2/16,hc2,search,exposure_5,order2,20,0.0,0.0,0.0,0.0,0.0,0.0,0.0,0.0,0.0,1.0,1.0,1.0,0.94453731819887,0.871588154842979,0.9295488420187872,-0.07294916335589097,-0.05796068717580816,-0.01498847618008281,0.2633763991461363,0.6316881995730683,0.0,0.0,0.09964689612388611,0.9952942132949829,27.8723201751709,26.94194793701172
hc2/search/exposure_5/order2/20,hc2,search,exposure_5,order2,4,0.0,0.0,0.0,0.0,0.0,0.0,0.0,0.0,0.0,1.0,1.0,1.0,0.7815990063968121,0.7909585976615001,0.7937095911244642,0.009359591264687994,-0.0027509934629640354,0.01211058472765203,0.1546120675587725,0.5773060337793863,0.0,0.0,0.14392395317554474,0.9901782274246216,27.44826316833496,26.233028411865234
hc2/search/exposure_5/order2/24,hc2,search,exposure_5,order2,29,0.33499416779400937,0.3380132135000658,0.4099511113362302,0.0030190457060564335,-0.07193789783616439,0.07495694354222082,0.0,0.0,0.0,0.0,0.0,0.0,0.8328615083972543,0.8363383679563661,0.8573588971720819,0.003476859559111811,-0.021020529215715844,0.024497388774827655,0.2001859448656659,0.600092972432833,0.0,0.0,0.12755407392978668,0.9918415546417236,25.6417236328125,25.050601959228516
hc2/search/exposure_5/order2/28,hc2,search,exposure_5,order2,8,0.04201337795545601,0.04217220098344046,0.3879773818546947,0.00015882302798445047,-0.3458051808712542,0.3459640038992387,0.0,0.0,0.0,0.0,0.0,0.0,0.9810906511051356,0.975489128990853,0.9705453560964831,-0.005601522114282553,0.00494377289436998,-0.010545295008652533,0.3701767619997754,0.6850883809998877,0.0,0.0,0.14976878464221954,0.9891491532325745,26.81513786315918,25.88310432434082
hc2/confirm/clean/order1/0,hc2,confirm,clean,order1,33,0.8351758134138891,0.8354098729841082,0.8309071980323962,0.00023405957021904733,0.004502674951711971,-0.004268615381492924,1.0,1.0,1.0,0.0,0.0,0.0,0.8883045414190155,0.8882403301625739,0.8986250484559611,-6.42112564416264e-05,-0.010384718293387274,0.010320507036945648,0.21928598054849507,0.6096429902742475,0.0,0.0,0.14023485779762268,0.9906886219978333,25.429439544677734,24.329566955566406
hc2/confirm/clean/order1/4,hc2,confirm,clean,order1,47,0.0,0.0,0.2711603590259091,0.0,-0.2711603590259091,0.2711603590259091,0.0,0.0,0.0,1.0,1.0,0.0,0.948766045912335,0.993203395660326,0.7372242714116765,0.04443734974799096,0.25597912424864955,-0.21154177450065859,0.2843150042011665,0.6421575021005833,0.0,0.0,0.14035664498806,0.9902574419975281,27.225679397583008,26.49764633178711
hc2/confirm/clean/order1/8,hc2,confirm,clean,order1,42,0.27616699261385097,0.29148157024271026,0.13483075025548302,0.015314577628859294,0.15665081998722724,-0.14133624235836795,0.0,0.0,0.0,0.0,0.0,0.0,0.8552152523130326,0.8585081907045231,0.7657250221432992,0.003292938391490474,0.09278316856122393,-0.08949023016973345,0.29773122541036867,0.6488656127051844,0.0,0.0,0.1525011956691742,0.9881485104560852,25.93521499633789,25.31874656677246
hc2/confirm/clean/order1/12,hc2,confirm,clean,order1,34,0.598227163292908,0.7658809844108092,0.5799104095143336,0.16765382111790117,0.18597057489647562,-0.018316753778574446,1.0,1.0,1.0,0.0,0.0,0.0,0.9081328869108852,0.9503218061468257,0.9062788042361664,0.04218891923594048,0.04404300191065935,-0.001854082674718871,0.24709860490606653,0.6235493024530332,0.0,0.0,0.13414809107780457,0.9911117553710938,23.671249389648438,23.065494537353516
hc2/confirm/clean/order2/0,hc2,confirm,clean,order2,43,0.0,0.0,0.8221899781908307,0.0,-0.8221899781908307,0.8221899781908307,0.0,0.0,1.0,1.0,1.0,0.0,0.9340328659330096,0.9037896394729614,0.9284692832401821,-0.030243226460048178,-0.02467964376722065,-0.005563582692827529,0.3530979967364144,0.6765489983682073,0.0,0.0,0.12358812242746353,0.9921484589576721,25.694854736328125,24.974796295166016
hc2/confirm/clean/order2/4,hc2,confirm,clean,order2,34,0.598227163292908,0.7634900038912503,0.9468147018954066,0.1652628405983423,-0.1833246980041563,0.3485875386024986,1.0,1.0,1.0,0.0,0.0,0.0,0.9081328869108852,0.9494742467428122,0.9468147018954066,0.041341359831926994,0.002659544847405604,0.03868181498452139,0.24840542405236538,0.6242027120261826,0.0,0.0,0.13409462571144104,0.9911205768585205,23.671249389648438,23.063325881958008
hc2/confirm/clean/order2/8,hc2,confirm,clean,order2,41,0.916389905489408,0.9175272721510667,0.912955797635592,0.0011373666616586453,0.004571474515474683,-0.0034341078538160374,1.0,1.0,1.0,0.0,0.0,0.0,0.934419191800631,0.9366995004507211,0.9312138190636268,0.0022803086500901015,0.005485681387094377,-0.003205372737004275,0.21203635958247466,0.6060181797912374,0.0,0.0,0.11915086954832077,0.9934068322181702,26.785903930664062,25.73964500427246
hc2/confirm/clean/order2/12,hc2,confirm,clean,order2,44,0.6875788894034323,0.6676669106832819,0.6169771066509743,-0.01991197872015038,0.050689804032307606,-0.07060178275245799,1.0,1.0,1.0,0.0,0.0,0.0,0.9471346738353091,0.8425917304776148,0.7421029228821232,-0.10454294335769432,0.10048880759549161,-0.20503175095318593,0.08560380916697015,0.5428019045834851,0.0,0.0,0.1283937394618988,0.992381751537323,26.444799423217773,25.30936622619629
hc2/confirm/frame_drop_5/order1/0,hc2,confirm,frame_drop_5,order1,33,0.7882493956172503,0.6760668217453345,0.8125259453772323,-0.11218257387191577,-0.13645912363189783,0.024276549759982058,1.0,1.0,1.0,0.0,0.0,0.0,0.8783987590244838,0.8755034946259999,0.9134753378279048,-0.0028952643984839765,-0.03797184320190494,0.035076578803420966,0.22175032995662414,0.6108751649783121,0.0,0.0,0.13789935410022736,0.990887463092804,25.515399932861328,24.433530807495117
hc2/confirm/frame_drop_5/order1/4,hc2,confirm,frame_drop_5,order1,47,0.0,0.0,0.1310268733758813,0.0,-0.1310268733758813,0.1310268733758813,0.0,0.0,0.0,1.0,1.0,0.0,0.8076373281131137,0.797440231536846,0.7110459551106425,-0.010197096576267772,0.08639427642620345,-0.09659137300247123,0.2871677910275102,0.643583895513755,0.0,0.0,0.13810691237449646,0.9904650449752808,27.23092269897461,26.517887115478516
hc2/confirm/frame_drop_5/order1/8,hc2,confirm,frame_drop_5,order1,42,0.27196552369949323,0.2956356320045217,0.1890442640215055,0.02367010830502847,0.10659136798301619,-0.08292125967798772,0.0,0.0,0.0,0.0,0.0,0.0,0.8622817520361038,0.8692452715158189,0.7895963697884828,0.006963519479715075,0.07964890172733607,-0.072685382247621,0.2952734787456682,0.6476367393728341,0.0,0.0,0.14655955135822296,0.98885178565979,26.110225677490234,25.483413696289062
hc2/confirm/frame_drop_5/order1/12,hc2,confirm,frame_drop_5,order1,34,0.33080190017952404,0.9382408006482533,0.9627168814206946,0.6074389004687293,-0.024476080772441233,0.6319149812411705,0.0,1.0,1.0,0.0,0.0,0.0,0.9207571053230612,0.9599138589717349,0.9627168814206946,0.03915675364867366,-0.002803022448959691,0.04195977609763335,0.25240794181189974,0.6262039709059498,0.0,0.0,0.12957999110221863,0.9915353655815125,23.884780883789062,23.292465209960938
hc2/confirm/frame_drop_5/order2/0,hc2,confirm,frame_drop_5,order2,43,0.0,0.6082917809636958,0.6168509553408568,0.6082917809636958,-0.008559174377160916,0.6168509553408568,0.0,1.0,1.0,1.0,0.0,0.0,0.9541002341679165,0.9407767861503727,0.9600058633201741,-0.013323448017543704,-0.01922907716980138,0.005905629152257674,0.35038170953014913,0.6751908547650746,0.0,0.0,0.12037365138530731,0.992423415184021,25.876474380493164,25.16343879699707
hc2/confirm/frame_drop_5/order2/4,hc2,confirm,frame_drop_5,order2,34,0.33080190017952404,0.9388274252830053,0.9390234205959394,0.6080255251034813,-0.0001959953129340164,0.6082215204164153,0.0,1.0,1.0,0.0,0.0,0.0,0.9207571053230612,0.9586587308886387,0.9390234205959394,0.037901625565577524,0.01963531029269938,0.018266315272878142,0.25300009817935465,0.6265000490896774,0.0,0.0,0.12952089309692383,0.9915474057197571,23.884780883789062,23.29163360595703
hc2/confirm/frame_drop_5/order2/8,hc2,confirm,frame_drop_5,order2,41,0.9174666771521935,0.9187997671274039,0.9135221334604117,0.001333089975210311,0.0052776336669921875,-0.003944543691781877,1.0,1.0,1.0,0.0,0.0,0.0,0.936892582820012,0.939030280480018,0.9330620398888221,0.0021376976600060438,0.005968240591195939,-0.0038305429311898953,0.21024409393527208,0.605122046967636,0.0,0.0,0.1166141927242279,0.9936237931251526,26.851865768432617,25.81828498840332
hc2/confirm/frame_drop_5/order2/12,hc2,confirm,frame_drop_5,order2,44,0.6883927323990889,0.6897313910578756,0.6905067321718333,0.0013386586587866844,-0.0007753411139577171,0.0021139997727444015,1.0,1.0,1.0,0.0,0.0,0.0,0.944007339477539,0.9087226915036767,0.7564494121658764,-0.035284647973862326,0.15227327933780033,-0.18755792731166265,0.09295542166868427,0.5464777108343422,0.0,0.0,0.12289434671401978,0.9929527640342712,26.616058349609375,25.502201080322266
hc2/confirm/frame_freeze_5/order1/0,hc2,confirm,frame_freeze_5,order1,33,0.8350737326692618,0.8355748105422064,0.8327955736314018,0.0005010778729446219,0.0027792369108046167,-0.0022781590378599947,1.0,1.0,1.0,0.0,0.0,0.0,0.8885632003760195,0.8882939344553273,0.899132255408306,-0.00026926592069220767,-0.010838320952978653,0.010569055032286445,0.219209435543618,0.609604717771809,0.0,0.0,0.14034134149551392,0.9906739592552185,25.43467140197754,24.334136962890625
hc2/confirm/frame_freeze_5/order1/4,hc2,confirm,frame_freeze_5,order1,47,0.0,0.0,0.19205190473653566,0.0,-0.19205190473653566,0.19205190473653566,0.0,0.0,0.0,1.0,1.0,0.0,0.9468293544079032,0.9844327869695781,0.7231338903368159,0.037603432561674976,0.2612988966327623,-0.2236954640710873,0.28398998505214723,0.6419949925260735,0.0,0.0,0.14015993475914001,0.9902876019477844,27.221607208251953,26.491426467895508
hc2/confirm/frame_freeze_5/order1/8,hc2,confirm,frame_freeze_5,order1,42,0.2783176691630452,0.29361160918401963,0.17044488908781139,0.01529394002097445,0.12316672009620824,-0.10787278007523379,0.0,0.0,0.0,0.0,0.0,0.0,0.8542837083469594,0.8572115026062492,0.7771293526335279,0.0029277942592897954,0.08008214997272134,-0.07715435571343154,0.29827833178844915,0.6491391658942245,0.0,0.0,0.1525907814502716,0.9881342649459839,25.953372955322266,25.330535888671875
hc2/confirm/frame_freeze_5/order1/12,hc2,confirm,frame_freeze_5,order1,34,0.6285868342454514,0.7689663430572786,0.9954826941856971,0.14037950881182726,-0.2265163511284185,0.36689585994024576,1.0,1.0,1.0,0.0,0.0,0.0,0.9323035318150297,0.9348526737549303,0.9954826941856971,0.0025491419399006343,-0.06063002043076682,0.06317916237066745,0.24706182679375477,0.6235309133968774,0.0,0.0,0.13431954383850098,0.9910987615585327,23.677810668945312,23.06044578552246
hc2/confirm/frame_freeze_5/order2/0,hc2,confirm,frame_freeze_5,order2,43,0.0,0.64970395726272,0.6597470411548753,0.64970395726272,-0.010043083892155247,0.6597470411548753,0.0,1.0,1.0,1.0,0.0,0.0,0.9251088925770351,0.9063227006367275,0.9288006680352348,-0.018786191940307617,-0.02247796739850727,0.003691775458199653,0.3538833273394895,0.6769416636697447,0.0,0.0,0.1230640634894371,0.9922133088111877,25.807212829589844,25.083866119384766
hc2/confirm/frame_freeze_5/order2/4,hc2,confirm,frame_freeze_5,order2,34,0.6285868342454514,0.768873181915871,0.9670581632995635,0.1402863476704196,-0.19818498138369256,0.33847132905411215,1.0,1.0,1.0,0.0,0.0,0.0,0.9323035318150297,0.9355203722263524,0.9670581632995635,0.0032168404113227522,-0.031537791073211086,0.03475463148453384,0.24752495825061072,0.6237624791253054,0.0,0.0,0.1342097818851471,0.9911146759986877,23.677810668945312,23.059755325317383
hc2/confirm/frame_freeze_5/order2/8,hc2,confirm,frame_freeze_5,order2,41,0.9164048708402194,0.917719474205604,0.9119625091552734,0.0013146033653845812,0.00575696505033052,-0.004442361684945939,1.0,1.0,1.0,0.0,0.0,0.0,0.9343958634596604,0.9368858337402344,0.9299203432523288,0.002489970280573961,0.006965490487905623,-0.0044755202073316624,0.2119657045858691,0.6059828522929346,0.0,0.0,0.11934728175401688,0.9933944940567017,26.772573471069336,25.71891975402832
hc2/confirm/frame_freeze_5/order2/12,hc2,confirm,frame_freeze_5,order2,44,0.6914817995433479,0.673448597974051,0.6107412541788242,-0.018033201569296886,0.0627073437952268,-0.08074054536452369,1.0,1.0,1.0,0.0,0.0,0.0,0.963566172047263,0.8539574940925078,0.7379828080133128,-0.10960867795475526,0.11597468607919492,-0.22558336403395018,0.08312284451967694,0.5415614222598385,0.0,0.0,0.12720458209514618,0.9926030039787292,26.44553565979004,25.277881622314453
hc2/confirm/motion_blur_5/order1/0,hc2,confirm,motion_blur_5,order1,33,0.8696549333271407,0.86477737067354,0.8459395577668554,-0.004877562653600731,0.018837812906684626,-0.023715375560285357,1.0,1.0,1.0,0.0,0.0,0.0,0.9322927264464382,0.9305759555435124,0.9150050069503927,-0.0017167709029258793,0.015570948593119693,-0.017287719496045573,0.22158272268722265,0.6107913613436113,0.0,0.0,0.1390475034713745,0.9908143877983093,25.44713020324707,24.357234954833984
hc2/confirm/motion_blur_5/order1/4,hc2,confirm,motion_blur_5,order1,47,0.0,0.0,0.1669309054508645,0.0,-0.1669309054508645,0.1669309054508645,0.0,0.0,0.0,1.0,1.0,0.0,0.893686360938105,0.907433655306898,0.6504437506630941,0.013747294368792962,0.2569899046438039,-0.24324261027501093,0.2867463458862643,0.6433731729431322,0.0,0.0,0.13949179649353027,0.9903554916381836,27.16767120361328,26.454151153564453
hc2/confirm/motion_blur_5/order1/8,hc2,confirm,motion_blur_5,order1,42,0.28960418909026586,0.30768683283402287,0.19462965079886382,0.01808264374375701,0.11305718203515905,-0.09497453829140204,0.0,0.0,0.0,0.0,0.0,0.0,0.865202393859291,0.8690624585598727,0.7954708939005023,0.0038600647005817557,0.07359156465937045,-0.06973149995878869,0.3000905764650544,0.6500452882325272,0.0,0.0,0.1509297788143158,0.9884079098701477,25.965335845947266,25.333667755126953
hc2/confirm/motion_blur_5/order1/12,hc2,confirm,motion_blur_5,order1,34,0.6765957967017934,0.947396101883512,0.44425189678485577,0.2708003051817186,0.5031442050986562,-0.2323438999169376,1.0,1.0,0.0,0.0,0.0,0.0,0.9315261360219709,0.947396101883512,0.9795600901744225,0.015869965861541102,-0.032163988290910495,0.0480339541524516,0.2504956595033288,0.6252478297516645,0.0,0.0,0.13205783069133759,0.991359531879425,23.781259536743164,23.1784610748291
hc2/confirm/motion_blur_5/order2/0,hc2,confirm,motion_blur_5,order2,43,0.0,0.6621356993742611,0.6545084262813546,0.6621356993742611,0.00762727309290645,0.6545084262813546,0.0,1.0,1.0,1.0,0.0,0.0,0.9332626854590911,0.921533329146249,0.9286588260105678,-0.01172935631284211,-0.007125496864318848,-0.004603859448523262,0.3550240750875086,0.6775120375437544,0.0,0.0,0.12267116457223892,0.9922712445259094,25.75655746459961,25.02324104309082
hc2/confirm/motion_blur_5/order2/4,hc2,confirm,motion_blur_5,order2,34,0.6765957967017934,0.9476786962014188,0.9773724600358233,0.2710828994996254,-0.029693763834404585,0.30077666333402997,1.0,1.0,1.0,0.0,0.0,0.0,0.9315261360219709,0.9476786962014188,0.9773724600358233,0.016152560179447883,-0.029693763834404585,0.04584632401385247,0.25156240144781317,0.6257812007239066,0.0,0.0,0.13192850351333618,0.9913769960403442,23.781259536743164,23.177457809448242
hc2/confirm/motion_blur_5/order2/8,hc2,confirm,motion_blur_5,order2,41,0.919049336360051,0.9201052739070013,0.9137898958646334,0.0010559375469502141,0.006315378042367814,-0.0052594404954176,1.0,1.0,1.0,0.0,0.0,0.0,0.9385780921349158,0.9403573549710788,0.9332100794865534,0.0017792628361629204,0.007147275484525317,-0.005368012648362397,0.2131176492686919,0.606558824634346,0.0,0.0,0.11937465518712997,0.993398129940033,26.86318016052246,25.800662994384766
hc2/confirm/motion_blur_5/order2/12,hc2,confirm,motion_blur_5,order2,44,0.6822173785262191,0.6678662748803714,0.6395496946552843,-0.014351103645847685,0.028316580225087096,-0.04266768387093478,1.0,1.0,1.0,0.0,0.0,0.0,0.9652795913294526,0.867032484431219,0.7660412089029948,-0.09824710689823357,0.10099127552822429,-0.19923838242645786,0.08853868673037907,0.5442693433651895,0.0,0.0,0.12591375410556793,0.9927400350570679,26.663955688476562,25.50312614440918
hc2/confirm/occlusion_5/order1/0,hc2,confirm,occlusion_5,order1,33,0.8373217866072294,0.8372526688643249,0.8325769531983009,-6.91177429045231e-05,0.004675715666023983,-0.004744833408928506,1.0,1.0,1.0,0.0,0.0,0.0,0.8877239321225536,0.8889097726605002,0.8980439855295647,0.0011858405379465697,-0.009134212869064462,0.010320053407011032,0.21848503222132182,0.6092425161106609,0.0,0.0,0.1404501050710678,0.9906489849090576,25.39040184020996,24.298494338989258
hc2/confirm/occlusion_5/order1/4,hc2,confirm,occlusion_5,order1,47,0.0,0.0,0.20159758997272892,0.0,-0.20159758997272892,0.20159758997272892,0.0,0.0,0.0,1.0,1.0,0.0,0.936466211558837,0.9223048922793609,0.7141817162114754,-0.01416131927947617,0.20812317606788544,-0.2222844953473616,0.2846454632540745,0.6423227316270372,0.0,0.0,0.1402386873960495,0.9902796745300293,27.176557540893555,26.446680068969727
hc2/confirm/occlusion_5/order1/8,hc2,confirm,occlusion_5,order1,42,0.2767388215048696,0.2944813442671386,0.13570003551703697,0.01774252276226901,0.15878130875010166,-0.14103878598783265,0.0,0.0,0.0,0.0,0.0,0.0,0.853312671065622,0.857343907285589,0.7669952110434275,0.004031236219966927,0.09034869624216146,-0.08631746002219454,0.29444089419556063,0.6472204470977803,0.0,0.0,0.1527452915906906,0.9881089925765991,25.889741897583008,25.25970458984375
hc2/confirm/occlusion_5/order1/12,hc2,confirm,occlusion_5,order1,34,0.6446825296306318,0.779452559734512,0.17337322478641837,0.13477003010388022,0.6060793349480936,-0.4713093048442134,1.0,1.0,0.0,0.0,0.0,0.0,0.9179991047783446,0.9477611146648166,0.9424930727622031,0.02976200988647204,0.0052680419026135406,0.0244939679838585,0.2465997094604999,0.62329985473025,0.0,0.0,0.13349640369415283,0.9911819100379944,23.639461517333984,23.058589935302734
hc2/confirm/occlusion_5/order2/0,hc2,confirm,occlusion_5,order2,43,0.0,0.0,0.8562290668487549,0.0,-0.8562290668487549,0.8562290668487549,0.0,0.0,1.0,1.0,1.0,0.0,0.938857981136867,0.906442676271711,0.9702272760402199,-0.03241530486515598,-0.06378459976850881,0.03136929490335283,0.35338141606517876,0.6766907080325893,0.0,0.0,0.12411171197891235,0.9920710921287537,25.624662399291992,24.91254997253418
hc2/confirm/occlusion_5/order2/4,hc2,confirm,occlusion_5,order2,34,0.6446825296306318,0.7777722899193299,0.9344028947893835,0.13308976028869812,-0.15663060487005365,0.28972036515875177,1.0,1.0,1.0,0.0,0.0,0.0,0.9179991047783446,0.94668351646624,0.9344028947893835,0.028684411687895484,0.012280621676856507,0.016403790011038977,0.24800571960667486,0.6240028598033374,0.0,0.0,0.13337528705596924,0.9911990761756897,23.639461517333984,23.058002471923828
hc2/confirm/occlusion_5/order2/8,hc2,confirm,occlusion_5,order2,41,0.9171340648944561,0.9185139582707331,0.9134104802058294,0.001379893376276975,0.005103478064903744,-0.0037235846886267687,1.0,1.0,1.0,0.0,0.0,0.0,0.935362302339994,0.9380752856914814,0.9322655017559345,0.002712983351487397,0.005809783935546875,-0.003096800584059478,0.2106113685879271,0.6053056842939636,0.0,0.0,0.11969983577728271,0.993345320224762,26.760005950927734,25.709842681884766
hc2/confirm/occlusion_5/order2/12,hc2,confirm,occlusion_5,order2,44,0.7015752729765008,0.677293929671573,0.6162083279764078,-0.024281343304927816,0.06108560169516519,-0.08536694500009301,1.0,1.0,1.0,0.0,0.0,0.0,0.9685210418701172,0.8722596563242281,0.7440771767456921,-0.09626138554588914,0.128182479578536,-0.22444386512442516,0.0861487112872047,0.5430743556436023,0.0,0.0,0.12867838144302368,0.9923443794250488,26.436054229736328,25.299030303955078
hc2/confirm/exposure_5/order1/0,hc2,confirm,exposure_5,order1,33,0.8353501336611291,0.8349731016218505,0.838492502150484,-0.00037703203927863527,-0.0035194005286335317,0.0031423684893548964,1.0,1.0,1.0,0.0,0.0,0.0,0.8872188939571349,0.8874250961272244,0.9068036788065955,0.00020620217008948671,-0.019378582679371092,0.01958478484946058,0.21949606797682647,0.6097480339884133,0.0,0.0,0.14023834466934204,0.9906845092773438,25.433475494384766,24.336000442504883
hc2/confirm/exposure_5/order1/4,hc2,confirm,exposure_5,order1,47,0.0,0.0,0.2703122465368802,0.0,-0.2703122465368802,0.2703122465368802,0.0,0.0,0.0,1.0,1.0,0.0,0.9674350490227365,0.9687933574874397,0.7134988336008481,0.001358308464703195,0.2552945238865916,-0.2539362154218884,0.2851597120312175,0.6425798560156087,0.0,0.0,0.14009392261505127,0.9902881979942322,27.20524787902832,26.48341178894043
hc2/confirm/exposure_5/order1/8,hc2,confirm,exposure_5,order1,42,0.2773532622717696,0.2930953020558444,0.17813002499099923,0.01574203978407479,0.11496527706484516,-0.09922323728077037,0.0,0.0,0.0,0.0,0.0,0.0,0.8547778798325569,0.8576511728339932,0.7837584760867299,0.002873293001436239,0.07389269674726329,-0.07101940374582705,0.29798086107370414,0.648990430536852,0.0,0.0,0.15280087292194366,0.9880946278572083,25.90995216369629,25.292171478271484
hc2/confirm/exposure_5/order1/12,hc2,confirm,exposure_5,order1,34,0.6003561204648417,0.762834165292124,0.9814804282352375,0.16247804482728234,-0.2186462629431135,0.38112430777039585,1.0,1.0,1.0,0.0,0.0,0.0,0.9133798356528573,0.9437424350934719,0.9814804282352375,0.03036259944061459,-0.037737993141765624,0.06810059258238021,0.24788523672699692,0.6239426183634985,0.0,0.0,0.13441941142082214,0.9910708665847778,23.651424407958984,23.044275283813477
hc2/confirm/exposure_5/order2/0,hc2,confirm,exposure_5,order2,43,0.0,0.0,0.6666485415291392,0.0,-0.6666485415291392,0.6666485415291392,0.0,0.0,1.0,1.0,1.0,0.0,0.9315310035433088,0.9012753282274518,0.9342076778411865,-0.030255675315856934,-0.0329323496137347,0.002676674297877768,0.35123677750323584,0.675618388751618,0.0,0.0,0.12424922734498978,0.992077648639679,25.69101905822754,24.955631256103516
hc2/confirm/exposure_5/order2/4,hc2,confirm,exposure_5,order2,34,0.6003561204648417,0.7623633470518231,0.9553780269872015,0.1620072265869814,-0.19301467993537846,0.3550219065223599,1.0,1.0,1.0,0.0,0.0,0.0,0.9133798356528573,0.9428140838664313,0.9553780269872015,0.029434248213573988,-0.012563943120770249,0.04199819133434424,0.248481402642105,0.6242407013210526,0.0,0.0,0.13432826101779938,0.9910842776298523,23.651424407958984,23.043598175048828
hc2/confirm/exposure_5/order2/8,hc2,confirm,exposure_5,order2,41,0.9166275904728816,0.9178337684044471,0.9112299405611478,0.0012061779315655219,0.00660382784329927,-0.005397649911733748,1.0,1.0,1.0,0.0,0.0,0.0,0.9346201970027044,0.9370878659761869,0.9289660820594201,0.0024676689734824953,0.008121783916766767,-0.005654114943284272,0.21059060010674321,0.6052953000533715,0.0,0.0,0.11929669976234436,0.9934046864509583,26.7813720703125,25.724151611328125
hc2/confirm/exposure_5/order2/12,hc2,confirm,exposure_5,order2,44,0.6869116639048695,0.6636330403685154,0.6200007670028272,-0.023278623536354015,0.0436322733656882,-0.06691089690204222,1.0,1.0,1.0,0.0,0.0,0.0,0.943713902371019,0.8296611384459197,0.7334874039556872,-0.11405276392509933,0.09617373449023248,-0.2102264984153318,0.09090392575074112,0.5454519628753706,0.0,0.0,0.1292097270488739,0.9922170639038086,26.441612243652344,25.346134185791016
