dataset,split,source_id,condition,order,arrival,expert_scheduled,GT_supervised,N_v,N_t,A8_v,A8_t,R1_v,R1_t,R1_minus_N_v,R1_minus_N_t,R1_minus_A8_v,R1_minus_A8_t,teacher_MAP_v,teacher_MAP_t,GT_time_v,GT_time_t
vidstg,search,8,clean,order1,0,True,True,0.08761806056923738,0.7858942065491183,0.10014742153093327,0.8286445012787724,0.1183665697544162,0.906801007556675,0.030748509185178824,0.12090680100755669,0.01821914822348293,0.0781565062779026,0.14919099516645354,0.9974424552429667,0.14957353617970087,1.0
vidstg,search,15,clean,order1,1,False,False,0.0,0.0,0.0,0.0,0.0,0.0,0.0,0.0,0.0,0.0,0.0,0.0,0.37649322927297196,1.0
vidstg,search,19,clean,order1,2,False,False,0.6035882984630244,0.8607142857142858,0.6035882984630244,0.8607142857142858,0.6035882984630244,0.8607142857142858,0.0,0.0,0.0,0.0,0.6035882984630244,0.8607142857142858,0.7012644131520616,1.0
vidstg,search,27,clean,order1,3,False,False,0.0,0.0,0.0,0.0,0.0,0.0,0.0,0.0,0.0,0.0,0.0,0.0,0.2163613818300867,1.0
vidstg,search,7,clean,order1,4,True,True,0.0,0.0,0.0,0.0,0.0,0.0,0.0,0.0,0.0,0.0,0.03205700155778885,0.6875,0.04662836590223833,1.0
vidstg,search,1,clean,order1,5,False,False,0.0,0.0,0.0,0.0,0.0,0.0,0.0,0.0,0.0,0.0,0.0,0.0,0.0,1.0
vidstg,search,25,clean,order1,6,False,False,0.08254140430608899,0.11174785100286533,0.08254140430608899,0.11174785100286533,0.08254140430608899,0.11174785100286533,0.0,0.0,0.0,0.0,0.08254140430608899,0.11174785100286533,0.7386397462262835,1.0
vidstg,search,3,clean,order1,7,False,False,0.21422250646741212,0.37888198757763975,0.21422250646741212,0.37888198757763975,0.21422250646741212,0.37888198757763975,0.0,0.0,0.0,0.0,0.21422250646741212,0.37888198757763975,0.476082983636742,1.0
vidstg,search,4,clean,order1,8,True,True,0.13050860603403167,0.5048543689320388,0.041287975387184234,0.18543046357615894,0.17103070791028446,0.6447368421052632,0.0405221018762528,0.13988247317322433,0.12974273252310023,0.4593063785291042,0.25543613026553624,0.9620253164556962,0.26551913540759686,1.0
vidstg,search,6,clean,order1,9,False,False,0.41067762142617636,0.5986842105263158,0.41067762142617636,0.5986842105263158,0.41067762142617636,0.5986842105263158,0.0,0.0,0.0,0.0,0.41067762142617636,0.5986842105263158,0.7284178756357691,1.0
vidstg,search,20,clean,order1,10,False,False,0.2721916707245217,0.4742268041237113,0.2721916707245217,0.4742268041237113,0.2721916707245217,0.4742268041237113,0.0,0.0,0.0,0.0,0.2721916707245217,0.4742268041237113,0.5739693926147523,1.0
vidstg,search,17,clean,order1,11,False,False,0.02142206467282315,0.3951612903225806,0.02142206467282315,0.3951612903225806,0.02142206467282315,0.3951612903225806,0.0,0.0,0.0,0.0,0.02142206467282315,0.3951612903225806,0.04660811579923312,1.0
vidstg,search,24,clean,order1,12,True,True,0.00225165002142903,0.7376093294460642,0.00225165002142903,0.8775510204081632,0.00225165002142903,0.8425655976676385,0.0,0.10495626822157433,0.0,-0.03498542274052474,0.00225165002142903,1.0,0.00225165002142903,1.0
vidstg,search,2,clean,order1,13,False,False,0.20159329211989888,0.919047619047619,0.20159329211989888,0.919047619047619,0.20159329211989888,0.919047619047619,0.0,0.0,0.0,0.0,0.20159329211989888,0.919047619047619,0.22304285139401048,1.0
vidstg,search,0,clean,order1,14,False,False,0.028938873310852965,0.144136078782453,0.028938873310852965,0.144136078782453,0.028938873310852965,0.144136078782453,0.0,0.0,0.0,0.0,0.028938873310852965,0.144136078782453,0.03196306815591547,1.0
vidstg,search,9,clean,order1,15,False,False,0.05403649432011465,0.32941176470588235,0.05403649432011465,0.32941176470588235,0.05403649432011465,0.32941176470588235,0.0,0.0,0.0,0.0,0.05403649432011465,0.32941176470588235,0.16403935775749087,1.0
vidstg,search,26,clean,order1,16,True,True,0.2191453104602114,0.6744904261890056,0.21649701587081147,0.6670784434836319,0.2191453104602114,0.6744904261890056,0.0,0.0,0.002648294589399941,0.0074119827053736875,0.3040523544263173,0.9920343137254902,0.306493787784898,1.0
vidstg,search,22,clean,order1,17,False,False,0.499323013753303,0.6785714285714286,0.499323013753303,0.6785714285714286,0.499323013753303,0.6785714285714286,0.0,0.0,0.0,0.0,0.499323013753303,0.6785714285714286,0.7358444413206571,1.0
vidstg,search,5,clean,order1,18,False,False,0.404970811599019,0.6312056737588653,0.404970811599019,0.6312056737588653,0.404970811599019,0.6312056737588653,0.0,0.0,0.0,0.0,0.404970811599019,0.6312056737588653,0.6437380547907756,1.0
vidstg,search,13,clean,order1,19,False,False,0.02556958532297251,0.0319634703196347,0.02556958532297251,0.0319634703196347,0.02556958532297251,0.0319634703196347,0.0,0.0,0.0,0.0,0.02556958532297251,0.0319634703196347,0.6736279888124096,1.0
vidstg,search,18,clean,order1,20,True,True,0.0,0.0,0.003708199998385631,0.2616279069767442,0.0,0.0,0.0,0.0,-0.003708199998385631,-0.2616279069767442,0.013815387719617224,0.9747292418772563,0.014173564438273967,1.0
vidstg,search,10,clean,order1,21,False,False,0.21060959335494117,0.8282208588957055,0.21060959335494117,0.8282208588957055,0.21060959335494117,0.8282208588957055,0.0,0.0,0.0,0.0,0.21060959335494117,0.8282208588957055,0.23766276289259755,1.0
vidstg,search,28,clean,order1,22,False,False,0.6508764244362434,0.9043478260869565,0.6508764244362434,0.9043478260869565,0.6508764244362434,0.9043478260869565,0.0,0.0,0.0,0.0,0.6508764244362434,0.9043478260869565,0.7197191231746921,1.0
vidstg,search,31,clean,order1,23,False,False,0.0,0.9624664879356568,0.0,0.9624664879356568,0.0,0.9624664879356568,0.0,0.0,0.0,0.0,0.0,0.9624664879356568,0.0,1.0
vidstg,search,23,clean,order1,24,True,True,0.0,0.0,0.0,0.0,0.0,0.0,0.0,0.0,0.0,0.0,0.21955491287078513,0.8695652173913043,0.2524881498014029,1.0
vidstg,search,21,clean,order1,25,False,False,0.3115296778517049,0.6597938144329897,0.3115296778517049,0.6597938144329897,0.3115296778517049,0.6597938144329897,0.0,0.0,0.0,0.0,0.3115296778517049,0.6597938144329897,0.47216216799399024,1.0
vidstg,search,11,clean,order1,26,False,False,0.6404550711888826,0.84375,0.6404550711888826,0.84375,0.6404550711888826,0.84375,0.0,0.0,0.0,0.0,0.6404550711888826,0.84375,0.7319486527872944,1.0
vidstg,search,12,clean,order1,27,False,False,0.12446456667116229,0.3542319749216301,0.12446456667116229,0.3542319749216301,0.12446456667116229,0.3542319749216301,0.0,0.0,0.0,0.0,0.12446456667116229,0.3542319749216301,0.35136457316903336,1.0
vidstg,search,29,clean,order1,28,True,True,0.0,0.0,0.0,0.0,0.0,0.0,0.0,0.0,0.0,0.0,0.0,0.9437086092715232,0.0,1.0
vidstg,search,16,clean,order1,29,False,False,0.00033708757809015254,0.10599078341013825,0.00033708757809015254,0.10599078341013825,0.00033708757809015254,0.10599078341013825,0.0,0.0,0.0,0.0,0.00033708757809015254,0.10599078341013825,0.003180348019372309,1.0
vidstg,search,30,clean,order1,30,False,False,0.10261145584432114,0.30414746543778803,0.10261145584432114,0.30414746543778803,0.10261145584432114,0.30414746543778803,0.0,0.0,0.0,0.0,0.10261145584432114,0.30414746543778803,0.3260805838391826,1.0
vidstg,search,14,clean,order1,31,False,False,0.0,0.0,0.0,0.0,0.0,0.0,0.0,0.0,0.0,0.0,0.0,0.0,0.3860107205758686,1.0
vidstg,search,1,clean,order2,0,True,True,0.0,0.0,0.0,0.0,0.0,0.0,0.0,0.0,0.0,0.0,0.0,0.8507462686567164,0.0,1.0
vidstg,search,18,clean,order2,1,False,False,0.0,0.0,0.0,0.0,0.0,0.0,0.0,0.0,0.0,0.0,0.0,0.0,0.018733957145331267,1.0
vidstg,search,20,clean,order2,2,False,False,0.33366874376347466,0.4742268041237113,0.33366874376347466,0.4742268041237113,0.33366874376347466,0.4742268041237113,0.0,0.0,0.0,0.0,0.33366874376347466,0.4742268041237113,0.7036058292403705,1.0
vidstg,search,22,clean,order2,3,False,False,0.4798161511860265,0.6785714285714286,0.4798161511860265,0.6785714285714286,0.4798161511860265,0.6785714285714286,0.0,0.0,0.0,0.0,0.4798161511860265,0.6785714285714286,0.7070974859583549,1.0
vidstg,search,10,clean,order2,4,True,True,0.23392829316071984,0.8282208588957055,0.2256231466579724,0.7988165680473372,0.23392829316071984,0.8282208588957055,0.0,0.0,0.00830514650274744,0.029404290848368264,0.2567692358297798,0.9745222929936306,0.263482157027944,1.0
vidstg,search,17,clean,order2,5,False,False,0.02537272666323102,0.3951612903225806,0.02537272666323102,0.3951612903225806,0.02537272666323102,0.3951612903225806,0.0,0.0,0.0,0.0,0.02537272666323102,0.3951612903225806,0.05214036891884584,1.0
vidstg,search,16,clean,order2,6,False,False,0.0,0.10599078341013825,0.0,0.10599078341013825,0.0,0.10599078341013825,0.0,0.0,0.0,0.0,0.0,0.10599078341013825,0.0,1.0
vidstg,search,13,clean,order2,7,False,False,0.024797960231780224,0.0319634703196347,0.024797960231780224,0.0319634703196347,0.024797960231780224,0.0319634703196347,0.0,0.0,0.0,0.0,0.024797960231780224,0.0319634703196347,0.6607370665392386,1.0
vidstg,search,15,clean,order2,8,True,True,0.0,0.0,0.004752411989250036,0.009828009828009828,0.0,0.0,0.0,0.0,-0.004752411989250036,-0.009828009828009828,0.4089139839501132,0.8648648648648649,0.4728067939423184,1.0
vidstg,search,31,clean,order2,9,False,False,0.0,0.9624664879356568,0.0,0.9624664879356568,0.0,0.9624664879356568,0.0,0.0,0.0,0.0,0.0,0.9624664879356568,0.0,1.0
vidstg,search,23,clean,order2,10,False,False,0.0,0.0,0.0,0.0,0.0,0.0,0.0,0.0,0.0,0.0,0.0,0.0,0.08061439915929466,1.0
vidstg,search,28,clean,order2,11,False,False,0.6384556378804741,0.9043478260869565,0.6384556378804741,0.9043478260869565,0.6384556378804741,0.9043478260869565,0.0,0.0,0.0,0.0,0.6384556378804741,0.9043478260869565,0.7059845995793703,1.0
vidstg,search,30,clean,order2,12,True,True,0.1045728574734866,0.30414746543778803,0.1106941954719346,0.32195121951219513,0.1106941954719346,0.32195121951219513,0.006121337998447995,0.017803754074407097,0.0,0.0,0.3287394721481587,0.9873417721518988,0.3329540807654428,1.0
vidstg,search,21,clean,order2,13,False,False,0.32102222144192477,0.6597938144329897,0.32102222144192477,0.6597938144329897,0.32102222144192477,0.6597938144329897,0.0,0.0,0.0,0.0,0.32102222144192477,0.6597938144329897,0.4865493043729172,1.0
vidstg,search,4,clean,order2,14,False,False,0.22141029077106109,0.5048543689320388,0.22141029077106109,0.5048543689320388,0.22141029077106109,0.5048543689320388,0.0,0.0,0.0,0.0,0.22141029077106109,0.5048543689320388,0.43503664493397665,1.0
vidstg,search,26,clean,order2,15,False,False,0.2458568220435733,0.6744904261890056,0.2458568220435733,0.6744904261890056,0.2458568220435733,0.6744904261890056,0.0,0.0,0.0,0.0,0.2458568220435733,0.6744904261890056,0.3385360241047228,1.0
vidstg,search,11,clean,order2,16,True,True,0.6461317897736559,0.84375,0.544110980862026,0.7105263157894737,0.6461317897736559,0.84375,0.0,0.0,0.1020208089116299,0.13322368421052633,0.6461317897736559,0.84375,0.7384363311698925,1.0
vidstg,search,14,clean,order2,17,False,False,0.0,0.0,0.0,0.0,0.0,0.0,0.0,0.0,0.0,0.0,0.0,0.0,0.46868612751798006,1.0
vidstg,search,27,clean,order2,18,False,False,0.0,0.0,0.0,0.0,0.0,0.0,0.0,0.0,0.0,0.0,0.0,0.0,0.24659420556591777,1.0
vidstg,search,0,clean,order2,19,False,False,0.014056810864065033,0.144136078782453,0.014056810864065033,0.144136078782453,0.014056810864065033,0.144136078782453,0.0,0.0,0.0,0.0,0.014056810864065033,0.144136078782453,0.014056810864065033,1.0
vidstg,search,19,clean,order2,20,True,True,0.6186579433562018,0.8607142857142858,0.569816526775449,0.7927631578947368,0.661161160838689,0.9198473282442748,0.0425032174824872,0.05913304252998908,0.09134463406324,0.127084170349538,0.7099353448349858,0.9877049180327869,0.7187727142727657,1.0
vidstg,search,12,clean,order2,21,False,False,0.07810388784650811,0.3542319749216301,0.07810388784650811,0.3542319749216301,0.07810388784650811,0.3542319749216301,0.0,0.0,0.0,0.0,0.07810388784650811,0.3542319749216301,0.2204879665755406,1.0
vidstg,search,8,clean,order2,22,False,False,0.09131824358154741,0.7858942065491183,0.09131824358154741,0.7858942065491183,0.09131824358154741,0.7858942065491183,0.0,0.0,0.0,0.0,0.09131824358154741,0.7858942065491183,0.12632255629020817,1.0
vidstg,search,24,clean,order2,23,False,False,0.013304601005808025,0.7376093294460642,0.013304601005808025,0.7376093294460642,0.013304601005808025,0.7376093294460642,0.0,0.0,0.0,0.0,0.013304601005808025,0.7376093294460642,0.01363531465583217,1.0
vidstg,search,3,clean,order2,24,True,True,0.2364944418398495,0.37888198757763975,0.2364944418398495,0.37888198757763975,0.3021873423509188,0.48412698412698413,0.06569290051106932,0.10524499654934438,0.06569290051106932,0.10524499654934438,0.505128122339569,0.9504950495049505,0.5314368787114216,1.0
vidstg,search,5,clean,order2,25,False,False,0.4132158165378638,0.6312056737588653,0.4132158165378638,0.6312056737588653,0.4132158165378638,0.6312056737588653,0.0,0.0,0.0,0.0,0.4132158165378638,0.6312056737588653,0.6565548137098248,1.0
vidstg,search,2,clean,order2,26,False,False,0.39172955186689934,0.919047619047619,0.39172955186689934,0.919047619047619,0.39172955186689934,0.919047619047619,0.0,0.0,0.0,0.0,0.39172955186689934,0.919047619047619,0.42817406838705924,1.0
vidstg,search,7,clean,order2,27,False,False,0.0,0.0,0.0,0.0,0.0,0.0,0.0,0.0,0.0,0.0,0.0,0.0,0.0,1.0
vidstg,search,6,clean,order2,28,True,True,0.4487469209534772,0.5986842105263158,0.7665127553539378,0.9733333333333334,0.6387356476095247,0.8223684210526315,0.18998872665604755,0.2236842105263157,-0.1277771077444131,-0.15096491228070186,0.7417865374392947,0.9419354838709677,0.7875131048156895,1.0
vidstg,search,9,clean,order2,29,False,False,0.06847092869118895,0.32941176470588235,0.06847092869118895,0.32941176470588235,0.06847092869118895,0.32941176470588235,0.0,0.0,0.0,0.0,0.06847092869118895,0.32941176470588235,0.20785817638396645,1.0
vidstg,search,25,clean,order2,30,False,False,0.08464559316537847,0.11174785100286533,0.08464559316537847,0.11174785100286533,0.08464559316537847,0.11174785100286533,0.0,0.0,0.0,0.0,0.08464559316537847,0.11174785100286533,0.7574695388388996,1.0
vidstg,search,29,clean,order2,31,False,False,0.0,0.0,0.0,0.0,0.0,0.0,0.0,0.0,0.0,0.0,0.0,0.0,0.0,1.0
vidstg,search,8,frame_drop_5,order1,0,True,True,0.09946066249002627,0.8161209068010076,0.10744998081102573,0.8463476070528967,0.10744998081102573,0.8463476070528967,0.007989318320999458,0.030226700251889116,0.0,0.0,0.13965612318736298,0.9974424552429667,0.14001421581092033,1.0
vidstg,search,15,frame_drop_5,order1,1,False,False,0.0,0.0,0.0,0.0,0.0,0.0,0.0,0.0,0.0,0.0,0.0,0.0,0.36574665186197225,1.0
vidstg,search,19,frame_drop_5,order1,2,False,False,0.1719149008184836,0.2648221343873518,0.1719149008184836,0.2648221343873518,0.1719149008184836,0.2648221343873518,0.0,0.0,0.0,0.0,0.1719149008184836,0.2648221343873518,0.6992390595337773,1.0
vidstg,search,27,frame_drop_5,order1,3,False,False,0.14280168126473083,0.5619834710743802,0.14280168126473083,0.5619834710743802,0.14280168126473083,0.5619834710743802,0.0,0.0,0.0,0.0,0.14280168126473083,0.5619834710743802,0.20743796571741638,1.0
vidstg,search,7,frame_drop_5,order1,4,True,True,0.0,0.0,0.0,0.0,0.0,0.0,0.0,0.0,0.0,0.0,0.031901024536993214,0.6875,0.046401490235626494,1.0
vidstg,search,1,frame_drop_5,order1,5,False,False,0.0,0.0,0.0,0.0,0.0,0.0,0.0,0.0,0.0,0.0,0.0,0.0,0.0,1.0
vidstg,search,25,frame_drop_5,order1,6,False,False,0.31633966401165425,0.42857142857142855,0.31633966401165425,0.42857142857142855,0.31633966401165425,0.42857142857142855,0.0,0.0,0.0,0.0,0.31633966401165425,0.42857142857142855,0.73812588269386,1.0
vidstg,search,3,frame_drop_5,order1,7,False,False,0.0036910298800096994,0.00641025641025641,0.0036910298800096994,0.00641025641025641,0.0036910298800096994,0.00641025641025641,0.0,0.0,0.0,0.0,0.0036910298800096994,0.00641025641025641,0.4393833199176003,1.0
vidstg,search,4,frame_drop_5,order1,8,True,True,0.14801808521616683,0.5048543689320388,0.06720724245987138,0.2251655629139073,0.14801808521616683,0.5048543689320388,0.0,0.0,0.08081084275629545,0.2796888060181315,0.27448697618093343,0.9620253164556962,0.28532198839860184,1.0
vidstg,search,6,frame_drop_5,order1,9,False,False,0.4093790559151475,0.5986842105263158,0.4093790559151475,0.5986842105263158,0.4093790559151475,0.5986842105263158,0.0,0.0,0.0,0.0,0.4093790559151475,0.5986842105263158,0.7267380659715484,1.0
vidstg,search,20,frame_drop_5,order1,10,False,False,0.2735855263581966,0.4742268041237113,0.2735855263581966,0.4742268041237113,0.2735855263581966,0.4742268041237113,0.0,0.0,0.0,0.0,0.2735855263581966,0.4742268041237113,0.5769086099292406,1.0
vidstg,search,17,frame_drop_5,order1,11,False,False,0.0405306296178974,0.25,0.0405306296178974,0.25,0.0405306296178974,0.25,0.0,0.0,0.0,0.0,0.0405306296178974,0.25,0.13662456425790676,1.0
vidstg,search,24,frame_drop_5,order1,12,True,True,0.0005428389179922216,0.3177842565597668,0.0005701999306633481,0.7376093294460642,0.0005701999306633482,0.8775510204081632,2.736101267112657e-05,0.5597667638483965,1.0842021724855044e-19,0.13994169096209907,0.0005701999306633482,1.0,0.0005701999306633482,1.0
vidstg,search,2,frame_drop_5,order1,13,False,False,0.12212823191269072,0.46190476190476193,0.12212823191269072,0.46190476190476193,0.12212823191269072,0.46190476190476193,0.0,0.0,0.0,0.0,0.12212823191269072,0.46190476190476193,0.2597748684962121,1.0
vidstg,search,0,frame_drop_5,order1,14,False,False,0.02744792501185828,0.144136078782453,0.02744792501185828,0.144136078782453,0.02744792501185828,0.144136078782453,0.0,0.0,0.0,0.0,0.02744792501185828,0.144136078782453,0.03401297532946126,1.0
vidstg,search,9,frame_drop_5,order1,15,False,False,0.05568265132701923,0.390625,0.05568265132701923,0.390625,0.05568265132701923,0.390625,0.0,0.0,0.0,0.0,0.05568265132701923,0.390625,0.17530588528209243,1.0
vidstg,search,26,frame_drop_5,order1,16,True,True,0.23703491670075946,0.6744904261890056,0.26038272310722926,0.8486720197652872,0.23703491670075946,0.6744904261890056,0.0,0.0,-0.0233478064064698,-0.1741815935762816,0.3206925061608517,0.9920343137254902,0.3232675540793762,1.0
vidstg,search,22,frame_drop_5,order1,17,False,False,0.4826033549786981,0.6785714285714286,0.4826033549786981,0.6785714285714286,0.4826033549786981,0.6785714285714286,0.0,0.0,0.0,0.0,0.4826033549786981,0.6785714285714286,0.711204944179134,1.0
vidstg,search,5,frame_drop_5,order1,18,False,False,0.40872148545807263,0.6312056737588653,0.40872148545807263,0.6312056737588653,0.40872148545807263,0.6312056737588653,0.0,0.0,0.0,0.0,0.40872148545807263,0.6312056737588653,0.6496739889990882,1.0
vidstg,search,13,frame_drop_5,order1,19,False,False,0.03285663994750834,0.05448717948717949,0.03285663994750834,0.05448717948717949,0.03285663994750834,0.05448717948717949,0.0,0.0,0.0,0.0,0.03285663994750834,0.05448717948717949,0.6030159802130942,1.0
vidstg,search,18,frame_drop_5,order1,20,True,True,0.0,0.0,0.004384360846542441,0.2616279069767442,0.0,0.0,0.0,0.0,-0.004384360846542441,-0.2616279069767442,0.01633451405643249,0.9747292418772563,0.016758001457895553,1.0
vidstg,search,10,frame_drop_5,order1,21,False,False,0.21650889554464392,0.7914110429447853,0.21650889554464392,0.7914110429447853,0.21650889554464392,0.7914110429447853,0.0,0.0,0.0,0.0,0.21650889554464392,0.7914110429447853,0.2517658771575581,1.0
vidstg,search,28,frame_drop_5,order1,22,False,False,0.5989217511583381,0.8521739130434782,0.5989217511583381,0.8521739130434782,0.5989217511583381,0.8521739130434782,0.0,0.0,0.0,0.0,0.5989217511583381,0.8521739130434782,0.7010468497196389,1.0
vidstg,search,31,frame_drop_5,order1,23,False,False,0.0,0.8921832884097035,0.0,0.8921832884097035,0.0,0.8921832884097035,0.0,0.0,0.0,0.0,0.0,0.8921832884097035,0.0,1.0
vidstg,search,23,frame_drop_5,order1,24,True,True,0.0,0.0,0.0,0.0,0.0,0.0,0.0,0.0,0.0,0.0,0.217913496143068,0.8695652173913043,0.2506005205645282,1.0
vidstg,search,21,frame_drop_5,order1,25,False,False,0.32122048829306177,0.810126582278481,0.32122048829306177,0.810126582278481,0.32122048829306177,0.810126582278481,0.0,0.0,0.0,0.0,0.32122048829306177,0.810126582278481,0.39650654023674814,1.0
vidstg,search,11,frame_drop_5,order1,26,False,False,0.6501743246686493,0.84375,0.6501743246686493,0.84375,0.6501743246686493,0.84375,0.0,0.0,0.0,0.0,0.6501743246686493,0.84375,0.743056371049885,1.0
vidstg,search,12,frame_drop_5,order1,27,False,False,0.3412405603387737,0.7593984962406015,0.3412405603387737,0.7593984962406015,0.3412405603387737,0.7593984962406015,0.0,0.0,0.0,0.0,0.3412405603387737,0.7593984962406015,0.43508354941782407,1.0
vidstg,search,29,frame_drop_5,order1,28,True,True,0.0,0.0,0.0,0.0,0.0,0.0,0.0,0.0,0.0,0.0,0.0,0.9437086092715232,0.0,1.0
vidstg,search,16,frame_drop_5,order1,29,False,False,9.805126598928804e-05,0.10043668122270742,9.805126598928804e-05,0.10043668122270742,9.805126598928804e-05,0.10043668122270742,0.0,0.0,0.0,0.0,9.805126598928804e-05,0.10043668122270742,0.000976249561371607,1.0
vidstg,search,30,frame_drop_5,order1,30,False,False,0.12028359442236838,0.22748815165876776,0.12028359442236838,0.22748815165876776,0.12028359442236838,0.22748815165876776,0.0,0.0,0.0,0.0,0.12028359442236838,0.22748815165876776,0.44376618410318713,1.0
vidstg,search,14,frame_drop_5,order1,31,False,False,0.0,0.0,0.0,0.0,0.0,0.0,0.0,0.0,0.0,0.0,0.0,0.0,0.4642313634534377,1.0
vidstg,search,1,frame_drop_5,order2,0,True,True,0.0,0.0,0.0,0.0,0.0,0.0,0.0,0.0,0.0,0.0,0.0,0.8507462686567164,0.0,1.0
vidstg,search,18,frame_drop_5,order2,1,False,False,0.0,0.0,0.0,0.0,0.0,0.0,0.0,0.0,0.0,0.0,0.0,0.0,0.016669236765884415,1.0
vidstg,search,20,frame_drop_5,order2,2,False,False,0.3347822730599365,0.4742268041237113,0.3347822730599365,0.4742268041237113,0.3347822730599365,0.4742268041237113,0.0,0.0,0.0,0.0,0.3347822730599365,0.4742268041237113,0.7059539236263879,1.0
vidstg,search,22,frame_drop_5,order2,3,False,False,0.47802111917033324,0.6785714285714286,0.47802111917033324,0.6785714285714286,0.47802111917033324,0.6785714285714286,0.0,0.0,0.0,0.0,0.47802111917033324,0.6785714285714286,0.7044521756194385,1.0
vidstg,search,10,frame_drop_5,order2,4,True,True,0.23438000788830998,0.7914110429447853,0.226058824176299,0.7633136094674556,0.23438000788830998,0.7914110429447853,0.0,0.0,0.008321183712010988,0.028097433477329625,0.26453604094430067,0.9745222929936306,0.271452015870949,1.0
vidstg,search,17,frame_drop_5,order2,5,False,False,0.037372201126482416,0.25,0.037372201126482416,0.25,0.037372201126482416,0.25,0.0,0.0,0.0,0.0,0.037372201126482416,0.25,0.1639231384306468,1.0
vidstg,search,16,frame_drop_5,order2,6,False,False,6.947236557322626e-05,0.10043668122270742,6.947236557322626e-05,0.10043668122270742,6.947236557322626e-05,0.10043668122270742,0.0,0.0,0.0,0.0,6.947236557322626e-05,0.10043668122270742,0.0006917031180986441,1.0
vidstg,search,13,frame_drop_5,order2,7,False,False,0.032955147806518176,0.05448717948717949,0.032955147806518176,0.05448717948717949,0.032955147806518176,0.05448717948717949,0.0,0.0,0.0,0.0,0.032955147806518176,0.05448717948717949,0.6048238891549218,1.0
vidstg,search,15,frame_drop_5,order2,8,True,True,0.0,0.0,0.004681927397274193,0.009828009828009828,0.0,0.0,0.0,0.0,-0.004681927397274193,-0.009828009828009828,0.4023449311529431,0.8648648648648649,0.4652113266455905,1.0
vidstg,search,31,frame_drop_5,order2,9,False,False,0.0,0.8921832884097035,0.0,0.8921832884097035,0.0,0.8921832884097035,0.0,0.0,0.0,0.0,0.0,0.8921832884097035,0.0,1.0
vidstg,search,23,frame_drop_5,order2,10,False,False,0.0,0.0,0.0,0.0,0.0,0.0,0.0,0.0,0.0,0.0,0.0,0.0,0.13889115816260267,1.0
vidstg,search,28,frame_drop_5,order2,11,False,False,0.5983238595553105,0.8521739130434782,0.5983238595553105,0.8521739130434782,0.5983238595553105,0.8521739130434782,0.0,0.0,0.0,0.0,0.5983238595553105,0.8521739130434782,0.6982791689167203,1.0
vidstg,search,30,frame_drop_5,order2,12,True,True,0.08022881931452022,0.22748815165876776,0.10864907556873174,0.3127962085308057,0.10864907556873174,0.3127962085308057,0.028420256254211518,0.08530805687203794,0.0,0.0,0.33182045859304027,0.9873417721518988,0.33607456703654076,1.0
vidstg,search,21,frame_drop_5,order2,13,False,False,0.37820660267878237,0.810126582278481,0.37820660267878237,0.810126582278481,0.37820660267878237,0.810126582278481,0.0,0.0,0.0,0.0,0.37820660267878237,0.810126582278481,0.466848775181622,1.0
vidstg,search,4,frame_drop_5,order2,14,False,False,0.20654456139300734,0.5048543689320388,0.20654456139300734,0.5048543689320388,0.20654456139300734,0.5048543689320388,0.0,0.0,0.0,0.0,0.20654456139300734,0.5048543689320388,0.4202651093922675,1.0
vidstg,search,26,frame_drop_5,order2,15,False,False,0.2506604781645248,0.6744904261890056,0.2506604781645248,0.6744904261890056,0.2506604781645248,0.6744904261890056,0.0,0.0,0.0,0.0,0.2506604781645248,0.6744904261890056,0.3424591257821369,1.0
vidstg,search,11,frame_drop_5,order2,16,True,True,0.6482104386674725,0.84375,0.5458614220357664,0.7105263157894737,0.6482104386674725,0.84375,0.0,0.0,0.10234901663170615,0.13322368421052633,0.6482104386674725,0.84375,0.7408119299056829,1.0
vidstg,search,14,frame_drop_5,order2,17,False,False,0.0,0.0,0.0,0.0,0.0,0.0,0.0,0.0,0.0,0.0,0.0,0.0,0.3795322126051705,1.0
vidstg,search,27,frame_drop_5,order2,18,False,False,0.164673468966136,0.5619834710743802,0.164673468966136,0.5619834710743802,0.164673468966136,0.5619834710743802,0.0,0.0,0.0,0.0,0.164673468966136,0.5619834710743802,0.2360942771757602,1.0
vidstg,search,0,frame_drop_5,order2,19,False,False,0.01604782721022382,0.144136078782453,0.01604782721022382,0.144136078782453,0.01604782721022382,0.144136078782453,0.0,0.0,0.0,0.0,0.01604782721022382,0.144136078782453,0.01604782721022382,1.0
vidstg,search,19,frame_drop_5,order2,20,True,True,0.17889018450460237,0.2648221343873518,0.6765207112704084,0.94140625,0.18651714329901095,0.2766798418972332,0.007626958794408584,0.01185770750988141,-0.49000356797139744,-0.6647264081027668,0.7097922216607563,0.9877049180327869,0.7186278094822595,1.0
vidstg,search,12,frame_drop_5,order2,21,False,False,0.163137200478463,0.7593984962406015,0.163137200478463,0.7593984962406015,0.163137200478463,0.7593984962406015,0.0,0.0,0.0,0.0,0.163137200478463,0.7593984962406015,0.20944902247724836,1.0
vidstg,search,8,frame_drop_5,order2,22,False,False,0.09208895910948711,0.8161209068010076,0.09208895910948711,0.8161209068010076,0.09208895910948711,0.8161209068010076,0.0,0.0,0.0,0.0,0.09208895910948711,0.8161209068010076,0.11677448289667325,1.0
vidstg,search,24,frame_drop_5,order2,23,False,False,0.002231294389619783,0.3177842565597668,0.002231294389619783,0.3177842565597668,0.002231294389619783,0.3177842565597668,0.0,0.0,0.0,0.0,0.002231294389619783,0.3177842565597668,0.012611704466753615,1.0
vidstg,search,3,frame_drop_5,order2,24,True,True,0.004418078307100882,0.00641025641025641,0.06356513741148766,0.1346153846153846,0.07869969393803235,0.16666666666666666,0.07428161563093147,0.16025641025641024,0.01513455652654469,0.03205128205128205,0.4444753740745981,0.9504950495049505,0.46762513314098336,1.0
vidstg,search,5,frame_drop_5,order2,25,False,False,0.4198559985835118,0.6312056737588653,0.4198559985835118,0.6312056737588653,0.4198559985835118,0.6312056737588653,0.0,0.0,0.0,0.0,0.4198559985835118,0.6312056737588653,0.667071421613524,1.0
vidstg,search,2,frame_drop_5,order2,26,False,False,0.129838476192643,0.46190476190476193,0.129838476192643,0.46190476190476193,0.129838476192643,0.46190476190476193,0.0,0.0,0.0,0.0,0.129838476192643,0.46190476190476193,0.25319153262676997,1.0
vidstg,search,7,frame_drop_5,order2,27,False,False,0.0,0.0,0.0,0.0,0.0,0.0,0.0,0.0,0.0,0.0,0.0,0.0,0.0,1.0
vidstg,search,6,frame_drop_5,order2,28,True,True,0.4512233316628261,0.5986842105263158,0.7733387925471695,0.9733333333333334,0.6435455244091797,0.8223684210526315,0.1923221927463536,0.2236842105263157,-0.12979326813798986,-0.15096491228070186,0.7483923798843577,0.9419354838709677,0.794526156726544,1.0
vidstg,search,9,frame_drop_5,order2,29,False,False,0.07026728095852258,0.390625,0.07026728095852258,0.390625,0.07026728095852258,0.390625,0.0,0.0,0.0,0.0,0.07026728095852258,0.390625,0.21302283581596446,1.0
vidstg,search,25,frame_drop_5,order2,30,False,False,0.32753242584298775,0.42857142857142855,0.32753242584298775,0.42857142857142855,0.32753242584298775,0.42857142857142855,0.0,0.0,0.0,0.0,0.32753242584298775,0.42857142857142855,0.7642423269669715,1.0
vidstg,search,29,frame_drop_5,order2,31,False,False,0.0,0.0,0.0,0.0,0.0,0.0,0.0,0.0,0.0,0.0,0.0,0.0,0.0,1.0
vidstg,search,8,frame_freeze_5,order1,0,True,True,0.0769616239449296,0.6794871794871795,0.08226162334090968,0.7871794871794872,0.12024175126020799,0.906801007556675,0.04328012731527839,0.22731382806949552,0.03798012791929831,0.11962152037718787,0.14645467495530054,0.9974424552429667,0.14683019976287823,1.0
vidstg,search,15,frame_freeze_5,order1,1,False,False,0.0,0.0,0.0,0.0,0.0,0.0,0.0,0.0,0.0,0.0,0.0,0.0,0.3634391316202783,1.0
vidstg,search,19,frame_freeze_5,order1,2,False,False,0.5652566903542433,0.8087248322147651,0.5652566903542433,0.8087248322147651,0.5652566903542433,0.8087248322147651,0.0,0.0,0.0,0.0,0.5652566903542433,0.8087248322147651,0.6989481067450809,1.0
vidstg,search,27,frame_freeze_5,order1,3,False,False,0.08991054297534605,0.35883905013192613,0.08991054297534605,0.35883905013192613,0.08991054297534605,0.35883905013192613,0.0,0.0,0.0,0.0,0.08991054297534605,0.35883905013192613,0.20456634611761004,1.0
vidstg,search,7,frame_freeze_5,order1,4,True,True,0.0,0.0,0.0,0.0,0.0,0.0,0.0,0.0,0.0,0.0,0.03186574759618889,0.6875,0.046350178321729295,1.0
vidstg,search,1,frame_freeze_5,order1,5,False,False,0.0,0.0,0.0,0.0,0.0,0.0,0.0,0.0,0.0,0.0,0.0,0.0,0.0,1.0
vidstg,search,25,frame_freeze_5,order1,6,False,False,0.08249227525281667,0.11174785100286533,0.08249227525281667,0.11174785100286533,0.08249227525281667,0.11174785100286533,0.0,0.0,0.0,0.0,0.08249227525281667,0.11174785100286533,0.7382001041854621,1.0
vidstg,search,3,frame_freeze_5,order1,7,False,False,0.10342491061850531,0.19254658385093168,0.10342491061850531,0.19254658385093168,0.10342491061850531,0.19254658385093168,0.0,0.0,0.0,0.0,0.10342491061850531,0.19254658385093168,0.4580658220851285,1.0
vidstg,search,4,frame_freeze_5,order1,8,True,True,0.12164946764585481,0.5048543689320388,0.04957346464918356,0.2251655629139073,0.12164946764585481,0.5048543689320388,0.0,0.0,0.07207600299667125,0.2796888060181315,0.2391977264272457,0.9620253164556962,0.24863974194411065,1.0
vidstg,search,6,frame_freeze_5,order1,9,False,False,0.4102873350391204,0.5986842105263158,0.4102873350391204,0.5986842105263158,0.4102873350391204,0.5986842105263158,0.0,0.0,0.0,0.0,0.4102873350391204,0.5986842105263158,0.7285388575101143,1.0
vidstg,search,20,frame_freeze_5,order1,10,False,False,0.27416679864640064,0.4742268041237113,0.27416679864640064,0.4742268041237113,0.27416679864640064,0.4742268041237113,0.0,0.0,0.0,0.0,0.27416679864640064,0.4742268041237113,0.5781343362761057,1.0
vidstg,search,17,frame_freeze_5,order1,11,False,False,0.20935254635411732,0.3951612903225806,0.20935254635411732,0.3951612903225806,0.20935254635411732,0.3951612903225806,0.0,0.0,0.0,0.0,0.20935254635411732,0.3951612903225806,0.5733300892524573,1.0
vidstg,search,24,frame_freeze_5,order1,12,True,True,0.0005216586981208393,0.7376093294460642,0.0005216586981208393,0.8775510204081632,0.0005216586981208393,0.8425655976676385,0.0,0.10495626822157433,0.0,-0.03498542274052474,0.0005216586981208393,1.0,0.0005216586981208393,1.0
vidstg,search,2,frame_freeze_5,order1,13,False,False,0.23551017562638377,0.919047619047619,0.23551017562638377,0.919047619047619,0.23551017562638377,0.919047619047619,0.0,0.0,0.0,0.0,0.23551017562638377,0.919047619047619,0.2604314196326451,1.0
vidstg,search,0,frame_freeze_5,order1,14,False,False,0.02689933325780365,0.144136078782453,0.02689933325780365,0.144136078782453,0.02689933325780365,0.144136078782453,0.0,0.0,0.0,0.0,0.02689933325780365,0.144136078782453,0.02970786792362968,1.0
vidstg,search,9,frame_freeze_5,order1,15,False,False,0.03559350957014375,0.2014388489208633,0.03559350957014375,0.2014388489208633,0.03559350957014375,0.2014388489208633,0.0,0.0,0.0,0.0,0.03559350957014375,0.2014388489208633,0.17669635108035647,1.0
vidstg,search,26,frame_freeze_5,order1,16,True,True,0.23732830342003053,0.6744904261890056,0.23441550285056245,0.6670784434836319,0.23732830342003053,0.6744904261890056,0.0,0.0,0.002912800569468077,0.0074119827053736875,0.32331165867917516,0.9920343137254902,0.3259077374702989,1.0
vidstg,search,22,frame_freeze_5,order1,17,False,False,0.48302407616879206,0.6785714285714286,0.48302407616879206,0.6785714285714286,0.48302407616879206,0.6785714285714286,0.0,0.0,0.0,0.0,0.48302407616879206,0.6785714285714286,0.7118249543540094,1.0
vidstg,search,5,frame_freeze_5,order1,18,False,False,0.4077436092005547,0.6312056737588653,0.4077436092005547,0.6312056737588653,0.4077436092005547,0.6312056737588653,0.0,0.0,0.0,0.0,0.4077436092005547,0.6312056737588653,0.6481394657128291,1.0
vidstg,search,13,frame_freeze_5,order1,19,False,False,0.021189173468841426,0.0319634703196347,0.021189173468841426,0.0319634703196347,0.021189173468841426,0.0319634703196347,0.0,0.0,0.0,0.0,0.021189173468841426,0.0319634703196347,0.605101687330237,1.0
vidstg,search,18,frame_freeze_5,order1,20,True,True,0.0,0.0,0.011138315732986362,0.2616279069767442,0.0,0.0,0.0,0.0,-0.011138315732986362,-0.2616279069767442,0.04149726294744377,0.9747292418772563,0.04257311791274787,1.0
vidstg,search,10,frame_freeze_5,order1,21,False,False,0.22328631381694292,0.8282208588957055,0.22328631381694292,0.8282208588957055,0.22328631381694292,0.8282208588957055,0.0,0.0,0.0,0.0,0.22328631381694292,0.8282208588957055,0.25198409590934906,1.0
vidstg,search,28,frame_freeze_5,order1,22,False,False,0.6092189557668434,0.859504132231405,0.6092189557668434,0.859504132231405,0.6092189557668434,0.859504132231405,0.0,0.0,0.0,0.0,0.6092189557668434,0.859504132231405,0.7088028235364235,1.0
vidstg,search,31,frame_freeze_5,order1,23,False,False,0.0,0.9624664879356568,0.0,0.9624664879356568,0.0,0.9624664879356568,0.0,0.0,0.0,0.0,0.0,0.9624664879356568,0.0,1.0
vidstg,search,23,frame_freeze_5,order1,24,True,True,0.0,0.0,0.0,0.0,0.0,0.0,0.0,0.0,0.0,0.0,0.2179007290248854,0.8695652173913043,0.2505858383786182,1.0
vidstg,search,21,frame_freeze_5,order1,25,False,False,0.2619742875625868,0.6597938144329897,0.2619742875625868,0.6597938144329897,0.2619742875625868,0.6597938144329897,0.0,0.0,0.0,0.0,0.2619742875625868,0.6597938144329897,0.3970547795870456,1.0
vidstg,search,11,frame_freeze_5,order1,26,False,False,0.6486014030555962,0.84375,0.6486014030555962,0.84375,0.6486014030555962,0.84375,0.0,0.0,0.0,0.0,0.6486014030555962,0.84375,0.7412587463492528,1.0
vidstg,search,12,frame_freeze_5,order1,27,False,False,0.15236193327817754,0.3542319749216301,0.15236193327817754,0.3542319749216301,0.15236193327817754,0.3542319749216301,0.0,0.0,0.0,0.0,0.15236193327817754,0.3542319749216301,0.43011908597998794,1.0
vidstg,search,29,frame_freeze_5,order1,28,True,True,0.0,0.0,0.0,0.0,0.0,0.0,0.0,0.0,0.0,0.0,0.0,0.9437086092715232,0.0,1.0
vidstg,search,16,frame_freeze_5,order1,29,False,False,6.588472174970489e-05,0.11219512195121951,6.588472174970489e-05,0.11219512195121951,6.588472174970489e-05,0.11219512195121951,0.0,0.0,0.0,0.0,6.588472174970489e-05,0.11219512195121951,0.0005872333895082393,1.0
vidstg,search,30,frame_freeze_5,order1,30,False,False,0.08933160711086613,0.30414746543778803,0.08933160711086613,0.30414746543778803,0.08933160711086613,0.30414746543778803,0.0,0.0,0.0,0.0,0.08933160711086613,0.30414746543778803,0.28436269512908896,1.0
vidstg,search,14,frame_freeze_5,order1,31,False,False,0.0,0.0,0.0,0.0,0.0,0.0,0.0,0.0,0.0,0.0,0.0,0.0,0.38202620717632124,1.0
vidstg,search,1,frame_freeze_5,order2,0,True,True,0.0,0.0,0.0,0.0,0.0,0.0,0.0,0.0,0.0,0.0,0.0,0.8507462686567164,0.0,1.0
vidstg,search,18,frame_freeze_5,order2,1,False,False,0.0,0.0,0.0,0.0,0.0,0.0,0.0,0.0,0.0,0.0,0.0,0.0,0.01490223442838634,1.0
vidstg,search,20,frame_freeze_5,order2,2,False,False,0.33621615023974644,0.4742268041237113,0.33621615023974644,0.4742268041237113,0.33621615023974644,0.4742268041237113,0.0,0.0,0.0,0.0,0.33621615023974644,0.4742268041237113,0.7089775342012045,1.0
vidstg,search,22,frame_freeze_5,order2,3,False,False,0.47440141093969695,0.6785714285714286,0.47440141093969695,0.6785714285714286,0.47440141093969695,0.6785714285714286,0.0,0.0,0.0,0.0,0.47440141093969695,0.6785714285714286,0.6991178687532377,1.0
vidstg,search,10,frame_freeze_5,order2,4,True,True,0.2455422948941358,0.8282208588957055,0.23125381493953293,0.7633136094674556,0.2455422948941358,0.8282208588957055,0.0,0.0,0.014288479954602862,0.06490724942824988,0.26939092216025645,0.9745222929936306,0.2764338220860148,1.0
vidstg,search,17,frame_freeze_5,order2,5,False,False,0.22073179708236895,0.3951612903225806,0.22073179708236895,0.3951612903225806,0.22073179708236895,0.3951612903225806,0.0,0.0,0.0,0.0,0.22073179708236895,0.3951612903225806,0.5498444688217848,1.0
vidstg,search,16,frame_freeze_5,order2,6,False,False,0.0,0.11219512195121951,0.0,0.11219512195121951,0.0,0.11219512195121951,0.0,0.0,0.0,0.0,0.0,0.11219512195121951,0.0,1.0
vidstg,search,13,frame_freeze_5,order2,7,False,False,0.02110537679140753,0.0319634703196347,0.02110537679140753,0.0319634703196347,0.02110537679140753,0.0319634703196347,0.0,0.0,0.0,0.0,0.02110537679140753,0.0319634703196347,0.5994001450964186,1.0
vidstg,search,15,frame_freeze_5,order2,8,True,True,0.0,0.0,0.004663840950010955,0.009828009828009828,0.0,0.0,0.0,0.0,-0.004663840950010955,-0.009828009828009828,0.4006095955111414,0.8648648648648649,0.4632048448097572,1.0
vidstg,search,31,frame_freeze_5,order2,9,False,False,0.0,0.9624664879356568,0.0,0.9624664879356568,0.0,0.9624664879356568,0.0,0.0,0.0,0.0,0.0,0.9624664879356568,0.0,1.0
vidstg,search,23,frame_freeze_5,order2,10,False,False,0.0,0.0,0.0,0.0,0.0,0.0,0.0,0.0,0.0,0.0,0.0,0.0,0.004771307610543235,1.0
vidstg,search,28,frame_freeze_5,order2,11,False,False,0.6107693560312217,0.859504132231405,0.6107693560312217,0.859504132231405,0.6107693560312217,0.859504132231405,0.0,0.0,0.0,0.0,0.6107693560312217,0.859504132231405,0.7106066546132485,1.0
vidstg,search,30,frame_freeze_5,order2,12,True,True,0.10613253651728334,0.30414746543778803,0.10915052333768002,0.3127962085308057,0.10613253651728334,0.30414746543778803,0.0,0.0,-0.0030179868203966814,-0.008648743093017663,0.3333015409598574,0.9873417721518988,0.33757463763882994,1.0
vidstg,search,21,frame_freeze_5,order2,13,False,False,0.31075842101653134,0.6597938144329897,0.31075842101653134,0.6597938144329897,0.31075842101653134,0.6597938144329897,0.0,0.0,0.0,0.0,0.31075842101653134,0.6597938144329897,0.4709932318531803,1.0
vidstg,search,4,frame_freeze_5,order2,14,False,False,0.22280485885816984,0.5048543689320388,0.22280485885816984,0.5048543689320388,0.22280485885816984,0.5048543689320388,0.0,0.0,0.0,0.0,0.22280485885816984,0.5048543689320388,0.4399491126780583,1.0
vidstg,search,26,frame_freeze_5,order2,15,False,False,0.24534314746378247,0.6744904261890056,0.24534314746378247,0.6744904261890056,0.24534314746378247,0.6744904261890056,0.0,0.0,0.0,0.0,0.24534314746378247,0.6744904261890056,0.29396865024893315,1.0
vidstg,search,11,frame_freeze_5,order2,16,True,True,0.6503371033105697,0.84375,0.5476522975246902,0.7105263157894737,0.6503371033105697,0.84375,0.0,0.0,0.10268480578587946,0.13322368421052633,0.6503371033105697,0.84375,0.7432424037835083,1.0
vidstg,search,14,frame_freeze_5,order2,17,False,False,0.0,0.0,0.0,0.0,0.0,0.0,0.0,0.0,0.0,0.0,0.0,0.0,0.4512117250601725,1.0
vidstg,search,27,frame_freeze_5,order2,18,False,False,0.1497734120907657,0.35883905013192613,0.1497734120907657,0.35883905013192613,0.1497734120907657,0.35883905013192613,0.0,0.0,0.0,0.0,0.1497734120907657,0.35883905013192613,0.3339563709382946,1.0
vidstg,search,0,frame_freeze_5,order2,19,False,False,0.00552577689096565,0.144136078782453,0.00552577689096565,0.144136078782453,0.00552577689096565,0.144136078782453,0.0,0.0,0.0,0.0,0.00552577689096565,0.144136078782453,0.00552577689096565,1.0
vidstg,search,19,frame_freeze_5,order2,20,True,True,0.5827076256401689,0.8087248322147651,0.565624991663747,0.7850162866449512,0.5827076256401689,0.8087248322147651,0.0,0.0,0.017082633976421846,0.023708545569813944,0.7116675100031571,0.9877049180327869,0.7205264416629474,1.0
vidstg,search,12,frame_freeze_5,order2,21,False,False,0.08123789175492974,0.3542319749216301,0.08123789175492974,0.3542319749216301,0.08123789175492974,0.3542319749216301,0.0,0.0,0.0,0.0,0.08123789175492974,0.3542319749216301,0.2293352873435627,1.0
vidstg,search,8,frame_freeze_5,order2,22,False,False,0.07170685419918015,0.6794871794871795,0.07170685419918015,0.6794871794871795,0.07170685419918015,0.6794871794871795,0.0,0.0,0.0,0.0,0.07170685419918015,0.6794871794871795,0.16568507417220057,1.0
vidstg,search,24,frame_freeze_5,order2,23,False,False,0.0032976054580668764,0.7376093294460642,0.0032976054580668764,0.7376093294460642,0.0032976054580668764,0.7376093294460642,0.0,0.0,0.0,0.0,0.0032976054580668764,0.7376093294460642,0.003377751496314099,1.0
vidstg,search,3,frame_freeze_5,order2,24,True,True,0.1211677718405717,0.19254658385093168,0.2267453399495282,0.37888198757763975,0.28973015660217494,0.48412698412698413,0.16856238476160323,0.2915804002760525,0.06298481665264674,0.10524499654934438,0.48939938235993863,0.9504950495049505,0.5148889335245187,1.0
vidstg,search,5,frame_freeze_5,order2,25,False,False,0.39623584818969276,0.6312056737588653,0.39623584818969276,0.6312056737588653,0.39623584818969276,0.6312056737588653,0.0,0.0,0.0,0.0,0.39623584818969276,0.6312056737588653,0.6318173708965279,1.0
vidstg,search,2,frame_freeze_5,order2,26,False,False,0.38089446741341304,0.919047619047619,0.38089446741341304,0.919047619047619,0.38089446741341304,0.919047619047619,0.0,0.0,0.0,0.0,0.38089446741341304,0.919047619047619,0.4151428001246551,1.0
vidstg,search,7,frame_freeze_5,order2,27,False,False,0.0,0.0,0.0,0.0,0.0,0.0,0.0,0.0,0.0,0.0,0.0,0.0,0.00142053321303948,1.0
vidstg,search,6,frame_freeze_5,order2,28,True,True,0.44788878827187856,0.5986842105263158,0.7638761494079106,0.9733333333333334,0.6373132034613112,0.8223684210526315,0.1894244151894326,0.2236842105263157,-0.12656294594659945,-0.15096491228070186,0.739234983297978,0.9419354838709677,0.7848042630903191,1.0
vidstg,search,9,frame_freeze_5,order2,29,False,False,0.040675957926878274,0.2014388489208633,0.040675957926878274,0.2014388489208633,0.040675957926878274,0.2014388489208633,0.0,0.0,0.0,0.0,0.040675957926878274,0.2014388489208633,0.20192707685128858,1.0
vidstg,search,25,frame_freeze_5,order2,30,False,False,0.08296668549454063,0.11174785100286533,0.08296668549454063,0.11174785100286533,0.08296668549454063,0.11174785100286533,0.0,0.0,0.0,0.0,0.08296668549454063,0.11174785100286533,0.7424454676306329,1.0
vidstg,search,29,frame_freeze_5,order2,31,False,False,0.0,0.0,0.0,0.0,0.0,0.0,0.0,0.0,0.0,0.0,0.0,0.0,0.0,1.0
vidstg,search,8,motion_blur_5,order1,0,True,True,0.10724627016492848,0.8463476070528967,0.10187041858738255,0.8487179487179487,0.10724627016492848,0.8463476070528967,0.0,0.0,0.005375851577545929,-0.0023703416650520115,0.14584027756099358,0.9974424552429667,0.14621422699063716,1.0
vidstg,search,15,motion_blur_5,order1,1,False,False,0.0,0.0,0.0,0.0,0.0,0.0,0.0,0.0,0.0,0.0,0.0,0.0,0.3769497873461536,1.0
vidstg,search,19,motion_blur_5,order1,2,False,False,0.17263091081556545,0.2648221343873518,0.17263091081556545,0.2648221343873518,0.17263091081556545,0.2648221343873518,0.0,0.0,0.0,0.0,0.17263091081556545,0.2648221343873518,0.7012982696407887,1.0
vidstg,search,27,motion_blur_5,order1,3,False,False,0.09191357567402288,0.3646112600536193,0.09191357567402288,0.3646112600536193,0.09191357567402288,0.3646112600536193,0.0,0.0,0.0,0.0,0.09191357567402288,0.3646112600536193,0.20548837615120216,1.0
vidstg,search,7,motion_blur_5,order1,4,True,True,0.0,0.0,0.0,0.0,0.0,0.0,0.0,0.0,0.0,0.0,0.03214361247280548,0.6875,0.04675434541498979,1.0
vidstg,search,1,motion_blur_5,order1,5,False,False,0.0,0.0,0.0,0.0,0.0,0.0,0.0,0.0,0.0,0.0,0.0,0.0,0.0,1.0
vidstg,search,25,motion_blur_5,order1,6,False,False,0.08256510421690379,0.11174785100286533,0.08256510421690379,0.11174785100286533,0.08256510421690379,0.11174785100286533,0.0,0.0,0.0,0.0,0.08256510421690379,0.11174785100286533,0.7388518300435749,1.0
vidstg,search,3,motion_blur_5,order1,7,False,False,0.0704048351919994,0.1346153846153846,0.0704048351919994,0.1346153846153846,0.0704048351919994,0.1346153846153846,0.0,0.0,0.0,0.0,0.0704048351919994,0.1346153846153846,0.4627331944114787,1.0
vidstg,search,4,motion_blur_5,order1,8,True,True,0.1302470706281343,0.5048543689320388,0.05369832922217827,0.2251655629139073,0.1302470706281343,0.5048543689320388,0.0,0.0,0.07654874140595602,0.2796888060181315,0.2550742814277275,0.9620253164556962,0.2651430030630325,1.0
vidstg,search,6,motion_blur_5,order1,9,False,False,0.40731274105828824,0.5986842105263158,0.40731274105828824,0.5986842105263158,0.40731274105828824,0.5986842105263158,0.0,0.0,0.0,0.0,0.40731274105828824,0.5986842105263158,0.7223595154603133,1.0
vidstg,search,20,motion_blur_5,order1,10,False,False,0.2702374408385505,0.4742268041237113,0.2702374408385505,0.4742268041237113,0.2702374408385505,0.4742268041237113,0.0,0.0,0.0,0.0,0.2702374408385505,0.4742268041237113,0.5698485165508566,1.0
vidstg,search,17,motion_blur_5,order1,11,False,False,0.06472874535136,0.3467741935483871,0.06472874535136,0.3467741935483871,0.06472874535136,0.3467741935483871,0.0,0.0,0.0,0.0,0.06472874535136,0.3467741935483871,0.2098205584807808,1.0
vidstg,search,24,motion_blur_5,order1,12,True,True,0.007183209192352537,0.685131195335277,0.007183209192352537,0.7201166180758017,0.007183209192352537,0.8425655976676385,0.0,0.1574344023323615,0.0,0.12244897959183676,0.007183209192352537,1.0,0.007183209192352537,1.0
vidstg,search,2,motion_blur_5,order1,13,False,False,0.1828411623314749,0.861904761904762,0.1828411623314749,0.861904761904762,0.1828411623314749,0.861904761904762,0.0,0.0,0.0,0.0,0.1828411623314749,0.861904761904762,0.22041600249734358,1.0
vidstg,search,0,motion_blur_5,order1,14,False,False,0.028466618472529223,0.144136078782453,0.028466618472529223,0.144136078782453,0.028466618472529223,0.144136078782453,0.0,0.0,0.0,0.0,0.028466618472529223,0.144136078782453,0.030884474222347264,1.0
vidstg,search,9,motion_blur_5,order1,15,False,False,0.04717126002757894,0.28865979381443296,0.04717126002757894,0.28865979381443296,0.04717126002757894,0.28865979381443296,0.0,0.0,0.0,0.0,0.04717126002757894,0.28865979381443296,0.16341472223839845,1.0
vidstg,search,26,motion_blur_5,order1,16,True,True,0.22116317957249867,0.6744904261890056,0.2417139510998666,0.8486720197652872,0.22116317957249867,0.6744904261890056,0.0,0.0,-0.020550771527367923,-0.1741815935762816,0.2993988621782567,0.9920343137254902,0.30180292963243666,1.0
vidstg,search,22,motion_blur_5,order1,17,False,False,0.49693363098453275,0.6785714285714286,0.49693363098453275,0.6785714285714286,0.49693363098453275,0.6785714285714286,0.0,0.0,0.0,0.0,0.49693363098453275,0.6785714285714286,0.7323232456614166,1.0
vidstg,search,5,motion_blur_5,order1,18,False,False,0.4026347281339664,0.6312056737588653,0.4026347281339664,0.6312056737588653,0.4026347281339664,0.6312056737588653,0.0,0.0,0.0,0.0,0.4026347281339664,0.6312056737588653,0.6400013930702554,1.0
vidstg,search,13,motion_blur_5,order1,19,False,False,0.03702692365141069,0.05448717948717949,0.03702692365141069,0.05448717948717949,0.03702692365141069,0.05448717948717949,0.0,0.0,0.0,0.0,0.03702692365141069,0.05448717948717949,0.679552951720008,1.0
vidstg,search,18,motion_blur_5,order1,20,True,True,0.0,0.0,0.007941445540529179,0.2616279069767442,0.0,0.0,0.0,0.0,-0.007941445540529179,-0.2616279069767442,0.029586901797206182,0.9747292418772563,0.030353969621578193,1.0
vidstg,search,10,motion_blur_5,order1,21,False,False,0.2183288068520704,0.7914110429447853,0.2183288068520704,0.7914110429447853,0.2183288068520704,0.7914110429447853,0.0,0.0,0.0,0.0,0.2183288068520704,0.7914110429447853,0.2527771069057896,1.0
vidstg,search,28,motion_blur_5,order1,22,False,False,0.6126023488462373,0.8521739130434782,0.6126023488462373,0.8521739130434782,0.6126023488462373,0.8521739130434782,0.0,0.0,0.0,0.0,0.6126023488462373,0.8521739130434782,0.7149039270556727,1.0
vidstg,search,31,motion_blur_5,order1,23,False,False,0.0,0.9222520107238605,0.0,0.9222520107238605,0.0,0.9222520107238605,0.0,0.0,0.0,0.0,0.0,0.9222520107238605,0.0,1.0
vidstg,search,23,motion_blur_5,order1,24,True,True,0.0,0.0,0.0,0.0,0.0,0.0,0.0,0.0,0.0,0.0,0.21774518979078913,0.8695652173913043,0.2504069682594075,1.0
vidstg,search,21,motion_blur_5,order1,25,False,False,0.2771070836892388,0.5871559633027523,0.2771070836892388,0.5871559633027523,0.2771070836892388,0.5871559633027523,0.0,0.0,0.0,0.0,0.2771070836892388,0.5871559633027523,0.4719480019082348,1.0
vidstg,search,11,motion_blur_5,order1,26,False,False,0.6406530242946237,0.84375,0.6406530242946237,0.84375,0.6406530242946237,0.84375,0.0,0.0,0.0,0.0,0.6406530242946237,0.84375,0.7321748849081413,1.0
vidstg,search,12,motion_blur_5,order1,27,False,False,0.0971266158844932,0.27228915662650605,0.0971266158844932,0.27228915662650605,0.0971266158844932,0.27228915662650605,0.0,0.0,0.0,0.0,0.0971266158844932,0.27228915662650605,0.35670394329260774,1.0
vidstg,search,29,motion_blur_5,order1,28,True,True,0.0,0.0,0.0,0.0,0.0,0.0,0.0,0.0,0.0,0.0,0.0,0.9437086092715232,0.0,1.0
vidstg,search,16,motion_blur_5,order1,29,False,False,0.0001484457018888378,0.10043668122270742,0.0001484457018888378,0.10043668122270742,0.0001484457018888378,0.10043668122270742,0.0,0.0,0.0,0.0,0.0001484457018888378,0.10043668122270742,0.0014780028579366893,1.0
vidstg,search,30,motion_blur_5,order1,30,False,False,0.15233673853925994,0.3127962085308057,0.15233673853925994,0.3127962085308057,0.15233673853925994,0.3127962085308057,0.0,0.0,0.0,0.0,0.15233673853925994,0.3127962085308057,0.45588370480382917,1.0
vidstg,search,14,motion_blur_5,order1,31,False,False,0.0,0.0,0.0,0.0,0.0,0.0,0.0,0.0,0.0,0.0,0.0,0.0,0.45969761391173364,1.0
vidstg,search,1,motion_blur_5,order2,0,True,True,0.0,0.0,0.0,0.0,0.0,0.0,0.0,0.0,0.0,0.0,0.0,0.8507462686567164,0.0,1.0
vidstg,search,18,motion_blur_5,order2,1,False,False,0.0,0.0,0.0,0.0,0.0,0.0,0.0,0.0,0.0,0.0,0.0,0.0,0.030471570778809354,1.0
vidstg,search,20,motion_blur_5,order2,2,False,False,0.33450899520197236,0.4742268041237113,0.33450899520197236,0.4742268041237113,0.33450899520197236,0.4742268041237113,0.0,0.0,0.0,0.0,0.33450899520197236,0.4742268041237113,0.7053776637954634,1.0
vidstg,search,22,motion_blur_5,order2,3,False,False,0.4780193140592753,0.6785714285714286,0.4780193140592753,0.6785714285714286,0.4780193140592753,0.6785714285714286,0.0,0.0,0.0,0.0,0.4780193140592753,0.6785714285714286,0.7044495154557741,1.0
vidstg,search,10,motion_blur_5,order2,4,True,True,0.250952141998507,0.7914110429447853,0.250952141998507,0.7914110429447853,0.250952141998507,0.7914110429447853,0.0,0.0,0.0,0.0,0.2818759603811803,0.9745222929936306,0.28924526653493665,1.0
vidstg,search,17,motion_blur_5,order2,5,False,False,0.07311579101460954,0.3467741935483871,0.07311579101460954,0.3467741935483871,0.07311579101460954,0.3467741935483871,0.0,0.0,0.0,0.0,0.07311579101460954,0.3467741935483871,0.196929068753783,1.0
vidstg,search,16,motion_blur_5,order2,6,False,False,7.530809946440707e-05,0.10043668122270742,7.530809946440707e-05,0.10043668122270742,7.530809946440707e-05,0.10043668122270742,0.0,0.0,0.0,0.0,7.530809946440707e-05,0.10043668122270742,0.000749806729449966,1.0
vidstg,search,13,motion_blur_5,order2,7,False,False,0.03677006853734143,0.05448717948717949,0.03677006853734143,0.05448717948717949,0.03677006853734143,0.05448717948717949,0.0,0.0,0.0,0.0,0.03677006853734143,0.05448717948717949,0.6748389049206192,1.0
vidstg,search,15,motion_blur_5,order2,8,True,True,0.0,0.0,0.00472173214913262,0.009828009828009828,0.0,0.0,0.0,0.0,-0.00472173214913262,-0.009828009828009828,0.4054792105139633,0.8648648648648649,0.46883533715677006,1.0
vidstg,search,31,motion_blur_5,order2,9,False,False,0.0,0.9222520107238605,0.0,0.9222520107238605,0.0,0.9222520107238605,0.0,0.0,0.0,0.0,0.0,0.9222520107238605,0.0,1.0
vidstg,search,23,motion_blur_5,order2,10,False,False,0.0,0.0,0.0,0.0,0.0,0.0,0.0,0.0,0.0,0.0,0.0,0.0,0.08048455659741845,1.0
vidstg,search,28,motion_blur_5,order2,11,False,False,0.5988808509273742,0.8521739130434782,0.5988808509273742,0.8521739130434782,0.5988808509273742,0.8521739130434782,0.0,0.0,0.0,0.0,0.5988808509273742,0.8521739130434782,0.6984696193439281,1.0
vidstg,search,30,motion_blur_5,order2,12,True,True,0.10848595809161776,0.3127962085308057,0.11166115686503096,0.32195121951219513,0.10848595809161776,0.3127962085308057,0.0,0.0,-0.0031751987734131987,-0.009155010981389433,0.33180424692000454,0.9873417721518988,0.33605814752154306,1.0
vidstg,search,21,motion_blur_5,order2,13,False,False,0.27691003764031913,0.5871559633027523,0.27691003764031913,0.5871559633027523,0.27691003764031913,0.5871559633027523,0.0,0.0,0.0,0.0,0.27691003764031913,0.5871559633027523,0.47161240785616854,1.0
vidstg,search,4,motion_blur_5,order2,14,False,False,0.2331841124359625,0.5048543689320388,0.2331841124359625,0.5048543689320388,0.2331841124359625,0.5048543689320388,0.0,0.0,0.0,0.0,0.2331841124359625,0.5048543689320388,0.4539290912197767,1.0
vidstg,search,26,motion_blur_5,order2,15,False,False,0.24690784315570502,0.6744904261890056,0.24690784315570502,0.6744904261890056,0.24690784315570502,0.6744904261890056,0.0,0.0,0.0,0.0,0.24690784315570502,0.6744904261890056,0.3365438595358781,1.0
vidstg,search,11,motion_blur_5,order2,16,True,True,0.6445911251066706,0.84375,0.5428135790371963,0.7105263157894737,0.6445911251066706,0.84375,0.0,0.0,0.10177754606947431,0.13322368421052633,0.6445911251066706,0.84375,0.7366755715504807,1.0
vidstg,search,14,motion_blur_5,order2,17,False,False,0.0,0.0,0.0,0.0,0.0,0.0,0.0,0.0,0.0,0.0,0.0,0.0,0.4582793784340238,1.0
vidstg,search,27,motion_blur_5,order2,18,False,False,0.14225750076752236,0.3646112600536193,0.14225750076752236,0.3646112600536193,0.14225750076752236,0.3646112600536193,0.0,0.0,0.0,0.0,0.14225750076752236,0.3646112600536193,0.31224416712957187,1.0
vidstg,search,0,motion_blur_5,order2,19,False,False,0.0043092481138129,0.144136078782453,0.0043092481138129,0.144136078782453,0.0043092481138129,0.144136078782453,0.0,0.0,0.0,0.0,0.0043092481138129,0.144136078782453,0.0043092481138129,1.0
vidstg,search,19,motion_blur_5,order2,20,True,True,0.17920539297777943,0.2648221343873518,0.6409659329567389,0.8892988929889298,0.6629838466842605,0.9198473282442748,0.48377845370648104,0.655025193856923,0.0220179137275216,0.030548435255345008,0.7118924911117879,0.9877049180327869,0.7207542233662915,1.0
vidstg,search,12,motion_blur_5,order2,21,False,False,0.05080096493066159,0.27228915662650605,0.05080096493066159,0.27228915662650605,0.05080096493066159,0.27228915662650605,0.0,0.0,0.0,0.0,0.05080096493066159,0.27228915662650605,0.1865699154533147,1.0
vidstg,search,8,motion_blur_5,order2,22,False,False,0.133268318735385,0.8463476070528967,0.133268318735385,0.8463476070528967,0.133268318735385,0.8463476070528967,0.0,0.0,0.0,0.0,0.133268318735385,0.8463476070528967,0.15761284174447118,1.0
vidstg,search,24,motion_blur_5,order2,23,False,False,0.012914189810880005,0.685131195335277,0.012914189810880005,0.685131195335277,0.012914189810880005,0.685131195335277,0.0,0.0,0.0,0.0,0.012914189810880005,0.685131195335277,0.012914189810880005,1.0
vidstg,search,3,motion_blur_5,order2,24,True,True,0.08596529089171753,0.1346153846153846,0.11943495360031113,0.19254658385093168,0.10643321729450743,0.16666666666666666,0.020467926402789896,0.03205128205128205,-0.013001736305803702,-0.025879917184265022,0.4843707801682539,0.9504950495049505,0.5095984249686838,1.0
vidstg,search,5,motion_blur_5,order2,25,False,False,0.39204926264540546,0.6312056737588653,0.39204926264540546,0.6312056737588653,0.39204926264540546,0.6312056737588653,0.0,0.0,0.0,0.0,0.39204926264540546,0.6312056737588653,0.6249306695885436,1.0
vidstg,search,2,motion_blur_5,order2,26,False,False,0.35215473926287,0.861904761904762,0.35215473926287,0.861904761904762,0.35215473926287,0.861904761904762,0.0,0.0,0.0,0.0,0.35215473926287,0.861904761904762,0.40994229312857156,1.0
vidstg,search,7,motion_blur_5,order2,27,False,False,0.0,0.0,0.0,0.0,0.0,0.0,0.0,0.0,0.0,0.0,0.0,0.0,0.0,1.0
vidstg,search,6,motion_blur_5,order2,28,True,True,0.4410575223467361,0.5986842105263158,0.7466886399394409,0.9733333333333334,0.6245198374521637,0.8223684210526315,0.18346231510542754,0.2236842105263157,-0.12216880248727724,-0.15096491228070186,0.7226019096188139,0.9419354838709677,0.7671458629514805,1.0
vidstg,search,9,motion_blur_5,order2,29,False,False,0.05649816005520128,0.28865979381443296,0.05649816005520128,0.28865979381443296,0.05649816005520128,0.28865979381443296,0.0,0.0,0.0,0.0,0.05649816005520128,0.28865979381443296,0.1957257687626616,1.0
vidstg,search,25,motion_blur_5,order2,30,False,False,0.08380878334595192,0.11174785100286533,0.08380878334595192,0.11174785100286533,0.08380878334595192,0.11174785100286533,0.0,0.0,0.0,0.0,0.08380878334595192,0.11174785100286533,0.7499811637881338,1.0
vidstg,search,29,motion_blur_5,order2,31,False,False,0.0,0.0,0.0,0.0,0.0,0.0,0.0,0.0,0.0,0.0,0.0,0.0,0.0,1.0
vidstg,search,8,occlusion_5,order1,0,True,True,0.0995061743917958,0.8161209068010076,0.10916832492860544,0.8593350383631714,0.10751842581129654,0.8463476070528967,0.008012251419500738,0.030226700251889116,-0.001649899117308895,-0.012987431310274689,0.142567566391679,0.9974424552429667,0.14293312425422175,1.0
vidstg,search,15,occlusion_5,order1,1,False,False,0.0,0.0,0.0,0.0,0.0,0.0,0.0,0.0,0.0,0.0,0.0,0.0,0.3656412123398336,1.0
vidstg,search,19,occlusion_5,order1,2,False,False,0.5704998795090411,0.8169491525423729,0.5704998795090411,0.8169491525423729,0.5704998795090411,0.8169491525423729,0.0,0.0,0.0,0.0,0.5704998795090411,0.8169491525423729,0.6983297280297391,1.0
vidstg,search,27,occlusion_5,order1,3,False,False,0.09218067974526811,0.37057220708446864,0.09218067974526811,0.37057220708446864,0.09218067974526811,0.37057220708446864,0.0,0.0,0.0,0.0,0.09218067974526811,0.37057220708446864,0.2031025190020285,1.0
vidstg,search,7,occlusion_5,order1,4,True,True,0.0,0.0,0.0,0.0,0.0,0.0,0.0,0.0,0.0,0.0,0.031883539311149435,0.6875,0.04637605717985372,1.0
vidstg,search,1,occlusion_5,order1,5,False,False,0.0,0.0,0.0,0.0,0.0,0.0,0.0,0.0,0.0,0.0,0.0,0.0,0.0,1.0
vidstg,search,25,occlusion_5,order1,6,False,False,0.08252886672931405,0.11174785100286533,0.08252886672931405,0.11174785100286533,0.08252886672931405,0.11174785100286533,0.0,0.0,0.0,0.0,0.08252886672931405,0.11174785100286533,0.7385275509879642,1.0
vidstg,search,3,occlusion_5,order1,7,False,False,0.10902974217950669,0.1987179487179487,0.10902974217950669,0.1987179487179487,0.10902974217950669,0.1987179487179487,0.0,0.0,0.0,0.0,0.10902974217950669,0.1987179487179487,0.4624748024152748,1.0
vidstg,search,4,occlusion_5,order1,8,True,True,0.12696614997122538,0.5048543689320388,0.040646166994737984,0.18543046357615894,0.12696614997122538,0.5048543689320388,0.0,0.0,0.0863199829764874,0.3194239053558799,0.24711155006151705,0.9620253164556962,0.25686595335341905,1.0
vidstg,search,6,occlusion_5,order1,9,False,False,0.4103782847974096,0.5986842105263158,0.4103782847974096,0.5986842105263158,0.4103782847974096,0.5986842105263158,0.0,0.0,0.0,0.0,0.4103782847974096,0.5986842105263158,0.7283635257911658,1.0
vidstg,search,20,occlusion_5,order1,10,False,False,0.27444121073196365,0.4742268041237113,0.27444121073196365,0.4742268041237113,0.27444121073196365,0.4742268041237113,0.0,0.0,0.0,0.0,0.27444121073196365,0.4742268041237113,0.5787129878478364,1.0
vidstg,search,17,occlusion_5,order1,11,False,False,0.05328505681371833,0.25,0.05328505681371833,0.25,0.05328505681371833,0.25,0.0,0.0,0.0,0.0,0.05328505681371833,0.25,0.17829687616653364,1.0
vidstg,search,24,occlusion_5,order1,12,True,True,0.006099234290313754,0.7376093294460642,0.006099234290313754,0.8775510204081632,0.006099234290313754,0.8425655976676385,0.0,0.10495626822157433,0.0,-0.03498542274052474,0.006099234290313754,1.0,0.006099234290313754,1.0
vidstg,search,2,occlusion_5,order1,13,False,False,0.09074798711445857,0.8047619047619048,0.09074798711445857,0.8047619047619048,0.09074798711445857,0.8047619047619048,0.0,0.0,0.0,0.0,0.09074798711445857,0.8047619047619048,0.10808304103892495,1.0
vidstg,search,0,occlusion_5,order1,14,False,False,0.026728605896777054,0.144136078782453,0.026728605896777054,0.144136078782453,0.026728605896777054,0.144136078782453,0.0,0.0,0.0,0.0,0.026728605896777054,0.144136078782453,0.029359459869951282,1.0
vidstg,search,9,occlusion_5,order1,15,False,False,0.03550680471852286,0.2014388489208633,0.03550680471852286,0.2014388489208633,0.03550680471852286,0.2014388489208633,0.0,0.0,0.0,0.0,0.03550680471852286,0.2014388489208633,0.17626592342409567,1.0
vidstg,search,26,occlusion_5,order1,16,True,True,0.23725017696988304,0.6744904261890056,0.23725017696988304,0.6744904261890056,0.23725017696988304,0.6744904261890056,0.0,0.0,0.0,0.0,0.3234406331409966,0.9920343137254902,0.3260377475516408,1.0
vidstg,search,22,occlusion_5,order1,17,False,False,0.48089141965757937,0.6785714285714286,0.48089141965757937,0.6785714285714286,0.48089141965757937,0.6785714285714286,0.0,0.0,0.0,0.0,0.48089141965757937,0.6785714285714286,0.708682092126959,1.0
vidstg,search,5,occlusion_5,order1,18,False,False,0.4087614155030706,0.6312056737588653,0.4087614155030706,0.6312056737588653,0.4087614155030706,0.6312056737588653,0.0,0.0,0.0,0.0,0.4087614155030706,0.6312056737588653,0.6497552167194489,1.0
vidstg,search,13,occlusion_5,order1,19,False,False,0.024074694559374093,0.0319634703196347,0.024074694559374093,0.0319634703196347,0.024074694559374093,0.0319634703196347,0.0,0.0,0.0,0.0,0.024074694559374093,0.0319634703196347,0.6560261788820129,1.0
vidstg,search,18,occlusion_5,order1,20,True,True,0.0,0.0,0.03951774572205641,0.2616279069767442,0.0,0.0,0.0,0.0,-0.03951774572205641,-0.2616279069767442,0.1472285688995026,0.9747292418772563,0.15104560587097116,1.0
vidstg,search,10,occlusion_5,order1,21,False,False,0.22736339078604315,0.7914110429447853,0.22736339078604315,0.7914110429447853,0.22736339078604315,0.7914110429447853,0.0,0.0,0.0,0.0,0.22736339078604315,0.7914110429447853,0.2634970236647044,1.0
vidstg,search,28,occlusion_5,order1,22,False,False,0.5974221607902607,0.8521739130434782,0.5974221607902607,0.8521739130434782,0.5974221607902607,0.8521739130434782,0.0,0.0,0.0,0.0,0.5974221607902607,0.8521739130434782,0.7046840203963984,1.0
vidstg,search,31,occlusion_5,order1,23,False,False,0.0,0.9624664879356568,0.0,0.9624664879356568,0.0,0.9624664879356568,0.0,0.0,0.0,0.0,0.0,0.9624664879356568,0.0,1.0
vidstg,search,23,occlusion_5,order1,24,True,True,0.0,0.0,0.0,0.0,0.0,0.0,0.0,0.0,0.0,0.0,0.2162850824578585,0.8695652173913043,0.24872784482653726,1.0
vidstg,search,21,occlusion_5,order1,25,False,False,0.25805447975642976,0.6597938144329897,0.25805447975642976,0.6597938144329897,0.25805447975642976,0.6597938144329897,0.0,0.0,0.0,0.0,0.25805447975642976,0.6597938144329897,0.39111382088083885,1.0
vidstg,search,11,occlusion_5,order1,26,False,False,0.6494834078092949,0.84375,0.6494834078092949,0.84375,0.6494834078092949,0.84375,0.0,0.0,0.0,0.0,0.6494834078092949,0.84375,0.7422667517820514,1.0
vidstg,search,12,occlusion_5,order1,27,False,False,0.15652384839120415,0.3542319749216301,0.15652384839120415,0.3542319749216301,0.15652384839120415,0.3542319749216301,0.0,0.0,0.0,0.0,0.15652384839120415,0.3542319749216301,0.4418682091751692,1.0
vidstg,search,29,occlusion_5,order1,28,True,True,0.0,0.0,0.0,0.0,0.0,0.0,0.0,0.0,0.0,0.0,0.0,0.9437086092715232,0.0,1.0
vidstg,search,16,occlusion_5,order1,29,False,False,6.90502671735363e-05,0.11219512195121951,6.90502671735363e-05,0.11219512195121951,6.90502671735363e-05,0.11219512195121951,0.0,0.0,0.0,0.0,6.90502671735363e-05,0.11219512195121951,0.0006154480335032583,1.0
vidstg,search,30,occlusion_5,order1,30,False,False,0.14191854804249535,0.3127962085308057,0.14191854804249535,0.3127962085308057,0.14191854804249535,0.3127962085308057,0.0,0.0,0.0,0.0,0.14191854804249535,0.3127962085308057,0.42697200807500424,1.0
vidstg,search,14,occlusion_5,order1,31,False,False,0.0,0.0,0.0,0.0,0.0,0.0,0.0,0.0,0.0,0.0,0.0,0.0,0.3890019748575252,1.0
vidstg,search,1,occlusion_5,order2,0,True,True,0.0,0.0,0.0,0.0,0.0,0.0,0.0,0.0,0.0,0.0,0.0,0.8507462686567164,0.0,1.0
vidstg,search,18,occlusion_5,order2,1,False,False,0.0,0.0,0.0,0.0,0.0,0.0,0.0,0.0,0.0,0.0,0.0,0.0,0.10894939683807757,1.0
vidstg,search,20,occlusion_5,order2,2,False,False,0.33238220285562214,0.4742268041237113,0.33238220285562214,0.4742268041237113,0.33238220285562214,0.4742268041237113,0.0,0.0,0.0,0.0,0.33238220285562214,0.4742268041237113,0.700892906021638,1.0
vidstg,search,22,occlusion_5,order2,3,False,False,0.4812934142105214,0.6785714285714286,0.4812934142105214,0.6785714285714286,0.4812934142105214,0.6785714285714286,0.0,0.0,0.0,0.0,0.4812934142105214,0.6785714285714286,0.7092745051523474,1.0
vidstg,search,10,occlusion_5,order2,4,True,True,0.2445430705251219,0.7914110429447853,0.2445430705251219,0.7914110429447853,0.2445430705251219,0.7914110429447853,0.0,0.0,0.0,0.0,0.27503194033641204,0.9745222929936306,0.282222317861547,1.0
vidstg,search,17,occlusion_5,order2,5,False,False,0.040346293079752814,0.25,0.040346293079752814,0.25,0.040346293079752814,0.25,0.0,0.0,0.0,0.0,0.040346293079752814,0.25,0.16614623572764534,1.0
vidstg,search,16,occlusion_5,order2,6,False,False,9.365520938791382e-05,0.11219512195121951,9.365520938791382e-05,0.11219512195121951,9.365520938791382e-05,0.11219512195121951,0.0,0.0,0.0,0.0,9.365520938791382e-05,0.11219512195121951,0.0008347529532401015,1.0
vidstg,search,13,occlusion_5,order2,7,False,False,0.02245510350182971,0.0319634703196347,0.02245510350182971,0.0319634703196347,0.02245510350182971,0.0319634703196347,0.0,0.0,0.0,0.0,0.02245510350182971,0.0319634703196347,0.6208869539941114,1.0
vidstg,search,15,occlusion_5,order2,8,True,True,0.0,0.0,0.004758851566309418,0.009828009828009828,0.0,0.0,0.0,0.0,-0.004758851566309418,-0.009828009828009828,0.4104750530638624,0.8648648648648649,0.47461178010509086,1.0
vidstg,search,31,occlusion_5,order2,9,False,False,0.0,0.9624664879356568,0.0,0.9624664879356568,0.0,0.9624664879356568,0.0,0.0,0.0,0.0,0.0,0.9624664879356568,0.0,1.0
vidstg,search,23,occlusion_5,order2,10,False,False,0.0,0.0,0.0,0.0,0.0,0.0,0.0,0.0,0.0,0.0,0.0,0.0,0.08050085102233896,1.0
vidstg,search,28,occlusion_5,order2,11,False,False,0.5967130666433439,0.8521739130434782,0.5967130666433439,0.8521739130434782,0.5967130666433439,0.8521739130434782,0.0,0.0,0.0,0.0,0.5967130666433439,0.8521739130434782,0.7008903150161901,1.0
vidstg,search,30,occlusion_5,order2,12,True,True,0.11413548045912582,0.3127962085308057,0.11747603110670998,0.32195121951219513,0.11413548045912582,0.3127962085308057,0.0,0.0,-0.0033405506475841645,-0.009155010981389433,0.3498737005485068,0.9873417721518988,0.3543592608119492,1.0
vidstg,search,21,occlusion_5,order2,13,False,False,0.2969959411439873,0.6597938144329897,0.2969959411439873,0.6597938144329897,0.2969959411439873,0.6597938144329897,0.0,0.0,0.0,0.0,0.2969959411439873,0.6597938144329897,0.45013447329635575,1.0
vidstg,search,4,occlusion_5,order2,14,False,False,0.2159590748330931,0.5048543689320388,0.2159590748330931,0.5048543689320388,0.2159590748330931,0.5048543689320388,0.0,0.0,0.0,0.0,0.2159590748330931,0.5048543689320388,0.43027029759670693,1.0
vidstg,search,26,occlusion_5,order2,15,False,False,0.26023305562650406,0.6744904261890056,0.26023305562650406,0.6744904261890056,0.26023305562650406,0.6744904261890056,0.0,0.0,0.0,0.0,0.26023305562650406,0.6744904261890056,0.35514426704548524,1.0
vidstg,search,11,occlusion_5,order2,16,True,True,0.6683971080565603,0.84375,0.5628607225739455,0.7105263157894737,0.6683971080565603,0.84375,0.0,0.0,0.10553638548261479,0.13322368421052633,0.6683971080565603,0.84375,0.7638824092074975,1.0
vidstg,search,14,occlusion_5,order2,17,False,False,0.0,0.0,0.0,0.0,0.0,0.0,0.0,0.0,0.0,0.0,0.0,0.0,0.4669195330214321,1.0
vidstg,search,27,occlusion_5,order2,18,False,False,0.0979071144569738,0.37057220708446864,0.0979071144569738,0.37057220708446864,0.0979071144569738,0.37057220708446864,0.0,0.0,0.0,0.0,0.0979071144569738,0.37057220708446864,0.2138519602743923,1.0
vidstg,search,0,occlusion_5,order2,19,False,False,0.015191723479620165,0.144136078782453,0.015191723479620165,0.144136078782453,0.015191723479620165,0.144136078782453,0.0,0.0,0.0,0.0,0.015191723479620165,0.144136078782453,0.015191723479620162,1.0
vidstg,search,19,occlusion_5,order2,20,True,True,0.5843213406893271,0.8169491525423729,0.5726737392137924,0.8006644518272426,0.5903246421347654,0.8253424657534246,0.006003301445438369,0.008393313211051745,0.017650902920973044,0.024678013926182074,0.7064540799317685,0.9877049180327869,0.7152481141217905,1.0
vidstg,search,12,occlusion_5,order2,21,False,False,0.09088400626076112,0.3542319749216301,0.09088400626076112,0.3542319749216301,0.09088400626076112,0.3542319749216301,0.0,0.0,0.0,0.0,0.09088400626076112,0.3542319749216301,0.25656635395736993,1.0
vidstg,search,8,occlusion_5,order2,22,False,False,0.10230650769821241,0.8161209068010076,0.10230650769821241,0.8161209068010076,0.10230650769821241,0.8161209068010076,0.0,0.0,0.0,0.0,0.10230650769821241,0.8161209068010076,0.13159387034411565,1.0
vidstg,search,24,occlusion_5,order2,23,False,False,0.021015936050350795,0.7376093294460642,0.021015936050350795,0.7376093294460642,0.021015936050350795,0.7376093294460642,0.0,0.0,0.0,0.0,0.021015936050350795,0.7376093294460642,0.023096962412234377,1.0
vidstg,search,3,occlusion_5,order2,24,True,True,0.12333462393496998,0.1987179487179487,0.1540827720038839,0.2469879518072289,0.15270001058615332,0.24603174603174602,0.029365386651183337,0.04731379731379731,-0.0013827614177305825,-0.0009562057754828879,0.4871838166590557,0.9504950495049505,0.5125579737767149,1.0
vidstg,search,5,occlusion_5,order2,25,False,False,0.41809256790218197,0.6312056737588653,0.41809256790218197,0.6312056737588653,0.41809256790218197,0.6312056737588653,0.0,0.0,0.0,0.0,0.41809256790218197,0.6312056737588653,0.664349161974177,1.0
vidstg,search,2,occlusion_5,order2,26,False,False,0.2744657498442849,0.8047619047619048,0.2744657498442849,0.8047619047619048,0.2744657498442849,0.8047619047619048,0.0,0.0,0.0,0.0,0.2744657498442849,0.8047619047619048,0.34913225835296274,1.0
vidstg,search,7,occlusion_5,order2,27,False,False,0.0,0.0,0.0,0.0,0.0,0.0,0.0,0.0,0.0,0.0,0.0,0.0,0.0,1.0
vidstg,search,6,occlusion_5,order2,28,True,True,0.4452334564551182,0.5986842105263158,0.7693903061920606,0.9733333333333334,0.6394666791208918,0.8223684210526315,0.19423322266577364,0.2236842105263157,-0.12992362707116878,-0.15096491228070186,0.7445712640568328,0.9419354838709677,0.790469492663076,1.0
vidstg,search,9,occlusion_5,order2,29,False,False,0.04457524926261546,0.2014388489208633,0.04457524926261546,0.2014388489208633,0.04457524926261546,0.2014388489208633,0.0,0.0,0.0,0.0,0.04457524926261546,0.2014388489208633,0.22128427312512675,1.0
vidstg,search,25,occlusion_5,order2,30,False,False,0.08462778647371753,0.11174785100286533,0.08462778647371753,0.11174785100286533,0.08462778647371753,0.11174785100286533,0.0,0.0,0.0,0.0,0.08462778647371753,0.11174785100286533,0.7573101917776262,1.0
vidstg,search,29,occlusion_5,order2,31,False,False,0.0,0.0,0.0,0.0,0.0,0.0,0.0,0.0,0.0,0.0,0.0,0.0,0.0,1.0
vidstg,search,8,exposure_5,order1,0,True,True,0.09934382926630014,0.8161209068010076,0.1090024028384172,0.8593350383631714,0.10735501135975094,0.8463476070528967,0.008011182093450794,0.030226700251889116,-0.0016473914786662575,-0.012987431310274689,0.14883807834547425,0.9974424552429667,0.14921971444379598,1.0
vidstg,search,15,exposure_5,order1,1,False,False,0.0,0.0,0.0,0.0,0.0,0.0,0.0,0.0,0.0,0.0,0.0,0.0,0.3647720941821333,1.0
vidstg,search,19,exposure_5,order1,2,False,False,0.5710481508366126,0.8169491525423729,0.5710481508366126,0.8169491525423729,0.5710481508366126,0.8169491525423729,0.0,0.0,0.0,0.0,0.5710481508366126,0.8169491525423729,0.6990008485344429,1.0
vidstg,search,27,exposure_5,order1,3,False,False,0.09470717670878187,0.37057220708446864,0.09470717670878187,0.37057220708446864,0.09470717670878187,0.37057220708446864,0.0,0.0,0.0,0.0,0.09470717670878187,0.37057220708446864,0.2084676242046147,1.0
vidstg,search,7,exposure_5,order1,4,True,True,0.0,0.0,0.0,0.0,0.0,0.0,0.0,0.0,0.0,0.0,0.031715234185642406,0.6875,0.04613124972457077,1.0
vidstg,search,1,exposure_5,order1,5,False,False,0.0,0.0,0.0,0.0,0.0,0.0,0.0,0.0,0.0,0.0,0.0,0.0,0.0,1.0
vidstg,search,25,exposure_5,order1,6,False,False,0.08251287534964813,0.11174785100286533,0.08251287534964813,0.11174785100286533,0.08251287534964813,0.11174785100286533,0.0,0.0,0.0,0.0,0.08251287534964813,0.11174785100286533,0.7383844486417229,1.0
vidstg,search,3,exposure_5,order1,7,False,False,0.12260050614120939,0.1987179487179487,0.12260050614120939,0.1987179487179487,0.12260050614120939,0.1987179487179487,0.0,0.0,0.0,0.0,0.12260050614120939,0.1987179487179487,0.4831176674054199,1.0
vidstg,search,4,exposure_5,order1,8,True,True,0.12709257016689018,0.5048543689320388,0.04091173038371443,0.18543046357615894,0.12709257016689018,0.5048543689320388,0.0,0.0,0.08618083978317576,0.3194239053558799,0.24688404279445123,0.9620253164556962,0.2566294655363375,1.0
vidstg,search,6,exposure_5,order1,9,False,False,0.41216821204534615,0.5986842105263158,0.41216821204534615,0.5986842105263158,0.41216821204534615,0.5986842105263158,0.0,0.0,0.0,0.0,0.41216821204534615,0.5986842105263158,0.731631271475442,1.0
vidstg,search,20,exposure_5,order1,10,False,False,0.27439812935120395,0.4742268041237113,0.27439812935120395,0.4742268041237113,0.27439812935120395,0.4742268041237113,0.0,0.0,0.0,0.0,0.27439812935120395,0.4742268041237113,0.5786221423275387,1.0
vidstg,search,17,exposure_5,order1,11,False,False,0.10662277972800414,0.3951612903225806,0.10662277972800414,0.3951612903225806,0.10662277972800414,0.3951612903225806,0.0,0.0,0.0,0.0,0.10662277972800414,0.3951612903225806,0.2107123480251892,1.0
vidstg,search,24,exposure_5,order1,12,True,True,0.015131738702830784,0.597667638483965,0.015131738702830787,0.685131195335277,0.015131738702830784,0.8950437317784257,0.0,0.2973760932944607,-3.469446951953614e-18,0.20991253644314867,0.015131738702830784,1.0,0.015131738702830784,1.0
vidstg,search,2,exposure_5,order1,13,False,False,0.21124136528113194,0.8333333333333334,0.21124136528113194,0.8333333333333334,0.21124136528113194,0.8333333333333334,0.0,0.0,0.0,0.0,0.21124136528113194,0.8333333333333334,0.26043177874223694,1.0
vidstg,search,0,exposure_5,order1,14,False,False,0.0284960021148673,0.144136078782453,0.0284960021148673,0.144136078782453,0.0284960021148673,0.144136078782453,0.0,0.0,0.0,0.0,0.0284960021148673,0.144136078782453,0.035517885772236794,1.0
vidstg,search,9,exposure_5,order1,15,False,False,0.050211932939398275,0.28865979381443296,0.050211932939398275,0.28865979381443296,0.050211932939398275,0.28865979381443296,0.0,0.0,0.0,0.0,0.050211932939398275,0.28865979381443296,0.17394848196862972,1.0
vidstg,search,26,exposure_5,order1,16,True,True,0.23265674276279832,0.6744904261890056,0.2561602856076893,0.8412600370599135,0.23265674276279832,0.6744904261890056,0.0,0.0,-0.02350354284489095,-0.16676961087090791,0.3196499731924433,0.9920343137254902,0.3222166499382752,1.0
vidstg,search,22,exposure_5,order1,17,False,False,0.4817947602568876,0.6785714285714286,0.4817947602568876,0.6785714285714286,0.4817947602568876,0.6785714285714286,0.0,0.0,0.0,0.0,0.4817947602568876,0.6785714285714286,0.710013330904887,1.0
vidstg,search,5,exposure_5,order1,18,False,False,0.4088018915198505,0.6312056737588653,0.4088018915198505,0.6312056737588653,0.4088018915198505,0.6312056737588653,0.0,0.0,0.0,0.0,0.4088018915198505,0.6312056737588653,0.6498308135719802,1.0
vidstg,search,13,exposure_5,order1,19,False,False,0.035826409620150226,0.05448717948717949,0.035826409620150226,0.05448717948717949,0.035826409620150226,0.05448717948717949,0.0,0.0,0.0,0.0,0.035826409620150226,0.05448717948717949,0.6575199883227572,1.0
vidstg,search,18,exposure_5,order1,20,True,True,0.0,0.0,0.013476435521605176,0.2616279069767442,0.0,0.0,0.0,0.0,-0.013476435521605176,-0.2616279069767442,0.05020823631153987,0.9747292418772563,0.05150993132702423,1.0
vidstg,search,10,exposure_5,order1,21,False,False,0.22689373297780965,0.8282208588957055,0.22689373297780965,0.8282208588957055,0.22689373297780965,0.8282208588957055,0.0,0.0,0.0,0.0,0.22689373297780965,0.8282208588957055,0.25615550414482524,1.0
vidstg,search,28,exposure_5,order1,22,False,False,0.6396393847100661,0.9043478260869565,0.6396393847100661,0.9043478260869565,0.6396393847100661,0.9043478260869565,0.0,0.0,0.0,0.0,0.6396393847100661,0.9043478260869565,0.7072935504005537,1.0
vidstg,search,31,exposure_5,order1,23,False,False,0.0,0.9222520107238605,0.0,0.9222520107238605,0.0,0.9222520107238605,0.0,0.0,0.0,0.0,0.0,0.9222520107238605,0.0,1.0
vidstg,search,23,exposure_5,order1,24,True,True,0.0,0.0,0.0,0.0,0.0,0.0,0.0,0.0,0.0,0.0,0.33392859017600945,0.8695652173913043,0.3840178787024109,1.0
vidstg,search,21,exposure_5,order1,25,False,False,0.29149322461845345,0.7032967032967034,0.29149322461845345,0.7032967032967034,0.29149322461845345,0.7032967032967034,0.0,0.0,0.0,0.0,0.29149322461845345,0.7032967032967034,0.4144669287543635,1.0
vidstg,search,11,exposure_5,order1,26,False,False,0.6508650927530738,0.84375,0.6508650927530738,0.84375,0.6508650927530738,0.84375,0.0,0.0,0.0,0.0,0.6508650927530738,0.84375,0.7438458202892272,1.0
vidstg,search,12,exposure_5,order1,27,False,False,0.1507075700525012,0.3542319749216301,0.1507075700525012,0.3542319749216301,0.1507075700525012,0.3542319749216301,0.0,0.0,0.0,0.0,0.1507075700525012,0.3542319749216301,0.42544880395352114,1.0
vidstg,search,29,exposure_5,order1,28,True,True,0.0,0.0,0.0,0.0,0.0,0.0,0.0,0.0,0.0,0.0,0.0,0.9437086092715232,0.0,1.0
vidstg,search,16,exposure_5,order1,29,False,False,0.00020107903312597216,0.11219512195121951,0.00020107903312597216,0.11219512195121951,0.00020107903312597216,0.11219512195121951,0.0,0.0,0.0,0.0,0.00020107903312597216,0.11219512195121951,0.0017922261648184476,1.0
vidstg,search,30,exposure_5,order1,30,False,False,0.14278077050137422,0.3127962085308057,0.14278077050137422,0.3127962085308057,0.14278077050137422,0.3127962085308057,0.0,0.0,0.0,0.0,0.14278077050137422,0.3127962085308057,0.4288260601748287,1.0
vidstg,search,14,exposure_5,order1,31,False,False,0.0,0.0,0.0,0.0,0.0,0.0,0.0,0.0,0.0,0.0,0.0,0.0,0.39248000730385574,1.0
vidstg,search,1,exposure_5,order2,0,True,True,0.0,0.0,0.0,0.0,0.0,0.0,0.0,0.0,0.0,0.0,0.0,0.8507462686567164,0.0,1.0
vidstg,search,18,exposure_5,order2,1,False,False,0.0,0.0,0.0,0.0,0.0,0.0,0.0,0.0,0.0,0.0,0.0,0.0,0.03904583230248807,1.0
vidstg,search,20,exposure_5,order2,2,False,False,0.3340023901740409,0.4742268041237113,0.3340023901740409,0.4742268041237113,0.3340023901740409,0.4742268041237113,0.0,0.0,0.0,0.0,0.3340023901740409,0.4742268041237113,0.7043093879756949,1.0
vidstg,search,22,exposure_5,order2,3,False,False,0.4795104326058376,0.6785714285714286,0.4795104326058376,0.6785714285714286,0.4795104326058376,0.6785714285714286,0.0,0.0,0.0,0.0,0.4795104326058376,0.6785714285714286,0.7066469533138658,1.0
vidstg,search,10,exposure_5,order2,4,True,True,0.2378980955662758,0.8282208588957055,0.22945200933315357,0.7988165680473372,0.2378980955662758,0.8282208588957055,0.0,0.0,0.008446086233122235,0.029404290848368264,0.26131121263250373,0.9745222929936306,0.2681428783222424,1.0
vidstg,search,17,exposure_5,order2,5,False,False,0.10920560477716244,0.3951612903225806,0.10920560477716244,0.3951612903225806,0.10920560477716244,0.3951612903225806,0.0,0.0,0.0,0.0,0.10920560477716244,0.3951612903225806,0.20453809343704296,1.0
vidstg,search,16,exposure_5,order2,6,False,False,0.0,0.11219512195121951,0.0,0.11219512195121951,0.0,0.11219512195121951,0.0,0.0,0.0,0.0,0.0,0.11219512195121951,0.0,1.0
vidstg,search,13,exposure_5,order2,7,False,False,0.034955641118920126,0.05448717948717949,0.034955641118920126,0.05448717948717949,0.034955641118920126,0.05448717948717949,0.0,0.0,0.0,0.0,0.034955641118920126,0.05448717948717949,0.6415388252413576,1.0
vidstg,search,15,exposure_5,order2,8,True,True,0.0,0.0,0.004744871944180582,0.009828009828009828,0.0,0.0,0.0,0.0,-0.004744871944180582,-0.009828009828009828,0.4076409019022031,0.8648648648648649,0.4713347928244223,1.0
vidstg,search,31,exposure_5,order2,9,False,False,0.0,0.9222520107238605,0.0,0.9222520107238605,0.0,0.9222520107238605,0.0,0.0,0.0,0.0,0.0,0.9222520107238605,0.0,1.0
vidstg,search,23,exposure_5,order2,10,False,False,0.0,0.0,0.0,0.0,0.0,0.0,0.0,0.0,0.0,0.0,0.0,0.0,0.1382091483925508,1.0
vidstg,search,28,exposure_5,order2,11,False,False,0.6374261611612504,0.9043478260869565,0.6374261611612504,0.9043478260869565,0.6374261611612504,0.9043478260869565,0.0,0.0,0.0,0.0,0.6374261611612504,0.9043478260869565,0.7048462358994596,1.0
vidstg,search,30,exposure_5,order2,12,True,True,0.10824578262850729,0.3127962085308057,0.11141395187617091,0.32195121951219513,0.10824578262850729,0.3127962085308057,0.0,0.0,-0.003168169247663624,-0.009155010981389433,0.33117286539830937,0.9873417721518988,0.33541867136495435,1.0
vidstg,search,21,exposure_5,order2,13,False,False,0.3377049733079449,0.7032967032967034,0.3377049733079449,0.7032967032967034,0.3377049733079449,0.7032967032967034,0.0,0.0,0.0,0.0,0.3377049733079449,0.7032967032967034,0.4801742589222342,1.0
vidstg,search,4,exposure_5,order2,14,False,False,0.22804444562370924,0.5048543689320388,0.22804444562370924,0.5048543689320388,0.22804444562370924,0.5048543689320388,0.0,0.0,0.0,0.0,0.22804444562370924,0.5048543689320388,0.4470460821308017,1.0
vidstg,search,26,exposure_5,order2,15,False,False,0.24795378362584575,0.6744904261890056,0.24795378362584575,0.6744904261890056,0.24795378362584575,0.6744904261890056,0.0,0.0,0.0,0.0,0.24795378362584575,0.6744904261890056,0.34402390728404225,1.0
vidstg,search,11,exposure_5,order2,16,True,True,0.6516921523244926,0.84375,0.5487933914311517,0.7105263157894737,0.6516921523244926,0.84375,0.0,0.0,0.10289876089334093,0.13322368421052633,0.6516921523244926,0.84375,0.7447910312279916,1.0
vidstg,search,14,exposure_5,order2,17,False,False,0.0,0.0,0.0,0.0,0.0,0.0,0.0,0.0,0.0,0.0,0.0,0.0,0.4669721189757871,1.0
vidstg,search,27,exposure_5,order2,18,False,False,0.10550465808589646,0.37057220708446864,0.10550465808589646,0.37057220708446864,0.10550465808589646,0.37057220708446864,0.0,0.0,0.0,0.0,0.10550465808589646,0.37057220708446864,0.22960724863362836,1.0
vidstg,search,0,exposure_5,order2,19,False,False,0.01185004339993462,0.144136078782453,0.01185004339993462,0.144136078782453,0.01185004339993462,0.144136078782453,0.0,0.0,0.0,0.0,0.01185004339993462,0.144136078782453,0.011850043399934621,1.0
vidstg,search,19,exposure_5,order2,20,True,True,0.5832145999872483,0.8169491525423729,0.571589059788167,0.8006644518272426,0.5832145999872483,0.8169491525423729,0.0,0.0,0.011625540199081352,0.01628470071513033,0.705116012279665,0.9877049180327869,0.7138933900258849,1.0
vidstg,search,12,exposure_5,order2,21,False,False,0.09074882516555524,0.3542319749216301,0.09074882516555524,0.3542319749216301,0.09074882516555524,0.3542319749216301,0.0,0.0,0.0,0.0,0.09074882516555524,0.3542319749216301,0.25618473652931084,1.0
vidstg,search,8,exposure_5,order2,22,False,False,0.1087264349276288,0.8161209068010076,0.1087264349276288,0.8161209068010076,0.1087264349276288,0.8161209068010076,0.0,0.0,0.0,0.0,0.1087264349276288,0.8161209068010076,0.1413934659354693,1.0
vidstg,search,24,exposure_5,order2,23,False,False,0.017736864737264723,0.597667638483965,0.017736864737264723,0.597667638483965,0.017736864737264723,0.597667638483965,0.0,0.0,0.0,0.0,0.017736864737264723,0.597667638483965,0.017895047965688776,1.0
vidstg,search,3,exposure_5,order2,24,True,True,0.13317679545897582,0.1987179487179487,0.24063852219592702,0.391025641025641,0.2979334084330525,0.48412698412698413,0.16475661297407668,0.2854090354090354,0.057294886237125475,0.0931013431013431,0.4949167478523448,0.9504950495049505,0.5206936618029877,1.0
vidstg,search,5,exposure_5,order2,25,False,False,0.4155298679031515,0.6312056737588653,0.4155298679031515,0.6312056737588653,0.4155298679031515,0.6312056737588653,0.0,0.0,0.0,0.0,0.4155298679031515,0.6312056737588653,0.6602243104000178,1.0
vidstg,search,2,exposure_5,order2,26,False,False,0.32815902948240816,0.8333333333333334,0.32815902948240816,0.8333333333333334,0.32815902948240816,0.8333333333333334,0.0,0.0,0.0,0.0,0.32815902948240816,0.8333333333333334,0.39098062369300357,1.0
vidstg,search,7,exposure_5,order2,27,False,False,0.0,0.0,0.0,0.0,0.0,0.0,0.0,0.0,0.0,0.0,0.0,0.0,0.0,1.0
vidstg,search,6,exposure_5,order2,28,True,True,0.4495975390418325,0.5986842105263158,0.7708769075594853,0.9733333333333334,0.6412153986802847,0.8223684210526315,0.19161785963845218,0.2236842105263157,-0.1296615088792007,-0.15096491228070186,0.7460099105414375,0.9419354838709677,0.7919968228350878,1.0
vidstg,search,9,exposure_5,order2,29,False,False,0.06001169613424505,0.28865979381443296,0.06001169613424505,0.28865979381443296,0.06001169613424505,0.28865979381443296,0.0,0.0,0.0,0.0,0.06001169613424505,0.28865979381443296,0.20789766160792036,1.0
vidstg,search,25,exposure_5,order2,30,False,False,0.08538336796832446,0.11174785100286533,0.08538336796832446,0.11174785100286533,0.08538336796832446,0.11174785100286533,0.0,0.0,0.0,0.0,0.08538336796832446,0.11174785100286533,0.7640716774601344,1.0
vidstg,search,29,exposure_5,order2,31,False,False,0.0,0.0,0.0,0.0,0.0,0.0,0.0,0.0,0.0,0.0,0.0,0.0,0.0,1.0
vidstg,confirm,38,clean,order1,0,True,True,0.044317744935804156,0.17674418604651163,0.04494488283583912,0.1792452830188679,0.044317744935804156,0.17674418604651163,0.0,0.0,-0.0006271379000349631,-0.002501096972356287,0.24293632081936606,0.9723320158102767,0.2498491429565025,1.0
vidstg,confirm,40,clean,order1,1,False,False,0.48677458382429767,0.8473895582329317,0.48677458382429767,0.8473895582329317,0.48677458382429767,0.8473895582329317,0.0,0.0,0.0,0.0,0.48677458382429767,0.8473895582329317,0.5775807128393745,1.0
vidstg,confirm,43,clean,order1,2,False,False,0.009059761260609655,0.5368663594470046,0.009059761260609655,0.5368663594470046,0.009059761260609655,0.5368663594470046,0.0,0.0,0.0,0.0,0.009059761260609655,0.5368663594470046,0.01456272735964663,1.0
vidstg,confirm,46,clean,order1,3,False,False,0.17951339209516096,0.2645161290322581,0.17951339209516096,0.2645161290322581,0.17951339209516096,0.2645161290322581,0.0,0.0,0.0,0.0,0.17951339209516096,0.2645161290322581,0.6844001282120709,1.0
vidstg,confirm,34,clean,order1,4,True,True,0.17866592852976407,0.2914285714285714,0.19181924842152584,0.3128834355828221,0.17866592852976407,0.2914285714285714,0.0,0.0,-0.013153319891761772,-0.021454864154250686,0.5684824998674312,0.9272727272727272,0.6130693626021316,1.0
vidstg,confirm,37,clean,order1,5,False,False,0.4461055557633001,0.9649122807017544,0.4461055557633001,0.9649122807017544,0.4461055557633001,0.9649122807017544,0.0,0.0,0.0,0.0,0.4461055557633001,0.9649122807017544,0.456835531568271,1.0
vidstg,confirm,44,clean,order1,6,False,False,0.623544876467042,0.7602040816326531,0.623544876467042,0.7602040816326531,0.623544876467042,0.7602040816326531,0.0,0.0,0.0,0.0,0.623544876467042,0.7602040816326531,0.8160875955870823,1.0
vidstg,confirm,45,clean,order1,7,False,False,0.05478640167392588,0.09898762654668167,0.05478640167392588,0.09898762654668167,0.05478640167392588,0.09898762654668167,0.0,0.0,0.0,0.0,0.05478640167392588,0.09898762654668167,0.5338567077620461,1.0
vidstg,confirm,36,clean,order1,8,True,True,0.5896317177372823,0.8223140495867769,0.6175307307026215,0.871900826446281,0.5896317177372823,0.8223140495867769,0.0,0.0,-0.027899012965339254,-0.04958677685950408,0.6974593361865757,0.979757085020243,0.7118696530499348,1.0
vidstg,confirm,35,clean,order1,9,False,False,0.460754350147012,0.9537037037037037,0.460754350147012,0.9537037037037037,0.460754350147012,0.9537037037037037,0.0,0.0,0.0,0.0,0.460754350147012,0.9537037037037037,0.4762000465676732,1.0
vidstg,confirm,42,clean,order1,10,False,False,0.6265845905207785,0.7427536231884058,0.6265845905207785,0.7427536231884058,0.6265845905207785,0.7427536231884058,0.0,0.0,0.0,0.0,0.6265845905207785,0.7427536231884058,0.849125199180327,1.0
vidstg,confirm,39,clean,order1,11,False,False,0.029488125831656546,0.06593406593406594,0.029488125831656546,0.06593406593406594,0.029488125831656546,0.06593406593406594,0.0,0.0,0.0,0.0,0.029488125831656546,0.06593406593406594,0.4810734811938336,1.0
vidstg,confirm,41,clean,order1,12,True,True,0.20903311261430313,0.902834008097166,0.17133281874697617,0.805668016194332,0.20903311261430313,0.902834008097166,0.0,0.0,0.037700293867326956,0.09716599190283393,0.24716880242865166,1.0,0.24716880242865166,1.0
vidstg,confirm,47,clean,order1,13,False,False,0.6823544465487231,0.9323432343234324,0.6823544465487231,0.9323432343234324,0.6823544465487231,0.9323432343234324,0.0,0.0,0.0,0.0,0.6823544465487231,0.9323432343234324,0.7282509594188938,1.0
vidstg,confirm,32,clean,order1,14,False,False,0.8067029981478873,0.9532374100719424,0.8067029981478873,0.9532374100719424,0.8067029981478873,0.9532374100719424,0.0,0.0,0.0,0.0,0.8067029981478873,0.9532374100719424,0.8365604438587976,1.0
vidstg,confirm,33,clean,order1,15,False,False,0.045277914367229145,0.054313099041533544,0.045277914367229145,0.054313099041533544,0.045277914367229145,0.054313099041533544,0.0,0.0,0.0,0.0,0.045277914367229145,0.054313099041533544,0.8386895745562031,1.0
vidstg,confirm,45,clean,order2,0,True,True,0.053958813585813184,0.09898762654668167,0.04069686630782114,0.07681159420289856,0.053958813585813184,0.09898762654668167,0.0,0.0,0.013261947277992042,0.02217603234378311,0.5101955875308329,0.9739130434782609,0.523861540768266,1.0
vidstg,confirm,47,clean,order2,1,False,False,0.701965523333706,0.9323432343234324,0.701965523333706,0.9323432343234324,0.701965523333706,0.9323432343234324,0.0,0.0,0.0,0.0,0.701965523333706,0.9323432343234324,0.749647125903625,1.0
vidstg,confirm,36,clean,order2,2,False,False,0.6018802611003279,0.8223140495867769,0.6018802611003279,0.8223140495867769,0.6018802611003279,0.8223140495867769,0.0,0.0,0.0,0.0,0.6018802611003279,0.8223140495867769,0.729684477829156,1.0
vidstg,confirm,41,clean,order2,3,False,False,0.1954812756326596,0.902834008097166,0.1954812756326596,0.902834008097166,0.1954812756326596,0.902834008097166,0.0,0.0,0.0,0.0,0.1954812756326596,0.902834008097166,0.23339606548514377,1.0
vidstg,confirm,33,clean,order2,4,True,True,0.042942662477474615,0.054313099041533544,0.03918674447652931,0.04956268221574344,0.43358236630482433,0.5483870967741935,0.3906397038273497,0.49407399773266,0.394395621828295,0.49882441455845006,0.5943598765554178,0.7419354838709677,0.80109374666165,1.0
vidstg,confirm,38,clean,order2,5,False,False,0.04342460964319792,0.17674418604651163,0.04342460964319792,0.17674418604651163,0.04342460964319792,0.17674418604651163,0.0,0.0,0.0,0.0,0.04342460964319792,0.17674418604651163,0.24604625612049805,1.0
vidstg,confirm,32,clean,order2,6,False,False,0.7929393285149836,0.9532374100719424,0.7929393285149836,0.9532374100719424,0.7929393285149836,0.9532374100719424,0.0,0.0,0.0,0.0,0.7929393285149836,0.9532374100719424,0.8222757312311881,1.0
vidstg,confirm,34,clean,order2,7,False,False,0.1763292821451926,0.2914285714285714,0.1763292821451926,0.2914285714285714,0.1763292821451926,0.2914285714285714,0.0,0.0,0.0,0.0,0.1763292821451926,0.2914285714285714,0.6050514583413472,1.0
vidstg,confirm,40,clean,order2,8,True,True,0.4467777342251405,0.8473895582329317,0.4106129408083417,0.7753623188405797,0.4467777342251405,0.8473895582329317,0.0,0.0,0.03616479341679879,0.072027239392352,0.5104917642482086,0.963963963963964,0.5295755685191696,1.0
vidstg,confirm,44,clean,order2,9,False,False,0.6304664623435203,0.7602040816326531,0.6304664623435203,0.7602040816326531,0.6304664623435203,0.7602040816326531,0.0,0.0,0.0,0.0,0.6304664623435203,0.7602040816326531,0.8254604326072386,1.0
vidstg,confirm,35,clean,order2,10,False,False,0.43702665567864124,0.9537037037037037,0.43702665567864124,0.9537037037037037,0.43702665567864124,0.9537037037037037,0.0,0.0,0.0,0.0,0.43702665567864124,0.9537037037037037,0.45049104444094507,1.0
vidstg,confirm,42,clean,order2,11,False,False,0.6389130473520374,0.7427536231884058,0.6389130473520374,0.7427536231884058,0.6389130473520374,0.7427536231884058,0.0,0.0,0.0,0.0,0.6389130473520374,0.7427536231884058,0.8651170107516457,1.0
vidstg,confirm,37,clean,order2,12,True,True,0.43136058949167616,0.9649122807017544,0.390278628587707,0.873015873015873,0.43136058949167616,0.9649122807017544,0.0,0.0,0.04108196090396915,0.09189640768588136,0.4117362879647938,0.9344262295081968,0.4406300625588144,1.0
vidstg,confirm,46,clean,order2,13,False,False,0.1790734371423504,0.2645161290322581,0.1790734371423504,0.2645161290322581,0.1790734371423504,0.2645161290322581,0.0,0.0,0.0,0.0,0.1790734371423504,0.2645161290322581,0.6743522642263415,1.0
vidstg,confirm,39,clean,order2,14,False,False,0.031394598509569396,0.06593406593406594,0.031394598509569396,0.06593406593406594,0.031394598509569396,0.06593406593406594,0.0,0.0,0.0,0.0,0.031394598509569396,0.06593406593406594,0.5053591040658818,1.0
vidstg,confirm,43,clean,order2,15,False,False,0.017735726122907802,0.5368663594470046,0.017735726122907802,0.5368663594470046,0.017735726122907802,0.5368663594470046,0.0,0.0,0.0,0.0,0.017735726122907802,0.5368663594470046,0.028508537545711064,1.0
vidstg,confirm,38,frame_drop_5,order1,0,True,True,0.0,0.0,0.0015377688797991577,0.02577319587628866,0.0,0.0,0.0,0.0,-0.0015377688797991577,-0.02577319587628866,0.1322801646119857,0.9723320158102767,0.13604423433671697,1.0
vidstg,confirm,40,frame_drop_5,order1,1,False,False,0.48343277055473227,0.8473895582329317,0.48343277055473227,0.8473895582329317,0.48343277055473227,0.8473895582329317,0.0,0.0,0.0,0.0,0.48343277055473227,0.8473895582329317,0.5736225688396551,1.0
vidstg,confirm,43,frame_drop_5,order1,2,False,False,0.008572355285645004,0.544392523364486,0.008572355285645004,0.544392523364486,0.008572355285645004,0.544392523364486,0.0,0.0,0.0,0.0,0.008572355285645004,0.544392523364486,0.013588770600948378,1.0
vidstg,confirm,46,frame_drop_5,order1,3,False,False,0.18038117618626862,0.2645161290322581,0.18038117618626862,0.2645161290322581,0.18038117618626862,0.2645161290322581,0.0,0.0,0.0,0.0,0.18038117618626862,0.2645161290322581,0.6863802423461084,1.0
vidstg,confirm,34,frame_drop_5,order1,4,True,True,0.1778098524388945,0.2914285714285714,0.1441921873040965,0.23699421965317918,0.1778098524388945,0.2914285714285714,0.0,0.0,0.033617665134798,0.05443435177539224,0.5657586213964825,0.9272727272727272,0.6101318466040497,1.0
vidstg,confirm,37,frame_drop_5,order1,5,False,False,0.44053555612359274,0.9649122807017544,0.44053555612359274,0.9649122807017544,0.44053555612359274,0.9649122807017544,0.0,0.0,0.0,0.0,0.44053555612359274,0.9649122807017544,0.45109618343157826,1.0
vidstg,confirm,44,frame_drop_5,order1,6,False,False,0.4491037220007059,0.5459183673469388,0.4491037220007059,0.5459183673469388,0.4491037220007059,0.5459183673469388,0.0,0.0,0.0,0.0,0.4491037220007059,0.5459183673469388,0.8127934713563837,1.0
vidstg,confirm,45,frame_drop_5,order1,7,False,False,0.04731504618616737,0.08149010477299184,0.04731504618616737,0.08149010477299184,0.04731504618616737,0.08149010477299184,0.0,0.0,0.0,0.0,0.04731504618616737,0.08149010477299184,0.5336406026688735,1.0
vidstg,confirm,36,frame_drop_5,order1,8,True,True,0.44276397261542216,0.6239669421487604,0.38729650733654786,0.5247933884297521,0.6073292698187207,0.888030888030888,0.16456529720329854,0.26406394588212767,0.22003276248217285,0.36323749960113594,0.6641473862340941,0.979757085020243,0.6778694396686828,1.0
vidstg,confirm,35,frame_drop_5,order1,9,False,False,0.44695061205894177,0.9537037037037037,0.44695061205894177,0.9537037037037037,0.44695061205894177,0.9537037037037037,0.0,0.0,0.0,0.0,0.44695061205894177,0.9537037037037037,0.4625181514871378,1.0
vidstg,confirm,42,frame_drop_5,order1,10,False,False,0.6270669806060305,0.7427536231884058,0.6270669806060305,0.7427536231884058,0.6270669806060305,0.7427536231884058,0.0,0.0,0.0,0.0,0.6270669806060305,0.7427536231884058,0.8499114197485614,1.0
vidstg,confirm,39,frame_drop_5,order1,11,False,False,0.10329279852884386,0.24,0.10329279852884386,0.24,0.10329279852884386,0.24,0.0,0.0,0.0,0.0,0.10329279852884386,0.24,0.4741395342346725,1.0
vidstg,confirm,41,frame_drop_5,order1,12,True,True,0.2000593795743555,0.8299595141700404,0.15823609024713942,0.6842105263157895,0.2000593795743555,0.8299595141700404,0.0,0.0,0.04182328932721607,0.14574898785425094,0.25782976915546746,1.0,0.25782976915546746,1.0
vidstg,confirm,47,frame_drop_5,order1,13,False,False,0.6601896593821198,0.8828382838283828,0.6601896593821198,0.8828382838283828,0.6601896593821198,0.8828382838283828,0.0,0.0,0.0,0.0,0.6601896593821198,0.8828382838283828,0.7348813945987787,1.0
vidstg,confirm,32,frame_drop_5,order1,14,False,False,0.5468359814209147,0.658273381294964,0.5468359814209147,0.658273381294964,0.5468359814209147,0.658273381294964,0.0,0.0,0.0,0.0,0.5468359814209147,0.658273381294964,0.8272465642016006,1.0
vidstg,confirm,33,frame_drop_5,order1,15,False,False,0.0426453683882424,0.054313099041533544,0.0426453683882424,0.054313099041533544,0.0426453683882424,0.054313099041533544,0.0,0.0,0.0,0.0,0.0426453683882424,0.054313099041533544,0.795178151048468,1.0
vidstg,confirm,45,frame_drop_5,order2,0,True,True,0.04672153738431414,0.08149010477299184,0.04068741435650995,0.07681159420289856,0.04987183267335036,0.08847497089639116,0.003150295289036223,0.006984866123399311,0.009184418316840408,0.0116633766934926,0.5100677719467653,0.9739130434782609,0.5237303015524823,1.0
vidstg,confirm,47,frame_drop_5,order2,1,False,False,0.6667643897978274,0.8828382838283828,0.6667643897978274,0.8828382838283828,0.6667643897978274,0.8828382838283828,0.0,0.0,0.0,0.0,0.6667643897978274,0.8828382838283828,0.7424934041448824,1.0
vidstg,confirm,36,frame_drop_5,order2,2,False,False,0.44874682827088924,0.6239669421487604,0.44874682827088924,0.6239669421487604,0.44874682827088924,0.6239669421487604,0.0,0.0,0.0,0.0,0.44874682827088924,0.6239669421487604,0.6913258939329029,1.0
vidstg,confirm,41,frame_drop_5,order2,3,False,False,0.20151600781353593,0.8299595141700404,0.20151600781353593,0.8299595141700404,0.20151600781353593,0.8299595141700404,0.0,0.0,0.0,0.0,0.20151600781353593,0.8299595141700404,0.24645394932250972,1.0
vidstg,confirm,33,frame_drop_5,order2,4,True,True,0.04297104205700182,0.054313099041533544,0.03921264187708913,0.04956268221574344,0.4338689085110184,0.5483870967741935,0.3908978664540166,0.49407399773266,0.3946562666339293,0.49882441455845006,0.5946840594506074,0.7419354838709677,0.8015306888247318,1.0
vidstg,confirm,38,frame_drop_5,order2,5,False,False,0.0,0.0,0.0,0.0,0.0,0.0,0.0,0.0,0.0,0.0,0.0,0.0,0.11974264528552016,1.0
vidstg,confirm,32,frame_drop_5,order2,6,False,False,0.5375783833276684,0.658273381294964,0.5375783833276684,0.658273381294964,0.5375783833276684,0.658273381294964,0.0,0.0,0.0,0.0,0.5375783833276684,0.658273381294964,0.8164633071913466,1.0
vidstg,confirm,34,frame_drop_5,order2,7,False,False,0.176416695468016,0.2914285714285714,0.176416695468016,0.2914285714285714,0.176416695468016,0.2914285714285714,0.0,0.0,0.0,0.0,0.176416695468016,0.2914285714285714,0.605351406017702,1.0
vidstg,confirm,40,frame_drop_5,order2,8,True,True,0.4471410374115025,0.8473895582329317,0.41095319481866854,0.7753623188405797,0.4471410374115025,0.8473895582329317,0.0,0.0,0.036187842592833974,0.072027239392352,0.5109147827475339,0.963963963963964,0.5300144007941706,1.0
vidstg,confirm,44,frame_drop_5,order2,9,False,False,0.4538408430551952,0.5459183673469388,0.4538408430551952,0.5459183673469388,0.4538408430551952,0.5459183673469388,0.0,0.0,0.0,0.0,0.4538408430551952,0.5459183673469388,0.8226726777970281,1.0
vidstg,confirm,35,frame_drop_5,order2,10,False,False,0.44037390205140314,0.9537037037037037,0.44037390205140314,0.9537037037037037,0.44037390205140314,0.9537037037037037,0.0,0.0,0.0,0.0,0.44037390205140314,0.9537037037037037,0.45389212540154356,1.0
vidstg,confirm,42,frame_drop_5,order2,11,False,False,0.6388010416770163,0.7427536231884058,0.6388010416770163,0.7427536231884058,0.6388010416770163,0.7427536231884058,0.0,0.0,0.0,0.0,0.6388010416770163,0.7427536231884058,0.8650055647431749,1.0
vidstg,confirm,37,frame_drop_5,order2,12,True,True,0.4317570892190534,0.9649122807017544,0.39063736643628644,0.873015873015873,0.4317570892190534,0.9649122807017544,0.0,0.0,0.04111972278276699,0.09189640768588136,0.41211533359838454,0.9344262295081968,0.44103570788599045,1.0
vidstg,confirm,46,frame_drop_5,order2,13,False,False,0.17862308360031467,0.2645161290322581,0.17862308360031467,0.2645161290322581,0.17862308360031467,0.2645161290322581,0.0,0.0,0.0,0.0,0.17862308360031467,0.2645161290322581,0.672367193442639,1.0
vidstg,confirm,39,frame_drop_5,order2,14,False,False,0.11494595499431455,0.24,0.11494595499431455,0.24,0.11494595499431455,0.24,0.0,0.0,0.0,0.0,0.11494595499431455,0.24,0.5124178274169794,1.0
vidstg,confirm,43,frame_drop_5,order2,15,False,False,0.018672607664715336,0.544392523364486,0.018672607664715336,0.544392523364486,0.018672607664715336,0.544392523364486,0.0,0.0,0.0,0.0,0.018672607664715336,0.544392523364486,0.02959954103888208,1.0
vidstg,confirm,38,frame_freeze_5,order1,0,True,True,0.0,0.0,0.00769635056543358,0.09595959595959595,0.0,0.0,0.0,0.0,-0.00769635056543358,-0.09595959595959595,0.14091151200449814,0.9723320158102767,0.14492118917535785,1.0
vidstg,confirm,40,frame_freeze_5,order1,1,False,False,0.4867838685167707,0.8473895582329317,0.4867838685167707,0.8473895582329317,0.4867838685167707,0.8473895582329317,0.0,0.0,0.0,0.0,0.4867838685167707,0.8473895582329317,0.577584365138697,1.0
vidstg,confirm,43,frame_freeze_5,order1,2,False,False,0.00900515433382474,0.5154867256637168,0.00900515433382474,0.5154867256637168,0.00900515433382474,0.5154867256637168,0.0,0.0,0.0,0.0,0.00900515433382474,0.5154867256637168,0.015075295403291786,1.0
vidstg,confirm,46,frame_freeze_5,order1,3,False,False,0.17952080742891038,0.2645161290322581,0.17952080742891038,0.2645161290322581,0.17952080742891038,0.2645161290322581,0.0,0.0,0.0,0.0,0.17952080742891038,0.2645161290322581,0.6847762081397574,1.0
vidstg,confirm,34,frame_freeze_5,order1,4,True,True,0.17879406257090283,0.2914285714285714,0.19195681564360734,0.3128834355828221,0.17879406257090283,0.2914285714285714,0.0,0.0,-0.013162753072704508,-0.021454864154250686,0.5688901990892363,0.9272727272727272,0.6135090382334901,1.0
vidstg,confirm,37,frame_freeze_5,order1,5,False,False,0.44551136108134054,0.9649122807017544,0.44551136108134054,0.9649122807017544,0.44551136108134054,0.9649122807017544,0.0,0.0,0.0,0.0,0.44551136108134054,0.9649122807017544,0.4562149149140836,1.0
vidstg,confirm,44,frame_freeze_5,order1,6,False,False,0.6230751544016205,0.7602040816326531,0.6230751544016205,0.7602040816326531,0.6230751544016205,0.7602040816326531,0.0,0.0,0.0,0.0,0.6230751544016205,0.7602040816326531,0.8155547380856325,1.0
vidstg,confirm,45,frame_freeze_5,order1,7,False,False,0.05479363273487238,0.09898762654668167,0.05479363273487238,0.09898762654668167,0.05479363273487238,0.09898762654668167,0.0,0.0,0.0,0.0,0.05479363273487238,0.09898762654668167,0.5338874855551289,1.0
vidstg,confirm,36,frame_freeze_5,order1,8,True,True,0.505923195399225,0.7231404958677686,0.5623831610172894,0.8223140495867769,0.5623831610172894,0.8223140495867769,0.05645996561806432,0.09917355371900827,0.0,0.0,0.6712303377545066,0.979757085020243,0.6850987331626576,1.0
vidstg,confirm,35,frame_freeze_5,order1,9,False,False,0.31883709317650694,0.7039473684210527,0.31883709317650694,0.7039473684210527,0.31883709317650694,0.7039473684210527,0.0,0.0,0.0,0.0,0.31883709317650694,0.7039473684210527,0.44873368669286157,1.0
vidstg,confirm,42,frame_freeze_5,order1,10,False,False,0.6265546737012385,0.7427536231884058,0.6265546737012385,0.7427536231884058,0.6265546737012385,0.7427536231884058,0.0,0.0,0.0,0.0,0.6265546737012385,0.7427536231884058,0.8491902802320471,1.0
vidstg,confirm,39,frame_freeze_5,order1,11,False,False,0.13475270866817324,0.3,0.13475270866817324,0.3,0.13475270866817324,0.3,0.0,0.0,0.0,0.0,0.13475270866817324,0.3,0.4869707620402849,1.0
vidstg,confirm,41,frame_freeze_5,order1,12,True,True,0.23838981612374693,0.902834008097166,0.21896145783451249,0.854251012145749,0.23838981612374693,0.902834008097166,0.0,0.0,0.01942835828923445,0.04858299595141702,0.27643601705461857,1.0,0.27643601705461857,1.0
vidstg,confirm,47,frame_freeze_5,order1,13,False,False,0.6917724858545673,0.9323432343234324,0.6917724858545673,0.9323432343234324,0.6917724858545673,0.9323432343234324,0.0,0.0,0.0,0.0,0.6917724858545673,0.9323432343234324,0.7383376990884057,1.0
vidstg,confirm,32,frame_freeze_5,order1,14,False,False,0.8035560351072213,0.9532374100719424,0.8035560351072213,0.9532374100719424,0.8035560351072213,0.9532374100719424,0.0,0.0,0.0,0.0,0.8035560351072213,0.9532374100719424,0.8334294569939686,1.0
vidstg,confirm,33,frame_freeze_5,order1,15,False,False,0.04309601702704209,0.054313099041533544,0.04309601702704209,0.054313099041533544,0.04309601702704209,0.054313099041533544,0.0,0.0,0.0,0.0,0.04309601702704209,0.054313099041533544,0.803220599401498,1.0
vidstg,confirm,45,frame_freeze_5,order2,0,True,True,0.05396022448562267,0.09898762654668167,0.040697285670845344,0.07681159420289856,0.05396022448562267,0.09898762654668167,0.0,0.0,0.013262938814777324,0.02217603234378311,0.5101990946952859,0.9739130434782609,0.523865141874624,1.0
vidstg,confirm,47,frame_freeze_5,order2,1,False,False,0.7024187581197544,0.9323432343234324,0.7024187581197544,0.9323432343234324,0.7024187581197544,0.9323432343234324,0.0,0.0,0.0,0.0,0.7024187581197544,0.9323432343234324,0.7500999958614671,1.0
vidstg,confirm,36,frame_freeze_5,order2,2,False,False,0.5149288985720826,0.7231404958677686,0.5149288985720826,0.7231404958677686,0.5149288985720826,0.7231404958677686,0.0,0.0,0.0,0.0,0.5149288985720826,0.7231404958677686,0.7016373202400259,1.0
vidstg,confirm,41,frame_freeze_5,order2,3,False,False,0.23886982448913743,0.902834008097166,0.23886982448913743,0.902834008097166,0.23886982448913743,0.902834008097166,0.0,0.0,0.0,0.0,0.23886982448913743,0.902834008097166,0.27687163523017166,1.0
vidstg,confirm,33,frame_freeze_5,order2,4,True,True,0.042948695967750035,0.054313099041533544,0.03919225025628501,0.04956268221574344,0.4336432850937342,0.5483870967741935,0.39069458912598415,0.49407399773266,0.39445103483744914,0.49882441455845006,0.5944306074007545,0.7419354838709677,0.8011890795401474,1.0
vidstg,confirm,38,frame_freeze_5,order2,5,False,False,0.0,0.0,0.0,0.0,0.0,0.0,0.0,0.0,0.0,0.0,0.0,0.0,0.1416758969171419,1.0
vidstg,confirm,32,frame_freeze_5,order2,6,False,False,0.7925992603726953,0.9532374100719424,0.7925992603726953,0.9532374100719424,0.7925992603726953,0.9532374100719424,0.0,0.0,0.0,0.0,0.7925992603726953,0.9532374100719424,0.8219296103364547,1.0
vidstg,confirm,34,frame_freeze_5,order2,7,False,False,0.1764089670100575,0.2914285714285714,0.1764089670100575,0.2914285714285714,0.1764089670100575,0.2914285714285714,0.0,0.0,0.0,0.0,0.1764089670100575,0.2914285714285714,0.6053248867992169,1.0
vidstg,confirm,40,frame_freeze_5,order2,8,True,True,0.4469221464721954,0.8473895582329317,0.4107448653963331,0.7753623188405797,0.4469221464721954,0.8473895582329317,0.0,0.0,0.03617728107586232,0.072027239392352,0.5106557786008465,0.963963963963964,0.5297457142494764,1.0
vidstg,confirm,44,frame_freeze_5,order2,9,False,False,0.6302493054147732,0.7602040816326531,0.6302493054147732,0.7602040816326531,0.6302493054147732,0.7602040816326531,0.0,0.0,0.0,0.0,0.6302493054147732,0.7602040816326531,0.8251975788978453,1.0
vidstg,confirm,35,frame_freeze_5,order2,10,False,False,0.294299385959192,0.7039473684210527,0.294299385959192,0.7039473684210527,0.294299385959192,0.7039473684210527,0.0,0.0,0.0,0.0,0.294299385959192,0.7039473684210527,0.4141991357944183,1.0
vidstg,confirm,42,frame_freeze_5,order2,11,False,False,0.6391154738627719,0.7427536231884058,0.6391154738627719,0.7427536231884058,0.6391154738627719,0.7427536231884058,0.0,0.0,0.0,0.0,0.6391154738627719,0.7427536231884058,0.8654931717004622,1.0
vidstg,confirm,37,frame_freeze_5,order2,12,True,True,0.4315246854863417,0.9649122807017544,0.3904270963924044,0.873015873015873,0.4315246854863417,0.9649122807017544,0.0,0.0,0.04109758909393729,0.09189640768588136,0.4118961154603805,0.9344262295081968,0.4408011060190037,1.0
vidstg,confirm,46,frame_freeze_5,order2,13,False,False,0.17921984967617283,0.2645161290322581,0.17921984967617283,0.2645161290322581,0.17921984967617283,0.2645161290322581,0.0,0.0,0.0,0.0,0.17921984967617283,0.2645161290322581,0.6746412901168625,1.0
vidstg,confirm,39,frame_freeze_5,order2,14,False,False,0.13637697264153748,0.3,0.13637697264153748,0.3,0.13637697264153748,0.3,0.0,0.0,0.0,0.0,0.13637697264153748,0.3,0.510679020233378,1.0
vidstg,confirm,43,frame_freeze_5,order2,15,False,False,0.01744254813457701,0.5154867256637168,0.01744254813457701,0.5154867256637168,0.01744254813457701,0.5154867256637168,0.0,0.0,0.0,0.0,0.01744254813457701,0.5154867256637168,0.02920011761788448,1.0
vidstg,confirm,38,motion_blur_5,order1,0,True,True,0.008682669370241662,0.14883720930232558,0.007155237779969883,0.11162790697674418,0.008682669370241662,0.14883720930232558,0.0,0.0,0.0015274315902717795,0.037209302325581395,0.07310407716615273,0.9723320158102767,0.07518427448388879,1.0
vidstg,confirm,40,motion_blur_5,order1,1,False,False,0.48633923118310735,0.8473895582329317,0.48633923118310735,0.8473895582329317,0.48633923118310735,0.8473895582329317,0.0,0.0,0.0,0.0,0.48633923118310735,0.8473895582329317,0.5770283315210774,1.0
vidstg,confirm,43,motion_blur_5,order1,2,False,False,0.009247078202819786,0.5368663594470046,0.009247078202819786,0.5368663594470046,0.009247078202819786,0.5368663594470046,0.0,0.0,0.0,0.0,0.009247078202819786,0.5368663594470046,0.0148638220000881,1.0
vidstg,confirm,46,motion_blur_5,order1,3,False,False,0.18017840671573204,0.2645161290322581,0.18017840671573204,0.2645161290322581,0.18017840671573204,0.2645161290322581,0.0,0.0,0.0,0.0,0.18017840671573204,0.2645161290322581,0.6871446110292428,1.0
vidstg,confirm,34,motion_blur_5,order1,4,True,True,0.179211306705061,0.2914285714285714,0.19240477713733542,0.3128834355828221,0.179211306705061,0.2914285714285714,0.0,0.0,-0.013193470432274423,-0.021454864154250686,0.5702177940615577,0.9272727272727272,0.6149407583016799,1.0
vidstg,confirm,37,motion_blur_5,order1,5,False,False,0.44451186711074053,0.9649122807017544,0.44451186711074053,0.9649122807017544,0.44451186711074053,0.9649122807017544,0.0,0.0,0.0,0.0,0.44451186711074053,0.9649122807017544,0.4551490725745608,1.0
vidstg,confirm,44,motion_blur_5,order1,6,False,False,0.6220745965762892,0.7602040816326531,0.6220745965762892,0.7602040816326531,0.6220745965762892,0.7602040816326531,0.0,0.0,0.0,0.0,0.6220745965762892,0.7602040816326531,0.8147173395957704,1.0
vidstg,confirm,45,motion_blur_5,order1,7,False,False,0.05482096238069625,0.09898762654668167,0.05482096238069625,0.09898762654668167,0.05482096238069625,0.09898762654668167,0.0,0.0,0.0,0.0,0.05482096238069625,0.09898762654668167,0.5341504426172261,1.0
vidstg,confirm,36,motion_blur_5,order1,8,True,True,0.5322699099012642,0.7231404958677686,0.4246579619340937,0.5743801652892562,0.5322699099012642,0.7231404958677686,0.0,0.0,0.1076119479671705,0.14876033057851246,0.6980951204165344,0.979757085020243,0.7125185733177025,1.0
vidstg,confirm,35,motion_blur_5,order1,9,False,False,0.458594810300722,0.9537037037037037,0.458594810300722,0.9537037037037037,0.458594810300722,0.9537037037037037,0.0,0.0,0.0,0.0,0.458594810300722,0.9537037037037037,0.4749037503289165,1.0
vidstg,confirm,42,motion_blur_5,order1,10,False,False,0.6274011968552706,0.7427536231884058,0.6274011968552706,0.7427536231884058,0.6274011968552706,0.7427536231884058,0.0,0.0,0.0,0.0,0.6274011968552706,0.7427536231884058,0.8503061356000333,1.0
vidstg,confirm,39,motion_blur_5,order1,11,False,False,0.13299969207102372,0.3,0.13299969207102372,0.3,0.13299969207102372,0.3,0.0,0.0,0.0,0.0,0.13299969207102372,0.3,0.4809148803900823,1.0
vidstg,confirm,41,motion_blur_5,order1,12,True,True,0.2041564767786847,0.8299595141700404,0.18484918473418802,0.7813765182186235,0.2041564767786847,0.8299595141700404,0.0,0.0,0.019307292044496688,0.04858299595141691,0.2676331018729655,1.0,0.2676331018729655,1.0
vidstg,confirm,47,motion_blur_5,order1,13,False,False,0.6888295138777325,0.9323432343234324,0.6888295138777325,0.9323432343234324,0.6888295138777325,0.9323432343234324,0.0,0.0,0.0,0.0,0.6888295138777325,0.9323432343234324,0.7346540520908876,1.0
vidstg,confirm,32,motion_blur_5,order1,14,False,False,0.7938221264224276,0.9532374100719424,0.7938221264224276,0.9532374100719424,0.7938221264224276,0.9532374100719424,0.0,0.0,0.0,0.0,0.7938221264224276,0.9532374100719424,0.8237291196735121,1.0
vidstg,confirm,33,motion_blur_5,order1,15,False,False,0.04337369468928179,0.054313099041533544,0.04337369468928179,0.054313099041533544,0.04337369468928179,0.054313099041533544,0.0,0.0,0.0,0.0,0.04337369468928179,0.054313099041533544,0.8083238329564929,1.0
vidstg,confirm,45,motion_blur_5,order2,0,True,True,0.05395797017430281,0.09898762654668167,0.04069493474734941,0.07681159420289856,0.05395797017430281,0.09898762654668167,0.0,0.0,0.013263035426953403,0.02217603234378311,0.5101629636665134,0.9739130434782609,0.5238280430504378,1.0
vidstg,confirm,47,motion_blur_5,order2,1,False,False,0.6984632264645908,0.9323432343234324,0.6984632264645908,0.9323432343234324,0.6984632264645908,0.9323432343234324,0.0,0.0,0.0,0.0,0.6984632264645908,0.9323432343234324,0.745252156551245,1.0
vidstg,confirm,36,motion_blur_5,order2,2,False,False,0.5412186477121296,0.7231404958677686,0.5412186477121296,0.7231404958677686,0.5412186477121296,0.7231404958677686,0.0,0.0,0.0,0.0,0.5412186477121296,0.7231404958677686,0.7285989073474443,1.0
vidstg,confirm,41,motion_blur_5,order2,3,False,False,0.20659296408804942,0.8299595141700404,0.20659296408804942,0.8299595141700404,0.20659296408804942,0.8299595141700404,0.0,0.0,0.0,0.0,0.20659296408804942,0.8299595141700404,0.2704322750938502,1.0
vidstg,confirm,33,motion_blur_5,order2,4,True,True,0.04294699520394595,0.054313099041533544,0.0391906982473326,0.04956268221574344,0.43362611286564784,0.5483870967741935,0.3906791176617019,0.49407399773266,0.3944354146183152,0.49882441455845006,0.5944175264080821,0.7419354838709677,0.8011714486369802,1.0
vidstg,confirm,38,motion_blur_5,order2,5,False,False,0.00950687098487272,0.14883720930232558,0.00950687098487272,0.14883720930232558,0.00950687098487272,0.14883720930232558,0.0,0.0,0.0,0.0,0.00950687098487272,0.14883720930232558,0.07699921832725835,1.0
vidstg,confirm,32,motion_blur_5,order2,6,False,False,0.7811294455994456,0.9532374100719424,0.7811294455994456,0.9532374100719424,0.7811294455994456,0.9532374100719424,0.0,0.0,0.0,0.0,0.7811294455994456,0.9532374100719424,0.81046265063546,1.0
vidstg,confirm,34,motion_blur_5,order2,7,False,False,0.17635924354496219,0.2914285714285714,0.17635924354496219,0.2914285714285714,0.17635924354496219,0.2914285714285714,0.0,0.0,0.0,0.0,0.17635924354496219,0.2914285714285714,0.6051542670660467,1.0
vidstg,confirm,40,motion_blur_5,order2,8,True,True,0.4468257744049206,0.8473895582329317,0.41065306390367823,0.7753623188405797,0.4468257744049206,0.8473895582329317,0.0,0.0,0.03617271050124238,0.072027239392352,0.5105416470153837,0.963963963963964,0.5296273160626879,1.0
vidstg,confirm,44,motion_blur_5,order2,9,False,False,0.6290503182476757,0.7602040816326531,0.6290503182476757,0.7602040816326531,0.6290503182476757,0.7602040816326531,0.0,0.0,0.0,0.0,0.6290503182476757,0.7602040816326531,0.8240452787107798,1.0
vidstg,confirm,35,motion_blur_5,order2,10,False,False,0.43257146120129153,0.9537037037037037,0.43257146120129153,0.9537037037037037,0.43257146120129153,0.9537037037037037,0.0,0.0,0.0,0.0,0.43257146120129153,0.9537037037037037,0.44680217490431595,1.0
vidstg,confirm,42,motion_blur_5,order2,11,False,False,0.6390171425321759,0.7427536231884058,0.6390171425321759,0.7427536231884058,0.6390171425321759,0.7427536231884058,0.0,0.0,0.0,0.0,0.6390171425321759,0.7427536231884058,0.8652992235683794,1.0
vidstg,confirm,37,motion_blur_5,order2,12,True,True,0.43167145754397007,0.9649122807017544,0.3905598901588301,0.873015873015873,0.43167145754397007,0.9649122807017544,0.0,0.0,0.04111156738513999,0.09189640768588136,0.41202661492289255,0.9344262295081968,0.4409407633385341,1.0
vidstg,confirm,46,motion_blur_5,order2,13,False,False,0.1791745091285009,0.2645161290322581,0.1791745091285009,0.2645161290322581,0.1791745091285009,0.2645161290322581,0.0,0.0,0.0,0.0,0.1791745091285009,0.2645161290322581,0.6750431409878418,1.0
vidstg,confirm,39,motion_blur_5,order2,14,False,False,0.13753117305707724,0.3,0.13753117305707724,0.3,0.13753117305707724,0.3,0.0,0.0,0.0,0.0,0.13753117305707724,0.3,0.5144194678756882,1.0
vidstg,confirm,43,motion_blur_5,order2,15,False,False,0.018434983941883292,0.5368663594470046,0.018434983941883292,0.5368663594470046,0.018434983941883292,0.5368663594470046,0.0,0.0,0.0,0.0,0.018434983941883292,0.5368663594470046,0.02963252974361981,1.0
vidstg,confirm,38,occlusion_5,order1,0,True,True,0.0,0.0,0.004532512139815581,0.09767441860465116,0.010930264734558316,0.17674418604651163,0.010930264734558316,0.17674418604651163,0.006397752594742735,0.07906976744186046,0.07130215037272578,0.9723320158102767,0.07333107335081147,1.0
vidstg,confirm,40,occlusion_5,order1,1,False,False,0.4853852807278802,0.8473895582329317,0.4853852807278802,0.8473895582329317,0.4853852807278802,0.8473895582329317,0.0,0.0,0.0,0.0,0.4853852807278802,0.8473895582329317,0.5758724023470931,1.0
vidstg,confirm,43,occlusion_5,order1,2,False,False,0.009489861168316203,0.5368663594470046,0.009489861168316203,0.5368663594470046,0.009489861168316203,0.5368663594470046,0.0,0.0,0.0,0.0,0.009489861168316203,0.5368663594470046,0.015254073137219378,1.0
vidstg,confirm,46,occlusion_5,order1,3,False,False,0.1811844673493957,0.2645161290322581,0.1811844673493957,0.2645161290322581,0.1811844673493957,0.2645161290322581,0.0,0.0,0.0,0.0,0.1811844673493957,0.2645161290322581,0.6903487615220989,1.0
vidstg,confirm,34,occlusion_5,order1,4,True,True,0.17945888677285984,0.2914285714285714,0.19267058395859185,0.3128834355828221,0.17945888677285984,0.2914285714285714,0.0,0.0,-0.013211697185732008,-0.021454864154250686,0.5710055488227359,0.9272727272727272,0.6157902977500093,1.0
vidstg,confirm,37,occlusion_5,order1,5,False,False,0.44336766736499444,0.9649122807017544,0.44336766736499444,0.9649122807017544,0.44336766736499444,0.9649122807017544,0.0,0.0,0.0,0.0,0.44336766736499444,0.9649122807017544,0.45408127924033864,1.0
vidstg,confirm,44,occlusion_5,order1,6,False,False,0.6235540666171433,0.7602040816326531,0.6235540666171433,0.7602040816326531,0.6235540666171433,0.7602040816326531,0.0,0.0,0.0,0.0,0.6235540666171433,0.7602040816326531,0.8163175050878756,1.0
vidstg,confirm,45,occlusion_5,order1,7,False,False,0.05484626832924208,0.09898762654668167,0.05484626832924208,0.09898762654668167,0.05484626832924208,0.09898762654668167,0.0,0.0,0.0,0.0,0.05484626832924208,0.09898762654668167,0.5343273614584639,1.0
vidstg,confirm,36,occlusion_5,order1,8,True,True,0.5259930633101512,0.7231404958677686,0.5540937629007799,0.7727272727272727,0.665527950367246,0.9311740890688259,0.13953488705709483,0.2080335932010573,0.11143418746646605,0.15844681634155322,0.6930598098851898,0.979757085020243,0.7073792274448012,1.0
vidstg,confirm,35,occlusion_5,order1,9,False,False,0.4871882889173104,0.9537037037037037,0.4871882889173104,0.9537037037037037,0.4871882889173104,0.9537037037037037,0.0,0.0,0.0,0.0,0.4871882889173104,0.9537037037037037,0.5095902124005364,1.0
vidstg,confirm,42,occlusion_5,order1,10,False,False,0.6283284882708329,0.7427536231884058,0.6283284882708329,0.7427536231884058,0.6283284882708329,0.7427536231884058,0.0,0.0,0.0,0.0,0.6283284882708329,0.7427536231884058,0.8515940197600163,1.0
vidstg,confirm,39,occlusion_5,order1,11,False,False,0.07218141328477885,0.17647058823529413,0.07218141328477885,0.17647058823529413,0.07218141328477885,0.17647058823529413,0.0,0.0,0.0,0.0,0.07218141328477885,0.17647058823529413,0.4586829774279864,1.0
vidstg,confirm,41,occlusion_5,order1,12,True,True,0.19014632129423936,0.902834008097166,0.17069362416574457,0.854251012145749,0.19014632129423936,0.902834008097166,0.0,0.0,0.01945269712849479,0.04858299595141702,0.22868302924322456,1.0,0.22868302924322456,1.0
vidstg,confirm,47,occlusion_5,order1,13,False,False,0.6292091138458367,0.8531353135313532,0.6292091138458367,0.8531353135313532,0.6292091138458367,0.8531353135313532,0.0,0.0,0.0,0.0,0.6292091138458367,0.8531353135313532,0.7166732925032623,1.0
vidstg,confirm,32,occlusion_5,order1,14,False,False,0.7844305311668639,0.935251798561151,0.7844305311668639,0.935251798561151,0.7844305311668639,0.935251798561151,0.0,0.0,0.0,0.0,0.7844305311668639,0.935251798561151,0.8254458071597015,1.0
vidstg,confirm,33,occlusion_5,order1,15,False,False,0.04604173703497164,0.054313099041533544,0.04604173703497164,0.054313099041533544,0.04604173703497164,0.054313099041533544,0.0,0.0,0.0,0.0,0.04604173703497164,0.054313099041533544,0.8516868943208912,1.0
vidstg,confirm,45,occlusion_5,order2,0,True,True,0.05395707480017464,0.09898762654668167,0.04069498909541249,0.07681159420289856,0.05395707480017464,0.09898762654668167,0.0,0.0,0.013262085704762151,0.02217603234378311,0.5101622496769749,0.9739130434782609,0.5238273099361795,1.0
vidstg,confirm,47,occlusion_5,order2,1,False,False,0.6466693104144163,0.8531353135313532,0.6466693104144163,0.8531353135313532,0.6466693104144163,0.8531353135313532,0.0,0.0,0.0,0.0,0.6466693104144163,0.8531353135313532,0.7385727268417362,1.0
vidstg,confirm,36,occlusion_5,order2,2,False,False,0.5336323861184687,0.7231404958677686,0.5336323861184687,0.7231404958677686,0.5336323861184687,0.7231404958677686,0.0,0.0,0.0,0.0,0.5336323861184687,0.7231404958677686,0.7215871820172175,1.0
vidstg,confirm,41,occlusion_5,order2,3,False,False,0.18857030613885895,0.902834008097166,0.18857030613885895,0.902834008097166,0.18857030613885895,0.902834008097166,0.0,0.0,0.0,0.0,0.18857030613885895,0.902834008097166,0.22651369438273106,1.0
vidstg,confirm,33,occlusion_5,order2,4,True,True,0.04297979378068301,0.054313099041533544,0.039220628143888575,0.04956268221574344,0.4339572726888316,0.5483870967741935,0.3909774789081486,0.49407399773266,0.39473664454494306,0.49882441455845006,0.5948810769593379,0.7419354838709677,0.8017962341625858,1.0
vidstg,confirm,38,occlusion_5,order2,5,False,False,0.0,0.0,0.0,0.0,0.0,0.0,0.0,0.0,0.0,0.0,0.0,0.0,0.07293419934078435,1.0
vidstg,confirm,32,occlusion_5,order2,6,False,False,0.7719483917526838,0.935251798561151,0.7719483917526838,0.935251798561151,0.7719483917526838,0.935251798561151,0.0,0.0,0.0,0.0,0.7719483917526838,0.935251798561151,0.8111814046446728,1.0
vidstg,confirm,34,occlusion_5,order2,7,False,False,0.17643884878254867,0.2914285714285714,0.17643884878254867,0.2914285714285714,0.17643884878254867,0.2914285714285714,0.0,0.0,0.0,0.0,0.17643884878254867,0.2914285714285714,0.6054274222930592,1.0
vidstg,confirm,40,occlusion_5,order2,8,True,True,0.4470913562452097,0.8473895582329317,0.4109033634121233,0.7753623188405797,0.4470913562452097,0.8473895582329317,0.0,0.0,0.03618799283308638,0.072027239392352,0.5108528301880452,0.963963963963964,0.5299501322511496,1.0
vidstg,confirm,44,occlusion_5,order2,9,False,False,0.6294253191197386,0.7602040816326531,0.6294253191197386,0.7602040816326531,0.6294253191197386,0.7602040816326531,0.0,0.0,0.0,0.0,0.6294253191197386,0.7602040816326531,0.8242683392388939,1.0
vidstg,confirm,35,occlusion_5,order2,10,False,False,0.43229300212543925,0.9537037037037037,0.43229300212543925,0.9537037037037037,0.43229300212543925,0.9537037037037037,0.0,0.0,0.0,0.0,0.43229300212543925,0.9537037037037037,0.44652552646609706,1.0
vidstg,confirm,42,occlusion_5,order2,11,False,False,0.6391564492493947,0.7427536231884058,0.6391564492493947,0.7427536231884058,0.6391564492493947,0.7427536231884058,0.0,0.0,0.0,0.0,0.6391564492493947,0.7427536231884058,0.8655268548486493,1.0
vidstg,confirm,37,occlusion_5,order2,12,True,True,0.4319897967753993,0.9649122807017544,0.3908479113682184,0.873015873015873,0.4319897967753993,0.9649122807017544,0.0,0.0,0.04114188540718089,0.09189640768588136,0.41233207852056014,0.9344262295081968,0.4412676629781433,1.0
vidstg,confirm,46,occlusion_5,order2,13,False,False,0.1787808344430569,0.2645161290322581,0.1787808344430569,0.2645161290322581,0.1787808344430569,0.2645161290322581,0.0,0.0,0.0,0.0,0.1787808344430569,0.2645161290322581,0.673511388374202,1.0
vidstg,confirm,39,occlusion_5,order2,14,False,False,0.08038158488875806,0.17647058823529413,0.08038158488875806,0.17647058823529413,0.08038158488875806,0.17647058823529413,0.0,0.0,0.0,0.0,0.08038158488875806,0.17647058823529413,0.487481515514032,1.0
vidstg,confirm,43,occlusion_5,order2,15,False,False,0.018726299903370155,0.5368663594470046,0.018726299903370155,0.5368663594470046,0.018726299903370155,0.5368663594470046,0.0,0.0,0.0,0.0,0.018726299903370155,0.5368663594470046,0.030100793178009806,1.0
vidstg,confirm,38,exposure_5,order1,0,True,True,0.013612534008341103,0.17674418604651163,0.013805164206572346,0.1792452830188679,0.013612534008341103,0.17674418604651163,0.0,0.0,-0.0001926301982312431,-0.002501096972356287,0.08461809507171318,0.9723320158102767,0.0870259270452985,1.0
vidstg,confirm,40,exposure_5,order1,1,False,False,0.4865146616985848,0.8473895582329317,0.4865146616985848,0.8473895582329317,0.4865146616985848,0.8473895582329317,0.0,0.0,0.0,0.0,0.4865146616985848,0.8473895582329317,0.5772399510471332,1.0
vidstg,confirm,43,exposure_5,order1,2,False,False,0.009306458554235295,0.5368663594470046,0.009306458554235295,0.5368663594470046,0.009306458554235295,0.5368663594470046,0.0,0.0,0.0,0.0,0.009306458554235295,0.5368663594470046,0.014959270416807845,1.0
vidstg,confirm,46,exposure_5,order1,3,False,False,0.18046332224770048,0.2645161290322581,0.18046332224770048,0.2645161290322581,0.18046332224770048,0.2645161290322581,0.0,0.0,0.0,0.0,0.18046332224770048,0.2645161290322581,0.6874831747926098,1.0
vidstg,confirm,34,exposure_5,order1,4,True,True,0.1790926723785874,0.2914285714285714,0.19227740899541593,0.3128834355828221,0.1790926723785874,0.2914285714285714,0.0,0.0,-0.013184736616828535,-0.021454864154250686,0.5698403212045963,0.9272727272727272,0.6145336797304469,1.0
vidstg,confirm,37,exposure_5,order1,5,False,False,0.44626598658503835,0.9649122807017544,0.44626598658503835,0.9649122807017544,0.44626598658503835,0.9649122807017544,0.0,0.0,0.0,0.0,0.44626598658503835,0.9649122807017544,0.4569810605100597,1.0
vidstg,confirm,44,exposure_5,order1,6,False,False,0.6250763256260716,0.7602040816326531,0.6250763256260716,0.7602040816326531,0.6250763256260716,0.7602040816326531,0.0,0.0,0.0,0.0,0.6250763256260716,0.7602040816326531,0.8178745251182374,1.0
vidstg,confirm,45,exposure_5,order1,7,False,False,0.05474872256599396,0.09898762654668167,0.05474872256599396,0.09898762654668167,0.05474872256599396,0.09898762654668167,0.0,0.0,0.0,0.0,0.05474872256599396,0.09898762654668167,0.5333788948028618,1.0
vidstg,confirm,36,exposure_5,order1,8,True,True,0.5917014360523744,0.8223140495867769,0.6197248962715548,0.871900826446281,0.5917014360523744,0.8223140495867769,0.0,0.0,-0.02802346021918045,-0.04958677685950408,0.700434446128151,0.979757085020243,0.7149062322051789,1.0
vidstg,confirm,35,exposure_5,order1,9,False,False,0.458715091775682,0.9537037037037037,0.458715091775682,0.9537037037037037,0.458715091775682,0.9537037037037037,0.0,0.0,0.0,0.0,0.458715091775682,0.9537037037037037,0.4738868440438114,1.0
vidstg,confirm,42,exposure_5,order1,10,False,False,0.627344833231603,0.7427536231884058,0.627344833231603,0.7427536231884058,0.627344833231603,0.7427536231884058,0.0,0.0,0.0,0.0,0.627344833231603,0.7427536231884058,0.8501722141425287,1.0
vidstg,confirm,39,exposure_5,order1,11,False,False,0.09479964662549148,0.21428571428571427,0.09479964662549148,0.21428571428571427,0.09479964662549148,0.21428571428571427,0.0,0.0,0.0,0.0,0.09479964662549148,0.21428571428571427,0.4795094256131064,1.0
vidstg,confirm,41,exposure_5,order1,12,True,True,0.2073527733516984,0.902834008097166,0.1697778759348174,0.805668016194332,0.2073527733516984,0.902834008097166,0.0,0.0,0.037574897416881,0.09716599190283393,0.24542488723078124,1.0,0.24542488723078124,1.0
vidstg,confirm,47,exposure_5,order1,13,False,False,0.6944995671786554,0.9323432343234324,0.6944995671786554,0.9323432343234324,0.6944995671786554,0.9323432343234324,0.0,0.0,0.0,0.0,0.6944995671786554,0.9323432343234324,0.7413629466550795,1.0
vidstg,confirm,32,exposure_5,order1,14,False,False,0.8036219712744166,0.9532374100719424,0.8036219712744166,0.9532374100719424,0.8036219712744166,0.9532374100719424,0.0,0.0,0.0,0.0,0.8036219712744166,0.9532374100719424,0.833509448171337,1.0
vidstg,confirm,33,exposure_5,order1,15,False,False,0.043170292983560433,0.054313099041533544,0.043170292983560433,0.054313099041533544,0.043170292983560433,0.054313099041533544,0.0,0.0,0.0,0.0,0.043170292983560433,0.054313099041533544,0.8050263122274914,1.0
vidstg,confirm,45,exposure_5,order2,0,True,True,0.05394944402409036,0.09898762654668167,0.05323091646772068,0.097669256381798,0.05394944402409036,0.09898762654668167,0.0,0.0,0.000718527556369683,0.0013183701648836615,0.5100978008240981,0.9739130434782609,0.5237611347747435,1.0
vidstg,confirm,47,exposure_5,order2,1,False,False,0.7018202234639561,0.9323432343234324,0.7018202234639561,0.9323432343234324,0.7018202234639561,0.9323432343234324,0.0,0.0,0.0,0.0,0.7018202234639561,0.9323432343234324,0.7494356436103505,1.0
vidstg,confirm,36,exposure_5,order2,2,False,False,0.6021554997430293,0.8223140495867769,0.6021554997430293,0.8223140495867769,0.6021554997430293,0.8223140495867769,0.0,0.0,0.0,0.0,0.6021554997430293,0.8223140495867769,0.7303933194950356,1.0
vidstg,confirm,41,exposure_5,order2,3,False,False,0.20852899424834365,0.902834008097166,0.20852899424834365,0.902834008097166,0.20852899424834365,0.902834008097166,0.0,0.0,0.0,0.0,0.20852899424834365,0.902834008097166,0.2465647662267325,1.0
vidstg,confirm,33,exposure_5,order2,4,True,True,0.04296988853606202,0.054313099041533544,0.039211589247193625,0.04956268221574344,0.4338572616705617,0.5483870967741935,0.39088737313449967,0.49407399773266,0.39464567242336807,0.49882441455845006,0.5946629616895938,0.7419354838709677,0.8015022527120612,1.0
vidstg,confirm,38,exposure_5,order2,5,False,False,0.013772545226634144,0.17674418604651163,0.013772545226634144,0.17674418604651163,0.013772545226634144,0.17674418604651163,0.0,0.0,0.0,0.0,0.013772545226634144,0.17674418604651163,0.08857805466924029,1.0
vidstg,confirm,32,exposure_5,order2,6,False,False,0.7928091004459165,0.9532374100719424,0.7928091004459165,0.9532374100719424,0.7928091004459165,0.9532374100719424,0.0,0.0,0.0,0.0,0.7928091004459165,0.9532374100719424,0.8221852952533295,1.0
vidstg,confirm,34,exposure_5,order2,7,False,False,0.1765424073779522,0.2914285714285714,0.1765424073779522,0.2914285714285714,0.1765424073779522,0.2914285714285714,0.0,0.0,0.0,0.0,0.1765424073779522,0.2914285714285714,0.605782770414542,1.0
vidstg,confirm,40,exposure_5,order2,8,True,True,0.44742672967752883,0.8473895582329317,0.4112103079620675,0.7753623188405797,0.44742672967752883,0.8473895582329317,0.0,0.0,0.036216421715461355,0.072027239392352,0.5112344369258136,0.963963963963964,0.5303460046613581,1.0
vidstg,confirm,44,exposure_5,order2,9,False,False,0.6313496966794225,0.7602040816326531,0.6313496966794225,0.7602040816326531,0.6313496966794225,0.7602040816326531,0.0,0.0,0.0,0.0,0.6313496966794225,0.7602040816326531,0.8264093151506829,1.0
vidstg,confirm,35,exposure_5,order2,10,False,False,0.4418069138993182,0.9537037037037037,0.4418069138993182,0.9537037037037037,0.4418069138993182,0.9537037037037037,0.0,0.0,0.0,0.0,0.4418069138993182,0.9537037037037037,0.4552204643111721,1.0
vidstg,confirm,42,exposure_5,order2,11,False,False,0.6389545223065649,0.7427536231884058,0.6389545223065649,0.7427536231884058,0.6389545223065649,0.7427536231884058,0.0,0.0,0.0,0.0,0.6389545223065649,0.7427536231884058,0.865189502848045,1.0
vidstg,confirm,37,exposure_5,order2,12,True,True,0.43251964184055003,0.9649122807017544,0.39132729499859287,0.873015873015873,0.43251964184055003,0.9649122807017544,0.0,0.0,0.04119234684195716,0.09189640768588136,0.41285815203623677,0.9344262295081968,0.4418306539335165,1.0
vidstg,confirm,46,exposure_5,order2,13,False,False,0.17881167032382853,0.2645161290322581,0.17881167032382853,0.2645161290322581,0.17881167032382853,0.2645161290322581,0.0,0.0,0.0,0.0,0.17881167032382853,0.2645161290322581,0.6733008252277329,1.0
vidstg,confirm,39,exposure_5,order2,14,False,False,0.10159775622227948,0.21428571428571427,0.10159775622227948,0.21428571428571427,0.10159775622227948,0.21428571428571427,0.0,0.0,0.0,0.0,0.10159775622227948,0.21428571428571427,0.5038841379623998,1.0
vidstg,confirm,43,exposure_5,order2,15,False,False,0.018263127486140236,0.5368663594470046,0.018263127486140236,0.5368663594470046,0.018263127486140236,0.5368663594470046,0.0,0.0,0.0,0.0,0.018263127486140236,0.5368663594470046,0.02935628640364764,1.0
hc2,search,2,clean,order1,0,True,True,0.14707668065697146,0.31100478468899523,0.1719483512365783,0.3827751196172249,0.28297012132633753,0.6299212598425197,0.13589344066936607,0.31891647515352445,0.11102177008975922,0.2471461402252948,0.4563492894565602,0.9393939393939394,0.48579117909891895,1.0
hc2,search,0,clean,order1,1,False,False,0.19009517190679653,0.3778801843317972,0.19009517190679653,0.3778801843317972,0.19009517190679653,0.3778801843317972,0.0,0.0,0.0,0.0,0.19009517190679653,0.3778801843317972,0.4372574100940408,1.0
hc2,search,25,clean,order1,2,False,False,0.24833253900321872,0.6883116883116883,0.24833253900321872,0.6883116883116883,0.24833253900321872,0.6883116883116883,0.0,0.0,0.0,0.0,0.24833253900321872,0.6883116883116883,0.3067685880310034,1.0
hc2,search,22,clean,order1,3,False,False,0.0743398697598623,0.24316939890710382,0.0743398697598623,0.24316939890710382,0.0743398697598623,0.24316939890710382,0.0,0.0,0.0,0.0,0.0743398697598623,0.24316939890710382,0.4008924508592507,1.0
hc2,search,27,clean,order1,4,True,True,0.5444791153564177,0.7095588235294118,0.257698601042441,0.32987012987012987,0.5933056184609824,0.7757352941176471,0.04882650310456471,0.06617647058823528,0.3356070174185414,0.4458651642475172,0.7398732148532712,0.9763779527559056,0.7577733732771406,1.0
hc2,search,31,clean,order1,5,False,False,0.49090316813531326,0.8092105263157895,0.49090316813531326,0.8092105263157895,0.49090316813531326,0.8092105263157895,0.0,0.0,0.0,0.0,0.49090316813531326,0.8092105263157895,0.6008838709230218,1.0
hc2,search,11,clean,order1,6,False,False,0.2469132596093794,0.8641114982578397,0.2469132596093794,0.8641114982578397,0.2469132596093794,0.8641114982578397,0.0,0.0,0.0,0.0,0.2469132596093794,0.8641114982578397,0.28067434716196715,1.0
hc2,search,30,clean,order1,7,False,False,0.5299847306393535,0.723404255319149,0.5299847306393535,0.723404255319149,0.5299847306393535,0.723404255319149,0.0,0.0,0.0,0.0,0.5299847306393535,0.723404255319149,0.7326259511779297,1.0
hc2,search,26,clean,order1,8,True,True,0.12408215791763476,0.4473684210526316,0.12408215791763476,0.4473684210526316,0.13344684908122983,0.4811320754716981,0.009364691163595076,0.033763654419066536,0.009364691163595076,0.033763654419066536,0.25487145950649304,0.918918918918919,0.2773601176982424,1.0
hc2,search,24,clean,order1,9,False,False,0.017592931616054512,0.342911877394636,0.017592931616054512,0.342911877394636,0.017592931616054512,0.342911877394636,0.0,0.0,0.0,0.0,0.017592931616054512,0.342911877394636,0.15685615884921994,1.0
hc2,search,19,clean,order1,10,False,False,0.5873359233394453,0.8327137546468402,0.5873359233394453,0.8327137546468402,0.5873359233394453,0.8327137546468402,0.0,0.0,0.0,0.0,0.5873359233394453,0.8327137546468402,0.7086416284770158,1.0
hc2,search,13,clean,order1,11,False,False,0.3527928162190368,0.5476190476190477,0.3527928162190368,0.5476190476190477,0.3527928162190368,0.5476190476190477,0.0,0.0,0.0,0.0,0.3527928162190368,0.5476190476190477,0.6442303600521542,1.0
hc2,search,14,clean,order1,12,True,True,0.4937913483189059,0.7444444444444445,0.4095965101262814,0.6175115207373272,0.5520648614745532,0.8322981366459627,0.05827351315564733,0.08785369220151829,0.14246835134827185,0.21478661590863557,0.6259326950521342,0.9436619718309859,0.6633018111746497,1.0
hc2,search,16,clean,order1,13,False,False,0.16633640861777202,0.3333333333333333,0.16633640861777202,0.3333333333333333,0.16633640861777202,0.3333333333333333,0.0,0.0,0.0,0.0,0.16633640861777202,0.3333333333333333,0.4784549389525722,1.0
hc2,search,17,clean,order1,14,False,False,0.2970118914547018,0.4533678756476684,0.2970118914547018,0.4533678756476684,0.2970118914547018,0.4533678756476684,0.0,0.0,0.0,0.0,0.2970118914547018,0.4533678756476684,0.6551233720086566,1.0
hc2,search,23,clean,order1,15,False,False,0.06449226600135811,0.5739514348785872,0.06449226600135811,0.5739514348785872,0.06449226600135811,0.5739514348785872,0.0,0.0,0.0,0.0,0.06449226600135811,0.5739514348785872,0.1123653711485201,1.0
hc2,search,29,clean,order1,16,True,True,0.22459467832780688,0.4232209737827715,0.20678199694318772,0.3896551724137931,0.22459467832780688,0.4232209737827715,0.0,0.0,0.017812681384619167,0.03356580136897841,0.47592681836130507,0.8968253968253969,0.5306794611816322,1.0
hc2,search,9,clean,order1,17,False,False,0.0,0.0,0.0,0.0,0.0,0.0,0.0,0.0,0.0,0.0,0.0,0.0,0.6109333888577597,1.0
hc2,search,5,clean,order1,18,False,False,0.22891580751321455,0.46996466431095407,0.22891580751321455,0.46996466431095407,0.22891580751321455,0.46996466431095407,0.0,0.0,0.0,0.0,0.22891580751321455,0.46996466431095407,0.4870915302724791,1.0
hc2,search,8,clean,order1,19,False,False,0.7399432003760843,0.8688046647230321,0.7399432003760843,0.8688046647230321,0.7399432003760843,0.8688046647230321,0.0,0.0,0.0,0.0,0.7399432003760843,0.8688046647230321,0.8483327036499135,1.0
hc2,search,28,clean,order1,20,True,True,0.40198194844789553,0.5736040609137056,0.38629484802066055,0.551219512195122,0.5012053407863001,0.7151898734177216,0.09922339233840455,0.14158581250401592,0.11491049276563953,0.16397036122259956,0.6654659146574405,0.9495798319327731,0.7008003880020833,1.0
hc2,search,10,clean,order1,21,False,False,0.2721643090473695,0.3598326359832636,0.2721643090473695,0.3598326359832636,0.2721643090473695,0.3598326359832636,0.0,0.0,0.0,0.0,0.2721643090473695,0.3598326359832636,0.7419375268371243,1.0
hc2,search,21,clean,order1,22,False,False,0.5858715086524269,0.8761329305135952,0.5858715086524269,0.8761329305135952,0.5858715086524269,0.8761329305135952,0.0,0.0,0.0,0.0,0.5858715086524269,0.8761329305135952,0.6729659820862823,1.0
hc2,search,20,clean,order1,23,False,False,0.5372545027437563,0.890295358649789,0.5372545027437563,0.890295358649789,0.5372545027437563,0.890295358649789,0.0,0.0,0.0,0.0,0.5372545027437563,0.890295358649789,0.607274230374167,1.0
hc2,search,1,clean,order1,24,True,True,0.3777558932453901,0.6735537190082644,0.4211516143275015,0.7520661157024794,0.3777558932453901,0.6735537190082644,0.0,0.0,-0.04339572108211137,-0.07851239669421495,0.5313896622490915,0.9494949494949495,0.5596550698155325,1.0
hc2,search,7,clean,order1,25,False,False,0.6467763331036581,0.9824561403508771,0.6467763331036581,0.9824561403508771,0.6467763331036581,0.9824561403508771,0.0,0.0,0.0,0.0,0.6467763331036581,0.9824561403508771,0.656964326191616,1.0
hc2,search,12,clean,order1,26,False,False,0.47071953724545923,0.8191489361702128,0.47071953724545923,0.8191489361702128,0.47071953724545923,0.8191489361702128,0.0,0.0,0.0,0.0,0.47071953724545923,0.8191489361702128,0.57804691872902,1.0
hc2,search,18,clean,order1,27,False,False,0.23342082383226637,0.35435435435435436,0.23342082383226637,0.35435435435435436,0.23342082383226637,0.35435435435435436,0.0,0.0,0.0,0.0,0.23342082383226637,0.35435435435435436,0.6762270091483329,1.0
hc2,search,3,clean,order1,28,True,True,0.22420851244213602,0.5028901734104047,0.23796363590484376,0.5337423312883436,0.3765832296358207,0.8446601941747572,0.15237471719368467,0.3417700207643526,0.13861959373097693,0.31091786288641365,0.408295501605153,0.9157894736842105,0.44583991554585667,1.0
hc2,search,6,clean,order1,29,False,False,0.30368914614783094,0.6896551724137931,0.30368914614783094,0.6896551724137931,0.30368914614783094,0.6896551724137931,0.0,0.0,0.0,0.0,0.30368914614783094,0.6896551724137931,0.44034926191435486,1.0
hc2,search,15,clean,order1,30,False,False,0.05680580535574577,0.28044280442804426,0.05680580535574577,0.28044280442804426,0.05680580535574577,0.28044280442804426,0.0,0.0,0.0,0.0,0.05680580535574577,0.28044280442804426,0.17964333372161145,1.0
hc2,search,4,clean,order1,31,False,False,0.0,0.0,0.0,0.0,0.0,0.0,0.0,0.0,0.0,0.0,0.0,0.0,0.5202110904115362,1.0
hc2,search,16,clean,order2,0,True,True,0.15028470927788676,0.3333333333333333,0.174351360445409,0.3723958333333333,0.36801685963586345,0.7872340425531915,0.2177321503579767,0.4539007092198582,0.19366549919045445,0.4148382092198582,0.42622115910658936,0.9737827715355806,0.43769634415945907,1.0
hc2,search,2,clean,order2,1,False,False,0.15697525235908516,0.31100478468899523,0.15697525235908516,0.31100478468899523,0.15697525235908516,0.31100478468899523,0.0,0.0,0.0,0.0,0.15697525235908516,0.31100478468899523,0.5095844988863755,1.0
hc2,search,27,clean,order2,2,False,False,0.5349906309325663,0.7095588235294118,0.5349906309325663,0.7095588235294118,0.5349906309325663,0.7095588235294118,0.0,0.0,0.0,0.0,0.5349906309325663,0.7095588235294118,0.7446134166956803,1.0
hc2,search,22,clean,order2,3,False,False,0.0663011064400894,0.24316939890710382,0.0663011064400894,0.24316939890710382,0.0663011064400894,0.24316939890710382,0.0,0.0,0.0,0.0,0.0663011064400894,0.24316939890710382,0.38644964279318333,1.0
hc2,search,23,clean,order2,4,True,True,0.07768002550445777,0.5739514348785872,0.08299304611679097,0.6132075471698113,0.07768002550445777,0.5739514348785872,0.0,0.0,-0.0053130206123332,-0.039256112291224055,0.13179420057497893,0.9737827715355806,0.1353425059750745,1.0
hc2,search,26,clean,order2,5,False,False,0.14239622617206601,0.4473684210526316,0.14239622617206601,0.4473684210526316,0.14239622617206601,0.4473684210526316,0.0,0.0,0.0,0.0,0.14239622617206601,0.4473684210526316,0.31829744673755933,1.0
hc2,search,15,clean,order2,6,False,False,0.06574733474456611,0.28044280442804426,0.06574733474456611,0.28044280442804426,0.06574733474456611,0.28044280442804426,0.0,0.0,0.0,0.0,0.06574733474456611,0.28044280442804426,0.20638822489534694,1.0
hc2,search,12,clean,order2,7,False,False,0.4744471895643662,0.8191489361702128,0.4744471895643662,0.8191489361702128,0.4744471895643662,0.8191489361702128,0.0,0.0,0.0,0.0,0.4744471895643662,0.8191489361702128,0.583325680601796,1.0
hc2,search,5,clean,order2,8,True,True,0.23682314809594693,0.46996466431095407,0.2157621422018512,0.4276315789473684,0.3546082058791163,0.7037037037037037,0.11778505778316936,0.23373903939274965,0.1388460636772651,0.2760721247563353,0.47197852754333086,0.9366197183098591,0.5039169241440073,1.0
hc2,search,17,clean,order2,9,False,False,0.2871629303330803,0.4533678756476684,0.2871629303330803,0.4533678756476684,0.2871629303330803,0.4533678756476684,0.0,0.0,0.0,0.0,0.2871629303330803,0.4533678756476684,0.6333993777632515,1.0
hc2,search,11,clean,order2,10,False,False,0.281889840029076,0.8641114982578397,0.281889840029076,0.8641114982578397,0.281889840029076,0.8641114982578397,0.0,0.0,0.0,0.0,0.281889840029076,0.8641114982578397,0.32131019740240524,1.0
hc2,search,3,clean,order2,11,False,False,0.21826247843048938,0.5028901734104047,0.21826247843048938,0.5028901734104047,0.21826247843048938,0.5028901734104047,0.0,0.0,0.0,0.0,0.21826247843048938,0.5028901734104047,0.4340161927410881,1.0
hc2,search,1,clean,order2,12,True,True,0.3776402660628962,0.6735537190082644,0.4205251637552805,0.7520661157024794,0.3776402660628962,0.6735537190082644,0.0,0.0,-0.042884897692384294,-0.07851239669421495,0.5305391915419868,0.9494949494949495,0.5587593613048584,1.0
hc2,search,9,clean,order2,13,False,False,0.0,0.0,0.0,0.0,0.0,0.0,0.0,0.0,0.0,0.0,0.0,0.0,0.6174675659110738,1.0
hc2,search,14,clean,order2,14,False,False,0.5131389020655738,0.7444444444444445,0.5131389020655738,0.7444444444444445,0.5131389020655738,0.7444444444444445,0.0,0.0,0.0,0.0,0.5131389020655738,0.7444444444444445,0.6892910624761439,1.0
hc2,search,31,clean,order2,15,False,False,0.5041580396219122,0.8092105263157895,0.5041580396219122,0.8092105263157895,0.5041580396219122,0.8092105263157895,0.0,0.0,0.0,0.0,0.5041580396219122,0.8092105263157895,0.6176527958689217,1.0
hc2,search,20,clean,order2,16,True,True,0.5584889159548452,0.890295358649789,0.5004372701843331,0.8,0.5584889159548452,0.890295358649789,0.0,0.0,0.05805164577051203,0.09029535864978899,0.609688564088971,0.9661016949152542,0.6310811452850752,1.0
hc2,search,0,clean,order2,17,False,False,0.20738135993276474,0.3778801843317972,0.20738135993276474,0.3778801843317972,0.20738135993276474,0.3778801843317972,0.0,0.0,0.0,0.0,0.20738135993276474,0.3778801843317972,0.48722036296702653,1.0
hc2,search,24,clean,order2,18,False,False,0.01963364243479532,0.342911877394636,0.01963364243479532,0.342911877394636,0.01963364243479532,0.342911877394636,0.0,0.0,0.0,0.0,0.01963364243479532,0.342911877394636,0.16738817085309893,1.0
hc2,search,6,clean,order2,19,False,False,0.30782151450513356,0.6896551724137931,0.30782151450513356,0.6896551724137931,0.30782151450513356,0.6896551724137931,0.0,0.0,0.0,0.0,0.30782151450513356,0.6896551724137931,0.44634119603244365,1.0
hc2,search,4,clean,order2,20,True,True,0.0,0.0,0.0,0.0,0.0,0.0,0.0,0.0,0.0,0.0,0.479048652837621,0.9430379746835443,0.5079844775056652,1.0
hc2,search,28,clean,order2,21,False,False,0.3989811398358037,0.5736040609137056,0.3989811398358037,0.5736040609137056,0.3989811398358037,0.5736040609137056,0.0,0.0,0.0,0.0,0.3989811398358037,0.5736040609137056,0.6955688898022419,1.0
hc2,search,30,clean,order2,22,False,False,0.5027062060150256,0.723404255319149,0.5027062060150256,0.723404255319149,0.5027062060150256,0.723404255319149,0.0,0.0,0.0,0.0,0.5027062060150256,0.723404255319149,0.6949174024325354,1.0
hc2,search,25,clean,order2,23,False,False,0.23102835884050515,0.6883116883116883,0.23102835884050515,0.6883116883116883,0.23102835884050515,0.6883116883116883,0.0,0.0,0.0,0.0,0.23102835884050515,0.6883116883116883,0.2884866107035176,1.0
hc2,search,29,clean,order2,24,True,True,0.23209295349296583,0.4232209737827715,0.21368558131938578,0.3896551724137931,0.23209295349296583,0.4232209737827715,0.0,0.0,0.018407372173580044,0.03356580136897841,0.491816020496999,0.8968253968253969,0.5483966246249724,1.0
hc2,search,21,clean,order2,25,False,False,0.5943563883938278,0.8761329305135952,0.5943563883938278,0.8761329305135952,0.5943563883938278,0.8761329305135952,0.0,0.0,0.0,0.0,0.5943563883938278,0.8761329305135952,0.6829572420663679,1.0
hc2,search,19,clean,order2,26,False,False,0.581671323196035,0.8327137546468402,0.581671323196035,0.8327137546468402,0.581671323196035,0.8327137546468402,0.0,0.0,0.0,0.0,0.581671323196035,0.8327137546468402,0.6951748122175552,1.0
hc2,search,18,clean,order2,27,False,False,0.2504930960185177,0.35435435435435436,0.2504930960185177,0.35435435435435436,0.2504930960185177,0.35435435435435436,0.0,0.0,0.0,0.0,0.2504930960185177,0.35435435435435436,0.7068452259456418,1.0
hc2,search,8,clean,order2,28,True,True,0.7266273191996117,0.8688046647230321,0.8169324337973554,0.9825072886297376,0.7638089131137373,0.9125364431486881,0.03718159391412568,0.04373177842565601,-0.05312352068361803,-0.06997084548104948,0.8071117449807587,0.9716713881019831,0.8306426996449207,1.0
hc2,search,7,clean,order2,29,False,False,0.658047712444789,0.9824561403508771,0.658047712444789,0.9824561403508771,0.658047712444789,0.9824561403508771,0.0,0.0,0.0,0.0,0.658047712444789,0.9824561403508771,0.6683006895476277,1.0
hc2,search,10,clean,order2,30,False,False,0.28083539471921526,0.3598326359832636,0.28083539471921526,0.3598326359832636,0.28083539471921526,0.3598326359832636,0.0,0.0,0.0,0.0,0.28083539471921526,0.3598326359832636,0.7666255416635108,1.0
hc2,search,13,clean,order2,31,False,False,0.34561362922205424,0.5476190476190477,0.34561362922205424,0.5476190476190477,0.34561362922205424,0.5476190476190477,0.0,0.0,0.0,0.0,0.34561362922205424,0.5476190476190477,0.6311205403185338,1.0
hc2,search,2,frame_drop_5,order1,0,True,True,0.0762338369190863,0.16129032258064516,0.11034013717447065,0.2995391705069124,0.18616607049489525,0.5373134328358209,0.10993223357580895,0.37602311025517576,0.0758259333204246,0.23777426232890847,0.3806661293799588,0.9393939393939394,0.4052252345012465,1.0
hc2,search,0,frame_drop_5,order1,1,False,False,0.19378984384759565,0.3778801843317972,0.19378984384759565,0.3778801843317972,0.19378984384759565,0.3778801843317972,0.0,0.0,0.0,0.0,0.19378984384759565,0.3778801843317972,0.44249653081692064,1.0
hc2,search,25,frame_drop_5,order1,2,False,False,0.24235649474735305,0.6883116883116883,0.24235649474735305,0.6883116883116883,0.24235649474735305,0.6883116883116883,0.0,0.0,0.0,0.0,0.24235649474735305,0.6883116883116883,0.3005675856706097,1.0
hc2,search,22,frame_drop_5,order1,3,False,False,0.07865667860417365,0.24316939890710382,0.07865667860417365,0.24316939890710382,0.07865667860417365,0.24316939890710382,0.0,0.0,0.0,0.0,0.07865667860417365,0.24316939890710382,0.4079829305771147,1.0
hc2,search,27,frame_drop_5,order1,4,True,True,0.6061994119063525,0.875,0.5769753032557927,0.8346774193548387,0.6061994119063525,0.875,0.0,0.0,0.0292241086505598,0.040322580645161255,0.6806653839839225,0.9763779527559056,0.6971330948867593,1.0
hc2,search,31,frame_drop_5,order1,5,False,False,0.419828691542619,0.6885964912280702,0.419828691542619,0.6885964912280702,0.419828691542619,0.6885964912280702,0.0,0.0,0.0,0.0,0.419828691542619,0.6885964912280702,0.5823824885068309,1.0
hc2,search,11,frame_drop_5,order1,6,False,False,0.20680677498261274,0.7013698630136986,0.20680677498261274,0.7013698630136986,0.20680677498261274,0.7013698630136986,0.0,0.0,0.0,0.0,0.20680677498261274,0.7013698630136986,0.29122178035017116,1.0
hc2,search,30,frame_drop_5,order1,7,False,False,0.6036291614802743,0.8242424242424242,0.6036291614802743,0.8242424242424242,0.6036291614802743,0.8242424242424242,0.0,0.0,0.0,0.0,0.6036291614802743,0.8242424242424242,0.7323442032665094,1.0
hc2,search,26,frame_drop_5,order1,8,True,True,0.17297034584172905,0.4473684210526316,0.166787780992138,0.4272300469483568,0.19331979829369716,0.5,0.02034945245196812,0.05263157894736842,0.026532017301559158,0.07276995305164319,0.35529044010733535,0.918918918918919,0.38663959658739433,1.0
hc2,search,24,frame_drop_5,order1,9,False,False,0.01767595317267362,0.30842911877394635,0.01767595317267362,0.30842911877394635,0.01767595317267362,0.30842911877394635,0.0,0.0,0.0,0.0,0.01767595317267362,0.30842911877394635,0.15631089242129453,1.0
hc2,search,19,frame_drop_5,order1,10,False,False,0.5929065633298619,0.8853754940711462,0.5929065633298619,0.8853754940711462,0.5929065633298619,0.8853754940711462,0.0,0.0,0.0,0.0,0.5929065633298619,0.8853754940711462,0.6761181440974035,1.0
hc2,search,13,frame_drop_5,order1,11,False,False,0.3559402791943792,0.5476190476190477,0.3559402791943792,0.5476190476190477,0.3559402791943792,0.5476190476190477,0.0,0.0,0.0,0.0,0.3559402791943792,0.5476190476190477,0.649977901137562,1.0
hc2,search,14,frame_drop_5,order1,12,True,True,0.45314736040376336,0.7486033519553073,0.4799608136820926,0.7928994082840237,0.45314736040376336,0.7486033519553073,0.0,0.0,-0.026813453278329236,-0.04429605632871647,0.5712209683962932,0.9436619718309859,0.6053237127781615,1.0
hc2,search,16,frame_drop_5,order1,13,False,False,0.19097733958384316,0.3803191489361702,0.19097733958384316,0.3803191489361702,0.19097733958384316,0.3803191489361702,0.0,0.0,0.0,0.0,0.19097733958384316,0.3803191489361702,0.49196213283656637,1.0
hc2,search,17,frame_drop_5,order1,14,False,False,0.2991016425545666,0.4533678756476684,0.2991016425545666,0.4533678756476684,0.2991016425545666,0.4533678756476684,0.0,0.0,0.0,0.0,0.2991016425545666,0.4533678756476684,0.6597327658632155,1.0
hc2,search,23,frame_drop_5,order1,15,False,False,0.09514920841617952,0.8538205980066446,0.09514920841617952,0.8538205980066446,0.09514920841617952,0.8538205980066446,0.0,0.0,0.0,0.0,0.09514920841617952,0.8538205980066446,0.11260034750601572,1.0
hc2,search,29,frame_drop_5,order1,16,True,True,0.22414190183753818,0.4232209737827715,0.21146956816474452,0.3992932862190813,0.23842983183515018,0.450199203187251,0.014287929997611998,0.02697822940447947,0.02696026367040566,0.05090591696816971,0.47496736341764045,0.8968253968253969,0.5296096264656875,1.0
hc2,search,9,frame_drop_5,order1,17,False,False,0.0,0.0,0.0,0.0,0.0,0.0,0.0,0.0,0.0,0.0,0.0,0.0,0.5867055637256937,1.0
hc2,search,5,frame_drop_5,order1,18,False,False,0.23156708508658186,0.46996466431095407,0.23156708508658186,0.46996466431095407,0.23156708508658186,0.46996466431095407,0.0,0.0,0.0,0.0,0.23156708508658186,0.46996466431095407,0.4927329705225765,1.0
hc2,search,8,frame_drop_5,order1,19,False,False,0.6534870786032159,0.7551020408163265,0.6534870786032159,0.7551020408163265,0.6534870786032159,0.7551020408163265,0.0,0.0,0.0,0.0,0.6534870786032159,0.7551020408163265,0.8431751673128849,1.0
hc2,search,28,frame_drop_5,order1,20,True,True,0.43679217179534574,0.6243093922651933,0.4569906537280785,0.653179190751445,0.5003758423731492,0.7151898734177216,0.06358367057780351,0.09088048115252823,0.04338518864507074,0.06201068266627652,0.664364563823173,0.9495798319327731,0.6996405583624564,1.0
hc2,search,10,frame_drop_5,order1,21,False,False,0.2703963321860502,0.3598326359832636,0.2703963321860502,0.3598326359832636,0.2703963321860502,0.3598326359832636,0.0,0.0,0.0,0.0,0.2703963321860502,0.3598326359832636,0.7368014690292335,1.0
hc2,search,21,frame_drop_5,order1,22,False,False,0.5866710757276893,0.8664688427299704,0.5866710757276893,0.8664688427299704,0.5866710757276893,0.8664688427299704,0.0,0.0,0.0,0.0,0.5866710757276893,0.8664688427299704,0.6859843646896966,1.0
hc2,search,20,frame_drop_5,order1,23,False,False,0.5440806782985987,0.890295358649789,0.5440806782985987,0.890295358649789,0.5440806782985987,0.890295358649789,0.0,0.0,0.0,0.0,0.5440806782985987,0.890295358649789,0.6147789674203957,1.0
hc2,search,1,frame_drop_5,order1,24,True,True,0.3768424125922694,0.6735537190082644,0.42066052259010145,0.7520661157024794,0.3768424125922694,0.6735537190082644,0.0,0.0,-0.04381810999783203,-0.07851239669421495,0.5308051598340858,0.9494949494949495,0.5590394768465372,1.0
hc2,search,7,frame_drop_5,order1,25,False,False,0.636969664856328,0.9619883040935673,0.636969664856328,0.9619883040935673,0.636969664856328,0.9619883040935673,0.0,0.0,0.0,0.0,0.636969664856328,0.9619883040935673,0.6577951161979114,1.0
hc2,search,12,frame_drop_5,order1,26,False,False,0.469312294232951,0.8191489361702128,0.469312294232951,0.8191489361702128,0.469312294232951,0.8191489361702128,0.0,0.0,0.0,0.0,0.469312294232951,0.8191489361702128,0.5748458197667642,1.0
hc2,search,18,frame_drop_5,order1,27,False,False,0.13912157260860153,0.25,0.13912157260860153,0.25,0.13912157260860153,0.25,0.0,0.0,0.0,0.0,0.13912157260860153,0.25,0.6513596320749255,1.0
hc2,search,3,frame_drop_5,order1,28,True,True,0.22461760369015663,0.5028901734104047,0.2383978247754423,0.5337423312883436,0.37727034406210774,0.8446601941747572,0.15265274037195112,0.3417700207643526,0.13887251928666544,0.31091786288641365,0.4090404782989168,0.9157894736842105,0.4466533958436448,1.0
hc2,search,6,frame_drop_5,order1,29,False,False,0.302082761760195,0.6896551724137931,0.302082761760195,0.6896551724137931,0.302082761760195,0.6896551724137931,0.0,0.0,0.0,0.0,0.302082761760195,0.6896551724137931,0.43802000455228274,1.0
hc2,search,15,frame_drop_5,order1,30,False,False,0.06627665632622322,0.28044280442804426,0.06627665632622322,0.28044280442804426,0.06627665632622322,0.28044280442804426,0.0,0.0,0.0,0.0,0.06627665632622322,0.28044280442804426,0.20797935112582178,1.0
hc2,search,4,frame_drop_5,order1,31,False,False,0.0,0.0,0.0,0.0,0.0,0.0,0.0,0.0,0.0,0.0,0.0,0.0,0.5223400670879118,1.0
hc2,search,16,frame_drop_5,order2,0,True,True,0.17874414097171398,0.3803191489361702,0.19472829767177782,0.41032608695652173,0.3663906133478861,0.7896551724137931,0.1876464723761721,0.40933602347762293,0.17166231567610826,0.3793290854572714,0.42728365144550123,0.9737827715355806,0.4387874420613417,1.0
hc2,search,2,frame_drop_5,order2,1,False,False,0.08233207188219954,0.16129032258064516,0.08233207188219954,0.16129032258064516,0.08233207188219954,0.16129032258064516,0.0,0.0,0.0,0.0,0.08233207188219954,0.16129032258064516,0.40231964242241147,1.0
hc2,search,27,frame_drop_5,order2,2,False,False,0.5960826494752165,0.875,0.5960826494752165,0.875,0.5960826494752165,0.875,0.0,0.0,0.0,0.0,0.5960826494752165,0.875,0.6857650755356316,1.0
hc2,search,22,frame_drop_5,order2,3,False,False,0.07871785432363394,0.24316939890710382,0.07871785432363394,0.24316939890710382,0.07871785432363394,0.24316939890710382,0.0,0.0,0.0,0.0,0.07871785432363394,0.24316939890710382,0.4128787229503267,1.0
hc2,search,23,frame_drop_5,order2,4,True,True,0.11537296963837254,0.8538205980066446,0.11299813835695557,0.8280254777070064,0.11537296963837254,0.8538205980066446,0.0,0.0,0.002374831281416967,0.025795120299638152,0.13288919641979044,0.9737827715355806,0.13646698247724634,1.0
hc2,search,26,frame_drop_5,order2,5,False,False,0.2065315193040855,0.4473684210526316,0.2065315193040855,0.4473684210526316,0.2065315193040855,0.4473684210526316,0.0,0.0,0.0,0.0,0.2065315193040855,0.4473684210526316,0.4616586902091323,1.0
hc2,search,15,frame_drop_5,order2,6,False,False,0.06533151010467352,0.28044280442804426,0.06533151010467352,0.28044280442804426,0.06533151010467352,0.28044280442804426,0.0,0.0,0.0,0.0,0.06533151010467352,0.28044280442804426,0.20514757468645833,1.0
hc2,search,12,frame_drop_5,order2,7,False,False,0.4742992754940312,0.8191489361702128,0.4742992754940312,0.8191489361702128,0.4742992754940312,0.8191489361702128,0.0,0.0,0.0,0.0,0.4742992754940312,0.8191489361702128,0.5831726416344376,1.0
hc2,search,5,frame_drop_5,order2,8,True,True,0.2364248564007442,0.46996466431095407,0.20908823237940816,0.415625,0.35401182201804554,0.7037037037037037,0.11758696561730134,0.23373903939274965,0.14492358963863738,0.2880787037037037,0.47118474902401836,0.9366197183098591,0.5030694312888015,1.0
hc2,search,17,frame_drop_5,order2,9,False,False,0.28719023087804213,0.4533678756476684,0.28719023087804213,0.4533678756476684,0.28719023087804213,0.4533678756476684,0.0,0.0,0.0,0.0,0.28719023087804213,0.4533678756476684,0.6334595949652815,1.0
hc2,search,11,frame_drop_5,order2,10,False,False,0.22839360153185986,0.7013698630136986,0.22839360153185986,0.7013698630136986,0.22839360153185986,0.7013698630136986,0.0,0.0,0.0,0.0,0.22839360153185986,0.7013698630136986,0.32223043788123945,1.0
hc2,search,3,frame_drop_5,order2,11,False,False,0.21848795843969468,0.5028901734104047,0.21848795843969468,0.5028901734104047,0.21848795843969468,0.5028901734104047,0.0,0.0,0.0,0.0,0.21848795843969468,0.5028901734104047,0.43446456103525494,1.0
hc2,search,1,frame_drop_5,order2,12,True,True,0.37744956451712264,0.6735537190082644,0.4202440915421617,0.7520661157024794,0.37744956451712264,0.6735537190082644,0.0,0.0,-0.04279452702503905,-0.07851239669421495,0.5301688319340188,0.9494949494949495,0.5583693017177432,1.0
hc2,search,9,frame_drop_5,order2,13,False,False,0.0,0.0,0.0,0.0,0.0,0.0,0.0,0.0,0.0,0.0,0.0,0.0,0.6182740898079193,1.0
hc2,search,14,frame_drop_5,order2,14,False,False,0.4701668696760254,0.7486033519553073,0.4701668696760254,0.7486033519553073,0.4701668696760254,0.7486033519553073,0.0,0.0,0.0,0.0,0.4701668696760254,0.7486033519553073,0.6280587288955861,1.0
hc2,search,31,frame_drop_5,order2,15,False,False,0.4324475307756506,0.6885964912280702,0.4324475307756506,0.6885964912280702,0.4324475307756506,0.6885964912280702,0.0,0.0,0.0,0.0,0.4324475307756506,0.6885964912280702,0.5998472063241622,1.0
hc2,search,20,frame_drop_5,order2,16,True,True,0.5595546030589322,0.890295358649789,0.5013753409067807,0.8,0.5595546030589322,0.890295358649789,0.0,0.0,0.05817926215215152,0.09029535864978899,0.6108609089269593,0.9661016949152542,0.6322946250296596,1.0
hc2,search,0,frame_drop_5,order2,17,False,False,0.21257882359869693,0.3778801843317972,0.21257882359869693,0.3778801843317972,0.21257882359869693,0.3778801843317972,0.0,0.0,0.0,0.0,0.21257882359869693,0.3778801843317972,0.49988848531674446,1.0
hc2,search,24,frame_drop_5,order2,18,False,False,0.019196715154038622,0.30842911877394635,0.019196715154038622,0.30842911877394635,0.019196715154038622,0.30842911877394635,0.0,0.0,0.0,0.0,0.019196715154038622,0.30842911877394635,0.16494981954504806,1.0
hc2,search,6,frame_drop_5,order2,19,False,False,0.30849776991754324,0.6896551724137931,0.30849776991754324,0.6896551724137931,0.30849776991754324,0.6896551724137931,0.0,0.0,0.0,0.0,0.30849776991754324,0.6896551724137931,0.4473217663804377,1.0
hc2,search,4,frame_drop_5,order2,20,True,True,0.0,0.0,0.0,0.0,0.0,0.0,0.0,0.0,0.0,0.0,0.47359659381024055,0.9430379746835443,0.5022030994766309,1.0
hc2,search,28,frame_drop_5,order2,21,False,False,0.45440113415673444,0.6243093922651933,0.45440113415673444,0.6243093922651933,0.45440113415673444,0.6243093922651933,0.0,0.0,0.0,0.0,0.45440113415673444,0.6243093922651933,0.7278460644457427,1.0
hc2,search,30,frame_drop_5,order2,22,False,False,0.5731813093374064,0.8242424242424242,0.5731813093374064,0.8242424242424242,0.5731813093374064,0.8242424242424242,0.0,0.0,0.0,0.0,0.5731813093374064,0.8242424242424242,0.6954037944167064,1.0
hc2,search,25,frame_drop_5,order2,23,False,False,0.2306522128336626,0.6883116883116883,0.2306522128336626,0.6883116883116883,0.2306522128336626,0.6883116883116883,0.0,0.0,0.0,0.0,0.2306522128336626,0.6883116883116883,0.2881539852851059,1.0
hc2,search,29,frame_drop_5,order2,24,True,True,0.23042226075677325,0.4232209737827715,0.21739485378819243,0.3992932862190813,0.24511053235879862,0.450199203187251,0.014688271602025377,0.02697822940447947,0.027715678570606195,0.05090591696816971,0.48827574303221,0.8968253968253969,0.5444490586022872,1.0
hc2,search,21,frame_drop_5,order2,25,False,False,0.5979053802108574,0.8664688427299704,0.5979053802108574,0.8664688427299704,0.5979053802108574,0.8664688427299704,0.0,0.0,0.0,0.0,0.5979053802108574,0.8664688427299704,0.6925139926391431,1.0
hc2,search,19,frame_drop_5,order2,26,False,False,0.5921183283837613,0.8853754940711462,0.5921183283837613,0.8853754940711462,0.5921183283837613,0.8853754940711462,0.0,0.0,0.0,0.0,0.5921183283837613,0.8853754940711462,0.6685634699777097,1.0
hc2,search,18,frame_drop_5,order2,27,False,False,0.14840128619597906,0.25,0.14840128619597906,0.25,0.14840128619597906,0.25,0.0,0.0,0.0,0.0,0.14840128619597906,0.25,0.6620267514718037,1.0
hc2,search,8,frame_drop_5,order2,28,True,True,0.6438461607897362,0.7551020408163265,0.8071748392884875,0.9770114942528736,0.6810165004036249,0.7988338192419825,0.037170339613888714,0.04373177842565601,-0.1261583388848626,-0.1781776750108911,0.8026430073372832,0.9716713881019831,0.826043678105134,1.0
hc2,search,7,frame_drop_5,order2,29,False,False,0.6474999371672208,0.9619883040935673,0.6474999371672208,0.9619883040935673,0.6474999371672208,0.9619883040935673,0.0,0.0,0.0,0.0,0.6474999371672208,0.9619883040935673,0.6692220658145753,1.0
hc2,search,10,frame_drop_5,order2,30,False,False,0.2789534753843917,0.3598326359832636,0.2789534753843917,0.3598326359832636,0.2789534753843917,0.3598326359832636,0.0,0.0,0.0,0.0,0.2789534753843917,0.3598326359832636,0.7612615477673723,1.0
hc2,search,13,frame_drop_5,order2,31,False,False,0.34979149177508323,0.5476190476190477,0.34979149177508323,0.5476190476190477,0.34979149177508323,0.5476190476190477,0.0,0.0,0.0,0.0,0.34979149177508323,0.5476190476190477,0.6387496806327607,1.0
hc2,search,2,frame_freeze_5,order1,0,True,True,0.1639435272913389,0.31100478468899523,0.1834700132084291,0.3686635944700461,0.3134881328049537,0.6299212598425197,0.1495446055136148,0.31891647515352445,0.1300181195965246,0.2612576653724736,0.4950657859116325,0.9393939393939394,0.5270055140349637,1.0
hc2,search,0,frame_freeze_5,order1,1,False,False,0.19437374287619003,0.3778801843317972,0.19437374287619003,0.3778801843317972,0.19437374287619003,0.3778801843317972,0.0,0.0,0.0,0.0,0.19437374287619003,0.3778801843317972,0.44420336959600704,1.0
hc2,search,25,frame_freeze_5,order1,2,False,False,0.24424137985099537,0.6883116883116883,0.24424137985099537,0.6883116883116883,0.24424137985099537,0.6883116883116883,0.0,0.0,0.0,0.0,0.24424137985099537,0.6883116883116883,0.3024404395197416,1.0
hc2,search,22,frame_freeze_5,order1,3,False,False,0.0711807338248652,0.2870967741935484,0.0711807338248652,0.2870967741935484,0.0711807338248652,0.2870967741935484,0.0,0.0,0.0,0.0,0.0711807338248652,0.2870967741935484,0.3618759936148882,1.0
hc2,search,27,frame_freeze_5,order1,4,True,True,0.5673238389124271,0.7426470588235294,0.25691825175963273,0.32987012987012987,0.5916013502193675,0.7757352941176471,0.024277511306940447,0.03308823529411764,0.3346830984597348,0.4458651642475172,0.7377812598090628,0.9763779527559056,0.7556308064173466,1.0
hc2,search,31,frame_freeze_5,order1,5,False,False,0.4897323726932354,0.8092105263157895,0.4897323726932354,0.8092105263157895,0.4897323726932354,0.8092105263157895,0.0,0.0,0.0,0.0,0.4897323726932354,0.8092105263157895,0.5993843795744168,1.0
hc2,search,11,frame_freeze_5,order1,6,False,False,0.2441089981313774,0.8641114982578397,0.2441089981313774,0.8641114982578397,0.2441089981313774,0.8641114982578397,0.0,0.0,0.0,0.0,0.2441089981313774,0.8641114982578397,0.27769638863897456,1.0
hc2,search,30,frame_freeze_5,order1,7,False,False,0.5299705660736331,0.723404255319149,0.5299705660736331,0.723404255319149,0.5299705660736331,0.723404255319149,0.0,0.0,0.0,0.0,0.5299705660736331,0.723404255319149,0.7326063707488458,1.0
hc2,search,26,frame_freeze_5,order1,8,True,True,0.11513042968418735,0.40476190476190477,0.11576983538376537,0.4272300469483568,0.12724942228252287,0.4473684210526316,0.012118992598335515,0.042606516290726815,0.011479586898757499,0.02013837410427477,0.2613771917154524,0.918918918918919,0.28443988510210994,1.0
hc2,search,24,frame_freeze_5,order1,9,False,False,0.01773468622248882,0.342911877394636,0.01773468622248882,0.342911877394636,0.01773468622248882,0.342911877394636,0.0,0.0,0.0,0.0,0.01773468622248882,0.342911877394636,0.15813454674674832,1.0
hc2,search,19,frame_freeze_5,order1,10,False,False,0.5680518796104347,0.8115942028985508,0.5680518796104347,0.8115942028985508,0.5680518796104347,0.8115942028985508,0.0,0.0,0.0,0.0,0.5680518796104347,0.8115942028985508,0.7033073434444226,1.0
hc2,search,13,frame_freeze_5,order1,11,False,False,0.35342900175122854,0.5476190476190477,0.35342900175122854,0.5476190476190477,0.35342900175122854,0.5476190476190477,0.0,0.0,0.0,0.0,0.35342900175122854,0.5476190476190477,0.6453920901544173,1.0
hc2,search,14,frame_freeze_5,order1,12,True,True,0.48974393936176264,0.7175141242937854,0.41934452807021205,0.6175115207373272,0.5652034943555032,0.8322981366459627,0.07545955499374057,0.11478401235217739,0.14585896628529116,0.21478661590863557,0.6408293140227889,0.9436619718309859,0.679087780531612,1.0
hc2,search,16,frame_freeze_5,order1,13,False,False,0.17380607982308818,0.3515625,0.17380607982308818,0.3515625,0.17380607982308818,0.3515625,0.0,0.0,0.0,0.0,0.17380607982308818,0.3515625,0.48115641502819395,1.0
hc2,search,17,frame_freeze_5,order1,14,False,False,0.2969712551147095,0.4533678756476684,0.2969712551147095,0.4533678756476684,0.2969712551147095,0.4533678756476684,0.0,0.0,0.0,0.0,0.2969712551147095,0.4533678756476684,0.6550337398530164,1.0
hc2,search,23,frame_freeze_5,order1,15,False,False,0.07546928207652726,0.6753246753246753,0.07546928207652726,0.6753246753246753,0.07546928207652726,0.6753246753246753,0.0,0.0,0.0,0.0,0.07546928207652726,0.6753246753246753,0.11175259076716536,1.0
hc2,search,29,frame_freeze_5,order1,16,True,True,0.2232153483334047,0.4232209737827715,0.2055120620862726,0.3896551724137931,0.23744421515943845,0.450199203187251,0.014228866826033748,0.02697822940447947,0.03193215307316585,0.06054403077345788,0.47300395242078613,0.8968253968253969,0.5274203363276022,1.0
hc2,search,9,frame_freeze_5,order1,17,False,False,0.0,0.0,0.0,0.0,0.0,0.0,0.0,0.0,0.0,0.0,0.0,0.0,0.5917473572657491,1.0
hc2,search,5,frame_freeze_5,order1,18,False,False,0.23044380036638304,0.46996466431095407,0.23044380036638304,0.46996466431095407,0.23044380036638304,0.46996466431095407,0.0,0.0,0.0,0.0,0.23044380036638304,0.46996466431095407,0.490342823335988,1.0
hc2,search,8,frame_freeze_5,order1,19,False,False,0.7035847199135175,0.8250728862973761,0.7035847199135175,0.8250728862973761,0.7035847199135175,0.8250728862973761,0.0,0.0,0.0,0.0,0.7035847199135175,0.8250728862973761,0.8447150649695917,1.0
hc2,search,28,frame_freeze_5,order1,20,True,True,0.43467003571266943,0.6243093922651933,0.3993668856040262,0.5736040609137056,0.49794478774679224,0.7151898734177216,0.0632747520341228,0.09088048115252823,0.09857790214276602,0.14158581250401592,0.6611367770083459,0.9495798319327731,0.6962413846371077,1.0
hc2,search,10,frame_freeze_5,order1,21,False,False,0.27190453054113106,0.3598326359832636,0.27190453054113106,0.3598326359832636,0.27190453054113106,0.3598326359832636,0.0,0.0,0.0,0.0,0.27190453054113106,0.3598326359832636,0.7413556542730444,1.0
hc2,search,21,frame_freeze_5,order1,22,False,False,0.589644417291009,0.8761329305135952,0.589644417291009,0.8761329305135952,0.589644417291009,0.8761329305135952,0.0,0.0,0.0,0.0,0.589644417291009,0.8761329305135952,0.6760713284182206,1.0
hc2,search,20,frame_freeze_5,order1,23,False,False,0.5466643269970096,0.890295358649789,0.5466643269970096,0.890295358649789,0.5466643269970096,0.890295358649789,0.0,0.0,0.0,0.0,0.5466643269970096,0.890295358649789,0.6177636583289451,1.0
hc2,search,1,frame_freeze_5,order1,24,True,True,0.3775206810498057,0.6735537190082644,0.421289358697112,0.7520661157024794,0.3775206810498057,0.6735537190082644,0.0,0.0,-0.0437686776473063,-0.07851239669421495,0.531590752211731,0.9494949494949495,0.5598668560527805,1.0
hc2,search,7,frame_freeze_5,order1,25,False,False,0.6349406523793477,0.9619883040935673,0.6349406523793477,0.9619883040935673,0.6349406523793477,0.9619883040935673,0.0,0.0,0.0,0.0,0.6349406523793477,0.9619883040935673,0.6555911366204499,1.0
hc2,search,12,frame_freeze_5,order1,26,False,False,0.4692148292390674,0.8191489361702128,0.4692148292390674,0.8191489361702128,0.4692148292390674,0.8191489361702128,0.0,0.0,0.0,0.0,0.4692148292390674,0.8191489361702128,0.5757617134751054,1.0
hc2,search,18,frame_freeze_5,order1,27,False,False,0.23323992231741947,0.35435435435435436,0.23323992231741947,0.35435435435435436,0.23323992231741947,0.35435435435435436,0.0,0.0,0.0,0.0,0.23323992231741947,0.35435435435435436,0.6776813812508359,1.0
hc2,search,3,frame_freeze_5,order1,28,True,True,0.22462897219108036,0.5028901734104047,0.23840989073041044,0.5337423312883436,0.3772894387287078,0.8446601941747572,0.15266046653762744,0.3417700207643526,0.13887954799829735,0.31091786288641365,0.40906118093744104,0.9157894736842105,0.44667600217306785,1.0
hc2,search,6,frame_freeze_5,order1,29,False,False,0.30395531628602385,0.6896551724137931,0.30395531628602385,0.6896551724137931,0.30395531628602385,0.6896551724137931,0.0,0.0,0.0,0.0,0.30395531628602385,0.6896551724137931,0.44073520861473453,1.0
hc2,search,15,frame_freeze_5,order1,30,False,False,0.06535948176817577,0.28044280442804426,0.06535948176817577,0.28044280442804426,0.06535948176817577,0.28044280442804426,0.0,0.0,0.0,0.0,0.06535948176817577,0.28044280442804426,0.20516018120537566,1.0
hc2,search,4,frame_freeze_5,order1,31,False,False,0.0,0.0,0.0,0.0,0.0,0.0,0.0,0.0,0.0,0.0,0.0,0.0,0.5190409906918716,1.0
hc2,search,16,frame_freeze_5,order2,0,True,True,0.16187544240107257,0.3515625,0.17823281925139112,0.3803191489361702,0.37604892412744634,0.8120567375886525,0.21417348172637377,0.4604942375886525,0.19781610487605522,0.4317375886524823,0.4264640674507033,0.9737827715355806,0.4379457923436068,1.0
hc2,search,2,frame_freeze_5,order2,1,False,False,0.16891600525613357,0.31100478468899523,0.16891600525613357,0.31100478468899523,0.16891600525613357,0.31100478468899523,0.0,0.0,0.0,0.0,0.16891600525613357,0.31100478468899523,0.5362962197234795,1.0
hc2,search,27,frame_freeze_5,order2,2,False,False,0.5587149507251867,0.7426470588235294,0.5587149507251867,0.7426470588235294,0.5587149507251867,0.7426470588235294,0.0,0.0,0.0,0.0,0.5587149507251867,0.7426470588235294,0.7442251057153002,1.0
hc2,search,22,frame_freeze_5,order2,3,False,False,0.06678350519354123,0.2870967741935484,0.06678350519354123,0.2870967741935484,0.06678350519354123,0.2870967741935484,0.0,0.0,0.0,0.0,0.06678350519354123,0.2870967741935484,0.3581199897104303,1.0
hc2,search,23,frame_freeze_5,order2,4,True,True,0.09191217551135242,0.6753246753246753,0.0781152043529154,0.5739514348785872,0.09191217551135242,0.6753246753246753,0.0,0.0,0.013796971158437019,0.10137324044608809,0.1325325377223621,0.9737827715355806,0.13610072143027185,1.0
hc2,search,26,frame_freeze_5,order2,5,False,False,0.1444687653857564,0.40476190476190477,0.1444687653857564,0.40476190476190477,0.1444687653857564,0.40476190476190477,0.0,0.0,0.0,0.0,0.1444687653857564,0.40476190476190477,0.3569228321295158,1.0
hc2,search,15,frame_freeze_5,order2,6,False,False,0.06560829637456472,0.28044280442804426,0.06560829637456472,0.28044280442804426,0.06560829637456472,0.28044280442804426,0.0,0.0,0.0,0.0,0.06560829637456472,0.28044280442804426,0.2059663893169121,1.0
hc2,search,12,frame_freeze_5,order2,7,False,False,0.47450775973625253,0.8191489361702128,0.47450775973625253,0.8191489361702128,0.47450775973625253,0.8191489361702128,0.0,0.0,0.0,0.0,0.47450775973625253,0.8191489361702128,0.5834471468614608,1.0
hc2,search,5,frame_freeze_5,order2,8,True,True,0.23678186441102278,0.46996466431095407,0.21572557783370896,0.4276315789473684,0.35454638956782775,0.7037037037037037,0.11776452515680497,0.23373903939274965,0.13882081173411878,0.2760721247563353,0.4718962509036581,0.9366197183098591,0.5038290799121763,1.0
hc2,search,17,frame_freeze_5,order2,9,False,False,0.28688240565343914,0.4533678756476684,0.28688240565343914,0.4533678756476684,0.28688240565343914,0.4533678756476684,0.0,0.0,0.0,0.0,0.28688240565343914,0.4533678756476684,0.6327806204698715,1.0
hc2,search,11,frame_freeze_5,order2,10,False,False,0.27720021224708413,0.8641114982578397,0.27720021224708413,0.8641114982578397,0.27720021224708413,0.8641114982578397,0.0,0.0,0.0,0.0,0.27720021224708413,0.8641114982578397,0.31624142600219274,1.0
hc2,search,3,frame_freeze_5,order2,11,False,False,0.21825372781696764,0.5028901734104047,0.21825372781696764,0.5028901734104047,0.21825372781696764,0.5028901734104047,0.0,0.0,0.0,0.0,0.21825372781696764,0.5028901734104047,0.4339987920958092,1.0
hc2,search,1,frame_freeze_5,order2,12,True,True,0.3776478692969948,0.6735537190082644,0.4205132740008961,0.7520661157024794,0.3776478692969948,0.6735537190082644,0.0,0.0,-0.04286540470390132,-0.07851239669421495,0.5305205528461862,0.9494949494949495,0.5587397311890684,1.0
hc2,search,9,frame_freeze_5,order2,13,False,False,0.0,0.0,0.0,0.0,0.0,0.0,0.0,0.0,0.0,0.0,0.0,0.0,0.6168672477721756,1.0
hc2,search,14,frame_freeze_5,order2,14,False,False,0.5021588780097986,0.7175141242937854,0.5021588780097986,0.7175141242937854,0.5021588780097986,0.7175141242937854,0.0,0.0,0.0,0.0,0.5021588780097986,0.7175141242937854,0.6961393599884161,1.0
hc2,search,31,frame_freeze_5,order2,15,False,False,0.5029534812088162,0.8092105263157895,0.5029534812088162,0.8092105263157895,0.5029534812088162,0.8092105263157895,0.0,0.0,0.0,0.0,0.5029534812088162,0.8092105263157895,0.6161793687556777,1.0
hc2,search,20,frame_freeze_5,order2,16,True,True,0.5592766682141804,0.890295358649789,0.5011473603890296,0.8,0.5592766682141804,0.890295358649789,0.0,0.0,0.0581293078251508,0.09029535864978899,0.6105453753442214,0.9661016949152542,0.6319680200931413,1.0
hc2,search,0,frame_freeze_5,order2,17,False,False,0.21128401393694377,0.3778801843317972,0.21128401393694377,0.3778801843317972,0.21128401393694377,0.3778801843317972,0.0,0.0,0.0,0.0,0.21128401393694377,0.3778801843317972,0.4969113540994057,1.0
hc2,search,24,frame_freeze_5,order2,18,False,False,0.019599486462412417,0.342911877394636,0.019599486462412417,0.342911877394636,0.019599486462412417,0.342911877394636,0.0,0.0,0.0,0.0,0.019599486462412417,0.342911877394636,0.16734071747769055,1.0
hc2,search,6,frame_freeze_5,order2,19,False,False,0.3060131001475064,0.6896551724137931,0.3060131001475064,0.6896551724137931,0.3060131001475064,0.6896551724137931,0.0,0.0,0.0,0.0,0.3060131001475064,0.6896551724137931,0.4437189952138843,1.0
hc2,search,4,frame_freeze_5,order2,20,True,True,0.0,0.0,0.0,0.0,0.0,0.0,0.0,0.0,0.0,0.0,0.4718878870548549,0.9430379746835443,0.5003911822460877,1.0
hc2,search,28,frame_freeze_5,order2,21,False,False,0.42648677618200204,0.6243093922651933,0.42648677618200204,0.6243093922651933,0.42648677618200204,0.6243093922651933,0.0,0.0,0.0,0.0,0.42648677618200204,0.6243093922651933,0.6831336857428528,1.0
hc2,search,30,frame_freeze_5,order2,22,False,False,0.5023014653734664,0.723404255319149,0.5023014653734664,0.723404255319149,0.5023014653734664,0.723404255319149,0.0,0.0,0.0,0.0,0.5023014653734664,0.723404255319149,0.6943579080162623,1.0
hc2,search,25,frame_freeze_5,order2,23,False,False,0.23132797562515178,0.6883116883116883,0.23132797562515178,0.6883116883116883,0.23132797562515178,0.6883116883116883,0.0,0.0,0.0,0.0,0.23132797562515178,0.6883116883116883,0.28858683534969437,1.0
hc2,search,29,frame_freeze_5,order2,24,True,True,0.2300808914361383,0.4232209737827715,0.21183309659809973,0.3896551724137931,0.24474740244401963,0.450199203187251,0.014666511007881328,0.02697822940447947,0.032914305845919894,0.06054403077345788,0.48755236518610257,0.8968253968253969,0.5436424602960082,1.0
hc2,search,21,frame_freeze_5,order2,25,False,False,0.5861884719045253,0.8761329305135952,0.5861884719045253,0.8761329305135952,0.5861884719045253,0.8761329305135952,0.0,0.0,0.0,0.0,0.5861884719045253,0.8761329305135952,0.6685963051588825,1.0
hc2,search,19,frame_freeze_5,order2,26,False,False,0.5625628904990865,0.8115942028985508,0.5625628904990865,0.8115942028985508,0.5625628904990865,0.8115942028985508,0.0,0.0,0.0,0.0,0.5625628904990865,0.8115942028985508,0.6906319153793977,1.0
hc2,search,18,frame_freeze_5,order2,27,False,False,0.24482361274467843,0.35435435435435436,0.24482361274467843,0.35435435435435436,0.24482361274467843,0.35435435435435436,0.0,0.0,0.0,0.0,0.24482361274467843,0.35435435435435436,0.6954533359236166,1.0
hc2,search,8,frame_freeze_5,order2,28,True,True,0.6899224449891115,0.8250728862973761,0.8121030927500477,0.9825072886297376,0.7270370409437606,0.8688046647230321,0.037114595954649165,0.04373177842565601,-0.08506605180628701,-0.11370262390670549,0.8023324576484248,0.9716713881019831,0.8257240744894867,1.0
hc2,search,7,frame_freeze_5,order2,29,False,False,0.6428890413290212,0.9619883040935673,0.6428890413290212,0.9619883040935673,0.6428890413290212,0.9619883040935673,0.0,0.0,0.0,0.0,0.6428890413290212,0.9619883040935673,0.664073829791956,1.0
hc2,search,10,frame_freeze_5,order2,30,False,False,0.2784120094649783,0.3598326359832636,0.2784120094649783,0.3598326359832636,0.2784120094649783,0.3598326359832636,0.0,0.0,0.0,0.0,0.2784120094649783,0.3598326359832636,0.7598703001587577,1.0
hc2,search,13,frame_freeze_5,order2,31,False,False,0.34846193490892863,0.5476190476190477,0.34846193490892863,0.5476190476190477,0.34846193490892863,0.5476190476190477,0.0,0.0,0.0,0.0,0.34846193490892863,0.5476190476190477,0.6363217941815218,1.0
hc2,search,2,motion_blur_5,order1,0,True,True,0.11291931930219234,0.23923444976076555,0.1329419147079822,0.2995391705069124,0.22254402542594087,0.5373134328358209,0.10962470612374853,0.2980789830750553,0.08960211071795868,0.23777426232890847,0.42767729749039773,0.9393939393939394,0.45526938119945565,1.0
hc2,search,0,motion_blur_5,order1,1,False,False,0.19426964393792676,0.3778801843317972,0.19426964393792676,0.3778801843317972,0.19426964393792676,0.3778801843317972,0.0,0.0,0.0,0.0,0.19426964393792676,0.3778801843317972,0.44517606275113886,1.0
hc2,search,25,motion_blur_5,order1,2,False,False,0.24830588642661383,0.6883116883116883,0.24830588642661383,0.6883116883116883,0.24830588642661383,0.6883116883116883,0.0,0.0,0.0,0.0,0.24830588642661383,0.6883116883116883,0.3066610599538238,1.0
hc2,search,22,motion_blur_5,order1,3,False,False,0.06613831398600373,0.22084367245657568,0.06613831398600373,0.22084367245657568,0.06613831398600373,0.22084367245657568,0.0,0.0,0.0,0.0,0.06613831398600373,0.22084367245657568,0.3897889482424399,1.0
hc2,search,27,motion_blur_5,order1,4,True,True,0.5934865642667518,0.8022813688212928,0.5908090575102903,0.7984189723320159,0.6210381506437778,0.8403041825095057,0.027551586377025927,0.03802281368821292,0.030229093133487428,0.04188521017748981,0.718924383311493,0.9763779527559056,0.7363177151658034,1.0
hc2,search,31,motion_blur_5,order1,5,False,False,0.4687608940952706,0.7741228070175439,0.4687608940952706,0.7741228070175439,0.4687608940952706,0.7741228070175439,0.0,0.0,0.0,0.0,0.4687608940952706,0.7741228070175439,0.5978996703381858,1.0
hc2,search,11,motion_blur_5,order1,6,False,False,0.1851266526011327,0.6794520547945205,0.1851266526011327,0.6794520547945205,0.1851266526011327,0.6794520547945205,0.0,0.0,0.0,0.0,0.1851266526011327,0.6794520547945205,0.26811860299814017,1.0
hc2,search,30,motion_blur_5,order1,7,False,False,0.5755813063864014,0.7861271676300579,0.5755813063864014,0.7861271676300579,0.5755813063864014,0.7861271676300579,0.0,0.0,0.0,0.0,0.5755813063864014,0.7861271676300579,0.7321732794474076,1.0
hc2,search,26,motion_blur_5,order1,8,True,True,0.14561514500641987,0.40476190476190477,0.15465497463544192,0.4272300469483568,0.16094305500709563,0.4473684210526316,0.015327910000675765,0.042606516290726815,0.006288080371653709,0.02013837410427477,0.3305857346091694,0.918918918918919,0.3597550641335079,1.0
hc2,search,24,motion_blur_5,order1,9,False,False,0.01768212934848272,0.342911877394636,0.01768212934848272,0.342911877394636,0.01768212934848272,0.342911877394636,0.0,0.0,0.0,0.0,0.01768212934848272,0.342911877394636,0.15788919200042278,1.0
hc2,search,19,motion_blur_5,order1,10,False,False,0.6040721106790734,0.8582375478927203,0.6040721106790734,0.8582375478927203,0.6040721106790734,0.8582375478927203,0.0,0.0,0.0,0.0,0.6040721106790734,0.8582375478927203,0.7069348229791411,1.0
hc2,search,13,motion_blur_5,order1,11,False,False,0.35321565220301104,0.5476190476190477,0.35321565220301104,0.5476190476190477,0.35321565220301104,0.5476190476190477,0.0,0.0,0.0,0.0,0.35321565220301104,0.5476190476190477,0.6450024953272375,1.0
hc2,search,14,motion_blur_5,order1,12,True,True,0.5305968871838841,0.7928994082840237,0.5009546029836671,0.7486033519553073,0.5305968871838841,0.7928994082840237,0.0,0.0,0.029642284200216973,0.04429605632871647,0.6314850277047634,0.9436619718309859,0.6691856263737046,1.0
hc2,search,16,motion_blur_5,order1,13,False,False,0.19484830752426366,0.38858695652173914,0.19484830752426366,0.38858695652173914,0.19484830752426366,0.38858695652173914,0.0,0.0,0.0,0.0,0.19484830752426366,0.38858695652173914,0.4834847992922122,1.0
hc2,search,17,motion_blur_5,order1,14,False,False,0.2965640037969616,0.4533678756476684,0.2965640037969616,0.4533678756476684,0.2965640037969616,0.4533678756476684,0.0,0.0,0.0,0.0,0.2965640037969616,0.4533678756476684,0.6541354598035839,1.0
hc2,search,23,motion_blur_5,order1,15,False,False,0.09193612892493874,0.8074534161490683,0.09193612892493874,0.8074534161490683,0.09193612892493874,0.8074534161490683,0.0,0.0,0.0,0.0,0.09193612892493874,0.8074534161490683,0.11385935966857798,1.0
hc2,search,29,motion_blur_5,order1,16,True,True,0.20346320451420463,0.37919463087248323,0.18429189952958352,0.3434650455927052,0.22708627320311978,0.4232209737827715,0.023623068688915144,0.044026342910288285,0.04279437367353625,0.07975592819006633,0.4812066265494681,0.8968253968253969,0.5365666809312654,1.0
hc2,search,9,motion_blur_5,order1,17,False,False,0.0,0.0,0.0,0.0,0.0,0.0,0.0,0.0,0.0,0.0,0.0,0.0,0.6208321577733074,1.0
hc2,search,5,motion_blur_5,order1,18,False,False,0.230155609588202,0.46996466431095407,0.230155609588202,0.46996466431095407,0.230155609588202,0.46996466431095407,0.0,0.0,0.0,0.0,0.230155609588202,0.46996466431095407,0.48972960536436966,1.0
hc2,search,8,motion_blur_5,order1,19,False,False,0.6925102115834736,0.7988338192419825,0.6925102115834736,0.7988338192419825,0.6925102115834736,0.7988338192419825,0.0,0.0,0.0,0.0,0.6925102115834736,0.7988338192419825,0.8486430881106966,1.0
hc2,search,28,motion_blur_5,order1,20,True,True,0.44210094525025934,0.6243093922651933,0.42338767772643887,0.5978835978835979,0.5064574119639047,0.7151898734177216,0.06435646671364537,0.09088048115252823,0.08306973423746583,0.11730627553412365,0.6724392528596382,0.9495798319327731,0.7081439919495305,1.0
hc2,search,10,motion_blur_5,order1,21,False,False,0.27433694489857474,0.3598326359832636,0.27433694489857474,0.3598326359832636,0.27433694489857474,0.3598326359832636,0.0,0.0,0.0,0.0,0.27433694489857474,0.3598326359832636,0.7484781178883168,1.0
hc2,search,21,motion_blur_5,order1,22,False,False,0.5890380956217288,0.8664688427299704,0.5890380956217288,0.8664688427299704,0.5890380956217288,0.8664688427299704,0.0,0.0,0.0,0.0,0.5890380956217288,0.8664688427299704,0.6863587363412277,1.0
hc2,search,20,motion_blur_5,order1,23,False,False,0.544654901612827,0.890295358649789,0.544654901612827,0.890295358649789,0.544654901612827,0.890295358649789,0.0,0.0,0.0,0.0,0.544654901612827,0.890295358649789,0.6155775468095492,1.0
hc2,search,1,motion_blur_5,order1,24,True,True,0.37806225388267595,0.6735537190082644,0.42130810419656656,0.7520661157024794,0.37806225388267595,0.6735537190082644,0.0,0.0,-0.04324585031389061,-0.07851239669421495,0.5315703804406392,0.9494949494949495,0.5598454006768434,1.0
hc2,search,7,motion_blur_5,order1,25,False,False,0.6358314398275307,0.9619883040935673,0.6358314398275307,0.9619883040935673,0.6358314398275307,0.9619883040935673,0.0,0.0,0.0,0.0,0.6358314398275307,0.9619883040935673,0.6569612532651731,1.0
hc2,search,12,motion_blur_5,order1,26,False,False,0.47275832490899006,0.8191489361702128,0.47275832490899006,0.8191489361702128,0.47275832490899006,0.8191489361702128,0.0,0.0,0.0,0.0,0.47275832490899006,0.8191489361702128,0.5823617932372559,1.0
hc2,search,18,motion_blur_5,order1,27,False,False,0.17795533232104857,0.27298850574712646,0.17795533232104857,0.27298850574712646,0.17795533232104857,0.27298850574712646,0.0,0.0,0.0,0.0,0.17795533232104857,0.27298850574712646,0.6920104171229038,1.0
hc2,search,3,motion_blur_5,order1,28,True,True,0.223686210351175,0.5028901734104047,0.23740929074081765,0.5337423312883436,0.3757059649587697,0.8446601941747572,0.15201975460759468,0.3417700207643526,0.13829667421795203,0.31091786288641365,0.40734436200792923,0.9157894736842105,0.4448013148362446,1.0
hc2,search,6,motion_blur_5,order1,29,False,False,0.30497063045855366,0.6896551724137931,0.30497063045855366,0.6896551724137931,0.30497063045855366,0.6896551724137931,0.0,0.0,0.0,0.0,0.30497063045855366,0.6896551724137931,0.44220741416490283,1.0
hc2,search,15,motion_blur_5,order1,30,False,False,0.0542873901397707,0.28044280442804426,0.0542873901397707,0.28044280442804426,0.0542873901397707,0.28044280442804426,0.0,0.0,0.0,0.0,0.0542873901397707,0.28044280442804426,0.17229497586898115,1.0
hc2,search,4,motion_blur_5,order1,31,False,False,0.0,0.0,0.0,0.0,0.0,0.0,0.0,0.0,0.0,0.0,0.0,0.0,0.510621179883709,1.0
hc2,search,16,motion_blur_5,order2,0,True,True,0.18237146848708402,0.38858695652173914,0.19445586209986046,0.41032608695652173,0.39053819138068446,0.8687943262411347,0.20816672289360044,0.4802073697193956,0.196082329280824,0.458468239284613,0.4269823269709058,0.9737827715355806,0.4384780050047379,1.0
hc2,search,2,motion_blur_5,order2,1,False,False,0.11704280588673315,0.23923444976076555,0.11704280588673315,0.23923444976076555,0.11704280588673315,0.23923444976076555,0.0,0.0,0.0,0.0,0.11704280588673315,0.23923444976076555,0.45256059898397005,1.0
hc2,search,27,motion_blur_5,order2,2,False,False,0.5843683134367902,0.8022813688212928,0.5843683134367902,0.8022813688212928,0.5843683134367902,0.8022813688212928,0.0,0.0,0.0,0.0,0.5843683134367902,0.8022813688212928,0.725100115729797,1.0
hc2,search,22,motion_blur_5,order2,3,False,False,0.06487569204503088,0.22084367245657568,0.06487569204503088,0.22084367245657568,0.06487569204503088,0.22084367245657568,0.0,0.0,0.0,0.0,0.06487569204503088,0.22084367245657568,0.3904953002244249,1.0
hc2,search,23,motion_blur_5,order2,4,True,True,0.10902951703746061,0.8074534161490683,0.09001924227195467,0.6666666666666666,0.10902951703746061,0.8074534161490683,0.0,0.0,0.019010274765505944,0.14078674948240166,0.13148878084667534,0.9737827715355806,0.135028863407932,1.0
hc2,search,26,motion_blur_5,order2,5,False,False,0.173778400891686,0.40476190476190477,0.173778400891686,0.40476190476190477,0.173778400891686,0.40476190476190477,0.0,0.0,0.0,0.0,0.173778400891686,0.40476190476190477,0.42933487279122423,1.0
hc2,search,15,motion_blur_5,order2,6,False,False,0.06556586766922537,0.28044280442804426,0.06556586766922537,0.28044280442804426,0.06556586766922537,0.28044280442804426,0.0,0.0,0.0,0.0,0.06556586766922537,0.28044280442804426,0.20583610074978995,1.0
hc2,search,12,motion_blur_5,order2,7,False,False,0.47423618383574717,0.8191489361702128,0.47423618383574717,0.8191489361702128,0.47423618383574717,0.8191489361702128,0.0,0.0,0.0,0.0,0.47423618383574717,0.8191489361702128,0.5830311480880034,1.0
hc2,search,5,motion_blur_5,order2,8,True,True,0.23644362442977226,0.46996466431095407,0.20910483035507985,0.415625,0.3540399244107172,0.7037037037037037,0.11759629998094492,0.23373903939274965,0.14493509405563734,0.2880787037037037,0.471222152912856,0.9366197183098591,0.5031093662678613,1.0
hc2,search,17,motion_blur_5,order2,9,False,False,0.2870421422356565,0.4533678756476684,0.2870421422356565,0.4533678756476684,0.2870421422356565,0.4533678756476684,0.0,0.0,0.0,0.0,0.2870421422356565,0.4533678756476684,0.6331329537312195,1.0
hc2,search,11,motion_blur_5,order2,10,False,False,0.2099610478059358,0.6794520547945205,0.2099610478059358,0.6794520547945205,0.2099610478059358,0.6794520547945205,0.0,0.0,0.0,0.0,0.2099610478059358,0.6794520547945205,0.3050171134142587,1.0
hc2,search,3,motion_blur_5,order2,11,False,False,0.21829549651839095,0.5028901734104047,0.21829549651839095,0.5028901734104047,0.21829549651839095,0.5028901734104047,0.0,0.0,0.0,0.0,0.21829549651839095,0.5028901734104047,0.4340818493986395,1.0
hc2,search,1,motion_blur_5,order2,12,True,True,0.37755358556120994,0.6735537190082644,0.42039439389934335,0.7520661157024794,0.37755358556120994,0.6735537190082644,0.0,0.0,-0.04284080833813342,-0.07851239669421495,0.5303687284180943,0.9494949494949495,0.5585798309935249,1.0
hc2,search,9,motion_blur_5,order2,13,False,False,0.0,0.0,0.0,0.0,0.0,0.0,0.0,0.0,0.0,0.0,0.0,0.0,0.6186345938839046,1.0
hc2,search,14,motion_blur_5,order2,14,False,False,0.5490388090918733,0.7928994082840237,0.5490388090918733,0.7928994082840237,0.5490388090918733,0.7928994082840237,0.0,0.0,0.0,0.0,0.5490388090918733,0.7928994082840237,0.6924444681830343,1.0
hc2,search,31,motion_blur_5,order2,15,False,False,0.4814861939214562,0.7741228070175439,0.4814861939214562,0.7741228070175439,0.4814861939214562,0.7741228070175439,0.0,0.0,0.0,0.0,0.4814861939214562,0.7741228070175439,0.6149516689705589,1.0
hc2,search,20,motion_blur_5,order2,16,True,True,0.5581957897890181,0.890295358649789,0.5001648173362158,0.8,0.5581957897890181,0.890295358649789,0.0,0.0,0.05803097245280231,0.09029535864978899,0.6093716102010209,0.9661016949152542,0.6307530702080744,1.0
hc2,search,0,motion_blur_5,order2,17,False,False,0.2100788148471443,0.3778801843317972,0.2100788148471443,0.3778801843317972,0.2100788148471443,0.3778801843317972,0.0,0.0,0.0,0.0,0.2100788148471443,0.3778801843317972,0.4936915092890697,1.0
hc2,search,24,motion_blur_5,order2,18,False,False,0.019678440174331138,0.342911877394636,0.019678440174331138,0.342911877394636,0.019678440174331138,0.342911877394636,0.0,0.0,0.0,0.0,0.019678440174331138,0.342911877394636,0.1676977870597275,1.0
hc2,search,6,motion_blur_5,order2,19,False,False,0.30812966946578996,0.6896551724137931,0.30812966946578996,0.6896551724137931,0.30812966946578996,0.6896551724137931,0.0,0.0,0.0,0.0,0.30812966946578996,0.6896551724137931,0.4467880207253955,1.0
hc2,search,4,motion_blur_5,order2,20,True,True,0.0,0.0,0.0,0.0,0.0,0.0,0.0,0.0,0.0,0.0,0.47670258942155724,0.9430379746835443,0.5054967055611144,1.0
hc2,search,28,motion_blur_5,order2,21,False,False,0.4589152508518201,0.6243093922651933,0.4589152508518201,0.6243093922651933,0.4589152508518201,0.6243093922651933,0.0,0.0,0.0,0.0,0.4589152508518201,0.6243093922651933,0.7350766407449508,1.0
hc2,search,30,motion_blur_5,order2,22,False,False,0.5468791934061381,0.7861271676300579,0.5468791934061381,0.7861271676300579,0.5468791934061381,0.7861271676300579,0.0,0.0,0.0,0.0,0.5468791934061381,0.7861271676300579,0.6956625033769257,1.0
hc2,search,25,motion_blur_5,order2,23,False,False,0.23219437814668709,0.6883116883116883,0.23219437814668709,0.6883116883116883,0.23219437814668709,0.6883116883116883,0.0,0.0,0.0,0.0,0.23219437814668709,0.6883116883116883,0.28960060171280144,1.0
hc2,search,29,motion_blur_5,order2,24,True,True,0.20811150910410678,0.37919463087248323,0.1885022179727168,0.3434650455927052,0.2322742685881042,0.4232209737827715,0.02416275948399743,0.044026342910288285,0.043772050615387414,0.07975592819006633,0.4922002358176494,0.8968253968253969,0.5488250417081755,1.0
hc2,search,21,motion_blur_5,order2,25,False,False,0.596789920167927,0.8664688427299704,0.596789920167927,0.8664688427299704,0.596789920167927,0.8664688427299704,0.0,0.0,0.0,0.0,0.596789920167927,0.8664688427299704,0.6966389569792715,1.0
hc2,search,19,motion_blur_5,order2,26,False,False,0.5989694894323686,0.8582375478927203,0.5989694894323686,0.8582375478927203,0.5989694894323686,0.8582375478927203,0.0,0.0,0.0,0.0,0.5989694894323686,0.8582375478927203,0.6947133855438105,1.0
hc2,search,18,motion_blur_5,order2,27,False,False,0.18794049373394028,0.27298850574712646,0.18794049373394028,0.27298850574712646,0.18794049373394028,0.27298850574712646,0.0,0.0,0.0,0.0,0.18794049373394028,0.27298850574712646,0.7095958683270115,1.0
hc2,search,8,motion_blur_5,order2,28,True,True,0.6820450321415803,0.7988338192419825,0.8183789788482869,0.9825072886297376,0.6820450321415803,0.7988338192419825,0.0,0.0,-0.13633394670670662,-0.18367346938775508,0.8085319372750128,0.9716713881019831,0.832104296962331,1.0
hc2,search,7,motion_blur_5,order2,29,False,False,0.647868848875091,0.9619883040935673,0.647868848875091,0.9619883040935673,0.647868848875091,0.9619883040935673,0.0,0.0,0.0,0.0,0.647868848875091,0.9619883040935673,0.6693970263442326,1.0
hc2,search,10,motion_blur_5,order2,30,False,False,0.2802749558679616,0.3598326359832636,0.2802749558679616,0.3598326359832636,0.2802749558679616,0.3598326359832636,0.0,0.0,0.0,0.0,0.2802749558679616,0.3598326359832636,0.7650484878719671,1.0
hc2,search,13,motion_blur_5,order2,31,False,False,0.3466202486184246,0.5476190476190477,0.3466202486184246,0.5476190476190477,0.3466202486184246,0.5476190476190477,0.0,0.0,0.0,0.0,0.3466202486184246,0.5476190476190477,0.6329587148684276,1.0
hc2,search,2,occlusion_5,order1,0,True,True,0.15153262670837472,0.31100478468899523,0.16975747517562523,0.3686635944700461,0.29005804813472974,0.6299212598425197,0.13852542142635502,0.31891647515352445,0.12030057295910451,0.2612576653724736,0.4672136889923975,0.9393939393939394,0.49735650763706835,1.0
hc2,search,0,occlusion_5,order1,1,False,False,0.19479513473360757,0.3778801843317972,0.19479513473360757,0.3778801843317972,0.19479513473360757,0.3778801843317972,0.0,0.0,0.0,0.0,0.19479513473360757,0.3778801843317972,0.44526250142754503,1.0
hc2,search,25,occlusion_5,order1,2,False,False,0.24813965924175177,0.6883116883116883,0.24813965924175177,0.6883116883116883,0.24813965924175177,0.6883116883116883,0.0,0.0,0.0,0.0,0.24813965924175177,0.6883116883116883,0.30649291381576754,1.0
hc2,search,22,occlusion_5,order1,3,False,False,0.062142842185604744,0.24316939890710382,0.062142842185604744,0.24316939890710382,0.062142842185604744,0.24316939890710382,0.0,0.0,0.0,0.0,0.062142842185604744,0.24316939890710382,0.3701244330967739,1.0
hc2,search,27,occlusion_5,order1,4,True,True,0.615089577539879,0.8022813688212928,0.2589291131654658,0.32987012987012987,0.615089577539879,0.8022813688212928,0.0,0.0,0.35616046437441323,0.4724112389511629,0.7412827422361605,0.9763779527559056,0.7592170021289708,1.0
hc2,search,31,occlusion_5,order1,5,False,False,0.48484611751791884,0.8092105263157895,0.48484611751791884,0.8092105263157895,0.48484611751791884,0.8092105263157895,0.0,0.0,0.0,0.0,0.48484611751791884,0.8092105263157895,0.594748898737098,1.0
hc2,search,11,occlusion_5,order1,6,False,False,0.19271697200581578,0.7013698630136986,0.19271697200581578,0.7013698630136986,0.19271697200581578,0.7013698630136986,0.0,0.0,0.0,0.0,0.19271697200581578,0.7013698630136986,0.2715487037282728,1.0
hc2,search,30,occlusion_5,order1,7,False,False,0.5750715011757646,0.7861271676300579,0.5750715011757646,0.7861271676300579,0.5750715011757646,0.7861271676300579,0.0,0.0,0.0,0.0,0.5750715011757646,0.7861271676300579,0.7315247772309358,1.0
hc2,search,26,occlusion_5,order1,8,True,True,0.17039641434174252,0.4180327868852459,0.18235405745344374,0.4473684210526316,0.18235405745344374,0.4473684210526316,0.011957643111701222,0.02933563416738566,0.0,0.0,0.374565090985452,0.918918918918919,0.4076149519547566,1.0
hc2,search,24,occlusion_5,order1,9,False,False,0.01778116093951791,0.342911877394636,0.01778116093951791,0.342911877394636,0.01778116093951791,0.342911877394636,0.0,0.0,0.0,0.0,0.01778116093951791,0.342911877394636,0.1545740523611766,1.0
hc2,search,19,occlusion_5,order1,10,False,False,0.5810419601076383,0.8327137546468402,0.5810419601076383,0.8327137546468402,0.5810419601076383,0.8327137546468402,0.0,0.0,0.0,0.0,0.5810419601076383,0.8327137546468402,0.7011836760113824,1.0
hc2,search,13,occlusion_5,order1,11,False,False,0.35468079988009593,0.5476190476190477,0.35468079988009593,0.5476190476190477,0.35468079988009593,0.5476190476190477,0.0,0.0,0.0,0.0,0.35468079988009593,0.5476190476190477,0.6476779823897404,1.0
hc2,search,14,occlusion_5,order1,12,True,True,0.515851688455694,0.788235294117647,0.34525506707664555,0.5275590551181102,0.515851688455694,0.788235294117647,0.0,0.0,0.1705966213790484,0.26067623899953685,0.6175689227990703,0.9436619718309859,0.6544387092348356,1.0
hc2,search,16,occlusion_5,order1,13,False,False,0.17981477659949557,0.35904255319148937,0.17981477659949557,0.35904255319148937,0.17981477659949557,0.35904255319148937,0.0,0.0,0.0,0.0,0.17981477659949557,0.35904255319148937,0.4873840938322011,1.0
hc2,search,17,occlusion_5,order1,14,False,False,0.2975720780603986,0.4533678756476684,0.2975720780603986,0.4533678756476684,0.2975720780603986,0.4533678756476684,0.0,0.0,0.0,0.0,0.2975720780603986,0.4533678756476684,0.6563589836075078,1.0
hc2,search,23,occlusion_5,order1,15,False,False,0.09238703130569666,0.8074534161490683,0.09238703130569666,0.8074534161490683,0.09238703130569666,0.8074534161490683,0.0,0.0,0.0,0.0,0.09238703130569666,0.8074534161490683,0.11441778492474741,1.0
hc2,search,29,occlusion_5,order1,16,True,True,0.22548710275596295,0.4232209737827715,0.20760364288221417,0.3896551724137931,0.23986078261291677,0.450199203187251,0.014373679856953814,0.02697822940447947,0.0322571397307026,0.06054403077345788,0.47781790822096915,0.8968253968253969,0.5327881100517001,1.0
hc2,search,9,occlusion_5,order1,17,False,False,0.0,0.0,0.0,0.0,0.0,0.0,0.0,0.0,0.0,0.0,0.0,0.0,0.5898430622878809,1.0
hc2,search,5,occlusion_5,order1,18,False,False,0.23186747514849396,0.46996466431095407,0.23186747514849396,0.46996466431095407,0.23186747514849396,0.46996466431095407,0.0,0.0,0.0,0.0,0.23186747514849396,0.46996466431095407,0.49337214636859994,1.0
hc2,search,8,occlusion_5,order1,19,False,False,0.7404008130652023,0.8688046647230321,0.7404008130652023,0.8688046647230321,0.7404008130652023,0.8688046647230321,0.0,0.0,0.0,0.0,0.7404008130652023,0.8688046647230321,0.8496781920481729,1.0
hc2,search,28,occlusion_5,order1,20,True,True,0.4191190204550389,0.5978835978835979,0.4020989587106718,0.5736040609137056,0.5013512333291288,0.7151898734177216,0.08223221287408988,0.11730627553412365,0.09925227461845698,0.14158581250401592,0.6656596207227088,0.9495798319327731,0.7010043793451536,1.0
hc2,search,10,occlusion_5,order1,21,False,False,0.27165854150692964,0.3598326359832636,0.27165854150692964,0.3598326359832636,0.27165854150692964,0.3598326359832636,0.0,0.0,0.0,0.0,0.27165854150692964,0.3598326359832636,0.7405042570085311,1.0
hc2,search,21,occlusion_5,order1,22,False,False,0.6322674139862998,0.9244712990936556,0.6322674139862998,0.9244712990936556,0.6322674139862998,0.9244712990936556,0.0,0.0,0.0,0.0,0.6322674139862998,0.9244712990936556,0.680950606522278,1.0
hc2,search,20,occlusion_5,order1,23,False,False,0.5472913449924983,0.890295358649789,0.5472913449924983,0.890295358649789,0.5472913449924983,0.890295358649789,0.0,0.0,0.0,0.0,0.5472913449924983,0.890295358649789,0.6184535551692638,1.0
hc2,search,1,occlusion_5,order1,24,True,True,0.3771994138766985,0.6735537190082644,0.42095754984854583,0.7520661157024794,0.3771994138766985,0.6735537190082644,0.0,0.0,-0.043758135971847356,-0.07851239669421495,0.5311789235190454,0.9494949494949495,0.5594331215785691,1.0
hc2,search,7,occlusion_5,order1,25,False,False,0.6479893883512909,0.9824561403508771,0.6479893883512909,0.9824561403508771,0.6479893883512909,0.9824561403508771,0.0,0.0,0.0,0.0,0.6479893883512909,0.9824561403508771,0.6580617115670496,1.0
hc2,search,12,occlusion_5,order1,26,False,False,0.4699993624575279,0.8191489361702128,0.4699993624575279,0.8191489361702128,0.4699993624575279,0.8191489361702128,0.0,0.0,0.0,0.0,0.4699993624575279,0.8191489361702128,0.5762844561853463,1.0
hc2,search,18,occlusion_5,order1,27,False,False,0.2249248663243499,0.3390804597701149,0.2249248663243499,0.3390804597701149,0.2249248663243499,0.3390804597701149,0.0,0.0,0.0,0.0,0.2249248663243499,0.3390804597701149,0.6814059755759276,1.0
hc2,search,3,occlusion_5,order1,28,True,True,0.22447812328858824,0.5028901734104047,0.2382497872940231,0.5337423312883436,0.3770360711546191,0.8446601941747572,0.15255794786603089,0.3417700207643526,0.13878628386059602,0.31091786288641365,0.408786477146587,0.9157894736842105,0.4463760382635146,1.0
hc2,search,6,occlusion_5,order1,29,False,False,0.3039789147310619,0.6896551724137931,0.3039789147310619,0.6896551724137931,0.3039789147310619,0.6896551724137931,0.0,0.0,0.0,0.0,0.3039789147310619,0.6896551724137931,0.4407694263600398,1.0
hc2,search,15,occlusion_5,order1,30,False,False,0.06545273278402829,0.28044280442804426,0.06545273278402829,0.28044280442804426,0.06545273278402829,0.28044280442804426,0.0,0.0,0.0,0.0,0.06545273278402829,0.28044280442804426,0.20554041582853494,1.0
hc2,search,4,occlusion_5,order1,31,False,False,0.0,0.0,0.0,0.0,0.0,0.0,0.0,0.0,0.0,0.0,0.0,0.0,0.520627303830942,1.0
hc2,search,16,occlusion_5,order2,0,True,True,0.16546849710802858,0.35904255319148937,0.1902318483813199,0.4015957446808511,0.37629939447061167,0.8120567375886525,0.2108308973625831,0.4530141843971631,0.18606754608929177,0.4104609929078014,0.4267537903792995,0.9737827715355806,0.43824331550489604,1.0
hc2,search,2,occlusion_5,order2,1,False,False,0.16296892450983408,0.31100478468899523,0.16296892450983408,0.31100478468899523,0.16296892450983408,0.31100478468899523,0.0,0.0,0.0,0.0,0.16296892450983408,0.31100478468899523,0.5178574086086225,1.0
hc2,search,27,occlusion_5,order2,2,False,False,0.6081893540528638,0.8022813688212928,0.6081893540528638,0.8022813688212928,0.6081893540528638,0.8022813688212928,0.0,0.0,0.0,0.0,0.6081893540528638,0.8022813688212928,0.7502606413452607,1.0
hc2,search,22,occlusion_5,order2,3,False,False,0.06047322578328677,0.24316939890710382,0.06047322578328677,0.24316939890710382,0.06047322578328677,0.24316939890710382,0.0,0.0,0.0,0.0,0.06047322578328677,0.24316939890710382,0.37005578022828206,1.0
hc2,search,23,occlusion_5,order2,4,True,True,0.11129372906810138,0.8074534161490683,0.09188866861520165,0.6666666666666666,0.10602538686369421,0.7692307692307693,-0.005268342204407167,-0.03822264691829902,0.014136718248492566,0.10256410256410264,0.13421940359523837,0.9737827715355806,0.13783300292280248,1.0
hc2,search,26,occlusion_5,order2,5,False,False,0.19176908668601025,0.4180327868852459,0.19176908668601025,0.4180327868852459,0.19176908668601025,0.4180327868852459,0.0,0.0,0.0,0.0,0.19176908668601025,0.4180327868852459,0.45874173677829905,1.0
hc2,search,15,occlusion_5,order2,6,False,False,0.06535395325613724,0.28044280442804426,0.06535395325613724,0.28044280442804426,0.06535395325613724,0.28044280442804426,0.0,0.0,0.0,0.0,0.06535395325613724,0.28044280442804426,0.20521246617099997,1.0
hc2,search,12,occlusion_5,order2,7,False,False,0.4744189426409923,0.8191489361702128,0.4744189426409923,0.8191489361702128,0.4744189426409923,0.8191489361702128,0.0,0.0,0.0,0.0,0.4744189426409923,0.8191489361702128,0.5833847826227977,1.0
hc2,search,5,occlusion_5,order2,8,True,True,0.2367228245572487,0.46996466431095407,0.2093517479678168,0.415625,0.354457985977256,0.7037037037037037,0.11773516142000728,0.23373903939274965,0.14510623800943917,0.2880787037037037,0.471778586969728,0.9366197183098591,0.5037034537571532,1.0
hc2,search,17,occlusion_5,order2,9,False,False,0.2867760303218239,0.4533678756476684,0.2867760303218239,0.4533678756476684,0.2867760303218239,0.4533678756476684,0.0,0.0,0.0,0.0,0.2867760303218239,0.4533678756476684,0.6325459868812803,1.0
hc2,search,11,occlusion_5,order2,10,False,False,0.21964780449625604,0.7013698630136986,0.21964780449625604,0.7013698630136986,0.21964780449625604,0.7013698630136986,0.0,0.0,0.0,0.0,0.21964780449625604,0.7013698630136986,0.31001505177625516,1.0
hc2,search,3,occlusion_5,order2,11,False,False,0.21823122255574529,0.5028901734104047,0.21823122255574529,0.5028901734104047,0.21823122255574529,0.5028901734104047,0.0,0.0,0.0,0.0,0.21823122255574529,0.5028901734104047,0.433954040254528,1.0
hc2,search,1,occlusion_5,order2,12,True,True,0.3776219082531077,0.6735537190082644,0.4204589765836967,0.7520661157024794,0.3776219082531077,0.6735537190082644,0.0,0.0,-0.04283706833058898,-0.07851239669421495,0.5304496481851121,0.9494949494949495,0.5586650550034691,1.0
hc2,search,9,occlusion_5,order2,13,False,False,0.0,0.0,0.0,0.0,0.0,0.0,0.0,0.0,0.0,0.0,0.0,0.0,0.6170010970598211,1.0
hc2,search,14,occlusion_5,order2,14,False,False,0.5338787624185811,0.788235294117647,0.5338787624185811,0.788235294117647,0.5338787624185811,0.788235294117647,0.0,0.0,0.0,0.0,0.5338787624185811,0.788235294117647,0.6773088776952149,1.0
hc2,search,31,occlusion_5,order2,15,False,False,0.4982950591126799,0.8092105263157895,0.4982950591126799,0.8092105263157895,0.4982950591126799,0.8092105263157895,0.0,0.0,0.0,0.0,0.4982950591126799,0.8092105263157895,0.6118525197970229,1.0
hc2,search,20,occlusion_5,order2,16,True,True,0.5592486872595316,0.890295358649789,0.5011060867827,0.8,0.5592486872595316,0.890295358649789,0.0,0.0,0.05814260047683162,0.09029535864978899,0.6105252462657588,0.9661016949152542,0.631947184731224,1.0
hc2,search,0,occlusion_5,order2,17,False,False,0.21325161057691444,0.3778801843317972,0.21325161057691444,0.3778801843317972,0.21325161057691444,0.3778801843317972,0.0,0.0,0.0,0.0,0.21325161057691444,0.3778801843317972,0.5014737654281991,1.0
hc2,search,24,occlusion_5,order2,18,False,False,0.019430443801884398,0.342911877394636,0.019430443801884398,0.342911877394636,0.019430443801884398,0.342911877394636,0.0,0.0,0.0,0.0,0.019430443801884398,0.342911877394636,0.1630043215296339,1.0
hc2,search,6,occlusion_5,order2,19,False,False,0.30527961538055914,0.6896551724137931,0.30527961538055914,0.6896551724137931,0.30527961538055914,0.6896551724137931,0.0,0.0,0.0,0.0,0.30527961538055914,0.6896551724137931,0.44265544230181075,1.0
hc2,search,4,occlusion_5,order2,20,True,True,0.0,0.0,0.0,0.0,0.0,0.0,0.0,0.0,0.0,0.0,0.473223437490855,0.9430379746835443,0.5018074035137926,1.0
hc2,search,28,occlusion_5,order2,21,False,False,0.41205634052082224,0.5978835978835979,0.41205634052082224,0.5978835978835979,0.41205634052082224,0.5978835978835979,0.0,0.0,0.0,0.0,0.41205634052082224,0.5978835978835979,0.6891915783932336,1.0
hc2,search,30,occlusion_5,order2,22,False,False,0.5406932498019754,0.7861271676300579,0.5406932498019754,0.7861271676300579,0.5406932498019754,0.7861271676300579,0.0,0.0,0.0,0.0,0.5406932498019754,0.7861271676300579,0.6877936192333952,1.0
hc2,search,25,occlusion_5,order2,23,False,False,0.23217193702614503,0.6883116883116883,0.23217193702614503,0.6883116883116883,0.23217193702614503,0.6883116883116883,0.0,0.0,0.0,0.0,0.23217193702614503,0.6883116883116883,0.2883255529353167,1.0
hc2,search,29,occlusion_5,order2,24,True,True,0.22813974610183613,0.4232209737827715,0.21004590416962154,0.3896551724137931,0.24268251876171412,0.450199203187251,0.014542772659877995,0.02697822940447947,0.03263661459209258,0.06054403077345788,0.48343898578722416,0.8968253968253969,0.5390558602583208,1.0
hc2,search,21,occlusion_5,order2,25,False,False,0.6314165077948539,0.9244712990936556,0.6314165077948539,0.9244712990936556,0.6314165077948539,0.9244712990936556,0.0,0.0,0.0,0.0,0.6314165077948539,0.9244712990936556,0.6780662633532976,1.0
hc2,search,19,occlusion_5,order2,26,False,False,0.5775220286289426,0.8327137546468402,0.5775220286289426,0.8327137546468402,0.5775220286289426,0.8327137546468402,0.0,0.0,0.0,0.0,0.5775220286289426,0.8327137546468402,0.6901494399155849,1.0
hc2,search,18,occlusion_5,order2,27,False,False,0.24004291518593487,0.3390804597701149,0.24004291518593487,0.3390804597701149,0.24004291518593487,0.3390804597701149,0.0,0.0,0.0,0.0,0.24004291518593487,0.3390804597701149,0.7050032842128553,1.0
hc2,search,8,occlusion_5,order2,28,True,True,0.7206696783958866,0.8688046647230321,0.8104717210720697,0.9825072886297376,0.7573835974389949,0.9125364431486881,0.03671391904310828,0.04373177842565601,-0.0530881236330748,-0.06997084548104948,0.8006540508053936,0.9716713881019831,0.8239967345023439,1.0
hc2,search,7,occlusion_5,order2,29,False,False,0.6546800693076119,0.9824561403508771,0.6546800693076119,0.9824561403508771,0.6546800693076119,0.9824561403508771,0.0,0.0,0.0,0.0,0.6546800693076119,0.9824561403508771,0.6648088712761329,1.0
hc2,search,10,occlusion_5,order2,30,False,False,0.2791496971311768,0.3598326359832636,0.2791496971311768,0.3598326359832636,0.2791496971311768,0.3598326359832636,0.0,0.0,0.0,0.0,0.2791496971311768,0.3598326359832636,0.7620455948470088,1.0
hc2,search,13,occlusion_5,order2,31,False,False,0.34345586610153583,0.5476190476190477,0.34345586610153583,0.5476190476190477,0.34345586610153583,0.5476190476190477,0.0,0.0,0.0,0.0,0.34345586610153583,0.5476190476190477,0.6271802772288915,1.0
hc2,search,2,exposure_5,order1,0,True,True,0.13354719995744502,0.2727272727272727,0.16293801230959679,0.33505154639175255,0.24889743612647067,0.5118110236220472,0.11535023616902565,0.23908375089477452,0.08595942381687388,0.17675947723029467,0.45526025005178805,0.9393939393939394,0.48463187908738725,1.0
hc2,search,0,exposure_5,order1,1,False,False,0.1810837200683535,0.3778801843317972,0.1810837200683535,0.3778801843317972,0.1810837200683535,0.3778801843317972,0.0,0.0,0.0,0.0,0.1810837200683535,0.3778801843317972,0.42179620499743453,1.0
hc2,search,25,exposure_5,order1,2,False,False,0.24635767396770766,0.6883116883116883,0.24635767396770766,0.6883116883116883,0.24635767396770766,0.6883116883116883,0.0,0.0,0.0,0.0,0.24635767396770766,0.6883116883116883,0.3047025370183614,1.0
hc2,search,22,exposure_5,order1,3,False,False,0.07586302731765725,0.24316939890710382,0.07586302731765725,0.24316939890710382,0.07586302731765725,0.24316939890710382,0.0,0.0,0.0,0.0,0.07586302731765725,0.24316939890710382,0.4019366332120291,1.0
hc2,search,27,exposure_5,order1,4,True,True,0.6138729463769167,0.8022813688212928,0.2717853162265047,0.35324675324675325,0.6138729463769167,0.8022813688212928,0.0,0.0,0.342087630150412,0.4490346155745395,0.7401164769498771,0.9763779527559056,0.7580225207470516,1.0
hc2,search,31,exposure_5,order1,5,False,False,0.48756433434409785,0.8092105263157895,0.48756433434409785,0.8092105263157895,0.48756433434409785,0.8092105263157895,0.0,0.0,0.0,0.0,0.48756433434409785,0.8092105263157895,0.5993427756955473,1.0
hc2,search,11,exposure_5,order1,6,False,False,0.22649194375039094,0.779874213836478,0.22649194375039094,0.779874213836478,0.22649194375039094,0.779874213836478,0.0,0.0,0.0,0.0,0.22649194375039094,0.779874213836478,0.28520753003710514,1.0
hc2,search,30,exposure_5,order1,7,False,False,0.5301764275166667,0.723404255319149,0.5301764275166667,0.723404255319149,0.5301764275166667,0.723404255319149,0.0,0.0,0.0,0.0,0.5301764275166667,0.723404255319149,0.732890943920098,1.0
hc2,search,26,exposure_5,order1,8,True,True,0.14427141177279607,0.4473684210526316,0.12472370041690334,0.4272300469483568,0.1551598202084788,0.4811320754716981,0.010888408435682728,0.033763654419066536,0.030436119791575456,0.053902028523341305,0.2963412782360136,0.918918918918919,0.3224890380803677,1.0
hc2,search,24,exposure_5,order1,9,False,False,0.05649275439969286,0.4521072796934866,0.05649275439969286,0.4521072796934866,0.05649275439969286,0.4521072796934866,0.0,0.0,0.0,0.0,0.05649275439969286,0.4521072796934866,0.15768386369562873,1.0
hc2,search,19,exposure_5,order1,10,False,False,0.5879517601426385,0.8327137546468402,0.5879517601426385,0.8327137546468402,0.5879517601426385,0.8327137546468402,0.0,0.0,0.0,0.0,0.5879517601426385,0.8327137546468402,0.7090675208621451,1.0
hc2,search,13,exposure_5,order1,11,False,False,0.35235676754342055,0.5476190476190477,0.35235676754342055,0.5476190476190477,0.35235676754342055,0.5476190476190477,0.0,0.0,0.0,0.0,0.35235676754342055,0.5476190476190477,0.6434340972532028,1.0
hc2,search,14,exposure_5,order1,12,True,True,0.47035102472143814,0.708994708994709,0.4096605699186719,0.6175115207373272,0.522919668660893,0.788235294117647,0.05256864393945487,0.07924058512293808,0.11325909874222112,0.17072377338031985,0.6260305892419141,0.9436619718309859,0.6634055497936702,1.0
hc2,search,16,exposure_5,order1,13,False,False,0.17946259199070747,0.35904255319148937,0.17946259199070747,0.35904255319148937,0.17946259199070747,0.35904255319148937,0.0,0.0,0.0,0.0,0.17946259199070747,0.35904255319148937,0.4798038835850211,1.0
hc2,search,17,exposure_5,order1,14,False,False,0.29644381243394297,0.4533678756476684,0.29644381243394297,0.4533678756476684,0.29644381243394297,0.4533678756476684,0.0,0.0,0.0,0.0,0.29644381243394297,0.4533678756476684,0.6538703519971543,1.0
hc2,search,23,exposure_5,order1,15,False,False,0.06781397138730721,0.5739514348785872,0.06781397138730721,0.5739514348785872,0.06781397138730721,0.5739514348785872,0.0,0.0,0.0,0.0,0.06781397138730721,0.5739514348785872,0.11815280399403912,1.0
hc2,search,29,exposure_5,order1,16,True,True,0.22406163787556047,0.4232209737827715,0.20629123211301603,0.3896551724137931,0.22406163787556047,0.4232209737827715,0.0,0.0,0.017770405762544433,0.03356580136897841,0.47479728026011625,0.8968253968253969,0.5294199762192446,1.0
hc2,search,9,exposure_5,order1,17,False,False,0.0,0.0,0.0,0.0,0.0,0.0,0.0,0.0,0.0,0.0,0.0,0.0,0.6123626577475704,1.0
hc2,search,5,exposure_5,order1,18,False,False,0.23075674760665543,0.46996466431095407,0.23075674760665543,0.46996466431095407,0.23075674760665543,0.46996466431095407,0.0,0.0,0.0,0.0,0.23075674760665543,0.46996466431095407,0.49100871859160516,1.0
hc2,search,8,exposure_5,order1,19,False,False,0.7052846175264249,0.8250728862973761,0.7052846175264249,0.8250728862973761,0.7052846175264249,0.8250728862973761,0.0,0.0,0.0,0.0,0.7052846175264249,0.8250728862973761,0.8492233277958808,1.0
hc2,search,28,exposure_5,order1,20,True,True,0.4061219012995811,0.5736040609137056,0.4061219012995811,0.5736040609137056,0.5063671807342878,0.7151898734177216,0.10024527943470668,0.14158581250401592,0.10024527943470668,0.14158581250401592,0.672319450050567,0.9495798319327731,0.7080178279293582,1.0
hc2,search,10,exposure_5,order1,21,False,False,0.2721326799847001,0.3598326359832636,0.2721326799847001,0.3598326359832636,0.2721326799847001,0.3598326359832636,0.0,0.0,0.0,0.0,0.2721326799847001,0.3598326359832636,0.7419223587210144,1.0
hc2,search,21,exposure_5,order1,22,False,False,0.5888415898846474,0.8761329305135952,0.5888415898846474,0.8761329305135952,0.5888415898846474,0.8761329305135952,0.0,0.0,0.0,0.0,0.5888415898846474,0.8761329305135952,0.675837293911849,1.0
hc2,search,20,exposure_5,order1,23,False,False,0.5375321434740644,0.890295358649789,0.5375321434740644,0.890295358649789,0.5375321434740644,0.890295358649789,0.0,0.0,0.0,0.0,0.5375321434740644,0.890295358649789,0.6074914428469013,1.0
hc2,search,1,exposure_5,order1,24,True,True,0.37716078763952077,0.6735537190082644,0.420413975903541,0.7520661157024794,0.37716078763952077,0.6735537190082644,0.0,0.0,-0.04325318826402025,-0.07851239669421495,0.5304390488662635,0.9494949494949495,0.5586538918910647,1.0
hc2,search,7,exposure_5,order1,25,False,False,0.6451294890210708,0.9824561403508771,0.6451294890210708,0.9824561403508771,0.6451294890210708,0.9824561403508771,0.0,0.0,0.0,0.0,0.6451294890210708,0.9824561403508771,0.6553318519052195,1.0
hc2,search,12,exposure_5,order1,26,False,False,0.4700521466678931,0.8191489361702128,0.4700521466678931,0.8191489361702128,0.4700521466678931,0.8191489361702128,0.0,0.0,0.0,0.0,0.4700521466678931,0.8191489361702128,0.577569171405496,1.0
hc2,search,18,exposure_5,order1,27,False,False,0.2358699982259284,0.35435435435435436,0.2358699982259284,0.35435435435435436,0.2358699982259284,0.35435435435435436,0.0,0.0,0.0,0.0,0.2358699982259284,0.35435435435435436,0.6816957304720662,1.0
hc2,search,3,exposure_5,order1,28,True,True,0.22425734878829245,0.5028901734104047,0.2380154683458564,0.5337423312883436,0.3766652557317922,0.8446601941747572,0.15240790694349976,0.3417700207643526,0.1386497873859358,0.31091786288641365,0.40838443516183787,0.9157894736842105,0.4459370269008574,1.0
hc2,search,6,exposure_5,order1,29,False,False,0.303788022163885,0.6896551724137931,0.303788022163885,0.6896551724137931,0.303788022163885,0.6896551724137931,0.0,0.0,0.0,0.0,0.303788022163885,0.6896551724137931,0.44049263213763323,1.0
hc2,search,15,exposure_5,order1,30,False,False,0.056933468063146475,0.28044280442804426,0.056933468063146475,0.28044280442804426,0.056933468063146475,0.28044280442804426,0.0,0.0,0.0,0.0,0.056933468063146475,0.28044280442804426,0.1801007820140928,1.0
hc2,search,4,exposure_5,order1,31,False,False,0.0,0.0,0.0,0.0,0.0,0.0,0.0,0.0,0.0,0.0,0.0,0.0,0.5180701196224626,1.0
hc2,search,16,exposure_5,order2,0,True,True,0.16534931003450817,0.35904255319148937,0.1782922477924347,0.3803191489361702,0.37620004583493744,0.8120567375886525,0.21085073580042926,0.4530141843971631,0.19790779804250275,0.4317375886524823,0.42664751489882563,0.9737827715355806,0.4381341787614863,1.0
hc2,search,2,exposure_5,order2,1,False,False,0.14590813214452827,0.2727272727272727,0.14590813214452827,0.2727272727272727,0.14590813214452827,0.2727272727272727,0.0,0.0,0.0,0.0,0.14590813214452827,0.2727272727272727,0.5183229360033985,1.0
hc2,search,27,exposure_5,order2,2,False,False,0.6035357992556902,0.8022813688212928,0.6035357992556902,0.8022813688212928,0.6035357992556902,0.8022813688212928,0.0,0.0,0.0,0.0,0.6035357992556902,0.8022813688212928,0.7452841652704121,1.0
hc2,search,22,exposure_5,order2,3,False,False,0.07315611954936338,0.24316939890710382,0.07315611954936338,0.24316939890710382,0.07315611954936338,0.24316939890710382,0.0,0.0,0.0,0.0,0.07315611954936338,0.24316939890710382,0.4017541195252453,1.0
hc2,search,23,exposure_5,order2,4,True,True,0.07852654036577471,0.5739514348785872,0.08389745940022629,0.6132075471698113,0.07852654036577471,0.5739514348785872,0.0,0.0,-0.005370919034451582,-0.039256112291224055,0.13323042241833688,0.9737827715355806,0.1368173953295998,1.0
hc2,search,26,exposure_5,order2,5,False,False,0.16396234648803706,0.4473684210526316,0.16396234648803706,0.4473684210526316,0.16396234648803706,0.4473684210526316,0.0,0.0,0.0,0.0,0.16396234648803706,0.4473684210526316,0.36650406862031815,1.0
hc2,search,15,exposure_5,order2,6,False,False,0.06551828228254586,0.28044280442804426,0.06551828228254586,0.28044280442804426,0.06551828228254586,0.28044280442804426,0.0,0.0,0.0,0.0,0.06551828228254586,0.28044280442804426,0.20569993903494638,1.0
hc2,search,12,exposure_5,order2,7,False,False,0.47441363705351886,0.8191489361702128,0.47441363705351886,0.8191489361702128,0.47441363705351886,0.8191489361702128,0.0,0.0,0.0,0.0,0.47441363705351886,0.8191489361702128,0.5833553411785685,1.0
hc2,search,5,exposure_5,order2,8,True,True,0.23685319565885757,0.46996466431095407,0.20946704491080217,0.415625,0.3546531977325751,0.7037037037037037,0.11780000207371752,0.23373903939274965,0.1451861528217729,0.2880787037037037,0.47203841106659644,0.9366197183098591,0.5039808599357646,1.0
hc2,search,17,exposure_5,order2,9,False,False,0.2869104754375095,0.4533678756476684,0.2869104754375095,0.4533678756476684,0.2869104754375095,0.4533678756476684,0.0,0.0,0.0,0.0,0.2869104754375095,0.4533678756476684,0.6328425343935924,1.0
hc2,search,11,exposure_5,order2,10,False,False,0.25735515155249433,0.779874213836478,0.25735515155249433,0.779874213836478,0.25735515155249433,0.779874213836478,0.0,0.0,0.0,0.0,0.25735515155249433,0.779874213836478,0.3249546501913979,1.0
hc2,search,3,exposure_5,order2,11,False,False,0.21826769522956496,0.5028901734104047,0.21826769522956496,0.5028901734104047,0.21826769522956496,0.5028901734104047,0.0,0.0,0.0,0.0,0.21826769522956496,0.5028901734104047,0.4340265663760315,1.0
hc2,search,1,exposure_5,order2,12,True,True,0.3774808488157412,0.6735537190082644,0.4203074846628974,0.7520661157024794,0.3774808488157412,0.6735537190082644,0.0,0.0,-0.042826635847156236,-0.07851239669421495,0.5302610792396825,0.9494949494949495,0.5584664557949847,1.0
hc2,search,9,exposure_5,order2,13,False,False,0.0,0.0,0.0,0.0,0.0,0.0,0.0,0.0,0.0,0.0,0.0,0.0,0.6176572336931323,1.0
hc2,search,14,exposure_5,order2,14,False,False,0.4880203368087354,0.708994708994709,0.4880203368087354,0.708994708994709,0.4880203368087354,0.708994708994709,0.0,0.0,0.0,0.0,0.4880203368087354,0.708994708994709,0.6883271914690372,1.0
hc2,search,31,exposure_5,order2,15,False,False,0.5004772053468942,0.8092105263157895,0.5004772053468942,0.8092105263157895,0.5004772053468942,0.8092105263157895,0.0,0.0,0.0,0.0,0.5004772053468942,0.8092105263157895,0.6156977324332457,1.0
hc2,search,20,exposure_5,order2,16,True,True,0.5583751808259023,0.890295358649789,0.5003322835756496,0.8,0.5583751808259023,0.890295358649789,0.0,0.0,0.05804289725025269,0.09029535864978899,0.6095622027677126,0.9661016949152542,0.6309503502332463,1.0
hc2,search,0,exposure_5,order2,17,False,False,0.20616812626794817,0.3778801843317972,0.20616812626794817,0.3778801843317972,0.20616812626794817,0.3778801843317972,0.0,0.0,0.0,0.0,0.20616812626794817,0.3778801843317972,0.4867269586352647,1.0
hc2,search,24,exposure_5,order2,18,False,False,0.059913721549357445,0.4521072796934866,0.059913721549357445,0.4521072796934866,0.059913721549357445,0.4521072796934866,0.0,0.0,0.0,0.0,0.059913721549357445,0.4521072796934866,0.16724482803027288,1.0
hc2,search,6,exposure_5,order2,19,False,False,0.30546390649915367,0.6896551724137931,0.30546390649915367,0.6896551724137931,0.30546390649915367,0.6896551724137931,0.0,0.0,0.0,0.0,0.30546390649915367,0.6896551724137931,0.4429226644237728,1.0
hc2,search,4,exposure_5,order2,20,True,True,0.0,0.0,0.10545641588188101,0.21603563474387527,0.0,0.0,0.0,0.0,-0.10545641588188101,-0.21603563474387527,0.4711615026803013,0.9430379746835443,0.49962092230528593,1.0
hc2,search,28,exposure_5,order2,21,False,False,0.39130418064585654,0.5736040609137056,0.39130418064585654,0.5736040609137056,0.39130418064585654,0.5736040609137056,0.0,0.0,0.0,0.0,0.39130418064585654,0.5736040609137056,0.6821851644887942,1.0
hc2,search,30,exposure_5,order2,22,False,False,0.5022941795918807,0.723404255319149,0.5022941795918807,0.723404255319149,0.5022941795918807,0.723404255319149,0.0,0.0,0.0,0.0,0.5022941795918807,0.723404255319149,0.6943478364946587,1.0
hc2,search,25,exposure_5,order2,23,False,False,0.23136890263356003,0.6883116883116883,0.23136890263356003,0.6883116883116883,0.23136890263356003,0.6883116883116883,0.0,0.0,0.0,0.0,0.23136890263356003,0.6883116883116883,0.288726853803174,1.0
hc2,search,29,exposure_5,order2,24,True,True,0.23089104849075037,0.4232209737827715,0.21257899981734604,0.3896551724137931,0.23089104849075037,0.4232209737827715,0.0,0.0,0.01831204867340433,0.03356580136897841,0.48926912656373295,0.8968253968253969,0.5455567251949588,1.0
hc2,search,21,exposure_5,order2,25,False,False,0.5868898251845787,0.8761329305135952,0.5868898251845787,0.8761329305135952,0.5868898251845787,0.8761329305135952,0.0,0.0,0.0,0.0,0.5868898251845787,0.8761329305135952,0.6686446500366017,1.0
hc2,search,19,exposure_5,order2,26,False,False,0.5823319672728698,0.8327137546468402,0.5823319672728698,0.8327137546468402,0.5823319672728698,0.8327137546468402,0.0,0.0,0.0,0.0,0.5823319672728698,0.8327137546468402,0.6961168678095654,1.0
hc2,search,18,exposure_5,order2,27,False,False,0.2530301304646689,0.35435435435435436,0.2530301304646689,0.35435435435435436,0.2530301304646689,0.35435435435435436,0.0,0.0,0.0,0.0,0.2530301304646689,0.35435435435435436,0.7124986980772011,1.0
hc2,search,8,exposure_5,order2,28,True,True,0.6904348716959875,0.8250728862973761,0.8110014531835894,0.9770114942528736,0.7275478089773089,0.8688046647230321,0.03711293728132137,0.04373177842565601,-0.08345364420628054,-0.10820682952984151,0.8064035789311025,0.9716713881019831,0.8299138873547498,1.0
hc2,search,7,exposure_5,order2,29,False,False,0.6536629300440017,0.9824561403508771,0.6536629300440017,0.9824561403508771,0.6536629300440017,0.9824561403508771,0.0,0.0,0.0,0.0,0.6536629300440017,0.9824561403508771,0.6638101697932379,1.0
hc2,search,10,exposure_5,order2,30,False,False,0.2782985989431986,0.3598326359832636,0.2782985989431986,0.3598326359832636,0.2782985989431986,0.3598326359832636,0.0,0.0,0.0,0.0,0.2782985989431986,0.3598326359832636,0.7595239609934566,1.0
hc2,search,13,exposure_5,order2,31,False,False,0.3481552609783231,0.5476190476190477,0.3481552609783231,0.5476190476190477,0.3481552609783231,0.5476190476190477,0.0,0.0,0.0,0.0,0.3481552609783231,0.5476190476190477,0.6357617809169378,1.0
hc2,confirm,33,clean,order1,0,True,True,0.4879364376452794,0.8660714285714286,0.4835559477830939,0.8469656992084432,0.4879364376452794,0.8660714285714286,0.0,0.0,0.004380489862185477,0.01910572936298538,0.5528164039998394,0.9655172413793104,0.5725598469998336,1.0
hc2,confirm,45,clean,order1,1,False,False,0.0,0.43312101910828027,0.0,0.43312101910828027,0.0,0.43312101910828027,0.0,0.0,0.0,0.0,0.0,0.43312101910828027,0.0,1.0
hc2,confirm,46,clean,order1,2,False,False,0.2829022122716489,0.4492753623188406,0.2829022122716489,0.4492753623188406,0.2829022122716489,0.4492753623188406,0.0,0.0,0.0,0.0,0.2829022122716489,0.4492753623188406,0.6296855692497991,1.0
hc2,confirm,43,clean,order1,3,False,False,0.28860055072429436,0.7142857142857143,0.28860055072429436,0.7142857142857143,0.28860055072429436,0.7142857142857143,0.0,0.0,0.0,0.0,0.28860055072429436,0.7142857142857143,0.3970257868315917,1.0
hc2,confirm,47,clean,order1,4,True,True,0.27749819791344316,0.40064102564102566,0.2377823263276059,0.34935897435897434,0.292498100503359,0.4222972972972973,0.014999902589915848,0.021656271656271653,0.0547157741757531,0.07293832293832297,0.6849641744506786,0.9798657718120806,0.6990387807750076,1.0
hc2,confirm,37,clean,order1,5,False,False,0.007464202635339932,0.3194888178913738,0.007464202635339932,0.3194888178913738,0.007464202635339932,0.3194888178913738,0.0,0.0,0.0,0.0,0.007464202635339932,0.3194888178913738,0.02336295424861399,1.0
hc2,confirm,41,clean,order1,6,False,False,0.4630343586349436,0.7,0.4630343586349436,0.7,0.4630343586349436,0.7,0.0,0.0,0.0,0.0,0.4630343586349436,0.7,0.6790606525968106,1.0
hc2,confirm,35,clean,order1,7,False,False,0.4349473714650525,0.6473988439306358,0.4349473714650525,0.6473988439306358,0.4349473714650525,0.6473988439306358,0.0,0.0,0.0,0.0,0.4349473714650525,0.6473988439306358,0.6718383505665544,1.0
hc2,confirm,42,clean,order1,8,True,True,0.14453100422772017,0.6368715083798883,0.14453100422772017,0.6368715083798883,0.16169406097976194,0.7125,0.017163056752041772,0.07562849162011176,0.017163056752041772,0.07562849162011176,0.21033373785985293,0.926829268292683,0.22693903295405182,1.0
hc2,confirm,44,clean,order1,9,False,False,0.19768644521346673,0.88,0.19768644521346673,0.88,0.19768644521346673,0.88,0.0,0.0,0.0,0.0,0.19768644521346673,0.88,0.21355897049167155,1.0
hc2,confirm,36,clean,order1,10,False,False,0.15255778502260603,0.3788546255506608,0.15255778502260603,0.3788546255506608,0.15255778502260603,0.3788546255506608,0.0,0.0,0.0,0.0,0.15255778502260603,0.3788546255506608,0.40268159535036707,1.0
hc2,confirm,38,clean,order1,11,False,False,0.42410957698656293,0.5458333333333333,0.42410957698656293,0.5458333333333333,0.42410957698656293,0.5458333333333333,0.0,0.0,0.0,0.0,0.42410957698656293,0.5458333333333333,0.7769946448608787,1.0
hc2,confirm,34,clean,order1,12,True,True,0.4781275815590261,0.638961038961039,0.45905017182101016,0.6134663341645885,0.4781275815590261,0.638961038961039,0.0,0.0,0.01907740973801597,0.02549470479645044,0.727465060854638,0.9701492537313433,0.7498486011886268,1.0
hc2,confirm,40,clean,order1,13,False,False,0.3951386225540649,0.6320754716981132,0.3951386225540649,0.6320754716981132,0.3951386225540649,0.6320754716981132,0.0,0.0,0.0,0.0,0.3951386225540649,0.6320754716981132,0.6721564930529574,1.0
hc2,confirm,39,clean,order1,14,False,False,0.006778826242337238,0.8840579710144928,0.006778826242337238,0.8840579710144928,0.006778826242337238,0.8840579710144928,0.0,0.0,0.0,0.0,0.006778826242337238,0.8840579710144928,0.007667852634774908,1.0
hc2,confirm,32,clean,order1,15,False,False,0.1353220538660425,0.3372093023255814,0.1353220538660425,0.3372093023255814,0.1353220538660425,0.3372093023255814,0.0,0.0,0.0,0.0,0.1353220538660425,0.3372093023255814,0.3428989215786279,1.0
hc2,confirm,43,clean,order2,0,True,True,0.29854344113798825,0.7142857142857143,0.33436865407454686,0.8,0.35909351236458054,0.875,0.060550071226592284,0.1607142857142857,0.02472485829003368,0.07499999999999996,0.37986751721211826,0.9256198347107438,0.41039258555952063,1.0
hc2,confirm,46,clean,order2,1,False,False,0.27873967003834443,0.4492753623188406,0.27873967003834443,0.4492753623188406,0.27873967003834443,0.4492753623188406,0.0,0.0,0.0,0.0,0.27873967003834443,0.4492753623188406,0.620420555891799,1.0
hc2,confirm,38,clean,order2,2,False,False,0.41229136726978893,0.5458333333333333,0.41229136726978893,0.5458333333333333,0.41229136726978893,0.5458333333333333,0.0,0.0,0.0,0.0,0.41229136726978893,0.5458333333333333,0.755342962937018,1.0
hc2,confirm,40,clean,order2,3,False,False,0.39686489061665087,0.6320754716981132,0.39686489061665087,0.6320754716981132,0.39686489061665087,0.6320754716981132,0.0,0.0,0.0,0.0,0.39686489061665087,0.6320754716981132,0.6742468029784041,1.0
hc2,confirm,34,clean,order2,4,True,True,0.473178453340399,0.638961038961039,0.45429851505250274,0.6134663341645885,0.473178453340399,0.638961038961039,0.0,0.0,0.018879938287896247,0.02549470479645044,0.7188721755061537,0.9701492537313433,0.7409913193678814,1.0
hc2,confirm,36,clean,order2,5,False,False,0.1446012917810913,0.3788546255506608,0.1446012917810913,0.3788546255506608,0.1446012917810913,0.3788546255506608,0.0,0.0,0.0,0.0,0.1446012917810913,0.3788546255506608,0.3816801538872991,1.0
hc2,confirm,42,clean,order2,6,False,False,0.14559932415808416,0.6368715083798883,0.14559932415808416,0.6368715083798883,0.14559932415808416,0.6368715083798883,0.0,0.0,0.0,0.0,0.14559932415808416,0.6368715083798883,0.2286164826692725,1.0
hc2,confirm,33,clean,order2,7,False,False,0.48677452199215937,0.8660714285714286,0.48677452199215937,0.8660714285714286,0.48677452199215937,0.8660714285714286,0.0,0.0,0.0,0.0,0.48677452199215937,0.8660714285714286,0.570560515805715,1.0
hc2,confirm,41,clean,order2,8,True,True,0.44504570791686104,0.7,0.5492973711121087,0.8423236514522822,0.46166567211292636,0.7261410788381742,0.016619964196065318,0.026141078838174292,-0.08763169899918238,-0.11618257261410792,0.635977694934494,0.9719626168224299,0.6543232053652966,1.0
hc2,confirm,47,clean,order2,9,False,False,0.27621206412578,0.40064102564102566,0.27621206412578,0.40064102564102566,0.27621206412578,0.40064102564102566,0.0,0.0,0.0,0.0,0.27621206412578,0.40064102564102566,0.7015707954450249,1.0
hc2,confirm,37,clean,order2,10,False,False,0.007229493266245748,0.3194888178913738,0.007229493266245748,0.3194888178913738,0.007229493266245748,0.3194888178913738,0.0,0.0,0.0,0.0,0.007229493266245748,0.3194888178913738,0.02262831392334919,1.0
hc2,confirm,39,clean,order2,11,False,False,0.006875115874780462,0.8840579710144928,0.006875115874780462,0.8840579710144928,0.006875115874780462,0.8840579710144928,0.0,0.0,0.0,0.0,0.006875115874780462,0.8840579710144928,0.007776770415735277,1.0
hc2,confirm,44,clean,order2,12,True,True,0.2106379332928327,0.88,0.22719617596271552,0.9411764705882353,0.2106379332928327,0.88,0.0,0.0,-0.016558242669882817,-0.06117647058823528,0.22499038784657263,0.970873786407767,0.23174009948196983,1.0
hc2,confirm,32,clean,order2,13,False,False,0.13489195904192997,0.3372093023255814,0.13489195904192997,0.3372093023255814,0.13489195904192997,0.3372093023255814,0.0,0.0,0.0,0.0,0.13489195904192997,0.3372093023255814,0.33838130681776174,1.0
hc2,confirm,45,clean,order2,14,False,False,0.00046073065612108055,0.43312101910828027,0.00046073065612108055,0.43312101910828027,0.00046073065612108055,0.43312101910828027,0.0,0.0,0.0,0.0,0.00046073065612108055,0.43312101910828027,0.0010637457795736713,1.0
hc2,confirm,35,clean,order2,15,False,False,0.44099669399695846,0.6473988439306358,0.44099669399695846,0.6473988439306358,0.44099669399695846,0.6473988439306358,0.0,0.0,0.0,0.0,0.44099669399695846,0.6473988439306358,0.6811823934060162,1.0
hc2,confirm,33,frame_drop_5,order1,0,True,True,0.4435841027076999,0.7911764705882353,0.5132494521225921,0.9,0.4775178705087096,0.8470588235294118,0.03393376780100971,0.055882352941176494,-0.03573158161388251,-0.05294117647058827,0.558939467242944,0.9655172413793104,0.5789015910730492,1.0
hc2,confirm,45,frame_drop_5,order1,1,False,False,0.0,0.34782608695652173,0.0,0.34782608695652173,0.0,0.34782608695652173,0.0,0.0,0.0,0.0,0.0,0.34782608695652173,0.0,1.0
hc2,confirm,46,frame_drop_5,order1,2,False,False,0.4986833006259963,0.7908163265306123,0.4986833006259963,0.7908163265306123,0.4986833006259963,0.7908163265306123,0.0,0.0,0.0,0.0,0.4986833006259963,0.7908163265306123,0.6305930769206146,1.0
hc2,confirm,43,frame_drop_5,order1,3,False,False,0.2559525693061658,0.6071428571428571,0.2559525693061658,0.6071428571428571,0.2559525693061658,0.6071428571428571,0.0,0.0,0.0,0.0,0.2559525693061658,0.6071428571428571,0.39662529710422795,1.0
hc2,confirm,47,frame_drop_5,order1,4,True,True,0.18983475691469553,0.31054131054131057,0.0,0.0,0.285974247541022,0.4678111587982833,0.09613949062632648,0.1572698482569727,0.285974247541022,0.4678111587982833,0.6344033494329718,0.9798657718120806,0.6474390346952932,1.0
hc2,confirm,37,frame_drop_5,order1,5,False,False,0.0077395817118480256,0.3194888178913738,0.0077395817118480256,0.3194888178913738,0.0077395817118480256,0.3194888178913738,0.0,0.0,0.0,0.0,0.0077395817118480256,0.3194888178913738,0.02422489075808432,1.0
hc2,confirm,41,frame_drop_5,order1,6,False,False,0.4737967278618264,0.7,0.4737967278618264,0.7,0.4737967278618264,0.7,0.0,0.0,0.0,0.0,0.4737967278618264,0.7,0.6926588690355394,1.0
hc2,confirm,35,frame_drop_5,order1,7,False,False,0.42779294279978747,0.7133757961783439,0.42779294279978747,0.7133757961783439,0.42779294279978747,0.7133757961783439,0.0,0.0,0.0,0.0,0.42779294279978747,0.7133757961783439,0.5996740358889878,1.0
hc2,confirm,42,frame_drop_5,order1,8,True,True,0.1432681122391351,0.6368715083798883,0.11817968705440177,0.5253456221198156,0.1602812005675324,0.7125,0.01701308832839729,0.07562849162011176,0.04210151351313063,0.1871543778801844,0.20849587065695271,0.926829268292683,0.22495607097197529,1.0
hc2,confirm,44,frame_drop_5,order1,9,False,False,0.19416330508987228,0.83,0.19416330508987228,0.83,0.19416330508987228,0.83,0.0,0.0,0.0,0.0,0.19416330508987228,0.83,0.2090970896765586,1.0
hc2,confirm,36,frame_drop_5,order1,10,False,False,0.19024818583313086,0.35390946502057613,0.19024818583313086,0.35390946502057613,0.19024818583313086,0.35390946502057613,0.0,0.0,0.0,0.0,0.19024818583313086,0.35390946502057613,0.5375617343889627,1.0
hc2,confirm,38,frame_drop_5,order1,11,False,False,0.3863031049036364,0.5346938775510204,0.3863031049036364,0.5346938775510204,0.3863031049036364,0.5346938775510204,0.0,0.0,0.0,0.0,0.3863031049036364,0.5346938775510204,0.7224752725297017,1.0
hc2,confirm,34,frame_drop_5,order1,12,True,True,0.4742684987414024,0.638961038961039,0.5050426581862404,0.6805194805194805,0.4742684987414024,0.638961038961039,0.0,0.0,-0.030774159444837967,-0.04155844155844157,0.7203111929921939,0.9701492537313433,0.7424746143150306,1.0
hc2,confirm,40,frame_drop_5,order1,13,False,False,0.322027026699203,0.5329341317365269,0.322027026699203,0.5329341317365269,0.322027026699203,0.5329341317365269,0.0,0.0,0.0,0.0,0.322027026699203,0.5329341317365269,0.6518628116229672,1.0
hc2,confirm,39,frame_drop_5,order1,14,False,False,0.006406467013821251,0.8097345132743363,0.006406467013821251,0.8097345132743363,0.006406467013821251,0.8097345132743363,0.0,0.0,0.0,0.0,0.006406467013821251,0.8097345132743363,0.0079118117219869,1.0
hc2,confirm,32,frame_drop_5,order1,15,False,False,0.11203600536424405,0.224,0.11203600536424405,0.224,0.11203600536424405,0.224,0.0,0.0,0.0,0.0,0.11203600536424405,0.224,0.41546808767379245,1.0
hc2,confirm,43,frame_drop_5,order2,0,True,True,0.26387439453416217,0.6071428571428571,0.277762520562276,0.6390977443609023,0.31308414075060653,0.7518796992481203,0.04920974621644436,0.14473684210526316,0.035321620188330516,0.11278195488721798,0.3783062035257602,0.9256198347107438,0.4087058091662231,1.0
hc2,confirm,46,frame_drop_5,order2,1,False,False,0.4906887733282289,0.7908163265306123,0.4906887733282289,0.7908163265306123,0.4906887733282289,0.7908163265306123,0.0,0.0,0.0,0.0,0.4906887733282289,0.7908163265306123,0.6204838682085991,1.0
hc2,confirm,38,frame_drop_5,order2,2,False,False,0.3782162263424916,0.5346938775510204,0.3782162263424916,0.5346938775510204,0.3782162263424916,0.5346938775510204,0.0,0.0,0.0,0.0,0.3782162263424916,0.5346938775510204,0.7073509576634385,1.0
hc2,confirm,40,frame_drop_5,order2,3,False,False,0.322943097796301,0.5329341317365269,0.322943097796301,0.5329341317365269,0.322943097796301,0.5329341317365269,0.0,0.0,0.0,0.0,0.322943097796301,0.5329341317365269,0.656125432977311,1.0
hc2,confirm,34,frame_drop_5,order2,4,True,True,0.47255091232646024,0.638961038961039,0.5032094031357772,0.6805194805194805,0.47255091232646024,0.638961038961039,0.0,0.0,-0.030658490809316985,-0.04155844155844157,0.7178306561277945,0.9701492537313433,0.739917753239419,1.0
hc2,confirm,36,frame_drop_5,order2,5,False,False,0.17906881886393286,0.35390946502057613,0.17906881886393286,0.35390946502057613,0.17906881886393286,0.35390946502057613,0.0,0.0,0.0,0.0,0.17906881886393286,0.35390946502057613,0.5059735230690197,1.0
hc2,confirm,42,frame_drop_5,order2,6,False,False,0.143386437549286,0.6368715083798883,0.143386437549286,0.6368715083798883,0.143386437549286,0.6368715083798883,0.0,0.0,0.0,0.0,0.143386437549286,0.6368715083798883,0.22514186246773857,1.0
hc2,confirm,33,frame_drop_5,order2,7,False,False,0.4428436188706371,0.7911764705882353,0.4428436188706371,0.7911764705882353,0.4428436188706371,0.7911764705882353,0.0,0.0,0.0,0.0,0.4428436188706371,0.7911764705882353,0.5789830704192535,1.0
hc2,confirm,41,frame_drop_5,order2,8,True,True,0.445656171440423,0.7,0.5499961587916906,0.8423236514522822,0.46229893302948444,0.7261410788381742,0.016642761589061417,0.026141078838174292,-0.08769722576220618,-0.11618257261410792,0.6367801209066948,0.9719626168224299,0.6551487782405417,1.0
hc2,confirm,47,frame_drop_5,order2,9,False,False,0.18999231047090775,0.31054131054131057,0.18999231047090775,0.31054131054131057,0.18999231047090775,0.31054131054131057,0.0,0.0,0.0,0.0,0.18999231047090775,0.31054131054131057,0.6510079180898332,1.0
hc2,confirm,37,frame_drop_5,order2,10,False,False,0.007304792368948336,0.3194888178913738,0.007304792368948336,0.3194888178913738,0.007304792368948336,0.3194888178913738,0.0,0.0,0.0,0.0,0.007304792368948336,0.3194888178913738,0.02286400011480829,1.0
hc2,confirm,39,frame_drop_5,order2,11,False,False,0.006988220276579069,0.8097345132743363,0.006988220276579069,0.8097345132743363,0.006988220276579069,0.8097345132743363,0.0,0.0,0.0,0.0,0.006988220276579069,0.8097345132743363,0.008630261106594917,1.0
hc2,confirm,44,frame_drop_5,order2,12,True,True,0.2011713637346972,0.83,0.2011713637346972,0.83,0.2011713637346972,0.83,0.0,0.0,0.0,0.0,0.22563815627891912,0.970873786407767,0.23240730096728668,1.0
hc2,confirm,32,frame_drop_5,order2,13,False,False,0.11412100592607907,0.224,0.11412100592607907,0.224,0.11412100592607907,0.224,0.0,0.0,0.0,0.0,0.11412100592607907,0.224,0.4167427497901779,1.0
hc2,confirm,45,frame_drop_5,order2,14,False,False,7.356467988790463e-05,0.34782608695652173,7.356467988790463e-05,0.34782608695652173,7.356467988790463e-05,0.34782608695652173,0.0,0.0,0.0,0.0,7.356467988790463e-05,0.34782608695652173,0.00021149845467772582,1.0
hc2,confirm,35,frame_drop_5,order2,15,False,False,0.4285235002123405,0.7133757961783439,0.4285235002123405,0.7133757961783439,0.4285235002123405,0.7133757961783439,0.0,0.0,0.0,0.0,0.4285235002123405,0.7133757961783439,0.6006981208333702,1.0
hc2,confirm,33,frame_freeze_5,order1,0,True,True,0.5417819273981097,0.9523809523809523,0.4910743634988857,0.8629032258064516,0.5417819273981097,0.9523809523809523,0.0,0.0,0.050707563899223984,0.0894777265745007,0.5511277637829455,0.9655172413793104,0.570810898203765,1.0
hc2,confirm,45,frame_freeze_5,order1,1,False,False,0.0,0.4133738601823708,0.0,0.4133738601823708,0.0,0.4133738601823708,0.0,0.0,0.0,0.0,0.0,0.4133738601823708,0.0,1.0
hc2,confirm,46,frame_freeze_5,order1,2,False,False,0.32751492857771036,0.5201342281879194,0.32751492857771036,0.5201342281879194,0.32751492857771036,0.5201342281879194,0.0,0.0,0.0,0.0,0.32751492857771036,0.5201342281879194,0.6296738626848883,1.0
hc2,confirm,43,frame_freeze_5,order1,3,False,False,0.2882722750473291,0.7142857142857143,0.2882722750473291,0.7142857142857143,0.2882722750473291,0.7142857142857143,0.0,0.0,0.0,0.0,0.2882722750473291,0.7142857142857143,0.3965644415705145,1.0
hc2,confirm,47,frame_freeze_5,order1,4,True,True,0.2842164192608989,0.41118421052631576,0.2434818148613472,0.35855263157894735,0.2842164192608989,0.41118421052631576,0.0,0.0,0.040734604399551705,0.05263157894736842,0.6836103313129888,0.9798657718120806,0.6976571189427078,1.0
hc2,confirm,37,frame_freeze_5,order1,5,False,False,0.00814535064156274,0.33557046979865773,0.00814535064156274,0.33557046979865773,0.00814535064156274,0.33557046979865773,0.0,0.0,0.0,0.0,0.00814535064156274,0.33557046979865773,0.024273144911856965,1.0
hc2,confirm,41,frame_freeze_5,order1,6,False,False,0.47236299550617733,0.7,0.47236299550617733,0.7,0.47236299550617733,0.7,0.0,0.0,0.0,0.0,0.47236299550617733,0.7,0.6909570241334696,1.0
hc2,confirm,35,frame_freeze_5,order1,7,False,False,0.43964674143736876,0.6473988439306358,0.43964674143736876,0.6473988439306358,0.43964674143736876,0.6473988439306358,0.0,0.0,0.0,0.0,0.43964674143736876,0.6473988439306358,0.6790971988273642,1.0
hc2,confirm,42,frame_freeze_5,order1,8,True,True,0.1453811335537599,0.6368715083798883,0.1453811335537599,0.6368715083798883,0.1626451431632689,0.7125,0.017264009609508996,0.07562849162011176,0.017264009609508996,0.07562849162011176,0.21157091793595953,0.926829268292683,0.22827388514143002,1.0
hc2,confirm,44,frame_freeze_5,order1,9,False,False,0.19728692123096503,0.88,0.19728692123096503,0.88,0.19728692123096503,0.88,0.0,0.0,0.0,0.0,0.19728692123096503,0.88,0.2123923432865811,1.0
hc2,confirm,36,frame_freeze_5,order1,10,False,False,0.16717227107428265,0.3788546255506608,0.16717227107428265,0.3788546255506608,0.16717227107428265,0.3788546255506608,0.0,0.0,0.0,0.0,0.16717227107428265,0.3788546255506608,0.4412570410914205,1.0
hc2,confirm,38,frame_freeze_5,order1,11,False,False,0.42152052516121075,0.5458333333333333,0.42152052516121075,0.5458333333333333,0.42152052516121075,0.5458333333333333,0.0,0.0,0.0,0.0,0.42152052516121075,0.5458333333333333,0.7722513438067983,1.0
hc2,confirm,34,frame_freeze_5,order1,12,True,True,0.47486191065532657,0.638961038961039,0.4651955104384242,0.6259541984732825,0.47486191065532657,0.638961038961039,0.0,0.0,0.009666400216902349,0.013006840487756466,0.7213895257845186,0.9701492537313433,0.7435861265778885,1.0
hc2,confirm,40,frame_freeze_5,order1,13,False,False,0.3956501102870612,0.6320754716981132,0.3956501102870612,0.6320754716981132,0.3956501102870612,0.6320754716981132,0.0,0.0,0.0,0.0,0.3956501102870612,0.6320754716981132,0.671193472391127,1.0
hc2,confirm,39,frame_freeze_5,order1,14,False,False,0.005550980005647191,0.8840579710144928,0.005550980005647191,0.8840579710144928,0.005550980005647191,0.8840579710144928,0.0,0.0,0.0,0.0,0.005550980005647191,0.8840579710144928,0.006278977383436987,1.0
hc2,confirm,32,frame_freeze_5,order1,15,False,False,0.12526346963237195,0.30933333333333335,0.12526346963237195,0.30933333333333335,0.12526346963237195,0.30933333333333335,0.0,0.0,0.0,0.0,0.12526346963237195,0.30933333333333335,0.3457393761153849,1.0
hc2,confirm,43,frame_freeze_5,order2,0,True,True,0.2980933829657836,0.7142857142857143,0.31378250838503535,0.7518796992481203,0.3585431772327239,0.875,0.060449794266940304,0.1607142857142857,0.044760668847688534,0.12312030075187974,0.37928534451065005,0.9256198347107438,0.40976363112311304,1.0
hc2,confirm,46,frame_freeze_5,order2,1,False,False,0.32273695568597427,0.5201342281879194,0.32273695568597427,0.5201342281879194,0.32273695568597427,0.5201342281879194,0.0,0.0,0.0,0.0,0.32273695568597427,0.5201342281879194,0.6204878244801312,1.0
hc2,confirm,38,frame_freeze_5,order2,2,False,False,0.41401021994502213,0.5458333333333333,0.41401021994502213,0.5458333333333333,0.41401021994502213,0.5458333333333333,0.0,0.0,0.0,0.0,0.41401021994502213,0.5458333333333333,0.7584920060061474,1.0
hc2,confirm,40,frame_freeze_5,order2,3,False,False,0.39647881956998066,0.6320754716981132,0.39647881956998066,0.6320754716981132,0.39647881956998066,0.6320754716981132,0.0,0.0,0.0,0.0,0.39647881956998066,0.6320754716981132,0.6728956977571761,1.0
hc2,confirm,34,frame_freeze_5,order2,4,True,True,0.4734836685211269,0.638961038961039,0.46384532412375024,0.6259541984732825,0.4734836685211269,0.638961038961039,0.0,0.0,0.009638344397376652,0.013006840487756466,0.7193969967082277,0.9701492537313433,0.7415322889146346,1.0
hc2,confirm,36,frame_freeze_5,order2,5,False,False,0.1567801105468721,0.3788546255506608,0.1567801105468721,0.3788546255506608,0.1567801105468721,0.3788546255506608,0.0,0.0,0.0,0.0,0.1567801105468721,0.3788546255506608,0.4138265708620926,1.0
hc2,confirm,42,frame_freeze_5,order2,6,False,False,0.14576985927559785,0.6368715083798883,0.14576985927559785,0.6368715083798883,0.14576985927559785,0.6368715083798883,0.0,0.0,0.0,0.0,0.14576985927559785,0.6368715083798883,0.22888425272221066,1.0
hc2,confirm,33,frame_freeze_5,order2,7,False,False,0.5401843155353738,0.9523809523809523,0.5401843155353738,0.9523809523809523,0.5401843155353738,0.9523809523809523,0.0,0.0,0.0,0.0,0.5401843155353738,0.9523809523809523,0.5693404088760655,1.0
hc2,confirm,41,frame_freeze_5,order2,8,True,True,0.44483357006052004,0.7,0.5490396899272731,0.8423236514522822,0.4614456120959752,0.7261410788381742,0.016612042035455132,0.026141078838174292,-0.08759407783129797,-0.11618257261410792,0.6356770576797274,0.9719626168224299,0.6540138958820272,1.0
hc2,confirm,47,frame_freeze_5,order2,9,False,False,0.2826502877762178,0.41118421052631576,0.2826502877762178,0.41118421052631576,0.2826502877762178,0.41118421052631576,0.0,0.0,0.0,0.0,0.2826502877762178,0.41118421052631576,0.6997366755296287,1.0
hc2,confirm,37,frame_freeze_5,order2,10,False,False,0.007603844368750052,0.33557046979865773,0.007603844368750052,0.33557046979865773,0.007603844368750052,0.33557046979865773,0.0,0.0,0.0,0.0,0.007603844368750052,0.33557046979865773,0.022659456218875156,1.0
hc2,confirm,39,frame_freeze_5,order2,11,False,False,0.008572904269308653,0.8840579710144928,0.008572904269308653,0.8840579710144928,0.008572904269308653,0.8840579710144928,0.0,0.0,0.0,0.0,0.008572904269308653,0.8840579710144928,0.009697219583316345,1.0
hc2,confirm,44,frame_freeze_5,order2,12,True,True,0.21474692975980683,0.88,0.23122259170189668,0.9411764705882353,0.21474692975980683,0.88,0.0,0.0,-0.016475661942089853,-0.06117647058823528,0.2289777121708103,0.970873786407767,0.2358470435359346,1.0
hc2,confirm,32,frame_freeze_5,order2,13,False,False,0.1320256266688347,0.30933333333333335,0.1320256266688347,0.30933333333333335,0.1320256266688347,0.30933333333333335,0.0,0.0,0.0,0.0,0.1320256266688347,0.30933333333333335,0.35775758120884404,1.0
hc2,confirm,45,frame_freeze_5,order2,14,False,False,0.0005557938713144816,0.4133738601823708,0.0005557938713144816,0.4133738601823708,0.0005557938713144816,0.4133738601823708,0.0,0.0,0.0,0.0,0.0005557938713144816,0.4133738601823708,0.0013445307622240031,1.0
hc2,confirm,35,frame_freeze_5,order2,15,False,False,0.44421346095290604,0.6473988439306358,0.44421346095290604,0.6473988439306358,0.44421346095290604,0.6473988439306358,0.0,0.0,0.0,0.0,0.44421346095290604,0.6473988439306358,0.6861511495076138,1.0
hc2,confirm,33,motion_blur_5,order1,0,True,True,0.44344673113062355,0.7911764705882353,0.5383680324566191,0.9294117647058824,0.44344673113062355,0.7911764705882353,0.0,0.0,-0.09492130132599558,-0.13823529411764712,0.564572527641366,0.9655172413793104,0.5847358321999861,1.0
hc2,confirm,45,motion_blur_5,order1,1,False,False,0.0,0.3617021276595745,0.0,0.3617021276595745,0.0,0.3617021276595745,0.0,0.0,0.0,0.0,0.0,0.3617021276595745,0.0,1.0
hc2,confirm,46,motion_blur_5,order1,2,False,False,0.49864620053966485,0.7908163265306123,0.49864620053966485,0.7908163265306123,0.49864620053966485,0.7908163265306123,0.0,0.0,0.0,0.0,0.49864620053966485,0.7908163265306123,0.6305461632630601,1.0
hc2,confirm,43,motion_blur_5,order1,3,False,False,0.2888678097475903,0.7142857142857143,0.2888678097475903,0.7142857142857143,0.2888678097475903,0.7142857142857143,0.0,0.0,0.0,0.0,0.2888678097475903,0.7142857142857143,0.39741546767167957,1.0
hc2,confirm,47,motion_blur_5,order1,4,True,True,0.2090601744817014,0.31054131054131057,0.0,0.0,0.314936142674151,0.4678111587982833,0.1058759681924496,0.1572698482569727,0.314936142674151,0.4678111587982833,0.6802728463277509,0.9798657718120806,0.694251055498869,1.0
hc2,confirm,37,motion_blur_5,order1,5,False,False,0.007508534056537692,0.3194888178913738,0.007508534056537692,0.3194888178913738,0.007508534056537692,0.3194888178913738,0.0,0.0,0.0,0.0,0.007508534056537692,0.3194888178913738,0.023501711596962974,1.0
hc2,confirm,41,motion_blur_5,order1,6,False,False,0.48637301152426743,0.7261410788381742,0.48637301152426743,0.7261410788381742,0.48637301152426743,0.7261410788381742,0.0,0.0,0.0,0.0,0.48637301152426743,0.7261410788381742,0.6865283782657231,1.0
hc2,confirm,35,motion_blur_5,order1,7,False,False,0.44688763986802615,0.6473988439306358,0.44688763986802615,0.6473988439306358,0.44688763986802615,0.6473988439306358,0.0,0.0,0.0,0.0,0.44688763986802615,0.6473988439306358,0.6902818008675762,1.0
hc2,confirm,42,motion_blur_5,order1,8,True,True,0.14339395478510333,0.6368715083798883,0.1182834926568364,0.5253456221198156,0.16042198691583437,0.7125,0.017028032130731036,0.07562849162011176,0.042138494258997974,0.1871543778801844,0.20867900737019104,0.926829268292683,0.22515366584678506,1.0
hc2,confirm,44,motion_blur_5,order1,9,False,False,0.19396192019256472,0.83,0.19396192019256472,0.83,0.19396192019256472,0.83,0.0,0.0,0.0,0.0,0.19396192019256472,0.83,0.2090186717483429,1.0
hc2,confirm,36,motion_blur_5,order1,10,False,False,0.16908818816297422,0.35390946502057613,0.16908818816297422,0.35390946502057613,0.16908818816297422,0.35390946502057613,0.0,0.0,0.0,0.0,0.16908818816297422,0.35390946502057613,0.47777243864654345,1.0
hc2,confirm,38,motion_blur_5,order1,11,False,False,0.43070516557605926,0.5670995670995671,0.43070516557605926,0.5670995670995671,0.43070516557605926,0.5670995670995671,0.0,0.0,0.0,0.0,0.43070516557605926,0.5670995670995671,0.7594877347180893,1.0
hc2,confirm,34,motion_blur_5,order1,12,True,True,0.47614711247430863,0.638961038961039,0.5070925973177497,0.6805194805194805,0.47614711247430863,0.638961038961039,0.0,0.0,-0.030945484843441062,-0.04155844155844157,0.7236417906766063,0.9701492537313433,0.7459076919281942,1.0
hc2,confirm,40,motion_blur_5,order1,13,False,False,0.35721410876668225,0.5778443113772455,0.35721410876668225,0.5778443113772455,0.35721410876668225,0.5778443113772455,0.0,0.0,0.0,0.0,0.35721410876668225,0.5778443113772455,0.6623288679073087,1.0
hc2,confirm,39,motion_blur_5,order1,14,False,False,0.005486034727558632,0.8097345132743363,0.005486034727558632,0.8097345132743363,0.005486034727558632,0.8097345132743363,0.0,0.0,0.0,0.0,0.005486034727558632,0.8097345132743363,0.006775102996875688,1.0
hc2,confirm,32,motion_blur_5,order1,15,False,False,0.12388905239201012,0.26666666666666666,0.12388905239201012,0.26666666666666666,0.12388905239201012,0.26666666666666666,0.0,0.0,0.0,0.0,0.12388905239201012,0.26666666666666666,0.38840406207533223,1.0
hc2,confirm,43,motion_blur_5,order2,0,True,True,0.2979797553426441,0.7142857142857143,0.3337373259837614,0.8,0.3584158068238728,0.875,0.060436051481228714,0.1607142857142857,0.024678480840111428,0.07499999999999996,0.37915060556574975,0.9256198347107438,0.40961806494156894,1.0
hc2,confirm,46,motion_blur_5,order2,1,False,False,0.4907817862428255,0.7908163265306123,0.4907817862428255,0.7908163265306123,0.4907817862428255,0.7908163265306123,0.0,0.0,0.0,0.0,0.4907817862428255,0.7908163265306123,0.6206014845393147,1.0
hc2,confirm,38,motion_blur_5,order2,2,False,False,0.4209297413902541,0.5670995670995671,0.4209297413902541,0.5670995670995671,0.4209297413902541,0.5670995670995671,0.0,0.0,0.0,0.0,0.4209297413902541,0.5670995670995671,0.7422501546652572,1.0
hc2,confirm,40,motion_blur_5,order2,3,False,False,0.3588354574703707,0.5778443113772455,0.3588354574703707,0.5778443113772455,0.3588354574703707,0.5778443113772455,0.0,0.0,0.0,0.0,0.3588354574703707,0.5778443113772455,0.6648344533542496,1.0
hc2,confirm,34,motion_blur_5,order2,4,True,True,0.47277000166710503,0.638961038961039,0.5034506992517647,0.6805194805194805,0.47277000166710503,0.638961038961039,0.0,0.0,-0.030680697584659633,-0.04155844155844157,0.7182258881242349,0.9701492537313433,0.7403251462203652,1.0
hc2,confirm,36,motion_blur_5,order2,5,False,False,0.16074125821024793,0.35390946502057613,0.16074125821024793,0.35390946502057613,0.16074125821024793,0.35390946502057613,0.0,0.0,0.0,0.0,0.16074125821024793,0.35390946502057613,0.45418750866384006,1.0
hc2,confirm,42,motion_blur_5,order2,6,False,False,0.14427026299878146,0.6368715083798883,0.14427026299878146,0.6368715083798883,0.14427026299878146,0.6368715083798883,0.0,0.0,0.0,0.0,0.14427026299878146,0.6368715083798883,0.22652962348054279,1.0
hc2,confirm,33,motion_blur_5,order2,7,False,False,0.4427864210248183,0.7911764705882353,0.4427864210248183,0.7911764705882353,0.4427864210248183,0.7911764705882353,0.0,0.0,0.0,0.0,0.4427864210248183,0.7911764705882353,0.5831936178985918,1.0
hc2,confirm,41,motion_blur_5,order2,8,True,True,0.4618509321743684,0.7261410788381742,0.5494911844891555,0.8423236514522822,0.4891587152573084,0.7634854771784232,0.027307783082940018,0.03734439834024894,-0.06033246923184704,-0.07883817427385897,0.6362001533245428,0.9719626168224299,0.6545520808242892,1.0
hc2,confirm,47,motion_blur_5,order2,9,False,False,0.20802552199317081,0.31054131054131057,0.20802552199317081,0.31054131054131057,0.20802552199317081,0.31054131054131057,0.0,0.0,0.0,0.0,0.20802552199317081,0.31054131054131057,0.6956155719591854,1.0
hc2,confirm,37,motion_blur_5,order2,10,False,False,0.007212309539425743,0.3194888178913738,0.007212309539425743,0.3194888178913738,0.007212309539425743,0.3194888178913738,0.0,0.0,0.0,0.0,0.007212309539425743,0.3194888178913738,0.022574528858402575,1.0
hc2,confirm,39,motion_blur_5,order2,11,False,False,0.0064521826201208035,0.8097345132743363,0.0064521826201208035,0.8097345132743363,0.0064521826201208035,0.8097345132743363,0.0,0.0,0.0,0.0,0.0064521826201208035,0.8097345132743363,0.007968269246706567,1.0
hc2,confirm,44,motion_blur_5,order2,12,True,True,0.1975888924632925,0.83,0.21117210619536478,0.88,0.1975888924632925,0.83,0.0,0.0,-0.013583213732072275,-0.050000000000000044,0.22649818366020164,0.970873786407767,0.2332931291700077,1.0
hc2,confirm,32,motion_blur_5,order2,13,False,False,0.11122231974302986,0.26666666666666666,0.11122231974302986,0.26666666666666666,0.11122231974302986,0.26666666666666666,0.0,0.0,0.0,0.0,0.11122231974302986,0.26666666666666666,0.3362503012651335,1.0
hc2,confirm,45,motion_blur_5,order2,14,False,False,6.644213863535917e-05,0.3617021276595745,6.644213863535917e-05,0.3617021276595745,6.644213863535917e-05,0.3617021276595745,0.0,0.0,0.0,0.0,6.644213863535917e-05,0.3617021276595745,0.0001836929715212871,1.0
hc2,confirm,35,motion_blur_5,order2,15,False,False,0.4536060805362419,0.6473988439306358,0.4536060805362419,0.6473988439306358,0.4536060805362419,0.6473988439306358,0.0,0.0,0.0,0.0,0.4536060805362419,0.6473988439306358,0.7006593922568737,1.0
hc2,confirm,33,occlusion_5,order1,0,True,True,0.48565228530589427,0.8660714285714286,0.47995124733290057,0.8469656992084432,0.48565228530589427,0.8660714285714286,0.0,0.0,0.0057010379729937055,0.01910572936298538,0.5488855919360673,0.9655172413793104,0.5684886487909269,1.0
hc2,confirm,45,occlusion_5,order1,1,False,False,0.0,0.422360248447205,0.0,0.422360248447205,0.0,0.422360248447205,0.0,0.0,0.0,0.0,0.0,0.422360248447205,0.0,1.0
hc2,confirm,46,occlusion_5,order1,2,False,False,0.4788465232280606,0.7598039215686274,0.4788465232280606,0.7598039215686274,0.4788465232280606,0.7598039215686274,0.0,0.0,0.0,0.0,0.4788465232280606,0.7598039215686274,0.6302238112162862,1.0
hc2,confirm,43,occlusion_5,order1,3,False,False,0.2894076599438449,0.7142857142857143,0.2894076599438449,0.7142857142857143,0.2894076599438449,0.7142857142857143,0.0,0.0,0.0,0.0,0.2894076599438449,0.7142857142857143,0.3981738741292008,1.0
hc2,confirm,47,occlusion_5,order1,4,True,True,0.22122323936841878,0.3253731343283582,0.23753136278339837,0.34935897435897434,0.2922530824978596,0.4222972972972973,0.0710298431294408,0.09692416296893913,0.054721719714461214,0.07293832293832297,0.6845788755474644,0.9798657718120806,0.6986455647710424,1.0
hc2,confirm,37,occlusion_5,order1,5,False,False,0.008240233887413887,0.26595744680851063,0.008240233887413887,0.26595744680851063,0.008240233887413887,0.26595744680851063,0.0,0.0,0.0,0.0,0.008240233887413887,0.26595744680851063,0.030983279416676213,1.0
hc2,confirm,41,occlusion_5,order1,6,False,False,0.4666495966848323,0.7,0.4666495966848323,0.7,0.4666495966848323,0.7,0.0,0.0,0.0,0.0,0.4666495966848323,0.7,0.6836249592785694,1.0
hc2,confirm,35,occlusion_5,order1,7,False,False,0.43631624751423986,0.6473988439306358,0.43631624751423986,0.6473988439306358,0.43631624751423986,0.6473988439306358,0.0,0.0,0.0,0.0,0.43631624751423986,0.6473988439306358,0.6739527751782456,1.0
hc2,confirm,42,occlusion_5,order1,8,True,True,0.15178235554350974,0.6705882352941176,0.14415084046031654,0.6368715083798883,0.16126875276497912,0.7125,0.009486397221469378,0.041911764705882426,0.017117912304662586,0.07562849162011176,0.20978049140159885,0.926829268292683,0.22634210914383035,1.0
hc2,confirm,44,occlusion_5,order1,9,False,False,0.1973090864390106,0.83,0.1973090864390106,0.83,0.1973090864390106,0.83,0.0,0.0,0.0,0.0,0.1973090864390106,0.83,0.2129451073543287,1.0
hc2,confirm,36,occlusion_5,order1,10,False,False,0.18159133445713152,0.3788546255506608,0.18159133445713152,0.3788546255506608,0.18159133445713152,0.3788546255506608,0.0,0.0,0.0,0.0,0.18159133445713152,0.3788546255506608,0.47931666188103317,1.0
hc2,confirm,38,occlusion_5,order1,11,False,False,0.42503850350125655,0.5458333333333333,0.42503850350125655,0.5458333333333333,0.42503850350125655,0.5458333333333333,0.0,0.0,0.0,0.0,0.42503850350125655,0.5458333333333333,0.7786964949641342,1.0
hc2,confirm,34,occlusion_5,order1,12,True,True,0.47657005671842695,0.638961038961039,0.5075722567855169,0.6805194805194805,0.47657005671842695,0.638961038961039,0.0,0.0,-0.031002200067089924,-0.04155844155844157,0.7245060882132315,0.9701492537313433,0.7467985832351771,1.0
hc2,confirm,40,occlusion_5,order1,13,False,False,0.34098664939122825,0.5568862275449101,0.34098664939122825,0.5568862275449101,0.34098664939122825,0.5568862275449101,0.0,0.0,0.0,0.0,0.34098664939122825,0.5568862275449101,0.6631683024982274,1.0
hc2,confirm,39,occlusion_5,order1,14,False,False,0.02494970455602863,0.8840579710144928,0.02494970455602863,0.8840579710144928,0.02494970455602863,0.8840579710144928,0.0,0.0,0.0,0.0,0.02494970455602863,0.8840579710144928,0.028221796956819267,1.0
hc2,confirm,32,occlusion_5,order1,15,False,False,0.13416897333478753,0.3372093023255814,0.13416897333478753,0.3372093023255814,0.13416897333478753,0.3372093023255814,0.0,0.0,0.0,0.0,0.13416897333478753,0.3372093023255814,0.34050023874201607,1.0
hc2,confirm,43,occlusion_5,order2,0,True,True,0.29920428312931,0.7142857142857143,0.27945537590619035,0.6390977443609023,0.29920428312931,0.7142857142857143,0.0,0.0,0.01974890722311967,0.07518796992481203,0.38077069242864914,0.9256198347107438,0.4113683373559513,1.0
hc2,confirm,46,occlusion_5,order2,1,False,False,0.47175968545074476,0.7598039215686274,0.47175968545074476,0.7598039215686274,0.47175968545074476,0.7598039215686274,0.0,0.0,0.0,0.0,0.47175968545074476,0.7598039215686274,0.6208966182706577,1.0
hc2,confirm,38,occlusion_5,order2,2,False,False,0.4165192773985914,0.5458333333333333,0.4165192773985914,0.5458333333333333,0.4165192773985914,0.5458333333333333,0.0,0.0,0.0,0.0,0.4165192773985914,0.5458333333333333,0.763088752485969,1.0
hc2,confirm,40,occlusion_5,order2,3,False,False,0.34206371654789636,0.5568862275449101,0.34206371654789636,0.5568862275449101,0.34206371654789636,0.5568862275449101,0.0,0.0,0.0,0.0,0.34206371654789636,0.5568862275449101,0.6649188722857658,1.0
hc2,confirm,34,occlusion_5,order2,4,True,True,0.47307520583041224,0.638961038961039,0.5037761187146057,0.6805194805194805,0.47307520583041224,0.638961038961039,0.0,0.0,-0.030700912884193465,-0.04155844155844157,0.7187327245510775,0.9701492537313433,0.7408475776141876,1.0
hc2,confirm,36,occlusion_5,order2,5,False,False,0.1724257500500756,0.3788546255506608,0.1724257500500756,0.3788546255506608,0.1724257500500756,0.3788546255506608,0.0,0.0,0.0,0.0,0.1724257500500756,0.3788546255506608,0.45512378210892046,1.0
hc2,confirm,42,occlusion_5,order2,6,False,False,0.1528982831027136,0.6705882352941176,0.1528982831027136,0.6705882352941176,0.1528982831027136,0.6705882352941176,0.0,0.0,0.0,0.0,0.1528982831027136,0.6705882352941176,0.2280062116443975,1.0
hc2,confirm,33,occlusion_5,order2,7,False,False,0.48412443019757656,0.8660714285714286,0.48412443019757656,0.8660714285714286,0.48412443019757656,0.8660714285714286,0.0,0.0,0.0,0.0,0.48412443019757656,0.8660714285714286,0.5658062742299732,1.0
hc2,confirm,41,occlusion_5,order2,8,True,True,0.4453656071286881,0.7,0.5496660255728406,0.8423236514522822,0.4619975177683487,0.7261410788381742,0.016631910639660574,0.026141078838174292,-0.08766850780449192,-0.11618257261410792,0.6363953080887491,0.9719626168224299,0.6547528650528476,1.0
hc2,confirm,47,occlusion_5,order2,9,False,False,0.22215825924436078,0.3253731343283582,0.22215825924436078,0.3253731343283582,0.22215825924436078,0.3253731343283582,0.0,0.0,0.0,0.0,0.22215825924436078,0.3253731343283582,0.704080942140974,1.0
hc2,confirm,37,occlusion_5,order2,10,False,False,0.006101096195772071,0.26595744680851063,0.006101096195772071,0.26595744680851063,0.006101096195772071,0.26595744680851063,0.0,0.0,0.0,0.0,0.006101096195772071,0.26595744680851063,0.022940121696102985,1.0
hc2,confirm,39,occlusion_5,order2,11,False,False,0.023050547267433552,0.8840579710144928,0.023050547267433552,0.8840579710144928,0.023050547267433552,0.8840579710144928,0.0,0.0,0.0,0.0,0.023050547267433552,0.8840579710144928,0.026073569859883853,1.0
hc2,confirm,44,occlusion_5,order2,12,True,True,0.20204225728622086,0.83,0.21599042966086632,0.88,0.20204225728622086,0.83,0.0,0.0,-0.013948172374645462,-0.050000000000000044,0.2353379015136284,0.970873786407767,0.24239803855903724,1.0
hc2,confirm,32,occlusion_5,order2,13,False,False,0.14550859864591317,0.3372093023255814,0.14550859864591317,0.3372093023255814,0.14550859864591317,0.3372093023255814,0.0,0.0,0.0,0.0,0.14550859864591317,0.3372093023255814,0.36072481599701733,1.0
hc2,confirm,45,occlusion_5,order2,14,False,False,0.00019760721660261175,0.422360248447205,0.00019760721660261175,0.422360248447205,0.00019760721660261175,0.422360248447205,0.0,0.0,0.0,0.0,0.00019760721660261175,0.422360248447205,0.00046786414519147784,1.0
hc2,confirm,35,occlusion_5,order2,15,False,False,0.44338852962987524,0.6473988439306358,0.44338852962987524,0.6473988439306358,0.44338852962987524,0.6473988439306358,0.0,0.0,0.0,0.0,0.44338852962987524,0.6473988439306358,0.6848769252318608,1.0
hc2,confirm,33,exposure_5,order1,0,True,True,0.4876861363915478,0.8660714285714286,0.491976330111642,0.8629032258064516,0.4876861363915478,0.8660714285714286,0.0,0.0,-0.004290193720094204,0.0031682027649769795,0.5520853335829279,0.9655172413793104,0.5718026669251753,1.0
hc2,confirm,45,exposure_5,order1,1,False,False,0.0,0.422360248447205,0.0,0.422360248447205,0.0,0.422360248447205,0.0,0.0,0.0,0.0,0.0,0.422360248447205,0.0,1.0
hc2,confirm,46,exposure_5,order1,2,False,False,0.32761606237568136,0.5201342281879194,0.32761606237568136,0.5201342281879194,0.32761606237568136,0.5201342281879194,0.0,0.0,0.0,0.0,0.32761606237568136,0.5201342281879194,0.629868300567439,1.0
hc2,confirm,43,exposure_5,order1,3,False,False,0.30340887721222454,0.7518796992481203,0.30340887721222454,0.7518796992481203,0.30340887721222454,0.7518796992481203,0.0,0.0,0.0,0.0,0.30340887721222454,0.7518796992481203,0.3965631408602953,1.0
hc2,confirm,47,exposure_5,order1,4,True,True,0.2232556117879068,0.3253731343283582,0.23971355752868198,0.34935897435897434,0.43144442624637236,0.6188118811881188,0.20818881445846557,0.2934387468597606,0.19173086871769038,0.26945290682914447,0.6859138676725345,0.9798657718120806,0.7000079882411482,1.0
hc2,confirm,37,exposure_5,order1,5,False,False,0.007609030571129527,0.3194888178913738,0.007609030571129527,0.3194888178913738,0.007609030571129527,0.3194888178913738,0.0,0.0,0.0,0.0,0.007609030571129527,0.3194888178913738,0.023816265687635417,1.0
hc2,confirm,41,exposure_5,order1,6,False,False,0.472419212988772,0.7,0.472419212988772,0.7,0.472419212988772,0.7,0.0,0.0,0.0,0.0,0.472419212988772,0.7,0.6909324357863981,1.0
hc2,confirm,35,exposure_5,order1,7,False,False,0.43741813578776684,0.6473988439306358,0.43741813578776684,0.6473988439306358,0.43741813578776684,0.6473988439306358,0.0,0.0,0.0,0.0,0.43741813578776684,0.6473988439306358,0.6756547990293184,1.0
hc2,confirm,42,exposure_5,order1,8,True,True,0.1435648654306327,0.6368715083798883,0.1184244742492316,0.5253456221198156,0.16061319320052034,0.7125,0.017048327769887628,0.07562849162011176,0.04218871895128874,0.1871543778801844,0.2089277309925468,0.926829268292683,0.22542202554458995,1.0
hc2,confirm,44,exposure_5,order1,9,False,False,0.1703468119970737,0.8571428571428571,0.1703468119970737,0.8571428571428571,0.1703468119970737,0.8571428571428571,0.0,0.0,0.0,0.0,0.1703468119970737,0.8571428571428571,0.20569608193378186,1.0
hc2,confirm,36,exposure_5,order1,10,False,False,0.16305502138891587,0.3788546255506608,0.16305502138891587,0.3788546255506608,0.16305502138891587,0.3788546255506608,0.0,0.0,0.0,0.0,0.16305502138891587,0.3788546255506608,0.4303894169219058,1.0
hc2,confirm,38,exposure_5,order1,11,False,False,0.434956377818331,0.5683297180043384,0.434956377818331,0.5683297180043384,0.434956377818331,0.5683297180043384,0.0,0.0,0.0,0.0,0.434956377818331,0.5683297180043384,0.7653240082986664,1.0
hc2,confirm,34,exposure_5,order1,12,True,True,0.464940781663789,0.6259541984732825,0.45566515509693034,0.6134663341645885,0.47460188881524434,0.638961038961039,0.00966110715145535,0.013006840487756466,0.018936733718314003,0.02549470479645044,0.7209331044351173,0.9701492537313433,0.7431156614946594,1.0
hc2,confirm,40,exposure_5,order1,13,False,False,0.39594281493456884,0.6320754716981132,0.39594281493456884,0.6320754716981132,0.39594281493456884,0.6320754716981132,0.0,0.0,0.0,0.0,0.39594281493456884,0.6320754716981132,0.672003158604295,1.0
hc2,confirm,39,exposure_5,order1,14,False,False,0.007080844719466459,0.8840579710144928,0.007080844719466459,0.8840579710144928,0.007080844719466459,0.8840579710144928,0.0,0.0,0.0,0.0,0.007080844719466459,0.8840579710144928,0.00800948009251124,1.0
hc2,confirm,32,exposure_5,order1,15,False,False,0.14578890336302555,0.3372093023255814,0.14578890336302555,0.3372093023255814,0.14578890336302555,0.3372093023255814,0.0,0.0,0.0,0.0,0.14578890336302555,0.3372093023255814,0.3650090177026872,1.0
hc2,confirm,43,exposure_5,order2,0,True,True,0.3133999646150198,0.7518796992481203,0.36299344045777177,0.875,0.35814226428157164,0.875,0.044742299666551855,0.12312030075187974,-0.004851176176200123,0.0,0.3788612382482741,0.9256198347107438,0.40930544489322473,1.0
hc2,confirm,46,exposure_5,order2,1,False,False,0.32252629422301504,0.5201342281879194,0.32252629422301504,0.5201342281879194,0.32252629422301504,0.5201342281879194,0.0,0.0,0.0,0.0,0.32252629422301504,0.5201342281879194,0.6200828108287644,1.0
hc2,confirm,38,exposure_5,order2,2,False,False,0.42659731669437667,0.5683297180043384,0.42659731669437667,0.5683297180043384,0.42659731669437667,0.5683297180043384,0.0,0.0,0.0,0.0,0.42659731669437667,0.5683297180043384,0.7506158892981207,1.0
hc2,confirm,40,exposure_5,order2,3,False,False,0.3970875537498289,0.6320754716981132,0.3970875537498289,0.6320754716981132,0.3970875537498289,0.6320754716981132,0.0,0.0,0.0,0.0,0.3970875537498289,0.6320754716981132,0.6740183692847082,1.0
hc2,confirm,34,exposure_5,order2,4,True,True,0.46327316965934845,0.6259541984732825,0.4540308121599101,0.6134663341645885,0.4728996251327895,0.638961038961039,0.009626455473441042,0.013006840487756466,0.0188688129728794,0.02549470479645044,0.7184326737323581,0.9701492537313433,0.7405382944625845,1.0
hc2,confirm,36,exposure_5,order2,5,False,False,0.15042821000378273,0.3788546255506608,0.15042821000378273,0.3788546255506608,0.15042821000378273,0.3788546255506608,0.0,0.0,0.0,0.0,0.15042821000378273,0.3788546255506608,0.3970605078006823,1.0
hc2,confirm,42,exposure_5,order2,6,False,False,0.14395235984596302,0.6368715083798883,0.14395235984596302,0.6368715083798883,0.14395235984596302,0.6368715083798883,0.0,0.0,0.0,0.0,0.14395235984596302,0.6368715083798883,0.22603045975813493,1.0
hc2,confirm,33,exposure_5,order2,7,False,False,0.48652904845782513,0.8660714285714286,0.48652904845782513,0.8660714285714286,0.48652904845782513,0.8660714285714286,0.0,0.0,0.0,0.0,0.48652904845782513,0.8660714285714286,0.5698388053408481,1.0
hc2,confirm,41,exposure_5,order2,8,True,True,0.4449854326687188,0.7,0.6380682712978609,0.9666666666666667,0.4616031459219075,0.7261410788381742,0.01661771325318867,0.026141078838174292,-0.17646512537595344,-0.24052558782849243,0.6358316369718455,0.9719626168224299,0.6541729341921871,1.0
hc2,confirm,47,exposure_5,order2,9,False,False,0.22317929874533105,0.3253731343283582,0.22317929874533105,0.3253731343283582,0.22317929874533105,0.3253731343283582,0.0,0.0,0.0,0.0,0.22317929874533105,0.3253731343283582,0.707600085684021,1.0
hc2,confirm,37,exposure_5,order2,10,False,False,0.00720876546571898,0.3194888178913738,0.00720876546571898,0.3194888178913738,0.00720876546571898,0.3194888178913738,0.0,0.0,0.0,0.0,0.00720876546571898,0.3194888178913738,0.022563435907700408,1.0
hc2,confirm,39,exposure_5,order2,11,False,False,0.006523040672742146,0.8840579710144928,0.006523040672742146,0.8840579710144928,0.006523040672742146,0.8840579710144928,0.0,0.0,0.0,0.0,0.006523040672742146,0.8840579710144928,0.007378521416708328,1.0
hc2,confirm,44,exposure_5,order2,12,True,True,0.2161421499846895,0.8571428571428571,0.23733255684593357,0.9411764705882353,0.2161421499846895,0.8571428571428571,0.0,0.0,-0.02119040686124407,-0.08403361344537819,0.2350283572649051,0.970873786407767,0.24207920798285223,1.0
hc2,confirm,32,exposure_5,order2,13,False,False,0.14201853967756292,0.3372093023255814,0.14201853967756292,0.3372093023255814,0.14201853967756292,0.3372093023255814,0.0,0.0,0.0,0.0,0.14201853967756292,0.3372093023255814,0.35346018263710954,1.0
hc2,confirm,45,exposure_5,order2,14,False,False,7.708854406123678e-05,0.422360248447205,7.708854406123678e-05,0.422360248447205,7.708854406123678e-05,0.422360248447205,0.0,0.0,0.0,0.0,7.708854406123678e-05,0.422360248447205,0.00018251846461557532,1.0
hc2,confirm,35,exposure_5,order2,15,False,False,0.44304919058751696,0.6473988439306358,0.44304919058751696,0.6473988439306358,0.44304919058751696,0.6473988439306358,0.0,0.0,0.0,0.0,0.44304919058751696,0.6473988439306358,0.6843527676039324,1.0
