cell_key,dataset,split,source_id,condition,order,arrival,expert_scheduled,EDeploy_GT_supervised,EOracle_GT_supervised,N_v,N_t,A8_v,A8_t,R1_v,R1_t,EDeploy_v,EDeploy_t,EOracle_v,EOracle_t,EDeploy_direct_v,EDeploy_direct_t,EOracle_direct_v,EOracle_direct_t,EDeploy_map_v,EDeploy_map_t,EOracle_map_v,EOracle_map_t,EDeploy_minus_N_v,EDeploy_minus_N_t,EDeploy_minus_A8_v,EDeploy_minus_A8_t,EDeploy_minus_R1_v,EDeploy_minus_R1_t,EOracle_minus_N_v,EOracle_minus_N_t,EOracle_minus_A8_v,EOracle_minus_A8_t,EOracle_minus_R1_v,EOracle_minus_R1_t,EOracle_minus_EDeploy_v,EOracle_minus_EDeploy_t
vidstg/search/clean/order1/0,vidstg,search,8,clean,order1,0,True,False,True,0.08761806056923738,0.7858942065491183,0.10014742153093327,0.8286445012787724,0.1183665697544162,0.906801007556675,0.1183665697544162,0.906801007556675,0.1183665697544162,0.906801007556675,0.1391106164173831,0.9641025641025641,0.14053448889889927,0.982051282051282,0.1403200974407731,0.9717948717948718,0.14217497076893487,0.9871794871794872,0.030748509185178824,0.12090680100755669,0.01821914822348293,0.0781565062779026,0.0,0.0,0.030748509185178824,0.12090680100755669,0.01821914822348293,0.0781565062779026,0.0,0.0,0.0,0.0
vidstg/search/clean/order1/1,vidstg,search,15,clean,order1,1,False,False,False,0.0,0.0,0.0,0.0,0.0,0.0,0.0,0.0,0.0,0.0,0.0,0.0,0.0,0.0,0.0,0.0,0.0,0.0,0.0,0.0,0.0,0.0,0.0,0.0,0.0,0.0,0.0,0.0,0.0,0.0,0.0,0.0
vidstg/search/clean/order1/2,vidstg,search,19,clean,order1,2,False,False,False,0.6035882984630244,0.8607142857142858,0.6035882984630244,0.8607142857142858,0.6035882984630244,0.8607142857142858,0.6035882984630244,0.8607142857142858,0.6035882984630244,0.8607142857142858,0.6035882984630244,0.8607142857142858,0.6035882984630244,0.8607142857142858,0.6035882984630244,0.8607142857142858,0.6035882984630244,0.8607142857142858,0.0,0.0,0.0,0.0,0.0,0.0,0.0,0.0,0.0,0.0,0.0,0.0,0.0,0.0
vidstg/search/clean/order1/3,vidstg,search,27,clean,order1,3,False,False,False,0.0,0.0,0.0,0.0,0.0,0.0,0.0,0.0,0.0,0.0,0.0,0.0,0.0,0.0,0.0,0.0,0.0,0.0,0.0,0.0,0.0,0.0,0.0,0.0,0.0,0.0,0.0,0.0,0.0,0.0,0.0,0.0
vidstg/search/clean/order1/4,vidstg,search,7,clean,order1,4,True,False,True,0.0,0.0,0.0,0.0,0.0,0.0,0.0,0.0,0.008014250389447213,0.171875,0.0,0.0,0.014247556247906155,0.3055555555555556,0.0,0.0,0.01386248716012491,0.2972972972972973,0.0,0.0,0.0,0.0,0.0,0.0,0.008014250389447213,0.171875,0.008014250389447213,0.171875,0.008014250389447213,0.171875,0.008014250389447213,0.171875
vidstg/search/clean/order1/5,vidstg,search,1,clean,order1,5,False,False,False,0.0,0.0,0.0,0.0,0.0,0.0,0.0,0.0,0.0,0.0,0.0,0.0,0.0,0.0,0.0,0.0,0.0,0.0,0.0,0.0,0.0,0.0,0.0,0.0,0.0,0.0,0.0,0.0,0.0,0.0,0.0,0.0
vidstg/search/clean/order1/6,vidstg,search,25,clean,order1,6,False,False,False,0.08254140430608899,0.11174785100286533,0.08254140430608899,0.11174785100286533,0.08254140430608899,0.11174785100286533,0.08254140430608899,0.11174785100286533,0.08254140430608899,0.11174785100286533,0.08254140430608899,0.11174785100286533,0.08254140430608899,0.11174785100286533,0.08254140430608899,0.11174785100286533,0.08254140430608899,0.11174785100286533,0.0,0.0,0.0,0.0,0.0,0.0,0.0,0.0,0.0,0.0,0.0,0.0,0.0,0.0
vidstg/search/clean/order1/7,vidstg,search,3,clean,order1,7,False,False,False,0.21422250646741212,0.37888198757763975,0.21422250646741212,0.37888198757763975,0.21422250646741212,0.37888198757763975,0.21422250646741212,0.37888198757763975,0.21422250646741212,0.37888198757763975,0.21422250646741212,0.37888198757763975,0.21422250646741212,0.37888198757763975,0.21422250646741212,0.37888198757763975,0.21422250646741212,0.37888198757763975,0.0,0.0,0.0,0.0,0.0,0.0,0.0,0.0,0.0,0.0,0.0,0.0,0.0,0.0
vidstg/search/clean/order1/8,vidstg,search,4,clean,order1,8,True,False,True,0.13050860603403167,0.5048543689320388,0.041287975387184234,0.18543046357615894,0.17103070791028446,0.6447368421052632,0.13050860603403167,0.5048543689320388,0.17103070791028446,0.6447368421052632,0.0,0.0,0.263736442288094,0.9868421052631579,0.0,0.0,0.25543613026553624,0.9620253164556962,0.0,0.0,0.08922063064684743,0.3194239053558799,-0.0405221018762528,-0.13988247317322433,0.0405221018762528,0.13988247317322433,0.12974273252310023,0.4593063785291042,0.0,0.0,0.0405221018762528,0.13988247317322433
vidstg/search/clean/order1/9,vidstg,search,6,clean,order1,9,False,False,False,0.41067762142617636,0.5986842105263158,0.41067762142617636,0.5986842105263158,0.41067762142617636,0.5986842105263158,0.41067762142617636,0.5986842105263158,0.41067762142617636,0.5986842105263158,0.41067762142617636,0.5986842105263158,0.41067762142617636,0.5986842105263158,0.41067762142617636,0.5986842105263158,0.41067762142617636,0.5986842105263158,0.0,0.0,0.0,0.0,0.0,0.0,0.0,0.0,0.0,0.0,0.0,0.0,0.0,0.0
vidstg/search/clean/order1/10,vidstg,search,20,clean,order1,10,False,False,False,0.2721916707245217,0.4742268041237113,0.2721916707245217,0.4742268041237113,0.2721916707245217,0.4742268041237113,0.2721916707245217,0.4742268041237113,0.2721916707245217,0.4742268041237113,0.2721916707245217,0.4742268041237113,0.2721916707245217,0.4742268041237113,0.2721916707245217,0.4742268041237113,0.2721916707245217,0.4742268041237113,0.0,0.0,0.0,0.0,0.0,0.0,0.0,0.0,0.0,0.0,0.0,0.0,0.0,0.0
vidstg/search/clean/order1/11,vidstg,search,17,clean,order1,11,False,False,False,0.02142206467282315,0.3951612903225806,0.02142206467282315,0.3951612903225806,0.02142206467282315,0.3951612903225806,0.02142206467282315,0.3951612903225806,0.02142206467282315,0.3951612903225806,0.02142206467282315,0.3951612903225806,0.02142206467282315,0.3951612903225806,0.02142206467282315,0.3951612903225806,0.02142206467282315,0.3951612903225806,0.0,0.0,0.0,0.0,0.0,0.0,0.0,0.0,0.0,0.0,0.0,0.0,0.0,0.0
vidstg/search/clean/order1/12,vidstg,search,24,clean,order1,12,True,False,True,0.00225165002142903,0.7376093294460642,0.00225165002142903,0.8775510204081632,0.00225165002142903,0.8425655976676385,0.00225165002142903,0.8425655976676385,0.00225165002142903,0.8425655976676385,0.002238596977826543,0.9884057971014493,0.00225165002142903,0.9941690962099126,0.0022129397058743764,0.9828080229226361,0.00225165002142903,1.0,0.0,0.10495626822157433,0.0,-0.03498542274052474,0.0,0.0,0.0,0.10495626822157433,0.0,-0.03498542274052474,0.0,0.0,0.0,0.0
vidstg/search/clean/order1/13,vidstg,search,2,clean,order1,13,False,False,False,0.20159329211989888,0.919047619047619,0.20159329211989888,0.919047619047619,0.20159329211989888,0.919047619047619,0.20159329211989888,0.919047619047619,0.20159329211989888,0.919047619047619,0.20159329211989888,0.919047619047619,0.20159329211989888,0.919047619047619,0.20159329211989888,0.919047619047619,0.20159329211989888,0.919047619047619,0.0,0.0,0.0,0.0,0.0,0.0,0.0,0.0,0.0,0.0,0.0,0.0,0.0,0.0
vidstg/search/clean/order1/14,vidstg,search,0,clean,order1,14,False,False,False,0.028938873310852965,0.144136078782453,0.028938873310852965,0.144136078782453,0.028938873310852965,0.144136078782453,0.028938873310852965,0.144136078782453,0.028938873310852965,0.144136078782453,0.028938873310852965,0.144136078782453,0.028938873310852965,0.144136078782453,0.028938873310852965,0.144136078782453,0.028938873310852965,0.144136078782453,0.0,0.0,0.0,0.0,0.0,0.0,0.0,0.0,0.0,0.0,0.0,0.0,0.0,0.0
vidstg/search/clean/order1/15,vidstg,search,9,clean,order1,15,False,False,False,0.05403649432011465,0.32941176470588235,0.05403649432011465,0.32941176470588235,0.05403649432011465,0.32941176470588235,0.05403649432011465,0.32941176470588235,0.05403649432011465,0.32941176470588235,0.05403649432011465,0.32941176470588235,0.05403649432011465,0.32941176470588235,0.05403649432011465,0.32941176470588235,0.05403649432011465,0.32941176470588235,0.0,0.0,0.0,0.0,0.0,0.0,0.0,0.0,0.0,0.0,0.0,0.0,0.0,0.0
vidstg/search/clean/order1/16,vidstg,search,26,clean,order1,16,True,False,True,0.2191453104602114,0.6744904261890056,0.21649701587081147,0.6670784434836319,0.2191453104602114,0.6744904261890056,0.2168523958968546,0.6731352334748333,0.2158855437026418,0.6596664607782582,0.2603428344300891,0.8494228751311648,0.2945855292634294,0.9549104385423101,0.2585791779175351,0.8436685773840542,0.2944950462262676,0.9551045510455105,-0.0022929145633568127,-0.001355192714172282,0.00035538002604312835,0.006056789991201406,-0.0022929145633568127,-0.001355192714172282,-0.0032597667575696154,-0.014823965410747375,-0.0006114721681696744,-0.0074119827053736875,-0.0032597667575696154,-0.014823965410747375,-0.0009668521942128028,-0.013468772696575093
vidstg/search/clean/order1/17,vidstg,search,22,clean,order1,17,False,False,False,0.499323013753303,0.6785714285714286,0.499323013753303,0.6785714285714286,0.499323013753303,0.6785714285714286,0.499323013753303,0.6785714285714286,0.499323013753303,0.6785714285714286,0.499323013753303,0.6785714285714286,0.499323013753303,0.6785714285714286,0.499323013753303,0.6785714285714286,0.499323013753303,0.6785714285714286,0.0,0.0,0.0,0.0,0.0,0.0,0.0,0.0,0.0,0.0,0.0,0.0,0.0,0.0
vidstg/search/clean/order1/18,vidstg,search,5,clean,order1,18,False,False,False,0.404970811599019,0.6312056737588653,0.404970811599019,0.6312056737588653,0.404970811599019,0.6312056737588653,0.404970811599019,0.6312056737588653,0.404970811599019,0.6312056737588653,0.404970811599019,0.6312056737588653,0.404970811599019,0.6312056737588653,0.404970811599019,0.6312056737588653,0.404970811599019,0.6312056737588653,0.0,0.0,0.0,0.0,0.0,0.0,0.0,0.0,0.0,0.0,0.0,0.0,0.0,0.0
vidstg/search/clean/order1/19,vidstg,search,13,clean,order1,19,False,False,False,0.02556958532297251,0.0319634703196347,0.02556958532297251,0.0319634703196347,0.02556958532297251,0.0319634703196347,0.02556958532297251,0.0319634703196347,0.02556958532297251,0.0319634703196347,0.02556958532297251,0.0319634703196347,0.02556958532297251,0.0319634703196347,0.02556958532297251,0.0319634703196347,0.02556958532297251,0.0319634703196347,0.0,0.0,0.0,0.0,0.0,0.0,0.0,0.0,0.0,0.0,0.0,0.0,0.0,0.0
vidstg/search/clean/order1/20,vidstg,search,18,clean,order1,20,True,False,True,0.0,0.0,0.003708199998385631,0.2616279069767442,0.0,0.0,0.0,0.0,0.0,0.0,0.0,0.0,0.012305023788855212,0.8681672025723473,0.0,0.0,0.012265584610044778,0.8653846153846154,0.0,0.0,-0.003708199998385631,-0.2616279069767442,0.0,0.0,0.0,0.0,-0.003708199998385631,-0.2616279069767442,0.0,0.0,0.0,0.0
vidstg/search/clean/order1/21,vidstg,search,10,clean,order1,21,False,False,False,0.21060959335494117,0.8282208588957055,0.21060959335494117,0.8282208588957055,0.21060959335494117,0.8282208588957055,0.21060959335494117,0.8282208588957055,0.21060959335494117,0.8282208588957055,0.21060959335494117,0.8282208588957055,0.21060959335494117,0.8282208588957055,0.21060959335494117,0.8282208588957055,0.21060959335494117,0.8282208588957055,0.0,0.0,0.0,0.0,0.0,0.0,0.0,0.0,0.0,0.0,0.0,0.0,0.0,0.0
vidstg/search/clean/order1/22,vidstg,search,28,clean,order1,22,False,False,False,0.6508764244362434,0.9043478260869565,0.6508764244362434,0.9043478260869565,0.6508764244362434,0.9043478260869565,0.6508764244362434,0.9043478260869565,0.6508764244362434,0.9043478260869565,0.6508764244362434,0.9043478260869565,0.6508764244362434,0.9043478260869565,0.6508764244362434,0.9043478260869565,0.6508764244362434,0.9043478260869565,0.0,0.0,0.0,0.0,0.0,0.0,0.0,0.0,0.0,0.0,0.0,0.0,0.0,0.0
vidstg/search/clean/order1/23,vidstg,search,31,clean,order1,23,False,False,False,0.0,0.9624664879356568,0.0,0.9624664879356568,0.0,0.9624664879356568,0.0,0.9624664879356568,0.0,0.9624664879356568,0.0,0.9624664879356568,0.0,0.9624664879356568,0.0,0.9624664879356568,0.0,0.9624664879356568,0.0,0.0,0.0,0.0,0.0,0.0,0.0,0.0,0.0,0.0,0.0,0.0,0.0,0.0
vidstg/search/clean/order1/24,vidstg,search,23,clean,order1,24,True,False,True,0.0,0.0,0.0,0.0,0.0,0.0,0.0,0.0,0.0,0.0,0.010813196993636098,0.042826552462526764,0.15605479508916156,0.875,0.01077857629888593,0.042689434364994665,0.18940970634451587,0.925,0.0,0.0,0.0,0.0,0.0,0.0,0.0,0.0,0.0,0.0,0.0,0.0,0.0,0.0
vidstg/search/clean/order1/25,vidstg,search,21,clean,order1,25,False,False,False,0.3115296778517049,0.6597938144329897,0.3115296778517049,0.6597938144329897,0.3115296778517049,0.6597938144329897,0.3115296778517049,0.6597938144329897,0.3115296778517049,0.6597938144329897,0.3115296778517049,0.6597938144329897,0.3115296778517049,0.6597938144329897,0.3115296778517049,0.6597938144329897,0.3115296778517049,0.6597938144329897,0.0,0.0,0.0,0.0,0.0,0.0,0.0,0.0,0.0,0.0,0.0,0.0,0.0,0.0
vidstg/search/clean/order1/26,vidstg,search,11,clean,order1,26,False,False,False,0.6404550711888826,0.84375,0.6404550711888826,0.84375,0.6404550711888826,0.84375,0.6404550711888826,0.84375,0.6404550711888826,0.84375,0.6404550711888826,0.84375,0.6404550711888826,0.84375,0.6404550711888826,0.84375,0.6404550711888826,0.84375,0.0,0.0,0.0,0.0,0.0,0.0,0.0,0.0,0.0,0.0,0.0,0.0,0.0,0.0
vidstg/search/clean/order1/27,vidstg,search,12,clean,order1,27,False,False,False,0.12446456667116229,0.3542319749216301,0.12446456667116229,0.3542319749216301,0.12446456667116229,0.3542319749216301,0.12446456667116229,0.3542319749216301,0.12446456667116229,0.3542319749216301,0.12446456667116229,0.3542319749216301,0.12446456667116229,0.3542319749216301,0.12446456667116229,0.3542319749216301,0.12446456667116229,0.3542319749216301,0.0,0.0,0.0,0.0,0.0,0.0,0.0,0.0,0.0,0.0,0.0,0.0,0.0,0.0
vidstg/search/clean/order1/28,vidstg,search,29,clean,order1,28,True,False,True,0.0,0.0,0.0,0.0,0.0,0.0,0.0,0.0,0.0,0.0,0.0,0.2059748427672956,0.0,0.9562289562289562,0.0,0.20957613814756673,0.0,0.9437086092715232,0.0,0.0,0.0,0.0,0.0,0.0,0.0,0.0,0.0,0.0,0.0,0.0,0.0,0.0
vidstg/search/clean/order1/29,vidstg,search,16,clean,order1,29,False,False,False,0.00033708757809015254,0.10599078341013825,0.00033708757809015254,0.10599078341013825,0.00033708757809015254,0.10599078341013825,0.00033708757809015254,0.10599078341013825,0.00033708757809015254,0.10599078341013825,0.00033708757809015254,0.10599078341013825,0.00033708757809015254,0.10599078341013825,0.00033708757809015254,0.10599078341013825,0.00033708757809015254,0.10599078341013825,0.0,0.0,0.0,0.0,0.0,0.0,0.0,0.0,0.0,0.0,0.0,0.0,0.0,0.0
vidstg/search/clean/order1/30,vidstg,search,30,clean,order1,30,False,False,False,0.10261145584432114,0.30414746543778803,0.10261145584432114,0.30414746543778803,0.10261145584432114,0.30414746543778803,0.10261145584432114,0.30414746543778803,0.10261145584432114,0.30414746543778803,0.10261145584432114,0.30414746543778803,0.10261145584432114,0.30414746543778803,0.10261145584432114,0.30414746543778803,0.10261145584432114,0.30414746543778803,0.0,0.0,0.0,0.0,0.0,0.0,0.0,0.0,0.0,0.0,0.0,0.0,0.0,0.0
vidstg/search/clean/order1/31,vidstg,search,14,clean,order1,31,False,False,False,0.0,0.0,0.0,0.0,0.0,0.0,0.0,0.0,0.0,0.0,0.0,0.0,0.0,0.0,0.0,0.0,0.0,0.0,0.0,0.0,0.0,0.0,0.0,0.0,0.0,0.0,0.0,0.0,0.0,0.0,0.0,0.0
vidstg/search/clean/order2/0,vidstg,search,1,clean,order2,0,True,False,True,0.0,0.0,0.0,0.0,0.0,0.0,0.0,0.0,0.0,0.0,0.0,0.035381750465549346,0.0,0.8028169014084507,0.0,0.03518518518518519,0.0,0.7215189873417721,0.0,0.0,0.0,0.0,0.0,0.0,0.0,0.0,0.0,0.0,0.0,0.0,0.0,0.0
vidstg/search/clean/order2/1,vidstg,search,18,clean,order2,1,False,False,False,0.0,0.0,0.0,0.0,0.0,0.0,0.0,0.0,0.0,0.0,0.0,0.0,0.0,0.0,0.0,0.0,0.0,0.0,0.0,0.0,0.0,0.0,0.0,0.0,0.0,0.0,0.0,0.0,0.0,0.0,0.0,0.0
vidstg/search/clean/order2/2,vidstg,search,20,clean,order2,2,False,False,False,0.33366874376347466,0.4742268041237113,0.33366874376347466,0.4742268041237113,0.33366874376347466,0.4742268041237113,0.33366874376347466,0.4742268041237113,0.33366874376347466,0.4742268041237113,0.33366874376347466,0.4742268041237113,0.33366874376347466,0.4742268041237113,0.33366874376347466,0.4742268041237113,0.33366874376347466,0.4742268041237113,0.0,0.0,0.0,0.0,0.0,0.0,0.0,0.0,0.0,0.0,0.0,0.0,0.0,0.0
vidstg/search/clean/order2/3,vidstg,search,22,clean,order2,3,False,False,False,0.4798161511860265,0.6785714285714286,0.4798161511860265,0.6785714285714286,0.4798161511860265,0.6785714285714286,0.4798161511860265,0.6785714285714286,0.4798161511860265,0.6785714285714286,0.4798161511860265,0.6785714285714286,0.4798161511860265,0.6785714285714286,0.4798161511860265,0.6785714285714286,0.4798161511860265,0.6785714285714286,0.0,0.0,0.0,0.0,0.0,0.0,0.0,0.0,0.0,0.0,0.0,0.0,0.0,0.0
vidstg/search/clean/order2/4,vidstg,search,10,clean,order2,4,True,False,True,0.23392829316071984,0.8282208588957055,0.2256231466579724,0.7988165680473372,0.23392829316071984,0.8282208588957055,0.23392829316071984,0.8282208588957055,0.23392829316071984,0.8282208588957055,0.10160022632023709,0.3668639053254438,0.24760621194885207,0.9320987654320988,0.10043618599810789,0.36,0.24731760751702717,0.9386503067484663,0.0,0.0,0.00830514650274744,0.029404290848368264,0.0,0.0,0.0,0.0,0.00830514650274744,0.029404290848368264,0.0,0.0,0.0,0.0
vidstg/search/clean/order2/5,vidstg,search,17,clean,order2,5,False,False,False,0.02537272666323102,0.3951612903225806,0.02537272666323102,0.3951612903225806,0.02537272666323102,0.3951612903225806,0.02537272666323102,0.3951612903225806,0.02537272666323102,0.3951612903225806,0.02537272666323102,0.3951612903225806,0.02537272666323102,0.3951612903225806,0.02537272666323102,0.3951612903225806,0.02537272666323102,0.3951612903225806,0.0,0.0,0.0,0.0,0.0,0.0,0.0,0.0,0.0,0.0,0.0,0.0,0.0,0.0
vidstg/search/clean/order2/6,vidstg,search,16,clean,order2,6,False,False,False,0.0,0.10599078341013825,0.0,0.10599078341013825,0.0,0.10599078341013825,0.0,0.10599078341013825,0.0,0.10599078341013825,0.0,0.10599078341013825,0.0,0.10599078341013825,0.0,0.10599078341013825,0.0,0.10599078341013825,0.0,0.0,0.0,0.0,0.0,0.0,0.0,0.0,0.0,0.0,0.0,0.0,0.0,0.0
vidstg/search/clean/order2/7,vidstg,search,13,clean,order2,7,False,False,False,0.024797960231780224,0.0319634703196347,0.024797960231780224,0.0319634703196347,0.024797960231780224,0.0319634703196347,0.024797960231780224,0.0319634703196347,0.024797960231780224,0.0319634703196347,0.024797960231780224,0.0319634703196347,0.024797960231780224,0.0319634703196347,0.024797960231780224,0.0319634703196347,0.024797960231780224,0.0319634703196347,0.0,0.0,0.0,0.0,0.0,0.0,0.0,0.0,0.0,0.0,0.0,0.0,0.0,0.0
vidstg/search/clean/order2/8,vidstg,search,15,clean,order2,8,True,False,True,0.0,0.0,0.004752411989250036,0.009828009828009828,0.0,0.0,0.011424721291644712,0.02457002457002457,0.0489459112178884,0.10526315789473684,0.1182016984855796,0.25,0.24015583184371728,0.5079365079365079,0.11549478935995564,0.24427480916030533,0.23276642163314137,0.49230769230769234,0.011424721291644712,0.02457002457002457,0.0066723093023946765,0.01474201474201474,0.011424721291644712,0.02457002457002457,0.0489459112178884,0.10526315789473684,0.04419349922863837,0.09543514806672701,0.0489459112178884,0.10526315789473684,0.03752118992624369,0.08069313332471227
vidstg/search/clean/order2/9,vidstg,search,31,clean,order2,9,False,False,False,0.0,0.9624664879356568,0.0,0.9624664879356568,0.0,0.9624664879356568,0.0,0.9624664879356568,0.0,0.9624664879356568,0.0,0.9624664879356568,0.0,0.9624664879356568,0.0,0.9624664879356568,0.0,0.9624664879356568,0.0,0.0,0.0,0.0,0.0,0.0,0.0,0.0,0.0,0.0,0.0,0.0,0.0,0.0
vidstg/search/clean/order2/10,vidstg,search,23,clean,order2,10,False,False,False,0.0,0.0,0.0,0.0,0.0,0.0,0.0,0.0,0.0,0.0,0.0,0.0,0.0,0.0,0.0,0.0,0.0,0.0,0.0,0.0,0.0,0.0,0.0,0.0,0.0,0.0,0.0,0.0,0.0,0.0,0.0,0.0
vidstg/search/clean/order2/11,vidstg,search,28,clean,order2,11,False,False,False,0.6384556378804741,0.9043478260869565,0.6384556378804741,0.9043478260869565,0.6384556378804741,0.9043478260869565,0.6384556378804741,0.9043478260869565,0.6384556378804741,0.9043478260869565,0.6384556378804741,0.9043478260869565,0.6384556378804741,0.9043478260869565,0.6384556378804741,0.9043478260869565,0.6384556378804741,0.9043478260869565,0.0,0.0,0.0,0.0,0.0,0.0,0.0,0.0,0.0,0.0,0.0,0.0,0.0,0.0
vidstg/search/clean/order2/12,vidstg,search,30,clean,order2,12,True,False,True,0.1045728574734866,0.30414746543778803,0.1106941954719346,0.32195121951219513,0.1106941954719346,0.32195121951219513,0.1045728574734866,0.30414746543778803,0.1106941954719346,0.32195121951219513,0.13630377687331802,0.4074074074074074,0.32062244814450047,0.9629629629629629,0.13456175284821004,0.40414507772020725,0.30553433293770044,0.9176470588235294,0.0,0.0,-0.006121337998447995,-0.017803754074407097,-0.006121337998447995,-0.017803754074407097,0.006121337998447995,0.017803754074407097,0.0,0.0,0.0,0.0,0.006121337998447995,0.017803754074407097
vidstg/search/clean/order2/13,vidstg,search,21,clean,order2,13,False,False,False,0.32102222144192477,0.6597938144329897,0.32102222144192477,0.6597938144329897,0.32102222144192477,0.6597938144329897,0.32102222144192477,0.6597938144329897,0.32102222144192477,0.6597938144329897,0.32102222144192477,0.6597938144329897,0.32102222144192477,0.6597938144329897,0.32102222144192477,0.6597938144329897,0.32102222144192477,0.6597938144329897,0.0,0.0,0.0,0.0,0.0,0.0,0.0,0.0,0.0,0.0,0.0,0.0,0.0,0.0
vidstg/search/clean/order2/14,vidstg,search,4,clean,order2,14,False,False,False,0.22141029077106109,0.5048543689320388,0.22141029077106109,0.5048543689320388,0.22141029077106109,0.5048543689320388,0.22141029077106109,0.5048543689320388,0.22141029077106109,0.5048543689320388,0.22141029077106109,0.5048543689320388,0.22141029077106109,0.5048543689320388,0.22141029077106109,0.5048543689320388,0.22141029077106109,0.5048543689320388,0.0,0.0,0.0,0.0,0.0,0.0,0.0,0.0,0.0,0.0,0.0,0.0,0.0,0.0
vidstg/search/clean/order2/15,vidstg,search,26,clean,order2,15,False,False,False,0.2458568220435733,0.6744904261890056,0.2458568220435733,0.6744904261890056,0.2458568220435733,0.6744904261890056,0.2458568220435733,0.6744904261890056,0.2458568220435733,0.6744904261890056,0.2458568220435733,0.6744904261890056,0.2458568220435733,0.6744904261890056,0.2458568220435733,0.6744904261890056,0.2458568220435733,0.6744904261890056,0.0,0.0,0.0,0.0,0.0,0.0,0.0,0.0,0.0,0.0,0.0,0.0,0.0,0.0
vidstg/search/clean/order2/16,vidstg,search,11,clean,order2,16,True,False,True,0.6461317897736559,0.84375,0.544110980862026,0.7105263157894737,0.6461317897736559,0.84375,0.6461317897736559,0.84375,0.6461317897736559,0.84375,0.544110980862026,0.7105263157894737,0.544110980862026,0.7105263157894737,0.544110980862026,0.7105263157894737,0.544110980862026,0.7105263157894737,0.0,0.0,0.1020208089116299,0.13322368421052633,0.0,0.0,0.0,0.0,0.1020208089116299,0.13322368421052633,0.0,0.0,0.0,0.0
vidstg/search/clean/order2/17,vidstg,search,14,clean,order2,17,False,False,False,0.0,0.0,0.0,0.0,0.0,0.0,0.0,0.0,0.0,0.0,0.0,0.0,0.0,0.0,0.0,0.0,0.0,0.0,0.0,0.0,0.0,0.0,0.0,0.0,0.0,0.0,0.0,0.0,0.0,0.0,0.0,0.0
vidstg/search/clean/order2/18,vidstg,search,27,clean,order2,18,False,False,False,0.0,0.0,0.0,0.0,0.0,0.0,0.0,0.0,0.0,0.0,0.0,0.0,0.0,0.0,0.0,0.0,0.0,0.0,0.0,0.0,0.0,0.0,0.0,0.0,0.0,0.0,0.0,0.0,0.0,0.0,0.0,0.0
vidstg/search/clean/order2/19,vidstg,search,0,clean,order2,19,False,False,False,0.014056810864065033,0.144136078782453,0.014056810864065033,0.144136078782453,0.014056810864065033,0.144136078782453,0.014056810864065033,0.144136078782453,0.014056810864065033,0.144136078782453,0.014056810864065033,0.144136078782453,0.014056810864065033,0.144136078782453,0.014056810864065033,0.144136078782453,0.014056810864065033,0.144136078782453,0.0,0.0,0.0,0.0,0.0,0.0,0.0,0.0,0.0,0.0,0.0,0.0,0.0,0.0
vidstg/search/clean/order2/20,vidstg,search,19,clean,order2,20,True,False,True,0.6186579433562018,0.8607142857142858,0.569816526775449,0.7927631578947368,0.661161160838689,0.9198473282442748,0.6186579433562018,0.8607142857142858,0.661161160838689,0.9198473282442748,0.3892679194151383,0.5415730337078651,0.5797910065668646,0.8035714285714286,0.3892679194151383,0.5415730337078651,0.5822387082795482,0.8071428571428572,0.0,0.0,0.048841416580752806,0.06795112781954893,-0.0425032174824872,-0.05913304252998908,0.0425032174824872,0.05913304252998908,0.09134463406324,0.127084170349538,0.0,0.0,0.0425032174824872,0.05913304252998908
vidstg/search/clean/order2/21,vidstg,search,12,clean,order2,21,False,False,False,0.07810388784650811,0.3542319749216301,0.07810388784650811,0.3542319749216301,0.07810388784650811,0.3542319749216301,0.07810388784650811,0.3542319749216301,0.07810388784650811,0.3542319749216301,0.07810388784650811,0.3542319749216301,0.07810388784650811,0.3542319749216301,0.07810388784650811,0.3542319749216301,0.07810388784650811,0.3542319749216301,0.0,0.0,0.0,0.0,0.0,0.0,0.0,0.0,0.0,0.0,0.0,0.0,0.0,0.0
vidstg/search/clean/order2/22,vidstg,search,8,clean,order2,22,False,False,False,0.09131824358154741,0.7858942065491183,0.09131824358154741,0.7858942065491183,0.09131824358154741,0.7858942065491183,0.09131824358154741,0.7858942065491183,0.09131824358154741,0.7858942065491183,0.09131824358154741,0.7858942065491183,0.09131824358154741,0.7858942065491183,0.09131824358154741,0.7858942065491183,0.09131824358154741,0.7858942065491183,0.0,0.0,0.0,0.0,0.0,0.0,0.0,0.0,0.0,0.0,0.0,0.0,0.0,0.0
vidstg/search/clean/order2/23,vidstg,search,24,clean,order2,23,False,False,False,0.013304601005808025,0.7376093294460642,0.013304601005808025,0.7376093294460642,0.013304601005808025,0.7376093294460642,0.013304601005808025,0.7376093294460642,0.013304601005808025,0.7376093294460642,0.013304601005808025,0.7376093294460642,0.013304601005808025,0.7376093294460642,0.013304601005808025,0.7376093294460642,0.013304601005808025,0.7376093294460642,0.0,0.0,0.0,0.0,0.0,0.0,0.0,0.0,0.0,0.0,0.0,0.0,0.0,0.0
vidstg/search/clean/order2/24,vidstg,search,3,clean,order2,24,True,False,True,0.2364944418398495,0.37888198757763975,0.2364944418398495,0.37888198757763975,0.3021873423509188,0.48412698412698413,0.22937111527840826,0.3674698795180723,0.3021873423509188,0.48412698412698413,0.2711501675241319,0.4915254237288136,0.46892906128100137,0.8645833333333334,0.27245860018598056,0.5027624309392266,0.4792043366863801,0.8958333333333334,-0.00712332656144124,-0.011412108059567438,-0.00712332656144124,-0.011412108059567438,-0.07281622707251056,-0.11665710460891182,0.06569290051106932,0.10524499654934438,0.06569290051106932,0.10524499654934438,0.0,0.0,0.07281622707251056,0.11665710460891182
vidstg/search/clean/order2/25,vidstg,search,5,clean,order2,25,False,False,False,0.4132158165378638,0.6312056737588653,0.4132158165378638,0.6312056737588653,0.4132158165378638,0.6312056737588653,0.4132158165378638,0.6312056737588653,0.4132158165378638,0.6312056737588653,0.4132158165378638,0.6312056737588653,0.4132158165378638,0.6312056737588653,0.4132158165378638,0.6312056737588653,0.4132158165378638,0.6312056737588653,0.0,0.0,0.0,0.0,0.0,0.0,0.0,0.0,0.0,0.0,0.0,0.0,0.0,0.0
vidstg/search/clean/order2/26,vidstg,search,2,clean,order2,26,False,False,False,0.39172955186689934,0.919047619047619,0.39172955186689934,0.919047619047619,0.39172955186689934,0.919047619047619,0.39172955186689934,0.919047619047619,0.39172955186689934,0.919047619047619,0.39172955186689934,0.919047619047619,0.39172955186689934,0.919047619047619,0.39172955186689934,0.919047619047619,0.39172955186689934,0.919047619047619,0.0,0.0,0.0,0.0,0.0,0.0,0.0,0.0,0.0,0.0,0.0,0.0,0.0,0.0
vidstg/search/clean/order2/27,vidstg,search,7,clean,order2,27,False,False,False,0.0,0.0,0.0,0.0,0.0,0.0,0.0,0.0,0.0,0.0,0.0,0.0,0.0,0.0,0.0,0.0,0.0,0.0,0.0,0.0,0.0,0.0,0.0,0.0,0.0,0.0,0.0,0.0,0.0,0.0,0.0,0.0
vidstg/search/clean/order2/28,vidstg,search,6,clean,order2,28,True,False,True,0.4487469209534772,0.5986842105263158,0.7665127553539378,0.9733333333333334,0.6387356476095247,0.8223684210526315,0.21025340645842516,0.2671232876712329,0.6387356476095247,0.8223684210526315,0.02516925921908905,0.029453015427769985,0.7251430881019441,0.9246575342465754,0.027503991653715077,0.032167832167832165,0.7700384442223949,0.9795918367346939,-0.23849351449505202,-0.33156092285508293,-0.5562593488955127,-0.7062100456621005,-0.42848224115109956,-0.5552451333813986,0.18998872665604755,0.2236842105263157,-0.1277771077444131,-0.15096491228070186,0.0,0.0,0.42848224115109956,0.5552451333813986
vidstg/search/clean/order2/29,vidstg,search,9,clean,order2,29,False,False,False,0.06847092869118895,0.32941176470588235,0.06847092869118895,0.32941176470588235,0.06847092869118895,0.32941176470588235,0.06847092869118895,0.32941176470588235,0.06847092869118895,0.32941176470588235,0.06847092869118895,0.32941176470588235,0.06847092869118895,0.32941176470588235,0.06847092869118895,0.32941176470588235,0.06847092869118895,0.32941176470588235,0.0,0.0,0.0,0.0,0.0,0.0,0.0,0.0,0.0,0.0,0.0,0.0,0.0,0.0
vidstg/search/clean/order2/30,vidstg,search,25,clean,order2,30,False,False,False,0.08464559316537847,0.11174785100286533,0.08464559316537847,0.11174785100286533,0.08464559316537847,0.11174785100286533,0.08464559316537847,0.11174785100286533,0.08464559316537847,0.11174785100286533,0.08464559316537847,0.11174785100286533,0.08464559316537847,0.11174785100286533,0.08464559316537847,0.11174785100286533,0.08464559316537847,0.11174785100286533,0.0,0.0,0.0,0.0,0.0,0.0,0.0,0.0,0.0,0.0,0.0,0.0,0.0,0.0
vidstg/search/clean/order2/31,vidstg,search,29,clean,order2,31,False,False,False,0.0,0.0,0.0,0.0,0.0,0.0,0.0,0.0,0.0,0.0,0.0,0.0,0.0,0.0,0.0,0.0,0.0,0.0,0.0,0.0,0.0,0.0,0.0,0.0,0.0,0.0,0.0,0.0,0.0,0.0,0.0,0.0
vidstg/search/frame_drop_5/order1/0,vidstg,search,8,frame_drop_5,order1,0,True,False,True,0.09946066249002627,0.8161209068010076,0.10744998081102573,0.8463476070528967,0.10744998081102573,0.8463476070528967,0.10744998081102573,0.8463476070528967,0.10744998081102573,0.8463476070528967,0.12717814597889932,0.9384615384615385,0.133536787853661,0.9871794871794872,0.12717814597889932,0.941025641025641,0.13965612318736298,0.9974424552429667,0.007989318320999458,0.030226700251889116,0.0,0.0,0.0,0.0,0.007989318320999458,0.030226700251889116,0.0,0.0,0.0,0.0,0.0,0.0
vidstg/search/frame_drop_5/order1/1,vidstg,search,15,frame_drop_5,order1,1,False,False,False,0.0,0.0,0.0,0.0,0.0,0.0,0.0,0.0,0.0,0.0,0.0,0.0,0.0,0.0,0.0,0.0,0.0,0.0,0.0,0.0,0.0,0.0,0.0,0.0,0.0,0.0,0.0,0.0,0.0,0.0,0.0,0.0
vidstg/search/frame_drop_5/order1/2,vidstg,search,19,frame_drop_5,order1,2,False,False,False,0.1719149008184836,0.2648221343873518,0.1719149008184836,0.2648221343873518,0.1719149008184836,0.2648221343873518,0.1719149008184836,0.2648221343873518,0.1719149008184836,0.2648221343873518,0.1719149008184836,0.2648221343873518,0.1719149008184836,0.2648221343873518,0.1719149008184836,0.2648221343873518,0.1719149008184836,0.2648221343873518,0.0,0.0,0.0,0.0,0.0,0.0,0.0,0.0,0.0,0.0,0.0,0.0,0.0,0.0
vidstg/search/frame_drop_5/order1/3,vidstg,search,27,frame_drop_5,order1,3,False,False,False,0.14280168126473083,0.5619834710743802,0.14280168126473083,0.5619834710743802,0.14280168126473083,0.5619834710743802,0.14280168126473083,0.5619834710743802,0.14280168126473083,0.5619834710743802,0.14280168126473083,0.5619834710743802,0.14280168126473083,0.5619834710743802,0.14280168126473083,0.5619834710743802,0.14280168126473083,0.5619834710743802,0.0,0.0,0.0,0.0,0.0,0.0,0.0,0.0,0.0,0.0,0.0,0.0,0.0,0.0
vidstg/search/frame_drop_5/order1/4,vidstg,search,7,frame_drop_5,order1,4,True,False,True,0.0,0.0,0.0,0.0,0.0,0.0,0.0051041639259189146,0.11,0.007975256134248303,0.171875,0.0,0.0,0.01417823312755254,0.3055555555555556,0.0,0.0,0.013795037637618687,0.2972972972972973,0.0051041639259189146,0.11,0.0051041639259189146,0.11,0.0051041639259189146,0.11,0.007975256134248303,0.171875,0.007975256134248303,0.171875,0.007975256134248303,0.171875,0.002871092208329389,0.061875
vidstg/search/frame_drop_5/order1/5,vidstg,search,1,frame_drop_5,order1,5,False,False,False,0.0,0.0,0.0,0.0,0.0,0.0,0.0,0.0,0.0,0.0,0.0,0.0,0.0,0.0,0.0,0.0,0.0,0.0,0.0,0.0,0.0,0.0,0.0,0.0,0.0,0.0,0.0,0.0,0.0,0.0,0.0,0.0
vidstg/search/frame_drop_5/order1/6,vidstg,search,25,frame_drop_5,order1,6,False,False,False,0.31633966401165425,0.42857142857142855,0.31633966401165425,0.42857142857142855,0.31633966401165425,0.42857142857142855,0.31633966401165425,0.42857142857142855,0.31633966401165425,0.42857142857142855,0.31633966401165425,0.42857142857142855,0.31633966401165425,0.42857142857142855,0.31633966401165425,0.42857142857142855,0.31633966401165425,0.42857142857142855,0.0,0.0,0.0,0.0,0.0,0.0,0.0,0.0,0.0,0.0,0.0,0.0,0.0,0.0
vidstg/search/frame_drop_5/order1/7,vidstg,search,3,frame_drop_5,order1,7,False,False,False,0.0036910298800096994,0.00641025641025641,0.0036910298800096994,0.00641025641025641,0.0036910298800096994,0.00641025641025641,0.0036910298800096994,0.00641025641025641,0.0036910298800096994,0.00641025641025641,0.0036910298800096994,0.00641025641025641,0.0036910298800096994,0.00641025641025641,0.0036910298800096994,0.00641025641025641,0.0036910298800096994,0.00641025641025641,0.0,0.0,0.0,0.0,0.0,0.0,0.0,0.0,0.0,0.0,0.0,0.0,0.0,0.0
vidstg/search/frame_drop_5/order1/8,vidstg,search,4,frame_drop_5,order1,8,True,False,True,0.14801808521616683,0.5048543689320388,0.06720724245987138,0.2251655629139073,0.14801808521616683,0.5048543689320388,0.14801808521616683,0.5048543689320388,0.14801808521616683,0.5048543689320388,0.0,0.0,0.28369289465510455,0.9868421052631579,0.0,0.0,0.27448697618093343,0.9620253164556962,0.0,0.0,0.08081084275629545,0.2796888060181315,0.0,0.0,0.0,0.0,0.08081084275629545,0.2796888060181315,0.0,0.0,0.0,0.0
vidstg/search/frame_drop_5/order1/9,vidstg,search,6,frame_drop_5,order1,9,False,False,False,0.4093790559151475,0.5986842105263158,0.4093790559151475,0.5986842105263158,0.4093790559151475,0.5986842105263158,0.4093790559151475,0.5986842105263158,0.4093790559151475,0.5986842105263158,0.4093790559151475,0.5986842105263158,0.4093790559151475,0.5986842105263158,0.4093790559151475,0.5986842105263158,0.4093790559151475,0.5986842105263158,0.0,0.0,0.0,0.0,0.0,0.0,0.0,0.0,0.0,0.0,0.0,0.0,0.0,0.0
vidstg/search/frame_drop_5/order1/10,vidstg,search,20,frame_drop_5,order1,10,False,False,False,0.2735855263581966,0.4742268041237113,0.2735855263581966,0.4742268041237113,0.2735855263581966,0.4742268041237113,0.2735855263581966,0.4742268041237113,0.2735855263581966,0.4742268041237113,0.2735855263581966,0.4742268041237113,0.2735855263581966,0.4742268041237113,0.2735855263581966,0.4742268041237113,0.2735855263581966,0.4742268041237113,0.0,0.0,0.0,0.0,0.0,0.0,0.0,0.0,0.0,0.0,0.0,0.0,0.0,0.0
vidstg/search/frame_drop_5/order1/11,vidstg,search,17,frame_drop_5,order1,11,False,False,False,0.0405306296178974,0.25,0.0405306296178974,0.25,0.0405306296178974,0.25,0.0405306296178974,0.25,0.0405306296178974,0.25,0.0405306296178974,0.25,0.0405306296178974,0.25,0.0405306296178974,0.25,0.0405306296178974,0.25,0.0,0.0,0.0,0.0,0.0,0.0,0.0,0.0,0.0,0.0,0.0,0.0,0.0,0.0
vidstg/search/frame_drop_5/order1/12,vidstg,search,24,frame_drop_5,order1,12,True,False,True,0.0005428389179922216,0.3177842565597668,0.0005701999306633481,0.7376093294460642,0.0005701999306633482,0.8775510204081632,0.0005603686202473502,0.5102040816326531,0.0005701999306633482,0.8775510204081632,0.0005603970665258694,0.9312320916905444,0.0005701999306633482,0.9970845481049563,0.0005603970665258694,0.9312320916905444,0.0005701999306633482,1.0,1.7529702255128575e-05,0.1924198250728863,-9.831310415997887e-06,-0.2274052478134111,-9.831310415997995e-06,-0.36734693877551017,2.736101267112657e-05,0.5597667638483965,1.0842021724855044e-19,0.13994169096209907,0.0,0.0,9.831310415997995e-06,0.36734693877551017
vidstg/search/frame_drop_5/order1/13,vidstg,search,2,frame_drop_5,order1,13,False,False,False,0.12212823191269072,0.46190476190476193,0.12212823191269072,0.46190476190476193,0.12212823191269072,0.46190476190476193,0.12212823191269072,0.46190476190476193,0.12212823191269072,0.46190476190476193,0.12212823191269072,0.46190476190476193,0.12212823191269072,0.46190476190476193,0.12212823191269072,0.46190476190476193,0.12212823191269072,0.46190476190476193,0.0,0.0,0.0,0.0,0.0,0.0,0.0,0.0,0.0,0.0,0.0,0.0,0.0,0.0
vidstg/search/frame_drop_5/order1/14,vidstg,search,0,frame_drop_5,order1,14,False,False,False,0.02744792501185828,0.144136078782453,0.02744792501185828,0.144136078782453,0.02744792501185828,0.144136078782453,0.02744792501185828,0.144136078782453,0.02744792501185828,0.144136078782453,0.02744792501185828,0.144136078782453,0.02744792501185828,0.144136078782453,0.02744792501185828,0.144136078782453,0.02744792501185828,0.144136078782453,0.0,0.0,0.0,0.0,0.0,0.0,0.0,0.0,0.0,0.0,0.0,0.0,0.0,0.0
vidstg/search/frame_drop_5/order1/15,vidstg,search,9,frame_drop_5,order1,15,False,False,False,0.05568265132701923,0.390625,0.05568265132701923,0.390625,0.05568265132701923,0.390625,0.05568265132701923,0.390625,0.05568265132701923,0.390625,0.05568265132701923,0.390625,0.05568265132701923,0.390625,0.05568265132701923,0.390625,0.05568265132701923,0.390625,0.0,0.0,0.0,0.0,0.0,0.0,0.0,0.0,0.0,0.0,0.0,0.0,0.0,0.0
vidstg/search/frame_drop_5/order1/16,vidstg,search,26,frame_drop_5,order1,16,True,False,True,0.23703491670075946,0.6744904261890056,0.26038272310722926,0.8486720197652872,0.23703491670075946,0.6744904261890056,0.234367250779013,0.6731352334748333,0.234367250779013,0.6731352334748333,0.2844854344647193,0.8889545186060248,0.3009604198128292,0.9309948246118459,0.2838910095693784,0.8874484384207425,0.2987272660128482,0.9240867579908676,-0.0026676659217464704,-0.001355192714172282,-0.02601547232821627,-0.17553678629045388,-0.0026676659217464704,-0.001355192714172282,-0.0026676659217464704,-0.001355192714172282,-0.02601547232821627,-0.17553678629045388,-0.0026676659217464704,-0.001355192714172282,0.0,0.0
vidstg/search/frame_drop_5/order1/17,vidstg,search,22,frame_drop_5,order1,17,False,False,False,0.4826033549786981,0.6785714285714286,0.4826033549786981,0.6785714285714286,0.4826033549786981,0.6785714285714286,0.4826033549786981,0.6785714285714286,0.4826033549786981,0.6785714285714286,0.4826033549786981,0.6785714285714286,0.4826033549786981,0.6785714285714286,0.4826033549786981,0.6785714285714286,0.4826033549786981,0.6785714285714286,0.0,0.0,0.0,0.0,0.0,0.0,0.0,0.0,0.0,0.0,0.0,0.0,0.0,0.0
vidstg/search/frame_drop_5/order1/18,vidstg,search,5,frame_drop_5,order1,18,False,False,False,0.40872148545807263,0.6312056737588653,0.40872148545807263,0.6312056737588653,0.40872148545807263,0.6312056737588653,0.40872148545807263,0.6312056737588653,0.40872148545807263,0.6312056737588653,0.40872148545807263,0.6312056737588653,0.40872148545807263,0.6312056737588653,0.40872148545807263,0.6312056737588653,0.40872148545807263,0.6312056737588653,0.0,0.0,0.0,0.0,0.0,0.0,0.0,0.0,0.0,0.0,0.0,0.0,0.0,0.0
vidstg/search/frame_drop_5/order1/19,vidstg,search,13,frame_drop_5,order1,19,False,False,False,0.03285663994750834,0.05448717948717949,0.03285663994750834,0.05448717948717949,0.03285663994750834,0.05448717948717949,0.03285663994750834,0.05448717948717949,0.03285663994750834,0.05448717948717949,0.03285663994750834,0.05448717948717949,0.03285663994750834,0.05448717948717949,0.03285663994750834,0.05448717948717949,0.03285663994750834,0.05448717948717949,0.0,0.0,0.0,0.0,0.0,0.0,0.0,0.0,0.0,0.0,0.0,0.0,0.0,0.0
vidstg/search/frame_drop_5/order1/20,vidstg,search,18,frame_drop_5,order1,20,True,False,True,0.0,0.0,0.004384360846542441,0.2616279069767442,0.0,0.0,0.0,0.0,0.0,0.0,0.004752548459541393,0.22645290581162325,0.014518445319648252,0.7148148148148148,0.004768973127982932,0.2261904761904762,0.014952603516319182,0.737037037037037,0.0,0.0,-0.004384360846542441,-0.2616279069767442,0.0,0.0,0.0,0.0,-0.004384360846542441,-0.2616279069767442,0.0,0.0,0.0,0.0
vidstg/search/frame_drop_5/order1/21,vidstg,search,10,frame_drop_5,order1,21,False,False,False,0.21650889554464392,0.7914110429447853,0.21650889554464392,0.7914110429447853,0.21650889554464392,0.7914110429447853,0.21650889554464392,0.7914110429447853,0.21650889554464392,0.7914110429447853,0.21650889554464392,0.7914110429447853,0.21650889554464392,0.7914110429447853,0.21650889554464392,0.7914110429447853,0.21650889554464392,0.7914110429447853,0.0,0.0,0.0,0.0,0.0,0.0,0.0,0.0,0.0,0.0,0.0,0.0,0.0,0.0
vidstg/search/frame_drop_5/order1/22,vidstg,search,28,frame_drop_5,order1,22,False,False,False,0.5989217511583381,0.8521739130434782,0.5989217511583381,0.8521739130434782,0.5989217511583381,0.8521739130434782,0.5989217511583381,0.8521739130434782,0.5989217511583381,0.8521739130434782,0.5989217511583381,0.8521739130434782,0.5989217511583381,0.8521739130434782,0.5989217511583381,0.8521739130434782,0.5989217511583381,0.8521739130434782,0.0,0.0,0.0,0.0,0.0,0.0,0.0,0.0,0.0,0.0,0.0,0.0,0.0,0.0
vidstg/search/frame_drop_5/order1/23,vidstg,search,31,frame_drop_5,order1,23,False,False,False,0.0,0.8921832884097035,0.0,0.8921832884097035,0.0,0.8921832884097035,0.0,0.8921832884097035,0.0,0.8921832884097035,0.0,0.8921832884097035,0.0,0.8921832884097035,0.0,0.8921832884097035,0.0,0.8921832884097035,0.0,0.0,0.0,0.0,0.0,0.0,0.0,0.0,0.0,0.0,0.0,0.0,0.0,0.0
vidstg/search/frame_drop_5/order1/24,vidstg,search,23,frame_drop_5,order1,24,True,False,True,0.0,0.0,0.0,0.0,0.0,0.0,0.0,0.0,0.0,0.0,0.010732356341093284,0.042826552462526764,0.15696985800373894,0.875,0.010697994474472922,0.042689434364994665,0.18907673442181383,0.925,0.0,0.0,0.0,0.0,0.0,0.0,0.0,0.0,0.0,0.0,0.0,0.0,0.0,0.0
vidstg/search/frame_drop_5/order1/25,vidstg,search,21,frame_drop_5,order1,25,False,False,False,0.32122048829306177,0.810126582278481,0.32122048829306177,0.810126582278481,0.32122048829306177,0.810126582278481,0.32122048829306177,0.810126582278481,0.32122048829306177,0.810126582278481,0.32122048829306177,0.810126582278481,0.32122048829306177,0.810126582278481,0.32122048829306177,0.810126582278481,0.32122048829306177,0.810126582278481,0.0,0.0,0.0,0.0,0.0,0.0,0.0,0.0,0.0,0.0,0.0,0.0,0.0,0.0
vidstg/search/frame_drop_5/order1/26,vidstg,search,11,frame_drop_5,order1,26,False,False,False,0.6501743246686493,0.84375,0.6501743246686493,0.84375,0.6501743246686493,0.84375,0.6501743246686493,0.84375,0.6501743246686493,0.84375,0.6501743246686493,0.84375,0.6501743246686493,0.84375,0.6501743246686493,0.84375,0.6501743246686493,0.84375,0.0,0.0,0.0,0.0,0.0,0.0,0.0,0.0,0.0,0.0,0.0,0.0,0.0,0.0
vidstg/search/frame_drop_5/order1/27,vidstg,search,12,frame_drop_5,order1,27,False,False,False,0.3412405603387737,0.7593984962406015,0.3412405603387737,0.7593984962406015,0.3412405603387737,0.7593984962406015,0.3412405603387737,0.7593984962406015,0.3412405603387737,0.7593984962406015,0.3412405603387737,0.7593984962406015,0.3412405603387737,0.7593984962406015,0.3412405603387737,0.7593984962406015,0.3412405603387737,0.7593984962406015,0.0,0.0,0.0,0.0,0.0,0.0,0.0,0.0,0.0,0.0,0.0,0.0,0.0,0.0
vidstg/search/frame_drop_5/order1/28,vidstg,search,29,frame_drop_5,order1,28,True,False,True,0.0,0.0,0.0,0.0,0.0,0.0,0.0,0.0,0.0,0.0,0.0,0.22029897718332023,0.0,0.9466666666666667,0.0,0.2237048665620094,0.0,0.9253246753246753,0.0,0.0,0.0,0.0,0.0,0.0,0.0,0.0,0.0,0.0,0.0,0.0,0.0,0.0
vidstg/search/frame_drop_5/order1/29,vidstg,search,16,frame_drop_5,order1,29,False,False,False,9.805126598928804e-05,0.10043668122270742,9.805126598928804e-05,0.10043668122270742,9.805126598928804e-05,0.10043668122270742,9.805126598928804e-05,0.10043668122270742,9.805126598928804e-05,0.10043668122270742,9.805126598928804e-05,0.10043668122270742,9.805126598928804e-05,0.10043668122270742,9.805126598928804e-05,0.10043668122270742,9.805126598928804e-05,0.10043668122270742,0.0,0.0,0.0,0.0,0.0,0.0,0.0,0.0,0.0,0.0,0.0,0.0,0.0,0.0
vidstg/search/frame_drop_5/order1/30,vidstg,search,30,frame_drop_5,order1,30,False,False,False,0.12028359442236838,0.22748815165876776,0.12028359442236838,0.22748815165876776,0.12028359442236838,0.22748815165876776,0.12028359442236838,0.22748815165876776,0.12028359442236838,0.22748815165876776,0.12028359442236838,0.22748815165876776,0.12028359442236838,0.22748815165876776,0.12028359442236838,0.22748815165876776,0.12028359442236838,0.22748815165876776,0.0,0.0,0.0,0.0,0.0,0.0,0.0,0.0,0.0,0.0,0.0,0.0,0.0,0.0
vidstg/search/frame_drop_5/order1/31,vidstg,search,14,frame_drop_5,order1,31,False,False,False,0.0,0.0,0.0,0.0,0.0,0.0,0.0,0.0,0.0,0.0,0.0,0.0,0.0,0.0,0.0,0.0,0.0,0.0,0.0,0.0,0.0,0.0,0.0,0.0,0.0,0.0,0.0,0.0,0.0,0.0,0.0,0.0
vidstg/search/frame_drop_5/order2/0,vidstg,search,1,frame_drop_5,order2,0,True,False,True,0.0,0.0,0.0,0.0,0.0,0.0,0.0,0.0,0.0,0.0,0.0,0.0,0.0,0.8028169014084507,0.0,0.0,0.0,0.7215189873417721,0.0,0.0,0.0,0.0,0.0,0.0,0.0,0.0,0.0,0.0,0.0,0.0,0.0,0.0
vidstg/search/frame_drop_5/order2/1,vidstg,search,18,frame_drop_5,order2,1,False,False,False,0.0,0.0,0.0,0.0,0.0,0.0,0.0,0.0,0.0,0.0,0.0,0.0,0.0,0.0,0.0,0.0,0.0,0.0,0.0,0.0,0.0,0.0,0.0,0.0,0.0,0.0,0.0,0.0,0.0,0.0,0.0,0.0
vidstg/search/frame_drop_5/order2/2,vidstg,search,20,frame_drop_5,order2,2,False,False,False,0.3347822730599365,0.4742268041237113,0.3347822730599365,0.4742268041237113,0.3347822730599365,0.4742268041237113,0.3347822730599365,0.4742268041237113,0.3347822730599365,0.4742268041237113,0.3347822730599365,0.4742268041237113,0.3347822730599365,0.4742268041237113,0.3347822730599365,0.4742268041237113,0.3347822730599365,0.4742268041237113,0.0,0.0,0.0,0.0,0.0,0.0,0.0,0.0,0.0,0.0,0.0,0.0,0.0,0.0
vidstg/search/frame_drop_5/order2/3,vidstg,search,22,frame_drop_5,order2,3,False,False,False,0.47802111917033324,0.6785714285714286,0.47802111917033324,0.6785714285714286,0.47802111917033324,0.6785714285714286,0.47802111917033324,0.6785714285714286,0.47802111917033324,0.6785714285714286,0.47802111917033324,0.6785714285714286,0.47802111917033324,0.6785714285714286,0.47802111917033324,0.6785714285714286,0.47802111917033324,0.6785714285714286,0.0,0.0,0.0,0.0,0.0,0.0,0.0,0.0,0.0,0.0,0.0,0.0,0.0,0.0
vidstg/search/frame_drop_5/order2/4,vidstg,search,10,frame_drop_5,order2,4,True,False,True,0.23438000788830998,0.7914110429447853,0.226058824176299,0.7633136094674556,0.23438000788830998,0.7914110429447853,0.23438000788830998,0.7914110429447853,0.23438000788830998,0.7914110429447853,0.198117241851156,0.6024096385542169,0.2528642287694778,0.9202453987730062,0.20168891361755248,0.621301775147929,0.24575241673523787,0.9053254437869822,0.0,0.0,0.008321183712010988,0.028097433477329625,0.0,0.0,0.0,0.0,0.008321183712010988,0.028097433477329625,0.0,0.0,0.0,0.0
vidstg/search/frame_drop_5/order2/5,vidstg,search,17,frame_drop_5,order2,5,False,False,False,0.037372201126482416,0.25,0.037372201126482416,0.25,0.037372201126482416,0.25,0.037372201126482416,0.25,0.037372201126482416,0.25,0.037372201126482416,0.25,0.037372201126482416,0.25,0.037372201126482416,0.25,0.037372201126482416,0.25,0.0,0.0,0.0,0.0,0.0,0.0,0.0,0.0,0.0,0.0,0.0,0.0,0.0,0.0
vidstg/search/frame_drop_5/order2/6,vidstg,search,16,frame_drop_5,order2,6,False,False,False,6.947236557322626e-05,0.10043668122270742,6.947236557322626e-05,0.10043668122270742,6.947236557322626e-05,0.10043668122270742,6.947236557322626e-05,0.10043668122270742,6.947236557322626e-05,0.10043668122270742,6.947236557322626e-05,0.10043668122270742,6.947236557322626e-05,0.10043668122270742,6.947236557322626e-05,0.10043668122270742,6.947236557322626e-05,0.10043668122270742,0.0,0.0,0.0,0.0,0.0,0.0,0.0,0.0,0.0,0.0,0.0,0.0,0.0,0.0
vidstg/search/frame_drop_5/order2/7,vidstg,search,13,frame_drop_5,order2,7,False,False,False,0.032955147806518176,0.05448717948717949,0.032955147806518176,0.05448717948717949,0.032955147806518176,0.05448717948717949,0.032955147806518176,0.05448717948717949,0.032955147806518176,0.05448717948717949,0.032955147806518176,0.05448717948717949,0.032955147806518176,0.05448717948717949,0.032955147806518176,0.05448717948717949,0.032955147806518176,0.05448717948717949,0.0,0.0,0.0,0.0,0.0,0.0,0.0,0.0,0.0,0.0,0.0,0.0,0.0,0.0
vidstg/search/frame_drop_5/order2/8,vidstg,search,15,frame_drop_5,order2,8,True,False,True,0.0,0.0,0.004681927397274193,0.009828009828009828,0.0,0.0,0.011241486972606263,0.02457002457002457,0.04816089681948157,0.10526315789473684,0.11630283166139763,0.25,0.23629781670887137,0.5079365079365079,0.11363940803556409,0.24427480916030533,0.22902711465629072,0.49230769230769234,0.011241486972606263,0.02457002457002457,0.00655955957533207,0.01474201474201474,0.011241486972606263,0.02457002457002457,0.04816089681948157,0.10526315789473684,0.04347896942220737,0.09543514806672701,0.04816089681948157,0.10526315789473684,0.036919409846875306,0.08069313332471227
vidstg/search/frame_drop_5/order2/9,vidstg,search,31,frame_drop_5,order2,9,False,False,False,0.0,0.8921832884097035,0.0,0.8921832884097035,0.0,0.8921832884097035,0.0,0.8921832884097035,0.0,0.8921832884097035,0.0,0.8921832884097035,0.0,0.8921832884097035,0.0,0.8921832884097035,0.0,0.8921832884097035,0.0,0.0,0.0,0.0,0.0,0.0,0.0,0.0,0.0,0.0,0.0,0.0,0.0,0.0
vidstg/search/frame_drop_5/order2/10,vidstg,search,23,frame_drop_5,order2,10,False,False,False,0.0,0.0,0.0,0.0,0.0,0.0,0.0,0.0,0.0,0.0,0.0,0.0,0.0,0.0,0.0,0.0,0.0,0.0,0.0,0.0,0.0,0.0,0.0,0.0,0.0,0.0,0.0,0.0,0.0,0.0,0.0,0.0
vidstg/search/frame_drop_5/order2/11,vidstg,search,28,frame_drop_5,order2,11,False,False,False,0.5983238595553105,0.8521739130434782,0.5983238595553105,0.8521739130434782,0.5983238595553105,0.8521739130434782,0.5983238595553105,0.8521739130434782,0.5983238595553105,0.8521739130434782,0.5983238595553105,0.8521739130434782,0.5983238595553105,0.8521739130434782,0.5983238595553105,0.8521739130434782,0.5983238595553105,0.8521739130434782,0.0,0.0,0.0,0.0,0.0,0.0,0.0,0.0,0.0,0.0,0.0,0.0,0.0,0.0
vidstg/search/frame_drop_5/order2/12,vidstg,search,30,frame_drop_5,order2,12,True,False,True,0.08022881931452022,0.22748815165876776,0.10864907556873174,0.3127962085308057,0.10864907556873174,0.3127962085308057,0.10864907556873174,0.3127962085308057,0.10864907556873174,0.3127962085308057,0.13755203615542885,0.4074074074074074,0.3236273608500022,0.9629629629629629,0.13582288201476778,0.40414507772020725,0.30839783798647274,0.9176470588235294,0.028420256254211518,0.08530805687203794,0.0,0.0,0.0,0.0,0.028420256254211518,0.08530805687203794,0.0,0.0,0.0,0.0,0.0,0.0
vidstg/search/frame_drop_5/order2/13,vidstg,search,21,frame_drop_5,order2,13,False,False,False,0.37820660267878237,0.810126582278481,0.37820660267878237,0.810126582278481,0.37820660267878237,0.810126582278481,0.37820660267878237,0.810126582278481,0.37820660267878237,0.810126582278481,0.37820660267878237,0.810126582278481,0.37820660267878237,0.810126582278481,0.37820660267878237,0.810126582278481,0.37820660267878237,0.810126582278481,0.0,0.0,0.0,0.0,0.0,0.0,0.0,0.0,0.0,0.0,0.0,0.0,0.0,0.0
vidstg/search/frame_drop_5/order2/14,vidstg,search,4,frame_drop_5,order2,14,False,False,False,0.20654456139300734,0.5048543689320388,0.20654456139300734,0.5048543689320388,0.20654456139300734,0.5048543689320388,0.20654456139300734,0.5048543689320388,0.20654456139300734,0.5048543689320388,0.20654456139300734,0.5048543689320388,0.20654456139300734,0.5048543689320388,0.20654456139300734,0.5048543689320388,0.20654456139300734,0.5048543689320388,0.0,0.0,0.0,0.0,0.0,0.0,0.0,0.0,0.0,0.0,0.0,0.0,0.0,0.0
vidstg/search/frame_drop_5/order2/15,vidstg,search,26,frame_drop_5,order2,15,False,False,False,0.2506604781645248,0.6744904261890056,0.2506604781645248,0.6744904261890056,0.2506604781645248,0.6744904261890056,0.2506604781645248,0.6744904261890056,0.2506604781645248,0.6744904261890056,0.2506604781645248,0.6744904261890056,0.2506604781645248,0.6744904261890056,0.2506604781645248,0.6744904261890056,0.2506604781645248,0.6744904261890056,0.0,0.0,0.0,0.0,0.0,0.0,0.0,0.0,0.0,0.0,0.0,0.0,0.0,0.0
vidstg/search/frame_drop_5/order2/16,vidstg,search,11,frame_drop_5,order2,16,True,False,True,0.6482104386674725,0.84375,0.5458614220357664,0.7105263157894737,0.6482104386674725,0.84375,0.6482104386674725,0.84375,0.6482104386674725,0.84375,0.5458614220357664,0.7105263157894737,0.5458614220357664,0.7105263157894737,0.5458614220357664,0.7105263157894737,0.5458614220357664,0.7105263157894737,0.0,0.0,0.10234901663170615,0.13322368421052633,0.0,0.0,0.0,0.0,0.10234901663170615,0.13322368421052633,0.0,0.0,0.0,0.0
vidstg/search/frame_drop_5/order2/17,vidstg,search,14,frame_drop_5,order2,17,False,False,False,0.0,0.0,0.0,0.0,0.0,0.0,0.0,0.0,0.0,0.0,0.0,0.0,0.0,0.0,0.0,0.0,0.0,0.0,0.0,0.0,0.0,0.0,0.0,0.0,0.0,0.0,0.0,0.0,0.0,0.0,0.0,0.0
vidstg/search/frame_drop_5/order2/18,vidstg,search,27,frame_drop_5,order2,18,False,False,False,0.164673468966136,0.5619834710743802,0.164673468966136,0.5619834710743802,0.164673468966136,0.5619834710743802,0.164673468966136,0.5619834710743802,0.164673468966136,0.5619834710743802,0.164673468966136,0.5619834710743802,0.164673468966136,0.5619834710743802,0.164673468966136,0.5619834710743802,0.164673468966136,0.5619834710743802,0.0,0.0,0.0,0.0,0.0,0.0,0.0,0.0,0.0,0.0,0.0,0.0,0.0,0.0
vidstg/search/frame_drop_5/order2/19,vidstg,search,0,frame_drop_5,order2,19,False,False,False,0.01604782721022382,0.144136078782453,0.01604782721022382,0.144136078782453,0.01604782721022382,0.144136078782453,0.01604782721022382,0.144136078782453,0.01604782721022382,0.144136078782453,0.01604782721022382,0.144136078782453,0.01604782721022382,0.144136078782453,0.01604782721022382,0.144136078782453,0.01604782721022382,0.144136078782453,0.0,0.0,0.0,0.0,0.0,0.0,0.0,0.0,0.0,0.0,0.0,0.0,0.0,0.0
vidstg/search/frame_drop_5/order2/20,vidstg,search,19,frame_drop_5,order2,20,True,False,True,0.17889018450460237,0.2648221343873518,0.6765207112704084,0.94140625,0.18651714329901095,0.2766798418972332,0.19410775132950764,0.2885375494071146,0.19410775132950764,0.2885375494071146,0.39631419241470145,0.551487414187643,0.5831289632499143,0.8114478114478114,0.39450866078638847,0.5489749430523918,0.5753797411469254,0.8006644518272426,0.015217566824905271,0.02371541501976282,-0.4824129599409007,-0.6528687005928854,0.007590608030496687,0.01185770750988141,0.015217566824905271,0.02371541501976282,-0.4824129599409007,-0.6528687005928854,0.007590608030496687,0.01185770750988141,0.0,0.0
vidstg/search/frame_drop_5/order2/21,vidstg,search,12,frame_drop_5,order2,21,False,False,False,0.163137200478463,0.7593984962406015,0.163137200478463,0.7593984962406015,0.163137200478463,0.7593984962406015,0.163137200478463,0.7593984962406015,0.163137200478463,0.7593984962406015,0.163137200478463,0.7593984962406015,0.163137200478463,0.7593984962406015,0.163137200478463,0.7593984962406015,0.163137200478463,0.7593984962406015,0.0,0.0,0.0,0.0,0.0,0.0,0.0,0.0,0.0,0.0,0.0,0.0,0.0,0.0
vidstg/search/frame_drop_5/order2/22,vidstg,search,8,frame_drop_5,order2,22,False,False,False,0.09208895910948711,0.8161209068010076,0.09208895910948711,0.8161209068010076,0.09208895910948711,0.8161209068010076,0.09208895910948711,0.8161209068010076,0.09208895910948711,0.8161209068010076,0.09208895910948711,0.8161209068010076,0.09208895910948711,0.8161209068010076,0.09208895910948711,0.8161209068010076,0.09208895910948711,0.8161209068010076,0.0,0.0,0.0,0.0,0.0,0.0,0.0,0.0,0.0,0.0,0.0,0.0,0.0,0.0
vidstg/search/frame_drop_5/order2/23,vidstg,search,24,frame_drop_5,order2,23,False,False,False,0.002231294389619783,0.3177842565597668,0.002231294389619783,0.3177842565597668,0.002231294389619783,0.3177842565597668,0.002231294389619783,0.3177842565597668,0.002231294389619783,0.3177842565597668,0.002231294389619783,0.3177842565597668,0.002231294389619783,0.3177842565597668,0.002231294389619783,0.3177842565597668,0.002231294389619783,0.3177842565597668,0.0,0.0,0.0,0.0,0.0,0.0,0.0,0.0,0.0,0.0,0.0,0.0,0.0,0.0
vidstg/search/frame_drop_5/order2/24,vidstg,search,3,frame_drop_5,order2,24,True,False,True,0.004418078307100882,0.00641025641025641,0.06356513741148766,0.1346153846153846,0.07869969393803235,0.16666666666666666,0.05973591226621732,0.12650602409638553,0.08548415031200064,0.1810344827586207,0.23668758603501847,0.4915254237288136,0.4123492132478419,0.8645833333333334,0.23872631268036232,0.5027624309392266,0.42257754980181833,0.8958333333333334,0.055317833959116436,0.12009576768612912,-0.003829225145270336,-0.008109360518999076,-0.018963781671815026,-0.040160642570281124,0.08106607200489976,0.17462422634836428,0.021919012900512985,0.04641909814323608,0.006784456373968295,0.014367816091954033,0.02574823804578332,0.05452845866223516
vidstg/search/frame_drop_5/order2/25,vidstg,search,5,frame_drop_5,order2,25,False,False,False,0.4198559985835118,0.6312056737588653,0.4198559985835118,0.6312056737588653,0.4198559985835118,0.6312056737588653,0.4198559985835118,0.6312056737588653,0.4198559985835118,0.6312056737588653,0.4198559985835118,0.6312056737588653,0.4198559985835118,0.6312056737588653,0.4198559985835118,0.6312056737588653,0.4198559985835118,0.6312056737588653,0.0,0.0,0.0,0.0,0.0,0.0,0.0,0.0,0.0,0.0,0.0,0.0,0.0,0.0
vidstg/search/frame_drop_5/order2/26,vidstg,search,2,frame_drop_5,order2,26,False,False,False,0.129838476192643,0.46190476190476193,0.129838476192643,0.46190476190476193,0.129838476192643,0.46190476190476193,0.129838476192643,0.46190476190476193,0.129838476192643,0.46190476190476193,0.129838476192643,0.46190476190476193,0.129838476192643,0.46190476190476193,0.129838476192643,0.46190476190476193,0.129838476192643,0.46190476190476193,0.0,0.0,0.0,0.0,0.0,0.0,0.0,0.0,0.0,0.0,0.0,0.0,0.0,0.0
vidstg/search/frame_drop_5/order2/27,vidstg,search,7,frame_drop_5,order2,27,False,False,False,0.0,0.0,0.0,0.0,0.0,0.0,0.0,0.0,0.0,0.0,0.0,0.0,0.0,0.0,0.0,0.0,0.0,0.0,0.0,0.0,0.0,0.0,0.0,0.0,0.0,0.0,0.0,0.0,0.0,0.0,0.0,0.0
vidstg/search/frame_drop_5/order2/28,vidstg,search,6,frame_drop_5,order2,28,True,False,True,0.4512233316628261,0.5986842105263158,0.7733387925471695,0.9733333333333334,0.6435455244091797,0.8223684210526315,0.4108739014593848,0.5,0.6435455244091797,0.8223684210526315,0.02930739471807184,0.03377265238879736,0.7363051234780923,0.9315068493150684,0.032811968242212296,0.03789126853377265,0.7769285043120553,0.9795918367346939,-0.04034943020344128,-0.09868421052631582,-0.36246489108778474,-0.4733333333333334,-0.23267162294979488,-0.3223684210526315,0.1923221927463536,0.2236842105263157,-0.12979326813798986,-0.15096491228070186,0.0,0.0,0.23267162294979488,0.3223684210526315
vidstg/search/frame_drop_5/order2/29,vidstg,search,9,frame_drop_5,order2,29,False,False,False,0.07026728095852258,0.390625,0.07026728095852258,0.390625,0.07026728095852258,0.390625,0.07026728095852258,0.390625,0.07026728095852258,0.390625,0.07026728095852258,0.390625,0.07026728095852258,0.390625,0.07026728095852258,0.390625,0.07026728095852258,0.390625,0.0,0.0,0.0,0.0,0.0,0.0,0.0,0.0,0.0,0.0,0.0,0.0,0.0,0.0
vidstg/search/frame_drop_5/order2/30,vidstg,search,25,frame_drop_5,order2,30,False,False,False,0.32753242584298775,0.42857142857142855,0.32753242584298775,0.42857142857142855,0.32753242584298775,0.42857142857142855,0.32753242584298775,0.42857142857142855,0.32753242584298775,0.42857142857142855,0.32753242584298775,0.42857142857142855,0.32753242584298775,0.42857142857142855,0.32753242584298775,0.42857142857142855,0.32753242584298775,0.42857142857142855,0.0,0.0,0.0,0.0,0.0,0.0,0.0,0.0,0.0,0.0,0.0,0.0,0.0,0.0
vidstg/search/frame_drop_5/order2/31,vidstg,search,29,frame_drop_5,order2,31,False,False,False,0.0,0.0,0.0,0.0,0.0,0.0,0.0,0.0,0.0,0.0,0.0,0.0,0.0,0.0,0.0,0.0,0.0,0.0,0.0,0.0,0.0,0.0,0.0,0.0,0.0,0.0,0.0,0.0,0.0,0.0,0.0,0.0
vidstg/search/frame_freeze_5/order1/0,vidstg,search,8,frame_freeze_5,order1,0,True,False,True,0.0769616239449296,0.6794871794871795,0.08226162334090968,0.7871794871794872,0.12024175126020799,0.906801007556675,0.12024175126020799,0.906801007556675,0.12024175126020799,0.906801007556675,0.13618747418714264,0.9641025641025641,0.1379258952017279,0.982051282051282,0.1395278806929448,0.9871794871794872,0.1395278806929448,0.9871794871794872,0.04328012731527839,0.22731382806949552,0.03798012791929831,0.11962152037718787,0.0,0.0,0.04328012731527839,0.22731382806949552,0.03798012791929831,0.11962152037718787,0.0,0.0,0.0,0.0
vidstg/search/frame_freeze_5/order1/1,vidstg,search,15,frame_freeze_5,order1,1,False,False,False,0.0,0.0,0.0,0.0,0.0,0.0,0.0,0.0,0.0,0.0,0.0,0.0,0.0,0.0,0.0,0.0,0.0,0.0,0.0,0.0,0.0,0.0,0.0,0.0,0.0,0.0,0.0,0.0,0.0,0.0,0.0,0.0
vidstg/search/frame_freeze_5/order1/2,vidstg,search,19,frame_freeze_5,order1,2,False,False,False,0.5652566903542433,0.8087248322147651,0.5652566903542433,0.8087248322147651,0.5652566903542433,0.8087248322147651,0.5652566903542433,0.8087248322147651,0.5652566903542433,0.8087248322147651,0.5652566903542433,0.8087248322147651,0.5652566903542433,0.8087248322147651,0.5652566903542433,0.8087248322147651,0.5652566903542433,0.8087248322147651,0.0,0.0,0.0,0.0,0.0,0.0,0.0,0.0,0.0,0.0,0.0,0.0,0.0,0.0
vidstg/search/frame_freeze_5/order1/3,vidstg,search,27,frame_freeze_5,order1,3,False,False,False,0.08991054297534605,0.35883905013192613,0.08991054297534605,0.35883905013192613,0.08991054297534605,0.35883905013192613,0.08991054297534605,0.35883905013192613,0.08991054297534605,0.35883905013192613,0.08991054297534605,0.35883905013192613,0.08991054297534605,0.35883905013192613,0.08991054297534605,0.35883905013192613,0.08991054297534605,0.35883905013192613,0.0,0.0,0.0,0.0,0.0,0.0,0.0,0.0,0.0,0.0,0.0,0.0,0.0,0.0
vidstg/search/frame_freeze_5/order1/4,vidstg,search,7,frame_freeze_5,order1,4,True,False,True,0.0,0.0,0.0,0.0,0.0,0.0,0.005098519615390222,0.11,0.007966436899047222,0.171875,0.0,0.0,0.014162554487195063,0.3055555555555556,0.0,0.0,0.013779782744297898,0.2972972972972973,0.005098519615390222,0.11,0.005098519615390222,0.11,0.005098519615390222,0.11,0.007966436899047222,0.171875,0.007966436899047222,0.171875,0.007966436899047222,0.171875,0.002867917283657,0.061875
vidstg/search/frame_freeze_5/order1/5,vidstg,search,1,frame_freeze_5,order1,5,False,False,False,0.0,0.0,0.0,0.0,0.0,0.0,0.0,0.0,0.0,0.0,0.0,0.0,0.0,0.0,0.0,0.0,0.0,0.0,0.0,0.0,0.0,0.0,0.0,0.0,0.0,0.0,0.0,0.0,0.0,0.0,0.0,0.0
vidstg/search/frame_freeze_5/order1/6,vidstg,search,25,frame_freeze_5,order1,6,False,False,False,0.08249227525281667,0.11174785100286533,0.08249227525281667,0.11174785100286533,0.08249227525281667,0.11174785100286533,0.08249227525281667,0.11174785100286533,0.08249227525281667,0.11174785100286533,0.08249227525281667,0.11174785100286533,0.08249227525281667,0.11174785100286533,0.08249227525281667,0.11174785100286533,0.08249227525281667,0.11174785100286533,0.0,0.0,0.0,0.0,0.0,0.0,0.0,0.0,0.0,0.0,0.0,0.0,0.0,0.0
vidstg/search/frame_freeze_5/order1/7,vidstg,search,3,frame_freeze_5,order1,7,False,False,False,0.10342491061850531,0.19254658385093168,0.10342491061850531,0.19254658385093168,0.10342491061850531,0.19254658385093168,0.10342491061850531,0.19254658385093168,0.10342491061850531,0.19254658385093168,0.10342491061850531,0.19254658385093168,0.10342491061850531,0.19254658385093168,0.10342491061850531,0.19254658385093168,0.10342491061850531,0.19254658385093168,0.0,0.0,0.0,0.0,0.0,0.0,0.0,0.0,0.0,0.0,0.0,0.0,0.0,0.0
vidstg/search/frame_freeze_5/order1/8,vidstg,search,4,frame_freeze_5,order1,8,True,False,True,0.12164946764585481,0.5048543689320388,0.04957346464918356,0.2251655629139073,0.12164946764585481,0.5048543689320388,0.12164946764585481,0.5048543689320388,0.12164946764585481,0.5048543689320388,0.0,0.0,0.24703168048924223,0.9868421052631579,0.0,0.0,0.2391977264272457,0.9620253164556962,0.0,0.0,0.07207600299667125,0.2796888060181315,0.0,0.0,0.0,0.0,0.07207600299667125,0.2796888060181315,0.0,0.0,0.0,0.0
vidstg/search/frame_freeze_5/order1/9,vidstg,search,6,frame_freeze_5,order1,9,False,False,False,0.4102873350391204,0.5986842105263158,0.4102873350391204,0.5986842105263158,0.4102873350391204,0.5986842105263158,0.4102873350391204,0.5986842105263158,0.4102873350391204,0.5986842105263158,0.4102873350391204,0.5986842105263158,0.4102873350391204,0.5986842105263158,0.4102873350391204,0.5986842105263158,0.4102873350391204,0.5986842105263158,0.0,0.0,0.0,0.0,0.0,0.0,0.0,0.0,0.0,0.0,0.0,0.0,0.0,0.0
vidstg/search/frame_freeze_5/order1/10,vidstg,search,20,frame_freeze_5,order1,10,False,False,False,0.27416679864640064,0.4742268041237113,0.27416679864640064,0.4742268041237113,0.27416679864640064,0.4742268041237113,0.27416679864640064,0.4742268041237113,0.27416679864640064,0.4742268041237113,0.27416679864640064,0.4742268041237113,0.27416679864640064,0.4742268041237113,0.27416679864640064,0.4742268041237113,0.27416679864640064,0.4742268041237113,0.0,0.0,0.0,0.0,0.0,0.0,0.0,0.0,0.0,0.0,0.0,0.0,0.0,0.0
vidstg/search/frame_freeze_5/order1/11,vidstg,search,17,frame_freeze_5,order1,11,False,False,False,0.20935254635411732,0.3951612903225806,0.20935254635411732,0.3951612903225806,0.20935254635411732,0.3951612903225806,0.20935254635411732,0.3951612903225806,0.20935254635411732,0.3951612903225806,0.20935254635411732,0.3951612903225806,0.20935254635411732,0.3951612903225806,0.20935254635411732,0.3951612903225806,0.20935254635411732,0.3951612903225806,0.0,0.0,0.0,0.0,0.0,0.0,0.0,0.0,0.0,0.0,0.0,0.0,0.0,0.0
vidstg/search/frame_freeze_5/order1/12,vidstg,search,24,frame_freeze_5,order1,12,True,False,True,0.0005216586981208393,0.7376093294460642,0.0005216586981208393,0.8775510204081632,0.0005216586981208393,0.8425655976676385,0.0005216586981208393,0.8425655976676385,0.0005216586981208393,0.8425655976676385,0.0005186345897259359,0.9884057971014493,0.0005216586981208393,0.9941690962099126,0.0005126903537405383,0.9828080229226361,0.0005216586981208393,1.0,0.0,0.10495626822157433,0.0,-0.03498542274052474,0.0,0.0,0.0,0.10495626822157433,0.0,-0.03498542274052474,0.0,0.0,0.0,0.0
vidstg/search/frame_freeze_5/order1/13,vidstg,search,2,frame_freeze_5,order1,13,False,False,False,0.23551017562638377,0.919047619047619,0.23551017562638377,0.919047619047619,0.23551017562638377,0.919047619047619,0.23551017562638377,0.919047619047619,0.23551017562638377,0.919047619047619,0.23551017562638377,0.919047619047619,0.23551017562638377,0.919047619047619,0.23551017562638377,0.919047619047619,0.23551017562638377,0.919047619047619,0.0,0.0,0.0,0.0,0.0,0.0,0.0,0.0,0.0,0.0,0.0,0.0,0.0,0.0
vidstg/search/frame_freeze_5/order1/14,vidstg,search,0,frame_freeze_5,order1,14,False,False,False,0.02689933325780365,0.144136078782453,0.02689933325780365,0.144136078782453,0.02689933325780365,0.144136078782453,0.02689933325780365,0.144136078782453,0.02689933325780365,0.144136078782453,0.02689933325780365,0.144136078782453,0.02689933325780365,0.144136078782453,0.02689933325780365,0.144136078782453,0.02689933325780365,0.144136078782453,0.0,0.0,0.0,0.0,0.0,0.0,0.0,0.0,0.0,0.0,0.0,0.0,0.0,0.0
vidstg/search/frame_freeze_5/order1/15,vidstg,search,9,frame_freeze_5,order1,15,False,False,False,0.03559350957014375,0.2014388489208633,0.03559350957014375,0.2014388489208633,0.03559350957014375,0.2014388489208633,0.03559350957014375,0.2014388489208633,0.03559350957014375,0.2014388489208633,0.03559350957014375,0.2014388489208633,0.03559350957014375,0.2014388489208633,0.03559350957014375,0.2014388489208633,0.03559350957014375,0.2014388489208633,0.0,0.0,0.0,0.0,0.0,0.0,0.0,0.0,0.0,0.0,0.0,0.0,0.0,0.0
vidstg/search/frame_freeze_5/order1/16,vidstg,search,26,frame_freeze_5,order1,16,True,False,True,0.23732830342003053,0.6744904261890056,0.23441550285056245,0.6670784434836319,0.23732830342003053,0.6744904261890056,0.234608721716497,0.6731352334748333,0.23415831491366518,0.6596664607782582,0.2787346154064521,0.8552562070787111,0.28605344908520125,0.8770846201358864,0.27668832037987096,0.848977451494494,0.2901528936959372,0.8894379246448425,-0.0027195817035335357,-0.001355192714172282,0.0001932188659345413,0.006056789991201406,-0.0027195817035335357,-0.001355192714172282,-0.003169988506365351,-0.014823965410747375,-0.00025718793689727404,-0.0074119827053736875,-0.003169988506365351,-0.014823965410747375,-0.00045040680283181533,-0.013468772696575093
vidstg/search/frame_freeze_5/order1/17,vidstg,search,22,frame_freeze_5,order1,17,False,False,False,0.48302407616879206,0.6785714285714286,0.48302407616879206,0.6785714285714286,0.48302407616879206,0.6785714285714286,0.48302407616879206,0.6785714285714286,0.48302407616879206,0.6785714285714286,0.48302407616879206,0.6785714285714286,0.48302407616879206,0.6785714285714286,0.48302407616879206,0.6785714285714286,0.48302407616879206,0.6785714285714286,0.0,0.0,0.0,0.0,0.0,0.0,0.0,0.0,0.0,0.0,0.0,0.0,0.0,0.0
vidstg/search/frame_freeze_5/order1/18,vidstg,search,5,frame_freeze_5,order1,18,False,False,False,0.4077436092005547,0.6312056737588653,0.4077436092005547,0.6312056737588653,0.4077436092005547,0.6312056737588653,0.4077436092005547,0.6312056737588653,0.4077436092005547,0.6312056737588653,0.4077436092005547,0.6312056737588653,0.4077436092005547,0.6312056737588653,0.4077436092005547,0.6312056737588653,0.4077436092005547,0.6312056737588653,0.0,0.0,0.0,0.0,0.0,0.0,0.0,0.0,0.0,0.0,0.0,0.0,0.0,0.0
vidstg/search/frame_freeze_5/order1/19,vidstg,search,13,frame_freeze_5,order1,19,False,False,False,0.021189173468841426,0.0319634703196347,0.021189173468841426,0.0319634703196347,0.021189173468841426,0.0319634703196347,0.021189173468841426,0.0319634703196347,0.021189173468841426,0.0319634703196347,0.021189173468841426,0.0319634703196347,0.021189173468841426,0.0319634703196347,0.021189173468841426,0.0319634703196347,0.021189173468841426,0.0319634703196347,0.0,0.0,0.0,0.0,0.0,0.0,0.0,0.0,0.0,0.0,0.0,0.0,0.0,0.0
vidstg/search/frame_freeze_5/order1/20,vidstg,search,18,frame_freeze_5,order1,20,True,False,True,0.0,0.0,0.011138315732986362,0.2616279069767442,0.0,0.0,0.0,0.0,0.0,0.0,0.0,0.0,0.03883358728527677,0.9121621621621622,0.0,0.0,0.038188511084524666,0.8970099667774086,0.0,0.0,-0.011138315732986362,-0.2616279069767442,0.0,0.0,0.0,0.0,-0.011138315732986362,-0.2616279069767442,0.0,0.0,0.0,0.0
vidstg/search/frame_freeze_5/order1/21,vidstg,search,10,frame_freeze_5,order1,21,False,False,False,0.22328631381694292,0.8282208588957055,0.22328631381694292,0.8282208588957055,0.22328631381694292,0.8282208588957055,0.22328631381694292,0.8282208588957055,0.22328631381694292,0.8282208588957055,0.22328631381694292,0.8282208588957055,0.22328631381694292,0.8282208588957055,0.22328631381694292,0.8282208588957055,0.22328631381694292,0.8282208588957055,0.0,0.0,0.0,0.0,0.0,0.0,0.0,0.0,0.0,0.0,0.0,0.0,0.0,0.0
vidstg/search/frame_freeze_5/order1/22,vidstg,search,28,frame_freeze_5,order1,22,False,False,False,0.6092189557668434,0.859504132231405,0.6092189557668434,0.859504132231405,0.6092189557668434,0.859504132231405,0.6092189557668434,0.859504132231405,0.6092189557668434,0.859504132231405,0.6092189557668434,0.859504132231405,0.6092189557668434,0.859504132231405,0.6092189557668434,0.859504132231405,0.6092189557668434,0.859504132231405,0.0,0.0,0.0,0.0,0.0,0.0,0.0,0.0,0.0,0.0,0.0,0.0,0.0,0.0
vidstg/search/frame_freeze_5/order1/23,vidstg,search,31,frame_freeze_5,order1,23,False,False,False,0.0,0.9624664879356568,0.0,0.9624664879356568,0.0,0.9624664879356568,0.0,0.9624664879356568,0.0,0.9624664879356568,0.0,0.9624664879356568,0.0,0.9624664879356568,0.0,0.9624664879356568,0.0,0.9624664879356568,0.0,0.0,0.0,0.0,0.0,0.0,0.0,0.0,0.0,0.0,0.0,0.0,0.0,0.0
vidstg/search/frame_freeze_5/order1/24,vidstg,search,23,frame_freeze_5,order1,24,True,False,True,0.0,0.0,0.0,0.0,0.0,0.0,0.0,0.0,0.0,0.0,0.010731727553688146,0.042826552462526764,0.15703266766855378,0.875,0.010697367700261182,0.042689434364994665,0.18900187852333755,0.925,0.0,0.0,0.0,0.0,0.0,0.0,0.0,0.0,0.0,0.0,0.0,0.0,0.0,0.0
vidstg/search/frame_freeze_5/order1/25,vidstg,search,21,frame_freeze_5,order1,25,False,False,False,0.2619742875625868,0.6597938144329897,0.2619742875625868,0.6597938144329897,0.2619742875625868,0.6597938144329897,0.2619742875625868,0.6597938144329897,0.2619742875625868,0.6597938144329897,0.2619742875625868,0.6597938144329897,0.2619742875625868,0.6597938144329897,0.2619742875625868,0.6597938144329897,0.2619742875625868,0.6597938144329897,0.0,0.0,0.0,0.0,0.0,0.0,0.0,0.0,0.0,0.0,0.0,0.0,0.0,0.0
vidstg/search/frame_freeze_5/order1/26,vidstg,search,11,frame_freeze_5,order1,26,False,False,False,0.6486014030555962,0.84375,0.6486014030555962,0.84375,0.6486014030555962,0.84375,0.6486014030555962,0.84375,0.6486014030555962,0.84375,0.6486014030555962,0.84375,0.6486014030555962,0.84375,0.6486014030555962,0.84375,0.6486014030555962,0.84375,0.0,0.0,0.0,0.0,0.0,0.0,0.0,0.0,0.0,0.0,0.0,0.0,0.0,0.0
vidstg/search/frame_freeze_5/order1/27,vidstg,search,12,frame_freeze_5,order1,27,False,False,False,0.15236193327817754,0.3542319749216301,0.15236193327817754,0.3542319749216301,0.15236193327817754,0.3542319749216301,0.15236193327817754,0.3542319749216301,0.15236193327817754,0.3542319749216301,0.15236193327817754,0.3542319749216301,0.15236193327817754,0.3542319749216301,0.15236193327817754,0.3542319749216301,0.15236193327817754,0.3542319749216301,0.0,0.0,0.0,0.0,0.0,0.0,0.0,0.0,0.0,0.0,0.0,0.0,0.0,0.0
vidstg/search/frame_freeze_5/order1/28,vidstg,search,29,frame_freeze_5,order1,28,True,False,True,0.0,0.0,0.0,0.0,0.0,0.0,0.0,0.0,0.0,0.0,0.0,0.20440251572327045,0.0,0.9562289562289562,0.0,0.20486656200941916,0.0,0.9437086092715232,0.0,0.0,0.0,0.0,0.0,0.0,0.0,0.0,0.0,0.0,0.0,0.0,0.0,0.0
vidstg/search/frame_freeze_5/order1/29,vidstg,search,16,frame_freeze_5,order1,29,False,False,False,6.588472174970489e-05,0.11219512195121951,6.588472174970489e-05,0.11219512195121951,6.588472174970489e-05,0.11219512195121951,6.588472174970489e-05,0.11219512195121951,6.588472174970489e-05,0.11219512195121951,6.588472174970489e-05,0.11219512195121951,6.588472174970489e-05,0.11219512195121951,6.588472174970489e-05,0.11219512195121951,6.588472174970489e-05,0.11219512195121951,0.0,0.0,0.0,0.0,0.0,0.0,0.0,0.0,0.0,0.0,0.0,0.0,0.0,0.0
vidstg/search/frame_freeze_5/order1/30,vidstg,search,30,frame_freeze_5,order1,30,False,False,False,0.08933160711086613,0.30414746543778803,0.08933160711086613,0.30414746543778803,0.08933160711086613,0.30414746543778803,0.08933160711086613,0.30414746543778803,0.08933160711086613,0.30414746543778803,0.08933160711086613,0.30414746543778803,0.08933160711086613,0.30414746543778803,0.08933160711086613,0.30414746543778803,0.08933160711086613,0.30414746543778803,0.0,0.0,0.0,0.0,0.0,0.0,0.0,0.0,0.0,0.0,0.0,0.0,0.0,0.0
vidstg/search/frame_freeze_5/order1/31,vidstg,search,14,frame_freeze_5,order1,31,False,False,False,0.0,0.0,0.0,0.0,0.0,0.0,0.0,0.0,0.0,0.0,0.0,0.0,0.0,0.0,0.0,0.0,0.0,0.0,0.0,0.0,0.0,0.0,0.0,0.0,0.0,0.0,0.0,0.0,0.0,0.0,0.0,0.0
vidstg/search/frame_freeze_5/order2/0,vidstg,search,1,frame_freeze_5,order2,0,True,False,True,0.0,0.0,0.0,0.0,0.0,0.0,0.0,0.0,0.0,0.0,0.0,0.03535980148883375,0.0,0.8028169014084507,0.0,0.03518518518518519,0.0,0.7215189873417721,0.0,0.0,0.0,0.0,0.0,0.0,0.0,0.0,0.0,0.0,0.0,0.0,0.0,0.0
vidstg/search/frame_freeze_5/order2/1,vidstg,search,18,frame_freeze_5,order2,1,False,False,False,0.0,0.0,0.0,0.0,0.0,0.0,0.0,0.0,0.0,0.0,0.0,0.0,0.0,0.0,0.0,0.0,0.0,0.0,0.0,0.0,0.0,0.0,0.0,0.0,0.0,0.0,0.0,0.0,0.0,0.0,0.0,0.0
vidstg/search/frame_freeze_5/order2/2,vidstg,search,20,frame_freeze_5,order2,2,False,False,False,0.33621615023974644,0.4742268041237113,0.33621615023974644,0.4742268041237113,0.33621615023974644,0.4742268041237113,0.33621615023974644,0.4742268041237113,0.33621615023974644,0.4742268041237113,0.33621615023974644,0.4742268041237113,0.33621615023974644,0.4742268041237113,0.33621615023974644,0.4742268041237113,0.33621615023974644,0.4742268041237113,0.0,0.0,0.0,0.0,0.0,0.0,0.0,0.0,0.0,0.0,0.0,0.0,0.0,0.0
vidstg/search/frame_freeze_5/order2/3,vidstg,search,22,frame_freeze_5,order2,3,False,False,False,0.47440141093969695,0.6785714285714286,0.47440141093969695,0.6785714285714286,0.47440141093969695,0.6785714285714286,0.47440141093969695,0.6785714285714286,0.47440141093969695,0.6785714285714286,0.47440141093969695,0.6785714285714286,0.47440141093969695,0.6785714285714286,0.47440141093969695,0.6785714285714286,0.47440141093969695,0.6785714285714286,0.0,0.0,0.0,0.0,0.0,0.0,0.0,0.0,0.0,0.0,0.0,0.0,0.0,0.0
vidstg/search/frame_freeze_5/order2/4,vidstg,search,10,frame_freeze_5,order2,4,True,False,True,0.2455422948941358,0.8282208588957055,0.23125381493953293,0.7633136094674556,0.2455422948941358,0.8282208588957055,0.2455422948941358,0.8282208588957055,0.2455422948941358,0.8282208588957055,0.11218610876897804,0.378698224852071,0.25981020568508195,0.9320987654320988,0.12098740506948681,0.3942857142857143,0.25947469189668876,0.9386503067484663,0.0,0.0,0.014288479954602862,0.06490724942824988,0.0,0.0,0.0,0.0,0.014288479954602862,0.06490724942824988,0.0,0.0,0.0,0.0
vidstg/search/frame_freeze_5/order2/5,vidstg,search,17,frame_freeze_5,order2,5,False,False,False,0.22073179708236895,0.3951612903225806,0.22073179708236895,0.3951612903225806,0.22073179708236895,0.3951612903225806,0.22073179708236895,0.3951612903225806,0.22073179708236895,0.3951612903225806,0.22073179708236895,0.3951612903225806,0.22073179708236895,0.3951612903225806,0.22073179708236895,0.3951612903225806,0.22073179708236895,0.3951612903225806,0.0,0.0,0.0,0.0,0.0,0.0,0.0,0.0,0.0,0.0,0.0,0.0,0.0,0.0
vidstg/search/frame_freeze_5/order2/6,vidstg,search,16,frame_freeze_5,order2,6,False,False,False,0.0,0.11219512195121951,0.0,0.11219512195121951,0.0,0.11219512195121951,0.0,0.11219512195121951,0.0,0.11219512195121951,0.0,0.11219512195121951,0.0,0.11219512195121951,0.0,0.11219512195121951,0.0,0.11219512195121951,0.0,0.0,0.0,0.0,0.0,0.0,0.0,0.0,0.0,0.0,0.0,0.0,0.0,0.0
vidstg/search/frame_freeze_5/order2/7,vidstg,search,13,frame_freeze_5,order2,7,False,False,False,0.02110537679140753,0.0319634703196347,0.02110537679140753,0.0319634703196347,0.02110537679140753,0.0319634703196347,0.02110537679140753,0.0319634703196347,0.02110537679140753,0.0319634703196347,0.02110537679140753,0.0319634703196347,0.02110537679140753,0.0319634703196347,0.02110537679140753,0.0319634703196347,0.02110537679140753,0.0319634703196347,0.0,0.0,0.0,0.0,0.0,0.0,0.0,0.0,0.0,0.0,0.0,0.0,0.0,0.0
vidstg/search/frame_freeze_5/order2/8,vidstg,search,15,frame_freeze_5,order2,8,True,False,True,0.0,0.0,0.004663840950010955,0.009828009828009828,0.0,0.0,0.011196482709839138,0.02457002457002457,0.04796808908320557,0.10526315789473684,0.1158012112024393,0.25,0.23527865133194018,0.5079365079365079,0.1131492750680323,0.24427480916030533,0.22803930821403431,0.49230769230769234,0.011196482709839138,0.02457002457002457,0.006532641759828183,0.01474201474201474,0.011196482709839138,0.02457002457002457,0.04796808908320557,0.10526315789473684,0.04330424813319462,0.09543514806672701,0.04796808908320557,0.10526315789473684,0.03677160637336643,0.08069313332471227
vidstg/search/frame_freeze_5/order2/9,vidstg,search,31,frame_freeze_5,order2,9,False,False,False,0.0,0.9624664879356568,0.0,0.9624664879356568,0.0,0.9624664879356568,0.0,0.9624664879356568,0.0,0.9624664879356568,0.0,0.9624664879356568,0.0,0.9624664879356568,0.0,0.9624664879356568,0.0,0.9624664879356568,0.0,0.0,0.0,0.0,0.0,0.0,0.0,0.0,0.0,0.0,0.0,0.0,0.0,0.0
vidstg/search/frame_freeze_5/order2/10,vidstg,search,23,frame_freeze_5,order2,10,False,False,False,0.0,0.0,0.0,0.0,0.0,0.0,0.0,0.0,0.0,0.0,0.0,0.0,0.0,0.0,0.0,0.0,0.0,0.0,0.0,0.0,0.0,0.0,0.0,0.0,0.0,0.0,0.0,0.0,0.0,0.0,0.0,0.0
vidstg/search/frame_freeze_5/order2/11,vidstg,search,28,frame_freeze_5,order2,11,False,False,False,0.6107693560312217,0.859504132231405,0.6107693560312217,0.859504132231405,0.6107693560312217,0.859504132231405,0.6107693560312217,0.859504132231405,0.6107693560312217,0.859504132231405,0.6107693560312217,0.859504132231405,0.6107693560312217,0.859504132231405,0.6107693560312217,0.859504132231405,0.6107693560312217,0.859504132231405,0.0,0.0,0.0,0.0,0.0,0.0,0.0,0.0,0.0,0.0,0.0,0.0,0.0,0.0
vidstg/search/frame_freeze_5/order2/12,vidstg,search,30,frame_freeze_5,order2,12,True,False,True,0.10613253651728334,0.30414746543778803,0.10915052333768002,0.3127962085308057,0.10613253651728334,0.30414746543778803,0.10613253651728334,0.30414746543778803,0.10613253651728334,0.30414746543778803,0.13821203723828634,0.4074074074074074,0.32507187328183623,0.9629629629629629,0.13642912816491573,0.40414507772020725,0.309774373362691,0.9176470588235294,0.0,0.0,-0.0030179868203966814,-0.008648743093017663,0.0,0.0,0.0,0.0,-0.0030179868203966814,-0.008648743093017663,0.0,0.0,0.0,0.0
vidstg/search/frame_freeze_5/order2/13,vidstg,search,21,frame_freeze_5,order2,13,False,False,False,0.31075842101653134,0.6597938144329897,0.31075842101653134,0.6597938144329897,0.31075842101653134,0.6597938144329897,0.31075842101653134,0.6597938144329897,0.31075842101653134,0.6597938144329897,0.31075842101653134,0.6597938144329897,0.31075842101653134,0.6597938144329897,0.31075842101653134,0.6597938144329897,0.31075842101653134,0.6597938144329897,0.0,0.0,0.0,0.0,0.0,0.0,0.0,0.0,0.0,0.0,0.0,0.0,0.0,0.0
vidstg/search/frame_freeze_5/order2/14,vidstg,search,4,frame_freeze_5,order2,14,False,False,False,0.22280485885816984,0.5048543689320388,0.22280485885816984,0.5048543689320388,0.22280485885816984,0.5048543689320388,0.22280485885816984,0.5048543689320388,0.22280485885816984,0.5048543689320388,0.22280485885816984,0.5048543689320388,0.22280485885816984,0.5048543689320388,0.22280485885816984,0.5048543689320388,0.22280485885816984,0.5048543689320388,0.0,0.0,0.0,0.0,0.0,0.0,0.0,0.0,0.0,0.0,0.0,0.0,0.0,0.0
vidstg/search/frame_freeze_5/order2/15,vidstg,search,26,frame_freeze_5,order2,15,False,False,False,0.24534314746378247,0.6744904261890056,0.24534314746378247,0.6744904261890056,0.24534314746378247,0.6744904261890056,0.24534314746378247,0.6744904261890056,0.24534314746378247,0.6744904261890056,0.24534314746378247,0.6744904261890056,0.24534314746378247,0.6744904261890056,0.24534314746378247,0.6744904261890056,0.24534314746378247,0.6744904261890056,0.0,0.0,0.0,0.0,0.0,0.0,0.0,0.0,0.0,0.0,0.0,0.0,0.0,0.0
vidstg/search/frame_freeze_5/order2/16,vidstg,search,11,frame_freeze_5,order2,16,True,False,True,0.6503371033105697,0.84375,0.5476522975246902,0.7105263157894737,0.6503371033105697,0.84375,0.6503371033105697,0.84375,0.6503371033105697,0.84375,0.5476522975246902,0.7105263157894737,0.5476522975246902,0.7105263157894737,0.5476522975246902,0.7105263157894737,0.5476522975246902,0.7105263157894737,0.0,0.0,0.10268480578587946,0.13322368421052633,0.0,0.0,0.0,0.0,0.10268480578587946,0.13322368421052633,0.0,0.0,0.0,0.0
vidstg/search/frame_freeze_5/order2/17,vidstg,search,14,frame_freeze_5,order2,17,False,False,False,0.0,0.0,0.0,0.0,0.0,0.0,0.0,0.0,0.0,0.0,0.0,0.0,0.0,0.0,0.0,0.0,0.0,0.0,0.0,0.0,0.0,0.0,0.0,0.0,0.0,0.0,0.0,0.0,0.0,0.0,0.0,0.0
vidstg/search/frame_freeze_5/order2/18,vidstg,search,27,frame_freeze_5,order2,18,False,False,False,0.1497734120907657,0.35883905013192613,0.1497734120907657,0.35883905013192613,0.1497734120907657,0.35883905013192613,0.1497734120907657,0.35883905013192613,0.1497734120907657,0.35883905013192613,0.1497734120907657,0.35883905013192613,0.1497734120907657,0.35883905013192613,0.1497734120907657,0.35883905013192613,0.1497734120907657,0.35883905013192613,0.0,0.0,0.0,0.0,0.0,0.0,0.0,0.0,0.0,0.0,0.0,0.0,0.0,0.0
vidstg/search/frame_freeze_5/order2/19,vidstg,search,0,frame_freeze_5,order2,19,False,False,False,0.00552577689096565,0.144136078782453,0.00552577689096565,0.144136078782453,0.00552577689096565,0.144136078782453,0.00552577689096565,0.144136078782453,0.00552577689096565,0.144136078782453,0.00552577689096565,0.144136078782453,0.00552577689096565,0.144136078782453,0.00552577689096565,0.144136078782453,0.00552577689096565,0.144136078782453,0.0,0.0,0.0,0.0,0.0,0.0,0.0,0.0,0.0,0.0,0.0,0.0,0.0,0.0
vidstg/search/frame_freeze_5/order2/20,vidstg,search,19,frame_freeze_5,order2,20,True,False,True,0.5827076256401689,0.8087248322147651,0.565624991663747,0.7850162866449512,0.5827076256401689,0.8087248322147651,0.5827076256401689,0.8087248322147651,0.5827076256401689,0.8087248322147651,0.39375708036455853,0.546485260770975,0.5674330311640914,0.7829181494661922,0.39286622724156184,0.5452488687782805,0.5702733123970558,0.7879858657243817,0.0,0.0,0.017082633976421846,0.023708545569813944,0.0,0.0,0.0,0.0,0.017082633976421846,0.023708545569813944,0.0,0.0,0.0,0.0
vidstg/search/frame_freeze_5/order2/21,vidstg,search,12,frame_freeze_5,order2,21,False,False,False,0.08123789175492974,0.3542319749216301,0.08123789175492974,0.3542319749216301,0.08123789175492974,0.3542319749216301,0.08123789175492974,0.3542319749216301,0.08123789175492974,0.3542319749216301,0.08123789175492974,0.3542319749216301,0.08123789175492974,0.3542319749216301,0.08123789175492974,0.3542319749216301,0.08123789175492974,0.3542319749216301,0.0,0.0,0.0,0.0,0.0,0.0,0.0,0.0,0.0,0.0,0.0,0.0,0.0,0.0
vidstg/search/frame_freeze_5/order2/22,vidstg,search,8,frame_freeze_5,order2,22,False,False,False,0.07170685419918015,0.6794871794871795,0.07170685419918015,0.6794871794871795,0.07170685419918015,0.6794871794871795,0.07170685419918015,0.6794871794871795,0.07170685419918015,0.6794871794871795,0.07170685419918015,0.6794871794871795,0.07170685419918015,0.6794871794871795,0.07170685419918015,0.6794871794871795,0.07170685419918015,0.6794871794871795,0.0,0.0,0.0,0.0,0.0,0.0,0.0,0.0,0.0,0.0,0.0,0.0,0.0,0.0
vidstg/search/frame_freeze_5/order2/23,vidstg,search,24,frame_freeze_5,order2,23,False,False,False,0.0032976054580668764,0.7376093294460642,0.0032976054580668764,0.7376093294460642,0.0032976054580668764,0.7376093294460642,0.0032976054580668764,0.7376093294460642,0.0032976054580668764,0.7376093294460642,0.0032976054580668764,0.7376093294460642,0.0032976054580668764,0.7376093294460642,0.0032976054580668764,0.7376093294460642,0.0032976054580668764,0.7376093294460642,0.0,0.0,0.0,0.0,0.0,0.0,0.0,0.0,0.0,0.0,0.0,0.0,0.0,0.0
vidstg/search/frame_freeze_5/order2/24,vidstg,search,3,frame_freeze_5,order2,24,True,False,True,0.1211677718405717,0.19254658385093168,0.2267453399495282,0.37888198757763975,0.28973015660217494,0.48412698412698413,0.2199156610353858,0.3674698795180723,0.28973015660217494,0.48412698412698413,0.2621868896880612,0.4915254237288136,0.45404612955788276,0.8645833333333334,0.26369834873105413,0.5027624309392266,0.4643347527436184,0.8958333333333334,0.09874788919481409,0.17492329566714063,-0.006829678914142406,-0.011412108059567438,-0.06981449556678915,-0.11665710460891182,0.16856238476160323,0.2915804002760525,0.06298481665264674,0.10524499654934438,0.0,0.0,0.06981449556678915,0.11665710460891182
vidstg/search/frame_freeze_5/order2/25,vidstg,search,5,frame_freeze_5,order2,25,False,False,False,0.39623584818969276,0.6312056737588653,0.39623584818969276,0.6312056737588653,0.39623584818969276,0.6312056737588653,0.39623584818969276,0.6312056737588653,0.39623584818969276,0.6312056737588653,0.39623584818969276,0.6312056737588653,0.39623584818969276,0.6312056737588653,0.39623584818969276,0.6312056737588653,0.39623584818969276,0.6312056737588653,0.0,0.0,0.0,0.0,0.0,0.0,0.0,0.0,0.0,0.0,0.0,0.0,0.0,0.0
vidstg/search/frame_freeze_5/order2/26,vidstg,search,2,frame_freeze_5,order2,26,False,False,False,0.38089446741341304,0.919047619047619,0.38089446741341304,0.919047619047619,0.38089446741341304,0.919047619047619,0.38089446741341304,0.919047619047619,0.38089446741341304,0.919047619047619,0.38089446741341304,0.919047619047619,0.38089446741341304,0.919047619047619,0.38089446741341304,0.919047619047619,0.38089446741341304,0.919047619047619,0.0,0.0,0.0,0.0,0.0,0.0,0.0,0.0,0.0,0.0,0.0,0.0,0.0,0.0
vidstg/search/frame_freeze_5/order2/27,vidstg,search,7,frame_freeze_5,order2,27,False,False,False,0.0,0.0,0.0,0.0,0.0,0.0,0.0,0.0,0.0,0.0,0.0,0.0,0.0,0.0,0.0,0.0,0.0,0.0,0.0,0.0,0.0,0.0,0.0,0.0,0.0,0.0,0.0,0.0,0.0,0.0,0.0,0.0
vidstg/search/frame_freeze_5/order2/28,vidstg,search,6,frame_freeze_5,order2,28,True,False,True,0.44788878827187856,0.5986842105263158,0.7638761494079106,0.9733333333333334,0.6373132034613112,0.8223684210526315,0.21007905335956226,0.2671232876712329,0.6373132034613112,0.8223684210526315,0.026785579954353135,0.03153468815697267,0.723221092900752,0.9246575342465754,0.0273397896219455,0.032167832167832165,0.7674637185736513,0.9795918367346939,-0.2378097349123163,-0.33156092285508293,-0.5537970960483484,-0.7062100456621005,-0.4272341501017489,-0.5552451333813986,0.1894244151894326,0.2236842105263157,-0.12656294594659945,-0.15096491228070186,0.0,0.0,0.4272341501017489,0.5552451333813986
vidstg/search/frame_freeze_5/order2/29,vidstg,search,9,frame_freeze_5,order2,29,False,False,False,0.040675957926878274,0.2014388489208633,0.040675957926878274,0.2014388489208633,0.040675957926878274,0.2014388489208633,0.040675957926878274,0.2014388489208633,0.040675957926878274,0.2014388489208633,0.040675957926878274,0.2014388489208633,0.040675957926878274,0.2014388489208633,0.040675957926878274,0.2014388489208633,0.040675957926878274,0.2014388489208633,0.0,0.0,0.0,0.0,0.0,0.0,0.0,0.0,0.0,0.0,0.0,0.0,0.0,0.0
vidstg/search/frame_freeze_5/order2/30,vidstg,search,25,frame_freeze_5,order2,30,False,False,False,0.08296668549454063,0.11174785100286533,0.08296668549454063,0.11174785100286533,0.08296668549454063,0.11174785100286533,0.08296668549454063,0.11174785100286533,0.08296668549454063,0.11174785100286533,0.08296668549454063,0.11174785100286533,0.08296668549454063,0.11174785100286533,0.08296668549454063,0.11174785100286533,0.08296668549454063,0.11174785100286533,0.0,0.0,0.0,0.0,0.0,0.0,0.0,0.0,0.0,0.0,0.0,0.0,0.0,0.0
vidstg/search/frame_freeze_5/order2/31,vidstg,search,29,frame_freeze_5,order2,31,False,False,False,0.0,0.0,0.0,0.0,0.0,0.0,0.0,0.0,0.0,0.0,0.0,0.0,0.0,0.0,0.0,0.0,0.0,0.0,0.0,0.0,0.0,0.0,0.0,0.0,0.0,0.0,0.0,0.0,0.0,0.0,0.0,0.0
vidstg/search/motion_blur_5/order1/0,vidstg,search,8,motion_blur_5,order1,0,True,False,True,0.10724627016492848,0.8463476070528967,0.10187041858738255,0.8487179487179487,0.10724627016492848,0.8463476070528967,0.10724627016492848,0.8463476070528967,0.10724627016492848,0.8463476070528967,0.13278328925454008,0.9487179487179487,0.1377466446769743,0.9846153846153847,0.1332802834036828,0.9564102564102565,0.13891344235884892,0.9871794871794872,0.0,0.0,0.005375851577545929,-0.0023703416650520115,0.0,0.0,0.0,0.0,0.005375851577545929,-0.0023703416650520115,0.0,0.0,0.0,0.0
vidstg/search/motion_blur_5/order1/1,vidstg,search,15,motion_blur_5,order1,1,False,False,False,0.0,0.0,0.0,0.0,0.0,0.0,0.0,0.0,0.0,0.0,0.0,0.0,0.0,0.0,0.0,0.0,0.0,0.0,0.0,0.0,0.0,0.0,0.0,0.0,0.0,0.0,0.0,0.0,0.0,0.0,0.0,0.0
vidstg/search/motion_blur_5/order1/2,vidstg,search,19,motion_blur_5,order1,2,False,False,False,0.17263091081556545,0.2648221343873518,0.17263091081556545,0.2648221343873518,0.17263091081556545,0.2648221343873518,0.17263091081556545,0.2648221343873518,0.17263091081556545,0.2648221343873518,0.17263091081556545,0.2648221343873518,0.17263091081556545,0.2648221343873518,0.17263091081556545,0.2648221343873518,0.17263091081556545,0.2648221343873518,0.0,0.0,0.0,0.0,0.0,0.0,0.0,0.0,0.0,0.0,0.0,0.0,0.0,0.0
vidstg/search/motion_blur_5/order1/3,vidstg,search,27,motion_blur_5,order1,3,False,False,False,0.09191357567402288,0.3646112600536193,0.09191357567402288,0.3646112600536193,0.09191357567402288,0.3646112600536193,0.09191357567402288,0.3646112600536193,0.09191357567402288,0.3646112600536193,0.09191357567402288,0.3646112600536193,0.09191357567402288,0.3646112600536193,0.09191357567402288,0.3646112600536193,0.09191357567402288,0.3646112600536193,0.0,0.0,0.0,0.0,0.0,0.0,0.0,0.0,0.0,0.0,0.0,0.0,0.0,0.0
vidstg/search/motion_blur_5/order1/4,vidstg,search,7,motion_blur_5,order1,4,True,False,True,0.0,0.0,0.0,0.0,0.0,0.0,0.005142977995648877,0.11,0.00803590311820137,0.171875,0.0,0.0,0.014286049987913545,0.3055555555555556,0.0,0.0,0.013899940528780746,0.2972972972972973,0.005142977995648877,0.11,0.005142977995648877,0.11,0.005142977995648877,0.11,0.00803590311820137,0.171875,0.00803590311820137,0.171875,0.00803590311820137,0.171875,0.0028929251225524926,0.061875
vidstg/search/motion_blur_5/order1/5,vidstg,search,1,motion_blur_5,order1,5,False,False,False,0.0,0.0,0.0,0.0,0.0,0.0,0.0,0.0,0.0,0.0,0.0,0.0,0.0,0.0,0.0,0.0,0.0,0.0,0.0,0.0,0.0,0.0,0.0,0.0,0.0,0.0,0.0,0.0,0.0,0.0,0.0,0.0
vidstg/search/motion_blur_5/order1/6,vidstg,search,25,motion_blur_5,order1,6,False,False,False,0.08256510421690379,0.11174785100286533,0.08256510421690379,0.11174785100286533,0.08256510421690379,0.11174785100286533,0.08256510421690379,0.11174785100286533,0.08256510421690379,0.11174785100286533,0.08256510421690379,0.11174785100286533,0.08256510421690379,0.11174785100286533,0.08256510421690379,0.11174785100286533,0.08256510421690379,0.11174785100286533,0.0,0.0,0.0,0.0,0.0,0.0,0.0,0.0,0.0,0.0,0.0,0.0,0.0,0.0
vidstg/search/motion_blur_5/order1/7,vidstg,search,3,motion_blur_5,order1,7,False,False,False,0.0704048351919994,0.1346153846153846,0.0704048351919994,0.1346153846153846,0.0704048351919994,0.1346153846153846,0.0704048351919994,0.1346153846153846,0.0704048351919994,0.1346153846153846,0.0704048351919994,0.1346153846153846,0.0704048351919994,0.1346153846153846,0.0704048351919994,0.1346153846153846,0.0704048351919994,0.1346153846153846,0.0,0.0,0.0,0.0,0.0,0.0,0.0,0.0,0.0,0.0,0.0,0.0,0.0,0.0
vidstg/search/motion_blur_5/order1/8,vidstg,search,4,motion_blur_5,order1,8,True,False,True,0.1302470706281343,0.5048543689320388,0.05369832922217827,0.2251655629139073,0.1302470706281343,0.5048543689320388,0.1302470706281343,0.5048543689320388,0.1302470706281343,0.5048543689320388,0.0,0.0,0.2634115223203303,0.9868421052631579,0.0,0.0,0.2550742814277275,0.9620253164556962,0.0,0.0,0.07654874140595602,0.2796888060181315,0.0,0.0,0.0,0.0,0.07654874140595602,0.2796888060181315,0.0,0.0,0.0,0.0
vidstg/search/motion_blur_5/order1/9,vidstg,search,6,motion_blur_5,order1,9,False,False,False,0.40731274105828824,0.5986842105263158,0.40731274105828824,0.5986842105263158,0.40731274105828824,0.5986842105263158,0.40731274105828824,0.5986842105263158,0.40731274105828824,0.5986842105263158,0.40731274105828824,0.5986842105263158,0.40731274105828824,0.5986842105263158,0.40731274105828824,0.5986842105263158,0.40731274105828824,0.5986842105263158,0.0,0.0,0.0,0.0,0.0,0.0,0.0,0.0,0.0,0.0,0.0,0.0,0.0,0.0
vidstg/search/motion_blur_5/order1/10,vidstg,search,20,motion_blur_5,order1,10,False,False,False,0.2702374408385505,0.4742268041237113,0.2702374408385505,0.4742268041237113,0.2702374408385505,0.4742268041237113,0.2702374408385505,0.4742268041237113,0.2702374408385505,0.4742268041237113,0.2702374408385505,0.4742268041237113,0.2702374408385505,0.4742268041237113,0.2702374408385505,0.4742268041237113,0.2702374408385505,0.4742268041237113,0.0,0.0,0.0,0.0,0.0,0.0,0.0,0.0,0.0,0.0,0.0,0.0,0.0,0.0
vidstg/search/motion_blur_5/order1/11,vidstg,search,17,motion_blur_5,order1,11,False,False,False,0.06472874535136,0.3467741935483871,0.06472874535136,0.3467741935483871,0.06472874535136,0.3467741935483871,0.06472874535136,0.3467741935483871,0.06472874535136,0.3467741935483871,0.06472874535136,0.3467741935483871,0.06472874535136,0.3467741935483871,0.06472874535136,0.3467741935483871,0.06472874535136,0.3467741935483871,0.0,0.0,0.0,0.0,0.0,0.0,0.0,0.0,0.0,0.0,0.0,0.0,0.0,0.0
vidstg/search/motion_blur_5/order1/12,vidstg,search,24,motion_blur_5,order1,12,True,False,True,0.007183209192352537,0.685131195335277,0.007183209192352537,0.7201166180758017,0.007183209192352537,0.8425655976676385,0.007183209192352537,0.7900874635568513,0.007183209192352537,0.8425655976676385,0.007183209192352537,0.8104956268221575,0.007059715624575702,0.9828080229226361,0.007183209192352537,0.8250728862973761,0.007059715624575702,0.9828080229226361,0.0,0.10495626822157433,0.0,0.06997084548104959,0.0,-0.05247813411078717,0.0,0.1574344023323615,0.0,0.12244897959183676,0.0,0.0,0.0,0.05247813411078717
vidstg/search/motion_blur_5/order1/13,vidstg,search,2,motion_blur_5,order1,13,False,False,False,0.1828411623314749,0.861904761904762,0.1828411623314749,0.861904761904762,0.1828411623314749,0.861904761904762,0.1828411623314749,0.861904761904762,0.1828411623314749,0.861904761904762,0.1828411623314749,0.861904761904762,0.1828411623314749,0.861904761904762,0.1828411623314749,0.861904761904762,0.1828411623314749,0.861904761904762,0.0,0.0,0.0,0.0,0.0,0.0,0.0,0.0,0.0,0.0,0.0,0.0,0.0,0.0
vidstg/search/motion_blur_5/order1/14,vidstg,search,0,motion_blur_5,order1,14,False,False,False,0.028466618472529223,0.144136078782453,0.028466618472529223,0.144136078782453,0.028466618472529223,0.144136078782453,0.028466618472529223,0.144136078782453,0.028466618472529223,0.144136078782453,0.028466618472529223,0.144136078782453,0.028466618472529223,0.144136078782453,0.028466618472529223,0.144136078782453,0.028466618472529223,0.144136078782453,0.0,0.0,0.0,0.0,0.0,0.0,0.0,0.0,0.0,0.0,0.0,0.0,0.0,0.0
vidstg/search/motion_blur_5/order1/15,vidstg,search,9,motion_blur_5,order1,15,False,False,False,0.04717126002757894,0.28865979381443296,0.04717126002757894,0.28865979381443296,0.04717126002757894,0.28865979381443296,0.04717126002757894,0.28865979381443296,0.04717126002757894,0.28865979381443296,0.04717126002757894,0.28865979381443296,0.04717126002757894,0.28865979381443296,0.04717126002757894,0.28865979381443296,0.04717126002757894,0.28865979381443296,0.0,0.0,0.0,0.0,0.0,0.0,0.0,0.0,0.0,0.0,0.0,0.0,0.0,0.0
vidstg/search/motion_blur_5/order1/16,vidstg,search,26,motion_blur_5,order1,16,True,False,True,0.22116317957249867,0.6744904261890056,0.2417139510998666,0.8486720197652872,0.22116317957249867,0.6744904261890056,0.2188446183377342,0.6731352334748333,0.2188446183377342,0.6731352334748333,0.2618536672427197,0.867631296891747,0.2735828348683734,0.906494960806271,0.2594896139537519,0.859798194370685,0.27145496837495275,0.8994444444444445,-0.0023185612347644824,-0.001355192714172282,-0.022869332762132405,-0.17553678629045388,-0.0023185612347644824,-0.001355192714172282,-0.0023185612347644824,-0.001355192714172282,-0.022869332762132405,-0.17553678629045388,-0.0023185612347644824,-0.001355192714172282,0.0,0.0
vidstg/search/motion_blur_5/order1/17,vidstg,search,22,motion_blur_5,order1,17,False,False,False,0.49693363098453275,0.6785714285714286,0.49693363098453275,0.6785714285714286,0.49693363098453275,0.6785714285714286,0.49693363098453275,0.6785714285714286,0.49693363098453275,0.6785714285714286,0.49693363098453275,0.6785714285714286,0.49693363098453275,0.6785714285714286,0.49693363098453275,0.6785714285714286,0.49693363098453275,0.6785714285714286,0.0,0.0,0.0,0.0,0.0,0.0,0.0,0.0,0.0,0.0,0.0,0.0,0.0,0.0
vidstg/search/motion_blur_5/order1/18,vidstg,search,5,motion_blur_5,order1,18,False,False,False,0.4026347281339664,0.6312056737588653,0.4026347281339664,0.6312056737588653,0.4026347281339664,0.6312056737588653,0.4026347281339664,0.6312056737588653,0.4026347281339664,0.6312056737588653,0.4026347281339664,0.6312056737588653,0.4026347281339664,0.6312056737588653,0.4026347281339664,0.6312056737588653,0.4026347281339664,0.6312056737588653,0.0,0.0,0.0,0.0,0.0,0.0,0.0,0.0,0.0,0.0,0.0,0.0,0.0,0.0
vidstg/search/motion_blur_5/order1/19,vidstg,search,13,motion_blur_5,order1,19,False,False,False,0.03702692365141069,0.05448717948717949,0.03702692365141069,0.05448717948717949,0.03702692365141069,0.05448717948717949,0.03702692365141069,0.05448717948717949,0.03702692365141069,0.05448717948717949,0.03702692365141069,0.05448717948717949,0.03702692365141069,0.05448717948717949,0.03702692365141069,0.05448717948717949,0.03702692365141069,0.05448717948717949,0.0,0.0,0.0,0.0,0.0,0.0,0.0,0.0,0.0,0.0,0.0,0.0,0.0,0.0
vidstg/search/motion_blur_5/order1/20,vidstg,search,18,motion_blur_5,order1,20,True,False,True,0.0,0.0,0.007941445540529179,0.2616279069767442,0.0,0.0,0.0,0.0,0.0,0.0,0.006350762879715478,0.23046092184368738,0.029078748923812396,0.8333333333333334,0.006715578267749762,0.23809523809523808,0.02926996084167382,0.8481481481481481,0.0,0.0,-0.007941445540529179,-0.2616279069767442,0.0,0.0,0.0,0.0,-0.007941445540529179,-0.2616279069767442,0.0,0.0,0.0,0.0
vidstg/search/motion_blur_5/order1/21,vidstg,search,10,motion_blur_5,order1,21,False,False,False,0.2183288068520704,0.7914110429447853,0.2183288068520704,0.7914110429447853,0.2183288068520704,0.7914110429447853,0.2183288068520704,0.7914110429447853,0.2183288068520704,0.7914110429447853,0.2183288068520704,0.7914110429447853,0.2183288068520704,0.7914110429447853,0.2183288068520704,0.7914110429447853,0.2183288068520704,0.7914110429447853,0.0,0.0,0.0,0.0,0.0,0.0,0.0,0.0,0.0,0.0,0.0,0.0,0.0,0.0
vidstg/search/motion_blur_5/order1/22,vidstg,search,28,motion_blur_5,order1,22,False,False,False,0.6126023488462373,0.8521739130434782,0.6126023488462373,0.8521739130434782,0.6126023488462373,0.8521739130434782,0.6126023488462373,0.8521739130434782,0.6126023488462373,0.8521739130434782,0.6126023488462373,0.8521739130434782,0.6126023488462373,0.8521739130434782,0.6126023488462373,0.8521739130434782,0.6126023488462373,0.8521739130434782,0.0,0.0,0.0,0.0,0.0,0.0,0.0,0.0,0.0,0.0,0.0,0.0,0.0,0.0
vidstg/search/motion_blur_5/order1/23,vidstg,search,31,motion_blur_5,order1,23,False,False,False,0.0,0.9222520107238605,0.0,0.9222520107238605,0.0,0.9222520107238605,0.0,0.9222520107238605,0.0,0.9222520107238605,0.0,0.9222520107238605,0.0,0.9222520107238605,0.0,0.9222520107238605,0.0,0.9222520107238605,0.0,0.0,0.0,0.0,0.0,0.0,0.0,0.0,0.0,0.0,0.0,0.0,0.0,0.0
vidstg/search/motion_blur_5/order1/24,vidstg,search,23,motion_blur_5,order1,24,True,False,True,0.0,0.0,0.0,0.0,0.0,0.0,0.0,0.0,0.0,0.0,0.01072406716314379,0.042826552462526764,0.1538667185436757,0.875,0.010689731836047277,0.042689434364994665,0.1872078539598703,0.925,0.0,0.0,0.0,0.0,0.0,0.0,0.0,0.0,0.0,0.0,0.0,0.0,0.0,0.0
vidstg/search/motion_blur_5/order1/25,vidstg,search,21,motion_blur_5,order1,25,False,False,False,0.2771070836892388,0.5871559633027523,0.2771070836892388,0.5871559633027523,0.2771070836892388,0.5871559633027523,0.2771070836892388,0.5871559633027523,0.2771070836892388,0.5871559633027523,0.2771070836892388,0.5871559633027523,0.2771070836892388,0.5871559633027523,0.2771070836892388,0.5871559633027523,0.2771070836892388,0.5871559633027523,0.0,0.0,0.0,0.0,0.0,0.0,0.0,0.0,0.0,0.0,0.0,0.0,0.0,0.0
vidstg/search/motion_blur_5/order1/26,vidstg,search,11,motion_blur_5,order1,26,False,False,False,0.6406530242946237,0.84375,0.6406530242946237,0.84375,0.6406530242946237,0.84375,0.6406530242946237,0.84375,0.6406530242946237,0.84375,0.6406530242946237,0.84375,0.6406530242946237,0.84375,0.6406530242946237,0.84375,0.6406530242946237,0.84375,0.0,0.0,0.0,0.0,0.0,0.0,0.0,0.0,0.0,0.0,0.0,0.0,0.0,0.0
vidstg/search/motion_blur_5/order1/27,vidstg,search,12,motion_blur_5,order1,27,False,False,False,0.0971266158844932,0.27228915662650605,0.0971266158844932,0.27228915662650605,0.0971266158844932,0.27228915662650605,0.0971266158844932,0.27228915662650605,0.0971266158844932,0.27228915662650605,0.0971266158844932,0.27228915662650605,0.0971266158844932,0.27228915662650605,0.0971266158844932,0.27228915662650605,0.0971266158844932,0.27228915662650605,0.0,0.0,0.0,0.0,0.0,0.0,0.0,0.0,0.0,0.0,0.0,0.0,0.0,0.0
vidstg/search/motion_blur_5/order1/28,vidstg,search,29,motion_blur_5,order1,28,True,False,True,0.0,0.0,0.0,0.0,0.0,0.0,0.0,0.0,0.0,0.0,0.0,0.2108575924468922,0.0,0.9562289562289562,0.0,0.21428571428571427,0.0,0.9437086092715232,0.0,0.0,0.0,0.0,0.0,0.0,0.0,0.0,0.0,0.0,0.0,0.0,0.0,0.0
vidstg/search/motion_blur_5/order1/29,vidstg,search,16,motion_blur_5,order1,29,False,False,False,0.0001484457018888378,0.10043668122270742,0.0001484457018888378,0.10043668122270742,0.0001484457018888378,0.10043668122270742,0.0001484457018888378,0.10043668122270742,0.0001484457018888378,0.10043668122270742,0.0001484457018888378,0.10043668122270742,0.0001484457018888378,0.10043668122270742,0.0001484457018888378,0.10043668122270742,0.0001484457018888378,0.10043668122270742,0.0,0.0,0.0,0.0,0.0,0.0,0.0,0.0,0.0,0.0,0.0,0.0,0.0,0.0
vidstg/search/motion_blur_5/order1/30,vidstg,search,30,motion_blur_5,order1,30,False,False,False,0.15233673853925994,0.3127962085308057,0.15233673853925994,0.3127962085308057,0.15233673853925994,0.3127962085308057,0.15233673853925994,0.3127962085308057,0.15233673853925994,0.3127962085308057,0.15233673853925994,0.3127962085308057,0.15233673853925994,0.3127962085308057,0.15233673853925994,0.3127962085308057,0.15233673853925994,0.3127962085308057,0.0,0.0,0.0,0.0,0.0,0.0,0.0,0.0,0.0,0.0,0.0,0.0,0.0,0.0
vidstg/search/motion_blur_5/order1/31,vidstg,search,14,motion_blur_5,order1,31,False,False,False,0.0,0.0,0.0,0.0,0.0,0.0,0.0,0.0,0.0,0.0,0.0,0.0,0.0,0.0,0.0,0.0,0.0,0.0,0.0,0.0,0.0,0.0,0.0,0.0,0.0,0.0,0.0,0.0,0.0,0.0,0.0,0.0
vidstg/search/motion_blur_5/order2/0,vidstg,search,1,motion_blur_5,order2,0,True,False,True,0.0,0.0,0.0,0.0,0.0,0.0,0.0,0.0,0.0,0.0,0.0,0.03544776119402985,0.0,0.8028169014084507,0.0,0.03518518518518519,0.0,0.7215189873417721,0.0,0.0,0.0,0.0,0.0,0.0,0.0,0.0,0.0,0.0,0.0,0.0,0.0,0.0
vidstg/search/motion_blur_5/order2/1,vidstg,search,18,motion_blur_5,order2,1,False,False,False,0.0,0.0,0.0,0.0,0.0,0.0,0.0,0.0,0.0,0.0,0.0,0.0,0.0,0.0,0.0,0.0,0.0,0.0,0.0,0.0,0.0,0.0,0.0,0.0,0.0,0.0,0.0,0.0,0.0,0.0,0.0,0.0
vidstg/search/motion_blur_5/order2/2,vidstg,search,20,motion_blur_5,order2,2,False,False,False,0.33450899520197236,0.4742268041237113,0.33450899520197236,0.4742268041237113,0.33450899520197236,0.4742268041237113,0.33450899520197236,0.4742268041237113,0.33450899520197236,0.4742268041237113,0.33450899520197236,0.4742268041237113,0.33450899520197236,0.4742268041237113,0.33450899520197236,0.4742268041237113,0.33450899520197236,0.4742268041237113,0.0,0.0,0.0,0.0,0.0,0.0,0.0,0.0,0.0,0.0,0.0,0.0,0.0,0.0
vidstg/search/motion_blur_5/order2/3,vidstg,search,22,motion_blur_5,order2,3,False,False,False,0.4780193140592753,0.6785714285714286,0.4780193140592753,0.6785714285714286,0.4780193140592753,0.6785714285714286,0.4780193140592753,0.6785714285714286,0.4780193140592753,0.6785714285714286,0.4780193140592753,0.6785714285714286,0.4780193140592753,0.6785714285714286,0.4780193140592753,0.6785714285714286,0.4780193140592753,0.6785714285714286,0.0,0.0,0.0,0.0,0.0,0.0,0.0,0.0,0.0,0.0,0.0,0.0,0.0,0.0
vidstg/search/motion_blur_5/order2/4,vidstg,search,10,motion_blur_5,order2,4,True,False,True,0.250952141998507,0.7914110429447853,0.250952141998507,0.7914110429447853,0.250952141998507,0.7914110429447853,0.250952141998507,0.7914110429447853,0.250952141998507,0.7914110429447853,0.1406065348054359,0.44970414201183434,0.2742307035836095,0.9440993788819876,0.15150075698785276,0.46285714285714286,0.27150015815856016,0.9386503067484663,0.0,0.0,0.0,0.0,0.0,0.0,0.0,0.0,0.0,0.0,0.0,0.0,0.0,0.0
vidstg/search/motion_blur_5/order2/5,vidstg,search,17,motion_blur_5,order2,5,False,False,False,0.07311579101460954,0.3467741935483871,0.07311579101460954,0.3467741935483871,0.07311579101460954,0.3467741935483871,0.07311579101460954,0.3467741935483871,0.07311579101460954,0.3467741935483871,0.07311579101460954,0.3467741935483871,0.07311579101460954,0.3467741935483871,0.07311579101460954,0.3467741935483871,0.07311579101460954,0.3467741935483871,0.0,0.0,0.0,0.0,0.0,0.0,0.0,0.0,0.0,0.0,0.0,0.0,0.0,0.0
vidstg/search/motion_blur_5/order2/6,vidstg,search,16,motion_blur_5,order2,6,False,False,False,7.530809946440707e-05,0.10043668122270742,7.530809946440707e-05,0.10043668122270742,7.530809946440707e-05,0.10043668122270742,7.530809946440707e-05,0.10043668122270742,7.530809946440707e-05,0.10043668122270742,7.530809946440707e-05,0.10043668122270742,7.530809946440707e-05,0.10043668122270742,7.530809946440707e-05,0.10043668122270742,7.530809946440707e-05,0.10043668122270742,0.0,0.0,0.0,0.0,0.0,0.0,0.0,0.0,0.0,0.0,0.0,0.0,0.0,0.0
vidstg/search/motion_blur_5/order2/7,vidstg,search,13,motion_blur_5,order2,7,False,False,False,0.03677006853734143,0.05448717948717949,0.03677006853734143,0.05448717948717949,0.03677006853734143,0.05448717948717949,0.03677006853734143,0.05448717948717949,0.03677006853734143,0.05448717948717949,0.03677006853734143,0.05448717948717949,0.03677006853734143,0.05448717948717949,0.03677006853734143,0.05448717948717949,0.03677006853734143,0.05448717948717949,0.0,0.0,0.0,0.0,0.0,0.0,0.0,0.0,0.0,0.0,0.0,0.0,0.0,0.0
vidstg/search/motion_blur_5/order2/8,vidstg,search,15,motion_blur_5,order2,8,True,False,True,0.0,0.0,0.00472173214913262,0.009828009828009828,0.0,0.0,0.01133672899833823,0.02457002457002457,0.0485689337086701,0.10526315789473684,0.11720883428919252,0.25,0.23813858395264512,0.5079365079365079,0.11452466251157742,0.24427480916030533,0.23081124290794833,0.49230769230769234,0.01133672899833823,0.02457002457002457,0.006614996849205611,0.01474201474201474,0.01133672899833823,0.02457002457002457,0.0485689337086701,0.10526315789473684,0.04384720155953748,0.09543514806672701,0.0485689337086701,0.10526315789473684,0.037232204710331875,0.08069313332471227
vidstg/search/motion_blur_5/order2/9,vidstg,search,31,motion_blur_5,order2,9,False,False,False,0.0,0.9222520107238605,0.0,0.9222520107238605,0.0,0.9222520107238605,0.0,0.9222520107238605,0.0,0.9222520107238605,0.0,0.9222520107238605,0.0,0.9222520107238605,0.0,0.9222520107238605,0.0,0.9222520107238605,0.0,0.0,0.0,0.0,0.0,0.0,0.0,0.0,0.0,0.0,0.0,0.0,0.0,0.0
vidstg/search/motion_blur_5/order2/10,vidstg,search,23,motion_blur_5,order2,10,False,False,False,0.0,0.0,0.0,0.0,0.0,0.0,0.0,0.0,0.0,0.0,0.0,0.0,0.0,0.0,0.0,0.0,0.0,0.0,0.0,0.0,0.0,0.0,0.0,0.0,0.0,0.0,0.0,0.0,0.0,0.0,0.0,0.0
vidstg/search/motion_blur_5/order2/11,vidstg,search,28,motion_blur_5,order2,11,False,False,False,0.5988808509273742,0.8521739130434782,0.5988808509273742,0.8521739130434782,0.5988808509273742,0.8521739130434782,0.5988808509273742,0.8521739130434782,0.5988808509273742,0.8521739130434782,0.5988808509273742,0.8521739130434782,0.5988808509273742,0.8521739130434782,0.5988808509273742,0.8521739130434782,0.5988808509273742,0.8521739130434782,0.0,0.0,0.0,0.0,0.0,0.0,0.0,0.0,0.0,0.0,0.0,0.0,0.0,0.0
vidstg/search/motion_blur_5/order2/12,vidstg,search,30,motion_blur_5,order2,12,True,False,True,0.10848595809161776,0.3127962085308057,0.11166115686503096,0.32195121951219513,0.10848595809161776,0.3127962085308057,0.10848595809161776,0.3127962085308057,0.10848595809161776,0.3127962085308057,0.1375763827801159,0.4074074074074074,0.32361154946518966,0.9629629629629629,0.1358162461486029,0.40414507772020725,0.3083827706668278,0.9176470588235294,0.0,0.0,-0.0031751987734131987,-0.009155010981389433,0.0,0.0,0.0,0.0,-0.0031751987734131987,-0.009155010981389433,0.0,0.0,0.0,0.0
vidstg/search/motion_blur_5/order2/13,vidstg,search,21,motion_blur_5,order2,13,False,False,False,0.27691003764031913,0.5871559633027523,0.27691003764031913,0.5871559633027523,0.27691003764031913,0.5871559633027523,0.27691003764031913,0.5871559633027523,0.27691003764031913,0.5871559633027523,0.27691003764031913,0.5871559633027523,0.27691003764031913,0.5871559633027523,0.27691003764031913,0.5871559633027523,0.27691003764031913,0.5871559633027523,0.0,0.0,0.0,0.0,0.0,0.0,0.0,0.0,0.0,0.0,0.0,0.0,0.0,0.0
vidstg/search/motion_blur_5/order2/14,vidstg,search,4,motion_blur_5,order2,14,False,False,False,0.2331841124359625,0.5048543689320388,0.2331841124359625,0.5048543689320388,0.2331841124359625,0.5048543689320388,0.2331841124359625,0.5048543689320388,0.2331841124359625,0.5048543689320388,0.2331841124359625,0.5048543689320388,0.2331841124359625,0.5048543689320388,0.2331841124359625,0.5048543689320388,0.2331841124359625,0.5048543689320388,0.0,0.0,0.0,0.0,0.0,0.0,0.0,0.0,0.0,0.0,0.0,0.0,0.0,0.0
vidstg/search/motion_blur_5/order2/15,vidstg,search,26,motion_blur_5,order2,15,False,False,False,0.24690784315570502,0.6744904261890056,0.24690784315570502,0.6744904261890056,0.24690784315570502,0.6744904261890056,0.24690784315570502,0.6744904261890056,0.24690784315570502,0.6744904261890056,0.24690784315570502,0.6744904261890056,0.24690784315570502,0.6744904261890056,0.24690784315570502,0.6744904261890056,0.24690784315570502,0.6744904261890056,0.0,0.0,0.0,0.0,0.0,0.0,0.0,0.0,0.0,0.0,0.0,0.0,0.0,0.0
vidstg/search/motion_blur_5/order2/16,vidstg,search,11,motion_blur_5,order2,16,True,False,True,0.6445911251066706,0.84375,0.5428135790371963,0.7105263157894737,0.6445911251066706,0.84375,0.6445911251066706,0.84375,0.6445911251066706,0.84375,0.5428135790371963,0.7105263157894737,0.5428135790371963,0.7105263157894737,0.5428135790371963,0.7105263157894737,0.5428135790371963,0.7105263157894737,0.0,0.0,0.10177754606947431,0.13322368421052633,0.0,0.0,0.0,0.0,0.10177754606947431,0.13322368421052633,0.0,0.0,0.0,0.0
vidstg/search/motion_blur_5/order2/17,vidstg,search,14,motion_blur_5,order2,17,False,False,False,0.0,0.0,0.0,0.0,0.0,0.0,0.0,0.0,0.0,0.0,0.0,0.0,0.0,0.0,0.0,0.0,0.0,0.0,0.0,0.0,0.0,0.0,0.0,0.0,0.0,0.0,0.0,0.0,0.0,0.0,0.0,0.0
vidstg/search/motion_blur_5/order2/18,vidstg,search,27,motion_blur_5,order2,18,False,False,False,0.14225750076752236,0.3646112600536193,0.14225750076752236,0.3646112600536193,0.14225750076752236,0.3646112600536193,0.14225750076752236,0.3646112600536193,0.14225750076752236,0.3646112600536193,0.14225750076752236,0.3646112600536193,0.14225750076752236,0.3646112600536193,0.14225750076752236,0.3646112600536193,0.14225750076752236,0.3646112600536193,0.0,0.0,0.0,0.0,0.0,0.0,0.0,0.0,0.0,0.0,0.0,0.0,0.0,0.0
vidstg/search/motion_blur_5/order2/19,vidstg,search,0,motion_blur_5,order2,19,False,False,False,0.0043092481138129,0.144136078782453,0.0043092481138129,0.144136078782453,0.0043092481138129,0.144136078782453,0.0043092481138129,0.144136078782453,0.0043092481138129,0.144136078782453,0.0043092481138129,0.144136078782453,0.0043092481138129,0.144136078782453,0.0043092481138129,0.144136078782453,0.0043092481138129,0.144136078782453,0.0,0.0,0.0,0.0,0.0,0.0,0.0,0.0,0.0,0.0,0.0,0.0,0.0,0.0
vidstg/search/motion_blur_5/order2/20,vidstg,search,19,motion_blur_5,order2,20,True,False,True,0.17920539297777943,0.2648221343873518,0.6409659329567389,0.8892988929889298,0.6629838466842605,0.9198473282442748,0.6629838466842605,0.9198473282442748,0.6629838466842605,0.9198473282442748,0.3938815597081094,0.546485260770975,0.5870399473496744,0.8120567375886525,0.3929904249576386,0.5452488687782805,0.5925286185076142,0.8197879858657244,0.48377845370648104,0.655025193856923,0.0220179137275216,0.030548435255345008,0.0,0.0,0.48377845370648104,0.655025193856923,0.0220179137275216,0.030548435255345008,0.0,0.0,0.0,0.0
vidstg/search/motion_blur_5/order2/21,vidstg,search,12,motion_blur_5,order2,21,False,False,False,0.05080096493066159,0.27228915662650605,0.05080096493066159,0.27228915662650605,0.05080096493066159,0.27228915662650605,0.05080096493066159,0.27228915662650605,0.05080096493066159,0.27228915662650605,0.05080096493066159,0.27228915662650605,0.05080096493066159,0.27228915662650605,0.05080096493066159,0.27228915662650605,0.05080096493066159,0.27228915662650605,0.0,0.0,0.0,0.0,0.0,0.0,0.0,0.0,0.0,0.0,0.0,0.0,0.0,0.0
vidstg/search/motion_blur_5/order2/22,vidstg,search,8,motion_blur_5,order2,22,False,False,False,0.133268318735385,0.8463476070528967,0.133268318735385,0.8463476070528967,0.133268318735385,0.8463476070528967,0.133268318735385,0.8463476070528967,0.133268318735385,0.8463476070528967,0.133268318735385,0.8463476070528967,0.133268318735385,0.8463476070528967,0.133268318735385,0.8463476070528967,0.133268318735385,0.8463476070528967,0.0,0.0,0.0,0.0,0.0,0.0,0.0,0.0,0.0,0.0,0.0,0.0,0.0,0.0
vidstg/search/motion_blur_5/order2/23,vidstg,search,24,motion_blur_5,order2,23,False,False,False,0.012914189810880005,0.685131195335277,0.012914189810880005,0.685131195335277,0.012914189810880005,0.685131195335277,0.012914189810880005,0.685131195335277,0.012914189810880005,0.685131195335277,0.012914189810880005,0.685131195335277,0.012914189810880005,0.685131195335277,0.012914189810880005,0.685131195335277,0.012914189810880005,0.685131195335277,0.0,0.0,0.0,0.0,0.0,0.0,0.0,0.0,0.0,0.0,0.0,0.0,0.0,0.0
vidstg/search/motion_blur_5/order2/24,vidstg,search,3,motion_blur_5,order2,24,True,False,True,0.08596529089171753,0.1346153846153846,0.11943495360031113,0.19254658385093168,0.10643321729450743,0.16666666666666666,0.08078665891028877,0.12650602409638553,0.10643321729450743,0.16666666666666666,0.259371276093123,0.4915254237288136,0.4497115386552804,0.8645833333333334,0.26095419920753543,0.5027624309392266,0.4600142748818267,0.8958333333333334,-0.005178631981428761,-0.008109360518999076,-0.03864829469002236,-0.06604055975454615,-0.025646558384218657,-0.040160642570281124,0.020467926402789896,0.03205128205128205,-0.013001736305803702,-0.025879917184265022,0.0,0.0,0.025646558384218657,0.040160642570281124
vidstg/search/motion_blur_5/order2/25,vidstg,search,5,motion_blur_5,order2,25,False,False,False,0.39204926264540546,0.6312056737588653,0.39204926264540546,0.6312056737588653,0.39204926264540546,0.6312056737588653,0.39204926264540546,0.6312056737588653,0.39204926264540546,0.6312056737588653,0.39204926264540546,0.6312056737588653,0.39204926264540546,0.6312056737588653,0.39204926264540546,0.6312056737588653,0.39204926264540546,0.6312056737588653,0.0,0.0,0.0,0.0,0.0,0.0,0.0,0.0,0.0,0.0,0.0,0.0,0.0,0.0
vidstg/search/motion_blur_5/order2/26,vidstg,search,2,motion_blur_5,order2,26,False,False,False,0.35215473926287,0.861904761904762,0.35215473926287,0.861904761904762,0.35215473926287,0.861904761904762,0.35215473926287,0.861904761904762,0.35215473926287,0.861904761904762,0.35215473926287,0.861904761904762,0.35215473926287,0.861904761904762,0.35215473926287,0.861904761904762,0.35215473926287,0.861904761904762,0.0,0.0,0.0,0.0,0.0,0.0,0.0,0.0,0.0,0.0,0.0,0.0,0.0,0.0
vidstg/search/motion_blur_5/order2/27,vidstg,search,7,motion_blur_5,order2,27,False,False,False,0.0,0.0,0.0,0.0,0.0,0.0,0.0,0.0,0.0,0.0,0.0,0.0,0.0,0.0,0.0,0.0,0.0,0.0,0.0,0.0,0.0,0.0,0.0,0.0,0.0,0.0,0.0,0.0,0.0,0.0,0.0,0.0
vidstg/search/motion_blur_5/order2/28,vidstg,search,6,motion_blur_5,order2,28,True,False,True,0.4410575223467361,0.5986842105263158,0.7466886399394409,0.9733333333333334,0.6245198374521637,0.8223684210526315,0.20721874160225937,0.2671232876712329,0.6245198374521637,0.8223684210526315,0.03047695307314111,0.03709311127933384,0.7070539972849397,0.9246575342465754,0.03462985382338266,0.04242424242424243,0.7502920257886928,0.9795918367346939,-0.23383878074447675,-0.33156092285508293,-0.5394698983371815,-0.7062100456621005,-0.41730109584990427,-0.5552451333813986,0.18346231510542754,0.2236842105263157,-0.12216880248727724,-0.15096491228070186,0.0,0.0,0.41730109584990427,0.5552451333813986
vidstg/search/motion_blur_5/order2/29,vidstg,search,9,motion_blur_5,order2,29,False,False,False,0.05649816005520128,0.28865979381443296,0.05649816005520128,0.28865979381443296,0.05649816005520128,0.28865979381443296,0.05649816005520128,0.28865979381443296,0.05649816005520128,0.28865979381443296,0.05649816005520128,0.28865979381443296,0.05649816005520128,0.28865979381443296,0.05649816005520128,0.28865979381443296,0.05649816005520128,0.28865979381443296,0.0,0.0,0.0,0.0,0.0,0.0,0.0,0.0,0.0,0.0,0.0,0.0,0.0,0.0
vidstg/search/motion_blur_5/order2/30,vidstg,search,25,motion_blur_5,order2,30,False,False,False,0.08380878334595192,0.11174785100286533,0.08380878334595192,0.11174785100286533,0.08380878334595192,0.11174785100286533,0.08380878334595192,0.11174785100286533,0.08380878334595192,0.11174785100286533,0.08380878334595192,0.11174785100286533,0.08380878334595192,0.11174785100286533,0.08380878334595192,0.11174785100286533,0.08380878334595192,0.11174785100286533,0.0,0.0,0.0,0.0,0.0,0.0,0.0,0.0,0.0,0.0,0.0,0.0,0.0,0.0
vidstg/search/motion_blur_5/order2/31,vidstg,search,29,motion_blur_5,order2,31,False,False,False,0.0,0.0,0.0,0.0,0.0,0.0,0.0,0.0,0.0,0.0,0.0,0.0,0.0,0.0,0.0,0.0,0.0,0.0,0.0,0.0,0.0,0.0,0.0,0.0,0.0,0.0,0.0,0.0,0.0,0.0,0.0,0.0
vidstg/search/occlusion_5/order1/0,vidstg,search,8,occlusion_5,order1,0,True,False,True,0.0995061743917958,0.8161209068010076,0.10916832492860544,0.8593350383631714,0.10751842581129654,0.8463476070528967,0.10751842581129654,0.8463476070528967,0.10751842581129654,0.8463476070528967,0.12925554023651925,0.9435897435897436,0.1337988400143631,0.982051282051282,0.13068476082180236,0.9564102564102565,0.13554835026477374,0.9871794871794872,0.008012251419500738,0.030226700251889116,-0.001649899117308895,-0.012987431310274689,0.0,0.0,0.008012251419500738,0.030226700251889116,-0.001649899117308895,-0.012987431310274689,0.0,0.0,0.0,0.0
vidstg/search/occlusion_5/order1/1,vidstg,search,15,occlusion_5,order1,1,False,False,False,0.0,0.0,0.0,0.0,0.0,0.0,0.0,0.0,0.0,0.0,0.0,0.0,0.0,0.0,0.0,0.0,0.0,0.0,0.0,0.0,0.0,0.0,0.0,0.0,0.0,0.0,0.0,0.0,0.0,0.0,0.0,0.0
vidstg/search/occlusion_5/order1/2,vidstg,search,19,occlusion_5,order1,2,False,False,False,0.5704998795090411,0.8169491525423729,0.5704998795090411,0.8169491525423729,0.5704998795090411,0.8169491525423729,0.5704998795090411,0.8169491525423729,0.5704998795090411,0.8169491525423729,0.5704998795090411,0.8169491525423729,0.5704998795090411,0.8169491525423729,0.5704998795090411,0.8169491525423729,0.5704998795090411,0.8169491525423729,0.0,0.0,0.0,0.0,0.0,0.0,0.0,0.0,0.0,0.0,0.0,0.0,0.0,0.0
vidstg/search/occlusion_5/order1/3,vidstg,search,27,occlusion_5,order1,3,False,False,False,0.09218067974526811,0.37057220708446864,0.09218067974526811,0.37057220708446864,0.09218067974526811,0.37057220708446864,0.09218067974526811,0.37057220708446864,0.09218067974526811,0.37057220708446864,0.09218067974526811,0.37057220708446864,0.09218067974526811,0.37057220708446864,0.09218067974526811,0.37057220708446864,0.09218067974526811,0.37057220708446864,0.0,0.0,0.0,0.0,0.0,0.0,0.0,0.0,0.0,0.0,0.0,0.0,0.0,0.0
vidstg/search/occlusion_5/order1/4,vidstg,search,7,occlusion_5,order1,4,True,False,True,0.0,0.0,0.0,0.0,0.0,0.0,0.0,0.0,0.007970884827787359,0.171875,0.0,0.0,0.014170461916066416,0.3055555555555556,0.0,0.0,0.01378747645887543,0.2972972972972973,0.0,0.0,0.0,0.0,0.0,0.0,0.007970884827787359,0.171875,0.007970884827787359,0.171875,0.007970884827787359,0.171875,0.007970884827787359,0.171875
vidstg/search/occlusion_5/order1/5,vidstg,search,1,occlusion_5,order1,5,False,False,False,0.0,0.0,0.0,0.0,0.0,0.0,0.0,0.0,0.0,0.0,0.0,0.0,0.0,0.0,0.0,0.0,0.0,0.0,0.0,0.0,0.0,0.0,0.0,0.0,0.0,0.0,0.0,0.0,0.0,0.0,0.0,0.0
vidstg/search/occlusion_5/order1/6,vidstg,search,25,occlusion_5,order1,6,False,False,False,0.08252886672931405,0.11174785100286533,0.08252886672931405,0.11174785100286533,0.08252886672931405,0.11174785100286533,0.08252886672931405,0.11174785100286533,0.08252886672931405,0.11174785100286533,0.08252886672931405,0.11174785100286533,0.08252886672931405,0.11174785100286533,0.08252886672931405,0.11174785100286533,0.08252886672931405,0.11174785100286533,0.0,0.0,0.0,0.0,0.0,0.0,0.0,0.0,0.0,0.0,0.0,0.0,0.0,0.0
vidstg/search/occlusion_5/order1/7,vidstg,search,3,occlusion_5,order1,7,False,False,False,0.10902974217950669,0.1987179487179487,0.10902974217950669,0.1987179487179487,0.10902974217950669,0.1987179487179487,0.10902974217950669,0.1987179487179487,0.10902974217950669,0.1987179487179487,0.10902974217950669,0.1987179487179487,0.10902974217950669,0.1987179487179487,0.10902974217950669,0.1987179487179487,0.10902974217950669,0.1987179487179487,0.0,0.0,0.0,0.0,0.0,0.0,0.0,0.0,0.0,0.0,0.0,0.0,0.0,0.0
vidstg/search/occlusion_5/order1/8,vidstg,search,4,occlusion_5,order1,8,True,False,True,0.12696614997122538,0.5048543689320388,0.040646166994737984,0.18543046357615894,0.12696614997122538,0.5048543689320388,0.12696614997122538,0.5048543689320388,0.12696614997122538,0.5048543689320388,0.0,0.0,0.2552014848762034,0.9868421052631579,0.0,0.0,0.24711155006151705,0.9620253164556962,0.0,0.0,0.0863199829764874,0.3194239053558799,0.0,0.0,0.0,0.0,0.0863199829764874,0.3194239053558799,0.0,0.0,0.0,0.0
vidstg/search/occlusion_5/order1/9,vidstg,search,6,occlusion_5,order1,9,False,False,False,0.4103782847974096,0.5986842105263158,0.4103782847974096,0.5986842105263158,0.4103782847974096,0.5986842105263158,0.4103782847974096,0.5986842105263158,0.4103782847974096,0.5986842105263158,0.4103782847974096,0.5986842105263158,0.4103782847974096,0.5986842105263158,0.4103782847974096,0.5986842105263158,0.4103782847974096,0.5986842105263158,0.0,0.0,0.0,0.0,0.0,0.0,0.0,0.0,0.0,0.0,0.0,0.0,0.0,0.0
vidstg/search/occlusion_5/order1/10,vidstg,search,20,occlusion_5,order1,10,False,False,False,0.27444121073196365,0.4742268041237113,0.27444121073196365,0.4742268041237113,0.27444121073196365,0.4742268041237113,0.27444121073196365,0.4742268041237113,0.27444121073196365,0.4742268041237113,0.27444121073196365,0.4742268041237113,0.27444121073196365,0.4742268041237113,0.27444121073196365,0.4742268041237113,0.27444121073196365,0.4742268041237113,0.0,0.0,0.0,0.0,0.0,0.0,0.0,0.0,0.0,0.0,0.0,0.0,0.0,0.0
vidstg/search/occlusion_5/order1/11,vidstg,search,17,occlusion_5,order1,11,False,False,False,0.05328505681371833,0.25,0.05328505681371833,0.25,0.05328505681371833,0.25,0.05328505681371833,0.25,0.05328505681371833,0.25,0.05328505681371833,0.25,0.05328505681371833,0.25,0.05328505681371833,0.25,0.05328505681371833,0.25,0.0,0.0,0.0,0.0,0.0,0.0,0.0,0.0,0.0,0.0,0.0,0.0,0.0,0.0
vidstg/search/occlusion_5/order1/12,vidstg,search,24,occlusion_5,order1,12,True,False,True,0.006099234290313754,0.7376093294460642,0.006099234290313754,0.8775510204081632,0.006099234290313754,0.8425655976676385,0.006099234290313754,0.8425655976676385,0.006099234290313754,0.8425655976676385,0.006011601613728786,0.9798850574712644,0.00608150395807447,0.997093023255814,0.005994376394205208,0.9828080229226361,0.005994376394205208,0.9828080229226361,0.0,0.10495626822157433,0.0,-0.03498542274052474,0.0,0.0,0.0,0.10495626822157433,0.0,-0.03498542274052474,0.0,0.0,0.0,0.0
vidstg/search/occlusion_5/order1/13,vidstg,search,2,occlusion_5,order1,13,False,False,False,0.09074798711445857,0.8047619047619048,0.09074798711445857,0.8047619047619048,0.09074798711445857,0.8047619047619048,0.09074798711445857,0.8047619047619048,0.09074798711445857,0.8047619047619048,0.09074798711445857,0.8047619047619048,0.09074798711445857,0.8047619047619048,0.09074798711445857,0.8047619047619048,0.09074798711445857,0.8047619047619048,0.0,0.0,0.0,0.0,0.0,0.0,0.0,0.0,0.0,0.0,0.0,0.0,0.0,0.0
vidstg/search/occlusion_5/order1/14,vidstg,search,0,occlusion_5,order1,14,False,False,False,0.026728605896777054,0.144136078782453,0.026728605896777054,0.144136078782453,0.026728605896777054,0.144136078782453,0.026728605896777054,0.144136078782453,0.026728605896777054,0.144136078782453,0.026728605896777054,0.144136078782453,0.026728605896777054,0.144136078782453,0.026728605896777054,0.144136078782453,0.026728605896777054,0.144136078782453,0.0,0.0,0.0,0.0,0.0,0.0,0.0,0.0,0.0,0.0,0.0,0.0,0.0,0.0
vidstg/search/occlusion_5/order1/15,vidstg,search,9,occlusion_5,order1,15,False,False,False,0.03550680471852286,0.2014388489208633,0.03550680471852286,0.2014388489208633,0.03550680471852286,0.2014388489208633,0.03550680471852286,0.2014388489208633,0.03550680471852286,0.2014388489208633,0.03550680471852286,0.2014388489208633,0.03550680471852286,0.2014388489208633,0.03550680471852286,0.2014388489208633,0.03550680471852286,0.2014388489208633,0.0,0.0,0.0,0.0,0.0,0.0,0.0,0.0,0.0,0.0,0.0,0.0,0.0,0.0
vidstg/search/occlusion_5/order1/16,vidstg,search,26,occlusion_5,order1,16,True,False,True,0.23725017696988304,0.6744904261890056,0.23725017696988304,0.6744904261890056,0.23725017696988304,0.6744904261890056,0.23451440683429695,0.6731352334748333,0.23410496093305974,0.6596664607782582,0.288445417096233,0.8846994535519126,0.314282945259931,0.9542927733168622,0.285790532369305,0.8765565782349757,0.31420805882562514,0.9551045510455105,-0.0027357701355860964,-0.001355192714172282,-0.0027357701355860964,-0.001355192714172282,-0.0027357701355860964,-0.001355192714172282,-0.0031452160368233006,-0.014823965410747375,-0.0031452160368233006,-0.014823965410747375,-0.0031452160368233006,-0.014823965410747375,-0.00040944590123720426,-0.013468772696575093
vidstg/search/occlusion_5/order1/17,vidstg,search,22,occlusion_5,order1,17,False,False,False,0.48089141965757937,0.6785714285714286,0.48089141965757937,0.6785714285714286,0.48089141965757937,0.6785714285714286,0.48089141965757937,0.6785714285714286,0.48089141965757937,0.6785714285714286,0.48089141965757937,0.6785714285714286,0.48089141965757937,0.6785714285714286,0.48089141965757937,0.6785714285714286,0.48089141965757937,0.6785714285714286,0.0,0.0,0.0,0.0,0.0,0.0,0.0,0.0,0.0,0.0,0.0,0.0,0.0,0.0
vidstg/search/occlusion_5/order1/18,vidstg,search,5,occlusion_5,order1,18,False,False,False,0.4087614155030706,0.6312056737588653,0.4087614155030706,0.6312056737588653,0.4087614155030706,0.6312056737588653,0.4087614155030706,0.6312056737588653,0.4087614155030706,0.6312056737588653,0.4087614155030706,0.6312056737588653,0.4087614155030706,0.6312056737588653,0.4087614155030706,0.6312056737588653,0.4087614155030706,0.6312056737588653,0.0,0.0,0.0,0.0,0.0,0.0,0.0,0.0,0.0,0.0,0.0,0.0,0.0,0.0
vidstg/search/occlusion_5/order1/19,vidstg,search,13,occlusion_5,order1,19,False,False,False,0.024074694559374093,0.0319634703196347,0.024074694559374093,0.0319634703196347,0.024074694559374093,0.0319634703196347,0.024074694559374093,0.0319634703196347,0.024074694559374093,0.0319634703196347,0.024074694559374093,0.0319634703196347,0.024074694559374093,0.0319634703196347,0.024074694559374093,0.0319634703196347,0.024074694559374093,0.0319634703196347,0.0,0.0,0.0,0.0,0.0,0.0,0.0,0.0,0.0,0.0,0.0,0.0,0.0,0.0
vidstg/search/occlusion_5/order1/20,vidstg,search,18,occlusion_5,order1,20,True,False,True,0.0,0.0,0.03951774572205641,0.2616279069767442,0.0,0.0,0.0,0.0,0.0,0.0,0.00032943619546210707,0.066,0.14378526834542377,0.9293286219081273,0.00040889621385131704,0.07142857142857142,0.14149594279168778,0.9201388888888888,0.0,0.0,-0.03951774572205641,-0.2616279069767442,0.0,0.0,0.0,0.0,-0.03951774572205641,-0.2616279069767442,0.0,0.0,0.0,0.0
vidstg/search/occlusion_5/order1/21,vidstg,search,10,occlusion_5,order1,21,False,False,False,0.22736339078604315,0.7914110429447853,0.22736339078604315,0.7914110429447853,0.22736339078604315,0.7914110429447853,0.22736339078604315,0.7914110429447853,0.22736339078604315,0.7914110429447853,0.22736339078604315,0.7914110429447853,0.22736339078604315,0.7914110429447853,0.22736339078604315,0.7914110429447853,0.22736339078604315,0.7914110429447853,0.0,0.0,0.0,0.0,0.0,0.0,0.0,0.0,0.0,0.0,0.0,0.0,0.0,0.0
vidstg/search/occlusion_5/order1/22,vidstg,search,28,occlusion_5,order1,22,False,False,False,0.5974221607902607,0.8521739130434782,0.5974221607902607,0.8521739130434782,0.5974221607902607,0.8521739130434782,0.5974221607902607,0.8521739130434782,0.5974221607902607,0.8521739130434782,0.5974221607902607,0.8521739130434782,0.5974221607902607,0.8521739130434782,0.5974221607902607,0.8521739130434782,0.5974221607902607,0.8521739130434782,0.0,0.0,0.0,0.0,0.0,0.0,0.0,0.0,0.0,0.0,0.0,0.0,0.0,0.0
vidstg/search/occlusion_5/order1/23,vidstg,search,31,occlusion_5,order1,23,False,False,False,0.0,0.9624664879356568,0.0,0.9624664879356568,0.0,0.9624664879356568,0.0,0.9624664879356568,0.0,0.9624664879356568,0.0,0.9624664879356568,0.0,0.9624664879356568,0.0,0.9624664879356568,0.0,0.9624664879356568,0.0,0.0,0.0,0.0,0.0,0.0,0.0,0.0,0.0,0.0,0.0,0.0,0.0,0.0
vidstg/search/occlusion_5/order1/24,vidstg,search,23,occlusion_5,order1,24,True,False,True,0.0,0.0,0.0,0.0,0.0,0.0,0.0,0.0,0.0,0.0,0.010652156095354914,0.042826552462526764,0.15559588011179265,0.875,0.01061805100646904,0.042689434364994665,0.187337862289292,0.925,0.0,0.0,0.0,0.0,0.0,0.0,0.0,0.0,0.0,0.0,0.0,0.0,0.0,0.0
vidstg/search/occlusion_5/order1/25,vidstg,search,21,occlusion_5,order1,25,False,False,False,0.25805447975642976,0.6597938144329897,0.25805447975642976,0.6597938144329897,0.25805447975642976,0.6597938144329897,0.25805447975642976,0.6597938144329897,0.25805447975642976,0.6597938144329897,0.25805447975642976,0.6597938144329897,0.25805447975642976,0.6597938144329897,0.25805447975642976,0.6597938144329897,0.25805447975642976,0.6597938144329897,0.0,0.0,0.0,0.0,0.0,0.0,0.0,0.0,0.0,0.0,0.0,0.0,0.0,0.0
vidstg/search/occlusion_5/order1/26,vidstg,search,11,occlusion_5,order1,26,False,False,False,0.6494834078092949,0.84375,0.6494834078092949,0.84375,0.6494834078092949,0.84375,0.6494834078092949,0.84375,0.6494834078092949,0.84375,0.6494834078092949,0.84375,0.6494834078092949,0.84375,0.6494834078092949,0.84375,0.6494834078092949,0.84375,0.0,0.0,0.0,0.0,0.0,0.0,0.0,0.0,0.0,0.0,0.0,0.0,0.0,0.0
vidstg/search/occlusion_5/order1/27,vidstg,search,12,occlusion_5,order1,27,False,False,False,0.15652384839120415,0.3542319749216301,0.15652384839120415,0.3542319749216301,0.15652384839120415,0.3542319749216301,0.15652384839120415,0.3542319749216301,0.15652384839120415,0.3542319749216301,0.15652384839120415,0.3542319749216301,0.15652384839120415,0.3542319749216301,0.15652384839120415,0.3542319749216301,0.15652384839120415,0.3542319749216301,0.0,0.0,0.0,0.0,0.0,0.0,0.0,0.0,0.0,0.0,0.0,0.0,0.0,0.0
vidstg/search/occlusion_5/order1/28,vidstg,search,29,occlusion_5,order1,28,True,False,True,0.0,0.0,0.0,0.0,0.0,0.0,0.0,0.0,0.0,0.0,0.0,0.2108575924468922,0.0,0.9562289562289562,0.0,0.21428571428571427,0.0,0.9437086092715232,0.0,0.0,0.0,0.0,0.0,0.0,0.0,0.0,0.0,0.0,0.0,0.0,0.0,0.0
vidstg/search/occlusion_5/order1/29,vidstg,search,16,occlusion_5,order1,29,False,False,False,6.90502671735363e-05,0.11219512195121951,6.90502671735363e-05,0.11219512195121951,6.90502671735363e-05,0.11219512195121951,6.90502671735363e-05,0.11219512195121951,6.90502671735363e-05,0.11219512195121951,6.90502671735363e-05,0.11219512195121951,6.90502671735363e-05,0.11219512195121951,6.90502671735363e-05,0.11219512195121951,6.90502671735363e-05,0.11219512195121951,0.0,0.0,0.0,0.0,0.0,0.0,0.0,0.0,0.0,0.0,0.0,0.0,0.0,0.0
vidstg/search/occlusion_5/order1/30,vidstg,search,30,occlusion_5,order1,30,False,False,False,0.14191854804249535,0.3127962085308057,0.14191854804249535,0.3127962085308057,0.14191854804249535,0.3127962085308057,0.14191854804249535,0.3127962085308057,0.14191854804249535,0.3127962085308057,0.14191854804249535,0.3127962085308057,0.14191854804249535,0.3127962085308057,0.14191854804249535,0.3127962085308057,0.14191854804249535,0.3127962085308057,0.0,0.0,0.0,0.0,0.0,0.0,0.0,0.0,0.0,0.0,0.0,0.0,0.0,0.0
vidstg/search/occlusion_5/order1/31,vidstg,search,14,occlusion_5,order1,31,False,False,False,0.0,0.0,0.0,0.0,0.0,0.0,0.0,0.0,0.0,0.0,0.0,0.0,0.0,0.0,0.0,0.0,0.0,0.0,0.0,0.0,0.0,0.0,0.0,0.0,0.0,0.0,0.0,0.0,0.0,0.0,0.0,0.0
vidstg/search/occlusion_5/order2/0,vidstg,search,1,occlusion_5,order2,0,True,False,True,0.0,0.0,0.0,0.0,0.0,0.0,0.0,0.0,0.0,0.0,0.0,0.03525046382189239,0.0,0.8028169014084507,0.0,0.03505535055350553,0.0,0.7215189873417721,0.0,0.0,0.0,0.0,0.0,0.0,0.0,0.0,0.0,0.0,0.0,0.0,0.0,0.0
vidstg/search/occlusion_5/order2/1,vidstg,search,18,occlusion_5,order2,1,False,False,False,0.0,0.0,0.0,0.0,0.0,0.0,0.0,0.0,0.0,0.0,0.0,0.0,0.0,0.0,0.0,0.0,0.0,0.0,0.0,0.0,0.0,0.0,0.0,0.0,0.0,0.0,0.0,0.0,0.0,0.0,0.0,0.0
vidstg/search/occlusion_5/order2/2,vidstg,search,20,occlusion_5,order2,2,False,False,False,0.33238220285562214,0.4742268041237113,0.33238220285562214,0.4742268041237113,0.33238220285562214,0.4742268041237113,0.33238220285562214,0.4742268041237113,0.33238220285562214,0.4742268041237113,0.33238220285562214,0.4742268041237113,0.33238220285562214,0.4742268041237113,0.33238220285562214,0.4742268041237113,0.33238220285562214,0.4742268041237113,0.0,0.0,0.0,0.0,0.0,0.0,0.0,0.0,0.0,0.0,0.0,0.0,0.0,0.0
vidstg/search/occlusion_5/order2/3,vidstg,search,22,occlusion_5,order2,3,False,False,False,0.4812934142105214,0.6785714285714286,0.4812934142105214,0.6785714285714286,0.4812934142105214,0.6785714285714286,0.4812934142105214,0.6785714285714286,0.4812934142105214,0.6785714285714286,0.4812934142105214,0.6785714285714286,0.4812934142105214,0.6785714285714286,0.4812934142105214,0.6785714285714286,0.4812934142105214,0.6785714285714286,0.0,0.0,0.0,0.0,0.0,0.0,0.0,0.0,0.0,0.0,0.0,0.0,0.0,0.0
vidstg/search/occlusion_5/order2/4,vidstg,search,10,occlusion_5,order2,4,True,False,True,0.2445430705251219,0.7914110429447853,0.2445430705251219,0.7914110429447853,0.2445430705251219,0.7914110429447853,0.2445430705251219,0.7914110429447853,0.2445430705251219,0.7914110429447853,0.13112170485200583,0.4319526627218935,0.2652947926625652,0.9320987654320988,0.13135506438475847,0.42857142857142855,0.2649080652320043,0.9386503067484663,0.0,0.0,0.0,0.0,0.0,0.0,0.0,0.0,0.0,0.0,0.0,0.0,0.0,0.0
vidstg/search/occlusion_5/order2/5,vidstg,search,17,occlusion_5,order2,5,False,False,False,0.040346293079752814,0.25,0.040346293079752814,0.25,0.040346293079752814,0.25,0.040346293079752814,0.25,0.040346293079752814,0.25,0.040346293079752814,0.25,0.040346293079752814,0.25,0.040346293079752814,0.25,0.040346293079752814,0.25,0.0,0.0,0.0,0.0,0.0,0.0,0.0,0.0,0.0,0.0,0.0,0.0,0.0,0.0
vidstg/search/occlusion_5/order2/6,vidstg,search,16,occlusion_5,order2,6,False,False,False,9.365520938791382e-05,0.11219512195121951,9.365520938791382e-05,0.11219512195121951,9.365520938791382e-05,0.11219512195121951,9.365520938791382e-05,0.11219512195121951,9.365520938791382e-05,0.11219512195121951,9.365520938791382e-05,0.11219512195121951,9.365520938791382e-05,0.11219512195121951,9.365520938791382e-05,0.11219512195121951,9.365520938791382e-05,0.11219512195121951,0.0,0.0,0.0,0.0,0.0,0.0,0.0,0.0,0.0,0.0,0.0,0.0,0.0,0.0
vidstg/search/occlusion_5/order2/7,vidstg,search,13,occlusion_5,order2,7,False,False,False,0.02245510350182971,0.0319634703196347,0.02245510350182971,0.0319634703196347,0.02245510350182971,0.0319634703196347,0.02245510350182971,0.0319634703196347,0.02245510350182971,0.0319634703196347,0.02245510350182971,0.0319634703196347,0.02245510350182971,0.0319634703196347,0.02245510350182971,0.0319634703196347,0.02245510350182971,0.0319634703196347,0.0,0.0,0.0,0.0,0.0,0.0,0.0,0.0,0.0,0.0,0.0,0.0,0.0,0.0
vidstg/search/occlusion_5/order2/8,vidstg,search,15,occlusion_5,order2,8,True,False,True,0.0,0.0,0.004758851566309418,0.009828009828009828,0.0,0.0,0.011457801168529128,0.02457002457002457,0.04908763237464584,0.10526315789473684,0.11865294502627272,0.25,0.24107265021210963,0.5079365079365079,0.11593570201040387,0.24427480916030533,0.2336550302055832,0.49230769230769234,0.011457801168529128,0.02457002457002457,0.00669894960221971,0.01474201474201474,0.011457801168529128,0.02457002457002457,0.04908763237464584,0.10526315789473684,0.044328780808336424,0.09543514806672701,0.04908763237464584,0.10526315789473684,0.03762983120611671,0.08069313332471227
vidstg/search/occlusion_5/order2/9,vidstg,search,31,occlusion_5,order2,9,False,False,False,0.0,0.9624664879356568,0.0,0.9624664879356568,0.0,0.9624664879356568,0.0,0.9624664879356568,0.0,0.9624664879356568,0.0,0.9624664879356568,0.0,0.9624664879356568,0.0,0.9624664879356568,0.0,0.9624664879356568,0.0,0.0,0.0,0.0,0.0,0.0,0.0,0.0,0.0,0.0,0.0,0.0,0.0,0.0
vidstg/search/occlusion_5/order2/10,vidstg,search,23,occlusion_5,order2,10,False,False,False,0.0,0.0,0.0,0.0,0.0,0.0,0.0,0.0,0.0,0.0,0.0,0.0,0.0,0.0,0.0,0.0,0.0,0.0,0.0,0.0,0.0,0.0,0.0,0.0,0.0,0.0,0.0,0.0,0.0,0.0,0.0,0.0
vidstg/search/occlusion_5/order2/11,vidstg,search,28,occlusion_5,order2,11,False,False,False,0.5967130666433439,0.8521739130434782,0.5967130666433439,0.8521739130434782,0.5967130666433439,0.8521739130434782,0.5967130666433439,0.8521739130434782,0.5967130666433439,0.8521739130434782,0.5967130666433439,0.8521739130434782,0.5967130666433439,0.8521739130434782,0.5967130666433439,0.8521739130434782,0.5967130666433439,0.8521739130434782,0.0,0.0,0.0,0.0,0.0,0.0,0.0,0.0,0.0,0.0,0.0,0.0,0.0,0.0
vidstg/search/occlusion_5/order2/12,vidstg,search,30,occlusion_5,order2,12,True,False,True,0.11413548045912582,0.3127962085308057,0.11747603110670998,0.32195121951219513,0.11413548045912582,0.3127962085308057,0.11413548045912582,0.3127962085308057,0.11413548045912582,0.3127962085308057,0.14503020350865026,0.4074074074074074,0.34123484374484,0.9629629629629629,0.1432125510017204,0.40414507772020725,0.32517673345096515,0.9176470588235294,0.0,0.0,-0.0033405506475841645,-0.009155010981389433,0.0,0.0,0.0,0.0,-0.0033405506475841645,-0.009155010981389433,0.0,0.0,0.0,0.0
vidstg/search/occlusion_5/order2/13,vidstg,search,21,occlusion_5,order2,13,False,False,False,0.2969959411439873,0.6597938144329897,0.2969959411439873,0.6597938144329897,0.2969959411439873,0.6597938144329897,0.2969959411439873,0.6597938144329897,0.2969959411439873,0.6597938144329897,0.2969959411439873,0.6597938144329897,0.2969959411439873,0.6597938144329897,0.2969959411439873,0.6597938144329897,0.2969959411439873,0.6597938144329897,0.0,0.0,0.0,0.0,0.0,0.0,0.0,0.0,0.0,0.0,0.0,0.0,0.0,0.0
vidstg/search/occlusion_5/order2/14,vidstg,search,4,occlusion_5,order2,14,False,False,False,0.2159590748330931,0.5048543689320388,0.2159590748330931,0.5048543689320388,0.2159590748330931,0.5048543689320388,0.2159590748330931,0.5048543689320388,0.2159590748330931,0.5048543689320388,0.2159590748330931,0.5048543689320388,0.2159590748330931,0.5048543689320388,0.2159590748330931,0.5048543689320388,0.2159590748330931,0.5048543689320388,0.0,0.0,0.0,0.0,0.0,0.0,0.0,0.0,0.0,0.0,0.0,0.0,0.0,0.0
vidstg/search/occlusion_5/order2/15,vidstg,search,26,occlusion_5,order2,15,False,False,False,0.26023305562650406,0.6744904261890056,0.26023305562650406,0.6744904261890056,0.26023305562650406,0.6744904261890056,0.26023305562650406,0.6744904261890056,0.26023305562650406,0.6744904261890056,0.26023305562650406,0.6744904261890056,0.26023305562650406,0.6744904261890056,0.26023305562650406,0.6744904261890056,0.26023305562650406,0.6744904261890056,0.0,0.0,0.0,0.0,0.0,0.0,0.0,0.0,0.0,0.0,0.0,0.0,0.0,0.0
vidstg/search/occlusion_5/order2/16,vidstg,search,11,occlusion_5,order2,16,True,False,True,0.6683971080565603,0.84375,0.5628607225739455,0.7105263157894737,0.6683971080565603,0.84375,0.6683971080565603,0.84375,0.6683971080565603,0.84375,0.5628607225739455,0.7105263157894737,0.5628607225739455,0.7105263157894737,0.5628607225739455,0.7105263157894737,0.5628607225739455,0.7105263157894737,0.0,0.0,0.10553638548261479,0.13322368421052633,0.0,0.0,0.0,0.0,0.10553638548261479,0.13322368421052633,0.0,0.0,0.0,0.0
vidstg/search/occlusion_5/order2/17,vidstg,search,14,occlusion_5,order2,17,False,False,False,0.0,0.0,0.0,0.0,0.0,0.0,0.0,0.0,0.0,0.0,0.0,0.0,0.0,0.0,0.0,0.0,0.0,0.0,0.0,0.0,0.0,0.0,0.0,0.0,0.0,0.0,0.0,0.0,0.0,0.0,0.0,0.0
vidstg/search/occlusion_5/order2/18,vidstg,search,27,occlusion_5,order2,18,False,False,False,0.0979071144569738,0.37057220708446864,0.0979071144569738,0.37057220708446864,0.0979071144569738,0.37057220708446864,0.0979071144569738,0.37057220708446864,0.0979071144569738,0.37057220708446864,0.0979071144569738,0.37057220708446864,0.0979071144569738,0.37057220708446864,0.0979071144569738,0.37057220708446864,0.0979071144569738,0.37057220708446864,0.0,0.0,0.0,0.0,0.0,0.0,0.0,0.0,0.0,0.0,0.0,0.0,0.0,0.0
vidstg/search/occlusion_5/order2/19,vidstg,search,0,occlusion_5,order2,19,False,False,False,0.015191723479620165,0.144136078782453,0.015191723479620165,0.144136078782453,0.015191723479620165,0.144136078782453,0.015191723479620165,0.144136078782453,0.015191723479620165,0.144136078782453,0.015191723479620165,0.144136078782453,0.015191723479620165,0.144136078782453,0.015191723479620165,0.144136078782453,0.015191723479620165,0.144136078782453,0.0,0.0,0.0,0.0,0.0,0.0,0.0,0.0,0.0,0.0,0.0,0.0,0.0,0.0
vidstg/search/occlusion_5/order2/20,vidstg,search,19,occlusion_5,order2,20,True,False,True,0.5843213406893271,0.8169491525423729,0.5726737392137924,0.8006644518272426,0.5903246421347654,0.8253424657534246,0.5843213406893271,0.8169491525423729,0.5903246421347654,0.8253424657534246,0.39176089887125337,0.5477272727272727,0.6011945203037223,0.8398576512455516,0.38998822512070475,0.5452488687782805,0.6016968551628639,0.8409893992932862,0.0,0.0,0.011647601475534675,0.01628470071513033,-0.006003301445438369,-0.008393313211051745,0.006003301445438369,0.008393313211051745,0.017650902920973044,0.024678013926182074,0.0,0.0,0.006003301445438369,0.008393313211051745
vidstg/search/occlusion_5/order2/21,vidstg,search,12,occlusion_5,order2,21,False,False,False,0.09088400626076112,0.3542319749216301,0.09088400626076112,0.3542319749216301,0.09088400626076112,0.3542319749216301,0.09088400626076112,0.3542319749216301,0.09088400626076112,0.3542319749216301,0.09088400626076112,0.3542319749216301,0.09088400626076112,0.3542319749216301,0.09088400626076112,0.3542319749216301,0.09088400626076112,0.3542319749216301,0.0,0.0,0.0,0.0,0.0,0.0,0.0,0.0,0.0,0.0,0.0,0.0,0.0,0.0
vidstg/search/occlusion_5/order2/22,vidstg,search,8,occlusion_5,order2,22,False,False,False,0.10230650769821241,0.8161209068010076,0.10230650769821241,0.8161209068010076,0.10230650769821241,0.8161209068010076,0.10230650769821241,0.8161209068010076,0.10230650769821241,0.8161209068010076,0.10230650769821241,0.8161209068010076,0.10230650769821241,0.8161209068010076,0.10230650769821241,0.8161209068010076,0.10230650769821241,0.8161209068010076,0.0,0.0,0.0,0.0,0.0,0.0,0.0,0.0,0.0,0.0,0.0,0.0,0.0,0.0
vidstg/search/occlusion_5/order2/23,vidstg,search,24,occlusion_5,order2,23,False,False,False,0.021015936050350795,0.7376093294460642,0.021015936050350795,0.7376093294460642,0.021015936050350795,0.7376093294460642,0.021015936050350795,0.7376093294460642,0.021015936050350795,0.7376093294460642,0.021015936050350795,0.7376093294460642,0.021015936050350795,0.7376093294460642,0.021015936050350795,0.7376093294460642,0.021015936050350795,0.7376093294460642,0.0,0.0,0.0,0.0,0.0,0.0,0.0,0.0,0.0,0.0,0.0,0.0,0.0,0.0
vidstg/search/occlusion_5/order2/24,vidstg,search,3,occlusion_5,order2,24,True,False,True,0.12333462393496998,0.1987179487179487,0.1540827720038839,0.2469879518072289,0.15270001058615332,0.24603174603174602,0.11590482731238143,0.18674698795180722,0.15270001058615332,0.24603174603174602,0.26107194823466945,0.4915254237288136,0.45396665896706684,0.8645833333333334,0.262526758042369,0.5027624309392266,0.46413424943869047,0.8958333333333334,-0.0074297966225885526,-0.011970960766141486,-0.03817794469150247,-0.060240963855421686,-0.03679518327377189,-0.0592847580799388,0.029365386651183337,0.04731379731379731,-0.0013827614177305825,-0.0009562057754828879,0.0,0.0,0.03679518327377189,0.0592847580799388
vidstg/search/occlusion_5/order2/25,vidstg,search,5,occlusion_5,order2,25,False,False,False,0.41809256790218197,0.6312056737588653,0.41809256790218197,0.6312056737588653,0.41809256790218197,0.6312056737588653,0.41809256790218197,0.6312056737588653,0.41809256790218197,0.6312056737588653,0.41809256790218197,0.6312056737588653,0.41809256790218197,0.6312056737588653,0.41809256790218197,0.6312056737588653,0.41809256790218197,0.6312056737588653,0.0,0.0,0.0,0.0,0.0,0.0,0.0,0.0,0.0,0.0,0.0,0.0,0.0,0.0
vidstg/search/occlusion_5/order2/26,vidstg,search,2,occlusion_5,order2,26,False,False,False,0.2744657498442849,0.8047619047619048,0.2744657498442849,0.8047619047619048,0.2744657498442849,0.8047619047619048,0.2744657498442849,0.8047619047619048,0.2744657498442849,0.8047619047619048,0.2744657498442849,0.8047619047619048,0.2744657498442849,0.8047619047619048,0.2744657498442849,0.8047619047619048,0.2744657498442849,0.8047619047619048,0.0,0.0,0.0,0.0,0.0,0.0,0.0,0.0,0.0,0.0,0.0,0.0,0.0,0.0
vidstg/search/occlusion_5/order2/27,vidstg,search,7,occlusion_5,order2,27,False,False,False,0.0,0.0,0.0,0.0,0.0,0.0,0.0,0.0,0.0,0.0,0.0,0.0,0.0,0.0,0.0,0.0,0.0,0.0,0.0,0.0,0.0,0.0,0.0,0.0,0.0,0.0,0.0,0.0,0.0,0.0,0.0,0.0
vidstg/search/occlusion_5/order2/28,vidstg,search,6,occlusion_5,order2,28,True,False,True,0.4452334564551182,0.5986842105263158,0.7693903061920606,0.9733333333333334,0.6394666791208918,0.8223684210526315,0.13225441719354494,0.17123287671232876,0.6394666791208918,0.8223684210526315,0.02860335461979074,0.03276353276353276,0.727930468751962,0.9246575342465754,0.02846145278964295,0.03260099220411056,0.7730017288825394,0.9795918367346939,-0.3129790392615732,-0.42745133381398703,-0.6371358889985157,-0.8021004566210046,-0.5072122619273469,-0.6511355443403027,0.19423322266577364,0.2236842105263157,-0.12992362707116878,-0.15096491228070186,0.0,0.0,0.5072122619273469,0.6511355443403027
vidstg/search/occlusion_5/order2/29,vidstg,search,9,occlusion_5,order2,29,False,False,False,0.04457524926261546,0.2014388489208633,0.04457524926261546,0.2014388489208633,0.04457524926261546,0.2014388489208633,0.04457524926261546,0.2014388489208633,0.04457524926261546,0.2014388489208633,0.04457524926261546,0.2014388489208633,0.04457524926261546,0.2014388489208633,0.04457524926261546,0.2014388489208633,0.04457524926261546,0.2014388489208633,0.0,0.0,0.0,0.0,0.0,0.0,0.0,0.0,0.0,0.0,0.0,0.0,0.0,0.0
vidstg/search/occlusion_5/order2/30,vidstg,search,25,occlusion_5,order2,30,False,False,False,0.08462778647371753,0.11174785100286533,0.08462778647371753,0.11174785100286533,0.08462778647371753,0.11174785100286533,0.08462778647371753,0.11174785100286533,0.08462778647371753,0.11174785100286533,0.08462778647371753,0.11174785100286533,0.08462778647371753,0.11174785100286533,0.08462778647371753,0.11174785100286533,0.08462778647371753,0.11174785100286533,0.0,0.0,0.0,0.0,0.0,0.0,0.0,0.0,0.0,0.0,0.0,0.0,0.0,0.0
vidstg/search/occlusion_5/order2/31,vidstg,search,29,occlusion_5,order2,31,False,False,False,0.0,0.0,0.0,0.0,0.0,0.0,0.0,0.0,0.0,0.0,0.0,0.0,0.0,0.0,0.0,0.0,0.0,0.0,0.0,0.0,0.0,0.0,0.0,0.0,0.0,0.0,0.0,0.0,0.0,0.0,0.0,0.0
vidstg/search/exposure_5/order1/0,vidstg,search,8,exposure_5,order1,0,True,False,True,0.09934382926630014,0.8161209068010076,0.1090024028384172,0.8593350383631714,0.10735501135975094,0.8463476070528967,0.10735501135975094,0.8463476070528967,0.10735501135975094,0.8463476070528967,0.13818517687024195,0.9615384615384616,0.14004789895198716,0.9769230769230769,0.14004789895198716,0.9717948717948718,0.14187044842151877,0.9871794871794872,0.008011182093450794,0.030226700251889116,-0.0016473914786662575,-0.012987431310274689,0.0,0.0,0.008011182093450794,0.030226700251889116,-0.0016473914786662575,-0.012987431310274689,0.0,0.0,0.0,0.0
vidstg/search/exposure_5/order1/1,vidstg,search,15,exposure_5,order1,1,False,False,False,0.0,0.0,0.0,0.0,0.0,0.0,0.0,0.0,0.0,0.0,0.0,0.0,0.0,0.0,0.0,0.0,0.0,0.0,0.0,0.0,0.0,0.0,0.0,0.0,0.0,0.0,0.0,0.0,0.0,0.0,0.0,0.0
vidstg/search/exposure_5/order1/2,vidstg,search,19,exposure_5,order1,2,False,False,False,0.5710481508366126,0.8169491525423729,0.5710481508366126,0.8169491525423729,0.5710481508366126,0.8169491525423729,0.5710481508366126,0.8169491525423729,0.5710481508366126,0.8169491525423729,0.5710481508366126,0.8169491525423729,0.5710481508366126,0.8169491525423729,0.5710481508366126,0.8169491525423729,0.5710481508366126,0.8169491525423729,0.0,0.0,0.0,0.0,0.0,0.0,0.0,0.0,0.0,0.0,0.0,0.0,0.0,0.0
vidstg/search/exposure_5/order1/3,vidstg,search,27,exposure_5,order1,3,False,False,False,0.09470717670878187,0.37057220708446864,0.09470717670878187,0.37057220708446864,0.09470717670878187,0.37057220708446864,0.09470717670878187,0.37057220708446864,0.09470717670878187,0.37057220708446864,0.09470717670878187,0.37057220708446864,0.09470717670878187,0.37057220708446864,0.09470717670878187,0.37057220708446864,0.09470717670878187,0.37057220708446864,0.0,0.0,0.0,0.0,0.0,0.0,0.0,0.0,0.0,0.0,0.0,0.0,0.0,0.0
vidstg/search/exposure_5/order1/4,vidstg,search,7,exposure_5,order1,4,True,False,True,0.0,0.0,0.0,0.0,0.0,0.0,0.0,0.0,0.007928808546410602,0.171875,0.0,0.0,0.014095659638063291,0.3055555555555556,0.0,0.0,0.013714695864061582,0.2972972972972973,0.0,0.0,0.0,0.0,0.0,0.0,0.007928808546410602,0.171875,0.007928808546410602,0.171875,0.007928808546410602,0.171875,0.007928808546410602,0.171875
vidstg/search/exposure_5/order1/5,vidstg,search,1,exposure_5,order1,5,False,False,False,0.0,0.0,0.0,0.0,0.0,0.0,0.0,0.0,0.0,0.0,0.0,0.0,0.0,0.0,0.0,0.0,0.0,0.0,0.0,0.0,0.0,0.0,0.0,0.0,0.0,0.0,0.0,0.0,0.0,0.0,0.0,0.0
vidstg/search/exposure_5/order1/6,vidstg,search,25,exposure_5,order1,6,False,False,False,0.08251287534964813,0.11174785100286533,0.08251287534964813,0.11174785100286533,0.08251287534964813,0.11174785100286533,0.08251287534964813,0.11174785100286533,0.08251287534964813,0.11174785100286533,0.08251287534964813,0.11174785100286533,0.08251287534964813,0.11174785100286533,0.08251287534964813,0.11174785100286533,0.08251287534964813,0.11174785100286533,0.0,0.0,0.0,0.0,0.0,0.0,0.0,0.0,0.0,0.0,0.0,0.0,0.0,0.0
vidstg/search/exposure_5/order1/7,vidstg,search,3,exposure_5,order1,7,False,False,False,0.12260050614120939,0.1987179487179487,0.12260050614120939,0.1987179487179487,0.12260050614120939,0.1987179487179487,0.12260050614120939,0.1987179487179487,0.12260050614120939,0.1987179487179487,0.12260050614120939,0.1987179487179487,0.12260050614120939,0.1987179487179487,0.12260050614120939,0.1987179487179487,0.12260050614120939,0.1987179487179487,0.0,0.0,0.0,0.0,0.0,0.0,0.0,0.0,0.0,0.0,0.0,0.0,0.0,0.0
vidstg/search/exposure_5/order1/8,vidstg,search,4,exposure_5,order1,8,True,False,True,0.12709257016689018,0.5048543689320388,0.04091173038371443,0.18543046357615894,0.12709257016689018,0.5048543689320388,0.12709257016689018,0.5048543689320388,0.12709257016689018,0.5048543689320388,0.0,0.0,0.2549747019846271,0.9868421052631579,0.0,0.0,0.24688404279445123,0.9620253164556962,0.0,0.0,0.08618083978317576,0.3194239053558799,0.0,0.0,0.0,0.0,0.08618083978317576,0.3194239053558799,0.0,0.0,0.0,0.0
vidstg/search/exposure_5/order1/9,vidstg,search,6,exposure_5,order1,9,False,False,False,0.41216821204534615,0.5986842105263158,0.41216821204534615,0.5986842105263158,0.41216821204534615,0.5986842105263158,0.41216821204534615,0.5986842105263158,0.41216821204534615,0.5986842105263158,0.41216821204534615,0.5986842105263158,0.41216821204534615,0.5986842105263158,0.41216821204534615,0.5986842105263158,0.41216821204534615,0.5986842105263158,0.0,0.0,0.0,0.0,0.0,0.0,0.0,0.0,0.0,0.0,0.0,0.0,0.0,0.0
vidstg/search/exposure_5/order1/10,vidstg,search,20,exposure_5,order1,10,False,False,False,0.27439812935120395,0.4742268041237113,0.27439812935120395,0.4742268041237113,0.27439812935120395,0.4742268041237113,0.27439812935120395,0.4742268041237113,0.27439812935120395,0.4742268041237113,0.27439812935120395,0.4742268041237113,0.27439812935120395,0.4742268041237113,0.27439812935120395,0.4742268041237113,0.27439812935120395,0.4742268041237113,0.0,0.0,0.0,0.0,0.0,0.0,0.0,0.0,0.0,0.0,0.0,0.0,0.0,0.0
vidstg/search/exposure_5/order1/11,vidstg,search,17,exposure_5,order1,11,False,False,False,0.10662277972800414,0.3951612903225806,0.10662277972800414,0.3951612903225806,0.10662277972800414,0.3951612903225806,0.10662277972800414,0.3951612903225806,0.10662277972800414,0.3951612903225806,0.10662277972800414,0.3951612903225806,0.10662277972800414,0.3951612903225806,0.10662277972800414,0.3951612903225806,0.10662277972800414,0.3951612903225806,0.0,0.0,0.0,0.0,0.0,0.0,0.0,0.0,0.0,0.0,0.0,0.0,0.0,0.0
vidstg/search/exposure_5/order1/12,vidstg,search,24,exposure_5,order1,12,True,False,True,0.015131738702830784,0.597667638483965,0.015131738702830787,0.685131195335277,0.015131738702830784,0.8950437317784257,0.015131738702830784,0.8950437317784257,0.015131738702830784,0.8950437317784257,0.015000538656274447,0.9855491329479769,0.015131738702830784,0.9970845481049563,0.014871594197911057,0.9828080229226361,0.015131738702830784,1.0,0.0,0.2973760932944607,-3.469446951953614e-18,0.20991253644314867,0.0,0.0,0.0,0.2973760932944607,-3.469446951953614e-18,0.20991253644314867,0.0,0.0,0.0,0.0
vidstg/search/exposure_5/order1/13,vidstg,search,2,exposure_5,order1,13,False,False,False,0.21124136528113194,0.8333333333333334,0.21124136528113194,0.8333333333333334,0.21124136528113194,0.8333333333333334,0.21124136528113194,0.8333333333333334,0.21124136528113194,0.8333333333333334,0.21124136528113194,0.8333333333333334,0.21124136528113194,0.8333333333333334,0.21124136528113194,0.8333333333333334,0.21124136528113194,0.8333333333333334,0.0,0.0,0.0,0.0,0.0,0.0,0.0,0.0,0.0,0.0,0.0,0.0,0.0,0.0
vidstg/search/exposure_5/order1/14,vidstg,search,0,exposure_5,order1,14,False,False,False,0.0284960021148673,0.144136078782453,0.0284960021148673,0.144136078782453,0.0284960021148673,0.144136078782453,0.0284960021148673,0.144136078782453,0.0284960021148673,0.144136078782453,0.0284960021148673,0.144136078782453,0.0284960021148673,0.144136078782453,0.0284960021148673,0.144136078782453,0.0284960021148673,0.144136078782453,0.0,0.0,0.0,0.0,0.0,0.0,0.0,0.0,0.0,0.0,0.0,0.0,0.0,0.0
vidstg/search/exposure_5/order1/15,vidstg,search,9,exposure_5,order1,15,False,False,False,0.050211932939398275,0.28865979381443296,0.050211932939398275,0.28865979381443296,0.050211932939398275,0.28865979381443296,0.050211932939398275,0.28865979381443296,0.050211932939398275,0.28865979381443296,0.050211932939398275,0.28865979381443296,0.050211932939398275,0.28865979381443296,0.050211932939398275,0.28865979381443296,0.050211932939398275,0.28865979381443296,0.0,0.0,0.0,0.0,0.0,0.0,0.0,0.0,0.0,0.0,0.0,0.0,0.0,0.0
vidstg/search/exposure_5/order1/16,vidstg,search,26,exposure_5,order1,16,True,False,True,0.23265674276279832,0.6744904261890056,0.2561602856076893,0.8412600370599135,0.23265674276279832,0.6744904261890056,0.23003678055809934,0.6731352334748333,0.2294809648908055,0.6596664607782582,0.2770412938131001,0.859798194370685,0.31126606288653674,0.9574074074074074,0.27528694261217285,0.854353562005277,0.3103408869755057,0.9551045510455105,-0.0026199622046989834,-0.001355192714172282,-0.026123505049589935,-0.1681248035850802,-0.0026199622046989834,-0.001355192714172282,-0.00317577787199283,-0.014823965410747375,-0.02667932071688378,-0.1815935762816553,-0.00317577787199283,-0.014823965410747375,-0.0005558156672938463,-0.013468772696575093
vidstg/search/exposure_5/order1/17,vidstg,search,22,exposure_5,order1,17,False,False,False,0.4817947602568876,0.6785714285714286,0.4817947602568876,0.6785714285714286,0.4817947602568876,0.6785714285714286,0.4817947602568876,0.6785714285714286,0.4817947602568876,0.6785714285714286,0.4817947602568876,0.6785714285714286,0.4817947602568876,0.6785714285714286,0.4817947602568876,0.6785714285714286,0.4817947602568876,0.6785714285714286,0.0,0.0,0.0,0.0,0.0,0.0,0.0,0.0,0.0,0.0,0.0,0.0,0.0,0.0
vidstg/search/exposure_5/order1/18,vidstg,search,5,exposure_5,order1,18,False,False,False,0.4088018915198505,0.6312056737588653,0.4088018915198505,0.6312056737588653,0.4088018915198505,0.6312056737588653,0.4088018915198505,0.6312056737588653,0.4088018915198505,0.6312056737588653,0.4088018915198505,0.6312056737588653,0.4088018915198505,0.6312056737588653,0.4088018915198505,0.6312056737588653,0.4088018915198505,0.6312056737588653,0.0,0.0,0.0,0.0,0.0,0.0,0.0,0.0,0.0,0.0,0.0,0.0,0.0,0.0
vidstg/search/exposure_5/order1/19,vidstg,search,13,exposure_5,order1,19,False,False,False,0.035826409620150226,0.05448717948717949,0.035826409620150226,0.05448717948717949,0.035826409620150226,0.05448717948717949,0.035826409620150226,0.05448717948717949,0.035826409620150226,0.05448717948717949,0.035826409620150226,0.05448717948717949,0.035826409620150226,0.05448717948717949,0.035826409620150226,0.05448717948717949,0.035826409620150226,0.05448717948717949,0.0,0.0,0.0,0.0,0.0,0.0,0.0,0.0,0.0,0.0,0.0,0.0,0.0,0.0
vidstg/search/exposure_5/order1/20,vidstg,search,18,exposure_5,order1,20,True,False,True,0.0,0.0,0.013476435521605176,0.2616279069767442,0.0,0.0,0.0,0.0,0.0,0.0,0.002189379602141943,0.10220440881763528,0.048508653291719085,0.9225352112676056,0.0024484265113367005,0.10714285714285714,0.048039764453359494,0.9201388888888888,0.0,0.0,-0.013476435521605176,-0.2616279069767442,0.0,0.0,0.0,0.0,-0.013476435521605176,-0.2616279069767442,0.0,0.0,0.0,0.0
vidstg/search/exposure_5/order1/21,vidstg,search,10,exposure_5,order1,21,False,False,False,0.22689373297780965,0.8282208588957055,0.22689373297780965,0.8282208588957055,0.22689373297780965,0.8282208588957055,0.22689373297780965,0.8282208588957055,0.22689373297780965,0.8282208588957055,0.22689373297780965,0.8282208588957055,0.22689373297780965,0.8282208588957055,0.22689373297780965,0.8282208588957055,0.22689373297780965,0.8282208588957055,0.0,0.0,0.0,0.0,0.0,0.0,0.0,0.0,0.0,0.0,0.0,0.0,0.0,0.0
vidstg/search/exposure_5/order1/22,vidstg,search,28,exposure_5,order1,22,False,False,False,0.6396393847100661,0.9043478260869565,0.6396393847100661,0.9043478260869565,0.6396393847100661,0.9043478260869565,0.6396393847100661,0.9043478260869565,0.6396393847100661,0.9043478260869565,0.6396393847100661,0.9043478260869565,0.6396393847100661,0.9043478260869565,0.6396393847100661,0.9043478260869565,0.6396393847100661,0.9043478260869565,0.0,0.0,0.0,0.0,0.0,0.0,0.0,0.0,0.0,0.0,0.0,0.0,0.0,0.0
vidstg/search/exposure_5/order1/23,vidstg,search,31,exposure_5,order1,23,False,False,False,0.0,0.9222520107238605,0.0,0.9222520107238605,0.0,0.9222520107238605,0.0,0.9222520107238605,0.0,0.9222520107238605,0.0,0.9222520107238605,0.0,0.9222520107238605,0.0,0.9222520107238605,0.0,0.9222520107238605,0.0,0.0,0.0,0.0,0.0,0.0,0.0,0.0,0.0,0.0,0.0,0.0,0.0,0.0
vidstg/search/exposure_5/order1/24,vidstg,search,23,exposure_5,order1,24,True,False,True,0.0,0.0,0.0,0.0,0.0,0.0,0.0,0.0,0.0,0.0,0.01644616182879704,0.042826552462526764,0.28987076108437676,0.875,0.01639350602785105,0.042689434364994665,0.3220646776157635,0.925,0.0,0.0,0.0,0.0,0.0,0.0,0.0,0.0,0.0,0.0,0.0,0.0,0.0,0.0
vidstg/search/exposure_5/order1/25,vidstg,search,21,exposure_5,order1,25,False,False,False,0.29149322461845345,0.7032967032967034,0.29149322461845345,0.7032967032967034,0.29149322461845345,0.7032967032967034,0.29149322461845345,0.7032967032967034,0.29149322461845345,0.7032967032967034,0.29149322461845345,0.7032967032967034,0.29149322461845345,0.7032967032967034,0.29149322461845345,0.7032967032967034,0.29149322461845345,0.7032967032967034,0.0,0.0,0.0,0.0,0.0,0.0,0.0,0.0,0.0,0.0,0.0,0.0,0.0,0.0
vidstg/search/exposure_5/order1/26,vidstg,search,11,exposure_5,order1,26,False,False,False,0.6508650927530738,0.84375,0.6508650927530738,0.84375,0.6508650927530738,0.84375,0.6508650927530738,0.84375,0.6508650927530738,0.84375,0.6508650927530738,0.84375,0.6508650927530738,0.84375,0.6508650927530738,0.84375,0.6508650927530738,0.84375,0.0,0.0,0.0,0.0,0.0,0.0,0.0,0.0,0.0,0.0,0.0,0.0,0.0,0.0
vidstg/search/exposure_5/order1/27,vidstg,search,12,exposure_5,order1,27,False,False,False,0.1507075700525012,0.3542319749216301,0.1507075700525012,0.3542319749216301,0.1507075700525012,0.3542319749216301,0.1507075700525012,0.3542319749216301,0.1507075700525012,0.3542319749216301,0.1507075700525012,0.3542319749216301,0.1507075700525012,0.3542319749216301,0.1507075700525012,0.3542319749216301,0.1507075700525012,0.3542319749216301,0.0,0.0,0.0,0.0,0.0,0.0,0.0,0.0,0.0,0.0,0.0,0.0,0.0,0.0
vidstg/search/exposure_5/order1/28,vidstg,search,29,exposure_5,order1,28,True,False,True,0.0,0.0,0.0,0.0,0.0,0.0,0.0,0.0,0.0,0.0,0.0,0.20518867924528303,0.0,0.9562289562289562,0.0,0.20957613814756673,0.0,0.9437086092715232,0.0,0.0,0.0,0.0,0.0,0.0,0.0,0.0,0.0,0.0,0.0,0.0,0.0,0.0
vidstg/search/exposure_5/order1/29,vidstg,search,16,exposure_5,order1,29,False,False,False,0.00020107903312597216,0.11219512195121951,0.00020107903312597216,0.11219512195121951,0.00020107903312597216,0.11219512195121951,0.00020107903312597216,0.11219512195121951,0.00020107903312597216,0.11219512195121951,0.00020107903312597216,0.11219512195121951,0.00020107903312597216,0.11219512195121951,0.00020107903312597216,0.11219512195121951,0.00020107903312597216,0.11219512195121951,0.0,0.0,0.0,0.0,0.0,0.0,0.0,0.0,0.0,0.0,0.0,0.0,0.0,0.0
vidstg/search/exposure_5/order1/30,vidstg,search,30,exposure_5,order1,30,False,False,False,0.14278077050137422,0.3127962085308057,0.14278077050137422,0.3127962085308057,0.14278077050137422,0.3127962085308057,0.14278077050137422,0.3127962085308057,0.14278077050137422,0.3127962085308057,0.14278077050137422,0.3127962085308057,0.14278077050137422,0.3127962085308057,0.14278077050137422,0.3127962085308057,0.14278077050137422,0.3127962085308057,0.0,0.0,0.0,0.0,0.0,0.0,0.0,0.0,0.0,0.0,0.0,0.0,0.0,0.0
vidstg/search/exposure_5/order1/31,vidstg,search,14,exposure_5,order1,31,False,False,False,0.0,0.0,0.0,0.0,0.0,0.0,0.0,0.0,0.0,0.0,0.0,0.0,0.0,0.0,0.0,0.0,0.0,0.0,0.0,0.0,0.0,0.0,0.0,0.0,0.0,0.0,0.0,0.0,0.0,0.0,0.0,0.0
vidstg/search/exposure_5/order2/0,vidstg,search,1,exposure_5,order2,0,True,False,True,0.0,0.0,0.0,0.0,0.0,0.0,0.0,0.0,0.0,0.0,0.0,0.03551401869158879,0.0,0.8028169014084507,0.0,0.03518518518518519,0.0,0.7215189873417721,0.0,0.0,0.0,0.0,0.0,0.0,0.0,0.0,0.0,0.0,0.0,0.0,0.0,0.0
vidstg/search/exposure_5/order2/1,vidstg,search,18,exposure_5,order2,1,False,False,False,0.0,0.0,0.0,0.0,0.0,0.0,0.0,0.0,0.0,0.0,0.0,0.0,0.0,0.0,0.0,0.0,0.0,0.0,0.0,0.0,0.0,0.0,0.0,0.0,0.0,0.0,0.0,0.0,0.0,0.0,0.0,0.0
vidstg/search/exposure_5/order2/2,vidstg,search,20,exposure_5,order2,2,False,False,False,0.3340023901740409,0.4742268041237113,0.3340023901740409,0.4742268041237113,0.3340023901740409,0.4742268041237113,0.3340023901740409,0.4742268041237113,0.3340023901740409,0.4742268041237113,0.3340023901740409,0.4742268041237113,0.3340023901740409,0.4742268041237113,0.3340023901740409,0.4742268041237113,0.3340023901740409,0.4742268041237113,0.0,0.0,0.0,0.0,0.0,0.0,0.0,0.0,0.0,0.0,0.0,0.0,0.0,0.0
vidstg/search/exposure_5/order2/3,vidstg,search,22,exposure_5,order2,3,False,False,False,0.4795104326058376,0.6785714285714286,0.4795104326058376,0.6785714285714286,0.4795104326058376,0.6785714285714286,0.4795104326058376,0.6785714285714286,0.4795104326058376,0.6785714285714286,0.4795104326058376,0.6785714285714286,0.4795104326058376,0.6785714285714286,0.4795104326058376,0.6785714285714286,0.4795104326058376,0.6785714285714286,0.0,0.0,0.0,0.0,0.0,0.0,0.0,0.0,0.0,0.0,0.0,0.0,0.0,0.0
vidstg/search/exposure_5/order2/4,vidstg,search,10,exposure_5,order2,4,True,False,True,0.2378980955662758,0.8282208588957055,0.22945200933315357,0.7988165680473372,0.2378980955662758,0.8282208588957055,0.2378980955662758,0.8282208588957055,0.2378980955662758,0.8282208588957055,0.10216604786291926,0.3668639053254438,0.25200132572919975,0.9320987654320988,0.10103608370080246,0.36,0.25169239498958945,0.9386503067484663,0.0,0.0,0.008446086233122235,0.029404290848368264,0.0,0.0,0.0,0.0,0.008446086233122235,0.029404290848368264,0.0,0.0,0.0,0.0
vidstg/search/exposure_5/order2/5,vidstg,search,17,exposure_5,order2,5,False,False,False,0.10920560477716244,0.3951612903225806,0.10920560477716244,0.3951612903225806,0.10920560477716244,0.3951612903225806,0.10920560477716244,0.3951612903225806,0.10920560477716244,0.3951612903225806,0.10920560477716244,0.3951612903225806,0.10920560477716244,0.3951612903225806,0.10920560477716244,0.3951612903225806,0.10920560477716244,0.3951612903225806,0.0,0.0,0.0,0.0,0.0,0.0,0.0,0.0,0.0,0.0,0.0,0.0,0.0,0.0
vidstg/search/exposure_5/order2/6,vidstg,search,16,exposure_5,order2,6,False,False,False,0.0,0.11219512195121951,0.0,0.11219512195121951,0.0,0.11219512195121951,0.0,0.11219512195121951,0.0,0.11219512195121951,0.0,0.11219512195121951,0.0,0.11219512195121951,0.0,0.11219512195121951,0.0,0.11219512195121951,0.0,0.0,0.0,0.0,0.0,0.0,0.0,0.0,0.0,0.0,0.0,0.0,0.0,0.0
vidstg/search/exposure_5/order2/7,vidstg,search,13,exposure_5,order2,7,False,False,False,0.034955641118920126,0.05448717948717949,0.034955641118920126,0.05448717948717949,0.034955641118920126,0.05448717948717949,0.034955641118920126,0.05448717948717949,0.034955641118920126,0.05448717948717949,0.034955641118920126,0.05448717948717949,0.034955641118920126,0.05448717948717949,0.034955641118920126,0.05448717948717949,0.034955641118920126,0.05448717948717949,0.0,0.0,0.0,0.0,0.0,0.0,0.0,0.0,0.0,0.0,0.0,0.0,0.0,0.0
vidstg/search/exposure_5/order2/8,vidstg,search,15,exposure_5,order2,8,True,False,True,0.0,0.0,0.004744871944180582,0.009828009828009828,0.0,0.0,0.011394093303993179,0.02457002457002457,0.04881469447079183,0.10526315789473684,0.11783369820610558,0.25,0.2394081487362145,0.5079365079365079,0.11513521656779782,0.24427480916030533,0.2320417441597156,0.49230769230769234,0.011394093303993179,0.02457002457002457,0.006649221359812597,0.01474201474201474,0.011394093303993179,0.02457002457002457,0.04881469447079183,0.10526315789473684,0.04406982252661125,0.09543514806672701,0.04881469447079183,0.10526315789473684,0.03742060116679865,0.08069313332471227
vidstg/search/exposure_5/order2/9,vidstg,search,31,exposure_5,order2,9,False,False,False,0.0,0.9222520107238605,0.0,0.9222520107238605,0.0,0.9222520107238605,0.0,0.9222520107238605,0.0,0.9222520107238605,0.0,0.9222520107238605,0.0,0.9222520107238605,0.0,0.9222520107238605,0.0,0.9222520107238605,0.0,0.0,0.0,0.0,0.0,0.0,0.0,0.0,0.0,0.0,0.0,0.0,0.0,0.0
vidstg/search/exposure_5/order2/10,vidstg,search,23,exposure_5,order2,10,False,False,False,0.0,0.0,0.0,0.0,0.0,0.0,0.0,0.0,0.0,0.0,0.0,0.0,0.0,0.0,0.0,0.0,0.0,0.0,0.0,0.0,0.0,0.0,0.0,0.0,0.0,0.0,0.0,0.0,0.0,0.0,0.0,0.0
vidstg/search/exposure_5/order2/11,vidstg,search,28,exposure_5,order2,11,False,False,False,0.6374261611612504,0.9043478260869565,0.6374261611612504,0.9043478260869565,0.6374261611612504,0.9043478260869565,0.6374261611612504,0.9043478260869565,0.6374261611612504,0.9043478260869565,0.6374261611612504,0.9043478260869565,0.6374261611612504,0.9043478260869565,0.6374261611612504,0.9043478260869565,0.6374261611612504,0.9043478260869565,0.0,0.0,0.0,0.0,0.0,0.0,0.0,0.0,0.0,0.0,0.0,0.0,0.0,0.0
vidstg/search/exposure_5/order2/12,vidstg,search,30,exposure_5,order2,12,True,False,True,0.10824578262850729,0.3127962085308057,0.11141395187617091,0.32195121951219513,0.10824578262850729,0.3127962085308057,0.10824578262850729,0.3127962085308057,0.10824578262850729,0.3127962085308057,0.13732322628005392,0.4074074074074074,0.32299575761069677,0.9629629629629629,0.13555780500759812,0.40414507772020725,0.3077959572525463,0.9176470588235294,0.0,0.0,-0.003168169247663624,-0.009155010981389433,0.0,0.0,0.0,0.0,-0.003168169247663624,-0.009155010981389433,0.0,0.0,0.0,0.0
vidstg/search/exposure_5/order2/13,vidstg,search,21,exposure_5,order2,13,False,False,False,0.3377049733079449,0.7032967032967034,0.3377049733079449,0.7032967032967034,0.3377049733079449,0.7032967032967034,0.3377049733079449,0.7032967032967034,0.3377049733079449,0.7032967032967034,0.3377049733079449,0.7032967032967034,0.3377049733079449,0.7032967032967034,0.3377049733079449,0.7032967032967034,0.3377049733079449,0.7032967032967034,0.0,0.0,0.0,0.0,0.0,0.0,0.0,0.0,0.0,0.0,0.0,0.0,0.0,0.0
vidstg/search/exposure_5/order2/14,vidstg,search,4,exposure_5,order2,14,False,False,False,0.22804444562370924,0.5048543689320388,0.22804444562370924,0.5048543689320388,0.22804444562370924,0.5048543689320388,0.22804444562370924,0.5048543689320388,0.22804444562370924,0.5048543689320388,0.22804444562370924,0.5048543689320388,0.22804444562370924,0.5048543689320388,0.22804444562370924,0.5048543689320388,0.22804444562370924,0.5048543689320388,0.0,0.0,0.0,0.0,0.0,0.0,0.0,0.0,0.0,0.0,0.0,0.0,0.0,0.0
vidstg/search/exposure_5/order2/15,vidstg,search,26,exposure_5,order2,15,False,False,False,0.24795378362584575,0.6744904261890056,0.24795378362584575,0.6744904261890056,0.24795378362584575,0.6744904261890056,0.24795378362584575,0.6744904261890056,0.24795378362584575,0.6744904261890056,0.24795378362584575,0.6744904261890056,0.24795378362584575,0.6744904261890056,0.24795378362584575,0.6744904261890056,0.24795378362584575,0.6744904261890056,0.0,0.0,0.0,0.0,0.0,0.0,0.0,0.0,0.0,0.0,0.0,0.0,0.0,0.0
vidstg/search/exposure_5/order2/16,vidstg,search,11,exposure_5,order2,16,True,False,True,0.6516921523244926,0.84375,0.5487933914311517,0.7105263157894737,0.6516921523244926,0.84375,0.6516921523244926,0.84375,0.6516921523244926,0.84375,0.5487933914311517,0.7105263157894737,0.5487933914311517,0.7105263157894737,0.5487933914311517,0.7105263157894737,0.5487933914311517,0.7105263157894737,0.0,0.0,0.10289876089334093,0.13322368421052633,0.0,0.0,0.0,0.0,0.10289876089334093,0.13322368421052633,0.0,0.0,0.0,0.0
vidstg/search/exposure_5/order2/17,vidstg,search,14,exposure_5,order2,17,False,False,False,0.0,0.0,0.0,0.0,0.0,0.0,0.0,0.0,0.0,0.0,0.0,0.0,0.0,0.0,0.0,0.0,0.0,0.0,0.0,0.0,0.0,0.0,0.0,0.0,0.0,0.0,0.0,0.0,0.0,0.0,0.0,0.0
vidstg/search/exposure_5/order2/18,vidstg,search,27,exposure_5,order2,18,False,False,False,0.10550465808589646,0.37057220708446864,0.10550465808589646,0.37057220708446864,0.10550465808589646,0.37057220708446864,0.10550465808589646,0.37057220708446864,0.10550465808589646,0.37057220708446864,0.10550465808589646,0.37057220708446864,0.10550465808589646,0.37057220708446864,0.10550465808589646,0.37057220708446864,0.10550465808589646,0.37057220708446864,0.0,0.0,0.0,0.0,0.0,0.0,0.0,0.0,0.0,0.0,0.0,0.0,0.0,0.0
vidstg/search/exposure_5/order2/19,vidstg,search,0,exposure_5,order2,19,False,False,False,0.01185004339993462,0.144136078782453,0.01185004339993462,0.144136078782453,0.01185004339993462,0.144136078782453,0.01185004339993462,0.144136078782453,0.01185004339993462,0.144136078782453,0.01185004339993462,0.144136078782453,0.01185004339993462,0.144136078782453,0.01185004339993462,0.144136078782453,0.01185004339993462,0.144136078782453,0.0,0.0,0.0,0.0,0.0,0.0,0.0,0.0,0.0,0.0,0.0,0.0,0.0,0.0
vidstg/search/exposure_5/order2/20,vidstg,search,19,exposure_5,order2,20,True,False,True,0.5832145999872483,0.8169491525423729,0.571589059788167,0.8006644518272426,0.5832145999872483,0.8169491525423729,0.5832145999872483,0.8169491525423729,0.5832145999872483,0.8169491525423729,0.3919095831349391,0.5489749430523918,0.5667354493031826,0.7900355871886121,0.38924956333990557,0.5452488687782805,0.5650049185790893,0.7879858657243817,0.0,0.0,0.011625540199081352,0.01628470071513033,0.0,0.0,0.0,0.0,0.011625540199081352,0.01628470071513033,0.0,0.0,0.0,0.0
vidstg/search/exposure_5/order2/21,vidstg,search,12,exposure_5,order2,21,False,False,False,0.09074882516555524,0.3542319749216301,0.09074882516555524,0.3542319749216301,0.09074882516555524,0.3542319749216301,0.09074882516555524,0.3542319749216301,0.09074882516555524,0.3542319749216301,0.09074882516555524,0.3542319749216301,0.09074882516555524,0.3542319749216301,0.09074882516555524,0.3542319749216301,0.09074882516555524,0.3542319749216301,0.0,0.0,0.0,0.0,0.0,0.0,0.0,0.0,0.0,0.0,0.0,0.0,0.0,0.0
vidstg/search/exposure_5/order2/22,vidstg,search,8,exposure_5,order2,22,False,False,False,0.1087264349276288,0.8161209068010076,0.1087264349276288,0.8161209068010076,0.1087264349276288,0.8161209068010076,0.1087264349276288,0.8161209068010076,0.1087264349276288,0.8161209068010076,0.1087264349276288,0.8161209068010076,0.1087264349276288,0.8161209068010076,0.1087264349276288,0.8161209068010076,0.1087264349276288,0.8161209068010076,0.0,0.0,0.0,0.0,0.0,0.0,0.0,0.0,0.0,0.0,0.0,0.0,0.0,0.0
vidstg/search/exposure_5/order2/23,vidstg,search,24,exposure_5,order2,23,False,False,False,0.017736864737264723,0.597667638483965,0.017736864737264723,0.597667638483965,0.017736864737264723,0.597667638483965,0.017736864737264723,0.597667638483965,0.017736864737264723,0.597667638483965,0.017736864737264723,0.597667638483965,0.017736864737264723,0.597667638483965,0.017736864737264723,0.597667638483965,0.017736864737264723,0.597667638483965,0.0,0.0,0.0,0.0,0.0,0.0,0.0,0.0,0.0,0.0,0.0,0.0,0.0,0.0
vidstg/search/exposure_5/order2/24,vidstg,search,3,exposure_5,order2,24,True,False,True,0.13317679545897582,0.1987179487179487,0.24063852219592702,0.391025641025641,0.2979334084330525,0.48412698412698413,0.22614222567810008,0.3674698795180723,0.2979334084330525,0.48412698412698413,0.26594687351262203,0.4915254237288136,0.45900089309991504,0.8645833333333334,0.2670946194104858,0.5027624309392266,0.46889942121573597,0.8958333333333334,0.09296543021912426,0.1687519308001236,-0.01449629651782694,-0.023555761507568718,-0.07179118275495242,-0.11665710460891182,0.16475661297407668,0.2854090354090354,0.057294886237125475,0.0931013431013431,0.0,0.0,0.07179118275495242,0.11665710460891182
vidstg/search/exposure_5/order2/25,vidstg,search,5,exposure_5,order2,25,False,False,False,0.4155298679031515,0.6312056737588653,0.4155298679031515,0.6312056737588653,0.4155298679031515,0.6312056737588653,0.4155298679031515,0.6312056737588653,0.4155298679031515,0.6312056737588653,0.4155298679031515,0.6312056737588653,0.4155298679031515,0.6312056737588653,0.4155298679031515,0.6312056737588653,0.4155298679031515,0.6312056737588653,0.0,0.0,0.0,0.0,0.0,0.0,0.0,0.0,0.0,0.0,0.0,0.0,0.0,0.0
vidstg/search/exposure_5/order2/26,vidstg,search,2,exposure_5,order2,26,False,False,False,0.32815902948240816,0.8333333333333334,0.32815902948240816,0.8333333333333334,0.32815902948240816,0.8333333333333334,0.32815902948240816,0.8333333333333334,0.32815902948240816,0.8333333333333334,0.32815902948240816,0.8333333333333334,0.32815902948240816,0.8333333333333334,0.32815902948240816,0.8333333333333334,0.32815902948240816,0.8333333333333334,0.0,0.0,0.0,0.0,0.0,0.0,0.0,0.0,0.0,0.0,0.0,0.0,0.0,0.0
vidstg/search/exposure_5/order2/27,vidstg,search,7,exposure_5,order2,27,False,False,False,0.0,0.0,0.0,0.0,0.0,0.0,0.0,0.0,0.0,0.0,0.0,0.0,0.0,0.0,0.0,0.0,0.0,0.0,0.0,0.0,0.0,0.0,0.0,0.0,0.0,0.0,0.0,0.0,0.0,0.0,0.0,0.0
vidstg/search/exposure_5/order2/28,vidstg,search,6,exposure_5,order2,28,True,False,True,0.4495975390418325,0.5986842105263158,0.7708769075594853,0.9733333333333334,0.6412153986802847,0.8223684210526315,0.21025722521568505,0.2671232876712329,0.6412153986802847,0.8223684210526315,0.02667740987519054,0.030855539971949508,0.7290532629674671,0.9246575342465754,0.027819491389472102,0.032167832167832165,0.7743386546778044,0.9795918367346939,-0.23934031382614743,-0.33156092285508293,-0.5606196823438003,-0.7062100456621005,-0.43095817346459964,-0.5552451333813986,0.19161785963845218,0.2236842105263157,-0.1296615088792007,-0.15096491228070186,0.0,0.0,0.43095817346459964,0.5552451333813986
vidstg/search/exposure_5/order2/29,vidstg,search,9,exposure_5,order2,29,False,False,False,0.06001169613424505,0.28865979381443296,0.06001169613424505,0.28865979381443296,0.06001169613424505,0.28865979381443296,0.06001169613424505,0.28865979381443296,0.06001169613424505,0.28865979381443296,0.06001169613424505,0.28865979381443296,0.06001169613424505,0.28865979381443296,0.06001169613424505,0.28865979381443296,0.06001169613424505,0.28865979381443296,0.0,0.0,0.0,0.0,0.0,0.0,0.0,0.0,0.0,0.0,0.0,0.0,0.0,0.0
vidstg/search/exposure_5/order2/30,vidstg,search,25,exposure_5,order2,30,False,False,False,0.08538336796832446,0.11174785100286533,0.08538336796832446,0.11174785100286533,0.08538336796832446,0.11174785100286533,0.08538336796832446,0.11174785100286533,0.08538336796832446,0.11174785100286533,0.08538336796832446,0.11174785100286533,0.08538336796832446,0.11174785100286533,0.08538336796832446,0.11174785100286533,0.08538336796832446,0.11174785100286533,0.0,0.0,0.0,0.0,0.0,0.0,0.0,0.0,0.0,0.0,0.0,0.0,0.0,0.0
vidstg/search/exposure_5/order2/31,vidstg,search,29,exposure_5,order2,31,False,False,False,0.0,0.0,0.0,0.0,0.0,0.0,0.0,0.0,0.0,0.0,0.0,0.0,0.0,0.0,0.0,0.0,0.0,0.0,0.0,0.0,0.0,0.0,0.0,0.0,0.0,0.0,0.0,0.0,0.0,0.0,0.0,0.0
vidstg/confirm/clean/order1/0,vidstg,confirm,38,clean,order1,0,True,False,True,0.044317744935804156,0.17674418604651163,0.04494488283583912,0.1792452830188679,0.044317744935804156,0.17674418604651163,0.044317744935804156,0.17674418604651163,0.044317744935804156,0.17674418604651163,0.0,0.0,0.23822825258643263,0.9534883720930233,0.0,0.0,0.23193543081999854,0.9283018867924528,0.0,0.0,-0.0006271379000349631,-0.002501096972356287,0.0,0.0,0.0,0.0,-0.0006271379000349631,-0.002501096972356287,0.0,0.0,0.0,0.0
vidstg/confirm/clean/order1/1,vidstg,confirm,40,clean,order1,1,False,False,False,0.48677458382429767,0.8473895582329317,0.48677458382429767,0.8473895582329317,0.48677458382429767,0.8473895582329317,0.48677458382429767,0.8473895582329317,0.48677458382429767,0.8473895582329317,0.48677458382429767,0.8473895582329317,0.48677458382429767,0.8473895582329317,0.48677458382429767,0.8473895582329317,0.48677458382429767,0.8473895582329317,0.0,0.0,0.0,0.0,0.0,0.0,0.0,0.0,0.0,0.0,0.0,0.0,0.0,0.0
vidstg/confirm/clean/order1/2,vidstg,confirm,43,clean,order1,2,False,False,False,0.009059761260609655,0.5368663594470046,0.009059761260609655,0.5368663594470046,0.009059761260609655,0.5368663594470046,0.009059761260609655,0.5368663594470046,0.009059761260609655,0.5368663594470046,0.009059761260609655,0.5368663594470046,0.009059761260609655,0.5368663594470046,0.009059761260609655,0.5368663594470046,0.009059761260609655,0.5368663594470046,0.0,0.0,0.0,0.0,0.0,0.0,0.0,0.0,0.0,0.0,0.0,0.0,0.0,0.0
vidstg/confirm/clean/order1/3,vidstg,confirm,46,clean,order1,3,False,False,False,0.17951339209516096,0.2645161290322581,0.17951339209516096,0.2645161290322581,0.17951339209516096,0.2645161290322581,0.17951339209516096,0.2645161290322581,0.17951339209516096,0.2645161290322581,0.17951339209516096,0.2645161290322581,0.17951339209516096,0.2645161290322581,0.17951339209516096,0.2645161290322581,0.17951339209516096,0.2645161290322581,0.0,0.0,0.0,0.0,0.0,0.0,0.0,0.0,0.0,0.0,0.0,0.0,0.0,0.0
vidstg/confirm/clean/order1/4,vidstg,confirm,34,clean,order1,4,True,False,True,0.17866592852976407,0.2914285714285714,0.19181924842152584,0.3128834355828221,0.17866592852976407,0.2914285714285714,0.17866592852976407,0.2914285714285714,0.17866592852976407,0.2914285714285714,0.23508674806547902,0.38345864661654133,0.5299413134357409,0.864406779661017,0.22493911865258065,0.3669064748201439,0.4666647386971449,0.7611940298507462,0.0,0.0,-0.013153319891761772,-0.021454864154250686,0.0,0.0,0.0,0.0,-0.013153319891761772,-0.021454864154250686,0.0,0.0,0.0,0.0
vidstg/confirm/clean/order1/5,vidstg,confirm,37,clean,order1,5,False,False,False,0.4461055557633001,0.9649122807017544,0.4461055557633001,0.9649122807017544,0.4461055557633001,0.9649122807017544,0.4461055557633001,0.9649122807017544,0.4461055557633001,0.9649122807017544,0.4461055557633001,0.9649122807017544,0.4461055557633001,0.9649122807017544,0.4461055557633001,0.9649122807017544,0.4461055557633001,0.9649122807017544,0.0,0.0,0.0,0.0,0.0,0.0,0.0,0.0,0.0,0.0,0.0,0.0,0.0,0.0
vidstg/confirm/clean/order1/6,vidstg,confirm,44,clean,order1,6,False,False,False,0.623544876467042,0.7602040816326531,0.623544876467042,0.7602040816326531,0.623544876467042,0.7602040816326531,0.623544876467042,0.7602040816326531,0.623544876467042,0.7602040816326531,0.623544876467042,0.7602040816326531,0.623544876467042,0.7602040816326531,0.623544876467042,0.7602040816326531,0.623544876467042,0.7602040816326531,0.0,0.0,0.0,0.0,0.0,0.0,0.0,0.0,0.0,0.0,0.0,0.0,0.0,0.0
vidstg/confirm/clean/order1/7,vidstg,confirm,45,clean,order1,7,False,False,False,0.05478640167392588,0.09898762654668167,0.05478640167392588,0.09898762654668167,0.05478640167392588,0.09898762654668167,0.05478640167392588,0.09898762654668167,0.05478640167392588,0.09898762654668167,0.05478640167392588,0.09898762654668167,0.05478640167392588,0.09898762654668167,0.05478640167392588,0.09898762654668167,0.05478640167392588,0.09898762654668167,0.0,0.0,0.0,0.0,0.0,0.0,0.0,0.0,0.0,0.0,0.0,0.0,0.0,0.0
vidstg/confirm/clean/order1/8,vidstg,confirm,36,clean,order1,8,True,False,True,0.5896317177372823,0.8223140495867769,0.6175307307026215,0.871900826446281,0.5896317177372823,0.8223140495867769,0.06004880091590735,0.0950920245398773,0.664472380173859,0.9214876033057852,0.0,0.0,0.5860158938633854,0.8200692041522492,0.0,0.0,0.5960984637995994,0.8373702422145328,-0.5295829168213749,-0.7272220250468996,-0.5574819297867142,-0.7768088019064037,-0.5295829168213749,-0.7272220250468996,0.07484066243657672,0.09917355371900827,0.04694164947123747,0.04958677685950419,0.07484066243657672,0.09917355371900827,0.6044235792579516,0.8263955787659079
vidstg/confirm/clean/order1/9,vidstg,confirm,35,clean,order1,9,False,False,False,0.460754350147012,0.9537037037037037,0.460754350147012,0.9537037037037037,0.460754350147012,0.9537037037037037,0.460754350147012,0.9537037037037037,0.460754350147012,0.9537037037037037,0.460754350147012,0.9537037037037037,0.460754350147012,0.9537037037037037,0.460754350147012,0.9537037037037037,0.460754350147012,0.9537037037037037,0.0,0.0,0.0,0.0,0.0,0.0,0.0,0.0,0.0,0.0,0.0,0.0,0.0,0.0
vidstg/confirm/clean/order1/10,vidstg,confirm,42,clean,order1,10,False,False,False,0.6265845905207785,0.7427536231884058,0.6265845905207785,0.7427536231884058,0.6265845905207785,0.7427536231884058,0.6265845905207785,0.7427536231884058,0.6265845905207785,0.7427536231884058,0.6265845905207785,0.7427536231884058,0.6265845905207785,0.7427536231884058,0.6265845905207785,0.7427536231884058,0.6265845905207785,0.7427536231884058,0.0,0.0,0.0,0.0,0.0,0.0,0.0,0.0,0.0,0.0,0.0,0.0,0.0,0.0
vidstg/confirm/clean/order1/11,vidstg,confirm,39,clean,order1,11,False,False,False,0.029488125831656546,0.06593406593406594,0.029488125831656546,0.06593406593406594,0.029488125831656546,0.06593406593406594,0.029488125831656546,0.06593406593406594,0.029488125831656546,0.06593406593406594,0.029488125831656546,0.06593406593406594,0.029488125831656546,0.06593406593406594,0.029488125831656546,0.06593406593406594,0.029488125831656546,0.06593406593406594,0.0,0.0,0.0,0.0,0.0,0.0,0.0,0.0,0.0,0.0,0.0,0.0,0.0,0.0
vidstg/confirm/clean/order1/12,vidstg,confirm,41,clean,order1,12,True,False,True,0.20903311261430313,0.902834008097166,0.17133281874697617,0.805668016194332,0.20903311261430313,0.902834008097166,0.20903311261430313,0.902834008097166,0.20903311261430313,0.902834008097166,0.1653424413539235,0.7449392712550608,0.24716880242865166,1.0,0.16534244135392354,0.757085020242915,0.24716880242865166,1.0,0.0,0.0,0.037700293867326956,0.09716599190283393,0.0,0.0,0.0,0.0,0.037700293867326956,0.09716599190283393,0.0,0.0,0.0,0.0
vidstg/confirm/clean/order1/13,vidstg,confirm,47,clean,order1,13,False,False,False,0.6823544465487231,0.9323432343234324,0.6823544465487231,0.9323432343234324,0.6823544465487231,0.9323432343234324,0.6823544465487231,0.9323432343234324,0.6823544465487231,0.9323432343234324,0.6823544465487231,0.9323432343234324,0.6823544465487231,0.9323432343234324,0.6823544465487231,0.9323432343234324,0.6823544465487231,0.9323432343234324,0.0,0.0,0.0,0.0,0.0,0.0,0.0,0.0,0.0,0.0,0.0,0.0,0.0,0.0
vidstg/confirm/clean/order1/14,vidstg,confirm,32,clean,order1,14,False,False,False,0.8067029981478873,0.9532374100719424,0.8067029981478873,0.9532374100719424,0.8067029981478873,0.9532374100719424,0.8067029981478873,0.9532374100719424,0.8067029981478873,0.9532374100719424,0.8067029981478873,0.9532374100719424,0.8067029981478873,0.9532374100719424,0.8067029981478873,0.9532374100719424,0.8067029981478873,0.9532374100719424,0.0,0.0,0.0,0.0,0.0,0.0,0.0,0.0,0.0,0.0,0.0,0.0,0.0,0.0
vidstg/confirm/clean/order1/15,vidstg,confirm,33,clean,order1,15,False,False,False,0.045277914367229145,0.054313099041533544,0.045277914367229145,0.054313099041533544,0.045277914367229145,0.054313099041533544,0.045277914367229145,0.054313099041533544,0.045277914367229145,0.054313099041533544,0.045277914367229145,0.054313099041533544,0.045277914367229145,0.054313099041533544,0.045277914367229145,0.054313099041533544,0.045277914367229145,0.054313099041533544,0.0,0.0,0.0,0.0,0.0,0.0,0.0,0.0,0.0,0.0,0.0,0.0,0.0,0.0
vidstg/confirm/clean/order2/0,vidstg,confirm,45,clean,order2,0,True,False,True,0.053958813585813184,0.09898762654668167,0.04069686630782114,0.07681159420289856,0.053958813585813184,0.09898762654668167,0.053240161240608125,0.097669256381798,0.053958813585813184,0.09898762654668167,0.04091526678245871,0.07810320781032078,0.5072624665908193,0.9732142857142857,0.04091526678245871,0.07810320781032078,0.5101955875308329,0.9739130434782609,-0.0007186523452050592,-0.0013183701648836615,0.012543294932786983,0.02085766217889945,-0.0007186523452050592,-0.0013183701648836615,0.0,0.0,0.013261947277992042,0.02217603234378311,0.0,0.0,0.0007186523452050592,0.0013183701648836615
vidstg/confirm/clean/order2/1,vidstg,confirm,47,clean,order2,1,False,False,False,0.701965523333706,0.9323432343234324,0.701965523333706,0.9323432343234324,0.701965523333706,0.9323432343234324,0.701965523333706,0.9323432343234324,0.701965523333706,0.9323432343234324,0.701965523333706,0.9323432343234324,0.701965523333706,0.9323432343234324,0.701965523333706,0.9323432343234324,0.701965523333706,0.9323432343234324,0.0,0.0,0.0,0.0,0.0,0.0,0.0,0.0,0.0,0.0,0.0,0.0,0.0,0.0
vidstg/confirm/clean/order2/2,vidstg,confirm,36,clean,order2,2,False,False,False,0.6018802611003279,0.8223140495867769,0.6018802611003279,0.8223140495867769,0.6018802611003279,0.8223140495867769,0.6018802611003279,0.8223140495867769,0.6018802611003279,0.8223140495867769,0.6018802611003279,0.8223140495867769,0.6018802611003279,0.8223140495867769,0.6018802611003279,0.8223140495867769,0.6018802611003279,0.8223140495867769,0.0,0.0,0.0,0.0,0.0,0.0,0.0,0.0,0.0,0.0,0.0,0.0,0.0,0.0
vidstg/confirm/clean/order2/3,vidstg,confirm,41,clean,order2,3,False,False,False,0.1954812756326596,0.902834008097166,0.1954812756326596,0.902834008097166,0.1954812756326596,0.902834008097166,0.1954812756326596,0.902834008097166,0.1954812756326596,0.902834008097166,0.1954812756326596,0.902834008097166,0.1954812756326596,0.902834008097166,0.1954812756326596,0.902834008097166,0.1954812756326596,0.902834008097166,0.0,0.0,0.0,0.0,0.0,0.0,0.0,0.0,0.0,0.0,0.0,0.0,0.0,0.0
vidstg/confirm/clean/order2/4,vidstg,confirm,33,clean,order2,4,True,False,True,0.042942662477474615,0.054313099041533544,0.03918674447652931,0.04956268221574344,0.43358236630482433,0.5483870967741935,0.0450492815971099,0.05623471882640587,0.4979771938707554,0.6216216216216216,0.03878980246993253,0.04842105263157895,0.28346394112643,0.35384615384615387,0.03878980246993253,0.04842105263157895,0.2750023309435515,0.34328358208955223,0.002106619119635285,0.0019216197848723263,0.005862537120580588,0.00667203661066243,-0.3885330847077144,-0.49215237794778766,0.45503453139328076,0.567308522580088,0.4587904493942261,0.5720589394058782,0.06439482756593107,0.0732345248474281,0.4529279122736455,0.5653869027952158
vidstg/confirm/clean/order2/5,vidstg,confirm,38,clean,order2,5,False,False,False,0.04342460964319792,0.17674418604651163,0.04342460964319792,0.17674418604651163,0.04342460964319792,0.17674418604651163,0.04342460964319792,0.17674418604651163,0.04342460964319792,0.17674418604651163,0.04342460964319792,0.17674418604651163,0.04342460964319792,0.17674418604651163,0.04342460964319792,0.17674418604651163,0.04342460964319792,0.17674418604651163,0.0,0.0,0.0,0.0,0.0,0.0,0.0,0.0,0.0,0.0,0.0,0.0,0.0,0.0
vidstg/confirm/clean/order2/6,vidstg,confirm,32,clean,order2,6,False,False,False,0.7929393285149836,0.9532374100719424,0.7929393285149836,0.9532374100719424,0.7929393285149836,0.9532374100719424,0.7929393285149836,0.9532374100719424,0.7929393285149836,0.9532374100719424,0.7929393285149836,0.9532374100719424,0.7929393285149836,0.9532374100719424,0.7929393285149836,0.9532374100719424,0.7929393285149836,0.9532374100719424,0.0,0.0,0.0,0.0,0.0,0.0,0.0,0.0,0.0,0.0,0.0,0.0,0.0,0.0
vidstg/confirm/clean/order2/7,vidstg,confirm,34,clean,order2,7,False,False,False,0.1763292821451926,0.2914285714285714,0.1763292821451926,0.2914285714285714,0.1763292821451926,0.2914285714285714,0.1763292821451926,0.2914285714285714,0.1763292821451926,0.2914285714285714,0.1763292821451926,0.2914285714285714,0.1763292821451926,0.2914285714285714,0.1763292821451926,0.2914285714285714,0.1763292821451926,0.2914285714285714,0.0,0.0,0.0,0.0,0.0,0.0,0.0,0.0,0.0,0.0,0.0,0.0,0.0,0.0
vidstg/confirm/clean/order2/8,vidstg,confirm,40,clean,order2,8,True,False,True,0.4467777342251405,0.8473895582329317,0.4106129408083417,0.7753623188405797,0.4467777342251405,0.8473895582329317,0.4467777342251405,0.8473895582329317,0.45780928321835385,0.8683127572016461,0.37402366885512317,0.7062706270627063,0.4255519903000798,0.789272030651341,0.3703567701408572,0.6993464052287581,0.4201709930808289,0.7811320754716982,0.0,0.0,0.03616479341679879,0.072027239392352,0.0,0.0,0.011031548993213347,0.020923198968714418,0.04719634241001214,0.09295043836106642,0.011031548993213347,0.020923198968714418,0.011031548993213347,0.020923198968714418
vidstg/confirm/clean/order2/9,vidstg,confirm,44,clean,order2,9,False,False,False,0.6304664623435203,0.7602040816326531,0.6304664623435203,0.7602040816326531,0.6304664623435203,0.7602040816326531,0.6304664623435203,0.7602040816326531,0.6304664623435203,0.7602040816326531,0.6304664623435203,0.7602040816326531,0.6304664623435203,0.7602040816326531,0.6304664623435203,0.7602040816326531,0.6304664623435203,0.7602040816326531,0.0,0.0,0.0,0.0,0.0,0.0,0.0,0.0,0.0,0.0,0.0,0.0,0.0,0.0
vidstg/confirm/clean/order2/10,vidstg,confirm,35,clean,order2,10,False,False,False,0.43702665567864124,0.9537037037037037,0.43702665567864124,0.9537037037037037,0.43702665567864124,0.9537037037037037,0.43702665567864124,0.9537037037037037,0.43702665567864124,0.9537037037037037,0.43702665567864124,0.9537037037037037,0.43702665567864124,0.9537037037037037,0.43702665567864124,0.9537037037037037,0.43702665567864124,0.9537037037037037,0.0,0.0,0.0,0.0,0.0,0.0,0.0,0.0,0.0,0.0,0.0,0.0,0.0,0.0
vidstg/confirm/clean/order2/11,vidstg,confirm,42,clean,order2,11,False,False,False,0.6389130473520374,0.7427536231884058,0.6389130473520374,0.7427536231884058,0.6389130473520374,0.7427536231884058,0.6389130473520374,0.7427536231884058,0.6389130473520374,0.7427536231884058,0.6389130473520374,0.7427536231884058,0.6389130473520374,0.7427536231884058,0.6389130473520374,0.7427536231884058,0.6389130473520374,0.7427536231884058,0.0,0.0,0.0,0.0,0.0,0.0,0.0,0.0,0.0,0.0,0.0,0.0,0.0,0.0
vidstg/confirm/clean/order2/12,vidstg,confirm,37,clean,order2,12,True,False,True,0.43136058949167616,0.9649122807017544,0.390278628587707,0.873015873015873,0.43136058949167616,0.9649122807017544,0.25892694397786,0.5876288659793815,0.3748643815798869,0.8507462686567164,0.2058681439823969,0.4672131147540984,0.38639867024388336,0.8769230769230769,0.18884145538234903,0.42857142857142855,0.34405361049112904,0.7808219178082192,-0.17243364551381618,-0.3772834147223729,-0.13135168460984703,-0.28538700703649156,-0.17243364551381618,-0.3772834147223729,-0.056496207911789276,-0.11416601204503796,-0.015414247007820125,-0.022269604359156592,-0.056496207911789276,-0.11416601204503796,0.1159374376020269,0.26311740267733497
vidstg/confirm/clean/order2/13,vidstg,confirm,46,clean,order2,13,False,False,False,0.1790734371423504,0.2645161290322581,0.1790734371423504,0.2645161290322581,0.1790734371423504,0.2645161290322581,0.1790734371423504,0.2645161290322581,0.1790734371423504,0.2645161290322581,0.1790734371423504,0.2645161290322581,0.1790734371423504,0.2645161290322581,0.1790734371423504,0.2645161290322581,0.1790734371423504,0.2645161290322581,0.0,0.0,0.0,0.0,0.0,0.0,0.0,0.0,0.0,0.0,0.0,0.0,0.0,0.0
vidstg/confirm/clean/order2/14,vidstg,confirm,39,clean,order2,14,False,False,False,0.031394598509569396,0.06593406593406594,0.031394598509569396,0.06593406593406594,0.031394598509569396,0.06593406593406594,0.031394598509569396,0.06593406593406594,0.031394598509569396,0.06593406593406594,0.031394598509569396,0.06593406593406594,0.031394598509569396,0.06593406593406594,0.031394598509569396,0.06593406593406594,0.031394598509569396,0.06593406593406594,0.0,0.0,0.0,0.0,0.0,0.0,0.0,0.0,0.0,0.0,0.0,0.0,0.0,0.0
vidstg/confirm/clean/order2/15,vidstg,confirm,43,clean,order2,15,False,False,False,0.017735726122907802,0.5368663594470046,0.017735726122907802,0.5368663594470046,0.017735726122907802,0.5368663594470046,0.017735726122907802,0.5368663594470046,0.017735726122907802,0.5368663594470046,0.017735726122907802,0.5368663594470046,0.017735726122907802,0.5368663594470046,0.017735726122907802,0.5368663594470046,0.017735726122907802,0.5368663594470046,0.0,0.0,0.0,0.0,0.0,0.0,0.0,0.0,0.0,0.0,0.0,0.0,0.0,0.0
vidstg/confirm/frame_drop_5/order1/0,vidstg,confirm,38,frame_drop_5,order1,0,True,False,True,0.0,0.0,0.0015377688797991577,0.02577319587628866,0.0,0.0,0.0,0.0,0.0,0.0,0.0,0.0,0.12462059307686474,0.9207547169811321,0.0,0.0,0.12349402821709364,0.9077490774907749,0.0,0.0,-0.0015377688797991577,-0.02577319587628866,0.0,0.0,0.0,0.0,-0.0015377688797991577,-0.02577319587628866,0.0,0.0,0.0,0.0
vidstg/confirm/frame_drop_5/order1/1,vidstg,confirm,40,frame_drop_5,order1,1,False,False,False,0.48343277055473227,0.8473895582329317,0.48343277055473227,0.8473895582329317,0.48343277055473227,0.8473895582329317,0.48343277055473227,0.8473895582329317,0.48343277055473227,0.8473895582329317,0.48343277055473227,0.8473895582329317,0.48343277055473227,0.8473895582329317,0.48343277055473227,0.8473895582329317,0.48343277055473227,0.8473895582329317,0.0,0.0,0.0,0.0,0.0,0.0,0.0,0.0,0.0,0.0,0.0,0.0,0.0,0.0
vidstg/confirm/frame_drop_5/order1/2,vidstg,confirm,43,frame_drop_5,order1,2,False,False,False,0.008572355285645004,0.544392523364486,0.008572355285645004,0.544392523364486,0.008572355285645004,0.544392523364486,0.008572355285645004,0.544392523364486,0.008572355285645004,0.544392523364486,0.008572355285645004,0.544392523364486,0.008572355285645004,0.544392523364486,0.008572355285645004,0.544392523364486,0.008572355285645004,0.544392523364486,0.0,0.0,0.0,0.0,0.0,0.0,0.0,0.0,0.0,0.0,0.0,0.0,0.0,0.0
vidstg/confirm/frame_drop_5/order1/3,vidstg,confirm,46,frame_drop_5,order1,3,False,False,False,0.18038117618626862,0.2645161290322581,0.18038117618626862,0.2645161290322581,0.18038117618626862,0.2645161290322581,0.18038117618626862,0.2645161290322581,0.18038117618626862,0.2645161290322581,0.18038117618626862,0.2645161290322581,0.18038117618626862,0.2645161290322581,0.18038117618626862,0.2645161290322581,0.18038117618626862,0.2645161290322581,0.0,0.0,0.0,0.0,0.0,0.0,0.0,0.0,0.0,0.0,0.0,0.0,0.0,0.0
vidstg/confirm/frame_drop_5/order1/4,vidstg,confirm,34,frame_drop_5,order1,4,True,False,True,0.1778098524388945,0.2914285714285714,0.1441921873040965,0.23699421965317918,0.1778098524388945,0.2914285714285714,0.1778098524388945,0.2914285714285714,0.1778098524388945,0.2914285714285714,0.2217279440535578,0.362962962962963,0.5018826480130086,0.8225806451612904,0.2238613250129967,0.3669064748201439,0.464428719056814,0.7611940298507462,0.0,0.0,0.033617665134798,0.05443435177539224,0.0,0.0,0.0,0.0,0.033617665134798,0.05443435177539224,0.0,0.0,0.0,0.0
vidstg/confirm/frame_drop_5/order1/5,vidstg,confirm,37,frame_drop_5,order1,5,False,False,False,0.44053555612359274,0.9649122807017544,0.44053555612359274,0.9649122807017544,0.44053555612359274,0.9649122807017544,0.44053555612359274,0.9649122807017544,0.44053555612359274,0.9649122807017544,0.44053555612359274,0.9649122807017544,0.44053555612359274,0.9649122807017544,0.44053555612359274,0.9649122807017544,0.44053555612359274,0.9649122807017544,0.0,0.0,0.0,0.0,0.0,0.0,0.0,0.0,0.0,0.0,0.0,0.0,0.0,0.0
vidstg/confirm/frame_drop_5/order1/6,vidstg,confirm,44,frame_drop_5,order1,6,False,False,False,0.4491037220007059,0.5459183673469388,0.4491037220007059,0.5459183673469388,0.4491037220007059,0.5459183673469388,0.4491037220007059,0.5459183673469388,0.4491037220007059,0.5459183673469388,0.4491037220007059,0.5459183673469388,0.4491037220007059,0.5459183673469388,0.4491037220007059,0.5459183673469388,0.4491037220007059,0.5459183673469388,0.0,0.0,0.0,0.0,0.0,0.0,0.0,0.0,0.0,0.0,0.0,0.0,0.0,0.0
vidstg/confirm/frame_drop_5/order1/7,vidstg,confirm,45,frame_drop_5,order1,7,False,False,False,0.04731504618616737,0.08149010477299184,0.04731504618616737,0.08149010477299184,0.04731504618616737,0.08149010477299184,0.04731504618616737,0.08149010477299184,0.04731504618616737,0.08149010477299184,0.04731504618616737,0.08149010477299184,0.04731504618616737,0.08149010477299184,0.04731504618616737,0.08149010477299184,0.04731504618616737,0.08149010477299184,0.0,0.0,0.0,0.0,0.0,0.0,0.0,0.0,0.0,0.0,0.0,0.0,0.0,0.0
vidstg/confirm/frame_drop_5/order1/8,vidstg,confirm,36,frame_drop_5,order1,8,True,False,True,0.44276397261542216,0.6239669421487604,0.38729650733654786,0.5247933884297521,0.6073292698187207,0.888030888030888,0.1585896640722887,0.21467391304347827,0.49309805919450994,0.7210031347962382,0.00453063041663804,0.007371007371007371,0.4945135299397853,0.7286585365853658,0.009651253404120005,0.01707317073170732,0.4956024302109403,0.7311178247734139,-0.28417430854313347,-0.4092930291052821,-0.22870684326425916,-0.3101194753862738,-0.448739605746432,-0.6733569749874098,0.05033408657908778,0.09703619264747787,0.10580155185796208,0.19620974636648614,-0.11423121062421077,-0.1670277532346498,0.33450839512222125,0.50632922175276
vidstg/confirm/frame_drop_5/order1/9,vidstg,confirm,35,frame_drop_5,order1,9,False,False,False,0.44695061205894177,0.9537037037037037,0.44695061205894177,0.9537037037037037,0.44695061205894177,0.9537037037037037,0.44695061205894177,0.9537037037037037,0.44695061205894177,0.9537037037037037,0.44695061205894177,0.9537037037037037,0.44695061205894177,0.9537037037037037,0.44695061205894177,0.9537037037037037,0.44695061205894177,0.9537037037037037,0.0,0.0,0.0,0.0,0.0,0.0,0.0,0.0,0.0,0.0,0.0,0.0,0.0,0.0
vidstg/confirm/frame_drop_5/order1/10,vidstg,confirm,42,frame_drop_5,order1,10,False,False,False,0.6270669806060305,0.7427536231884058,0.6270669806060305,0.7427536231884058,0.6270669806060305,0.7427536231884058,0.6270669806060305,0.7427536231884058,0.6270669806060305,0.7427536231884058,0.6270669806060305,0.7427536231884058,0.6270669806060305,0.7427536231884058,0.6270669806060305,0.7427536231884058,0.6270669806060305,0.7427536231884058,0.0,0.0,0.0,0.0,0.0,0.0,0.0,0.0,0.0,0.0,0.0,0.0,0.0,0.0
vidstg/confirm/frame_drop_5/order1/11,vidstg,confirm,39,frame_drop_5,order1,11,False,False,False,0.10329279852884386,0.24,0.10329279852884386,0.24,0.10329279852884386,0.24,0.10329279852884386,0.24,0.10329279852884386,0.24,0.10329279852884386,0.24,0.10329279852884386,0.24,0.10329279852884386,0.24,0.10329279852884386,0.24,0.0,0.0,0.0,0.0,0.0,0.0,0.0,0.0,0.0,0.0,0.0,0.0,0.0,0.0
vidstg/confirm/frame_drop_5/order1/12,vidstg,confirm,41,frame_drop_5,order1,12,True,False,True,0.2000593795743555,0.8299595141700404,0.15823609024713942,0.6842105263157895,0.2000593795743555,0.8299595141700404,0.2000593795743555,0.8299595141700404,0.2000593795743555,0.8299595141700404,0.16006315334662086,0.708502024291498,0.25782976915546746,1.0,0.16210866983577768,0.7327935222672065,0.25782976915546746,1.0,0.0,0.0,0.04182328932721607,0.14574898785425094,0.0,0.0,0.0,0.0,0.04182328932721607,0.14574898785425094,0.0,0.0,0.0,0.0
vidstg/confirm/frame_drop_5/order1/13,vidstg,confirm,47,frame_drop_5,order1,13,False,False,False,0.6601896593821198,0.8828382838283828,0.6601896593821198,0.8828382838283828,0.6601896593821198,0.8828382838283828,0.6601896593821198,0.8828382838283828,0.6601896593821198,0.8828382838283828,0.6601896593821198,0.8828382838283828,0.6601896593821198,0.8828382838283828,0.6601896593821198,0.8828382838283828,0.6601896593821198,0.8828382838283828,0.0,0.0,0.0,0.0,0.0,0.0,0.0,0.0,0.0,0.0,0.0,0.0,0.0,0.0
vidstg/confirm/frame_drop_5/order1/14,vidstg,confirm,32,frame_drop_5,order1,14,False,False,False,0.5468359814209147,0.658273381294964,0.5468359814209147,0.658273381294964,0.5468359814209147,0.658273381294964,0.5468359814209147,0.658273381294964,0.5468359814209147,0.658273381294964,0.5468359814209147,0.658273381294964,0.5468359814209147,0.658273381294964,0.5468359814209147,0.658273381294964,0.5468359814209147,0.658273381294964,0.0,0.0,0.0,0.0,0.0,0.0,0.0,0.0,0.0,0.0,0.0,0.0,0.0,0.0
vidstg/confirm/frame_drop_5/order1/15,vidstg,confirm,33,frame_drop_5,order1,15,False,False,False,0.0426453683882424,0.054313099041533544,0.0426453683882424,0.054313099041533544,0.0426453683882424,0.054313099041533544,0.0426453683882424,0.054313099041533544,0.0426453683882424,0.054313099041533544,0.0426453683882424,0.054313099041533544,0.0426453683882424,0.054313099041533544,0.0426453683882424,0.054313099041533544,0.0426453683882424,0.054313099041533544,0.0,0.0,0.0,0.0,0.0,0.0,0.0,0.0,0.0,0.0,0.0,0.0,0.0,0.0
vidstg/confirm/frame_drop_5/order2/0,vidstg,confirm,45,frame_drop_5,order2,0,True,False,True,0.04672153738431414,0.08149010477299184,0.04068741435650995,0.07681159420289856,0.04987183267335036,0.08847497089639116,0.04987183267335036,0.08847497089639116,0.04987183267335036,0.08847497089639116,0.040905016578715495,0.07810320781032078,0.5015419545495837,0.9642857142857143,0.040905016578715495,0.07810320781032078,0.5100677719467653,0.9739130434782609,0.003150295289036223,0.006984866123399311,0.009184418316840408,0.0116633766934926,0.0,0.0,0.003150295289036223,0.006984866123399311,0.009184418316840408,0.0116633766934926,0.0,0.0,0.0,0.0
vidstg/confirm/frame_drop_5/order2/1,vidstg,confirm,47,frame_drop_5,order2,1,False,False,False,0.6667643897978274,0.8828382838283828,0.6667643897978274,0.8828382838283828,0.6667643897978274,0.8828382838283828,0.6667643897978274,0.8828382838283828,0.6667643897978274,0.8828382838283828,0.6667643897978274,0.8828382838283828,0.6667643897978274,0.8828382838283828,0.6667643897978274,0.8828382838283828,0.6667643897978274,0.8828382838283828,0.0,0.0,0.0,0.0,0.0,0.0,0.0,0.0,0.0,0.0,0.0,0.0,0.0,0.0
vidstg/confirm/frame_drop_5/order2/2,vidstg,confirm,36,frame_drop_5,order2,2,False,False,False,0.44874682827088924,0.6239669421487604,0.44874682827088924,0.6239669421487604,0.44874682827088924,0.6239669421487604,0.44874682827088924,0.6239669421487604,0.44874682827088924,0.6239669421487604,0.44874682827088924,0.6239669421487604,0.44874682827088924,0.6239669421487604,0.44874682827088924,0.6239669421487604,0.44874682827088924,0.6239669421487604,0.0,0.0,0.0,0.0,0.0,0.0,0.0,0.0,0.0,0.0,0.0,0.0,0.0,0.0
vidstg/confirm/frame_drop_5/order2/3,vidstg,confirm,41,frame_drop_5,order2,3,False,False,False,0.20151600781353593,0.8299595141700404,0.20151600781353593,0.8299595141700404,0.20151600781353593,0.8299595141700404,0.20151600781353593,0.8299595141700404,0.20151600781353593,0.8299595141700404,0.20151600781353593,0.8299595141700404,0.20151600781353593,0.8299595141700404,0.20151600781353593,0.8299595141700404,0.20151600781353593,0.8299595141700404,0.0,0.0,0.0,0.0,0.0,0.0,0.0,0.0,0.0,0.0,0.0,0.0,0.0,0.0
vidstg/confirm/frame_drop_5/order2/4,vidstg,confirm,33,frame_drop_5,order2,4,True,False,True,0.04297104205700182,0.054313099041533544,0.03921264187708913,0.04956268221574344,0.4338689085110184,0.5483870967741935,0.04507385291679421,0.05623471882640587,0.49824880656672516,0.6216216216216216,0.03881095966940806,0.04842105263157895,0.2836185514302897,0.35384615384615387,0.03881095966940806,0.04842105263157895,0.27515232601446016,0.34328358208955223,0.0021028108597923867,0.0019216197848723263,0.005861211039705078,0.00667203661066243,-0.38879505559422417,-0.49215237794778766,0.45527776450972335,0.567308522580088,0.45903616468963604,0.5720589394058782,0.06437989805570676,0.0732345248474281,0.45317495364993093,0.5653869027952158
vidstg/confirm/frame_drop_5/order2/5,vidstg,confirm,38,frame_drop_5,order2,5,False,False,False,0.0,0.0,0.0,0.0,0.0,0.0,0.0,0.0,0.0,0.0,0.0,0.0,0.0,0.0,0.0,0.0,0.0,0.0,0.0,0.0,0.0,0.0,0.0,0.0,0.0,0.0,0.0,0.0,0.0,0.0,0.0,0.0
vidstg/confirm/frame_drop_5/order2/6,vidstg,confirm,32,frame_drop_5,order2,6,False,False,False,0.5375783833276684,0.658273381294964,0.5375783833276684,0.658273381294964,0.5375783833276684,0.658273381294964,0.5375783833276684,0.658273381294964,0.5375783833276684,0.658273381294964,0.5375783833276684,0.658273381294964,0.5375783833276684,0.658273381294964,0.5375783833276684,0.658273381294964,0.5375783833276684,0.658273381294964,0.0,0.0,0.0,0.0,0.0,0.0,0.0,0.0,0.0,0.0,0.0,0.0,0.0,0.0
vidstg/confirm/frame_drop_5/order2/7,vidstg,confirm,34,frame_drop_5,order2,7,False,False,False,0.176416695468016,0.2914285714285714,0.176416695468016,0.2914285714285714,0.176416695468016,0.2914285714285714,0.176416695468016,0.2914285714285714,0.176416695468016,0.2914285714285714,0.176416695468016,0.2914285714285714,0.176416695468016,0.2914285714285714,0.176416695468016,0.2914285714285714,0.176416695468016,0.2914285714285714,0.0,0.0,0.0,0.0,0.0,0.0,0.0,0.0,0.0,0.0,0.0,0.0,0.0,0.0
vidstg/confirm/frame_drop_5/order2/8,vidstg,confirm,40,frame_drop_5,order2,8,True,False,True,0.4471410374115025,0.8473895582329317,0.41095319481866854,0.7753623188405797,0.4471410374115025,0.8473895582329317,0.4471410374115025,0.8473895582329317,0.45818155685376183,0.8683127572016461,0.37433360320116343,0.7062706270627063,0.42589960711567637,0.789272030651341,0.3706636659148775,0.6993464052287581,0.4205146615563162,0.7811320754716982,0.0,0.0,0.036187842592833974,0.072027239392352,0.0,0.0,0.011040519442259311,0.020923198968714418,0.047228362035093285,0.09295043836106642,0.011040519442259311,0.020923198968714418,0.011040519442259311,0.020923198968714418
vidstg/confirm/frame_drop_5/order2/9,vidstg,confirm,44,frame_drop_5,order2,9,False,False,False,0.4538408430551952,0.5459183673469388,0.4538408430551952,0.5459183673469388,0.4538408430551952,0.5459183673469388,0.4538408430551952,0.5459183673469388,0.4538408430551952,0.5459183673469388,0.4538408430551952,0.5459183673469388,0.4538408430551952,0.5459183673469388,0.4538408430551952,0.5459183673469388,0.4538408430551952,0.5459183673469388,0.0,0.0,0.0,0.0,0.0,0.0,0.0,0.0,0.0,0.0,0.0,0.0,0.0,0.0
vidstg/confirm/frame_drop_5/order2/10,vidstg,confirm,35,frame_drop_5,order2,10,False,False,False,0.44037390205140314,0.9537037037037037,0.44037390205140314,0.9537037037037037,0.44037390205140314,0.9537037037037037,0.44037390205140314,0.9537037037037037,0.44037390205140314,0.9537037037037037,0.44037390205140314,0.9537037037037037,0.44037390205140314,0.9537037037037037,0.44037390205140314,0.9537037037037037,0.44037390205140314,0.9537037037037037,0.0,0.0,0.0,0.0,0.0,0.0,0.0,0.0,0.0,0.0,0.0,0.0,0.0,0.0
vidstg/confirm/frame_drop_5/order2/11,vidstg,confirm,42,frame_drop_5,order2,11,False,False,False,0.6388010416770163,0.7427536231884058,0.6388010416770163,0.7427536231884058,0.6388010416770163,0.7427536231884058,0.6388010416770163,0.7427536231884058,0.6388010416770163,0.7427536231884058,0.6388010416770163,0.7427536231884058,0.6388010416770163,0.7427536231884058,0.6388010416770163,0.7427536231884058,0.6388010416770163,0.7427536231884058,0.0,0.0,0.0,0.0,0.0,0.0,0.0,0.0,0.0,0.0,0.0,0.0,0.0,0.0
vidstg/confirm/frame_drop_5/order2/12,vidstg,confirm,37,frame_drop_5,order2,12,True,False,True,0.4317570892190534,0.9649122807017544,0.39063736643628644,0.873015873015873,0.4317570892190534,0.9649122807017544,0.2591653128814583,0.5876288659793815,0.3752094828283799,0.8507462686567164,0.20605766679919227,0.4672131147540984,0.3867543899923301,0.8769230769230769,0.18901530337971018,0.42857142857142855,0.34437034725344456,0.7808219178082192,-0.17259177633759515,-0.3772834147223729,-0.13147205355482816,-0.28538700703649156,-0.17259177633759515,-0.3772834147223729,-0.05654760639067352,-0.11416601204503796,-0.015427883607906534,-0.022269604359156592,-0.05654760639067352,-0.11416601204503796,0.11604416994692163,0.26311740267733497
vidstg/confirm/frame_drop_5/order2/13,vidstg,confirm,46,frame_drop_5,order2,13,False,False,False,0.17862308360031467,0.2645161290322581,0.17862308360031467,0.2645161290322581,0.17862308360031467,0.2645161290322581,0.17862308360031467,0.2645161290322581,0.17862308360031467,0.2645161290322581,0.17862308360031467,0.2645161290322581,0.17862308360031467,0.2645161290322581,0.17862308360031467,0.2645161290322581,0.17862308360031467,0.2645161290322581,0.0,0.0,0.0,0.0,0.0,0.0,0.0,0.0,0.0,0.0,0.0,0.0,0.0,0.0
vidstg/confirm/frame_drop_5/order2/14,vidstg,confirm,39,frame_drop_5,order2,14,False,False,False,0.11494595499431455,0.24,0.11494595499431455,0.24,0.11494595499431455,0.24,0.11494595499431455,0.24,0.11494595499431455,0.24,0.11494595499431455,0.24,0.11494595499431455,0.24,0.11494595499431455,0.24,0.11494595499431455,0.24,0.0,0.0,0.0,0.0,0.0,0.0,0.0,0.0,0.0,0.0,0.0,0.0,0.0,0.0
vidstg/confirm/frame_drop_5/order2/15,vidstg,confirm,43,frame_drop_5,order2,15,False,False,False,0.018672607664715336,0.544392523364486,0.018672607664715336,0.544392523364486,0.018672607664715336,0.544392523364486,0.018672607664715336,0.544392523364486,0.018672607664715336,0.544392523364486,0.018672607664715336,0.544392523364486,0.018672607664715336,0.544392523364486,0.018672607664715336,0.544392523364486,0.018672607664715336,0.544392523364486,0.0,0.0,0.0,0.0,0.0,0.0,0.0,0.0,0.0,0.0,0.0,0.0,0.0,0.0
vidstg/confirm/frame_freeze_5/order1/0,vidstg,confirm,38,frame_freeze_5,order1,0,True,False,True,0.0,0.0,0.00769635056543358,0.09595959595959595,0.0,0.0,0.0,0.0,0.0,0.0,0.0,0.0,0.13711774052745396,0.9461538461538461,0.0,0.0,0.13453061334769068,0.9283018867924528,0.0,0.0,-0.00769635056543358,-0.09595959595959595,0.0,0.0,0.0,0.0,-0.00769635056543358,-0.09595959595959595,0.0,0.0,0.0,0.0
vidstg/confirm/frame_freeze_5/order1/1,vidstg,confirm,40,frame_freeze_5,order1,1,False,False,False,0.4867838685167707,0.8473895582329317,0.4867838685167707,0.8473895582329317,0.4867838685167707,0.8473895582329317,0.4867838685167707,0.8473895582329317,0.4867838685167707,0.8473895582329317,0.4867838685167707,0.8473895582329317,0.4867838685167707,0.8473895582329317,0.4867838685167707,0.8473895582329317,0.4867838685167707,0.8473895582329317,0.0,0.0,0.0,0.0,0.0,0.0,0.0,0.0,0.0,0.0,0.0,0.0,0.0,0.0
vidstg/confirm/frame_freeze_5/order1/2,vidstg,confirm,43,frame_freeze_5,order1,2,False,False,False,0.00900515433382474,0.5154867256637168,0.00900515433382474,0.5154867256637168,0.00900515433382474,0.5154867256637168,0.00900515433382474,0.5154867256637168,0.00900515433382474,0.5154867256637168,0.00900515433382474,0.5154867256637168,0.00900515433382474,0.5154867256637168,0.00900515433382474,0.5154867256637168,0.00900515433382474,0.5154867256637168,0.0,0.0,0.0,0.0,0.0,0.0,0.0,0.0,0.0,0.0,0.0,0.0,0.0,0.0
vidstg/confirm/frame_freeze_5/order1/3,vidstg,confirm,46,frame_freeze_5,order1,3,False,False,False,0.17952080742891038,0.2645161290322581,0.17952080742891038,0.2645161290322581,0.17952080742891038,0.2645161290322581,0.17952080742891038,0.2645161290322581,0.17952080742891038,0.2645161290322581,0.17952080742891038,0.2645161290322581,0.17952080742891038,0.2645161290322581,0.17952080742891038,0.2645161290322581,0.17952080742891038,0.2645161290322581,0.0,0.0,0.0,0.0,0.0,0.0,0.0,0.0,0.0,0.0,0.0,0.0,0.0,0.0
vidstg/confirm/frame_freeze_5/order1/4,vidstg,confirm,34,frame_freeze_5,order1,4,True,False,True,0.17879406257090283,0.2914285714285714,0.19195681564360734,0.3128834355828221,0.17879406257090283,0.2914285714285714,0.17879406257090283,0.2914285714285714,0.17879406257090283,0.2914285714285714,0.250311687599264,0.408,0.5303213720323389,0.864406779661017,0.24636977125911808,0.4015748031496063,0.4669994171628059,0.7611940298507462,0.0,0.0,-0.013162753072704508,-0.021454864154250686,0.0,0.0,0.0,0.0,-0.013162753072704508,-0.021454864154250686,0.0,0.0,0.0,0.0
vidstg/confirm/frame_freeze_5/order1/5,vidstg,confirm,37,frame_freeze_5,order1,5,False,False,False,0.44551136108134054,0.9649122807017544,0.44551136108134054,0.9649122807017544,0.44551136108134054,0.9649122807017544,0.44551136108134054,0.9649122807017544,0.44551136108134054,0.9649122807017544,0.44551136108134054,0.9649122807017544,0.44551136108134054,0.9649122807017544,0.44551136108134054,0.9649122807017544,0.44551136108134054,0.9649122807017544,0.0,0.0,0.0,0.0,0.0,0.0,0.0,0.0,0.0,0.0,0.0,0.0,0.0,0.0
vidstg/confirm/frame_freeze_5/order1/6,vidstg,confirm,44,frame_freeze_5,order1,6,False,False,False,0.6230751544016205,0.7602040816326531,0.6230751544016205,0.7602040816326531,0.6230751544016205,0.7602040816326531,0.6230751544016205,0.7602040816326531,0.6230751544016205,0.7602040816326531,0.6230751544016205,0.7602040816326531,0.6230751544016205,0.7602040816326531,0.6230751544016205,0.7602040816326531,0.6230751544016205,0.7602040816326531,0.0,0.0,0.0,0.0,0.0,0.0,0.0,0.0,0.0,0.0,0.0,0.0,0.0,0.0
vidstg/confirm/frame_freeze_5/order1/7,vidstg,confirm,45,frame_freeze_5,order1,7,False,False,False,0.05479363273487238,0.09898762654668167,0.05479363273487238,0.09898762654668167,0.05479363273487238,0.09898762654668167,0.05479363273487238,0.09898762654668167,0.05479363273487238,0.09898762654668167,0.05479363273487238,0.09898762654668167,0.05479363273487238,0.09898762654668167,0.05479363273487238,0.09898762654668167,0.05479363273487238,0.09898762654668167,0.0,0.0,0.0,0.0,0.0,0.0,0.0,0.0,0.0,0.0,0.0,0.0,0.0,0.0
vidstg/confirm/frame_freeze_5/order1/8,vidstg,confirm,36,frame_freeze_5,order1,8,True,False,True,0.505923195399225,0.7231404958677686,0.5623831610172894,0.8223140495867769,0.5623831610172894,0.8223140495867769,0.059993739456574734,0.0950920245398773,0.6376425820948262,0.9214876033057852,0.0,0.0,0.5657138844156343,0.8222996515679443,0.0,0.0,0.5736812921292842,0.8373702422145328,-0.4459294559426503,-0.6280484713278913,-0.5023894215607146,-0.7272220250468996,-0.5023894215607146,-0.7272220250468996,0.13171938669560113,0.19834710743801653,0.0752594210775368,0.09917355371900827,0.0752594210775368,0.09917355371900827,0.5776488426382514,0.8263955787659079
vidstg/confirm/frame_freeze_5/order1/9,vidstg,confirm,35,frame_freeze_5,order1,9,False,False,False,0.31883709317650694,0.7039473684210527,0.31883709317650694,0.7039473684210527,0.31883709317650694,0.7039473684210527,0.31883709317650694,0.7039473684210527,0.31883709317650694,0.7039473684210527,0.31883709317650694,0.7039473684210527,0.31883709317650694,0.7039473684210527,0.31883709317650694,0.7039473684210527,0.31883709317650694,0.7039473684210527,0.0,0.0,0.0,0.0,0.0,0.0,0.0,0.0,0.0,0.0,0.0,0.0,0.0,0.0
vidstg/confirm/frame_freeze_5/order1/10,vidstg,confirm,42,frame_freeze_5,order1,10,False,False,False,0.6265546737012385,0.7427536231884058,0.6265546737012385,0.7427536231884058,0.6265546737012385,0.7427536231884058,0.6265546737012385,0.7427536231884058,0.6265546737012385,0.7427536231884058,0.6265546737012385,0.7427536231884058,0.6265546737012385,0.7427536231884058,0.6265546737012385,0.7427536231884058,0.6265546737012385,0.7427536231884058,0.0,0.0,0.0,0.0,0.0,0.0,0.0,0.0,0.0,0.0,0.0,0.0,0.0,0.0
vidstg/confirm/frame_freeze_5/order1/11,vidstg,confirm,39,frame_freeze_5,order1,11,False,False,False,0.13475270866817324,0.3,0.13475270866817324,0.3,0.13475270866817324,0.3,0.13475270866817324,0.3,0.13475270866817324,0.3,0.13475270866817324,0.3,0.13475270866817324,0.3,0.13475270866817324,0.3,0.13475270866817324,0.3,0.0,0.0,0.0,0.0,0.0,0.0,0.0,0.0,0.0,0.0,0.0,0.0,0.0,0.0
vidstg/confirm/frame_freeze_5/order1/12,vidstg,confirm,41,frame_freeze_5,order1,12,True,False,True,0.23838981612374693,0.902834008097166,0.21896145783451249,0.854251012145749,0.23838981612374693,0.902834008097166,0.23838981612374693,0.902834008097166,0.23838981612374693,0.902834008097166,0.18759896324329703,0.7449392712550608,0.27643601705461857,1.0,0.18901064625088448,0.757085020242915,0.27643601705461857,1.0,0.0,0.0,0.01942835828923445,0.04858299595141702,0.0,0.0,0.0,0.0,0.01942835828923445,0.04858299595141702,0.0,0.0,0.0,0.0
vidstg/confirm/frame_freeze_5/order1/13,vidstg,confirm,47,frame_freeze_5,order1,13,False,False,False,0.6917724858545673,0.9323432343234324,0.6917724858545673,0.9323432343234324,0.6917724858545673,0.9323432343234324,0.6917724858545673,0.9323432343234324,0.6917724858545673,0.9323432343234324,0.6917724858545673,0.9323432343234324,0.6917724858545673,0.9323432343234324,0.6917724858545673,0.9323432343234324,0.6917724858545673,0.9323432343234324,0.0,0.0,0.0,0.0,0.0,0.0,0.0,0.0,0.0,0.0,0.0,0.0,0.0,0.0
vidstg/confirm/frame_freeze_5/order1/14,vidstg,confirm,32,frame_freeze_5,order1,14,False,False,False,0.8035560351072213,0.9532374100719424,0.8035560351072213,0.9532374100719424,0.8035560351072213,0.9532374100719424,0.8035560351072213,0.9532374100719424,0.8035560351072213,0.9532374100719424,0.8035560351072213,0.9532374100719424,0.8035560351072213,0.9532374100719424,0.8035560351072213,0.9532374100719424,0.8035560351072213,0.9532374100719424,0.0,0.0,0.0,0.0,0.0,0.0,0.0,0.0,0.0,0.0,0.0,0.0,0.0,0.0
vidstg/confirm/frame_freeze_5/order1/15,vidstg,confirm,33,frame_freeze_5,order1,15,False,False,False,0.04309601702704209,0.054313099041533544,0.04309601702704209,0.054313099041533544,0.04309601702704209,0.054313099041533544,0.04309601702704209,0.054313099041533544,0.04309601702704209,0.054313099041533544,0.04309601702704209,0.054313099041533544,0.04309601702704209,0.054313099041533544,0.04309601702704209,0.054313099041533544,0.04309601702704209,0.054313099041533544,0.0,0.0,0.0,0.0,0.0,0.0,0.0,0.0,0.0,0.0,0.0,0.0,0.0,0.0
vidstg/confirm/frame_freeze_5/order2/0,vidstg,confirm,45,frame_freeze_5,order2,0,True,False,True,0.05396022448562267,0.09898762654668167,0.040697285670845344,0.07681159420289856,0.05396022448562267,0.09898762654668167,0.05396022448562267,0.09898762654668167,0.05396022448562267,0.09898762654668167,0.04091554804041693,0.07810320781032078,0.507264879174237,0.9732142857142857,0.04091554804041693,0.07810320781032078,0.5101990946952859,0.9739130434782609,0.0,0.0,0.013262938814777324,0.02217603234378311,0.0,0.0,0.0,0.0,0.013262938814777324,0.02217603234378311,0.0,0.0,0.0,0.0
vidstg/confirm/frame_freeze_5/order2/1,vidstg,confirm,47,frame_freeze_5,order2,1,False,False,False,0.7024187581197544,0.9323432343234324,0.7024187581197544,0.9323432343234324,0.7024187581197544,0.9323432343234324,0.7024187581197544,0.9323432343234324,0.7024187581197544,0.9323432343234324,0.7024187581197544,0.9323432343234324,0.7024187581197544,0.9323432343234324,0.7024187581197544,0.9323432343234324,0.7024187581197544,0.9323432343234324,0.0,0.0,0.0,0.0,0.0,0.0,0.0,0.0,0.0,0.0,0.0,0.0,0.0,0.0
vidstg/confirm/frame_freeze_5/order2/2,vidstg,confirm,36,frame_freeze_5,order2,2,False,False,False,0.5149288985720826,0.7231404958677686,0.5149288985720826,0.7231404958677686,0.5149288985720826,0.7231404958677686,0.5149288985720826,0.7231404958677686,0.5149288985720826,0.7231404958677686,0.5149288985720826,0.7231404958677686,0.5149288985720826,0.7231404958677686,0.5149288985720826,0.7231404958677686,0.5149288985720826,0.7231404958677686,0.0,0.0,0.0,0.0,0.0,0.0,0.0,0.0,0.0,0.0,0.0,0.0,0.0,0.0
vidstg/confirm/frame_freeze_5/order2/3,vidstg,confirm,41,frame_freeze_5,order2,3,False,False,False,0.23886982448913743,0.902834008097166,0.23886982448913743,0.902834008097166,0.23886982448913743,0.902834008097166,0.23886982448913743,0.902834008097166,0.23886982448913743,0.902834008097166,0.23886982448913743,0.902834008097166,0.23886982448913743,0.902834008097166,0.23886982448913743,0.902834008097166,0.23886982448913743,0.902834008097166,0.0,0.0,0.0,0.0,0.0,0.0,0.0,0.0,0.0,0.0,0.0,0.0,0.0,0.0
vidstg/confirm/frame_freeze_5/order2/4,vidstg,confirm,33,frame_freeze_5,order2,4,True,False,True,0.042948695967750035,0.054313099041533544,0.03919225025628501,0.04956268221574344,0.4336432850937342,0.5483870967741935,0.045054642614727115,0.05623471882640587,0.49803645484928083,0.6216216216216216,0.03879441858825977,0.04842105263157895,0.2834976742988214,0.35384615384615387,0.03879441858825977,0.04842105263157895,0.27503505715557297,0.34328358208955223,0.0021059466469770804,0.0019216197848723263,0.005862392358442103,0.00667203661066243,-0.38858864247900704,-0.49215237794778766,0.4550877588815308,0.567308522580088,0.4588442045929958,0.5720589394058782,0.06439316975554665,0.0732345248474281,0.4529818122345537,0.5653869027952158
vidstg/confirm/frame_freeze_5/order2/5,vidstg,confirm,38,frame_freeze_5,order2,5,False,False,False,0.0,0.0,0.0,0.0,0.0,0.0,0.0,0.0,0.0,0.0,0.0,0.0,0.0,0.0,0.0,0.0,0.0,0.0,0.0,0.0,0.0,0.0,0.0,0.0,0.0,0.0,0.0,0.0,0.0,0.0,0.0,0.0
vidstg/confirm/frame_freeze_5/order2/6,vidstg,confirm,32,frame_freeze_5,order2,6,False,False,False,0.7925992603726953,0.9532374100719424,0.7925992603726953,0.9532374100719424,0.7925992603726953,0.9532374100719424,0.7925992603726953,0.9532374100719424,0.7925992603726953,0.9532374100719424,0.7925992603726953,0.9532374100719424,0.7925992603726953,0.9532374100719424,0.7925992603726953,0.9532374100719424,0.7925992603726953,0.9532374100719424,0.0,0.0,0.0,0.0,0.0,0.0,0.0,0.0,0.0,0.0,0.0,0.0,0.0,0.0
vidstg/confirm/frame_freeze_5/order2/7,vidstg,confirm,34,frame_freeze_5,order2,7,False,False,False,0.1764089670100575,0.2914285714285714,0.1764089670100575,0.2914285714285714,0.1764089670100575,0.2914285714285714,0.1764089670100575,0.2914285714285714,0.1764089670100575,0.2914285714285714,0.1764089670100575,0.2914285714285714,0.1764089670100575,0.2914285714285714,0.1764089670100575,0.2914285714285714,0.1764089670100575,0.2914285714285714,0.0,0.0,0.0,0.0,0.0,0.0,0.0,0.0,0.0,0.0,0.0,0.0,0.0,0.0
vidstg/confirm/frame_freeze_5/order2/8,vidstg,confirm,40,frame_freeze_5,order2,8,True,False,True,0.4469221464721954,0.8473895582329317,0.4107448653963331,0.7753623188405797,0.4469221464721954,0.8473895582329317,0.4469221464721954,0.8473895582329317,0.45795726119990393,0.8683127572016461,0.37414383778675886,0.7062706270627063,0.4256885078192961,0.789272030651341,0.3704757609457122,0.6993464052287581,0.42030554832686723,0.7811320754716982,0.0,0.0,0.03617728107586232,0.072027239392352,0.0,0.0,0.011035114727708517,0.020923198968714418,0.04721239580357084,0.09295043836106642,0.011035114727708517,0.020923198968714418,0.011035114727708517,0.020923198968714418
vidstg/confirm/frame_freeze_5/order2/9,vidstg,confirm,44,frame_freeze_5,order2,9,False,False,False,0.6302493054147732,0.7602040816326531,0.6302493054147732,0.7602040816326531,0.6302493054147732,0.7602040816326531,0.6302493054147732,0.7602040816326531,0.6302493054147732,0.7602040816326531,0.6302493054147732,0.7602040816326531,0.6302493054147732,0.7602040816326531,0.6302493054147732,0.7602040816326531,0.6302493054147732,0.7602040816326531,0.0,0.0,0.0,0.0,0.0,0.0,0.0,0.0,0.0,0.0,0.0,0.0,0.0,0.0
vidstg/confirm/frame_freeze_5/order2/10,vidstg,confirm,35,frame_freeze_5,order2,10,False,False,False,0.294299385959192,0.7039473684210527,0.294299385959192,0.7039473684210527,0.294299385959192,0.7039473684210527,0.294299385959192,0.7039473684210527,0.294299385959192,0.7039473684210527,0.294299385959192,0.7039473684210527,0.294299385959192,0.7039473684210527,0.294299385959192,0.7039473684210527,0.294299385959192,0.7039473684210527,0.0,0.0,0.0,0.0,0.0,0.0,0.0,0.0,0.0,0.0,0.0,0.0,0.0,0.0
vidstg/confirm/frame_freeze_5/order2/11,vidstg,confirm,42,frame_freeze_5,order2,11,False,False,False,0.6391154738627719,0.7427536231884058,0.6391154738627719,0.7427536231884058,0.6391154738627719,0.7427536231884058,0.6391154738627719,0.7427536231884058,0.6391154738627719,0.7427536231884058,0.6391154738627719,0.7427536231884058,0.6391154738627719,0.7427536231884058,0.6391154738627719,0.7427536231884058,0.6391154738627719,0.7427536231884058,0.0,0.0,0.0,0.0,0.0,0.0,0.0,0.0,0.0,0.0,0.0,0.0,0.0,0.0
vidstg/confirm/frame_freeze_5/order2/12,vidstg,confirm,37,frame_freeze_5,order2,12,True,False,True,0.4315246854863417,0.9649122807017544,0.3904270963924044,0.873015873015873,0.4315246854863417,0.9649122807017544,0.25902745405240424,0.5876288659793815,0.3750098961654211,0.8507462686567164,0.20594805773019026,0.4672131147540984,0.38654866220128015,0.8769230769230769,0.18891475972243016,0.42857142857142855,0.34418716497374263,0.7808219178082192,-0.17249723143393747,-0.3772834147223729,-0.13139964234000018,-0.28538700703649156,-0.17249723143393747,-0.3772834147223729,-0.05651478932092063,-0.11416601204503796,-0.01541720022698334,-0.022269604359156592,-0.05651478932092063,-0.11416601204503796,0.11598244211301684,0.26311740267733497
vidstg/confirm/frame_freeze_5/order2/13,vidstg,confirm,46,frame_freeze_5,order2,13,False,False,False,0.17921984967617283,0.2645161290322581,0.17921984967617283,0.2645161290322581,0.17921984967617283,0.2645161290322581,0.17921984967617283,0.2645161290322581,0.17921984967617283,0.2645161290322581,0.17921984967617283,0.2645161290322581,0.17921984967617283,0.2645161290322581,0.17921984967617283,0.2645161290322581,0.17921984967617283,0.2645161290322581,0.0,0.0,0.0,0.0,0.0,0.0,0.0,0.0,0.0,0.0,0.0,0.0,0.0,0.0
vidstg/confirm/frame_freeze_5/order2/14,vidstg,confirm,39,frame_freeze_5,order2,14,False,False,False,0.13637697264153748,0.3,0.13637697264153748,0.3,0.13637697264153748,0.3,0.13637697264153748,0.3,0.13637697264153748,0.3,0.13637697264153748,0.3,0.13637697264153748,0.3,0.13637697264153748,0.3,0.13637697264153748,0.3,0.0,0.0,0.0,0.0,0.0,0.0,0.0,0.0,0.0,0.0,0.0,0.0,0.0,0.0
vidstg/confirm/frame_freeze_5/order2/15,vidstg,confirm,43,frame_freeze_5,order2,15,False,False,False,0.01744254813457701,0.5154867256637168,0.01744254813457701,0.5154867256637168,0.01744254813457701,0.5154867256637168,0.01744254813457701,0.5154867256637168,0.01744254813457701,0.5154867256637168,0.01744254813457701,0.5154867256637168,0.01744254813457701,0.5154867256637168,0.01744254813457701,0.5154867256637168,0.01744254813457701,0.5154867256637168,0.0,0.0,0.0,0.0,0.0,0.0,0.0,0.0,0.0,0.0,0.0,0.0,0.0,0.0
vidstg/confirm/motion_blur_5/order1/0,vidstg,confirm,38,motion_blur_5,order1,0,True,False,True,0.008682669370241662,0.14883720930232558,0.007155237779969883,0.11162790697674418,0.008682669370241662,0.14883720930232558,0.0,0.0,0.008682669370241662,0.14883720930232558,0.0,0.0,0.07487988470865037,0.9959514170040485,0.0,0.0,0.07310407716615273,0.9723320158102767,-0.008682669370241662,-0.14883720930232558,-0.007155237779969883,-0.11162790697674418,-0.008682669370241662,-0.14883720930232558,0.0,0.0,0.0015274315902717795,0.037209302325581395,0.0,0.0,0.008682669370241662,0.14883720930232558
vidstg/confirm/motion_blur_5/order1/1,vidstg,confirm,40,motion_blur_5,order1,1,False,False,False,0.48633923118310735,0.8473895582329317,0.48633923118310735,0.8473895582329317,0.48633923118310735,0.8473895582329317,0.48633923118310735,0.8473895582329317,0.48633923118310735,0.8473895582329317,0.48633923118310735,0.8473895582329317,0.48633923118310735,0.8473895582329317,0.48633923118310735,0.8473895582329317,0.48633923118310735,0.8473895582329317,0.0,0.0,0.0,0.0,0.0,0.0,0.0,0.0,0.0,0.0,0.0,0.0,0.0,0.0
vidstg/confirm/motion_blur_5/order1/2,vidstg,confirm,43,motion_blur_5,order1,2,False,False,False,0.009247078202819786,0.5368663594470046,0.009247078202819786,0.5368663594470046,0.009247078202819786,0.5368663594470046,0.009247078202819786,0.5368663594470046,0.009247078202819786,0.5368663594470046,0.009247078202819786,0.5368663594470046,0.009247078202819786,0.5368663594470046,0.009247078202819786,0.5368663594470046,0.009247078202819786,0.5368663594470046,0.0,0.0,0.0,0.0,0.0,0.0,0.0,0.0,0.0,0.0,0.0,0.0,0.0,0.0
vidstg/confirm/motion_blur_5/order1/3,vidstg,confirm,46,motion_blur_5,order1,3,False,False,False,0.18017840671573204,0.2645161290322581,0.18017840671573204,0.2645161290322581,0.18017840671573204,0.2645161290322581,0.18017840671573204,0.2645161290322581,0.18017840671573204,0.2645161290322581,0.18017840671573204,0.2645161290322581,0.18017840671573204,0.2645161290322581,0.18017840671573204,0.2645161290322581,0.18017840671573204,0.2645161290322581,0.0,0.0,0.0,0.0,0.0,0.0,0.0,0.0,0.0,0.0,0.0,0.0,0.0,0.0
vidstg/confirm/motion_blur_5/order1/4,vidstg,confirm,34,motion_blur_5,order1,4,True,False,True,0.179211306705061,0.2914285714285714,0.19240477713733542,0.3128834355828221,0.179211306705061,0.2914285714285714,0.179211306705061,0.2914285714285714,0.179211306705061,0.2914285714285714,0.23580435092771185,0.38345864661654133,0.5315589605658589,0.864406779661017,0.2256257458516955,0.3669064748201439,0.4680892339311295,0.7611940298507462,0.0,0.0,-0.013193470432274423,-0.021454864154250686,0.0,0.0,0.0,0.0,-0.013193470432274423,-0.021454864154250686,0.0,0.0,0.0,0.0
vidstg/confirm/motion_blur_5/order1/5,vidstg,confirm,37,motion_blur_5,order1,5,False,False,False,0.44451186711074053,0.9649122807017544,0.44451186711074053,0.9649122807017544,0.44451186711074053,0.9649122807017544,0.44451186711074053,0.9649122807017544,0.44451186711074053,0.9649122807017544,0.44451186711074053,0.9649122807017544,0.44451186711074053,0.9649122807017544,0.44451186711074053,0.9649122807017544,0.44451186711074053,0.9649122807017544,0.0,0.0,0.0,0.0,0.0,0.0,0.0,0.0,0.0,0.0,0.0,0.0,0.0,0.0
vidstg/confirm/motion_blur_5/order1/6,vidstg,confirm,44,motion_blur_5,order1,6,False,False,False,0.6220745965762892,0.7602040816326531,0.6220745965762892,0.7602040816326531,0.6220745965762892,0.7602040816326531,0.6220745965762892,0.7602040816326531,0.6220745965762892,0.7602040816326531,0.6220745965762892,0.7602040816326531,0.6220745965762892,0.7602040816326531,0.6220745965762892,0.7602040816326531,0.6220745965762892,0.7602040816326531,0.0,0.0,0.0,0.0,0.0,0.0,0.0,0.0,0.0,0.0,0.0,0.0,0.0,0.0
vidstg/confirm/motion_blur_5/order1/7,vidstg,confirm,45,motion_blur_5,order1,7,False,False,False,0.05482096238069625,0.09898762654668167,0.05482096238069625,0.09898762654668167,0.05482096238069625,0.09898762654668167,0.05482096238069625,0.09898762654668167,0.05482096238069625,0.09898762654668167,0.05482096238069625,0.09898762654668167,0.05482096238069625,0.09898762654668167,0.05482096238069625,0.09898762654668167,0.05482096238069625,0.09898762654668167,0.0,0.0,0.0,0.0,0.0,0.0,0.0,0.0,0.0,0.0,0.0,0.0,0.0,0.0
vidstg/confirm/motion_blur_5/order1/8,vidstg,confirm,36,motion_blur_5,order1,8,True,False,True,0.5322699099012642,0.7231404958677686,0.4246579619340937,0.5743801652892562,0.5322699099012642,0.7231404958677686,0.12476711087835204,0.1687116564417178,0.539597183824935,0.749185667752443,0.0,0.0,0.5347303809642308,0.7492163009404389,0.0,0.0,0.540531331482395,0.7586206896551724,-0.4075027990229122,-0.5544288394260508,-0.29989085105574165,-0.40566850884753836,-0.4075027990229122,-0.5544288394260508,0.0073272739236708295,0.026045171884674367,0.11493922189084133,0.17480550246318682,0.0073272739236708295,0.026045171884674367,0.41483007294658303,0.5804740113107252
vidstg/confirm/motion_blur_5/order1/9,vidstg,confirm,35,motion_blur_5,order1,9,False,False,False,0.458594810300722,0.9537037037037037,0.458594810300722,0.9537037037037037,0.458594810300722,0.9537037037037037,0.458594810300722,0.9537037037037037,0.458594810300722,0.9537037037037037,0.458594810300722,0.9537037037037037,0.458594810300722,0.9537037037037037,0.458594810300722,0.9537037037037037,0.458594810300722,0.9537037037037037,0.0,0.0,0.0,0.0,0.0,0.0,0.0,0.0,0.0,0.0,0.0,0.0,0.0,0.0
vidstg/confirm/motion_blur_5/order1/10,vidstg,confirm,42,motion_blur_5,order1,10,False,False,False,0.6274011968552706,0.7427536231884058,0.6274011968552706,0.7427536231884058,0.6274011968552706,0.7427536231884058,0.6274011968552706,0.7427536231884058,0.6274011968552706,0.7427536231884058,0.6274011968552706,0.7427536231884058,0.6274011968552706,0.7427536231884058,0.6274011968552706,0.7427536231884058,0.6274011968552706,0.7427536231884058,0.0,0.0,0.0,0.0,0.0,0.0,0.0,0.0,0.0,0.0,0.0,0.0,0.0,0.0
vidstg/confirm/motion_blur_5/order1/11,vidstg,confirm,39,motion_blur_5,order1,11,False,False,False,0.13299969207102372,0.3,0.13299969207102372,0.3,0.13299969207102372,0.3,0.13299969207102372,0.3,0.13299969207102372,0.3,0.13299969207102372,0.3,0.13299969207102372,0.3,0.13299969207102372,0.3,0.13299969207102372,0.3,0.0,0.0,0.0,0.0,0.0,0.0,0.0,0.0,0.0,0.0,0.0,0.0,0.0,0.0
vidstg/confirm/motion_blur_5/order1/12,vidstg,confirm,41,motion_blur_5,order1,12,True,False,True,0.2041564767786847,0.8299595141700404,0.18484918473418802,0.7813765182186235,0.2041564767786847,0.8299595141700404,0.2041564767786847,0.8299595141700404,0.2041564767786847,0.8299595141700404,0.177227811439644,0.7408906882591093,0.2676331018729655,1.0,0.18020856559546802,0.757085020242915,0.2676331018729655,1.0,0.0,0.0,0.019307292044496688,0.04858299595141691,0.0,0.0,0.0,0.0,0.019307292044496688,0.04858299595141691,0.0,0.0,0.0,0.0
vidstg/confirm/motion_blur_5/order1/13,vidstg,confirm,47,motion_blur_5,order1,13,False,False,False,0.6888295138777325,0.9323432343234324,0.6888295138777325,0.9323432343234324,0.6888295138777325,0.9323432343234324,0.6888295138777325,0.9323432343234324,0.6888295138777325,0.9323432343234324,0.6888295138777325,0.9323432343234324,0.6888295138777325,0.9323432343234324,0.6888295138777325,0.9323432343234324,0.6888295138777325,0.9323432343234324,0.0,0.0,0.0,0.0,0.0,0.0,0.0,0.0,0.0,0.0,0.0,0.0,0.0,0.0
vidstg/confirm/motion_blur_5/order1/14,vidstg,confirm,32,motion_blur_5,order1,14,False,False,False,0.7938221264224276,0.9532374100719424,0.7938221264224276,0.9532374100719424,0.7938221264224276,0.9532374100719424,0.7938221264224276,0.9532374100719424,0.7938221264224276,0.9532374100719424,0.7938221264224276,0.9532374100719424,0.7938221264224276,0.9532374100719424,0.7938221264224276,0.9532374100719424,0.7938221264224276,0.9532374100719424,0.0,0.0,0.0,0.0,0.0,0.0,0.0,0.0,0.0,0.0,0.0,0.0,0.0,0.0
vidstg/confirm/motion_blur_5/order1/15,vidstg,confirm,33,motion_blur_5,order1,15,False,False,False,0.04337369468928179,0.054313099041533544,0.04337369468928179,0.054313099041533544,0.04337369468928179,0.054313099041533544,0.04337369468928179,0.054313099041533544,0.04337369468928179,0.054313099041533544,0.04337369468928179,0.054313099041533544,0.04337369468928179,0.054313099041533544,0.04337369468928179,0.054313099041533544,0.04337369468928179,0.054313099041533544,0.0,0.0,0.0,0.0,0.0,0.0,0.0,0.0,0.0,0.0,0.0,0.0,0.0,0.0
vidstg/confirm/motion_blur_5/order2/0,vidstg,confirm,45,motion_blur_5,order2,0,True,False,True,0.05395797017430281,0.09898762654668167,0.04069493474734941,0.07681159420289856,0.05395797017430281,0.09898762654668167,0.05395797017430281,0.09898762654668167,0.05395797017430281,0.09898762654668167,0.040912650503242005,0.07810320781032078,0.5072296964985784,0.9732142857142857,0.040912650503242005,0.07810320781032078,0.5101629636665134,0.9739130434782609,0.0,0.0,0.013263035426953403,0.02217603234378311,0.0,0.0,0.0,0.0,0.013263035426953403,0.02217603234378311,0.0,0.0,0.0,0.0
vidstg/confirm/motion_blur_5/order2/1,vidstg,confirm,47,motion_blur_5,order2,1,False,False,False,0.6984632264645908,0.9323432343234324,0.6984632264645908,0.9323432343234324,0.6984632264645908,0.9323432343234324,0.6984632264645908,0.9323432343234324,0.6984632264645908,0.9323432343234324,0.6984632264645908,0.9323432343234324,0.6984632264645908,0.9323432343234324,0.6984632264645908,0.9323432343234324,0.6984632264645908,0.9323432343234324,0.0,0.0,0.0,0.0,0.0,0.0,0.0,0.0,0.0,0.0,0.0,0.0,0.0,0.0
vidstg/confirm/motion_blur_5/order2/2,vidstg,confirm,36,motion_blur_5,order2,2,False,False,False,0.5412186477121296,0.7231404958677686,0.5412186477121296,0.7231404958677686,0.5412186477121296,0.7231404958677686,0.5412186477121296,0.7231404958677686,0.5412186477121296,0.7231404958677686,0.5412186477121296,0.7231404958677686,0.5412186477121296,0.7231404958677686,0.5412186477121296,0.7231404958677686,0.5412186477121296,0.7231404958677686,0.0,0.0,0.0,0.0,0.0,0.0,0.0,0.0,0.0,0.0,0.0,0.0,0.0,0.0
vidstg/confirm/motion_blur_5/order2/3,vidstg,confirm,41,motion_blur_5,order2,3,False,False,False,0.20659296408804942,0.8299595141700404,0.20659296408804942,0.8299595141700404,0.20659296408804942,0.8299595141700404,0.20659296408804942,0.8299595141700404,0.20659296408804942,0.8299595141700404,0.20659296408804942,0.8299595141700404,0.20659296408804942,0.8299595141700404,0.20659296408804942,0.8299595141700404,0.20659296408804942,0.8299595141700404,0.0,0.0,0.0,0.0,0.0,0.0,0.0,0.0,0.0,0.0,0.0,0.0,0.0,0.0
vidstg/confirm/motion_blur_5/order2/4,vidstg,confirm,33,motion_blur_5,order2,4,True,False,True,0.04294699520394595,0.054313099041533544,0.0391906982473326,0.04956268221574344,0.43362611286564784,0.5483870967741935,0.04505365114584485,0.05623471882640587,0.49802549509866334,0.6216216216216216,0.03879356488136956,0.04842105263157895,0.28349143567154683,0.35384615384615387,0.03879356488136956,0.04842105263157895,0.27502900475597825,0.34328358208955223,0.002106655941898898,0.0019216197848723263,0.005862952898512248,0.00667203661066243,-0.388572461719803,-0.49215237794778766,0.4550784998947174,0.567308522580088,0.4588347968513307,0.5720589394058782,0.0643993822330155,0.0732345248474281,0.4529718439528185,0.5653869027952158
vidstg/confirm/motion_blur_5/order2/5,vidstg,confirm,38,motion_blur_5,order2,5,False,False,False,0.00950687098487272,0.14883720930232558,0.00950687098487272,0.14883720930232558,0.00950687098487272,0.14883720930232558,0.00950687098487272,0.14883720930232558,0.00950687098487272,0.14883720930232558,0.00950687098487272,0.14883720930232558,0.00950687098487272,0.14883720930232558,0.00950687098487272,0.14883720930232558,0.00950687098487272,0.14883720930232558,0.0,0.0,0.0,0.0,0.0,0.0,0.0,0.0,0.0,0.0,0.0,0.0,0.0,0.0
vidstg/confirm/motion_blur_5/order2/6,vidstg,confirm,32,motion_blur_5,order2,6,False,False,False,0.7811294455994456,0.9532374100719424,0.7811294455994456,0.9532374100719424,0.7811294455994456,0.9532374100719424,0.7811294455994456,0.9532374100719424,0.7811294455994456,0.9532374100719424,0.7811294455994456,0.9532374100719424,0.7811294455994456,0.9532374100719424,0.7811294455994456,0.9532374100719424,0.7811294455994456,0.9532374100719424,0.0,0.0,0.0,0.0,0.0,0.0,0.0,0.0,0.0,0.0,0.0,0.0,0.0,0.0
vidstg/confirm/motion_blur_5/order2/7,vidstg,confirm,34,motion_blur_5,order2,7,False,False,False,0.17635924354496219,0.2914285714285714,0.17635924354496219,0.2914285714285714,0.17635924354496219,0.2914285714285714,0.17635924354496219,0.2914285714285714,0.17635924354496219,0.2914285714285714,0.17635924354496219,0.2914285714285714,0.17635924354496219,0.2914285714285714,0.17635924354496219,0.2914285714285714,0.17635924354496219,0.2914285714285714,0.0,0.0,0.0,0.0,0.0,0.0,0.0,0.0,0.0,0.0,0.0,0.0,0.0,0.0
vidstg/confirm/motion_blur_5/order2/8,vidstg,confirm,40,motion_blur_5,order2,8,True,False,True,0.4468257744049206,0.8473895582329317,0.41065306390367823,0.7753623188405797,0.4468257744049206,0.8473895582329317,0.4468257744049206,0.8473895582329317,0.45785850957541246,0.8683127572016461,0.37406021662513267,0.7062706270627063,0.4255959025869032,0.789272030651341,0.37039295959939605,0.6993464052287581,0.42021359952511433,0.7811320754716982,0.0,0.0,0.03617271050124238,0.072027239392352,0.0,0.0,0.011032735170491859,0.020923198968714418,0.047205445671734236,0.09295043836106642,0.011032735170491859,0.020923198968714418,0.011032735170491859,0.020923198968714418
vidstg/confirm/motion_blur_5/order2/9,vidstg,confirm,44,motion_blur_5,order2,9,False,False,False,0.6290503182476757,0.7602040816326531,0.6290503182476757,0.7602040816326531,0.6290503182476757,0.7602040816326531,0.6290503182476757,0.7602040816326531,0.6290503182476757,0.7602040816326531,0.6290503182476757,0.7602040816326531,0.6290503182476757,0.7602040816326531,0.6290503182476757,0.7602040816326531,0.6290503182476757,0.7602040816326531,0.0,0.0,0.0,0.0,0.0,0.0,0.0,0.0,0.0,0.0,0.0,0.0,0.0,0.0
vidstg/confirm/motion_blur_5/order2/10,vidstg,confirm,35,motion_blur_5,order2,10,False,False,False,0.43257146120129153,0.9537037037037037,0.43257146120129153,0.9537037037037037,0.43257146120129153,0.9537037037037037,0.43257146120129153,0.9537037037037037,0.43257146120129153,0.9537037037037037,0.43257146120129153,0.9537037037037037,0.43257146120129153,0.9537037037037037,0.43257146120129153,0.9537037037037037,0.43257146120129153,0.9537037037037037,0.0,0.0,0.0,0.0,0.0,0.0,0.0,0.0,0.0,0.0,0.0,0.0,0.0,0.0
vidstg/confirm/motion_blur_5/order2/11,vidstg,confirm,42,motion_blur_5,order2,11,False,False,False,0.6390171425321759,0.7427536231884058,0.6390171425321759,0.7427536231884058,0.6390171425321759,0.7427536231884058,0.6390171425321759,0.7427536231884058,0.6390171425321759,0.7427536231884058,0.6390171425321759,0.7427536231884058,0.6390171425321759,0.7427536231884058,0.6390171425321759,0.7427536231884058,0.6390171425321759,0.7427536231884058,0.0,0.0,0.0,0.0,0.0,0.0,0.0,0.0,0.0,0.0,0.0,0.0,0.0,0.0
vidstg/confirm/motion_blur_5/order2/12,vidstg,confirm,37,motion_blur_5,order2,12,True,False,True,0.43167145754397007,0.9649122807017544,0.3905598901588301,0.873015873015873,0.43167145754397007,0.9649122807017544,0.2591095207247056,0.5876288659793815,0.37512870910890217,0.8507462686567164,0.20601330746144628,0.4672131147540984,0.3866711309276376,0.8769230769230769,0.18897461285937175,0.42857142857142855,0.34429621246981434,0.7808219178082192,-0.17256193681926446,-0.3772834147223729,-0.13145036943412447,-0.28538700703649156,-0.17256193681926446,-0.3772834147223729,-0.0565427484350679,-0.11416601204503796,-0.015431181049927911,-0.022269604359156592,-0.0565427484350679,-0.11416601204503796,0.11601918838419656,0.26311740267733497
vidstg/confirm/motion_blur_5/order2/13,vidstg,confirm,46,motion_blur_5,order2,13,False,False,False,0.1791745091285009,0.2645161290322581,0.1791745091285009,0.2645161290322581,0.1791745091285009,0.2645161290322581,0.1791745091285009,0.2645161290322581,0.1791745091285009,0.2645161290322581,0.1791745091285009,0.2645161290322581,0.1791745091285009,0.2645161290322581,0.1791745091285009,0.2645161290322581,0.1791745091285009,0.2645161290322581,0.0,0.0,0.0,0.0,0.0,0.0,0.0,0.0,0.0,0.0,0.0,0.0,0.0,0.0
vidstg/confirm/motion_blur_5/order2/14,vidstg,confirm,39,motion_blur_5,order2,14,False,False,False,0.13753117305707724,0.3,0.13753117305707724,0.3,0.13753117305707724,0.3,0.13753117305707724,0.3,0.13753117305707724,0.3,0.13753117305707724,0.3,0.13753117305707724,0.3,0.13753117305707724,0.3,0.13753117305707724,0.3,0.0,0.0,0.0,0.0,0.0,0.0,0.0,0.0,0.0,0.0,0.0,0.0,0.0,0.0
vidstg/confirm/motion_blur_5/order2/15,vidstg,confirm,43,motion_blur_5,order2,15,False,False,False,0.018434983941883292,0.5368663594470046,0.018434983941883292,0.5368663594470046,0.018434983941883292,0.5368663594470046,0.018434983941883292,0.5368663594470046,0.018434983941883292,0.5368663594470046,0.018434983941883292,0.5368663594470046,0.018434983941883292,0.5368663594470046,0.018434983941883292,0.5368663594470046,0.018434983941883292,0.5368663594470046,0.0,0.0,0.0,0.0,0.0,0.0,0.0,0.0,0.0,0.0,0.0,0.0,0.0,0.0
vidstg/confirm/occlusion_5/order1/0,vidstg,confirm,38,occlusion_5,order1,0,True,False,True,0.0,0.0,0.004532512139815581,0.09767441860465116,0.010930264734558316,0.17674418604651163,0.0,0.0,0.010930264734558316,0.17674418604651163,0.0,0.0,0.07333107335081147,0.9471544715447154,0.0,0.0,0.07333107335081147,0.9552845528455285,0.0,0.0,-0.004532512139815581,-0.09767441860465116,-0.010930264734558316,-0.17674418604651163,0.010930264734558316,0.17674418604651163,0.006397752594742735,0.07906976744186046,0.0,0.0,0.010930264734558316,0.17674418604651163
vidstg/confirm/occlusion_5/order1/1,vidstg,confirm,40,occlusion_5,order1,1,False,False,False,0.4853852807278802,0.8473895582329317,0.4853852807278802,0.8473895582329317,0.4853852807278802,0.8473895582329317,0.4853852807278802,0.8473895582329317,0.4853852807278802,0.8473895582329317,0.4853852807278802,0.8473895582329317,0.4853852807278802,0.8473895582329317,0.4853852807278802,0.8473895582329317,0.4853852807278802,0.8473895582329317,0.0,0.0,0.0,0.0,0.0,0.0,0.0,0.0,0.0,0.0,0.0,0.0,0.0,0.0
vidstg/confirm/occlusion_5/order1/2,vidstg,confirm,43,occlusion_5,order1,2,False,False,False,0.009489861168316203,0.5368663594470046,0.009489861168316203,0.5368663594470046,0.009489861168316203,0.5368663594470046,0.009489861168316203,0.5368663594470046,0.009489861168316203,0.5368663594470046,0.009489861168316203,0.5368663594470046,0.009489861168316203,0.5368663594470046,0.009489861168316203,0.5368663594470046,0.009489861168316203,0.5368663594470046,0.0,0.0,0.0,0.0,0.0,0.0,0.0,0.0,0.0,0.0,0.0,0.0,0.0,0.0
vidstg/confirm/occlusion_5/order1/3,vidstg,confirm,46,occlusion_5,order1,3,False,False,False,0.1811844673493957,0.2645161290322581,0.1811844673493957,0.2645161290322581,0.1811844673493957,0.2645161290322581,0.1811844673493957,0.2645161290322581,0.1811844673493957,0.2645161290322581,0.1811844673493957,0.2645161290322581,0.1811844673493957,0.2645161290322581,0.1811844673493957,0.2645161290322581,0.1811844673493957,0.2645161290322581,0.0,0.0,0.0,0.0,0.0,0.0,0.0,0.0,0.0,0.0,0.0,0.0,0.0,0.0
vidstg/confirm/occlusion_5/order1/4,vidstg,confirm,34,occlusion_5,order1,4,True,False,True,0.17945888677285984,0.2914285714285714,0.19267058395859185,0.3128834355828221,0.17945888677285984,0.2914285714285714,0.17945888677285984,0.2914285714285714,0.17945888677285984,0.2914285714285714,0.2326318902611146,0.37777777777777777,0.5322933082245843,0.864406779661017,0.22593744737590268,0.3669064748201439,0.4687358982873205,0.7611940298507462,0.0,0.0,-0.013211697185732008,-0.021454864154250686,0.0,0.0,0.0,0.0,-0.013211697185732008,-0.021454864154250686,0.0,0.0,0.0,0.0
vidstg/confirm/occlusion_5/order1/5,vidstg,confirm,37,occlusion_5,order1,5,False,False,False,0.44336766736499444,0.9649122807017544,0.44336766736499444,0.9649122807017544,0.44336766736499444,0.9649122807017544,0.44336766736499444,0.9649122807017544,0.44336766736499444,0.9649122807017544,0.44336766736499444,0.9649122807017544,0.44336766736499444,0.9649122807017544,0.44336766736499444,0.9649122807017544,0.44336766736499444,0.9649122807017544,0.0,0.0,0.0,0.0,0.0,0.0,0.0,0.0,0.0,0.0,0.0,0.0,0.0,0.0
vidstg/confirm/occlusion_5/order1/6,vidstg,confirm,44,occlusion_5,order1,6,False,False,False,0.6235540666171433,0.7602040816326531,0.6235540666171433,0.7602040816326531,0.6235540666171433,0.7602040816326531,0.6235540666171433,0.7602040816326531,0.6235540666171433,0.7602040816326531,0.6235540666171433,0.7602040816326531,0.6235540666171433,0.7602040816326531,0.6235540666171433,0.7602040816326531,0.6235540666171433,0.7602040816326531,0.0,0.0,0.0,0.0,0.0,0.0,0.0,0.0,0.0,0.0,0.0,0.0,0.0,0.0
vidstg/confirm/occlusion_5/order1/7,vidstg,confirm,45,occlusion_5,order1,7,False,False,False,0.05484626832924208,0.09898762654668167,0.05484626832924208,0.09898762654668167,0.05484626832924208,0.09898762654668167,0.05484626832924208,0.09898762654668167,0.05484626832924208,0.09898762654668167,0.05484626832924208,0.09898762654668167,0.05484626832924208,0.09898762654668167,0.05484626832924208,0.09898762654668167,0.05484626832924208,0.09898762654668167,0.0,0.0,0.0,0.0,0.0,0.0,0.0,0.0,0.0,0.0,0.0,0.0,0.0,0.0
vidstg/confirm/occlusion_5/order1/8,vidstg,confirm,36,occlusion_5,order1,8,True,False,True,0.5259930633101512,0.7231404958677686,0.5540937629007799,0.7727272727272727,0.665527950367246,0.9311740890688259,0.12501280969942066,0.1687116564417178,0.6346926785355589,0.888030888030888,0.0,0.0,0.6043581019879035,0.8455882352941176,0.0,0.0,0.6055042502495515,0.851985559566787,-0.40098025361073053,-0.5544288394260508,-0.4290809532013593,-0.6040156162855549,-0.5405151406678254,-0.7624624326271081,0.10869961522540772,0.1648903921631194,0.08059891563477894,0.11530361530361533,-0.030835271831687106,-0.043143201037937895,0.5096798688361383,0.7193192315891702
vidstg/confirm/occlusion_5/order1/9,vidstg,confirm,35,occlusion_5,order1,9,False,False,False,0.4871882889173104,0.9537037037037037,0.4871882889173104,0.9537037037037037,0.4871882889173104,0.9537037037037037,0.4871882889173104,0.9537037037037037,0.4871882889173104,0.9537037037037037,0.4871882889173104,0.9537037037037037,0.4871882889173104,0.9537037037037037,0.4871882889173104,0.9537037037037037,0.4871882889173104,0.9537037037037037,0.0,0.0,0.0,0.0,0.0,0.0,0.0,0.0,0.0,0.0,0.0,0.0,0.0,0.0
vidstg/confirm/occlusion_5/order1/10,vidstg,confirm,42,occlusion_5,order1,10,False,False,False,0.6283284882708329,0.7427536231884058,0.6283284882708329,0.7427536231884058,0.6283284882708329,0.7427536231884058,0.6283284882708329,0.7427536231884058,0.6283284882708329,0.7427536231884058,0.6283284882708329,0.7427536231884058,0.6283284882708329,0.7427536231884058,0.6283284882708329,0.7427536231884058,0.6283284882708329,0.7427536231884058,0.0,0.0,0.0,0.0,0.0,0.0,0.0,0.0,0.0,0.0,0.0,0.0,0.0,0.0
vidstg/confirm/occlusion_5/order1/11,vidstg,confirm,39,occlusion_5,order1,11,False,False,False,0.07218141328477885,0.17647058823529413,0.07218141328477885,0.17647058823529413,0.07218141328477885,0.17647058823529413,0.07218141328477885,0.17647058823529413,0.07218141328477885,0.17647058823529413,0.07218141328477885,0.17647058823529413,0.07218141328477885,0.17647058823529413,0.07218141328477885,0.17647058823529413,0.07218141328477885,0.17647058823529413,0.0,0.0,0.0,0.0,0.0,0.0,0.0,0.0,0.0,0.0,0.0,0.0,0.0,0.0
vidstg/confirm/occlusion_5/order1/12,vidstg,confirm,41,occlusion_5,order1,12,True,False,True,0.19014632129423936,0.902834008097166,0.17069362416574457,0.854251012145749,0.19014632129423936,0.902834008097166,0.19014632129423936,0.902834008097166,0.19014632129423936,0.902834008097166,0.14975079000344732,0.7408906882591093,0.22868302924322456,1.0,0.14975079000344735,0.757085020242915,0.22868302924322456,1.0,0.0,0.0,0.01945269712849479,0.04858299595141702,0.0,0.0,0.0,0.0,0.01945269712849479,0.04858299595141702,0.0,0.0,0.0,0.0
vidstg/confirm/occlusion_5/order1/13,vidstg,confirm,47,occlusion_5,order1,13,False,False,False,0.6292091138458367,0.8531353135313532,0.6292091138458367,0.8531353135313532,0.6292091138458367,0.8531353135313532,0.6292091138458367,0.8531353135313532,0.6292091138458367,0.8531353135313532,0.6292091138458367,0.8531353135313532,0.6292091138458367,0.8531353135313532,0.6292091138458367,0.8531353135313532,0.6292091138458367,0.8531353135313532,0.0,0.0,0.0,0.0,0.0,0.0,0.0,0.0,0.0,0.0,0.0,0.0,0.0,0.0
vidstg/confirm/occlusion_5/order1/14,vidstg,confirm,32,occlusion_5,order1,14,False,False,False,0.7844305311668639,0.935251798561151,0.7844305311668639,0.935251798561151,0.7844305311668639,0.935251798561151,0.7844305311668639,0.935251798561151,0.7844305311668639,0.935251798561151,0.7844305311668639,0.935251798561151,0.7844305311668639,0.935251798561151,0.7844305311668639,0.935251798561151,0.7844305311668639,0.935251798561151,0.0,0.0,0.0,0.0,0.0,0.0,0.0,0.0,0.0,0.0,0.0,0.0,0.0,0.0
vidstg/confirm/occlusion_5/order1/15,vidstg,confirm,33,occlusion_5,order1,15,False,False,False,0.04604173703497164,0.054313099041533544,0.04604173703497164,0.054313099041533544,0.04604173703497164,0.054313099041533544,0.04604173703497164,0.054313099041533544,0.04604173703497164,0.054313099041533544,0.04604173703497164,0.054313099041533544,0.04604173703497164,0.054313099041533544,0.04604173703497164,0.054313099041533544,0.04604173703497164,0.054313099041533544,0.0,0.0,0.0,0.0,0.0,0.0,0.0,0.0,0.0,0.0,0.0,0.0,0.0,0.0
vidstg/confirm/occlusion_5/order2/0,vidstg,confirm,45,occlusion_5,order2,0,True,False,True,0.05395707480017464,0.09898762654668167,0.04069498909541249,0.07681159420289856,0.05395707480017464,0.09898762654668167,0.05395707480017464,0.09898762654668167,0.05395707480017464,0.09898762654668167,0.04091259324466674,0.07810320781032078,0.5072324592554972,0.9732142857142857,0.04091259324466674,0.07810320781032078,0.5101622496769749,0.9739130434782609,0.0,0.0,0.013262085704762151,0.02217603234378311,0.0,0.0,0.0,0.0,0.013262085704762151,0.02217603234378311,0.0,0.0,0.0,0.0
vidstg/confirm/occlusion_5/order2/1,vidstg,confirm,47,occlusion_5,order2,1,False,False,False,0.6466693104144163,0.8531353135313532,0.6466693104144163,0.8531353135313532,0.6466693104144163,0.8531353135313532,0.6466693104144163,0.8531353135313532,0.6466693104144163,0.8531353135313532,0.6466693104144163,0.8531353135313532,0.6466693104144163,0.8531353135313532,0.6466693104144163,0.8531353135313532,0.6466693104144163,0.8531353135313532,0.0,0.0,0.0,0.0,0.0,0.0,0.0,0.0,0.0,0.0,0.0,0.0,0.0,0.0
vidstg/confirm/occlusion_5/order2/2,vidstg,confirm,36,occlusion_5,order2,2,False,False,False,0.5336323861184687,0.7231404958677686,0.5336323861184687,0.7231404958677686,0.5336323861184687,0.7231404958677686,0.5336323861184687,0.7231404958677686,0.5336323861184687,0.7231404958677686,0.5336323861184687,0.7231404958677686,0.5336323861184687,0.7231404958677686,0.5336323861184687,0.7231404958677686,0.5336323861184687,0.7231404958677686,0.0,0.0,0.0,0.0,0.0,0.0,0.0,0.0,0.0,0.0,0.0,0.0,0.0,0.0
vidstg/confirm/occlusion_5/order2/3,vidstg,confirm,41,occlusion_5,order2,3,False,False,False,0.18857030613885895,0.902834008097166,0.18857030613885895,0.902834008097166,0.18857030613885895,0.902834008097166,0.18857030613885895,0.902834008097166,0.18857030613885895,0.902834008097166,0.18857030613885895,0.902834008097166,0.18857030613885895,0.902834008097166,0.18857030613885895,0.902834008097166,0.18857030613885895,0.902834008097166,0.0,0.0,0.0,0.0,0.0,0.0,0.0,0.0,0.0,0.0,0.0,0.0,0.0,0.0
vidstg/confirm/occlusion_5/order2/4,vidstg,confirm,33,occlusion_5,order2,4,True,False,True,0.04297979378068301,0.054313099041533544,0.039220628143888575,0.04956268221574344,0.4339572726888316,0.5483870967741935,0.04508878578420409,0.05623471882640587,0.49841387529025605,0.6216216216216216,0.03882381765418837,0.04842105263157895,0.28371251362676114,0.35384615384615387,0.03882381765418837,0.04842105263157895,0.27524348336924587,0.34328358208955223,0.0021089920035210832,0.0019216197848723263,0.005868157640315515,0.00667203661066243,-0.3888684869046275,-0.49215237794778766,0.45543408150957304,0.567308522580088,0.45919324714636744,0.5720589394058782,0.06445660260142444,0.0732345248474281,0.45332508950605194,0.5653869027952158
vidstg/confirm/occlusion_5/order2/5,vidstg,confirm,38,occlusion_5,order2,5,False,False,False,0.0,0.0,0.0,0.0,0.0,0.0,0.0,0.0,0.0,0.0,0.0,0.0,0.0,0.0,0.0,0.0,0.0,0.0,0.0,0.0,0.0,0.0,0.0,0.0,0.0,0.0,0.0,0.0,0.0,0.0,0.0,0.0
vidstg/confirm/occlusion_5/order2/6,vidstg,confirm,32,occlusion_5,order2,6,False,False,False,0.7719483917526838,0.935251798561151,0.7719483917526838,0.935251798561151,0.7719483917526838,0.935251798561151,0.7719483917526838,0.935251798561151,0.7719483917526838,0.935251798561151,0.7719483917526838,0.935251798561151,0.7719483917526838,0.935251798561151,0.7719483917526838,0.935251798561151,0.7719483917526838,0.935251798561151,0.0,0.0,0.0,0.0,0.0,0.0,0.0,0.0,0.0,0.0,0.0,0.0,0.0,0.0
vidstg/confirm/occlusion_5/order2/7,vidstg,confirm,34,occlusion_5,order2,7,False,False,False,0.17643884878254867,0.2914285714285714,0.17643884878254867,0.2914285714285714,0.17643884878254867,0.2914285714285714,0.17643884878254867,0.2914285714285714,0.17643884878254867,0.2914285714285714,0.17643884878254867,0.2914285714285714,0.17643884878254867,0.2914285714285714,0.17643884878254867,0.2914285714285714,0.17643884878254867,0.2914285714285714,0.0,0.0,0.0,0.0,0.0,0.0,0.0,0.0,0.0,0.0,0.0,0.0,0.0,0.0
vidstg/confirm/occlusion_5/order2/8,vidstg,confirm,40,occlusion_5,order2,8,True,False,True,0.4470913562452097,0.8473895582329317,0.4109033634121233,0.7753623188405797,0.4470913562452097,0.8473895582329317,0.4470913562452097,0.8473895582329317,0.458130648992005,0.8683127572016461,0.3742882122169836,0.7062706270627063,0.42585305300701864,0.789272030651341,0.3706187199403465,0.6993464052287581,0.4204674307679743,0.7811320754716982,0.0,0.0,0.03618799283308638,0.072027239392352,0.0,0.0,0.011039292746795326,0.020923198968714418,0.047227285579881706,0.09295043836106642,0.011039292746795326,0.020923198968714418,0.011039292746795326,0.020923198968714418
vidstg/confirm/occlusion_5/order2/9,vidstg,confirm,44,occlusion_5,order2,9,False,False,False,0.6294253191197386,0.7602040816326531,0.6294253191197386,0.7602040816326531,0.6294253191197386,0.7602040816326531,0.6294253191197386,0.7602040816326531,0.6294253191197386,0.7602040816326531,0.6294253191197386,0.7602040816326531,0.6294253191197386,0.7602040816326531,0.6294253191197386,0.7602040816326531,0.6294253191197386,0.7602040816326531,0.0,0.0,0.0,0.0,0.0,0.0,0.0,0.0,0.0,0.0,0.0,0.0,0.0,0.0
vidstg/confirm/occlusion_5/order2/10,vidstg,confirm,35,occlusion_5,order2,10,False,False,False,0.43229300212543925,0.9537037037037037,0.43229300212543925,0.9537037037037037,0.43229300212543925,0.9537037037037037,0.43229300212543925,0.9537037037037037,0.43229300212543925,0.9537037037037037,0.43229300212543925,0.9537037037037037,0.43229300212543925,0.9537037037037037,0.43229300212543925,0.9537037037037037,0.43229300212543925,0.9537037037037037,0.0,0.0,0.0,0.0,0.0,0.0,0.0,0.0,0.0,0.0,0.0,0.0,0.0,0.0
vidstg/confirm/occlusion_5/order2/11,vidstg,confirm,42,occlusion_5,order2,11,False,False,False,0.6391564492493947,0.7427536231884058,0.6391564492493947,0.7427536231884058,0.6391564492493947,0.7427536231884058,0.6391564492493947,0.7427536231884058,0.6391564492493947,0.7427536231884058,0.6391564492493947,0.7427536231884058,0.6391564492493947,0.7427536231884058,0.6391564492493947,0.7427536231884058,0.6391564492493947,0.7427536231884058,0.0,0.0,0.0,0.0,0.0,0.0,0.0,0.0,0.0,0.0,0.0,0.0,0.0,0.0
vidstg/confirm/occlusion_5/order2/12,vidstg,confirm,37,occlusion_5,order2,12,True,False,True,0.4319897967753993,0.9649122807017544,0.3908479113682184,0.873015873015873,0.4319897967753993,0.9649122807017544,0.2593016163892182,0.5876288659793815,0.37540681775752494,0.8507462686567164,0.20616603926028007,0.4672131147540984,0.3869577967654488,0.8769230769230769,0.18911471270491856,0.42857142857142855,0.34455146287334476,0.7808219178082192,-0.17268818038618106,-0.3772834147223729,-0.13154629497900017,-0.28538700703649156,-0.17268818038618106,-0.3772834147223729,-0.056582979017874346,-0.11416601204503796,-0.015441093610693457,-0.022269604359156592,-0.056582979017874346,-0.11416601204503796,0.11610520136830671,0.26311740267733497
vidstg/confirm/occlusion_5/order2/13,vidstg,confirm,46,occlusion_5,order2,13,False,False,False,0.1787808344430569,0.2645161290322581,0.1787808344430569,0.2645161290322581,0.1787808344430569,0.2645161290322581,0.1787808344430569,0.2645161290322581,0.1787808344430569,0.2645161290322581,0.1787808344430569,0.2645161290322581,0.1787808344430569,0.2645161290322581,0.1787808344430569,0.2645161290322581,0.1787808344430569,0.2645161290322581,0.0,0.0,0.0,0.0,0.0,0.0,0.0,0.0,0.0,0.0,0.0,0.0,0.0,0.0
vidstg/confirm/occlusion_5/order2/14,vidstg,confirm,39,occlusion_5,order2,14,False,False,False,0.08038158488875806,0.17647058823529413,0.08038158488875806,0.17647058823529413,0.08038158488875806,0.17647058823529413,0.08038158488875806,0.17647058823529413,0.08038158488875806,0.17647058823529413,0.08038158488875806,0.17647058823529413,0.08038158488875806,0.17647058823529413,0.08038158488875806,0.17647058823529413,0.08038158488875806,0.17647058823529413,0.0,0.0,0.0,0.0,0.0,0.0,0.0,0.0,0.0,0.0,0.0,0.0,0.0,0.0
vidstg/confirm/occlusion_5/order2/15,vidstg,confirm,43,occlusion_5,order2,15,False,False,False,0.018726299903370155,0.5368663594470046,0.018726299903370155,0.5368663594470046,0.018726299903370155,0.5368663594470046,0.018726299903370155,0.5368663594470046,0.018726299903370155,0.5368663594470046,0.018726299903370155,0.5368663594470046,0.018726299903370155,0.5368663594470046,0.018726299903370155,0.5368663594470046,0.018726299903370155,0.5368663594470046,0.0,0.0,0.0,0.0,0.0,0.0,0.0,0.0,0.0,0.0,0.0,0.0,0.0,0.0
vidstg/confirm/exposure_5/order1/0,vidstg,confirm,38,exposure_5,order1,0,True,False,True,0.013612534008341103,0.17674418604651163,0.013805164206572346,0.1792452830188679,0.013612534008341103,0.17674418604651163,0.013612534008341103,0.17674418604651163,0.013612534008341103,0.17674418604651163,0.0,0.0,0.08297820950830788,0.9534883720930233,0.0,0.0,0.08078633227601295,0.9283018867924528,0.0,0.0,-0.0001926301982312431,-0.002501096972356287,0.0,0.0,0.0,0.0,-0.0001926301982312431,-0.002501096972356287,0.0,0.0,0.0,0.0
vidstg/confirm/exposure_5/order1/1,vidstg,confirm,40,exposure_5,order1,1,False,False,False,0.4865146616985848,0.8473895582329317,0.4865146616985848,0.8473895582329317,0.4865146616985848,0.8473895582329317,0.4865146616985848,0.8473895582329317,0.4865146616985848,0.8473895582329317,0.4865146616985848,0.8473895582329317,0.4865146616985848,0.8473895582329317,0.4865146616985848,0.8473895582329317,0.4865146616985848,0.8473895582329317,0.0,0.0,0.0,0.0,0.0,0.0,0.0,0.0,0.0,0.0,0.0,0.0,0.0,0.0
vidstg/confirm/exposure_5/order1/2,vidstg,confirm,43,exposure_5,order1,2,False,False,False,0.009306458554235295,0.5368663594470046,0.009306458554235295,0.5368663594470046,0.009306458554235295,0.5368663594470046,0.009306458554235295,0.5368663594470046,0.009306458554235295,0.5368663594470046,0.009306458554235295,0.5368663594470046,0.009306458554235295,0.5368663594470046,0.009306458554235295,0.5368663594470046,0.009306458554235295,0.5368663594470046,0.0,0.0,0.0,0.0,0.0,0.0,0.0,0.0,0.0,0.0,0.0,0.0,0.0,0.0
vidstg/confirm/exposure_5/order1/3,vidstg,confirm,46,exposure_5,order1,3,False,False,False,0.18046332224770048,0.2645161290322581,0.18046332224770048,0.2645161290322581,0.18046332224770048,0.2645161290322581,0.18046332224770048,0.2645161290322581,0.18046332224770048,0.2645161290322581,0.18046332224770048,0.2645161290322581,0.18046332224770048,0.2645161290322581,0.18046332224770048,0.2645161290322581,0.18046332224770048,0.2645161290322581,0.0,0.0,0.0,0.0,0.0,0.0,0.0,0.0,0.0,0.0,0.0,0.0,0.0,0.0
vidstg/confirm/exposure_5/order1/4,vidstg,confirm,34,exposure_5,order1,4,True,False,True,0.1790926723785874,0.2914285714285714,0.19227740899541593,0.3128834355828221,0.1790926723785874,0.2914285714285714,0.1790926723785874,0.2914285714285714,0.1790926723785874,0.2914285714285714,0.2304501298989176,0.375,0.5312070790890304,0.864406779661017,0.2254763860881496,0.3669064748201439,0.4677793681530268,0.7611940298507462,0.0,0.0,-0.013184736616828535,-0.021454864154250686,0.0,0.0,0.0,0.0,-0.013184736616828535,-0.021454864154250686,0.0,0.0,0.0,0.0
vidstg/confirm/exposure_5/order1/5,vidstg,confirm,37,exposure_5,order1,5,False,False,False,0.44626598658503835,0.9649122807017544,0.44626598658503835,0.9649122807017544,0.44626598658503835,0.9649122807017544,0.44626598658503835,0.9649122807017544,0.44626598658503835,0.9649122807017544,0.44626598658503835,0.9649122807017544,0.44626598658503835,0.9649122807017544,0.44626598658503835,0.9649122807017544,0.44626598658503835,0.9649122807017544,0.0,0.0,0.0,0.0,0.0,0.0,0.0,0.0,0.0,0.0,0.0,0.0,0.0,0.0
vidstg/confirm/exposure_5/order1/6,vidstg,confirm,44,exposure_5,order1,6,False,False,False,0.6250763256260716,0.7602040816326531,0.6250763256260716,0.7602040816326531,0.6250763256260716,0.7602040816326531,0.6250763256260716,0.7602040816326531,0.6250763256260716,0.7602040816326531,0.6250763256260716,0.7602040816326531,0.6250763256260716,0.7602040816326531,0.6250763256260716,0.7602040816326531,0.6250763256260716,0.7602040816326531,0.0,0.0,0.0,0.0,0.0,0.0,0.0,0.0,0.0,0.0,0.0,0.0,0.0,0.0
vidstg/confirm/exposure_5/order1/7,vidstg,confirm,45,exposure_5,order1,7,False,False,False,0.05474872256599396,0.09898762654668167,0.05474872256599396,0.09898762654668167,0.05474872256599396,0.09898762654668167,0.05474872256599396,0.09898762654668167,0.05474872256599396,0.09898762654668167,0.05474872256599396,0.09898762654668167,0.05474872256599396,0.09898762654668167,0.05474872256599396,0.09898762654668167,0.05474872256599396,0.09898762654668167,0.0,0.0,0.0,0.0,0.0,0.0,0.0,0.0,0.0,0.0,0.0,0.0,0.0,0.0
vidstg/confirm/exposure_5/order1/8,vidstg,confirm,36,exposure_5,order1,8,True,False,True,0.5917014360523744,0.8223140495867769,0.6197248962715548,0.871900826446281,0.5917014360523744,0.8223140495867769,0.060259970171169096,0.0950920245398773,0.6417978023961839,0.888030888030888,0.0,0.0,0.5903538806635075,0.8235294117647058,0.0,0.0,0.5986412048223297,0.8373702422145328,-0.5314414658812052,-0.7272220250468996,-0.5594649261003857,-0.7768088019064037,-0.5314414658812052,-0.7272220250468996,0.05009636634380954,0.06571683844411114,0.022072906124629088,0.01613006158460706,0.05009636634380954,0.06571683844411114,0.5815378322250148,0.7929388634910107
vidstg/confirm/exposure_5/order1/9,vidstg,confirm,35,exposure_5,order1,9,False,False,False,0.458715091775682,0.9537037037037037,0.458715091775682,0.9537037037037037,0.458715091775682,0.9537037037037037,0.458715091775682,0.9537037037037037,0.458715091775682,0.9537037037037037,0.458715091775682,0.9537037037037037,0.458715091775682,0.9537037037037037,0.458715091775682,0.9537037037037037,0.458715091775682,0.9537037037037037,0.0,0.0,0.0,0.0,0.0,0.0,0.0,0.0,0.0,0.0,0.0,0.0,0.0,0.0
vidstg/confirm/exposure_5/order1/10,vidstg,confirm,42,exposure_5,order1,10,False,False,False,0.627344833231603,0.7427536231884058,0.627344833231603,0.7427536231884058,0.627344833231603,0.7427536231884058,0.627344833231603,0.7427536231884058,0.627344833231603,0.7427536231884058,0.627344833231603,0.7427536231884058,0.627344833231603,0.7427536231884058,0.627344833231603,0.7427536231884058,0.627344833231603,0.7427536231884058,0.0,0.0,0.0,0.0,0.0,0.0,0.0,0.0,0.0,0.0,0.0,0.0,0.0,0.0
vidstg/confirm/exposure_5/order1/11,vidstg,confirm,39,exposure_5,order1,11,False,False,False,0.09479964662549148,0.21428571428571427,0.09479964662549148,0.21428571428571427,0.09479964662549148,0.21428571428571427,0.09479964662549148,0.21428571428571427,0.09479964662549148,0.21428571428571427,0.09479964662549148,0.21428571428571427,0.09479964662549148,0.21428571428571427,0.09479964662549148,0.21428571428571427,0.09479964662549148,0.21428571428571427,0.0,0.0,0.0,0.0,0.0,0.0,0.0,0.0,0.0,0.0,0.0,0.0,0.0,0.0
vidstg/confirm/exposure_5/order1/12,vidstg,confirm,41,exposure_5,order1,12,True,False,True,0.2073527733516984,0.902834008097166,0.1697778759348174,0.805668016194332,0.2073527733516984,0.902834008097166,0.2073527733516984,0.902834008097166,0.2073527733516984,0.902834008097166,0.16364807416975552,0.7449392712550608,0.24542488723078124,1.0,0.16699373019147992,0.7813765182186235,0.24542488723078124,1.0,0.0,0.0,0.037574897416881,0.09716599190283393,0.0,0.0,0.0,0.0,0.037574897416881,0.09716599190283393,0.0,0.0,0.0,0.0
vidstg/confirm/exposure_5/order1/13,vidstg,confirm,47,exposure_5,order1,13,False,False,False,0.6944995671786554,0.9323432343234324,0.6944995671786554,0.9323432343234324,0.6944995671786554,0.9323432343234324,0.6944995671786554,0.9323432343234324,0.6944995671786554,0.9323432343234324,0.6944995671786554,0.9323432343234324,0.6944995671786554,0.9323432343234324,0.6944995671786554,0.9323432343234324,0.6944995671786554,0.9323432343234324,0.0,0.0,0.0,0.0,0.0,0.0,0.0,0.0,0.0,0.0,0.0,0.0,0.0,0.0
vidstg/confirm/exposure_5/order1/14,vidstg,confirm,32,exposure_5,order1,14,False,False,False,0.8036219712744166,0.9532374100719424,0.8036219712744166,0.9532374100719424,0.8036219712744166,0.9532374100719424,0.8036219712744166,0.9532374100719424,0.8036219712744166,0.9532374100719424,0.8036219712744166,0.9532374100719424,0.8036219712744166,0.9532374100719424,0.8036219712744166,0.9532374100719424,0.8036219712744166,0.9532374100719424,0.0,0.0,0.0,0.0,0.0,0.0,0.0,0.0,0.0,0.0,0.0,0.0,0.0,0.0
vidstg/confirm/exposure_5/order1/15,vidstg,confirm,33,exposure_5,order1,15,False,False,False,0.043170292983560433,0.054313099041533544,0.043170292983560433,0.054313099041533544,0.043170292983560433,0.054313099041533544,0.043170292983560433,0.054313099041533544,0.043170292983560433,0.054313099041533544,0.043170292983560433,0.054313099041533544,0.043170292983560433,0.054313099041533544,0.043170292983560433,0.054313099041533544,0.043170292983560433,0.054313099041533544,0.0,0.0,0.0,0.0,0.0,0.0,0.0,0.0,0.0,0.0,0.0,0.0,0.0,0.0
vidstg/confirm/exposure_5/order2/0,vidstg,confirm,45,exposure_5,order2,0,True,False,True,0.05394944402409036,0.09898762654668167,0.05323091646772068,0.097669256381798,0.05394944402409036,0.09898762654668167,0.05394944402409036,0.09898762654668167,0.05394944402409036,0.09898762654668167,0.04090742475228123,0.07810320781032078,0.5071676168226336,0.9732142857142857,0.04090742475228123,0.07810320781032078,0.5100978008240981,0.9739130434782609,0.0,0.0,0.000718527556369683,0.0013183701648836615,0.0,0.0,0.0,0.0,0.000718527556369683,0.0013183701648836615,0.0,0.0,0.0,0.0
vidstg/confirm/exposure_5/order2/1,vidstg,confirm,47,exposure_5,order2,1,False,False,False,0.7018202234639561,0.9323432343234324,0.7018202234639561,0.9323432343234324,0.7018202234639561,0.9323432343234324,0.7018202234639561,0.9323432343234324,0.7018202234639561,0.9323432343234324,0.7018202234639561,0.9323432343234324,0.7018202234639561,0.9323432343234324,0.7018202234639561,0.9323432343234324,0.7018202234639561,0.9323432343234324,0.0,0.0,0.0,0.0,0.0,0.0,0.0,0.0,0.0,0.0,0.0,0.0,0.0,0.0
vidstg/confirm/exposure_5/order2/2,vidstg,confirm,36,exposure_5,order2,2,False,False,False,0.6021554997430293,0.8223140495867769,0.6021554997430293,0.8223140495867769,0.6021554997430293,0.8223140495867769,0.6021554997430293,0.8223140495867769,0.6021554997430293,0.8223140495867769,0.6021554997430293,0.8223140495867769,0.6021554997430293,0.8223140495867769,0.6021554997430293,0.8223140495867769,0.6021554997430293,0.8223140495867769,0.0,0.0,0.0,0.0,0.0,0.0,0.0,0.0,0.0,0.0,0.0,0.0,0.0,0.0
vidstg/confirm/exposure_5/order2/3,vidstg,confirm,41,exposure_5,order2,3,False,False,False,0.20852899424834365,0.902834008097166,0.20852899424834365,0.902834008097166,0.20852899424834365,0.902834008097166,0.20852899424834365,0.902834008097166,0.20852899424834365,0.902834008097166,0.20852899424834365,0.902834008097166,0.20852899424834365,0.902834008097166,0.20852899424834365,0.902834008097166,0.20852899424834365,0.902834008097166,0.0,0.0,0.0,0.0,0.0,0.0,0.0,0.0,0.0,0.0,0.0,0.0,0.0,0.0
vidstg/confirm/exposure_5/order2/4,vidstg,confirm,33,exposure_5,order2,4,True,False,True,0.04296988853606202,0.054313099041533544,0.039211589247193625,0.04956268221574344,0.4338572616705617,0.5483870967741935,0.04507225381999366,0.05623471882640587,0.49823113006425424,0.6216216216216216,0.0388095827628998,0.04842105263157895,0.2836084894211909,0.35384615384615387,0.0388095827628998,0.04842105263157895,0.2751425643638419,0.34328358208955223,0.002102365283931644,0.0019216197848723263,0.005860664572800038,0.00667203661066243,-0.388785007850568,-0.49215237794778766,0.4552612415281922,0.567308522580088,0.4590195408170606,0.5720589394058782,0.06437386839369252,0.0732345248474281,0.45315887624426054,0.5653869027952158
vidstg/confirm/exposure_5/order2/5,vidstg,confirm,38,exposure_5,order2,5,False,False,False,0.013772545226634144,0.17674418604651163,0.013772545226634144,0.17674418604651163,0.013772545226634144,0.17674418604651163,0.013772545226634144,0.17674418604651163,0.013772545226634144,0.17674418604651163,0.013772545226634144,0.17674418604651163,0.013772545226634144,0.17674418604651163,0.013772545226634144,0.17674418604651163,0.013772545226634144,0.17674418604651163,0.0,0.0,0.0,0.0,0.0,0.0,0.0,0.0,0.0,0.0,0.0,0.0,0.0,0.0
vidstg/confirm/exposure_5/order2/6,vidstg,confirm,32,exposure_5,order2,6,False,False,False,0.7928091004459165,0.9532374100719424,0.7928091004459165,0.9532374100719424,0.7928091004459165,0.9532374100719424,0.7928091004459165,0.9532374100719424,0.7928091004459165,0.9532374100719424,0.7928091004459165,0.9532374100719424,0.7928091004459165,0.9532374100719424,0.7928091004459165,0.9532374100719424,0.7928091004459165,0.9532374100719424,0.0,0.0,0.0,0.0,0.0,0.0,0.0,0.0,0.0,0.0,0.0,0.0,0.0,0.0
vidstg/confirm/exposure_5/order2/7,vidstg,confirm,34,exposure_5,order2,7,False,False,False,0.1765424073779522,0.2914285714285714,0.1765424073779522,0.2914285714285714,0.1765424073779522,0.2914285714285714,0.1765424073779522,0.2914285714285714,0.1765424073779522,0.2914285714285714,0.1765424073779522,0.2914285714285714,0.1765424073779522,0.2914285714285714,0.1765424073779522,0.2914285714285714,0.1765424073779522,0.2914285714285714,0.0,0.0,0.0,0.0,0.0,0.0,0.0,0.0,0.0,0.0,0.0,0.0,0.0,0.0
vidstg/confirm/exposure_5/order2/8,vidstg,confirm,40,exposure_5,order2,8,True,False,True,0.44742672967752883,0.8473895582329317,0.4112103079620675,0.7753623188405797,0.44742672967752883,0.8473895582329317,0.44742672967752883,0.8473895582329317,0.4584743032498135,0.8683127572016461,0.3745678052723783,0.7062706270627063,0.42616521343911357,0.789272030651341,0.370895571887355,0.6993464052287581,0.4207765491745266,0.7811320754716982,0.0,0.0,0.036216421715461355,0.072027239392352,0.0,0.0,0.011047573572284641,0.020923198968714418,0.047263995287746,0.09295043836106642,0.011047573572284641,0.020923198968714418,0.011047573572284641,0.020923198968714418
vidstg/confirm/exposure_5/order2/9,vidstg,confirm,44,exposure_5,order2,9,False,False,False,0.6313496966794225,0.7602040816326531,0.6313496966794225,0.7602040816326531,0.6313496966794225,0.7602040816326531,0.6313496966794225,0.7602040816326531,0.6313496966794225,0.7602040816326531,0.6313496966794225,0.7602040816326531,0.6313496966794225,0.7602040816326531,0.6313496966794225,0.7602040816326531,0.6313496966794225,0.7602040816326531,0.0,0.0,0.0,0.0,0.0,0.0,0.0,0.0,0.0,0.0,0.0,0.0,0.0,0.0
vidstg/confirm/exposure_5/order2/10,vidstg,confirm,35,exposure_5,order2,10,False,False,False,0.4418069138993182,0.9537037037037037,0.4418069138993182,0.9537037037037037,0.4418069138993182,0.9537037037037037,0.4418069138993182,0.9537037037037037,0.4418069138993182,0.9537037037037037,0.4418069138993182,0.9537037037037037,0.4418069138993182,0.9537037037037037,0.4418069138993182,0.9537037037037037,0.4418069138993182,0.9537037037037037,0.0,0.0,0.0,0.0,0.0,0.0,0.0,0.0,0.0,0.0,0.0,0.0,0.0,0.0
vidstg/confirm/exposure_5/order2/11,vidstg,confirm,42,exposure_5,order2,11,False,False,False,0.6389545223065649,0.7427536231884058,0.6389545223065649,0.7427536231884058,0.6389545223065649,0.7427536231884058,0.6389545223065649,0.7427536231884058,0.6389545223065649,0.7427536231884058,0.6389545223065649,0.7427536231884058,0.6389545223065649,0.7427536231884058,0.6389545223065649,0.7427536231884058,0.6389545223065649,0.7427536231884058,0.0,0.0,0.0,0.0,0.0,0.0,0.0,0.0,0.0,0.0,0.0,0.0,0.0,0.0
vidstg/confirm/exposure_5/order2/12,vidstg,confirm,37,exposure_5,order2,12,True,False,True,0.43251964184055003,0.9649122807017544,0.39132729499859287,0.873015873015873,0.43251964184055003,0.9649122807017544,0.2767510689473675,0.6263736263736264,0.3758857802120961,0.8507462686567164,0.20642907601811838,0.4672131147540984,0.3874514965263145,0.8769230769230769,0.18935599454293564,0.42857142857142855,0.34499105855082796,0.7808219178082192,-0.15576857289318252,-0.338538654328128,-0.11457622605122536,-0.24664224664224665,-0.15576857289318252,-0.338538654328128,-0.05663386162845391,-0.11416601204503796,-0.015441514786496746,-0.022269604359156592,-0.05663386162845391,-0.11416601204503796,0.09913471126472861,0.22437264228309006
vidstg/confirm/exposure_5/order2/13,vidstg,confirm,46,exposure_5,order2,13,False,False,False,0.17881167032382853,0.2645161290322581,0.17881167032382853,0.2645161290322581,0.17881167032382853,0.2645161290322581,0.17881167032382853,0.2645161290322581,0.17881167032382853,0.2645161290322581,0.17881167032382853,0.2645161290322581,0.17881167032382853,0.2645161290322581,0.17881167032382853,0.2645161290322581,0.17881167032382853,0.2645161290322581,0.0,0.0,0.0,0.0,0.0,0.0,0.0,0.0,0.0,0.0,0.0,0.0,0.0,0.0
vidstg/confirm/exposure_5/order2/14,vidstg,confirm,39,exposure_5,order2,14,False,False,False,0.10159775622227948,0.21428571428571427,0.10159775622227948,0.21428571428571427,0.10159775622227948,0.21428571428571427,0.10159775622227948,0.21428571428571427,0.10159775622227948,0.21428571428571427,0.10159775622227948,0.21428571428571427,0.10159775622227948,0.21428571428571427,0.10159775622227948,0.21428571428571427,0.10159775622227948,0.21428571428571427,0.0,0.0,0.0,0.0,0.0,0.0,0.0,0.0,0.0,0.0,0.0,0.0,0.0,0.0
vidstg/confirm/exposure_5/order2/15,vidstg,confirm,43,exposure_5,order2,15,False,False,False,0.018263127486140236,0.5368663594470046,0.018263127486140236,0.5368663594470046,0.018263127486140236,0.5368663594470046,0.018263127486140236,0.5368663594470046,0.018263127486140236,0.5368663594470046,0.018263127486140236,0.5368663594470046,0.018263127486140236,0.5368663594470046,0.018263127486140236,0.5368663594470046,0.018263127486140236,0.5368663594470046,0.0,0.0,0.0,0.0,0.0,0.0,0.0,0.0,0.0,0.0,0.0,0.0,0.0,0.0
hc2/search/clean/order1/0,hc2,search,2,clean,order1,0,True,False,True,0.14707668065697146,0.31100478468899523,0.1719483512365783,0.3827751196172249,0.28297012132633753,0.6299212598425197,0.2681881000630214,0.5970149253731343,0.28297012132633753,0.6299212598425197,0.3557368476866099,0.7322834645669292,0.4386269869533928,0.9029126213592233,0.35022154772247643,0.7209302325581395,0.4262130156245232,0.8773584905660378,0.12111141940604994,0.28601014068413905,0.0962397488264431,0.2142398057559094,-0.014782021263316125,-0.0329063344693854,0.13589344066936607,0.31891647515352445,0.11102177008975922,0.2471461402252948,0.0,0.0,0.014782021263316125,0.0329063344693854
hc2/search/clean/order1/1,hc2,search,0,clean,order1,1,False,False,False,0.19009517190679653,0.3778801843317972,0.19009517190679653,0.3778801843317972,0.19009517190679653,0.3778801843317972,0.19009517190679653,0.3778801843317972,0.19009517190679653,0.3778801843317972,0.19009517190679653,0.3778801843317972,0.19009517190679653,0.3778801843317972,0.19009517190679653,0.3778801843317972,0.19009517190679653,0.3778801843317972,0.0,0.0,0.0,0.0,0.0,0.0,0.0,0.0,0.0,0.0,0.0,0.0,0.0,0.0
hc2/search/clean/order1/2,hc2,search,25,clean,order1,2,False,False,False,0.24833253900321872,0.6883116883116883,0.24833253900321872,0.6883116883116883,0.24833253900321872,0.6883116883116883,0.24833253900321872,0.6883116883116883,0.24833253900321872,0.6883116883116883,0.24833253900321872,0.6883116883116883,0.24833253900321872,0.6883116883116883,0.24833253900321872,0.6883116883116883,0.24833253900321872,0.6883116883116883,0.0,0.0,0.0,0.0,0.0,0.0,0.0,0.0,0.0,0.0,0.0,0.0,0.0,0.0
hc2/search/clean/order1/3,hc2,search,22,clean,order1,3,False,False,False,0.0743398697598623,0.24316939890710382,0.0743398697598623,0.24316939890710382,0.0743398697598623,0.24316939890710382,0.0743398697598623,0.24316939890710382,0.0743398697598623,0.24316939890710382,0.0743398697598623,0.24316939890710382,0.0743398697598623,0.24316939890710382,0.0743398697598623,0.24316939890710382,0.0743398697598623,0.24316939890710382,0.0,0.0,0.0,0.0,0.0,0.0,0.0,0.0,0.0,0.0,0.0,0.0,0.0,0.0
hc2/search/clean/order1/4,hc2,search,27,clean,order1,4,True,False,True,0.5444791153564177,0.7095588235294118,0.257698601042441,0.32987012987012987,0.5933056184609824,0.7757352941176471,0.419166566808798,0.548051948051948,0.5933056184609824,0.7757352941176471,0.379392439317624,0.49504950495049505,0.6981651062753172,0.9274193548387096,0.3747179940225883,0.4891041162227603,0.7113840173979233,0.9437751004016064,-0.1253125485476197,-0.16150687547746378,0.16146796576635697,0.21818181818181814,-0.1741390516521844,-0.22768334606569907,0.04882650310456471,0.06617647058823528,0.3356070174185414,0.4458651642475172,0.0,0.0,0.1741390516521844,0.22768334606569907
hc2/search/clean/order1/5,hc2,search,31,clean,order1,5,False,False,False,0.49090316813531326,0.8092105263157895,0.49090316813531326,0.8092105263157895,0.49090316813531326,0.8092105263157895,0.49090316813531326,0.8092105263157895,0.49090316813531326,0.8092105263157895,0.49090316813531326,0.8092105263157895,0.49090316813531326,0.8092105263157895,0.49090316813531326,0.8092105263157895,0.49090316813531326,0.8092105263157895,0.0,0.0,0.0,0.0,0.0,0.0,0.0,0.0,0.0,0.0,0.0,0.0,0.0,0.0
hc2/search/clean/order1/6,hc2,search,11,clean,order1,6,False,False,False,0.2469132596093794,0.8641114982578397,0.2469132596093794,0.8641114982578397,0.2469132596093794,0.8641114982578397,0.2469132596093794,0.8641114982578397,0.2469132596093794,0.8641114982578397,0.2469132596093794,0.8641114982578397,0.2469132596093794,0.8641114982578397,0.2469132596093794,0.8641114982578397,0.2469132596093794,0.8641114982578397,0.0,0.0,0.0,0.0,0.0,0.0,0.0,0.0,0.0,0.0,0.0,0.0,0.0,0.0
hc2/search/clean/order1/7,hc2,search,30,clean,order1,7,False,False,False,0.5299847306393535,0.723404255319149,0.5299847306393535,0.723404255319149,0.5299847306393535,0.723404255319149,0.5299847306393535,0.723404255319149,0.5299847306393535,0.723404255319149,0.5299847306393535,0.723404255319149,0.5299847306393535,0.723404255319149,0.5299847306393535,0.723404255319149,0.5299847306393535,0.723404255319149,0.0,0.0,0.0,0.0,0.0,0.0,0.0,0.0,0.0,0.0,0.0,0.0,0.0,0.0
hc2/search/clean/order1/8,hc2,search,26,clean,order1,8,True,False,True,0.12408215791763476,0.4473684210526316,0.12408215791763476,0.4473684210526316,0.13344684908122983,0.4811320754716981,0.10967131597099897,0.4375,0.12859423638736694,0.4636363636363636,0.06633106262133716,0.24019607843137256,0.21112486571060243,0.7611940298507462,0.0661734803308179,0.25,0.19923050707901918,0.7183098591549296,-0.014410841946635791,-0.009868421052631582,-0.014410841946635791,-0.009868421052631582,-0.023775533110230868,-0.04363207547169812,0.004512078469732186,0.016267942583732042,0.004512078469732186,0.016267942583732042,-0.00485261269386289,-0.017495711835334493,0.018922920416367978,0.026136363636363624
hc2/search/clean/order1/9,hc2,search,24,clean,order1,9,False,False,False,0.017592931616054512,0.342911877394636,0.017592931616054512,0.342911877394636,0.017592931616054512,0.342911877394636,0.017592931616054512,0.342911877394636,0.017592931616054512,0.342911877394636,0.017592931616054512,0.342911877394636,0.017592931616054512,0.342911877394636,0.017592931616054512,0.342911877394636,0.017592931616054512,0.342911877394636,0.0,0.0,0.0,0.0,0.0,0.0,0.0,0.0,0.0,0.0,0.0,0.0,0.0,0.0
hc2/search/clean/order1/10,hc2,search,19,clean,order1,10,False,False,False,0.5873359233394453,0.8327137546468402,0.5873359233394453,0.8327137546468402,0.5873359233394453,0.8327137546468402,0.5873359233394453,0.8327137546468402,0.5873359233394453,0.8327137546468402,0.5873359233394453,0.8327137546468402,0.5873359233394453,0.8327137546468402,0.5873359233394453,0.8327137546468402,0.5873359233394453,0.8327137546468402,0.0,0.0,0.0,0.0,0.0,0.0,0.0,0.0,0.0,0.0,0.0,0.0,0.0,0.0
hc2/search/clean/order1/11,hc2,search,13,clean,order1,11,False,False,False,0.3527928162190368,0.5476190476190477,0.3527928162190368,0.5476190476190477,0.3527928162190368,0.5476190476190477,0.3527928162190368,0.5476190476190477,0.3527928162190368,0.5476190476190477,0.3527928162190368,0.5476190476190477,0.3527928162190368,0.5476190476190477,0.3527928162190368,0.5476190476190477,0.3527928162190368,0.5476190476190477,0.0,0.0,0.0,0.0,0.0,0.0,0.0,0.0,0.0,0.0,0.0,0.0,0.0,0.0
hc2/search/clean/order1/12,hc2,search,14,clean,order1,12,True,False,True,0.4937913483189059,0.7444444444444445,0.4095965101262814,0.6175115207373272,0.5520648614745532,0.8322981366459627,0.2793270010380452,0.4011299435028249,0.4937913483189059,0.7444444444444445,0.2845855929284642,0.40828402366863903,0.6129823634303659,0.9241379310344827,0.2793270010380452,0.4011299435028249,0.5886254483271726,0.8874172185430463,-0.21446434728086072,-0.3433145009416196,-0.1302695090882362,-0.2163815772345023,-0.27273786043650805,-0.43116819314313787,0.0,0.0,0.08419483819262452,0.12693292370711728,-0.05827351315564733,-0.08785369220151829,0.21446434728086072,0.3433145009416196
hc2/search/clean/order1/13,hc2,search,16,clean,order1,13,False,False,False,0.16633640861777202,0.3333333333333333,0.16633640861777202,0.3333333333333333,0.16633640861777202,0.3333333333333333,0.16633640861777202,0.3333333333333333,0.16633640861777202,0.3333333333333333,0.16633640861777202,0.3333333333333333,0.16633640861777202,0.3333333333333333,0.16633640861777202,0.3333333333333333,0.16633640861777202,0.3333333333333333,0.0,0.0,0.0,0.0,0.0,0.0,0.0,0.0,0.0,0.0,0.0,0.0,0.0,0.0
hc2/search/clean/order1/14,hc2,search,17,clean,order1,14,False,False,False,0.2970118914547018,0.4533678756476684,0.2970118914547018,0.4533678756476684,0.2970118914547018,0.4533678756476684,0.2970118914547018,0.4533678756476684,0.2970118914547018,0.4533678756476684,0.2970118914547018,0.4533678756476684,0.2970118914547018,0.4533678756476684,0.2970118914547018,0.4533678756476684,0.2970118914547018,0.4533678756476684,0.0,0.0,0.0,0.0,0.0,0.0,0.0,0.0,0.0,0.0,0.0,0.0,0.0,0.0
hc2/search/clean/order1/15,hc2,search,23,clean,order1,15,False,False,False,0.06449226600135811,0.5739514348785872,0.06449226600135811,0.5739514348785872,0.06449226600135811,0.5739514348785872,0.06449226600135811,0.5739514348785872,0.06449226600135811,0.5739514348785872,0.06449226600135811,0.5739514348785872,0.06449226600135811,0.5739514348785872,0.06449226600135811,0.5739514348785872,0.06449226600135811,0.5739514348785872,0.0,0.0,0.0,0.0,0.0,0.0,0.0,0.0,0.0,0.0,0.0,0.0,0.0,0.0
hc2/search/clean/order1/16,hc2,search,29,clean,order1,16,True,False,True,0.22459467832780688,0.4232209737827715,0.20678199694318772,0.3896551724137931,0.22459467832780688,0.4232209737827715,0.20123080239437732,0.37919463087248323,0.22459467832780688,0.4232209737827715,0.17794296472855917,0.3353115727002967,0.4441983638038847,0.837037037037037,0.1753414593962703,0.3304093567251462,0.4223012613628482,0.795774647887324,-0.023363875933429562,-0.044026342910288285,-0.005551194548810395,-0.010460541541309876,-0.023363875933429562,-0.044026342910288285,0.0,0.0,0.017812681384619167,0.03356580136897841,0.0,0.0,0.023363875933429562,0.044026342910288285
hc2/search/clean/order1/17,hc2,search,9,clean,order1,17,False,False,False,0.0,0.0,0.0,0.0,0.0,0.0,0.0,0.0,0.0,0.0,0.0,0.0,0.0,0.0,0.0,0.0,0.0,0.0,0.0,0.0,0.0,0.0,0.0,0.0,0.0,0.0,0.0,0.0,0.0,0.0,0.0,0.0
hc2/search/clean/order1/18,hc2,search,5,clean,order1,18,False,False,False,0.22891580751321455,0.46996466431095407,0.22891580751321455,0.46996466431095407,0.22891580751321455,0.46996466431095407,0.22891580751321455,0.46996466431095407,0.22891580751321455,0.46996466431095407,0.22891580751321455,0.46996466431095407,0.22891580751321455,0.46996466431095407,0.22891580751321455,0.46996466431095407,0.22891580751321455,0.46996466431095407,0.0,0.0,0.0,0.0,0.0,0.0,0.0,0.0,0.0,0.0,0.0,0.0,0.0,0.0
hc2/search/clean/order1/19,hc2,search,8,clean,order1,19,False,False,False,0.7399432003760843,0.8688046647230321,0.7399432003760843,0.8688046647230321,0.7399432003760843,0.8688046647230321,0.7399432003760843,0.8688046647230321,0.7399432003760843,0.8688046647230321,0.7399432003760843,0.8688046647230321,0.7399432003760843,0.8688046647230321,0.7399432003760843,0.8688046647230321,0.7399432003760843,0.8688046647230321,0.0,0.0,0.0,0.0,0.0,0.0,0.0,0.0,0.0,0.0,0.0,0.0,0.0,0.0
hc2/search/clean/order1/20,hc2,search,28,clean,order1,20,True,False,True,0.40198194844789553,0.5736040609137056,0.38629484802066055,0.551219512195122,0.5012053407863001,0.7151898734177216,0.28796525034267423,0.4109090909090909,0.5012053407863001,0.7151898734177216,0.23360012933402777,0.3333333333333333,0.6491019987232411,0.9262295081967213,0.22953751838908817,0.32753623188405795,0.6284955860653605,0.8968253968253969,-0.1140166981052213,-0.16269497000461475,-0.09832959767798632,-0.1403104212860311,-0.21324009044362585,-0.30428078250863067,0.09922339233840455,0.14158581250401592,0.11491049276563953,0.16397036122259956,0.0,0.0,0.21324009044362585,0.30428078250863067
hc2/search/clean/order1/21,hc2,search,10,clean,order1,21,False,False,False,0.2721643090473695,0.3598326359832636,0.2721643090473695,0.3598326359832636,0.2721643090473695,0.3598326359832636,0.2721643090473695,0.3598326359832636,0.2721643090473695,0.3598326359832636,0.2721643090473695,0.3598326359832636,0.2721643090473695,0.3598326359832636,0.2721643090473695,0.3598326359832636,0.2721643090473695,0.3598326359832636,0.0,0.0,0.0,0.0,0.0,0.0,0.0,0.0,0.0,0.0,0.0,0.0,0.0,0.0
hc2/search/clean/order1/22,hc2,search,21,clean,order1,22,False,False,False,0.5858715086524269,0.8761329305135952,0.5858715086524269,0.8761329305135952,0.5858715086524269,0.8761329305135952,0.5858715086524269,0.8761329305135952,0.5858715086524269,0.8761329305135952,0.5858715086524269,0.8761329305135952,0.5858715086524269,0.8761329305135952,0.5858715086524269,0.8761329305135952,0.5858715086524269,0.8761329305135952,0.0,0.0,0.0,0.0,0.0,0.0,0.0,0.0,0.0,0.0,0.0,0.0,0.0,0.0
hc2/search/clean/order1/23,hc2,search,20,clean,order1,23,False,False,False,0.5372545027437563,0.890295358649789,0.5372545027437563,0.890295358649789,0.5372545027437563,0.890295358649789,0.5372545027437563,0.890295358649789,0.5372545027437563,0.890295358649789,0.5372545027437563,0.890295358649789,0.5372545027437563,0.890295358649789,0.5372545027437563,0.890295358649789,0.5372545027437563,0.890295358649789,0.0,0.0,0.0,0.0,0.0,0.0,0.0,0.0,0.0,0.0,0.0,0.0,0.0,0.0
hc2/search/clean/order1/24,hc2,search,1,clean,order1,24,True,False,True,0.3777558932453901,0.6735537190082644,0.4211516143275015,0.7520661157024794,0.3777558932453901,0.6735537190082644,0.3777558932453901,0.6735537190082644,0.4211516143275015,0.7520661157024794,0.4134350188680487,0.7345971563981043,0.4845141240698286,0.8578680203045685,0.427181897969086,0.7616822429906542,0.49459869030253417,0.88,0.0,0.0,-0.04339572108211137,-0.07851239669421495,0.0,0.0,0.04339572108211137,0.07851239669421495,0.0,0.0,0.04339572108211137,0.07851239669421495,0.04339572108211137,0.07851239669421495
hc2/search/clean/order1/25,hc2,search,7,clean,order1,25,False,False,False,0.6467763331036581,0.9824561403508771,0.6467763331036581,0.9824561403508771,0.6467763331036581,0.9824561403508771,0.6467763331036581,0.9824561403508771,0.6467763331036581,0.9824561403508771,0.6467763331036581,0.9824561403508771,0.6467763331036581,0.9824561403508771,0.6467763331036581,0.9824561403508771,0.6467763331036581,0.9824561403508771,0.0,0.0,0.0,0.0,0.0,0.0,0.0,0.0,0.0,0.0,0.0,0.0,0.0,0.0
hc2/search/clean/order1/26,hc2,search,12,clean,order1,26,False,False,False,0.47071953724545923,0.8191489361702128,0.47071953724545923,0.8191489361702128,0.47071953724545923,0.8191489361702128,0.47071953724545923,0.8191489361702128,0.47071953724545923,0.8191489361702128,0.47071953724545923,0.8191489361702128,0.47071953724545923,0.8191489361702128,0.47071953724545923,0.8191489361702128,0.47071953724545923,0.8191489361702128,0.0,0.0,0.0,0.0,0.0,0.0,0.0,0.0,0.0,0.0,0.0,0.0,0.0,0.0
hc2/search/clean/order1/27,hc2,search,18,clean,order1,27,False,False,False,0.23342082383226637,0.35435435435435436,0.23342082383226637,0.35435435435435436,0.23342082383226637,0.35435435435435436,0.23342082383226637,0.35435435435435436,0.23342082383226637,0.35435435435435436,0.23342082383226637,0.35435435435435436,0.23342082383226637,0.35435435435435436,0.23342082383226637,0.35435435435435436,0.23342082383226637,0.35435435435435436,0.0,0.0,0.0,0.0,0.0,0.0,0.0,0.0,0.0,0.0,0.0,0.0,0.0,0.0
hc2/search/clean/order1/28,hc2,search,3,clean,order1,28,True,False,True,0.22420851244213602,0.5028901734104047,0.23796363590484376,0.5337423312883436,0.3765832296358207,0.8446601941747572,0.3078418464483296,0.6904761904761905,0.3765832296358207,0.8446601941747572,0.34944209596837417,0.7837837837837838,0.36121136355818834,0.8505747126436781,0.3259501903570549,0.7310924369747899,0.39704449649119716,0.9080459770114943,0.0836333340061936,0.18758601706578582,0.06987821054348586,0.15673385918784688,-0.06874138318749107,-0.15418400369856677,0.15237471719368467,0.3417700207643526,0.13861959373097693,0.31091786288641365,0.0,0.0,0.06874138318749107,0.15418400369856677
hc2/search/clean/order1/29,hc2,search,6,clean,order1,29,False,False,False,0.30368914614783094,0.6896551724137931,0.30368914614783094,0.6896551724137931,0.30368914614783094,0.6896551724137931,0.30368914614783094,0.6896551724137931,0.30368914614783094,0.6896551724137931,0.30368914614783094,0.6896551724137931,0.30368914614783094,0.6896551724137931,0.30368914614783094,0.6896551724137931,0.30368914614783094,0.6896551724137931,0.0,0.0,0.0,0.0,0.0,0.0,0.0,0.0,0.0,0.0,0.0,0.0,0.0,0.0
hc2/search/clean/order1/30,hc2,search,15,clean,order1,30,False,False,False,0.05680580535574577,0.28044280442804426,0.05680580535574577,0.28044280442804426,0.05680580535574577,0.28044280442804426,0.05680580535574577,0.28044280442804426,0.05680580535574577,0.28044280442804426,0.05680580535574577,0.28044280442804426,0.05680580535574577,0.28044280442804426,0.05680580535574577,0.28044280442804426,0.05680580535574577,0.28044280442804426,0.0,0.0,0.0,0.0,0.0,0.0,0.0,0.0,0.0,0.0,0.0,0.0,0.0,0.0
hc2/search/clean/order1/31,hc2,search,4,clean,order1,31,False,False,False,0.0,0.0,0.0,0.0,0.0,0.0,0.0,0.0,0.0,0.0,0.0,0.0,0.0,0.0,0.0,0.0,0.0,0.0,0.0,0.0,0.0,0.0,0.0,0.0,0.0,0.0,0.0,0.0,0.0,0.0,0.0,0.0
hc2/search/clean/order2/0,hc2,search,16,clean,order2,0,True,False,True,0.15028470927788676,0.3333333333333333,0.174351360445409,0.3723958333333333,0.36801685963586345,0.7872340425531915,0.256367121607075,0.5478723404255319,0.36801685963586345,0.7872340425531915,0.2739012870263076,0.584958217270195,0.42826568205974774,0.9538461538461539,0.27834483548650873,0.5944444444444444,0.4308563913389897,0.9616858237547893,0.10608241232918822,0.21453900709219859,0.08201576116166598,0.17547650709219859,-0.11164973802878847,-0.23936170212765961,0.2177321503579767,0.4539007092198582,0.19366549919045445,0.4148382092198582,0.0,0.0,0.11164973802878847,0.23936170212765961
hc2/search/clean/order2/1,hc2,search,2,clean,order2,1,False,False,False,0.15697525235908516,0.31100478468899523,0.15697525235908516,0.31100478468899523,0.15697525235908516,0.31100478468899523,0.15697525235908516,0.31100478468899523,0.15697525235908516,0.31100478468899523,0.15697525235908516,0.31100478468899523,0.15697525235908516,0.31100478468899523,0.15697525235908516,0.31100478468899523,0.15697525235908516,0.31100478468899523,0.0,0.0,0.0,0.0,0.0,0.0,0.0,0.0,0.0,0.0,0.0,0.0,0.0,0.0
hc2/search/clean/order2/2,hc2,search,27,clean,order2,2,False,False,False,0.5349906309325663,0.7095588235294118,0.5349906309325663,0.7095588235294118,0.5349906309325663,0.7095588235294118,0.5349906309325663,0.7095588235294118,0.5349906309325663,0.7095588235294118,0.5349906309325663,0.7095588235294118,0.5349906309325663,0.7095588235294118,0.5349906309325663,0.7095588235294118,0.5349906309325663,0.7095588235294118,0.0,0.0,0.0,0.0,0.0,0.0,0.0,0.0,0.0,0.0,0.0,0.0,0.0,0.0
hc2/search/clean/order2/3,hc2,search,22,clean,order2,3,False,False,False,0.0663011064400894,0.24316939890710382,0.0663011064400894,0.24316939890710382,0.0663011064400894,0.24316939890710382,0.0663011064400894,0.24316939890710382,0.0663011064400894,0.24316939890710382,0.0663011064400894,0.24316939890710382,0.0663011064400894,0.24316939890710382,0.0663011064400894,0.24316939890710382,0.0663011064400894,0.24316939890710382,0.0,0.0,0.0,0.0,0.0,0.0,0.0,0.0,0.0,0.0,0.0,0.0,0.0,0.0
hc2/search/clean/order2/4,hc2,search,23,clean,order2,4,True,False,True,0.07768002550445777,0.5739514348785872,0.08299304611679097,0.6132075471698113,0.07768002550445777,0.5739514348785872,0.07768002550445777,0.5739514348785872,0.07768002550445777,0.5739514348785872,0.08183500361283574,0.6046511627906976,0.1119903244210128,0.8371335504885994,0.07997511716708948,0.5909090909090909,0.11126546795226838,0.8317152103559871,0.0,0.0,-0.0053130206123332,-0.039256112291224055,0.0,0.0,0.0,0.0,-0.0053130206123332,-0.039256112291224055,0.0,0.0,0.0,0.0
hc2/search/clean/order2/5,hc2,search,26,clean,order2,5,False,False,False,0.14239622617206601,0.4473684210526316,0.14239622617206601,0.4473684210526316,0.14239622617206601,0.4473684210526316,0.14239622617206601,0.4473684210526316,0.14239622617206601,0.4473684210526316,0.14239622617206601,0.4473684210526316,0.14239622617206601,0.4473684210526316,0.14239622617206601,0.4473684210526316,0.14239622617206601,0.4473684210526316,0.0,0.0,0.0,0.0,0.0,0.0,0.0,0.0,0.0,0.0,0.0,0.0,0.0,0.0
hc2/search/clean/order2/6,hc2,search,15,clean,order2,6,False,False,False,0.06574733474456611,0.28044280442804426,0.06574733474456611,0.28044280442804426,0.06574733474456611,0.28044280442804426,0.06574733474456611,0.28044280442804426,0.06574733474456611,0.28044280442804426,0.06574733474456611,0.28044280442804426,0.06574733474456611,0.28044280442804426,0.06574733474456611,0.28044280442804426,0.06574733474456611,0.28044280442804426,0.0,0.0,0.0,0.0,0.0,0.0,0.0,0.0,0.0,0.0,0.0,0.0,0.0,0.0
hc2/search/clean/order2/7,hc2,search,12,clean,order2,7,False,False,False,0.4744471895643662,0.8191489361702128,0.4744471895643662,0.8191489361702128,0.4744471895643662,0.8191489361702128,0.4744471895643662,0.8191489361702128,0.4744471895643662,0.8191489361702128,0.4744471895643662,0.8191489361702128,0.4744471895643662,0.8191489361702128,0.4744471895643662,0.8191489361702128,0.4744471895643662,0.8191489361702128,0.0,0.0,0.0,0.0,0.0,0.0,0.0,0.0,0.0,0.0,0.0,0.0,0.0,0.0
hc2/search/clean/order2/8,hc2,search,5,clean,order2,8,True,False,True,0.23682314809594693,0.46996466431095407,0.2157621422018512,0.4276315789473684,0.3546082058791163,0.7037037037037037,0.0844823230997811,0.17228464419475656,0.3546082058791163,0.7037037037037037,0.05146519640185232,0.10584958217270195,0.4622134545596757,0.9172413793103448,0.062484155866043084,0.12742382271468145,0.44384735702750316,0.8807947019867549,-0.15234082499616583,-0.29768002011619754,-0.1312798191020701,-0.25534693475261183,-0.2701258827793352,-0.5314190595089472,0.11778505778316936,0.23373903939274965,0.1388460636772651,0.2760721247563353,0.0,0.0,0.2701258827793352,0.5314190595089472
hc2/search/clean/order2/9,hc2,search,17,clean,order2,9,False,False,False,0.2871629303330803,0.4533678756476684,0.2871629303330803,0.4533678756476684,0.2871629303330803,0.4533678756476684,0.2871629303330803,0.4533678756476684,0.2871629303330803,0.4533678756476684,0.2871629303330803,0.4533678756476684,0.2871629303330803,0.4533678756476684,0.2871629303330803,0.4533678756476684,0.2871629303330803,0.4533678756476684,0.0,0.0,0.0,0.0,0.0,0.0,0.0,0.0,0.0,0.0,0.0,0.0,0.0,0.0
hc2/search/clean/order2/10,hc2,search,11,clean,order2,10,False,False,False,0.281889840029076,0.8641114982578397,0.281889840029076,0.8641114982578397,0.281889840029076,0.8641114982578397,0.281889840029076,0.8641114982578397,0.281889840029076,0.8641114982578397,0.281889840029076,0.8641114982578397,0.281889840029076,0.8641114982578397,0.281889840029076,0.8641114982578397,0.281889840029076,0.8641114982578397,0.0,0.0,0.0,0.0,0.0,0.0,0.0,0.0,0.0,0.0,0.0,0.0,0.0,0.0
hc2/search/clean/order2/11,hc2,search,3,clean,order2,11,False,False,False,0.21826247843048938,0.5028901734104047,0.21826247843048938,0.5028901734104047,0.21826247843048938,0.5028901734104047,0.21826247843048938,0.5028901734104047,0.21826247843048938,0.5028901734104047,0.21826247843048938,0.5028901734104047,0.21826247843048938,0.5028901734104047,0.21826247843048938,0.5028901734104047,0.21826247843048938,0.5028901734104047,0.0,0.0,0.0,0.0,0.0,0.0,0.0,0.0,0.0,0.0,0.0,0.0,0.0,0.0
hc2/search/clean/order2/12,hc2,search,1,clean,order2,12,True,False,True,0.3776402660628962,0.6735537190082644,0.4205251637552805,0.7520661157024794,0.3776402660628962,0.6735537190082644,0.3776402660628962,0.6735537190082644,0.4205251637552805,0.7520661157024794,0.41347746568618843,0.7345971563981043,0.4840520908897669,0.8578680203045685,0.42705114199635924,0.7616822429906542,0.4939831377073297,0.88,0.0,0.0,-0.042884897692384294,-0.07851239669421495,0.0,0.0,0.042884897692384294,0.07851239669421495,0.0,0.0,0.042884897692384294,0.07851239669421495,0.042884897692384294,0.07851239669421495
hc2/search/clean/order2/13,hc2,search,9,clean,order2,13,False,False,False,0.0,0.0,0.0,0.0,0.0,0.0,0.0,0.0,0.0,0.0,0.0,0.0,0.0,0.0,0.0,0.0,0.0,0.0,0.0,0.0,0.0,0.0,0.0,0.0,0.0,0.0,0.0,0.0,0.0,0.0,0.0,0.0
hc2/search/clean/order2/14,hc2,search,14,clean,order2,14,False,False,False,0.5131389020655738,0.7444444444444445,0.5131389020655738,0.7444444444444445,0.5131389020655738,0.7444444444444445,0.5131389020655738,0.7444444444444445,0.5131389020655738,0.7444444444444445,0.5131389020655738,0.7444444444444445,0.5131389020655738,0.7444444444444445,0.5131389020655738,0.7444444444444445,0.5131389020655738,0.7444444444444445,0.0,0.0,0.0,0.0,0.0,0.0,0.0,0.0,0.0,0.0,0.0,0.0,0.0,0.0
hc2/search/clean/order2/15,hc2,search,31,clean,order2,15,False,False,False,0.5041580396219122,0.8092105263157895,0.5041580396219122,0.8092105263157895,0.5041580396219122,0.8092105263157895,0.5041580396219122,0.8092105263157895,0.5041580396219122,0.8092105263157895,0.5041580396219122,0.8092105263157895,0.5041580396219122,0.8092105263157895,0.5041580396219122,0.8092105263157895,0.5041580396219122,0.8092105263157895,0.0,0.0,0.0,0.0,0.0,0.0,0.0,0.0,0.0,0.0,0.0,0.0,0.0,0.0
hc2/search/clean/order2/16,hc2,search,20,clean,order2,16,True,False,True,0.5584889159548452,0.890295358649789,0.5004372701843331,0.8,0.5584889159548452,0.890295358649789,0.027363524518957707,0.045317220543806644,0.5584889159548452,0.890295358649789,0.0,0.0,0.5942725685711107,0.9414225941422594,0.0,0.0,0.5896987751024474,0.9344262295081968,-0.5311253914358874,-0.8449781381059824,-0.47307374566537547,-0.7546827794561934,-0.5311253914358874,-0.8449781381059824,0.0,0.0,0.05805164577051203,0.09029535864978899,0.0,0.0,0.5311253914358874,0.8449781381059824
hc2/search/clean/order2/17,hc2,search,0,clean,order2,17,False,False,False,0.20738135993276474,0.3778801843317972,0.20738135993276474,0.3778801843317972,0.20738135993276474,0.3778801843317972,0.20738135993276474,0.3778801843317972,0.20738135993276474,0.3778801843317972,0.20738135993276474,0.3778801843317972,0.20738135993276474,0.3778801843317972,0.20738135993276474,0.3778801843317972,0.20738135993276474,0.3778801843317972,0.0,0.0,0.0,0.0,0.0,0.0,0.0,0.0,0.0,0.0,0.0,0.0,0.0,0.0
hc2/search/clean/order2/18,hc2,search,24,clean,order2,18,False,False,False,0.01963364243479532,0.342911877394636,0.01963364243479532,0.342911877394636,0.01963364243479532,0.342911877394636,0.01963364243479532,0.342911877394636,0.01963364243479532,0.342911877394636,0.01963364243479532,0.342911877394636,0.01963364243479532,0.342911877394636,0.01963364243479532,0.342911877394636,0.01963364243479532,0.342911877394636,0.0,0.0,0.0,0.0,0.0,0.0,0.0,0.0,0.0,0.0,0.0,0.0,0.0,0.0
hc2/search/clean/order2/19,hc2,search,6,clean,order2,19,False,False,False,0.30782151450513356,0.6896551724137931,0.30782151450513356,0.6896551724137931,0.30782151450513356,0.6896551724137931,0.30782151450513356,0.6896551724137931,0.30782151450513356,0.6896551724137931,0.30782151450513356,0.6896551724137931,0.30782151450513356,0.6896551724137931,0.30782151450513356,0.6896551724137931,0.30782151450513356,0.6896551724137931,0.0,0.0,0.0,0.0,0.0,0.0,0.0,0.0,0.0,0.0,0.0,0.0,0.0,0.0
hc2/search/clean/order2/20,hc2,search,4,clean,order2,20,True,False,True,0.0,0.0,0.0,0.0,0.0,0.0,0.0,0.0,0.0,0.0,0.0,0.0,0.35867920089863037,0.785234899328859,0.0,0.0,0.3975092620638564,0.8456375838926175,0.0,0.0,0.0,0.0,0.0,0.0,0.0,0.0,0.0,0.0,0.0,0.0,0.0,0.0
hc2/search/clean/order2/21,hc2,search,28,clean,order2,21,False,False,False,0.3989811398358037,0.5736040609137056,0.3989811398358037,0.5736040609137056,0.3989811398358037,0.5736040609137056,0.3989811398358037,0.5736040609137056,0.3989811398358037,0.5736040609137056,0.3989811398358037,0.5736040609137056,0.3989811398358037,0.5736040609137056,0.3989811398358037,0.5736040609137056,0.3989811398358037,0.5736040609137056,0.0,0.0,0.0,0.0,0.0,0.0,0.0,0.0,0.0,0.0,0.0,0.0,0.0,0.0
hc2/search/clean/order2/22,hc2,search,30,clean,order2,22,False,False,False,0.5027062060150256,0.723404255319149,0.5027062060150256,0.723404255319149,0.5027062060150256,0.723404255319149,0.5027062060150256,0.723404255319149,0.5027062060150256,0.723404255319149,0.5027062060150256,0.723404255319149,0.5027062060150256,0.723404255319149,0.5027062060150256,0.723404255319149,0.5027062060150256,0.723404255319149,0.0,0.0,0.0,0.0,0.0,0.0,0.0,0.0,0.0,0.0,0.0,0.0,0.0,0.0
hc2/search/clean/order2/23,hc2,search,25,clean,order2,23,False,False,False,0.23102835884050515,0.6883116883116883,0.23102835884050515,0.6883116883116883,0.23102835884050515,0.6883116883116883,0.23102835884050515,0.6883116883116883,0.23102835884050515,0.6883116883116883,0.23102835884050515,0.6883116883116883,0.23102835884050515,0.6883116883116883,0.23102835884050515,0.6883116883116883,0.23102835884050515,0.6883116883116883,0.0,0.0,0.0,0.0,0.0,0.0,0.0,0.0,0.0,0.0,0.0,0.0,0.0,0.0
hc2/search/clean/order2/24,hc2,search,29,clean,order2,24,True,False,True,0.23209295349296583,0.4232209737827715,0.21368558131938578,0.3896551724137931,0.23209295349296583,0.4232209737827715,0.20794905564638214,0.37919463087248323,0.23209295349296583,0.4232209737827715,0.18388373466653377,0.3353115727002967,0.4590282857971991,0.837037037037037,0.1811953759725786,0.3304093567251462,0.43640013086353435,0.795774647887324,-0.02414389784658369,-0.044026342910288285,-0.005736525673003645,-0.010460541541309876,-0.02414389784658369,-0.044026342910288285,0.0,0.0,0.018407372173580044,0.03356580136897841,0.0,0.0,0.02414389784658369,0.044026342910288285
hc2/search/clean/order2/25,hc2,search,21,clean,order2,25,False,False,False,0.5943563883938278,0.8761329305135952,0.5943563883938278,0.8761329305135952,0.5943563883938278,0.8761329305135952,0.5943563883938278,0.8761329305135952,0.5943563883938278,0.8761329305135952,0.5943563883938278,0.8761329305135952,0.5943563883938278,0.8761329305135952,0.5943563883938278,0.8761329305135952,0.5943563883938278,0.8761329305135952,0.0,0.0,0.0,0.0,0.0,0.0,0.0,0.0,0.0,0.0,0.0,0.0,0.0,0.0
hc2/search/clean/order2/26,hc2,search,19,clean,order2,26,False,False,False,0.581671323196035,0.8327137546468402,0.581671323196035,0.8327137546468402,0.581671323196035,0.8327137546468402,0.581671323196035,0.8327137546468402,0.581671323196035,0.8327137546468402,0.581671323196035,0.8327137546468402,0.581671323196035,0.8327137546468402,0.581671323196035,0.8327137546468402,0.581671323196035,0.8327137546468402,0.0,0.0,0.0,0.0,0.0,0.0,0.0,0.0,0.0,0.0,0.0,0.0,0.0,0.0
hc2/search/clean/order2/27,hc2,search,18,clean,order2,27,False,False,False,0.2504930960185177,0.35435435435435436,0.2504930960185177,0.35435435435435436,0.2504930960185177,0.35435435435435436,0.2504930960185177,0.35435435435435436,0.2504930960185177,0.35435435435435436,0.2504930960185177,0.35435435435435436,0.2504930960185177,0.35435435435435436,0.2504930960185177,0.35435435435435436,0.2504930960185177,0.35435435435435436,0.0,0.0,0.0,0.0,0.0,0.0,0.0,0.0,0.0,0.0,0.0,0.0,0.0,0.0
hc2/search/clean/order2/28,hc2,search,8,clean,order2,28,True,False,True,0.7266273191996117,0.8688046647230321,0.8169324337973554,0.9825072886297376,0.7638089131137373,0.9125364431486881,0.05426316221325512,0.0645933014354067,0.7638089131137373,0.9125364431486881,0.036376401081984436,0.04329896907216495,0.8073364948057261,0.9715909090909091,0.046384461769203765,0.05521472392638037,0.7892256121279995,0.9501385041551247,-0.6723641569863565,-0.8042113632876253,-0.7626692715841003,-0.9179139871943309,-0.7095457509004822,-0.8479431417132814,0.03718159391412568,0.04373177842565601,-0.05312352068361803,-0.06997084548104948,0.0,0.0,0.7095457509004822,0.8479431417132814
hc2/search/clean/order2/29,hc2,search,7,clean,order2,29,False,False,False,0.658047712444789,0.9824561403508771,0.658047712444789,0.9824561403508771,0.658047712444789,0.9824561403508771,0.658047712444789,0.9824561403508771,0.658047712444789,0.9824561403508771,0.658047712444789,0.9824561403508771,0.658047712444789,0.9824561403508771,0.658047712444789,0.9824561403508771,0.658047712444789,0.9824561403508771,0.0,0.0,0.0,0.0,0.0,0.0,0.0,0.0,0.0,0.0,0.0,0.0,0.0,0.0
hc2/search/clean/order2/30,hc2,search,10,clean,order2,30,False,False,False,0.28083539471921526,0.3598326359832636,0.28083539471921526,0.3598326359832636,0.28083539471921526,0.3598326359832636,0.28083539471921526,0.3598326359832636,0.28083539471921526,0.3598326359832636,0.28083539471921526,0.3598326359832636,0.28083539471921526,0.3598326359832636,0.28083539471921526,0.3598326359832636,0.28083539471921526,0.3598326359832636,0.0,0.0,0.0,0.0,0.0,0.0,0.0,0.0,0.0,0.0,0.0,0.0,0.0,0.0
hc2/search/clean/order2/31,hc2,search,13,clean,order2,31,False,False,False,0.34561362922205424,0.5476190476190477,0.34561362922205424,0.5476190476190477,0.34561362922205424,0.5476190476190477,0.34561362922205424,0.5476190476190477,0.34561362922205424,0.5476190476190477,0.34561362922205424,0.5476190476190477,0.34561362922205424,0.5476190476190477,0.34561362922205424,0.5476190476190477,0.34561362922205424,0.5476190476190477,0.0,0.0,0.0,0.0,0.0,0.0,0.0,0.0,0.0,0.0,0.0,0.0,0.0,0.0
hc2/search/frame_drop_5/order1/0,hc2,search,2,frame_drop_5,order1,0,True,False,True,0.0762338369190863,0.16129032258064516,0.11034013717447065,0.2995391705069124,0.18616607049489525,0.5373134328358209,0.1964271924906769,0.5669291338582677,0.1964271924906769,0.5669291338582677,0.20759951834117943,0.5894736842105263,0.3410164549099164,0.8723404255319149,0.22694963812425814,0.6210526315789474,0.37487937517478914,0.9368421052631579,0.12019335557159058,0.4056388112776226,0.08608705531620624,0.2673899633513553,0.010261121995781636,0.029615701022446816,0.12019335557159058,0.4056388112776226,0.08608705531620624,0.2673899633513553,0.010261121995781636,0.029615701022446816,0.0,0.0
hc2/search/frame_drop_5/order1/1,hc2,search,0,frame_drop_5,order1,1,False,False,False,0.19378984384759565,0.3778801843317972,0.19378984384759565,0.3778801843317972,0.19378984384759565,0.3778801843317972,0.19378984384759565,0.3778801843317972,0.19378984384759565,0.3778801843317972,0.19378984384759565,0.3778801843317972,0.19378984384759565,0.3778801843317972,0.19378984384759565,0.3778801843317972,0.19378984384759565,0.3778801843317972,0.0,0.0,0.0,0.0,0.0,0.0,0.0,0.0,0.0,0.0,0.0,0.0,0.0,0.0
hc2/search/frame_drop_5/order1/2,hc2,search,25,frame_drop_5,order1,2,False,False,False,0.24235649474735305,0.6883116883116883,0.24235649474735305,0.6883116883116883,0.24235649474735305,0.6883116883116883,0.24235649474735305,0.6883116883116883,0.24235649474735305,0.6883116883116883,0.24235649474735305,0.6883116883116883,0.24235649474735305,0.6883116883116883,0.24235649474735305,0.6883116883116883,0.24235649474735305,0.6883116883116883,0.0,0.0,0.0,0.0,0.0,0.0,0.0,0.0,0.0,0.0,0.0,0.0,0.0,0.0
hc2/search/frame_drop_5/order1/3,hc2,search,22,frame_drop_5,order1,3,False,False,False,0.07865667860417365,0.24316939890710382,0.07865667860417365,0.24316939890710382,0.07865667860417365,0.24316939890710382,0.07865667860417365,0.24316939890710382,0.07865667860417365,0.24316939890710382,0.07865667860417365,0.24316939890710382,0.07865667860417365,0.24316939890710382,0.07865667860417365,0.24316939890710382,0.07865667860417365,0.24316939890710382,0.0,0.0,0.0,0.0,0.0,0.0,0.0,0.0,0.0,0.0,0.0,0.0,0.0,0.0
hc2/search/frame_drop_5/order1/4,hc2,search,27,frame_drop_5,order1,4,True,False,True,0.6061994119063525,0.875,0.5769753032557927,0.8346774193548387,0.6061994119063525,0.875,0.40963063878491934,0.5893333333333334,0.6061994119063525,0.875,0.35417509205381875,0.5111111111111111,0.6293580375666713,0.8790322580645161,0.35439203534868263,0.5108958837772397,0.6604978762431383,0.9437751004016064,-0.19656877312143317,-0.2856666666666666,-0.16734466447087337,-0.24534408602150537,-0.19656877312143317,-0.2856666666666666,0.0,0.0,0.0292241086505598,0.040322580645161255,0.0,0.0,0.19656877312143317,0.2856666666666666
hc2/search/frame_drop_5/order1/5,hc2,search,31,frame_drop_5,order1,5,False,False,False,0.419828691542619,0.6885964912280702,0.419828691542619,0.6885964912280702,0.419828691542619,0.6885964912280702,0.419828691542619,0.6885964912280702,0.419828691542619,0.6885964912280702,0.419828691542619,0.6885964912280702,0.419828691542619,0.6885964912280702,0.419828691542619,0.6885964912280702,0.419828691542619,0.6885964912280702,0.0,0.0,0.0,0.0,0.0,0.0,0.0,0.0,0.0,0.0,0.0,0.0,0.0,0.0
hc2/search/frame_drop_5/order1/6,hc2,search,11,frame_drop_5,order1,6,False,False,False,0.20680677498261274,0.7013698630136986,0.20680677498261274,0.7013698630136986,0.20680677498261274,0.7013698630136986,0.20680677498261274,0.7013698630136986,0.20680677498261274,0.7013698630136986,0.20680677498261274,0.7013698630136986,0.20680677498261274,0.7013698630136986,0.20680677498261274,0.7013698630136986,0.20680677498261274,0.7013698630136986,0.0,0.0,0.0,0.0,0.0,0.0,0.0,0.0,0.0,0.0,0.0,0.0,0.0,0.0
hc2/search/frame_drop_5/order1/7,hc2,search,30,frame_drop_5,order1,7,False,False,False,0.6036291614802743,0.8242424242424242,0.6036291614802743,0.8242424242424242,0.6036291614802743,0.8242424242424242,0.6036291614802743,0.8242424242424242,0.6036291614802743,0.8242424242424242,0.6036291614802743,0.8242424242424242,0.6036291614802743,0.8242424242424242,0.6036291614802743,0.8242424242424242,0.6036291614802743,0.8242424242424242,0.0,0.0,0.0,0.0,0.0,0.0,0.0,0.0,0.0,0.0,0.0,0.0,0.0,0.0
hc2/search/frame_drop_5/order1/8,hc2,search,26,frame_drop_5,order1,8,True,False,True,0.17297034584172905,0.4473684210526316,0.166787780992138,0.4272300469483568,0.19331979829369716,0.5,0.18515135611227335,0.4788732394366197,0.19331979829369716,0.5,0.079072094974893,0.23529411764705882,0.3429325117557759,0.8869565217391304,0.08508789157088423,0.25,0.33140536850348085,0.8571428571428571,0.012181010270544301,0.03150481838398811,0.01836357512013534,0.05164319248826288,-0.008168442181423818,-0.02112676056338031,0.02034945245196812,0.05263157894736842,0.026532017301559158,0.07276995305164319,0.0,0.0,0.008168442181423818,0.02112676056338031
hc2/search/frame_drop_5/order1/9,hc2,search,24,frame_drop_5,order1,9,False,False,False,0.01767595317267362,0.30842911877394635,0.01767595317267362,0.30842911877394635,0.01767595317267362,0.30842911877394635,0.01767595317267362,0.30842911877394635,0.01767595317267362,0.30842911877394635,0.01767595317267362,0.30842911877394635,0.01767595317267362,0.30842911877394635,0.01767595317267362,0.30842911877394635,0.01767595317267362,0.30842911877394635,0.0,0.0,0.0,0.0,0.0,0.0,0.0,0.0,0.0,0.0,0.0,0.0,0.0,0.0
hc2/search/frame_drop_5/order1/10,hc2,search,19,frame_drop_5,order1,10,False,False,False,0.5929065633298619,0.8853754940711462,0.5929065633298619,0.8853754940711462,0.5929065633298619,0.8853754940711462,0.5929065633298619,0.8853754940711462,0.5929065633298619,0.8853754940711462,0.5929065633298619,0.8853754940711462,0.5929065633298619,0.8853754940711462,0.5929065633298619,0.8853754940711462,0.5929065633298619,0.8853754940711462,0.0,0.0,0.0,0.0,0.0,0.0,0.0,0.0,0.0,0.0,0.0,0.0,0.0,0.0
hc2/search/frame_drop_5/order1/11,hc2,search,13,frame_drop_5,order1,11,False,False,False,0.3559402791943792,0.5476190476190477,0.3559402791943792,0.5476190476190477,0.3559402791943792,0.5476190476190477,0.3559402791943792,0.5476190476190477,0.3559402791943792,0.5476190476190477,0.3559402791943792,0.5476190476190477,0.3559402791943792,0.5476190476190477,0.3559402791943792,0.5476190476190477,0.3559402791943792,0.5476190476190477,0.0,0.0,0.0,0.0,0.0,0.0,0.0,0.0,0.0,0.0,0.0,0.0,0.0,0.0
hc2/search/frame_drop_5/order1/12,hc2,search,14,frame_drop_5,order1,12,True,False,True,0.45314736040376336,0.7486033519553073,0.4799608136820926,0.7928994082840237,0.45314736040376336,0.7486033519553073,0.3160379188770895,0.5405405405405406,0.4799608136820926,0.7928994082840237,0.23639119706357295,0.4253731343283582,0.5714820893388626,0.9402985074626866,0.2528755567330334,0.4460431654676259,0.5522127734895784,0.9136690647482014,-0.13710944152667387,-0.20806281141476668,-0.1639228948050031,-0.25235886774348315,-0.13710944152667387,-0.20806281141476668,0.026813453278329236,0.04429605632871647,0.0,0.0,0.026813453278329236,0.04429605632871647,0.1639228948050031,0.25235886774348315
hc2/search/frame_drop_5/order1/13,hc2,search,16,frame_drop_5,order1,13,False,False,False,0.19097733958384316,0.3803191489361702,0.19097733958384316,0.3803191489361702,0.19097733958384316,0.3803191489361702,0.19097733958384316,0.3803191489361702,0.19097733958384316,0.3803191489361702,0.19097733958384316,0.3803191489361702,0.19097733958384316,0.3803191489361702,0.19097733958384316,0.3803191489361702,0.19097733958384316,0.3803191489361702,0.0,0.0,0.0,0.0,0.0,0.0,0.0,0.0,0.0,0.0,0.0,0.0,0.0,0.0
hc2/search/frame_drop_5/order1/14,hc2,search,17,frame_drop_5,order1,14,False,False,False,0.2991016425545666,0.4533678756476684,0.2991016425545666,0.4533678756476684,0.2991016425545666,0.4533678756476684,0.2991016425545666,0.4533678756476684,0.2991016425545666,0.4533678756476684,0.2991016425545666,0.4533678756476684,0.2991016425545666,0.4533678756476684,0.2991016425545666,0.4533678756476684,0.2991016425545666,0.4533678756476684,0.0,0.0,0.0,0.0,0.0,0.0,0.0,0.0,0.0,0.0,0.0,0.0,0.0,0.0
hc2/search/frame_drop_5/order1/15,hc2,search,23,frame_drop_5,order1,15,False,False,False,0.09514920841617952,0.8538205980066446,0.09514920841617952,0.8538205980066446,0.09514920841617952,0.8538205980066446,0.09514920841617952,0.8538205980066446,0.09514920841617952,0.8538205980066446,0.09514920841617952,0.8538205980066446,0.09514920841617952,0.8538205980066446,0.09514920841617952,0.8538205980066446,0.09514920841617952,0.8538205980066446,0.0,0.0,0.0,0.0,0.0,0.0,0.0,0.0,0.0,0.0,0.0,0.0,0.0,0.0
hc2/search/frame_drop_5/order1/16,hc2,search,29,frame_drop_5,order1,16,True,False,True,0.22414190183753818,0.4232209737827715,0.21146956816474452,0.3992932862190813,0.23842983183515018,0.450199203187251,0.22414190183753818,0.4232209737827715,0.23842983183515018,0.450199203187251,0.1918137429186625,0.36217948717948717,0.4400432925781081,0.8308823529411765,0.18643578750972803,0.35202492211838005,0.4214499140184697,0.795774647887324,0.0,0.0,0.012672333672793662,0.023927687563690236,-0.014287929997611998,-0.02697822940447947,0.014287929997611998,0.02697822940447947,0.02696026367040566,0.05090591696816971,0.0,0.0,0.014287929997611998,0.02697822940447947
hc2/search/frame_drop_5/order1/17,hc2,search,9,frame_drop_5,order1,17,False,False,False,0.0,0.0,0.0,0.0,0.0,0.0,0.0,0.0,0.0,0.0,0.0,0.0,0.0,0.0,0.0,0.0,0.0,0.0,0.0,0.0,0.0,0.0,0.0,0.0,0.0,0.0,0.0,0.0,0.0,0.0,0.0,0.0
hc2/search/frame_drop_5/order1/18,hc2,search,5,frame_drop_5,order1,18,False,False,False,0.23156708508658186,0.46996466431095407,0.23156708508658186,0.46996466431095407,0.23156708508658186,0.46996466431095407,0.23156708508658186,0.46996466431095407,0.23156708508658186,0.46996466431095407,0.23156708508658186,0.46996466431095407,0.23156708508658186,0.46996466431095407,0.23156708508658186,0.46996466431095407,0.23156708508658186,0.46996466431095407,0.0,0.0,0.0,0.0,0.0,0.0,0.0,0.0,0.0,0.0,0.0,0.0,0.0,0.0
hc2/search/frame_drop_5/order1/19,hc2,search,8,frame_drop_5,order1,19,False,False,False,0.6534870786032159,0.7551020408163265,0.6534870786032159,0.7551020408163265,0.6534870786032159,0.7551020408163265,0.6534870786032159,0.7551020408163265,0.6534870786032159,0.7551020408163265,0.6534870786032159,0.7551020408163265,0.6534870786032159,0.7551020408163265,0.6534870786032159,0.7551020408163265,0.6534870786032159,0.7551020408163265,0.0,0.0,0.0,0.0,0.0,0.0,0.0,0.0,0.0,0.0,0.0,0.0,0.0,0.0
hc2/search/frame_drop_5/order1/20,hc2,search,28,frame_drop_5,order1,20,True,False,True,0.43679217179534574,0.6243093922651933,0.4569906537280785,0.653179190751445,0.5003758423731492,0.7151898734177216,0.3052485833782146,0.4362934362934363,0.47914777633307626,0.6848484848484848,0.24939868484213748,0.35646687697160884,0.6324750647596606,0.904,0.24629091306840367,0.35202492211838005,0.5944314518417864,0.849624060150376,-0.13154358841713115,-0.18801595597175702,-0.15174207034986392,-0.21688575445800873,-0.19512725899493466,-0.27889643712428525,0.04235560453773052,0.06053909258329149,0.022157122604997748,0.03166929409703978,-0.02122806604007299,-0.030341388569236738,0.17389919295486167,0.2485550485550485
hc2/search/frame_drop_5/order1/21,hc2,search,10,frame_drop_5,order1,21,False,False,False,0.2703963321860502,0.3598326359832636,0.2703963321860502,0.3598326359832636,0.2703963321860502,0.3598326359832636,0.2703963321860502,0.3598326359832636,0.2703963321860502,0.3598326359832636,0.2703963321860502,0.3598326359832636,0.2703963321860502,0.3598326359832636,0.2703963321860502,0.3598326359832636,0.2703963321860502,0.3598326359832636,0.0,0.0,0.0,0.0,0.0,0.0,0.0,0.0,0.0,0.0,0.0,0.0,0.0,0.0
hc2/search/frame_drop_5/order1/22,hc2,search,21,frame_drop_5,order1,22,False,False,False,0.5866710757276893,0.8664688427299704,0.5866710757276893,0.8664688427299704,0.5866710757276893,0.8664688427299704,0.5866710757276893,0.8664688427299704,0.5866710757276893,0.8664688427299704,0.5866710757276893,0.8664688427299704,0.5866710757276893,0.8664688427299704,0.5866710757276893,0.8664688427299704,0.5866710757276893,0.8664688427299704,0.0,0.0,0.0,0.0,0.0,0.0,0.0,0.0,0.0,0.0,0.0,0.0,0.0,0.0
hc2/search/frame_drop_5/order1/23,hc2,search,20,frame_drop_5,order1,23,False,False,False,0.5440806782985987,0.890295358649789,0.5440806782985987,0.890295358649789,0.5440806782985987,0.890295358649789,0.5440806782985987,0.890295358649789,0.5440806782985987,0.890295358649789,0.5440806782985987,0.890295358649789,0.5440806782985987,0.890295358649789,0.5440806782985987,0.890295358649789,0.5440806782985987,0.890295358649789,0.0,0.0,0.0,0.0,0.0,0.0,0.0,0.0,0.0,0.0,0.0,0.0,0.0,0.0
hc2/search/frame_drop_5/order1/24,hc2,search,1,frame_drop_5,order1,24,True,False,True,0.3768424125922694,0.6735537190082644,0.42066052259010145,0.7520661157024794,0.3768424125922694,0.6735537190082644,0.2326425098146153,0.41581632653061223,0.3768424125922694,0.6735537190082644,0.1807064422890831,0.32112068965517243,0.47854319097350206,0.8564102564102564,0.1835730705350787,0.3269230769230769,0.46807418679915025,0.8390243902439024,-0.14419990277765413,-0.2577373924776522,-0.18801801277548616,-0.33624978917186715,-0.14419990277765413,-0.2577373924776522,0.0,0.0,-0.04381810999783203,-0.07851239669421495,0.0,0.0,0.14419990277765413,0.2577373924776522
hc2/search/frame_drop_5/order1/25,hc2,search,7,frame_drop_5,order1,25,False,False,False,0.636969664856328,0.9619883040935673,0.636969664856328,0.9619883040935673,0.636969664856328,0.9619883040935673,0.636969664856328,0.9619883040935673,0.636969664856328,0.9619883040935673,0.636969664856328,0.9619883040935673,0.636969664856328,0.9619883040935673,0.636969664856328,0.9619883040935673,0.636969664856328,0.9619883040935673,0.0,0.0,0.0,0.0,0.0,0.0,0.0,0.0,0.0,0.0,0.0,0.0,0.0,0.0
hc2/search/frame_drop_5/order1/26,hc2,search,12,frame_drop_5,order1,26,False,False,False,0.469312294232951,0.8191489361702128,0.469312294232951,0.8191489361702128,0.469312294232951,0.8191489361702128,0.469312294232951,0.8191489361702128,0.469312294232951,0.8191489361702128,0.469312294232951,0.8191489361702128,0.469312294232951,0.8191489361702128,0.469312294232951,0.8191489361702128,0.469312294232951,0.8191489361702128,0.0,0.0,0.0,0.0,0.0,0.0,0.0,0.0,0.0,0.0,0.0,0.0,0.0,0.0
hc2/search/frame_drop_5/order1/27,hc2,search,18,frame_drop_5,order1,27,False,False,False,0.13912157260860153,0.25,0.13912157260860153,0.25,0.13912157260860153,0.25,0.13912157260860153,0.25,0.13912157260860153,0.25,0.13912157260860153,0.25,0.13912157260860153,0.25,0.13912157260860153,0.25,0.13912157260860153,0.25,0.0,0.0,0.0,0.0,0.0,0.0,0.0,0.0,0.0,0.0,0.0,0.0,0.0,0.0
hc2/search/frame_drop_5/order1/28,hc2,search,3,frame_drop_5,order1,28,True,False,True,0.22461760369015663,0.5028901734104047,0.2383978247754423,0.5337423312883436,0.37727034406210774,0.8446601941747572,0.3084035352253738,0.6904761904761905,0.37727034406210774,0.8446601941747572,0.3500796886342081,0.7837837837837838,0.3622856582102568,0.8505747126436781,0.3265449196503958,0.7310924369747899,0.3979296898122943,0.9080459770114943,0.08378593153521716,0.18758601706578582,0.07000571044993148,0.15673385918784688,-0.06886680883673396,-0.15418400369856677,0.15265274037195112,0.3417700207643526,0.13887251928666544,0.31091786288641365,0.0,0.0,0.06886680883673396,0.15418400369856677
hc2/search/frame_drop_5/order1/29,hc2,search,6,frame_drop_5,order1,29,False,False,False,0.302082761760195,0.6896551724137931,0.302082761760195,0.6896551724137931,0.302082761760195,0.6896551724137931,0.302082761760195,0.6896551724137931,0.302082761760195,0.6896551724137931,0.302082761760195,0.6896551724137931,0.302082761760195,0.6896551724137931,0.302082761760195,0.6896551724137931,0.302082761760195,0.6896551724137931,0.0,0.0,0.0,0.0,0.0,0.0,0.0,0.0,0.0,0.0,0.0,0.0,0.0,0.0
hc2/search/frame_drop_5/order1/30,hc2,search,15,frame_drop_5,order1,30,False,False,False,0.06627665632622322,0.28044280442804426,0.06627665632622322,0.28044280442804426,0.06627665632622322,0.28044280442804426,0.06627665632622322,0.28044280442804426,0.06627665632622322,0.28044280442804426,0.06627665632622322,0.28044280442804426,0.06627665632622322,0.28044280442804426,0.06627665632622322,0.28044280442804426,0.06627665632622322,0.28044280442804426,0.0,0.0,0.0,0.0,0.0,0.0,0.0,0.0,0.0,0.0,0.0,0.0,0.0,0.0
hc2/search/frame_drop_5/order1/31,hc2,search,4,frame_drop_5,order1,31,False,False,False,0.0,0.0,0.0,0.0,0.0,0.0,0.0,0.0,0.0,0.0,0.0,0.0,0.0,0.0,0.0,0.0,0.0,0.0,0.0,0.0,0.0,0.0,0.0,0.0,0.0,0.0,0.0,0.0,0.0,0.0,0.0,0.0
hc2/search/frame_drop_5/order2/0,hc2,search,16,frame_drop_5,order2,0,True,False,True,0.17874414097171398,0.3803191489361702,0.19472829767177782,0.41032608695652173,0.3663906133478861,0.7896551724137931,0.19472829767177782,0.41032608695652173,0.3663906133478861,0.7896551724137931,0.2998686384146176,0.6385542168674698,0.42410682132322985,0.966542750929368,0.2981367451741945,0.6350148367952523,0.41485358158526847,0.9454545454545454,0.01598415670006384,0.030006938020351537,0.0,0.0,-0.17166231567610826,-0.3793290854572714,0.1876464723761721,0.40933602347762293,0.17166231567610826,0.3793290854572714,0.0,0.0,0.17166231567610826,0.3793290854572714
hc2/search/frame_drop_5/order2/1,hc2,search,2,frame_drop_5,order2,1,False,False,False,0.08233207188219954,0.16129032258064516,0.08233207188219954,0.16129032258064516,0.08233207188219954,0.16129032258064516,0.08233207188219954,0.16129032258064516,0.08233207188219954,0.16129032258064516,0.08233207188219954,0.16129032258064516,0.08233207188219954,0.16129032258064516,0.08233207188219954,0.16129032258064516,0.08233207188219954,0.16129032258064516,0.0,0.0,0.0,0.0,0.0,0.0,0.0,0.0,0.0,0.0,0.0,0.0,0.0,0.0
hc2/search/frame_drop_5/order2/2,hc2,search,27,frame_drop_5,order2,2,False,False,False,0.5960826494752165,0.875,0.5960826494752165,0.875,0.5960826494752165,0.875,0.5960826494752165,0.875,0.5960826494752165,0.875,0.5960826494752165,0.875,0.5960826494752165,0.875,0.5960826494752165,0.875,0.5960826494752165,0.875,0.0,0.0,0.0,0.0,0.0,0.0,0.0,0.0,0.0,0.0,0.0,0.0,0.0,0.0
hc2/search/frame_drop_5/order2/3,hc2,search,22,frame_drop_5,order2,3,False,False,False,0.07871785432363394,0.24316939890710382,0.07871785432363394,0.24316939890710382,0.07871785432363394,0.24316939890710382,0.07871785432363394,0.24316939890710382,0.07871785432363394,0.24316939890710382,0.07871785432363394,0.24316939890710382,0.07871785432363394,0.24316939890710382,0.07871785432363394,0.24316939890710382,0.07871785432363394,0.24316939890710382,0.0,0.0,0.0,0.0,0.0,0.0,0.0,0.0,0.0,0.0,0.0,0.0,0.0,0.0
hc2/search/frame_drop_5/order2/4,hc2,search,23,frame_drop_5,order2,4,True,False,True,0.11537296963837254,0.8538205980066446,0.11299813835695557,0.8280254777070064,0.11537296963837254,0.8538205980066446,0.09828646937419404,0.7202216066481995,0.13254680863034402,0.9809160305343512,0.1046649423129323,0.7669616519174042,0.13267292313381984,0.8522727272727273,0.1025474434800117,0.7514450867052023,0.13217227059369221,0.8716981132075472,-0.017086500264178503,-0.1335989913584451,-0.014711668982761536,-0.10780387105880695,-0.017086500264178503,-0.1335989913584451,0.017173838991971474,0.1270954325277066,0.01954867027338844,0.15289055282734476,0.017173838991971474,0.1270954325277066,0.03426033925614998,0.2606944238861517
hc2/search/frame_drop_5/order2/5,hc2,search,26,frame_drop_5,order2,5,False,False,False,0.2065315193040855,0.4473684210526316,0.2065315193040855,0.4473684210526316,0.2065315193040855,0.4473684210526316,0.2065315193040855,0.4473684210526316,0.2065315193040855,0.4473684210526316,0.2065315193040855,0.4473684210526316,0.2065315193040855,0.4473684210526316,0.2065315193040855,0.4473684210526316,0.2065315193040855,0.4473684210526316,0.0,0.0,0.0,0.0,0.0,0.0,0.0,0.0,0.0,0.0,0.0,0.0,0.0,0.0
hc2/search/frame_drop_5/order2/6,hc2,search,15,frame_drop_5,order2,6,False,False,False,0.06533151010467352,0.28044280442804426,0.06533151010467352,0.28044280442804426,0.06533151010467352,0.28044280442804426,0.06533151010467352,0.28044280442804426,0.06533151010467352,0.28044280442804426,0.06533151010467352,0.28044280442804426,0.06533151010467352,0.28044280442804426,0.06533151010467352,0.28044280442804426,0.06533151010467352,0.28044280442804426,0.0,0.0,0.0,0.0,0.0,0.0,0.0,0.0,0.0,0.0,0.0,0.0,0.0,0.0
hc2/search/frame_drop_5/order2/7,hc2,search,12,frame_drop_5,order2,7,False,False,False,0.4742992754940312,0.8191489361702128,0.4742992754940312,0.8191489361702128,0.4742992754940312,0.8191489361702128,0.4742992754940312,0.8191489361702128,0.4742992754940312,0.8191489361702128,0.4742992754940312,0.8191489361702128,0.4742992754940312,0.8191489361702128,0.4742992754940312,0.8191489361702128,0.4742992754940312,0.8191489361702128,0.0,0.0,0.0,0.0,0.0,0.0,0.0,0.0,0.0,0.0,0.0,0.0,0.0,0.0
hc2/search/frame_drop_5/order2/8,hc2,search,5,frame_drop_5,order2,8,True,False,True,0.2364248564007442,0.46996466431095407,0.20908823237940816,0.415625,0.35401182201804554,0.7037037037037037,0.10118453590424144,0.20599250936329588,0.35401182201804554,0.7037037037037037,0.058542787498654394,0.11977715877437325,0.4551580568803443,0.9047619047619048,0.062437361845837834,0.12742382271468145,0.44310088981066625,0.8807947019867549,-0.13524032049650275,-0.2639721549476582,-0.10790369647516672,-0.20963249063670414,-0.2528272861138041,-0.49771119434040784,0.11758696561730134,0.23373903939274965,0.14492358963863738,0.2880787037037037,0.0,0.0,0.2528272861138041,0.49771119434040784
hc2/search/frame_drop_5/order2/9,hc2,search,17,frame_drop_5,order2,9,False,False,False,0.28719023087804213,0.4533678756476684,0.28719023087804213,0.4533678756476684,0.28719023087804213,0.4533678756476684,0.28719023087804213,0.4533678756476684,0.28719023087804213,0.4533678756476684,0.28719023087804213,0.4533678756476684,0.28719023087804213,0.4533678756476684,0.28719023087804213,0.4533678756476684,0.28719023087804213,0.4533678756476684,0.0,0.0,0.0,0.0,0.0,0.0,0.0,0.0,0.0,0.0,0.0,0.0,0.0,0.0
hc2/search/frame_drop_5/order2/10,hc2,search,11,frame_drop_5,order2,10,False,False,False,0.22839360153185986,0.7013698630136986,0.22839360153185986,0.7013698630136986,0.22839360153185986,0.7013698630136986,0.22839360153185986,0.7013698630136986,0.22839360153185986,0.7013698630136986,0.22839360153185986,0.7013698630136986,0.22839360153185986,0.7013698630136986,0.22839360153185986,0.7013698630136986,0.22839360153185986,0.7013698630136986,0.0,0.0,0.0,0.0,0.0,0.0,0.0,0.0,0.0,0.0,0.0,0.0,0.0,0.0
hc2/search/frame_drop_5/order2/11,hc2,search,3,frame_drop_5,order2,11,False,False,False,0.21848795843969468,0.5028901734104047,0.21848795843969468,0.5028901734104047,0.21848795843969468,0.5028901734104047,0.21848795843969468,0.5028901734104047,0.21848795843969468,0.5028901734104047,0.21848795843969468,0.5028901734104047,0.21848795843969468,0.5028901734104047,0.21848795843969468,0.5028901734104047,0.21848795843969468,0.5028901734104047,0.0,0.0,0.0,0.0,0.0,0.0,0.0,0.0,0.0,0.0,0.0,0.0,0.0,0.0
hc2/search/frame_drop_5/order2/12,hc2,search,1,frame_drop_5,order2,12,True,False,True,0.37744956451712264,0.6735537190082644,0.4202440915421617,0.7520661157024794,0.37744956451712264,0.6735537190082644,0.2330173331967951,0.41581632653061223,0.37744956451712264,0.6735537190082644,0.18134687542124156,0.32112068965517243,0.4789879970812184,0.8564102564102564,0.1841432174088226,0.3269230769230769,0.46814280336845643,0.8390243902439024,-0.14443223132032754,-0.2577373924776522,-0.1872267583453666,-0.33624978917186715,-0.14443223132032754,-0.2577373924776522,0.0,0.0,-0.04279452702503905,-0.07851239669421495,0.0,0.0,0.14443223132032754,0.2577373924776522
hc2/search/frame_drop_5/order2/13,hc2,search,9,frame_drop_5,order2,13,False,False,False,0.0,0.0,0.0,0.0,0.0,0.0,0.0,0.0,0.0,0.0,0.0,0.0,0.0,0.0,0.0,0.0,0.0,0.0,0.0,0.0,0.0,0.0,0.0,0.0,0.0,0.0,0.0,0.0,0.0,0.0,0.0,0.0
hc2/search/frame_drop_5/order2/14,hc2,search,14,frame_drop_5,order2,14,False,False,False,0.4701668696760254,0.7486033519553073,0.4701668696760254,0.7486033519553073,0.4701668696760254,0.7486033519553073,0.4701668696760254,0.7486033519553073,0.4701668696760254,0.7486033519553073,0.4701668696760254,0.7486033519553073,0.4701668696760254,0.7486033519553073,0.4701668696760254,0.7486033519553073,0.4701668696760254,0.7486033519553073,0.0,0.0,0.0,0.0,0.0,0.0,0.0,0.0,0.0,0.0,0.0,0.0,0.0,0.0
hc2/search/frame_drop_5/order2/15,hc2,search,31,frame_drop_5,order2,15,False,False,False,0.4324475307756506,0.6885964912280702,0.4324475307756506,0.6885964912280702,0.4324475307756506,0.6885964912280702,0.4324475307756506,0.6885964912280702,0.4324475307756506,0.6885964912280702,0.4324475307756506,0.6885964912280702,0.4324475307756506,0.6885964912280702,0.4324475307756506,0.6885964912280702,0.4324475307756506,0.6885964912280702,0.0,0.0,0.0,0.0,0.0,0.0,0.0,0.0,0.0,0.0,0.0,0.0,0.0,0.0
hc2/search/frame_drop_5/order2/16,hc2,search,20,frame_drop_5,order2,16,True,False,True,0.5595546030589322,0.890295358649789,0.5013753409067807,0.8,0.5595546030589322,0.890295358649789,0.027418384898868928,0.045317220543806644,0.5595546030589322,0.890295358649789,0.0,0.0,0.5929468313291698,0.9375,0.0,0.0,0.5908326824047639,0.9344262295081968,-0.5321362181600633,-0.8449781381059824,-0.47395695600791177,-0.7546827794561934,-0.5321362181600633,-0.8449781381059824,0.0,0.0,0.05817926215215152,0.09029535864978899,0.0,0.0,0.5321362181600633,0.8449781381059824
hc2/search/frame_drop_5/order2/17,hc2,search,0,frame_drop_5,order2,17,False,False,False,0.21257882359869693,0.3778801843317972,0.21257882359869693,0.3778801843317972,0.21257882359869693,0.3778801843317972,0.21257882359869693,0.3778801843317972,0.21257882359869693,0.3778801843317972,0.21257882359869693,0.3778801843317972,0.21257882359869693,0.3778801843317972,0.21257882359869693,0.3778801843317972,0.21257882359869693,0.3778801843317972,0.0,0.0,0.0,0.0,0.0,0.0,0.0,0.0,0.0,0.0,0.0,0.0,0.0,0.0
hc2/search/frame_drop_5/order2/18,hc2,search,24,frame_drop_5,order2,18,False,False,False,0.019196715154038622,0.30842911877394635,0.019196715154038622,0.30842911877394635,0.019196715154038622,0.30842911877394635,0.019196715154038622,0.30842911877394635,0.019196715154038622,0.30842911877394635,0.019196715154038622,0.30842911877394635,0.019196715154038622,0.30842911877394635,0.019196715154038622,0.30842911877394635,0.019196715154038622,0.30842911877394635,0.0,0.0,0.0,0.0,0.0,0.0,0.0,0.0,0.0,0.0,0.0,0.0,0.0,0.0
hc2/search/frame_drop_5/order2/19,hc2,search,6,frame_drop_5,order2,19,False,False,False,0.30849776991754324,0.6896551724137931,0.30849776991754324,0.6896551724137931,0.30849776991754324,0.6896551724137931,0.30849776991754324,0.6896551724137931,0.30849776991754324,0.6896551724137931,0.30849776991754324,0.6896551724137931,0.30849776991754324,0.6896551724137931,0.30849776991754324,0.6896551724137931,0.30849776991754324,0.6896551724137931,0.0,0.0,0.0,0.0,0.0,0.0,0.0,0.0,0.0,0.0,0.0,0.0,0.0,0.0
hc2/search/frame_drop_5/order2/20,hc2,search,4,frame_drop_5,order2,20,True,False,True,0.0,0.0,0.0,0.0,0.0,0.0,0.0,0.0,0.0,0.0,0.0,0.0,0.36735256525556503,0.8053691275167785,0.0,0.0,0.39396201680109005,0.8456375838926175,0.0,0.0,0.0,0.0,0.0,0.0,0.0,0.0,0.0,0.0,0.0,0.0,0.0,0.0
hc2/search/frame_drop_5/order2/21,hc2,search,28,frame_drop_5,order2,21,False,False,False,0.45440113415673444,0.6243093922651933,0.45440113415673444,0.6243093922651933,0.45440113415673444,0.6243093922651933,0.45440113415673444,0.6243093922651933,0.45440113415673444,0.6243093922651933,0.45440113415673444,0.6243093922651933,0.45440113415673444,0.6243093922651933,0.45440113415673444,0.6243093922651933,0.45440113415673444,0.6243093922651933,0.0,0.0,0.0,0.0,0.0,0.0,0.0,0.0,0.0,0.0,0.0,0.0,0.0,0.0
hc2/search/frame_drop_5/order2/22,hc2,search,30,frame_drop_5,order2,22,False,False,False,0.5731813093374064,0.8242424242424242,0.5731813093374064,0.8242424242424242,0.5731813093374064,0.8242424242424242,0.5731813093374064,0.8242424242424242,0.5731813093374064,0.8242424242424242,0.5731813093374064,0.8242424242424242,0.5731813093374064,0.8242424242424242,0.5731813093374064,0.8242424242424242,0.5731813093374064,0.8242424242424242,0.0,0.0,0.0,0.0,0.0,0.0,0.0,0.0,0.0,0.0,0.0,0.0,0.0,0.0
hc2/search/frame_drop_5/order2/23,hc2,search,25,frame_drop_5,order2,23,False,False,False,0.2306522128336626,0.6883116883116883,0.2306522128336626,0.6883116883116883,0.2306522128336626,0.6883116883116883,0.2306522128336626,0.6883116883116883,0.2306522128336626,0.6883116883116883,0.2306522128336626,0.6883116883116883,0.2306522128336626,0.6883116883116883,0.2306522128336626,0.6883116883116883,0.2306522128336626,0.6883116883116883,0.0,0.0,0.0,0.0,0.0,0.0,0.0,0.0,0.0,0.0,0.0,0.0,0.0,0.0
hc2/search/frame_drop_5/order2/24,hc2,search,29,frame_drop_5,order2,24,True,False,True,0.23042226075677325,0.4232209737827715,0.21739485378819243,0.3992932862190813,0.24511053235879862,0.450199203187251,0.23042226075677325,0.4232209737827715,0.24511053235879862,0.450199203187251,0.19718828083993095,0.36217948717948717,0.4523731148680769,0.8308823529411765,0.19165963745189551,0.35202492211838005,0.4332587579018201,0.795774647887324,0.0,0.0,0.013027406968580818,0.023927687563690236,-0.014688271602025377,-0.02697822940447947,0.014688271602025377,0.02697822940447947,0.027715678570606195,0.05090591696816971,0.0,0.0,0.014688271602025377,0.02697822940447947
hc2/search/frame_drop_5/order2/25,hc2,search,21,frame_drop_5,order2,25,False,False,False,0.5979053802108574,0.8664688427299704,0.5979053802108574,0.8664688427299704,0.5979053802108574,0.8664688427299704,0.5979053802108574,0.8664688427299704,0.5979053802108574,0.8664688427299704,0.5979053802108574,0.8664688427299704,0.5979053802108574,0.8664688427299704,0.5979053802108574,0.8664688427299704,0.5979053802108574,0.8664688427299704,0.0,0.0,0.0,0.0,0.0,0.0,0.0,0.0,0.0,0.0,0.0,0.0,0.0,0.0
hc2/search/frame_drop_5/order2/26,hc2,search,19,frame_drop_5,order2,26,False,False,False,0.5921183283837613,0.8853754940711462,0.5921183283837613,0.8853754940711462,0.5921183283837613,0.8853754940711462,0.5921183283837613,0.8853754940711462,0.5921183283837613,0.8853754940711462,0.5921183283837613,0.8853754940711462,0.5921183283837613,0.8853754940711462,0.5921183283837613,0.8853754940711462,0.5921183283837613,0.8853754940711462,0.0,0.0,0.0,0.0,0.0,0.0,0.0,0.0,0.0,0.0,0.0,0.0,0.0,0.0
hc2/search/frame_drop_5/order2/27,hc2,search,18,frame_drop_5,order2,27,False,False,False,0.14840128619597906,0.25,0.14840128619597906,0.25,0.14840128619597906,0.25,0.14840128619597906,0.25,0.14840128619597906,0.25,0.14840128619597906,0.25,0.14840128619597906,0.25,0.14840128619597906,0.25,0.14840128619597906,0.25,0.0,0.0,0.0,0.0,0.0,0.0,0.0,0.0,0.0,0.0,0.0,0.0,0.0,0.0
hc2/search/frame_drop_5/order2/28,hc2,search,8,frame_drop_5,order2,28,True,False,True,0.6438461607897362,0.7551020408163265,0.8071748392884875,0.9770114942528736,0.6810165004036249,0.7988338192419825,0.05424196332713374,0.0645933014354067,0.6810165004036249,0.7988338192419825,0.03301107963588752,0.03917525773195876,0.7830410187302924,0.9475218658892128,0.03274105035461237,0.03885480572597137,0.7923160434328779,0.9591836734693877,-0.5896041974626025,-0.6905087393809197,-0.7529328759613538,-0.9124181928174668,-0.6267745370764912,-0.7342405178065758,0.037170339613888714,0.04373177842565601,-0.1261583388848626,-0.1781776750108911,0.0,0.0,0.6267745370764912,0.7342405178065758
hc2/search/frame_drop_5/order2/29,hc2,search,7,frame_drop_5,order2,29,False,False,False,0.6474999371672208,0.9619883040935673,0.6474999371672208,0.9619883040935673,0.6474999371672208,0.9619883040935673,0.6474999371672208,0.9619883040935673,0.6474999371672208,0.9619883040935673,0.6474999371672208,0.9619883040935673,0.6474999371672208,0.9619883040935673,0.6474999371672208,0.9619883040935673,0.6474999371672208,0.9619883040935673,0.0,0.0,0.0,0.0,0.0,0.0,0.0,0.0,0.0,0.0,0.0,0.0,0.0,0.0
hc2/search/frame_drop_5/order2/30,hc2,search,10,frame_drop_5,order2,30,False,False,False,0.2789534753843917,0.3598326359832636,0.2789534753843917,0.3598326359832636,0.2789534753843917,0.3598326359832636,0.2789534753843917,0.3598326359832636,0.2789534753843917,0.3598326359832636,0.2789534753843917,0.3598326359832636,0.2789534753843917,0.3598326359832636,0.2789534753843917,0.3598326359832636,0.2789534753843917,0.3598326359832636,0.0,0.0,0.0,0.0,0.0,0.0,0.0,0.0,0.0,0.0,0.0,0.0,0.0,0.0
hc2/search/frame_drop_5/order2/31,hc2,search,13,frame_drop_5,order2,31,False,False,False,0.34979149177508323,0.5476190476190477,0.34979149177508323,0.5476190476190477,0.34979149177508323,0.5476190476190477,0.34979149177508323,0.5476190476190477,0.34979149177508323,0.5476190476190477,0.34979149177508323,0.5476190476190477,0.34979149177508323,0.5476190476190477,0.34979149177508323,0.5476190476190477,0.34979149177508323,0.5476190476190477,0.0,0.0,0.0,0.0,0.0,0.0,0.0,0.0,0.0,0.0,0.0,0.0,0.0,0.0
hc2/search/frame_freeze_5/order1/0,hc2,search,2,frame_freeze_5,order1,0,True,False,True,0.1639435272913389,0.31100478468899523,0.1834700132084291,0.3686635944700461,0.3134881328049537,0.6299212598425197,0.3134881328049537,0.6299212598425197,0.3134881328049537,0.6299212598425197,0.4017337115184559,0.7622950819672131,0.510090656610255,0.968421052631579,0.3799342077926482,0.7209302325581395,0.4950657859116325,0.9393939393939394,0.1495446055136148,0.31891647515352445,0.1300181195965246,0.2612576653724736,0.0,0.0,0.1495446055136148,0.31891647515352445,0.1300181195965246,0.2612576653724736,0.0,0.0,0.0,0.0
hc2/search/frame_freeze_5/order1/1,hc2,search,0,frame_freeze_5,order1,1,False,False,False,0.19437374287619003,0.3778801843317972,0.19437374287619003,0.3778801843317972,0.19437374287619003,0.3778801843317972,0.19437374287619003,0.3778801843317972,0.19437374287619003,0.3778801843317972,0.19437374287619003,0.3778801843317972,0.19437374287619003,0.3778801843317972,0.19437374287619003,0.3778801843317972,0.19437374287619003,0.3778801843317972,0.0,0.0,0.0,0.0,0.0,0.0,0.0,0.0,0.0,0.0,0.0,0.0,0.0,0.0
hc2/search/frame_freeze_5/order1/2,hc2,search,25,frame_freeze_5,order1,2,False,False,False,0.24424137985099537,0.6883116883116883,0.24424137985099537,0.6883116883116883,0.24424137985099537,0.6883116883116883,0.24424137985099537,0.6883116883116883,0.24424137985099537,0.6883116883116883,0.24424137985099537,0.6883116883116883,0.24424137985099537,0.6883116883116883,0.24424137985099537,0.6883116883116883,0.24424137985099537,0.6883116883116883,0.0,0.0,0.0,0.0,0.0,0.0,0.0,0.0,0.0,0.0,0.0,0.0,0.0,0.0
hc2/search/frame_freeze_5/order1/3,hc2,search,22,frame_freeze_5,order1,3,False,False,False,0.0711807338248652,0.2870967741935484,0.0711807338248652,0.2870967741935484,0.0711807338248652,0.2870967741935484,0.0711807338248652,0.2870967741935484,0.0711807338248652,0.2870967741935484,0.0711807338248652,0.2870967741935484,0.0711807338248652,0.2870967741935484,0.0711807338248652,0.2870967741935484,0.0711807338248652,0.2870967741935484,0.0,0.0,0.0,0.0,0.0,0.0,0.0,0.0,0.0,0.0,0.0,0.0,0.0,0.0
hc2/search/frame_freeze_5/order1/4,hc2,search,27,frame_freeze_5,order1,4,True,False,True,0.5673238389124271,0.7426470588235294,0.25691825175963273,0.32987012987012987,0.5916013502193675,0.7757352941176471,0.41796251236277393,0.548051948051948,0.5916013502193675,0.7757352941176471,0.38011434689006895,0.4975247524752475,0.689995612248092,0.9193548387096774,0.37363700770987934,0.4891041162227603,0.7095586316487782,0.9437751004016064,-0.14936132654965317,-0.19459511077158143,0.1610442606031412,0.21818181818181814,-0.17363883785659362,-0.22768334606569907,0.024277511306940447,0.03308823529411764,0.3346830984597348,0.4458651642475172,0.0,0.0,0.17363883785659362,0.22768334606569907
hc2/search/frame_freeze_5/order1/5,hc2,search,31,frame_freeze_5,order1,5,False,False,False,0.4897323726932354,0.8092105263157895,0.4897323726932354,0.8092105263157895,0.4897323726932354,0.8092105263157895,0.4897323726932354,0.8092105263157895,0.4897323726932354,0.8092105263157895,0.4897323726932354,0.8092105263157895,0.4897323726932354,0.8092105263157895,0.4897323726932354,0.8092105263157895,0.4897323726932354,0.8092105263157895,0.0,0.0,0.0,0.0,0.0,0.0,0.0,0.0,0.0,0.0,0.0,0.0,0.0,0.0
hc2/search/frame_freeze_5/order1/6,hc2,search,11,frame_freeze_5,order1,6,False,False,False,0.2441089981313774,0.8641114982578397,0.2441089981313774,0.8641114982578397,0.2441089981313774,0.8641114982578397,0.2441089981313774,0.8641114982578397,0.2441089981313774,0.8641114982578397,0.2441089981313774,0.8641114982578397,0.2441089981313774,0.8641114982578397,0.2441089981313774,0.8641114982578397,0.2441089981313774,0.8641114982578397,0.0,0.0,0.0,0.0,0.0,0.0,0.0,0.0,0.0,0.0,0.0,0.0,0.0,0.0
hc2/search/frame_freeze_5/order1/7,hc2,search,30,frame_freeze_5,order1,7,False,False,False,0.5299705660736331,0.723404255319149,0.5299705660736331,0.723404255319149,0.5299705660736331,0.723404255319149,0.5299705660736331,0.723404255319149,0.5299705660736331,0.723404255319149,0.5299705660736331,0.723404255319149,0.5299705660736331,0.723404255319149,0.5299705660736331,0.723404255319149,0.5299705660736331,0.723404255319149,0.0,0.0,0.0,0.0,0.0,0.0,0.0,0.0,0.0,0.0,0.0,0.0,0.0,0.0
hc2/search/frame_freeze_5/order1/8,hc2,search,26,frame_freeze_5,order1,8,True,False,True,0.11513042968418735,0.40476190476190477,0.11576983538376537,0.4272300469483568,0.12724942228252287,0.4473684210526316,0.11855276411895203,0.4375,0.11890519787055415,0.4180327868852459,0.06862491960322088,0.20098039215686275,0.2197944566698122,0.7727272727272727,0.06888512437015146,0.21153846153846154,0.20431597380574093,0.7183098591549296,0.0034223344347646817,0.03273809523809523,0.0027829287351866655,0.010269953051643188,-0.008696658163570833,-0.009868421052631582,0.003774768186366795,0.013270882123341154,0.0031353624867887786,-0.00919726006311089,-0.00834422441196872,-0.02933563416738566,0.0003524337516021131,-0.01946721311475408
hc2/search/frame_freeze_5/order1/9,hc2,search,24,frame_freeze_5,order1,9,False,False,False,0.01773468622248882,0.342911877394636,0.01773468622248882,0.342911877394636,0.01773468622248882,0.342911877394636,0.01773468622248882,0.342911877394636,0.01773468622248882,0.342911877394636,0.01773468622248882,0.342911877394636,0.01773468622248882,0.342911877394636,0.01773468622248882,0.342911877394636,0.01773468622248882,0.342911877394636,0.0,0.0,0.0,0.0,0.0,0.0,0.0,0.0,0.0,0.0,0.0,0.0,0.0,0.0
hc2/search/frame_freeze_5/order1/10,hc2,search,19,frame_freeze_5,order1,10,False,False,False,0.5680518796104347,0.8115942028985508,0.5680518796104347,0.8115942028985508,0.5680518796104347,0.8115942028985508,0.5680518796104347,0.8115942028985508,0.5680518796104347,0.8115942028985508,0.5680518796104347,0.8115942028985508,0.5680518796104347,0.8115942028985508,0.5680518796104347,0.8115942028985508,0.5680518796104347,0.8115942028985508,0.0,0.0,0.0,0.0,0.0,0.0,0.0,0.0,0.0,0.0,0.0,0.0,0.0,0.0
hc2/search/frame_freeze_5/order1/11,hc2,search,13,frame_freeze_5,order1,11,False,False,False,0.35342900175122854,0.5476190476190477,0.35342900175122854,0.5476190476190477,0.35342900175122854,0.5476190476190477,0.35342900175122854,0.5476190476190477,0.35342900175122854,0.5476190476190477,0.35342900175122854,0.5476190476190477,0.35342900175122854,0.5476190476190477,0.35342900175122854,0.5476190476190477,0.35342900175122854,0.5476190476190477,0.0,0.0,0.0,0.0,0.0,0.0,0.0,0.0,0.0,0.0,0.0,0.0,0.0,0.0
hc2/search/frame_freeze_5/order1/12,hc2,search,14,frame_freeze_5,order1,12,True,False,True,0.48974393936176264,0.7175141242937854,0.41934452807021205,0.6175115207373272,0.5652034943555032,0.8322981366459627,0.35456698818111443,0.5084745762711864,0.48974393936176264,0.7175141242937854,0.291219521696066,0.40350877192982454,0.610707114006895,0.8958333333333334,0.2890947277717377,0.4011299435028249,0.6026341893459338,0.8874172185430463,-0.1351769511806482,-0.20903954802259894,-0.06477753988909762,-0.10903694446614076,-0.21063650617438878,-0.32382356037477633,0.0,0.0,0.07039941129155058,0.10000260355645818,-0.07545955499374057,-0.11478401235217739,0.1351769511806482,0.20903954802259894
hc2/search/frame_freeze_5/order1/13,hc2,search,16,frame_freeze_5,order1,13,False,False,False,0.17380607982308818,0.3515625,0.17380607982308818,0.3515625,0.17380607982308818,0.3515625,0.17380607982308818,0.3515625,0.17380607982308818,0.3515625,0.17380607982308818,0.3515625,0.17380607982308818,0.3515625,0.17380607982308818,0.3515625,0.17380607982308818,0.3515625,0.0,0.0,0.0,0.0,0.0,0.0,0.0,0.0,0.0,0.0,0.0,0.0,0.0,0.0
hc2/search/frame_freeze_5/order1/14,hc2,search,17,frame_freeze_5,order1,14,False,False,False,0.2969712551147095,0.4533678756476684,0.2969712551147095,0.4533678756476684,0.2969712551147095,0.4533678756476684,0.2969712551147095,0.4533678756476684,0.2969712551147095,0.4533678756476684,0.2969712551147095,0.4533678756476684,0.2969712551147095,0.4533678756476684,0.2969712551147095,0.4533678756476684,0.2969712551147095,0.4533678756476684,0.0,0.0,0.0,0.0,0.0,0.0,0.0,0.0,0.0,0.0,0.0,0.0,0.0,0.0
hc2/search/frame_freeze_5/order1/15,hc2,search,23,frame_freeze_5,order1,15,False,False,False,0.07546928207652726,0.6753246753246753,0.07546928207652726,0.6753246753246753,0.07546928207652726,0.6753246753246753,0.07546928207652726,0.6753246753246753,0.07546928207652726,0.6753246753246753,0.07546928207652726,0.6753246753246753,0.07546928207652726,0.6753246753246753,0.07546928207652726,0.6753246753246753,0.07546928207652726,0.6753246753246753,0.0,0.0,0.0,0.0,0.0,0.0,0.0,0.0,0.0,0.0,0.0,0.0,0.0,0.0
hc2/search/frame_freeze_5/order1/16,hc2,search,29,frame_freeze_5,order1,16,True,False,True,0.2232153483334047,0.4232209737827715,0.2055120620862726,0.3896551724137931,0.23744421515943845,0.450199203187251,0.2232153483334047,0.4232209737827715,0.23744421515943845,0.450199203187251,0.17790596419408672,0.3373134328358209,0.44147035559273373,0.837037037037037,0.17426461404976332,0.3304093567251462,0.41970773242971166,0.795774647887324,0.0,0.0,0.017703286247132105,0.03356580136897841,-0.014228866826033748,-0.02697822940447947,0.014228866826033748,0.02697822940447947,0.03193215307316585,0.06054403077345788,0.0,0.0,0.014228866826033748,0.02697822940447947
hc2/search/frame_freeze_5/order1/17,hc2,search,9,frame_freeze_5,order1,17,False,False,False,0.0,0.0,0.0,0.0,0.0,0.0,0.0,0.0,0.0,0.0,0.0,0.0,0.0,0.0,0.0,0.0,0.0,0.0,0.0,0.0,0.0,0.0,0.0,0.0,0.0,0.0,0.0,0.0,0.0,0.0,0.0,0.0
hc2/search/frame_freeze_5/order1/18,hc2,search,5,frame_freeze_5,order1,18,False,False,False,0.23044380036638304,0.46996466431095407,0.23044380036638304,0.46996466431095407,0.23044380036638304,0.46996466431095407,0.23044380036638304,0.46996466431095407,0.23044380036638304,0.46996466431095407,0.23044380036638304,0.46996466431095407,0.23044380036638304,0.46996466431095407,0.23044380036638304,0.46996466431095407,0.23044380036638304,0.46996466431095407,0.0,0.0,0.0,0.0,0.0,0.0,0.0,0.0,0.0,0.0,0.0,0.0,0.0,0.0
hc2/search/frame_freeze_5/order1/19,hc2,search,8,frame_freeze_5,order1,19,False,False,False,0.7035847199135175,0.8250728862973761,0.7035847199135175,0.8250728862973761,0.7035847199135175,0.8250728862973761,0.7035847199135175,0.8250728862973761,0.7035847199135175,0.8250728862973761,0.7035847199135175,0.8250728862973761,0.7035847199135175,0.8250728862973761,0.7035847199135175,0.8250728862973761,0.7035847199135175,0.8250728862973761,0.0,0.0,0.0,0.0,0.0,0.0,0.0,0.0,0.0,0.0,0.0,0.0,0.0,0.0
hc2/search/frame_freeze_5/order1/20,hc2,search,28,frame_freeze_5,order1,20,True,False,True,0.43467003571266943,0.6243093922651933,0.3993668856040262,0.5736040609137056,0.49794478774679224,0.7151898734177216,0.28609191441452064,0.4109090909090909,0.49794478774679224,0.7151898734177216,0.2341526085237892,0.33630952380952384,0.6448793152786325,0.9262295081967213,0.2280442796057773,0.32753623188405795,0.6244069560634379,0.8968253968253969,-0.1485781212981488,-0.21340030135610244,-0.11327497118950558,-0.16269497000461475,-0.2118528733322716,-0.30428078250863067,0.0632747520341228,0.09088048115252823,0.09857790214276602,0.14158581250401592,0.0,0.0,0.2118528733322716,0.30428078250863067
hc2/search/frame_freeze_5/order1/21,hc2,search,10,frame_freeze_5,order1,21,False,False,False,0.27190453054113106,0.3598326359832636,0.27190453054113106,0.3598326359832636,0.27190453054113106,0.3598326359832636,0.27190453054113106,0.3598326359832636,0.27190453054113106,0.3598326359832636,0.27190453054113106,0.3598326359832636,0.27190453054113106,0.3598326359832636,0.27190453054113106,0.3598326359832636,0.27190453054113106,0.3598326359832636,0.0,0.0,0.0,0.0,0.0,0.0,0.0,0.0,0.0,0.0,0.0,0.0,0.0,0.0
hc2/search/frame_freeze_5/order1/22,hc2,search,21,frame_freeze_5,order1,22,False,False,False,0.589644417291009,0.8761329305135952,0.589644417291009,0.8761329305135952,0.589644417291009,0.8761329305135952,0.589644417291009,0.8761329305135952,0.589644417291009,0.8761329305135952,0.589644417291009,0.8761329305135952,0.589644417291009,0.8761329305135952,0.589644417291009,0.8761329305135952,0.589644417291009,0.8761329305135952,0.0,0.0,0.0,0.0,0.0,0.0,0.0,0.0,0.0,0.0,0.0,0.0,0.0,0.0
hc2/search/frame_freeze_5/order1/23,hc2,search,20,frame_freeze_5,order1,23,False,False,False,0.5466643269970096,0.890295358649789,0.5466643269970096,0.890295358649789,0.5466643269970096,0.890295358649789,0.5466643269970096,0.890295358649789,0.5466643269970096,0.890295358649789,0.5466643269970096,0.890295358649789,0.5466643269970096,0.890295358649789,0.5466643269970096,0.890295358649789,0.5466643269970096,0.890295358649789,0.0,0.0,0.0,0.0,0.0,0.0,0.0,0.0,0.0,0.0,0.0,0.0,0.0,0.0
hc2/search/frame_freeze_5/order1/24,hc2,search,1,frame_freeze_5,order1,24,True,False,True,0.3775206810498057,0.6735537190082644,0.421289358697112,0.7520661157024794,0.3775206810498057,0.6735537190082644,0.2330612367705433,0.41581632653061223,0.3775206810498057,0.6735537190082644,0.183161736173851,0.32553191489361705,0.48205813928435076,0.8615384615384616,0.18047382809582804,0.32075471698113206,0.49286484600846164,0.882051282051282,-0.14445944427926238,-0.2577373924776522,-0.18822812192656868,-0.33624978917186715,-0.14445944427926238,-0.2577373924776522,0.0,0.0,-0.0437686776473063,-0.07851239669421495,0.0,0.0,0.14445944427926238,0.2577373924776522
hc2/search/frame_freeze_5/order1/25,hc2,search,7,frame_freeze_5,order1,25,False,False,False,0.6349406523793477,0.9619883040935673,0.6349406523793477,0.9619883040935673,0.6349406523793477,0.9619883040935673,0.6349406523793477,0.9619883040935673,0.6349406523793477,0.9619883040935673,0.6349406523793477,0.9619883040935673,0.6349406523793477,0.9619883040935673,0.6349406523793477,0.9619883040935673,0.6349406523793477,0.9619883040935673,0.0,0.0,0.0,0.0,0.0,0.0,0.0,0.0,0.0,0.0,0.0,0.0,0.0,0.0
hc2/search/frame_freeze_5/order1/26,hc2,search,12,frame_freeze_5,order1,26,False,False,False,0.4692148292390674,0.8191489361702128,0.4692148292390674,0.8191489361702128,0.4692148292390674,0.8191489361702128,0.4692148292390674,0.8191489361702128,0.4692148292390674,0.8191489361702128,0.4692148292390674,0.8191489361702128,0.4692148292390674,0.8191489361702128,0.4692148292390674,0.8191489361702128,0.4692148292390674,0.8191489361702128,0.0,0.0,0.0,0.0,0.0,0.0,0.0,0.0,0.0,0.0,0.0,0.0,0.0,0.0
hc2/search/frame_freeze_5/order1/27,hc2,search,18,frame_freeze_5,order1,27,False,False,False,0.23323992231741947,0.35435435435435436,0.23323992231741947,0.35435435435435436,0.23323992231741947,0.35435435435435436,0.23323992231741947,0.35435435435435436,0.23323992231741947,0.35435435435435436,0.23323992231741947,0.35435435435435436,0.23323992231741947,0.35435435435435436,0.23323992231741947,0.35435435435435436,0.23323992231741947,0.35435435435435436,0.0,0.0,0.0,0.0,0.0,0.0,0.0,0.0,0.0,0.0,0.0,0.0,0.0,0.0
hc2/search/frame_freeze_5/order1/28,hc2,search,3,frame_freeze_5,order1,28,True,False,True,0.22462897219108036,0.5028901734104047,0.23840989073041044,0.5337423312883436,0.3772894387287078,0.8446601941747572,0.30841914435759443,0.6904761904761905,0.3772894387287078,0.8446601941747572,0.3532801108096082,0.7909090909090909,0.3624662283079844,0.8505747126436781,0.32656144696686473,0.7310924369747899,0.3980828067417875,0.9080459770114943,0.08379017216651408,0.18758601706578582,0.07000925362718399,0.15673385918784688,-0.06887029437111336,-0.15418400369856677,0.15266046653762744,0.3417700207643526,0.13887954799829735,0.31091786288641365,0.0,0.0,0.06887029437111336,0.15418400369856677
hc2/search/frame_freeze_5/order1/29,hc2,search,6,frame_freeze_5,order1,29,False,False,False,0.30395531628602385,0.6896551724137931,0.30395531628602385,0.6896551724137931,0.30395531628602385,0.6896551724137931,0.30395531628602385,0.6896551724137931,0.30395531628602385,0.6896551724137931,0.30395531628602385,0.6896551724137931,0.30395531628602385,0.6896551724137931,0.30395531628602385,0.6896551724137931,0.30395531628602385,0.6896551724137931,0.0,0.0,0.0,0.0,0.0,0.0,0.0,0.0,0.0,0.0,0.0,0.0,0.0,0.0
hc2/search/frame_freeze_5/order1/30,hc2,search,15,frame_freeze_5,order1,30,False,False,False,0.06535948176817577,0.28044280442804426,0.06535948176817577,0.28044280442804426,0.06535948176817577,0.28044280442804426,0.06535948176817577,0.28044280442804426,0.06535948176817577,0.28044280442804426,0.06535948176817577,0.28044280442804426,0.06535948176817577,0.28044280442804426,0.06535948176817577,0.28044280442804426,0.06535948176817577,0.28044280442804426,0.0,0.0,0.0,0.0,0.0,0.0,0.0,0.0,0.0,0.0,0.0,0.0,0.0,0.0
hc2/search/frame_freeze_5/order1/31,hc2,search,4,frame_freeze_5,order1,31,False,False,False,0.0,0.0,0.0,0.0,0.0,0.0,0.0,0.0,0.0,0.0,0.0,0.0,0.0,0.0,0.0,0.0,0.0,0.0,0.0,0.0,0.0,0.0,0.0,0.0,0.0,0.0,0.0,0.0,0.0,0.0,0.0,0.0
hc2/search/frame_freeze_5/order2/0,hc2,search,16,frame_freeze_5,order2,0,True,False,True,0.16187544240107257,0.3515625,0.17823281925139112,0.3803191489361702,0.37604892412744634,0.8120567375886525,0.17451963551698713,0.3723958333333333,0.37604892412744634,0.8120567375886525,0.2710629643227763,0.5785123966942148,0.42848782421806814,0.9538461538461539,0.27247111973686416,0.5815217391304348,0.4310876430137791,0.9616858237547893,0.012644193115914554,0.020833333333333315,-0.003713183734403991,-0.007923315602836878,-0.2015292886104592,-0.4396609042553192,0.21417348172637377,0.4604942375886525,0.19781610487605522,0.4317375886524823,0.0,0.0,0.2015292886104592,0.4396609042553192
hc2/search/frame_freeze_5/order2/1,hc2,search,2,frame_freeze_5,order2,1,False,False,False,0.16891600525613357,0.31100478468899523,0.16891600525613357,0.31100478468899523,0.16891600525613357,0.31100478468899523,0.16891600525613357,0.31100478468899523,0.16891600525613357,0.31100478468899523,0.16891600525613357,0.31100478468899523,0.16891600525613357,0.31100478468899523,0.16891600525613357,0.31100478468899523,0.16891600525613357,0.31100478468899523,0.0,0.0,0.0,0.0,0.0,0.0,0.0,0.0,0.0,0.0,0.0,0.0,0.0,0.0
hc2/search/frame_freeze_5/order2/2,hc2,search,27,frame_freeze_5,order2,2,False,False,False,0.5587149507251867,0.7426470588235294,0.5587149507251867,0.7426470588235294,0.5587149507251867,0.7426470588235294,0.5587149507251867,0.7426470588235294,0.5587149507251867,0.7426470588235294,0.5587149507251867,0.7426470588235294,0.5587149507251867,0.7426470588235294,0.5587149507251867,0.7426470588235294,0.5587149507251867,0.7426470588235294,0.0,0.0,0.0,0.0,0.0,0.0,0.0,0.0,0.0,0.0,0.0,0.0,0.0,0.0
hc2/search/frame_freeze_5/order2/3,hc2,search,22,frame_freeze_5,order2,3,False,False,False,0.06678350519354123,0.2870967741935484,0.06678350519354123,0.2870967741935484,0.06678350519354123,0.2870967741935484,0.06678350519354123,0.2870967741935484,0.06678350519354123,0.2870967741935484,0.06678350519354123,0.2870967741935484,0.06678350519354123,0.2870967741935484,0.06678350519354123,0.2870967741935484,0.06678350519354123,0.2870967741935484,0.0,0.0,0.0,0.0,0.0,0.0,0.0,0.0,0.0,0.0,0.0,0.0,0.0,0.0
hc2/search/frame_freeze_5/order2/4,hc2,search,23,frame_freeze_5,order2,4,True,False,True,0.09191217551135242,0.6753246753246753,0.0781152043529154,0.5739514348785872,0.09191217551135242,0.6753246753246753,0.09191217551135242,0.6753246753246753,0.09191217551135242,0.6753246753246753,0.08229345946946669,0.6046511627906976,0.11489021938919051,0.8441558441558441,0.08042315357243336,0.5909090909090909,0.11269486487856904,0.8280254777070064,0.0,0.0,0.013796971158437019,0.10137324044608809,0.0,0.0,0.0,0.0,0.013796971158437019,0.10137324044608809,0.0,0.0,0.0,0.0
hc2/search/frame_freeze_5/order2/5,hc2,search,26,frame_freeze_5,order2,5,False,False,False,0.1444687653857564,0.40476190476190477,0.1444687653857564,0.40476190476190477,0.1444687653857564,0.40476190476190477,0.1444687653857564,0.40476190476190477,0.1444687653857564,0.40476190476190477,0.1444687653857564,0.40476190476190477,0.1444687653857564,0.40476190476190477,0.1444687653857564,0.40476190476190477,0.1444687653857564,0.40476190476190477,0.0,0.0,0.0,0.0,0.0,0.0,0.0,0.0,0.0,0.0,0.0,0.0,0.0,0.0
hc2/search/frame_freeze_5/order2/6,hc2,search,15,frame_freeze_5,order2,6,False,False,False,0.06560829637456472,0.28044280442804426,0.06560829637456472,0.28044280442804426,0.06560829637456472,0.28044280442804426,0.06560829637456472,0.28044280442804426,0.06560829637456472,0.28044280442804426,0.06560829637456472,0.28044280442804426,0.06560829637456472,0.28044280442804426,0.06560829637456472,0.28044280442804426,0.06560829637456472,0.28044280442804426,0.0,0.0,0.0,0.0,0.0,0.0,0.0,0.0,0.0,0.0,0.0,0.0,0.0,0.0
hc2/search/frame_freeze_5/order2/7,hc2,search,12,frame_freeze_5,order2,7,False,False,False,0.47450775973625253,0.8191489361702128,0.47450775973625253,0.8191489361702128,0.47450775973625253,0.8191489361702128,0.47450775973625253,0.8191489361702128,0.47450775973625253,0.8191489361702128,0.47450775973625253,0.8191489361702128,0.47450775973625253,0.8191489361702128,0.47450775973625253,0.8191489361702128,0.47450775973625253,0.8191489361702128,0.0,0.0,0.0,0.0,0.0,0.0,0.0,0.0,0.0,0.0,0.0,0.0,0.0,0.0
hc2/search/frame_freeze_5/order2/8,hc2,search,5,frame_freeze_5,order2,8,True,False,True,0.23678186441102278,0.46996466431095407,0.21572557783370896,0.4276315789473684,0.35454638956782775,0.7037037037037037,0.0844518268278169,0.17228464419475656,0.35454638956782775,0.7037037037037037,0.0514439293361785,0.10584958217270195,0.4621328801953066,0.9172413793103448,0.06246160045159865,0.12742382271468145,0.4437699842935063,0.8807947019867549,-0.15233003758320587,-0.29768002011619754,-0.13127375100589206,-0.25534693475261183,-0.27009456274001087,-0.5314190595089472,0.11776452515680497,0.23373903939274965,0.13882081173411878,0.2760721247563353,0.0,0.0,0.27009456274001087,0.5314190595089472
hc2/search/frame_freeze_5/order2/9,hc2,search,17,frame_freeze_5,order2,9,False,False,False,0.28688240565343914,0.4533678756476684,0.28688240565343914,0.4533678756476684,0.28688240565343914,0.4533678756476684,0.28688240565343914,0.4533678756476684,0.28688240565343914,0.4533678756476684,0.28688240565343914,0.4533678756476684,0.28688240565343914,0.4533678756476684,0.28688240565343914,0.4533678756476684,0.28688240565343914,0.4533678756476684,0.0,0.0,0.0,0.0,0.0,0.0,0.0,0.0,0.0,0.0,0.0,0.0,0.0,0.0
hc2/search/frame_freeze_5/order2/10,hc2,search,11,frame_freeze_5,order2,10,False,False,False,0.27720021224708413,0.8641114982578397,0.27720021224708413,0.8641114982578397,0.27720021224708413,0.8641114982578397,0.27720021224708413,0.8641114982578397,0.27720021224708413,0.8641114982578397,0.27720021224708413,0.8641114982578397,0.27720021224708413,0.8641114982578397,0.27720021224708413,0.8641114982578397,0.27720021224708413,0.8641114982578397,0.0,0.0,0.0,0.0,0.0,0.0,0.0,0.0,0.0,0.0,0.0,0.0,0.0,0.0
hc2/search/frame_freeze_5/order2/11,hc2,search,3,frame_freeze_5,order2,11,False,False,False,0.21825372781696764,0.5028901734104047,0.21825372781696764,0.5028901734104047,0.21825372781696764,0.5028901734104047,0.21825372781696764,0.5028901734104047,0.21825372781696764,0.5028901734104047,0.21825372781696764,0.5028901734104047,0.21825372781696764,0.5028901734104047,0.21825372781696764,0.5028901734104047,0.21825372781696764,0.5028901734104047,0.0,0.0,0.0,0.0,0.0,0.0,0.0,0.0,0.0,0.0,0.0,0.0,0.0,0.0
hc2/search/frame_freeze_5/order2/12,hc2,search,1,frame_freeze_5,order2,12,True,False,True,0.3776478692969948,0.6735537190082644,0.4205132740008961,0.7520661157024794,0.3776478692969948,0.6735537190082644,0.2331397560455937,0.41581632653061223,0.3776478692969948,0.6735537190082644,0.18344539446885347,0.32553191489361705,0.481883075644327,0.8615384615384616,0.18075332369048455,0.32075471698113206,0.49242893813116856,0.882051282051282,-0.1445081132514011,-0.2577373924776522,-0.1873735179553024,-0.33624978917186715,-0.1445081132514011,-0.2577373924776522,0.0,0.0,-0.04286540470390132,-0.07851239669421495,0.0,0.0,0.1445081132514011,0.2577373924776522
hc2/search/frame_freeze_5/order2/13,hc2,search,9,frame_freeze_5,order2,13,False,False,False,0.0,0.0,0.0,0.0,0.0,0.0,0.0,0.0,0.0,0.0,0.0,0.0,0.0,0.0,0.0,0.0,0.0,0.0,0.0,0.0,0.0,0.0,0.0,0.0,0.0,0.0,0.0,0.0,0.0,0.0,0.0,0.0
hc2/search/frame_freeze_5/order2/14,hc2,search,14,frame_freeze_5,order2,14,False,False,False,0.5021588780097986,0.7175141242937854,0.5021588780097986,0.7175141242937854,0.5021588780097986,0.7175141242937854,0.5021588780097986,0.7175141242937854,0.5021588780097986,0.7175141242937854,0.5021588780097986,0.7175141242937854,0.5021588780097986,0.7175141242937854,0.5021588780097986,0.7175141242937854,0.5021588780097986,0.7175141242937854,0.0,0.0,0.0,0.0,0.0,0.0,0.0,0.0,0.0,0.0,0.0,0.0,0.0,0.0
hc2/search/frame_freeze_5/order2/15,hc2,search,31,frame_freeze_5,order2,15,False,False,False,0.5029534812088162,0.8092105263157895,0.5029534812088162,0.8092105263157895,0.5029534812088162,0.8092105263157895,0.5029534812088162,0.8092105263157895,0.5029534812088162,0.8092105263157895,0.5029534812088162,0.8092105263157895,0.5029534812088162,0.8092105263157895,0.5029534812088162,0.8092105263157895,0.5029534812088162,0.8092105263157895,0.0,0.0,0.0,0.0,0.0,0.0,0.0,0.0,0.0,0.0,0.0,0.0,0.0,0.0
hc2/search/frame_freeze_5/order2/16,hc2,search,20,frame_freeze_5,order2,16,True,False,True,0.5592766682141804,0.890295358649789,0.5011473603890296,0.8,0.5592766682141804,0.890295358649789,0.02740930289950836,0.045317220543806644,0.5592766682141804,0.890295358649789,0.0,0.0,0.5951061435627463,0.9414225941422594,0.0,0.0,0.5905274941853944,0.9344262295081968,-0.531867365314672,-0.8449781381059824,-0.47373805748952125,-0.7546827794561934,-0.531867365314672,-0.8449781381059824,0.0,0.0,0.0581293078251508,0.09029535864978899,0.0,0.0,0.531867365314672,0.8449781381059824
hc2/search/frame_freeze_5/order2/17,hc2,search,0,frame_freeze_5,order2,17,False,False,False,0.21128401393694377,0.3778801843317972,0.21128401393694377,0.3778801843317972,0.21128401393694377,0.3778801843317972,0.21128401393694377,0.3778801843317972,0.21128401393694377,0.3778801843317972,0.21128401393694377,0.3778801843317972,0.21128401393694377,0.3778801843317972,0.21128401393694377,0.3778801843317972,0.21128401393694377,0.3778801843317972,0.0,0.0,0.0,0.0,0.0,0.0,0.0,0.0,0.0,0.0,0.0,0.0,0.0,0.0
hc2/search/frame_freeze_5/order2/18,hc2,search,24,frame_freeze_5,order2,18,False,False,False,0.019599486462412417,0.342911877394636,0.019599486462412417,0.342911877394636,0.019599486462412417,0.342911877394636,0.019599486462412417,0.342911877394636,0.019599486462412417,0.342911877394636,0.019599486462412417,0.342911877394636,0.019599486462412417,0.342911877394636,0.019599486462412417,0.342911877394636,0.019599486462412417,0.342911877394636,0.0,0.0,0.0,0.0,0.0,0.0,0.0,0.0,0.0,0.0,0.0,0.0,0.0,0.0
hc2/search/frame_freeze_5/order2/19,hc2,search,6,frame_freeze_5,order2,19,False,False,False,0.3060131001475064,0.6896551724137931,0.3060131001475064,0.6896551724137931,0.3060131001475064,0.6896551724137931,0.3060131001475064,0.6896551724137931,0.3060131001475064,0.6896551724137931,0.3060131001475064,0.6896551724137931,0.3060131001475064,0.6896551724137931,0.3060131001475064,0.6896551724137931,0.3060131001475064,0.6896551724137931,0.0,0.0,0.0,0.0,0.0,0.0,0.0,0.0,0.0,0.0,0.0,0.0,0.0,0.0
hc2/search/frame_freeze_5/order2/20,hc2,search,4,frame_freeze_5,order2,20,True,False,True,0.0,0.0,0.0,0.0,0.0,0.0,0.0,0.0,0.0,0.0,0.0,0.0,0.354323521014473,0.785234899328859,0.0,0.0,0.39268935002463545,0.8456375838926175,0.0,0.0,0.0,0.0,0.0,0.0,0.0,0.0,0.0,0.0,0.0,0.0,0.0,0.0
hc2/search/frame_freeze_5/order2/21,hc2,search,28,frame_freeze_5,order2,21,False,False,False,0.42648677618200204,0.6243093922651933,0.42648677618200204,0.6243093922651933,0.42648677618200204,0.6243093922651933,0.42648677618200204,0.6243093922651933,0.42648677618200204,0.6243093922651933,0.42648677618200204,0.6243093922651933,0.42648677618200204,0.6243093922651933,0.42648677618200204,0.6243093922651933,0.42648677618200204,0.6243093922651933,0.0,0.0,0.0,0.0,0.0,0.0,0.0,0.0,0.0,0.0,0.0,0.0,0.0,0.0
hc2/search/frame_freeze_5/order2/22,hc2,search,30,frame_freeze_5,order2,22,False,False,False,0.5023014653734664,0.723404255319149,0.5023014653734664,0.723404255319149,0.5023014653734664,0.723404255319149,0.5023014653734664,0.723404255319149,0.5023014653734664,0.723404255319149,0.5023014653734664,0.723404255319149,0.5023014653734664,0.723404255319149,0.5023014653734664,0.723404255319149,0.5023014653734664,0.723404255319149,0.0,0.0,0.0,0.0,0.0,0.0,0.0,0.0,0.0,0.0,0.0,0.0,0.0,0.0
hc2/search/frame_freeze_5/order2/23,hc2,search,25,frame_freeze_5,order2,23,False,False,False,0.23132797562515178,0.6883116883116883,0.23132797562515178,0.6883116883116883,0.23132797562515178,0.6883116883116883,0.23132797562515178,0.6883116883116883,0.23132797562515178,0.6883116883116883,0.23132797562515178,0.6883116883116883,0.23132797562515178,0.6883116883116883,0.23132797562515178,0.6883116883116883,0.23132797562515178,0.6883116883116883,0.0,0.0,0.0,0.0,0.0,0.0,0.0,0.0,0.0,0.0,0.0,0.0,0.0,0.0
hc2/search/frame_freeze_5/order2/24,hc2,search,29,frame_freeze_5,order2,24,True,False,True,0.2300808914361383,0.4232209737827715,0.21183309659809973,0.3896551724137931,0.24474740244401963,0.450199203187251,0.2300808914361383,0.4232209737827715,0.24474740244401963,0.450199203187251,0.18337790451775798,0.3373134328358209,0.45504887417369577,0.837037037037037,0.17962455559487991,0.3304093567251462,0.4326168874186544,0.795774647887324,0.0,0.0,0.018247794838038567,0.03356580136897841,-0.014666511007881328,-0.02697822940447947,0.014666511007881328,0.02697822940447947,0.032914305845919894,0.06054403077345788,0.0,0.0,0.014666511007881328,0.02697822940447947
hc2/search/frame_freeze_5/order2/25,hc2,search,21,frame_freeze_5,order2,25,False,False,False,0.5861884719045253,0.8761329305135952,0.5861884719045253,0.8761329305135952,0.5861884719045253,0.8761329305135952,0.5861884719045253,0.8761329305135952,0.5861884719045253,0.8761329305135952,0.5861884719045253,0.8761329305135952,0.5861884719045253,0.8761329305135952,0.5861884719045253,0.8761329305135952,0.5861884719045253,0.8761329305135952,0.0,0.0,0.0,0.0,0.0,0.0,0.0,0.0,0.0,0.0,0.0,0.0,0.0,0.0
hc2/search/frame_freeze_5/order2/26,hc2,search,19,frame_freeze_5,order2,26,False,False,False,0.5625628904990865,0.8115942028985508,0.5625628904990865,0.8115942028985508,0.5625628904990865,0.8115942028985508,0.5625628904990865,0.8115942028985508,0.5625628904990865,0.8115942028985508,0.5625628904990865,0.8115942028985508,0.5625628904990865,0.8115942028985508,0.5625628904990865,0.8115942028985508,0.5625628904990865,0.8115942028985508,0.0,0.0,0.0,0.0,0.0,0.0,0.0,0.0,0.0,0.0,0.0,0.0,0.0,0.0
hc2/search/frame_freeze_5/order2/27,hc2,search,18,frame_freeze_5,order2,27,False,False,False,0.24482361274467843,0.35435435435435436,0.24482361274467843,0.35435435435435436,0.24482361274467843,0.35435435435435436,0.24482361274467843,0.35435435435435436,0.24482361274467843,0.35435435435435436,0.24482361274467843,0.35435435435435436,0.24482361274467843,0.35435435435435436,0.24482361274467843,0.35435435435435436,0.24482361274467843,0.35435435435435436,0.0,0.0,0.0,0.0,0.0,0.0,0.0,0.0,0.0,0.0,0.0,0.0,0.0,0.0
hc2/search/frame_freeze_5/order2/28,hc2,search,8,frame_freeze_5,order2,28,True,False,True,0.6899224449891115,0.8250728862973761,0.8121030927500477,0.9825072886297376,0.7270370409437606,0.8688046647230321,0.054162187833241934,0.0645933014354067,0.7270370409437606,0.8688046647230321,0.03629954219700207,0.04329896907216495,0.8071452445158492,0.9771428571428571,0.04629814829099208,0.05521472392638037,0.7845522369803156,0.9501385041551247,-0.6357602571558696,-0.7604795848619694,-0.7579409049168058,-0.9179139871943309,-0.6728748531105188,-0.8042113632876253,0.037114595954649165,0.04373177842565601,-0.08506605180628701,-0.11370262390670549,0.0,0.0,0.6728748531105188,0.8042113632876253
hc2/search/frame_freeze_5/order2/29,hc2,search,7,frame_freeze_5,order2,29,False,False,False,0.6428890413290212,0.9619883040935673,0.6428890413290212,0.9619883040935673,0.6428890413290212,0.9619883040935673,0.6428890413290212,0.9619883040935673,0.6428890413290212,0.9619883040935673,0.6428890413290212,0.9619883040935673,0.6428890413290212,0.9619883040935673,0.6428890413290212,0.9619883040935673,0.6428890413290212,0.9619883040935673,0.0,0.0,0.0,0.0,0.0,0.0,0.0,0.0,0.0,0.0,0.0,0.0,0.0,0.0
hc2/search/frame_freeze_5/order2/30,hc2,search,10,frame_freeze_5,order2,30,False,False,False,0.2784120094649783,0.3598326359832636,0.2784120094649783,0.3598326359832636,0.2784120094649783,0.3598326359832636,0.2784120094649783,0.3598326359832636,0.2784120094649783,0.3598326359832636,0.2784120094649783,0.3598326359832636,0.2784120094649783,0.3598326359832636,0.2784120094649783,0.3598326359832636,0.2784120094649783,0.3598326359832636,0.0,0.0,0.0,0.0,0.0,0.0,0.0,0.0,0.0,0.0,0.0,0.0,0.0,0.0
hc2/search/frame_freeze_5/order2/31,hc2,search,13,frame_freeze_5,order2,31,False,False,False,0.34846193490892863,0.5476190476190477,0.34846193490892863,0.5476190476190477,0.34846193490892863,0.5476190476190477,0.34846193490892863,0.5476190476190477,0.34846193490892863,0.5476190476190477,0.34846193490892863,0.5476190476190477,0.34846193490892863,0.5476190476190477,0.34846193490892863,0.5476190476190477,0.34846193490892863,0.5476190476190477,0.0,0.0,0.0,0.0,0.0,0.0,0.0,0.0,0.0,0.0,0.0,0.0,0.0,0.0
hc2/search/motion_blur_5/order1/0,hc2,search,2,motion_blur_5,order1,0,True,False,True,0.11291931930219234,0.23923444976076555,0.1329419147079822,0.2995391705069124,0.22254402542594087,0.5373134328358209,0.23481023155178013,0.5669291338582677,0.22254402542594087,0.5373134328358209,0.2944426930183914,0.6631578947368421,0.4150985534465625,0.9117647058823529,0.3154645017745423,0.7052631578947368,0.39943445709008846,0.8773584905660378,0.12189091224958779,0.32769468409750213,0.10186831684379793,0.2673899633513553,0.012266206125839257,0.029615701022446816,0.10962470612374853,0.2980789830750553,0.08960211071795868,0.23777426232890847,0.0,0.0,-0.012266206125839257,-0.029615701022446816
hc2/search/motion_blur_5/order1/1,hc2,search,0,motion_blur_5,order1,1,False,False,False,0.19426964393792676,0.3778801843317972,0.19426964393792676,0.3778801843317972,0.19426964393792676,0.3778801843317972,0.19426964393792676,0.3778801843317972,0.19426964393792676,0.3778801843317972,0.19426964393792676,0.3778801843317972,0.19426964393792676,0.3778801843317972,0.19426964393792676,0.3778801843317972,0.19426964393792676,0.3778801843317972,0.0,0.0,0.0,0.0,0.0,0.0,0.0,0.0,0.0,0.0,0.0,0.0,0.0,0.0
hc2/search/motion_blur_5/order1/2,hc2,search,25,motion_blur_5,order1,2,False,False,False,0.24830588642661383,0.6883116883116883,0.24830588642661383,0.6883116883116883,0.24830588642661383,0.6883116883116883,0.24830588642661383,0.6883116883116883,0.24830588642661383,0.6883116883116883,0.24830588642661383,0.6883116883116883,0.24830588642661383,0.6883116883116883,0.24830588642661383,0.6883116883116883,0.24830588642661383,0.6883116883116883,0.0,0.0,0.0,0.0,0.0,0.0,0.0,0.0,0.0,0.0,0.0,0.0,0.0,0.0
hc2/search/motion_blur_5/order1/3,hc2,search,22,motion_blur_5,order1,3,False,False,False,0.06613831398600373,0.22084367245657568,0.06613831398600373,0.22084367245657568,0.06613831398600373,0.22084367245657568,0.06613831398600373,0.22084367245657568,0.06613831398600373,0.22084367245657568,0.06613831398600373,0.22084367245657568,0.06613831398600373,0.22084367245657568,0.06613831398600373,0.22084367245657568,0.06613831398600373,0.22084367245657568,0.0,0.0,0.0,0.0,0.0,0.0,0.0,0.0,0.0,0.0,0.0,0.0,0.0,0.0
hc2/search/motion_blur_5/order1/4,hc2,search,27,motion_blur_5,order1,4,True,False,True,0.5934865642667518,0.8022813688212928,0.5908090575102903,0.7984189723320159,0.6210381506437778,0.8403041825095057,0.4162319104057486,0.5626666666666666,0.5934865642667518,0.8022813688212928,0.36090479391483254,0.4877450980392157,0.6719254817451498,0.9153225806451613,0.3619241926152626,0.4891041162227603,0.6968101736967751,0.9475806451612904,-0.17725465386100325,-0.2396147021546261,-0.17457714710454175,-0.23575230566534922,-0.20480624023802918,-0.277637515842839,0.0,0.0,0.0026775067564615007,0.003862396489276887,-0.027551586377025927,-0.03802281368821292,0.17725465386100325,0.2396147021546261
hc2/search/motion_blur_5/order1/5,hc2,search,31,motion_blur_5,order1,5,False,False,False,0.4687608940952706,0.7741228070175439,0.4687608940952706,0.7741228070175439,0.4687608940952706,0.7741228070175439,0.4687608940952706,0.7741228070175439,0.4687608940952706,0.7741228070175439,0.4687608940952706,0.7741228070175439,0.4687608940952706,0.7741228070175439,0.4687608940952706,0.7741228070175439,0.4687608940952706,0.7741228070175439,0.0,0.0,0.0,0.0,0.0,0.0,0.0,0.0,0.0,0.0,0.0,0.0,0.0,0.0
hc2/search/motion_blur_5/order1/6,hc2,search,11,motion_blur_5,order1,6,False,False,False,0.1851266526011327,0.6794520547945205,0.1851266526011327,0.6794520547945205,0.1851266526011327,0.6794520547945205,0.1851266526011327,0.6794520547945205,0.1851266526011327,0.6794520547945205,0.1851266526011327,0.6794520547945205,0.1851266526011327,0.6794520547945205,0.1851266526011327,0.6794520547945205,0.1851266526011327,0.6794520547945205,0.0,0.0,0.0,0.0,0.0,0.0,0.0,0.0,0.0,0.0,0.0,0.0,0.0,0.0
hc2/search/motion_blur_5/order1/7,hc2,search,30,motion_blur_5,order1,7,False,False,False,0.5755813063864014,0.7861271676300579,0.5755813063864014,0.7861271676300579,0.5755813063864014,0.7861271676300579,0.5755813063864014,0.7861271676300579,0.5755813063864014,0.7861271676300579,0.5755813063864014,0.7861271676300579,0.5755813063864014,0.7861271676300579,0.5755813063864014,0.7861271676300579,0.5755813063864014,0.7861271676300579,0.0,0.0,0.0,0.0,0.0,0.0,0.0,0.0,0.0,0.0,0.0,0.0,0.0,0.0
hc2/search/motion_blur_5/order1/8,hc2,search,26,motion_blur_5,order1,8,True,False,True,0.14561514500641987,0.40476190476190477,0.15465497463544192,0.4272300469483568,0.16094305500709563,0.4473684210526316,0.15038941205581066,0.4180327868852459,0.15038941205581066,0.4180327868852459,0.07577690492763163,0.24019607843137256,0.2935601323329424,0.816,0.07983356474348725,0.25,0.2718149373453171,0.7555555555555555,0.004774267049390796,0.013270882123341154,-0.00426556257963126,-0.00919726006311089,-0.01055364295128497,-0.02933563416738566,0.004774267049390796,0.013270882123341154,-0.00426556257963126,-0.00919726006311089,-0.01055364295128497,-0.02933563416738566,0.0,0.0
hc2/search/motion_blur_5/order1/9,hc2,search,24,motion_blur_5,order1,9,False,False,False,0.01768212934848272,0.342911877394636,0.01768212934848272,0.342911877394636,0.01768212934848272,0.342911877394636,0.01768212934848272,0.342911877394636,0.01768212934848272,0.342911877394636,0.01768212934848272,0.342911877394636,0.01768212934848272,0.342911877394636,0.01768212934848272,0.342911877394636,0.01768212934848272,0.342911877394636,0.0,0.0,0.0,0.0,0.0,0.0,0.0,0.0,0.0,0.0,0.0,0.0,0.0,0.0
hc2/search/motion_blur_5/order1/10,hc2,search,19,motion_blur_5,order1,10,False,False,False,0.6040721106790734,0.8582375478927203,0.6040721106790734,0.8582375478927203,0.6040721106790734,0.8582375478927203,0.6040721106790734,0.8582375478927203,0.6040721106790734,0.8582375478927203,0.6040721106790734,0.8582375478927203,0.6040721106790734,0.8582375478927203,0.6040721106790734,0.8582375478927203,0.6040721106790734,0.8582375478927203,0.0,0.0,0.0,0.0,0.0,0.0,0.0,0.0,0.0,0.0,0.0,0.0,0.0,0.0
hc2/search/motion_blur_5/order1/11,hc2,search,13,motion_blur_5,order1,11,False,False,False,0.35321565220301104,0.5476190476190477,0.35321565220301104,0.5476190476190477,0.35321565220301104,0.5476190476190477,0.35321565220301104,0.5476190476190477,0.35321565220301104,0.5476190476190477,0.35321565220301104,0.5476190476190477,0.35321565220301104,0.5476190476190477,0.35321565220301104,0.5476190476190477,0.35321565220301104,0.5476190476190477,0.0,0.0,0.0,0.0,0.0,0.0,0.0,0.0,0.0,0.0,0.0,0.0,0.0,0.0
hc2/search/motion_blur_5/order1/12,hc2,search,14,motion_blur_5,order1,12,True,False,True,0.5305968871838841,0.7928994082840237,0.5009546029836671,0.7486033519553073,0.5305968871838841,0.7928994082840237,0.33811709927309064,0.4797297297297297,0.5305968871838841,0.7928994082840237,0.3024833923013392,0.42857142857142855,0.6018179458662847,0.8993288590604027,0.29964868678094264,0.4251497005988024,0.5604429620879776,0.8375,-0.19247978791079345,-0.313169678554294,-0.16283750371057648,-0.26887362222557754,-0.19247978791079345,-0.313169678554294,0.0,0.0,0.029642284200216973,0.04429605632871647,0.0,0.0,0.19247978791079345,0.313169678554294
hc2/search/motion_blur_5/order1/13,hc2,search,16,motion_blur_5,order1,13,False,False,False,0.19484830752426366,0.38858695652173914,0.19484830752426366,0.38858695652173914,0.19484830752426366,0.38858695652173914,0.19484830752426366,0.38858695652173914,0.19484830752426366,0.38858695652173914,0.19484830752426366,0.38858695652173914,0.19484830752426366,0.38858695652173914,0.19484830752426366,0.38858695652173914,0.19484830752426366,0.38858695652173914,0.0,0.0,0.0,0.0,0.0,0.0,0.0,0.0,0.0,0.0,0.0,0.0,0.0,0.0
hc2/search/motion_blur_5/order1/14,hc2,search,17,motion_blur_5,order1,14,False,False,False,0.2965640037969616,0.4533678756476684,0.2965640037969616,0.4533678756476684,0.2965640037969616,0.4533678756476684,0.2965640037969616,0.4533678756476684,0.2965640037969616,0.4533678756476684,0.2965640037969616,0.4533678756476684,0.2965640037969616,0.4533678756476684,0.2965640037969616,0.4533678756476684,0.2965640037969616,0.4533678756476684,0.0,0.0,0.0,0.0,0.0,0.0,0.0,0.0,0.0,0.0,0.0,0.0,0.0,0.0
hc2/search/motion_blur_5/order1/15,hc2,search,23,motion_blur_5,order1,15,False,False,False,0.09193612892493874,0.8074534161490683,0.09193612892493874,0.8074534161490683,0.09193612892493874,0.8074534161490683,0.09193612892493874,0.8074534161490683,0.09193612892493874,0.8074534161490683,0.09193612892493874,0.8074534161490683,0.09193612892493874,0.8074534161490683,0.09193612892493874,0.8074534161490683,0.09193612892493874,0.8074534161490683,0.0,0.0,0.0,0.0,0.0,0.0,0.0,0.0,0.0,0.0,0.0,0.0,0.0,0.0
hc2/search/motion_blur_5/order1/16,hc2,search,29,motion_blur_5,order1,16,True,False,True,0.20346320451420463,0.37919463087248323,0.18429189952958352,0.3434650455927052,0.22708627320311978,0.4232209737827715,0.20346320451420463,0.37919463087248323,0.22708627320311978,0.4232209737827715,0.18045248495605054,0.33630952380952384,0.44912618477950356,0.837037037037037,0.17728665188664613,0.3304093567251462,0.42698616158614777,0.795774647887324,0.0,0.0,0.019171304984621107,0.03572958527977804,-0.023623068688915144,-0.044026342910288285,0.023623068688915144,0.044026342910288285,0.04279437367353625,0.07975592819006633,0.0,0.0,0.023623068688915144,0.044026342910288285
hc2/search/motion_blur_5/order1/17,hc2,search,9,motion_blur_5,order1,17,False,False,False,0.0,0.0,0.0,0.0,0.0,0.0,0.0,0.0,0.0,0.0,0.0,0.0,0.0,0.0,0.0,0.0,0.0,0.0,0.0,0.0,0.0,0.0,0.0,0.0,0.0,0.0,0.0,0.0,0.0,0.0,0.0,0.0
hc2/search/motion_blur_5/order1/18,hc2,search,5,motion_blur_5,order1,18,False,False,False,0.230155609588202,0.46996466431095407,0.230155609588202,0.46996466431095407,0.230155609588202,0.46996466431095407,0.230155609588202,0.46996466431095407,0.230155609588202,0.46996466431095407,0.230155609588202,0.46996466431095407,0.230155609588202,0.46996466431095407,0.230155609588202,0.46996466431095407,0.230155609588202,0.46996466431095407,0.0,0.0,0.0,0.0,0.0,0.0,0.0,0.0,0.0,0.0,0.0,0.0,0.0,0.0
hc2/search/motion_blur_5/order1/19,hc2,search,8,motion_blur_5,order1,19,False,False,False,0.6925102115834736,0.7988338192419825,0.6925102115834736,0.7988338192419825,0.6925102115834736,0.7988338192419825,0.6925102115834736,0.7988338192419825,0.6925102115834736,0.7988338192419825,0.6925102115834736,0.7988338192419825,0.6925102115834736,0.7988338192419825,0.6925102115834736,0.7988338192419825,0.6925102115834736,0.7988338192419825,0.0,0.0,0.0,0.0,0.0,0.0,0.0,0.0,0.0,0.0,0.0,0.0,0.0,0.0
hc2/search/motion_blur_5/order1/20,hc2,search,28,motion_blur_5,order1,20,True,False,True,0.44210094525025934,0.6243093922651933,0.42338767772643887,0.5978835978835979,0.5064574119639047,0.7151898734177216,0.30895857563821216,0.4362934362934363,0.5064574119639047,0.7151898734177216,0.24175308486494546,0.3413897280966767,0.6505713096772109,0.9186991869918699,0.23744887563886333,0.3353115727002967,0.6350815165896583,0.8968253968253969,-0.13314236961204717,-0.18801595597175702,-0.11442910208822671,-0.1615901615901616,-0.19749883632569254,-0.27889643712428525,0.06435646671364537,0.09088048115252823,0.08306973423746583,0.11730627553412365,0.0,0.0,0.19749883632569254,0.27889643712428525
hc2/search/motion_blur_5/order1/21,hc2,search,10,motion_blur_5,order1,21,False,False,False,0.27433694489857474,0.3598326359832636,0.27433694489857474,0.3598326359832636,0.27433694489857474,0.3598326359832636,0.27433694489857474,0.3598326359832636,0.27433694489857474,0.3598326359832636,0.27433694489857474,0.3598326359832636,0.27433694489857474,0.3598326359832636,0.27433694489857474,0.3598326359832636,0.27433694489857474,0.3598326359832636,0.0,0.0,0.0,0.0,0.0,0.0,0.0,0.0,0.0,0.0,0.0,0.0,0.0,0.0
hc2/search/motion_blur_5/order1/22,hc2,search,21,motion_blur_5,order1,22,False,False,False,0.5890380956217288,0.8664688427299704,0.5890380956217288,0.8664688427299704,0.5890380956217288,0.8664688427299704,0.5890380956217288,0.8664688427299704,0.5890380956217288,0.8664688427299704,0.5890380956217288,0.8664688427299704,0.5890380956217288,0.8664688427299704,0.5890380956217288,0.8664688427299704,0.5890380956217288,0.8664688427299704,0.0,0.0,0.0,0.0,0.0,0.0,0.0,0.0,0.0,0.0,0.0,0.0,0.0,0.0
hc2/search/motion_blur_5/order1/23,hc2,search,20,motion_blur_5,order1,23,False,False,False,0.544654901612827,0.890295358649789,0.544654901612827,0.890295358649789,0.544654901612827,0.890295358649789,0.544654901612827,0.890295358649789,0.544654901612827,0.890295358649789,0.544654901612827,0.890295358649789,0.544654901612827,0.890295358649789,0.544654901612827,0.890295358649789,0.544654901612827,0.890295358649789,0.0,0.0,0.0,0.0,0.0,0.0,0.0,0.0,0.0,0.0,0.0,0.0,0.0,0.0
hc2/search/motion_blur_5/order1/24,hc2,search,1,motion_blur_5,order1,24,True,False,True,0.37806225388267595,0.6735537190082644,0.42130810419656656,0.7520661157024794,0.37806225388267595,0.6735537190082644,0.23339557510103975,0.41581632653061223,0.37806225388267595,0.6735537190082644,0.17120689667814165,0.30265848670756645,0.47740847522363783,0.8520408163265306,0.1739676022888214,0.3084677419354839,0.4691143933900627,0.8390243902439024,-0.1446666787816362,-0.2577373924776522,-0.1879125290955268,-0.33624978917186715,-0.1446666787816362,-0.2577373924776522,0.0,0.0,-0.04324585031389061,-0.07851239669421495,0.0,0.0,0.1446666787816362,0.2577373924776522
hc2/search/motion_blur_5/order1/25,hc2,search,7,motion_blur_5,order1,25,False,False,False,0.6358314398275307,0.9619883040935673,0.6358314398275307,0.9619883040935673,0.6358314398275307,0.9619883040935673,0.6358314398275307,0.9619883040935673,0.6358314398275307,0.9619883040935673,0.6358314398275307,0.9619883040935673,0.6358314398275307,0.9619883040935673,0.6358314398275307,0.9619883040935673,0.6358314398275307,0.9619883040935673,0.0,0.0,0.0,0.0,0.0,0.0,0.0,0.0,0.0,0.0,0.0,0.0,0.0,0.0
hc2/search/motion_blur_5/order1/26,hc2,search,12,motion_blur_5,order1,26,False,False,False,0.47275832490899006,0.8191489361702128,0.47275832490899006,0.8191489361702128,0.47275832490899006,0.8191489361702128,0.47275832490899006,0.8191489361702128,0.47275832490899006,0.8191489361702128,0.47275832490899006,0.8191489361702128,0.47275832490899006,0.8191489361702128,0.47275832490899006,0.8191489361702128,0.47275832490899006,0.8191489361702128,0.0,0.0,0.0,0.0,0.0,0.0,0.0,0.0,0.0,0.0,0.0,0.0,0.0,0.0
hc2/search/motion_blur_5/order1/27,hc2,search,18,motion_blur_5,order1,27,False,False,False,0.17795533232104857,0.27298850574712646,0.17795533232104857,0.27298850574712646,0.17795533232104857,0.27298850574712646,0.17795533232104857,0.27298850574712646,0.17795533232104857,0.27298850574712646,0.17795533232104857,0.27298850574712646,0.17795533232104857,0.27298850574712646,0.17795533232104857,0.27298850574712646,0.17795533232104857,0.27298850574712646,0.0,0.0,0.0,0.0,0.0,0.0,0.0,0.0,0.0,0.0,0.0,0.0,0.0,0.0
hc2/search/motion_blur_5/order1/28,hc2,search,3,motion_blur_5,order1,28,True,False,True,0.223686210351175,0.5028901734104047,0.23740929074081765,0.5337423312883436,0.3757059649587697,0.8446601941747572,0.27251911542783996,0.6126760563380281,0.3757059649587697,0.8446601941747572,0.34862805757435383,0.7837837837837838,0.37938935677209096,0.8529411764705882,0.3251908772332208,0.7310924369747899,0.34862805757435383,0.7837837837837838,0.04883290507666496,0.10978588292762348,0.03510982468702231,0.07893372504968454,-0.10318684953092971,-0.2319841378367291,0.15201975460759468,0.3417700207643526,0.13829667421795203,0.31091786288641365,0.0,0.0,0.10318684953092971,0.2319841378367291
hc2/search/motion_blur_5/order1/29,hc2,search,6,motion_blur_5,order1,29,False,False,False,0.30497063045855366,0.6896551724137931,0.30497063045855366,0.6896551724137931,0.30497063045855366,0.6896551724137931,0.30497063045855366,0.6896551724137931,0.30497063045855366,0.6896551724137931,0.30497063045855366,0.6896551724137931,0.30497063045855366,0.6896551724137931,0.30497063045855366,0.6896551724137931,0.30497063045855366,0.6896551724137931,0.0,0.0,0.0,0.0,0.0,0.0,0.0,0.0,0.0,0.0,0.0,0.0,0.0,0.0
hc2/search/motion_blur_5/order1/30,hc2,search,15,motion_blur_5,order1,30,False,False,False,0.0542873901397707,0.28044280442804426,0.0542873901397707,0.28044280442804426,0.0542873901397707,0.28044280442804426,0.0542873901397707,0.28044280442804426,0.0542873901397707,0.28044280442804426,0.0542873901397707,0.28044280442804426,0.0542873901397707,0.28044280442804426,0.0542873901397707,0.28044280442804426,0.0542873901397707,0.28044280442804426,0.0,0.0,0.0,0.0,0.0,0.0,0.0,0.0,0.0,0.0,0.0,0.0,0.0,0.0
hc2/search/motion_blur_5/order1/31,hc2,search,4,motion_blur_5,order1,31,False,False,False,0.0,0.0,0.0,0.0,0.0,0.0,0.0,0.0,0.0,0.0,0.0,0.0,0.0,0.0,0.0,0.0,0.0,0.0,0.0,0.0,0.0,0.0,0.0,0.0,0.0,0.0,0.0,0.0,0.0,0.0,0.0,0.0
hc2/search/motion_blur_5/order2/0,hc2,search,16,motion_blur_5,order2,0,True,False,True,0.18237146848708402,0.38858695652173914,0.19445586209986046,0.41032608695652173,0.39053819138068446,0.8687943262411347,0.19445586209986046,0.41032608695652173,0.36609584679184204,0.7896551724137931,0.2899968133265199,0.6180758017492711,0.432195934697546,0.9809160305343512,0.29096969800415573,0.6202898550724638,0.4269823269709058,0.9737827715355806,0.01208439361277644,0.021739130434782594,0.0,0.0,-0.196082329280824,-0.458468239284613,0.18372437830475802,0.401068215892054,0.17163998469198158,0.3793290854572714,-0.024442344588842424,-0.0791391538273416,0.17163998469198158,0.3793290854572714
hc2/search/motion_blur_5/order2/1,hc2,search,2,motion_blur_5,order2,1,False,False,False,0.11704280588673315,0.23923444976076555,0.11704280588673315,0.23923444976076555,0.11704280588673315,0.23923444976076555,0.11704280588673315,0.23923444976076555,0.11704280588673315,0.23923444976076555,0.11704280588673315,0.23923444976076555,0.11704280588673315,0.23923444976076555,0.11704280588673315,0.23923444976076555,0.11704280588673315,0.23923444976076555,0.0,0.0,0.0,0.0,0.0,0.0,0.0,0.0,0.0,0.0,0.0,0.0,0.0,0.0
hc2/search/motion_blur_5/order2/2,hc2,search,27,motion_blur_5,order2,2,False,False,False,0.5843683134367902,0.8022813688212928,0.5843683134367902,0.8022813688212928,0.5843683134367902,0.8022813688212928,0.5843683134367902,0.8022813688212928,0.5843683134367902,0.8022813688212928,0.5843683134367902,0.8022813688212928,0.5843683134367902,0.8022813688212928,0.5843683134367902,0.8022813688212928,0.5843683134367902,0.8022813688212928,0.0,0.0,0.0,0.0,0.0,0.0,0.0,0.0,0.0,0.0,0.0,0.0,0.0,0.0
hc2/search/motion_blur_5/order2/3,hc2,search,22,motion_blur_5,order2,3,False,False,False,0.06487569204503088,0.22084367245657568,0.06487569204503088,0.22084367245657568,0.06487569204503088,0.22084367245657568,0.06487569204503088,0.22084367245657568,0.06487569204503088,0.22084367245657568,0.06487569204503088,0.22084367245657568,0.06487569204503088,0.22084367245657568,0.06487569204503088,0.22084367245657568,0.06487569204503088,0.22084367245657568,0.0,0.0,0.0,0.0,0.0,0.0,0.0,0.0,0.0,0.0,0.0,0.0,0.0,0.0
hc2/search/motion_blur_5/order2/4,hc2,search,23,motion_blur_5,order2,4,True,False,True,0.10902951703746061,0.8074534161490683,0.09001924227195467,0.6666666666666666,0.10902951703746061,0.8074534161490683,0.09725070494754105,0.7202216066481995,0.09725070494754105,0.7202216066481995,0.09834034870045467,0.7282913165266106,0.11040095750334063,0.8176100628930818,0.09514228858011468,0.7046070460704607,0.10638637723049187,0.7878787878787878,-0.011778812089919558,-0.08723180950086884,0.0072314626755863864,0.05355493998153282,-0.011778812089919558,-0.08723180950086884,-0.011778812089919558,-0.08723180950086884,0.0072314626755863864,0.05355493998153282,-0.011778812089919558,-0.08723180950086884,0.0,0.0
hc2/search/motion_blur_5/order2/5,hc2,search,26,motion_blur_5,order2,5,False,False,False,0.173778400891686,0.40476190476190477,0.173778400891686,0.40476190476190477,0.173778400891686,0.40476190476190477,0.173778400891686,0.40476190476190477,0.173778400891686,0.40476190476190477,0.173778400891686,0.40476190476190477,0.173778400891686,0.40476190476190477,0.173778400891686,0.40476190476190477,0.173778400891686,0.40476190476190477,0.0,0.0,0.0,0.0,0.0,0.0,0.0,0.0,0.0,0.0,0.0,0.0,0.0,0.0
hc2/search/motion_blur_5/order2/6,hc2,search,15,motion_blur_5,order2,6,False,False,False,0.06556586766922537,0.28044280442804426,0.06556586766922537,0.28044280442804426,0.06556586766922537,0.28044280442804426,0.06556586766922537,0.28044280442804426,0.06556586766922537,0.28044280442804426,0.06556586766922537,0.28044280442804426,0.06556586766922537,0.28044280442804426,0.06556586766922537,0.28044280442804426,0.06556586766922537,0.28044280442804426,0.0,0.0,0.0,0.0,0.0,0.0,0.0,0.0,0.0,0.0,0.0,0.0,0.0,0.0
hc2/search/motion_blur_5/order2/7,hc2,search,12,motion_blur_5,order2,7,False,False,False,0.47423618383574717,0.8191489361702128,0.47423618383574717,0.8191489361702128,0.47423618383574717,0.8191489361702128,0.47423618383574717,0.8191489361702128,0.47423618383574717,0.8191489361702128,0.47423618383574717,0.8191489361702128,0.47423618383574717,0.8191489361702128,0.47423618383574717,0.8191489361702128,0.47423618383574717,0.8191489361702128,0.0,0.0,0.0,0.0,0.0,0.0,0.0,0.0,0.0,0.0,0.0,0.0,0.0,0.0
hc2/search/motion_blur_5/order2/8,hc2,search,5,motion_blur_5,order2,8,True,False,True,0.23644362442977226,0.46996466431095407,0.20910483035507985,0.415625,0.3540399244107172,0.7037037037037037,0.1012017971006835,0.20599250936329588,0.3540399244107172,0.7037037037037037,0.05288832905853574,0.10863509749303621,0.45831195694264076,0.910958904109589,0.062454480356992324,0.12742382271468145,0.44313606432864605,0.8807947019867549,-0.13524182732908877,-0.2639721549476582,-0.10790303325439635,-0.20963249063670414,-0.2528381273100337,-0.49771119434040784,0.11759629998094492,0.23373903939274965,0.14493509405563734,0.2880787037037037,0.0,0.0,0.2528381273100337,0.49771119434040784
hc2/search/motion_blur_5/order2/9,hc2,search,17,motion_blur_5,order2,9,False,False,False,0.2870421422356565,0.4533678756476684,0.2870421422356565,0.4533678756476684,0.2870421422356565,0.4533678756476684,0.2870421422356565,0.4533678756476684,0.2870421422356565,0.4533678756476684,0.2870421422356565,0.4533678756476684,0.2870421422356565,0.4533678756476684,0.2870421422356565,0.4533678756476684,0.2870421422356565,0.4533678756476684,0.0,0.0,0.0,0.0,0.0,0.0,0.0,0.0,0.0,0.0,0.0,0.0,0.0,0.0
hc2/search/motion_blur_5/order2/10,hc2,search,11,motion_blur_5,order2,10,False,False,False,0.2099610478059358,0.6794520547945205,0.2099610478059358,0.6794520547945205,0.2099610478059358,0.6794520547945205,0.2099610478059358,0.6794520547945205,0.2099610478059358,0.6794520547945205,0.2099610478059358,0.6794520547945205,0.2099610478059358,0.6794520547945205,0.2099610478059358,0.6794520547945205,0.2099610478059358,0.6794520547945205,0.0,0.0,0.0,0.0,0.0,0.0,0.0,0.0,0.0,0.0,0.0,0.0,0.0,0.0
hc2/search/motion_blur_5/order2/11,hc2,search,3,motion_blur_5,order2,11,False,False,False,0.21829549651839095,0.5028901734104047,0.21829549651839095,0.5028901734104047,0.21829549651839095,0.5028901734104047,0.21829549651839095,0.5028901734104047,0.21829549651839095,0.5028901734104047,0.21829549651839095,0.5028901734104047,0.21829549651839095,0.5028901734104047,0.21829549651839095,0.5028901734104047,0.21829549651839095,0.5028901734104047,0.0,0.0,0.0,0.0,0.0,0.0,0.0,0.0,0.0,0.0,0.0,0.0,0.0,0.0
hc2/search/motion_blur_5/order2/12,hc2,search,1,motion_blur_5,order2,12,True,False,True,0.37755358556120994,0.6735537190082644,0.42039439389934335,0.7520661157024794,0.37755358556120994,0.6735537190082644,0.2330815502699306,0.41581632653061223,0.37755358556120994,0.6735537190082644,0.1710469288043204,0.30265848670756645,0.4766787520331093,0.8520408163265306,0.1737901832012956,0.3084677419354839,0.4682841128301206,0.8390243902439024,-0.14447203529127933,-0.2577373924776522,-0.18731284362941275,-0.33624978917186715,-0.14447203529127933,-0.2577373924776522,0.0,0.0,-0.04284080833813342,-0.07851239669421495,0.0,0.0,0.14447203529127933,0.2577373924776522
hc2/search/motion_blur_5/order2/13,hc2,search,9,motion_blur_5,order2,13,False,False,False,0.0,0.0,0.0,0.0,0.0,0.0,0.0,0.0,0.0,0.0,0.0,0.0,0.0,0.0,0.0,0.0,0.0,0.0,0.0,0.0,0.0,0.0,0.0,0.0,0.0,0.0,0.0,0.0,0.0,0.0,0.0,0.0
hc2/search/motion_blur_5/order2/14,hc2,search,14,motion_blur_5,order2,14,False,False,False,0.5490388090918733,0.7928994082840237,0.5490388090918733,0.7928994082840237,0.5490388090918733,0.7928994082840237,0.5490388090918733,0.7928994082840237,0.5490388090918733,0.7928994082840237,0.5490388090918733,0.7928994082840237,0.5490388090918733,0.7928994082840237,0.5490388090918733,0.7928994082840237,0.5490388090918733,0.7928994082840237,0.0,0.0,0.0,0.0,0.0,0.0,0.0,0.0,0.0,0.0,0.0,0.0,0.0,0.0
hc2/search/motion_blur_5/order2/15,hc2,search,31,motion_blur_5,order2,15,False,False,False,0.4814861939214562,0.7741228070175439,0.4814861939214562,0.7741228070175439,0.4814861939214562,0.7741228070175439,0.4814861939214562,0.7741228070175439,0.4814861939214562,0.7741228070175439,0.4814861939214562,0.7741228070175439,0.4814861939214562,0.7741228070175439,0.4814861939214562,0.7741228070175439,0.4814861939214562,0.7741228070175439,0.0,0.0,0.0,0.0,0.0,0.0,0.0,0.0,0.0,0.0,0.0,0.0,0.0,0.0
hc2/search/motion_blur_5/order2/16,hc2,search,20,motion_blur_5,order2,16,True,False,True,0.5581957897890181,0.890295358649789,0.5001648173362158,0.8,0.5581957897890181,0.890295358649789,0.027347374601122146,0.045317220543806644,0.5581957897890181,0.890295358649789,0.0,0.0,0.5889705244998492,0.9333333333333333,0.0,0.0,0.5893922131452498,0.9344262295081968,-0.5308484151878959,-0.8449781381059824,-0.47281744273509363,-0.7546827794561934,-0.5308484151878959,-0.8449781381059824,0.0,0.0,0.05803097245280231,0.09029535864978899,0.0,0.0,0.5308484151878959,0.8449781381059824
hc2/search/motion_blur_5/order2/17,hc2,search,0,motion_blur_5,order2,17,False,False,False,0.2100788148471443,0.3778801843317972,0.2100788148471443,0.3778801843317972,0.2100788148471443,0.3778801843317972,0.2100788148471443,0.3778801843317972,0.2100788148471443,0.3778801843317972,0.2100788148471443,0.3778801843317972,0.2100788148471443,0.3778801843317972,0.2100788148471443,0.3778801843317972,0.2100788148471443,0.3778801843317972,0.0,0.0,0.0,0.0,0.0,0.0,0.0,0.0,0.0,0.0,0.0,0.0,0.0,0.0
hc2/search/motion_blur_5/order2/18,hc2,search,24,motion_blur_5,order2,18,False,False,False,0.019678440174331138,0.342911877394636,0.019678440174331138,0.342911877394636,0.019678440174331138,0.342911877394636,0.019678440174331138,0.342911877394636,0.019678440174331138,0.342911877394636,0.019678440174331138,0.342911877394636,0.019678440174331138,0.342911877394636,0.019678440174331138,0.342911877394636,0.019678440174331138,0.342911877394636,0.0,0.0,0.0,0.0,0.0,0.0,0.0,0.0,0.0,0.0,0.0,0.0,0.0,0.0
hc2/search/motion_blur_5/order2/19,hc2,search,6,motion_blur_5,order2,19,False,False,False,0.30812966946578996,0.6896551724137931,0.30812966946578996,0.6896551724137931,0.30812966946578996,0.6896551724137931,0.30812966946578996,0.6896551724137931,0.30812966946578996,0.6896551724137931,0.30812966946578996,0.6896551724137931,0.30812966946578996,0.6896551724137931,0.30812966946578996,0.6896551724137931,0.30812966946578996,0.6896551724137931,0.0,0.0,0.0,0.0,0.0,0.0,0.0,0.0,0.0,0.0,0.0,0.0,0.0,0.0
hc2/search/motion_blur_5/order2/20,hc2,search,4,motion_blur_5,order2,20,True,False,True,0.0,0.0,0.0,0.0,0.0,0.0,0.0,0.0,0.0,0.0,0.0,0.0,0.3530003831952466,0.7785234899328859,0.0,0.0,0.3955908090283873,0.8456375838926175,0.0,0.0,0.0,0.0,0.0,0.0,0.0,0.0,0.0,0.0,0.0,0.0,0.0,0.0
hc2/search/motion_blur_5/order2/21,hc2,search,28,motion_blur_5,order2,21,False,False,False,0.4589152508518201,0.6243093922651933,0.4589152508518201,0.6243093922651933,0.4589152508518201,0.6243093922651933,0.4589152508518201,0.6243093922651933,0.4589152508518201,0.6243093922651933,0.4589152508518201,0.6243093922651933,0.4589152508518201,0.6243093922651933,0.4589152508518201,0.6243093922651933,0.4589152508518201,0.6243093922651933,0.0,0.0,0.0,0.0,0.0,0.0,0.0,0.0,0.0,0.0,0.0,0.0,0.0,0.0
hc2/search/motion_blur_5/order2/22,hc2,search,30,motion_blur_5,order2,22,False,False,False,0.5468791934061381,0.7861271676300579,0.5468791934061381,0.7861271676300579,0.5468791934061381,0.7861271676300579,0.5468791934061381,0.7861271676300579,0.5468791934061381,0.7861271676300579,0.5468791934061381,0.7861271676300579,0.5468791934061381,0.7861271676300579,0.5468791934061381,0.7861271676300579,0.5468791934061381,0.7861271676300579,0.0,0.0,0.0,0.0,0.0,0.0,0.0,0.0,0.0,0.0,0.0,0.0,0.0,0.0
hc2/search/motion_blur_5/order2/23,hc2,search,25,motion_blur_5,order2,23,False,False,False,0.23219437814668709,0.6883116883116883,0.23219437814668709,0.6883116883116883,0.23219437814668709,0.6883116883116883,0.23219437814668709,0.6883116883116883,0.23219437814668709,0.6883116883116883,0.23219437814668709,0.6883116883116883,0.23219437814668709,0.6883116883116883,0.23219437814668709,0.6883116883116883,0.23219437814668709,0.6883116883116883,0.0,0.0,0.0,0.0,0.0,0.0,0.0,0.0,0.0,0.0,0.0,0.0,0.0,0.0
hc2/search/motion_blur_5/order2/24,hc2,search,29,motion_blur_5,order2,24,True,False,True,0.20811150910410678,0.37919463087248323,0.1885022179727168,0.3434650455927052,0.2322742685881042,0.4232209737827715,0.20811150910410678,0.37919463087248323,0.2322742685881042,0.4232209737827715,0.18457508843161852,0.33630952380952384,0.45938688676313943,0.837037037037037,0.18133692898544979,0.3304093567251462,0.43674105431706917,0.795774647887324,0.0,0.0,0.019609291131389983,0.03572958527977804,-0.02416275948399743,-0.044026342910288285,0.02416275948399743,0.044026342910288285,0.043772050615387414,0.07975592819006633,0.0,0.0,0.02416275948399743,0.044026342910288285
hc2/search/motion_blur_5/order2/25,hc2,search,21,motion_blur_5,order2,25,False,False,False,0.596789920167927,0.8664688427299704,0.596789920167927,0.8664688427299704,0.596789920167927,0.8664688427299704,0.596789920167927,0.8664688427299704,0.596789920167927,0.8664688427299704,0.596789920167927,0.8664688427299704,0.596789920167927,0.8664688427299704,0.596789920167927,0.8664688427299704,0.596789920167927,0.8664688427299704,0.0,0.0,0.0,0.0,0.0,0.0,0.0,0.0,0.0,0.0,0.0,0.0,0.0,0.0
hc2/search/motion_blur_5/order2/26,hc2,search,19,motion_blur_5,order2,26,False,False,False,0.5989694894323686,0.8582375478927203,0.5989694894323686,0.8582375478927203,0.5989694894323686,0.8582375478927203,0.5989694894323686,0.8582375478927203,0.5989694894323686,0.8582375478927203,0.5989694894323686,0.8582375478927203,0.5989694894323686,0.8582375478927203,0.5989694894323686,0.8582375478927203,0.5989694894323686,0.8582375478927203,0.0,0.0,0.0,0.0,0.0,0.0,0.0,0.0,0.0,0.0,0.0,0.0,0.0,0.0
hc2/search/motion_blur_5/order2/27,hc2,search,18,motion_blur_5,order2,27,False,False,False,0.18794049373394028,0.27298850574712646,0.18794049373394028,0.27298850574712646,0.18794049373394028,0.27298850574712646,0.18794049373394028,0.27298850574712646,0.18794049373394028,0.27298850574712646,0.18794049373394028,0.27298850574712646,0.18794049373394028,0.27298850574712646,0.18794049373394028,0.27298850574712646,0.18794049373394028,0.27298850574712646,0.0,0.0,0.0,0.0,0.0,0.0,0.0,0.0,0.0,0.0,0.0,0.0,0.0,0.0
hc2/search/motion_blur_5/order2/28,hc2,search,8,motion_blur_5,order2,28,True,False,True,0.6820450321415803,0.7988338192419825,0.8183789788482869,0.9825072886297376,0.6820450321415803,0.7988338192419825,0.05439941839294344,0.0645933014354067,0.6820450321415803,0.7988338192419825,0.034792098697582124,0.041237113402061855,0.7999190467052814,0.9620991253644315,0.046500934331800324,0.05521472392638037,0.7932749548258246,0.9540229885057471,-0.6276456137486368,-0.7342405178065758,-0.7639795604553434,-0.9179139871943309,-0.6276456137486368,-0.7342405178065758,0.0,0.0,-0.13633394670670662,-0.18367346938775508,0.0,0.0,0.6276456137486368,0.7342405178065758
hc2/search/motion_blur_5/order2/29,hc2,search,7,motion_blur_5,order2,29,False,False,False,0.647868848875091,0.9619883040935673,0.647868848875091,0.9619883040935673,0.647868848875091,0.9619883040935673,0.647868848875091,0.9619883040935673,0.647868848875091,0.9619883040935673,0.647868848875091,0.9619883040935673,0.647868848875091,0.9619883040935673,0.647868848875091,0.9619883040935673,0.647868848875091,0.9619883040935673,0.0,0.0,0.0,0.0,0.0,0.0,0.0,0.0,0.0,0.0,0.0,0.0,0.0,0.0
hc2/search/motion_blur_5/order2/30,hc2,search,10,motion_blur_5,order2,30,False,False,False,0.2802749558679616,0.3598326359832636,0.2802749558679616,0.3598326359832636,0.2802749558679616,0.3598326359832636,0.2802749558679616,0.3598326359832636,0.2802749558679616,0.3598326359832636,0.2802749558679616,0.3598326359832636,0.2802749558679616,0.3598326359832636,0.2802749558679616,0.3598326359832636,0.2802749558679616,0.3598326359832636,0.0,0.0,0.0,0.0,0.0,0.0,0.0,0.0,0.0,0.0,0.0,0.0,0.0,0.0
hc2/search/motion_blur_5/order2/31,hc2,search,13,motion_blur_5,order2,31,False,False,False,0.3466202486184246,0.5476190476190477,0.3466202486184246,0.5476190476190477,0.3466202486184246,0.5476190476190477,0.3466202486184246,0.5476190476190477,0.3466202486184246,0.5476190476190477,0.3466202486184246,0.5476190476190477,0.3466202486184246,0.5476190476190477,0.3466202486184246,0.5476190476190477,0.3466202486184246,0.5476190476190477,0.0,0.0,0.0,0.0,0.0,0.0,0.0,0.0,0.0,0.0,0.0,0.0,0.0,0.0
hc2/search/occlusion_5/order1/0,hc2,search,2,occlusion_5,order1,0,True,False,True,0.15153262670837472,0.31100478468899523,0.16975747517562523,0.3686635944700461,0.29005804813472974,0.6299212598425197,0.33679465937907926,0.7419354838709677,0.29005804813472974,0.6299212598425197,0.35416228273846573,0.6947368421052632,0.43454608966689334,0.8736842105263158,0.38986646348369963,0.7789473684210526,0.4655920236397254,0.9368421052631579,0.18526203267070454,0.4309306991819725,0.16703718420345404,0.37327188940092165,0.046736611244349524,0.11201422402844807,0.13852542142635502,0.31891647515352445,0.12030057295910451,0.2612576653724736,0.0,0.0,-0.046736611244349524,-0.11201422402844807
hc2/search/occlusion_5/order1/1,hc2,search,0,occlusion_5,order1,1,False,False,False,0.19479513473360757,0.3778801843317972,0.19479513473360757,0.3778801843317972,0.19479513473360757,0.3778801843317972,0.19479513473360757,0.3778801843317972,0.19479513473360757,0.3778801843317972,0.19479513473360757,0.3778801843317972,0.19479513473360757,0.3778801843317972,0.19479513473360757,0.3778801843317972,0.19479513473360757,0.3778801843317972,0.0,0.0,0.0,0.0,0.0,0.0,0.0,0.0,0.0,0.0,0.0,0.0,0.0,0.0
hc2/search/occlusion_5/order1/2,hc2,search,25,occlusion_5,order1,2,False,False,False,0.24813965924175177,0.6883116883116883,0.24813965924175177,0.6883116883116883,0.24813965924175177,0.6883116883116883,0.24813965924175177,0.6883116883116883,0.24813965924175177,0.6883116883116883,0.24813965924175177,0.6883116883116883,0.24813965924175177,0.6883116883116883,0.24813965924175177,0.6883116883116883,0.24813965924175177,0.6883116883116883,0.0,0.0,0.0,0.0,0.0,0.0,0.0,0.0,0.0,0.0,0.0,0.0,0.0,0.0
hc2/search/occlusion_5/order1/3,hc2,search,22,occlusion_5,order1,3,False,False,False,0.062142842185604744,0.24316939890710382,0.062142842185604744,0.24316939890710382,0.062142842185604744,0.24316939890710382,0.062142842185604744,0.24316939890710382,0.062142842185604744,0.24316939890710382,0.062142842185604744,0.24316939890710382,0.062142842185604744,0.24316939890710382,0.062142842185604744,0.24316939890710382,0.062142842185604744,0.24316939890710382,0.0,0.0,0.0,0.0,0.0,0.0,0.0,0.0,0.0,0.0,0.0,0.0,0.0,0.0
hc2/search/occlusion_5/order1/4,hc2,search,27,occlusion_5,order1,4,True,False,True,0.615089577539879,0.8022813688212928,0.2589291131654658,0.32987012987012987,0.615089577539879,0.8022813688212928,0.43138282371463516,0.5626666666666666,0.615089577539879,0.8022813688212928,0.3794445768514268,0.49382716049382713,0.6928546769963794,0.9193548387096774,0.3756829240899684,0.4891041162227603,0.7119365756008311,0.9437751004016064,-0.18370675382524387,-0.2396147021546261,0.17245371054916936,0.23279653679653678,-0.18370675382524387,-0.2396147021546261,0.0,0.0,0.35616046437441323,0.4724112389511629,0.0,0.0,0.18370675382524387,0.2396147021546261
hc2/search/occlusion_5/order1/5,hc2,search,31,occlusion_5,order1,5,False,False,False,0.48484611751791884,0.8092105263157895,0.48484611751791884,0.8092105263157895,0.48484611751791884,0.8092105263157895,0.48484611751791884,0.8092105263157895,0.48484611751791884,0.8092105263157895,0.48484611751791884,0.8092105263157895,0.48484611751791884,0.8092105263157895,0.48484611751791884,0.8092105263157895,0.48484611751791884,0.8092105263157895,0.0,0.0,0.0,0.0,0.0,0.0,0.0,0.0,0.0,0.0,0.0,0.0,0.0,0.0
hc2/search/occlusion_5/order1/6,hc2,search,11,occlusion_5,order1,6,False,False,False,0.19271697200581578,0.7013698630136986,0.19271697200581578,0.7013698630136986,0.19271697200581578,0.7013698630136986,0.19271697200581578,0.7013698630136986,0.19271697200581578,0.7013698630136986,0.19271697200581578,0.7013698630136986,0.19271697200581578,0.7013698630136986,0.19271697200581578,0.7013698630136986,0.19271697200581578,0.7013698630136986,0.0,0.0,0.0,0.0,0.0,0.0,0.0,0.0,0.0,0.0,0.0,0.0,0.0,0.0
hc2/search/occlusion_5/order1/7,hc2,search,30,occlusion_5,order1,7,False,False,False,0.5750715011757646,0.7861271676300579,0.5750715011757646,0.7861271676300579,0.5750715011757646,0.7861271676300579,0.5750715011757646,0.7861271676300579,0.5750715011757646,0.7861271676300579,0.5750715011757646,0.7861271676300579,0.5750715011757646,0.7861271676300579,0.5750715011757646,0.7861271676300579,0.5750715011757646,0.7861271676300579,0.0,0.0,0.0,0.0,0.0,0.0,0.0,0.0,0.0,0.0,0.0,0.0,0.0,0.0
hc2/search/occlusion_5/order1/8,hc2,search,26,occlusion_5,order1,8,True,False,True,0.17039641434174252,0.4180327868852459,0.18235405745344374,0.4473684210526316,0.18235405745344374,0.4473684210526316,0.16925825472344694,0.415,0.17617256398044565,0.4322033898305085,0.09507877475918314,0.25980392156862747,0.33802215527955426,0.8292682926829268,0.11240312980510395,0.28846153846153844,0.3079757414769272,0.7555555555555555,-0.001138159618295581,-0.0030327868852459416,-0.013095802729996803,-0.0323684210526316,-0.013095802729996803,-0.0323684210526316,0.005776149638703126,0.014170602945262567,-0.006181493472998095,-0.015165031222123093,-0.006181493472998095,-0.015165031222123093,0.0069143092569987075,0.01720338983050851
hc2/search/occlusion_5/order1/9,hc2,search,24,occlusion_5,order1,9,False,False,False,0.01778116093951791,0.342911877394636,0.01778116093951791,0.342911877394636,0.01778116093951791,0.342911877394636,0.01778116093951791,0.342911877394636,0.01778116093951791,0.342911877394636,0.01778116093951791,0.342911877394636,0.01778116093951791,0.342911877394636,0.01778116093951791,0.342911877394636,0.01778116093951791,0.342911877394636,0.0,0.0,0.0,0.0,0.0,0.0,0.0,0.0,0.0,0.0,0.0,0.0,0.0,0.0
hc2/search/occlusion_5/order1/10,hc2,search,19,occlusion_5,order1,10,False,False,False,0.5810419601076383,0.8327137546468402,0.5810419601076383,0.8327137546468402,0.5810419601076383,0.8327137546468402,0.5810419601076383,0.8327137546468402,0.5810419601076383,0.8327137546468402,0.5810419601076383,0.8327137546468402,0.5810419601076383,0.8327137546468402,0.5810419601076383,0.8327137546468402,0.5810419601076383,0.8327137546468402,0.0,0.0,0.0,0.0,0.0,0.0,0.0,0.0,0.0,0.0,0.0,0.0,0.0,0.0
hc2/search/occlusion_5/order1/11,hc2,search,13,occlusion_5,order1,11,False,False,False,0.35468079988009593,0.5476190476190477,0.35468079988009593,0.5476190476190477,0.35468079988009593,0.5476190476190477,0.35468079988009593,0.5476190476190477,0.35468079988009593,0.5476190476190477,0.35468079988009593,0.5476190476190477,0.35468079988009593,0.5476190476190477,0.35468079988009593,0.5476190476190477,0.35468079988009593,0.5476190476190477,0.0,0.0,0.0,0.0,0.0,0.0,0.0,0.0,0.0,0.0,0.0,0.0,0.0,0.0
hc2/search/occlusion_5/order1/12,hc2,search,14,occlusion_5,order1,12,True,False,True,0.515851688455694,0.788235294117647,0.34525506707664555,0.5275590551181102,0.515851688455694,0.788235294117647,0.30248964077676266,0.44936708860759494,0.48991501138250265,0.7486033519553073,0.27172592509426097,0.4036144578313253,0.5965631771256324,0.9115646258503401,0.28618780384867365,0.4251497005988024,0.5807601790560794,0.8874172185430463,-0.2133620476789313,-0.3388682055100521,-0.04276542629988289,-0.07819196651051524,-0.2133620476789313,-0.3388682055100521,-0.025936677073191305,-0.039631942162339784,0.1446599443058571,0.22104429683719706,-0.025936677073191305,-0.039631942162339784,0.18742537060574,0.2992362633477123
hc2/search/occlusion_5/order1/13,hc2,search,16,occlusion_5,order1,13,False,False,False,0.17981477659949557,0.35904255319148937,0.17981477659949557,0.35904255319148937,0.17981477659949557,0.35904255319148937,0.17981477659949557,0.35904255319148937,0.17981477659949557,0.35904255319148937,0.17981477659949557,0.35904255319148937,0.17981477659949557,0.35904255319148937,0.17981477659949557,0.35904255319148937,0.17981477659949557,0.35904255319148937,0.0,0.0,0.0,0.0,0.0,0.0,0.0,0.0,0.0,0.0,0.0,0.0,0.0,0.0
hc2/search/occlusion_5/order1/14,hc2,search,17,occlusion_5,order1,14,False,False,False,0.2975720780603986,0.4533678756476684,0.2975720780603986,0.4533678756476684,0.2975720780603986,0.4533678756476684,0.2975720780603986,0.4533678756476684,0.2975720780603986,0.4533678756476684,0.2975720780603986,0.4533678756476684,0.2975720780603986,0.4533678756476684,0.2975720780603986,0.4533678756476684,0.2975720780603986,0.4533678756476684,0.0,0.0,0.0,0.0,0.0,0.0,0.0,0.0,0.0,0.0,0.0,0.0,0.0,0.0
hc2/search/occlusion_5/order1/15,hc2,search,23,occlusion_5,order1,15,False,False,False,0.09238703130569666,0.8074534161490683,0.09238703130569666,0.8074534161490683,0.09238703130569666,0.8074534161490683,0.09238703130569666,0.8074534161490683,0.09238703130569666,0.8074534161490683,0.09238703130569666,0.8074534161490683,0.09238703130569666,0.8074534161490683,0.09238703130569666,0.8074534161490683,0.09238703130569666,0.8074534161490683,0.0,0.0,0.0,0.0,0.0,0.0,0.0,0.0,0.0,0.0,0.0,0.0,0.0,0.0
hc2/search/occlusion_5/order1/16,hc2,search,29,occlusion_5,order1,16,True,False,True,0.22548710275596295,0.4232209737827715,0.20760364288221417,0.3896551724137931,0.23986078261291677,0.450199203187251,0.22548710275596295,0.4232209737827715,0.23986078261291677,0.450199203187251,0.18079596527279912,0.33933933933933935,0.44596338100623784,0.837037037037037,0.18025465998755122,0.3383233532934132,0.42397927067494445,0.795774647887324,0.0,0.0,0.017883459873748786,0.03356580136897841,-0.014373679856953814,-0.02697822940447947,0.014373679856953814,0.02697822940447947,0.0322571397307026,0.06054403077345788,0.0,0.0,0.014373679856953814,0.02697822940447947
hc2/search/occlusion_5/order1/17,hc2,search,9,occlusion_5,order1,17,False,False,False,0.0,0.0,0.0,0.0,0.0,0.0,0.0,0.0,0.0,0.0,0.0,0.0,0.0,0.0,0.0,0.0,0.0,0.0,0.0,0.0,0.0,0.0,0.0,0.0,0.0,0.0,0.0,0.0,0.0,0.0,0.0,0.0
hc2/search/occlusion_5/order1/18,hc2,search,5,occlusion_5,order1,18,False,False,False,0.23186747514849396,0.46996466431095407,0.23186747514849396,0.46996466431095407,0.23186747514849396,0.46996466431095407,0.23186747514849396,0.46996466431095407,0.23186747514849396,0.46996466431095407,0.23186747514849396,0.46996466431095407,0.23186747514849396,0.46996466431095407,0.23186747514849396,0.46996466431095407,0.23186747514849396,0.46996466431095407,0.0,0.0,0.0,0.0,0.0,0.0,0.0,0.0,0.0,0.0,0.0,0.0,0.0,0.0
hc2/search/occlusion_5/order1/19,hc2,search,8,occlusion_5,order1,19,False,False,False,0.7404008130652023,0.8688046647230321,0.7404008130652023,0.8688046647230321,0.7404008130652023,0.8688046647230321,0.7404008130652023,0.8688046647230321,0.7404008130652023,0.8688046647230321,0.7404008130652023,0.8688046647230321,0.7404008130652023,0.8688046647230321,0.7404008130652023,0.8688046647230321,0.7404008130652023,0.8688046647230321,0.0,0.0,0.0,0.0,0.0,0.0,0.0,0.0,0.0,0.0,0.0,0.0,0.0,0.0
hc2/search/occlusion_5/order1/20,hc2,search,28,occlusion_5,order1,20,True,False,True,0.4191190204550389,0.5978835978835979,0.4020989587106718,0.5736040609137056,0.5013512333291288,0.7151898734177216,0.28804907224000853,0.4109090909090909,0.5013512333291288,0.7151898734177216,0.237878362960968,0.33933933933933935,0.6440121533821329,0.9186991869918699,0.23505488090801885,0.3353115727002967,0.6286785306825583,0.8968253968253969,-0.13106994821503037,-0.18697450697450702,-0.11404988647066328,-0.16269497000461475,-0.21330216108912026,-0.30428078250863067,0.08223221287408988,0.11730627553412365,0.09925227461845698,0.14158581250401592,0.0,0.0,0.21330216108912026,0.30428078250863067
hc2/search/occlusion_5/order1/21,hc2,search,10,occlusion_5,order1,21,False,False,False,0.27165854150692964,0.3598326359832636,0.27165854150692964,0.3598326359832636,0.27165854150692964,0.3598326359832636,0.27165854150692964,0.3598326359832636,0.27165854150692964,0.3598326359832636,0.27165854150692964,0.3598326359832636,0.27165854150692964,0.3598326359832636,0.27165854150692964,0.3598326359832636,0.27165854150692964,0.3598326359832636,0.0,0.0,0.0,0.0,0.0,0.0,0.0,0.0,0.0,0.0,0.0,0.0,0.0,0.0
hc2/search/occlusion_5/order1/22,hc2,search,21,occlusion_5,order1,22,False,False,False,0.6322674139862998,0.9244712990936556,0.6322674139862998,0.9244712990936556,0.6322674139862998,0.9244712990936556,0.6322674139862998,0.9244712990936556,0.6322674139862998,0.9244712990936556,0.6322674139862998,0.9244712990936556,0.6322674139862998,0.9244712990936556,0.6322674139862998,0.9244712990936556,0.6322674139862998,0.9244712990936556,0.0,0.0,0.0,0.0,0.0,0.0,0.0,0.0,0.0,0.0,0.0,0.0,0.0,0.0
hc2/search/occlusion_5/order1/23,hc2,search,20,occlusion_5,order1,23,False,False,False,0.5472913449924983,0.890295358649789,0.5472913449924983,0.890295358649789,0.5472913449924983,0.890295358649789,0.5472913449924983,0.890295358649789,0.5472913449924983,0.890295358649789,0.5472913449924983,0.890295358649789,0.5472913449924983,0.890295358649789,0.5472913449924983,0.890295358649789,0.5472913449924983,0.890295358649789,0.0,0.0,0.0,0.0,0.0,0.0,0.0,0.0,0.0,0.0,0.0,0.0,0.0,0.0
hc2/search/occlusion_5/order1/24,hc2,search,1,occlusion_5,order1,24,True,False,True,0.3771994138766985,0.6735537190082644,0.42095754984854583,0.7520661157024794,0.3771994138766985,0.6735537190082644,0.3771994138766985,0.6735537190082644,0.42095754984854583,0.7520661157024794,0.4125465121059796,0.7345971563981043,0.4846770416047649,0.8578680203045685,0.42655260821570573,0.7616822429906542,0.49465316443221274,0.88,0.0,0.0,-0.043758135971847356,-0.07851239669421495,0.0,0.0,0.043758135971847356,0.07851239669421495,0.0,0.0,0.043758135971847356,0.07851239669421495,0.043758135971847356,0.07851239669421495
hc2/search/occlusion_5/order1/25,hc2,search,7,occlusion_5,order1,25,False,False,False,0.6479893883512909,0.9824561403508771,0.6479893883512909,0.9824561403508771,0.6479893883512909,0.9824561403508771,0.6479893883512909,0.9824561403508771,0.6479893883512909,0.9824561403508771,0.6479893883512909,0.9824561403508771,0.6479893883512909,0.9824561403508771,0.6479893883512909,0.9824561403508771,0.6479893883512909,0.9824561403508771,0.0,0.0,0.0,0.0,0.0,0.0,0.0,0.0,0.0,0.0,0.0,0.0,0.0,0.0
hc2/search/occlusion_5/order1/26,hc2,search,12,occlusion_5,order1,26,False,False,False,0.4699993624575279,0.8191489361702128,0.4699993624575279,0.8191489361702128,0.4699993624575279,0.8191489361702128,0.4699993624575279,0.8191489361702128,0.4699993624575279,0.8191489361702128,0.4699993624575279,0.8191489361702128,0.4699993624575279,0.8191489361702128,0.4699993624575279,0.8191489361702128,0.4699993624575279,0.8191489361702128,0.0,0.0,0.0,0.0,0.0,0.0,0.0,0.0,0.0,0.0,0.0,0.0,0.0,0.0
hc2/search/occlusion_5/order1/27,hc2,search,18,occlusion_5,order1,27,False,False,False,0.2249248663243499,0.3390804597701149,0.2249248663243499,0.3390804597701149,0.2249248663243499,0.3390804597701149,0.2249248663243499,0.3390804597701149,0.2249248663243499,0.3390804597701149,0.2249248663243499,0.3390804597701149,0.2249248663243499,0.3390804597701149,0.2249248663243499,0.3390804597701149,0.2249248663243499,0.3390804597701149,0.0,0.0,0.0,0.0,0.0,0.0,0.0,0.0,0.0,0.0,0.0,0.0,0.0,0.0
hc2/search/occlusion_5/order1/28,hc2,search,3,occlusion_5,order1,28,True,False,True,0.22447812328858824,0.5028901734104047,0.2382497872940231,0.5337423312883436,0.3770360711546191,0.8446601941747572,0.30821202642004575,0.6904761904761905,0.3770360711546191,0.8446601941747572,0.3498623002605925,0.7837837837837838,0.36231991299432253,0.8505747126436781,0.32634214562122493,0.7310924369747899,0.3978645650516839,0.9080459770114943,0.08373390313145751,0.18758601706578582,0.06996223912602265,0.15673385918784688,-0.06882404473457338,-0.15418400369856677,0.15255794786603089,0.3417700207643526,0.13878628386059602,0.31091786288641365,0.0,0.0,0.06882404473457338,0.15418400369856677
hc2/search/occlusion_5/order1/29,hc2,search,6,occlusion_5,order1,29,False,False,False,0.3039789147310619,0.6896551724137931,0.3039789147310619,0.6896551724137931,0.3039789147310619,0.6896551724137931,0.3039789147310619,0.6896551724137931,0.3039789147310619,0.6896551724137931,0.3039789147310619,0.6896551724137931,0.3039789147310619,0.6896551724137931,0.3039789147310619,0.6896551724137931,0.3039789147310619,0.6896551724137931,0.0,0.0,0.0,0.0,0.0,0.0,0.0,0.0,0.0,0.0,0.0,0.0,0.0,0.0
hc2/search/occlusion_5/order1/30,hc2,search,15,occlusion_5,order1,30,False,False,False,0.06545273278402829,0.28044280442804426,0.06545273278402829,0.28044280442804426,0.06545273278402829,0.28044280442804426,0.06545273278402829,0.28044280442804426,0.06545273278402829,0.28044280442804426,0.06545273278402829,0.28044280442804426,0.06545273278402829,0.28044280442804426,0.06545273278402829,0.28044280442804426,0.06545273278402829,0.28044280442804426,0.0,0.0,0.0,0.0,0.0,0.0,0.0,0.0,0.0,0.0,0.0,0.0,0.0,0.0
hc2/search/occlusion_5/order1/31,hc2,search,4,occlusion_5,order1,31,False,False,False,0.0,0.0,0.0,0.0,0.0,0.0,0.0,0.0,0.0,0.0,0.0,0.0,0.0,0.0,0.0,0.0,0.0,0.0,0.0,0.0,0.0,0.0,0.0,0.0,0.0,0.0,0.0,0.0,0.0,0.0,0.0,0.0
hc2/search/occlusion_5/order2/0,hc2,search,16,occlusion_5,order2,0,True,False,True,0.16546849710802858,0.35904255319148937,0.1902318483813199,0.4015957446808511,0.37629939447061167,0.8120567375886525,0.1902318483813199,0.4015957446808511,0.37629939447061167,0.8120567375886525,0.27580799402084466,0.5882352941176471,0.43107641906027594,0.9576923076923077,0.2787164136097033,0.5944444444444444,0.436564222342042,0.9923371647509579,0.024763351273291323,0.04255319148936171,0.0,0.0,-0.18606754608929177,-0.4104609929078014,0.2108308973625831,0.4530141843971631,0.18606754608929177,0.4104609929078014,0.0,0.0,0.18606754608929177,0.4104609929078014
hc2/search/occlusion_5/order2/1,hc2,search,2,occlusion_5,order2,1,False,False,False,0.16296892450983408,0.31100478468899523,0.16296892450983408,0.31100478468899523,0.16296892450983408,0.31100478468899523,0.16296892450983408,0.31100478468899523,0.16296892450983408,0.31100478468899523,0.16296892450983408,0.31100478468899523,0.16296892450983408,0.31100478468899523,0.16296892450983408,0.31100478468899523,0.16296892450983408,0.31100478468899523,0.0,0.0,0.0,0.0,0.0,0.0,0.0,0.0,0.0,0.0,0.0,0.0,0.0,0.0
hc2/search/occlusion_5/order2/2,hc2,search,27,occlusion_5,order2,2,False,False,False,0.6081893540528638,0.8022813688212928,0.6081893540528638,0.8022813688212928,0.6081893540528638,0.8022813688212928,0.6081893540528638,0.8022813688212928,0.6081893540528638,0.8022813688212928,0.6081893540528638,0.8022813688212928,0.6081893540528638,0.8022813688212928,0.6081893540528638,0.8022813688212928,0.6081893540528638,0.8022813688212928,0.0,0.0,0.0,0.0,0.0,0.0,0.0,0.0,0.0,0.0,0.0,0.0,0.0,0.0
hc2/search/occlusion_5/order2/3,hc2,search,22,occlusion_5,order2,3,False,False,False,0.06047322578328677,0.24316939890710382,0.06047322578328677,0.24316939890710382,0.06047322578328677,0.24316939890710382,0.06047322578328677,0.24316939890710382,0.06047322578328677,0.24316939890710382,0.06047322578328677,0.24316939890710382,0.06047322578328677,0.24316939890710382,0.06047322578328677,0.24316939890710382,0.06047322578328677,0.24316939890710382,0.0,0.0,0.0,0.0,0.0,0.0,0.0,0.0,0.0,0.0,0.0,0.0,0.0,0.0
hc2/search/occlusion_5/order2/4,hc2,search,23,occlusion_5,order2,4,True,False,True,0.11129372906810138,0.8074534161490683,0.09188866861520165,0.6666666666666666,0.10602538686369421,0.7692307692307693,0.09927030681420677,0.7202216066481995,0.09927030681420677,0.7202216066481995,0.09791415508177226,0.7103825136612022,0.11269365018845486,0.8176100628930818,0.0950572433950362,0.6896551724137931,0.10859569927251105,0.7878787878787878,-0.012023422253894606,-0.08723180950086884,0.007381638199005128,0.05355493998153282,-0.0067550800494874386,-0.04900916258256982,-0.012023422253894606,-0.08723180950086884,0.007381638199005128,0.05355493998153282,-0.0067550800494874386,-0.04900916258256982,0.0,0.0
hc2/search/occlusion_5/order2/5,hc2,search,26,occlusion_5,order2,5,False,False,False,0.19176908668601025,0.4180327868852459,0.19176908668601025,0.4180327868852459,0.19176908668601025,0.4180327868852459,0.19176908668601025,0.4180327868852459,0.19176908668601025,0.4180327868852459,0.19176908668601025,0.4180327868852459,0.19176908668601025,0.4180327868852459,0.19176908668601025,0.4180327868852459,0.19176908668601025,0.4180327868852459,0.0,0.0,0.0,0.0,0.0,0.0,0.0,0.0,0.0,0.0,0.0,0.0,0.0,0.0
hc2/search/occlusion_5/order2/6,hc2,search,15,occlusion_5,order2,6,False,False,False,0.06535395325613724,0.28044280442804426,0.06535395325613724,0.28044280442804426,0.06535395325613724,0.28044280442804426,0.06535395325613724,0.28044280442804426,0.06535395325613724,0.28044280442804426,0.06535395325613724,0.28044280442804426,0.06535395325613724,0.28044280442804426,0.06535395325613724,0.28044280442804426,0.06535395325613724,0.28044280442804426,0.0,0.0,0.0,0.0,0.0,0.0,0.0,0.0,0.0,0.0,0.0,0.0,0.0,0.0
hc2/search/occlusion_5/order2/7,hc2,search,12,occlusion_5,order2,7,False,False,False,0.4744189426409923,0.8191489361702128,0.4744189426409923,0.8191489361702128,0.4744189426409923,0.8191489361702128,0.4744189426409923,0.8191489361702128,0.4744189426409923,0.8191489361702128,0.4744189426409923,0.8191489361702128,0.4744189426409923,0.8191489361702128,0.4744189426409923,0.8191489361702128,0.4744189426409923,0.8191489361702128,0.0,0.0,0.0,0.0,0.0,0.0,0.0,0.0,0.0,0.0,0.0,0.0,0.0,0.0
hc2/search/occlusion_5/order2/8,hc2,search,5,occlusion_5,order2,8,True,False,True,0.2367228245572487,0.46996466431095407,0.2093517479678168,0.415625,0.354457985977256,0.7037037037037037,0.10119901490981512,0.20599250936329588,0.354457985977256,0.7037037037037037,0.05286111813193251,0.10863509749303621,0.4588531462308314,0.910958904109589,0.06243906765393536,0.12742382271468145,0.443659333441731,0.8807947019867549,-0.13552380964743357,-0.2639721549476582,-0.10815273305800169,-0.20963249063670414,-0.2532589710674409,-0.49771119434040784,0.11773516142000728,0.23373903939274965,0.14510623800943917,0.2880787037037037,0.0,0.0,0.2532589710674409,0.49771119434040784
hc2/search/occlusion_5/order2/9,hc2,search,17,occlusion_5,order2,9,False,False,False,0.2867760303218239,0.4533678756476684,0.2867760303218239,0.4533678756476684,0.2867760303218239,0.4533678756476684,0.2867760303218239,0.4533678756476684,0.2867760303218239,0.4533678756476684,0.2867760303218239,0.4533678756476684,0.2867760303218239,0.4533678756476684,0.2867760303218239,0.4533678756476684,0.2867760303218239,0.4533678756476684,0.0,0.0,0.0,0.0,0.0,0.0,0.0,0.0,0.0,0.0,0.0,0.0,0.0,0.0
hc2/search/occlusion_5/order2/10,hc2,search,11,occlusion_5,order2,10,False,False,False,0.21964780449625604,0.7013698630136986,0.21964780449625604,0.7013698630136986,0.21964780449625604,0.7013698630136986,0.21964780449625604,0.7013698630136986,0.21964780449625604,0.7013698630136986,0.21964780449625604,0.7013698630136986,0.21964780449625604,0.7013698630136986,0.21964780449625604,0.7013698630136986,0.21964780449625604,0.7013698630136986,0.0,0.0,0.0,0.0,0.0,0.0,0.0,0.0,0.0,0.0,0.0,0.0,0.0,0.0
hc2/search/occlusion_5/order2/11,hc2,search,3,occlusion_5,order2,11,False,False,False,0.21823122255574529,0.5028901734104047,0.21823122255574529,0.5028901734104047,0.21823122255574529,0.5028901734104047,0.21823122255574529,0.5028901734104047,0.21823122255574529,0.5028901734104047,0.21823122255574529,0.5028901734104047,0.21823122255574529,0.5028901734104047,0.21823122255574529,0.5028901734104047,0.21823122255574529,0.5028901734104047,0.0,0.0,0.0,0.0,0.0,0.0,0.0,0.0,0.0,0.0,0.0,0.0,0.0,0.0
hc2/search/occlusion_5/order2/12,hc2,search,1,occlusion_5,order2,12,True,False,True,0.3776219082531077,0.6735537190082644,0.4204589765836967,0.7520661157024794,0.3776219082531077,0.6735537190082644,0.3776219082531077,0.6735537190082644,0.4204589765836967,0.7520661157024794,0.4134700246519298,0.7345971563981043,0.48395549845014185,0.8578680203045685,0.4270303822301499,0.7616822429906542,0.4938885955268708,0.88,0.0,0.0,-0.04283706833058898,-0.07851239669421495,0.0,0.0,0.04283706833058898,0.07851239669421495,0.0,0.0,0.04283706833058898,0.07851239669421495,0.04283706833058898,0.07851239669421495
hc2/search/occlusion_5/order2/13,hc2,search,9,occlusion_5,order2,13,False,False,False,0.0,0.0,0.0,0.0,0.0,0.0,0.0,0.0,0.0,0.0,0.0,0.0,0.0,0.0,0.0,0.0,0.0,0.0,0.0,0.0,0.0,0.0,0.0,0.0,0.0,0.0,0.0,0.0,0.0,0.0,0.0,0.0
hc2/search/occlusion_5/order2/14,hc2,search,14,occlusion_5,order2,14,False,False,False,0.5338787624185811,0.788235294117647,0.5338787624185811,0.788235294117647,0.5338787624185811,0.788235294117647,0.5338787624185811,0.788235294117647,0.5338787624185811,0.788235294117647,0.5338787624185811,0.788235294117647,0.5338787624185811,0.788235294117647,0.5338787624185811,0.788235294117647,0.5338787624185811,0.788235294117647,0.0,0.0,0.0,0.0,0.0,0.0,0.0,0.0,0.0,0.0,0.0,0.0,0.0,0.0
hc2/search/occlusion_5/order2/15,hc2,search,31,occlusion_5,order2,15,False,False,False,0.4982950591126799,0.8092105263157895,0.4982950591126799,0.8092105263157895,0.4982950591126799,0.8092105263157895,0.4982950591126799,0.8092105263157895,0.4982950591126799,0.8092105263157895,0.4982950591126799,0.8092105263157895,0.4982950591126799,0.8092105263157895,0.4982950591126799,0.8092105263157895,0.4982950591126799,0.8092105263157895,0.0,0.0,0.0,0.0,0.0,0.0,0.0,0.0,0.0,0.0,0.0,0.0,0.0,0.0
hc2/search/occlusion_5/order2/16,hc2,search,20,occlusion_5,order2,16,True,False,True,0.5592486872595316,0.890295358649789,0.5011060867827,0.8,0.5592486872595316,0.890295358649789,0.0274157439610308,0.045317220543806644,0.5592486872595316,0.890295358649789,0.0,0.0,0.5950973632964882,0.9414225941422594,0.0,0.0,0.5905080250767175,0.9344262295081968,-0.5318329432985008,-0.8449781381059824,-0.47369034282166916,-0.7546827794561934,-0.5318329432985008,-0.8449781381059824,0.0,0.0,0.05814260047683162,0.09029535864978899,0.0,0.0,0.5318329432985008,0.8449781381059824
hc2/search/occlusion_5/order2/17,hc2,search,0,occlusion_5,order2,17,False,False,False,0.21325161057691444,0.3778801843317972,0.21325161057691444,0.3778801843317972,0.21325161057691444,0.3778801843317972,0.21325161057691444,0.3778801843317972,0.21325161057691444,0.3778801843317972,0.21325161057691444,0.3778801843317972,0.21325161057691444,0.3778801843317972,0.21325161057691444,0.3778801843317972,0.21325161057691444,0.3778801843317972,0.0,0.0,0.0,0.0,0.0,0.0,0.0,0.0,0.0,0.0,0.0,0.0,0.0,0.0
hc2/search/occlusion_5/order2/18,hc2,search,24,occlusion_5,order2,18,False,False,False,0.019430443801884398,0.342911877394636,0.019430443801884398,0.342911877394636,0.019430443801884398,0.342911877394636,0.019430443801884398,0.342911877394636,0.019430443801884398,0.342911877394636,0.019430443801884398,0.342911877394636,0.019430443801884398,0.342911877394636,0.019430443801884398,0.342911877394636,0.019430443801884398,0.342911877394636,0.0,0.0,0.0,0.0,0.0,0.0,0.0,0.0,0.0,0.0,0.0,0.0,0.0,0.0
hc2/search/occlusion_5/order2/19,hc2,search,6,occlusion_5,order2,19,False,False,False,0.30527961538055914,0.6896551724137931,0.30527961538055914,0.6896551724137931,0.30527961538055914,0.6896551724137931,0.30527961538055914,0.6896551724137931,0.30527961538055914,0.6896551724137931,0.30527961538055914,0.6896551724137931,0.30527961538055914,0.6896551724137931,0.30527961538055914,0.6896551724137931,0.30527961538055914,0.6896551724137931,0.0,0.0,0.0,0.0,0.0,0.0,0.0,0.0,0.0,0.0,0.0,0.0,0.0,0.0
hc2/search/occlusion_5/order2/20,hc2,search,4,occlusion_5,order2,20,True,False,True,0.0,0.0,0.0,0.0,0.0,0.0,0.0,0.0,0.0,0.0,0.0,0.0,0.35124099054214514,0.7785234899328859,0.0,0.0,0.39392808316100697,0.8456375838926175,0.0,0.0,0.0,0.0,0.0,0.0,0.0,0.0,0.0,0.0,0.0,0.0,0.0,0.0
hc2/search/occlusion_5/order2/21,hc2,search,28,occlusion_5,order2,21,False,False,False,0.41205634052082224,0.5978835978835979,0.41205634052082224,0.5978835978835979,0.41205634052082224,0.5978835978835979,0.41205634052082224,0.5978835978835979,0.41205634052082224,0.5978835978835979,0.41205634052082224,0.5978835978835979,0.41205634052082224,0.5978835978835979,0.41205634052082224,0.5978835978835979,0.41205634052082224,0.5978835978835979,0.0,0.0,0.0,0.0,0.0,0.0,0.0,0.0,0.0,0.0,0.0,0.0,0.0,0.0
hc2/search/occlusion_5/order2/22,hc2,search,30,occlusion_5,order2,22,False,False,False,0.5406932498019754,0.7861271676300579,0.5406932498019754,0.7861271676300579,0.5406932498019754,0.7861271676300579,0.5406932498019754,0.7861271676300579,0.5406932498019754,0.7861271676300579,0.5406932498019754,0.7861271676300579,0.5406932498019754,0.7861271676300579,0.5406932498019754,0.7861271676300579,0.5406932498019754,0.7861271676300579,0.0,0.0,0.0,0.0,0.0,0.0,0.0,0.0,0.0,0.0,0.0,0.0,0.0,0.0
hc2/search/occlusion_5/order2/23,hc2,search,25,occlusion_5,order2,23,False,False,False,0.23217193702614503,0.6883116883116883,0.23217193702614503,0.6883116883116883,0.23217193702614503,0.6883116883116883,0.23217193702614503,0.6883116883116883,0.23217193702614503,0.6883116883116883,0.23217193702614503,0.6883116883116883,0.23217193702614503,0.6883116883116883,0.23217193702614503,0.6883116883116883,0.23217193702614503,0.6883116883116883,0.0,0.0,0.0,0.0,0.0,0.0,0.0,0.0,0.0,0.0,0.0,0.0,0.0,0.0
hc2/search/occlusion_5/order2/24,hc2,search,29,occlusion_5,order2,24,True,False,True,0.22813974610183613,0.4232209737827715,0.21004590416962154,0.3896551724137931,0.24268251876171412,0.450199203187251,0.22813974610183613,0.4232209737827715,0.24268251876171412,0.450199203187251,0.1829228594870578,0.33933933933933935,0.4512097200680759,0.837037037037037,0.1823751862550606,0.3383233532934132,0.4289669873886637,0.795774647887324,0.0,0.0,0.018093841932214583,0.03356580136897841,-0.014542772659877995,-0.02697822940447947,0.014542772659877995,0.02697822940447947,0.03263661459209258,0.06054403077345788,0.0,0.0,0.014542772659877995,0.02697822940447947
hc2/search/occlusion_5/order2/25,hc2,search,21,occlusion_5,order2,25,False,False,False,0.6314165077948539,0.9244712990936556,0.6314165077948539,0.9244712990936556,0.6314165077948539,0.9244712990936556,0.6314165077948539,0.9244712990936556,0.6314165077948539,0.9244712990936556,0.6314165077948539,0.9244712990936556,0.6314165077948539,0.9244712990936556,0.6314165077948539,0.9244712990936556,0.6314165077948539,0.9244712990936556,0.0,0.0,0.0,0.0,0.0,0.0,0.0,0.0,0.0,0.0,0.0,0.0,0.0,0.0
hc2/search/occlusion_5/order2/26,hc2,search,19,occlusion_5,order2,26,False,False,False,0.5775220286289426,0.8327137546468402,0.5775220286289426,0.8327137546468402,0.5775220286289426,0.8327137546468402,0.5775220286289426,0.8327137546468402,0.5775220286289426,0.8327137546468402,0.5775220286289426,0.8327137546468402,0.5775220286289426,0.8327137546468402,0.5775220286289426,0.8327137546468402,0.5775220286289426,0.8327137546468402,0.0,0.0,0.0,0.0,0.0,0.0,0.0,0.0,0.0,0.0,0.0,0.0,0.0,0.0
hc2/search/occlusion_5/order2/27,hc2,search,18,occlusion_5,order2,27,False,False,False,0.24004291518593487,0.3390804597701149,0.24004291518593487,0.3390804597701149,0.24004291518593487,0.3390804597701149,0.24004291518593487,0.3390804597701149,0.24004291518593487,0.3390804597701149,0.24004291518593487,0.3390804597701149,0.24004291518593487,0.3390804597701149,0.24004291518593487,0.3390804597701149,0.24004291518593487,0.3390804597701149,0.0,0.0,0.0,0.0,0.0,0.0,0.0,0.0,0.0,0.0,0.0,0.0,0.0,0.0
hc2/search/occlusion_5/order2/28,hc2,search,8,occlusion_5,order2,28,True,False,True,0.7206696783958866,0.8688046647230321,0.8104717210720697,0.9825072886297376,0.7573835974389949,0.9125364431486881,0.05356822456006077,0.0645933014354067,0.7573835974389949,0.9125364431486881,0.03589716180030751,0.04329896907216495,0.8008777158744645,0.9715909090909091,0.04579042508406013,0.05521472392638037,0.7829110247487644,0.9501385041551247,-0.6671014538358258,-0.8042113632876253,-0.7569034965120089,-0.9179139871943309,-0.703815372878934,-0.8479431417132814,0.03671391904310828,0.04373177842565601,-0.0530881236330748,-0.06997084548104948,0.0,0.0,0.703815372878934,0.8479431417132814
hc2/search/occlusion_5/order2/29,hc2,search,7,occlusion_5,order2,29,False,False,False,0.6546800693076119,0.9824561403508771,0.6546800693076119,0.9824561403508771,0.6546800693076119,0.9824561403508771,0.6546800693076119,0.9824561403508771,0.6546800693076119,0.9824561403508771,0.6546800693076119,0.9824561403508771,0.6546800693076119,0.9824561403508771,0.6546800693076119,0.9824561403508771,0.6546800693076119,0.9824561403508771,0.0,0.0,0.0,0.0,0.0,0.0,0.0,0.0,0.0,0.0,0.0,0.0,0.0,0.0
hc2/search/occlusion_5/order2/30,hc2,search,10,occlusion_5,order2,30,False,False,False,0.2791496971311768,0.3598326359832636,0.2791496971311768,0.3598326359832636,0.2791496971311768,0.3598326359832636,0.2791496971311768,0.3598326359832636,0.2791496971311768,0.3598326359832636,0.2791496971311768,0.3598326359832636,0.2791496971311768,0.3598326359832636,0.2791496971311768,0.3598326359832636,0.2791496971311768,0.3598326359832636,0.0,0.0,0.0,0.0,0.0,0.0,0.0,0.0,0.0,0.0,0.0,0.0,0.0,0.0
hc2/search/occlusion_5/order2/31,hc2,search,13,occlusion_5,order2,31,False,False,False,0.34345586610153583,0.5476190476190477,0.34345586610153583,0.5476190476190477,0.34345586610153583,0.5476190476190477,0.34345586610153583,0.5476190476190477,0.34345586610153583,0.5476190476190477,0.34345586610153583,0.5476190476190477,0.34345586610153583,0.5476190476190477,0.34345586610153583,0.5476190476190477,0.34345586610153583,0.5476190476190477,0.0,0.0,0.0,0.0,0.0,0.0,0.0,0.0,0.0,0.0,0.0,0.0,0.0,0.0
hc2/search/exposure_5/order1/0,hc2,search,2,exposure_5,order1,0,True,False,True,0.13354719995744502,0.2727272727272727,0.16293801230959679,0.33505154639175255,0.24889743612647067,0.5118110236220472,0.23589533125419235,0.48507462686567165,0.24889743612647067,0.5118110236220472,0.3605661180410161,0.744,0.44187024269732367,0.9117647058823529,0.34938577329555826,0.7209302325581395,0.4251958939162926,0.8773584905660378,0.10234813129674733,0.21234735413839895,0.07295731894459556,0.1500230804739191,-0.01300210487227832,-0.02673639675637557,0.11535023616902565,0.23908375089477452,0.08595942381687388,0.17675947723029467,0.0,0.0,0.01300210487227832,0.02673639675637557
hc2/search/exposure_5/order1/1,hc2,search,0,exposure_5,order1,1,False,False,False,0.1810837200683535,0.3778801843317972,0.1810837200683535,0.3778801843317972,0.1810837200683535,0.3778801843317972,0.1810837200683535,0.3778801843317972,0.1810837200683535,0.3778801843317972,0.1810837200683535,0.3778801843317972,0.1810837200683535,0.3778801843317972,0.1810837200683535,0.3778801843317972,0.1810837200683535,0.3778801843317972,0.0,0.0,0.0,0.0,0.0,0.0,0.0,0.0,0.0,0.0,0.0,0.0,0.0,0.0
hc2/search/exposure_5/order1/2,hc2,search,25,exposure_5,order1,2,False,False,False,0.24635767396770766,0.6883116883116883,0.24635767396770766,0.6883116883116883,0.24635767396770766,0.6883116883116883,0.24635767396770766,0.6883116883116883,0.24635767396770766,0.6883116883116883,0.24635767396770766,0.6883116883116883,0.24635767396770766,0.6883116883116883,0.24635767396770766,0.6883116883116883,0.24635767396770766,0.6883116883116883,0.0,0.0,0.0,0.0,0.0,0.0,0.0,0.0,0.0,0.0,0.0,0.0,0.0,0.0
hc2/search/exposure_5/order1/3,hc2,search,22,exposure_5,order1,3,False,False,False,0.07586302731765725,0.24316939890710382,0.07586302731765725,0.24316939890710382,0.07586302731765725,0.24316939890710382,0.07586302731765725,0.24316939890710382,0.07586302731765725,0.24316939890710382,0.07586302731765725,0.24316939890710382,0.07586302731765725,0.24316939890710382,0.07586302731765725,0.24316939890710382,0.07586302731765725,0.24316939890710382,0.0,0.0,0.0,0.0,0.0,0.0,0.0,0.0,0.0,0.0,0.0,0.0,0.0,0.0
hc2/search/exposure_5/order1/4,hc2,search,27,exposure_5,order1,4,True,False,True,0.6138729463769167,0.8022813688212928,0.2717853162265047,0.35324675324675325,0.6138729463769167,0.8022813688212928,0.4305295597256775,0.5626666666666666,0.6138729463769167,0.8022813688212928,0.3777391122422887,0.49257425742574257,0.698531742190114,0.9274193548387096,0.3748983217123023,0.4891041162227603,0.7114765705108954,0.9437751004016064,-0.18334338665123917,-0.2396147021546261,0.15874424349917282,0.2094199134199134,-0.18334338665123917,-0.2396147021546261,0.0,0.0,0.342087630150412,0.4490346155745395,0.0,0.0,0.18334338665123917,0.2396147021546261
hc2/search/exposure_5/order1/5,hc2,search,31,exposure_5,order1,5,False,False,False,0.48756433434409785,0.8092105263157895,0.48756433434409785,0.8092105263157895,0.48756433434409785,0.8092105263157895,0.48756433434409785,0.8092105263157895,0.48756433434409785,0.8092105263157895,0.48756433434409785,0.8092105263157895,0.48756433434409785,0.8092105263157895,0.48756433434409785,0.8092105263157895,0.48756433434409785,0.8092105263157895,0.0,0.0,0.0,0.0,0.0,0.0,0.0,0.0,0.0,0.0,0.0,0.0,0.0,0.0
hc2/search/exposure_5/order1/6,hc2,search,11,exposure_5,order1,6,False,False,False,0.22649194375039094,0.779874213836478,0.22649194375039094,0.779874213836478,0.22649194375039094,0.779874213836478,0.22649194375039094,0.779874213836478,0.22649194375039094,0.779874213836478,0.22649194375039094,0.779874213836478,0.22649194375039094,0.779874213836478,0.22649194375039094,0.779874213836478,0.22649194375039094,0.779874213836478,0.0,0.0,0.0,0.0,0.0,0.0,0.0,0.0,0.0,0.0,0.0,0.0,0.0,0.0
hc2/search/exposure_5/order1/7,hc2,search,30,exposure_5,order1,7,False,False,False,0.5301764275166667,0.723404255319149,0.5301764275166667,0.723404255319149,0.5301764275166667,0.723404255319149,0.5301764275166667,0.723404255319149,0.5301764275166667,0.723404255319149,0.5301764275166667,0.723404255319149,0.5301764275166667,0.723404255319149,0.5301764275166667,0.723404255319149,0.5301764275166667,0.723404255319149,0.0,0.0,0.0,0.0,0.0,0.0,0.0,0.0,0.0,0.0,0.0,0.0,0.0,0.0
hc2/search/exposure_5/order1/8,hc2,search,26,exposure_5,order1,8,True,False,True,0.14427141177279607,0.4473684210526316,0.12472370041690334,0.4272300469483568,0.1551598202084788,0.4811320754716981,0.1348109913286783,0.4180327868852459,0.1495176449281705,0.4636363636363636,0.08582440376361757,0.2955665024630542,0.24547673047908586,0.7611940298507462,0.08376131713468446,0.28846153846153844,0.23164705552251763,0.7183098591549296,-0.009460420444117768,-0.02933563416738566,0.01008729091177496,-0.00919726006311089,-0.020348828879800496,-0.0630992885864522,0.005246233155374425,0.016267942583732042,0.024793944511267152,0.03640631668800681,-0.005642175280308304,-0.017495711835334493,0.014706653599492192,0.0456035767511177
hc2/search/exposure_5/order1/9,hc2,search,24,exposure_5,order1,9,False,False,False,0.05649275439969286,0.4521072796934866,0.05649275439969286,0.4521072796934866,0.05649275439969286,0.4521072796934866,0.05649275439969286,0.4521072796934866,0.05649275439969286,0.4521072796934866,0.05649275439969286,0.4521072796934866,0.05649275439969286,0.4521072796934866,0.05649275439969286,0.4521072796934866,0.05649275439969286,0.4521072796934866,0.0,0.0,0.0,0.0,0.0,0.0,0.0,0.0,0.0,0.0,0.0,0.0,0.0,0.0
hc2/search/exposure_5/order1/10,hc2,search,19,exposure_5,order1,10,False,False,False,0.5879517601426385,0.8327137546468402,0.5879517601426385,0.8327137546468402,0.5879517601426385,0.8327137546468402,0.5879517601426385,0.8327137546468402,0.5879517601426385,0.8327137546468402,0.5879517601426385,0.8327137546468402,0.5879517601426385,0.8327137546468402,0.5879517601426385,0.8327137546468402,0.5879517601426385,0.8327137546468402,0.0,0.0,0.0,0.0,0.0,0.0,0.0,0.0,0.0,0.0,0.0,0.0,0.0,0.0
hc2/search/exposure_5/order1/11,hc2,search,13,exposure_5,order1,11,False,False,False,0.35235676754342055,0.5476190476190477,0.35235676754342055,0.5476190476190477,0.35235676754342055,0.5476190476190477,0.35235676754342055,0.5476190476190477,0.35235676754342055,0.5476190476190477,0.35235676754342055,0.5476190476190477,0.35235676754342055,0.5476190476190477,0.35235676754342055,0.5476190476190477,0.35235676754342055,0.5476190476190477,0.0,0.0,0.0,0.0,0.0,0.0,0.0,0.0,0.0,0.0,0.0,0.0,0.0,0.0
hc2/search/exposure_5/order1/12,hc2,search,14,exposure_5,order1,12,True,False,True,0.47035102472143814,0.708994708994709,0.4096605699186719,0.6175115207373272,0.522919668660893,0.788235294117647,0.2443477592762866,0.3502824858757062,0.522919668660893,0.788235294117647,0.27133799686774585,0.38922155688622756,0.6129375904278315,0.9236111111111112,0.2956046983755189,0.4251497005988024,0.5887175077639192,0.8874172185430463,-0.22600326544515154,-0.35871222311900275,-0.1653128106423853,-0.267229034861621,-0.2785719093846064,-0.4379528082419408,0.05256864393945487,0.07924058512293808,0.11325909874222112,0.17072377338031985,0.0,0.0,0.2785719093846064,0.4379528082419408
hc2/search/exposure_5/order1/13,hc2,search,16,exposure_5,order1,13,False,False,False,0.17946259199070747,0.35904255319148937,0.17946259199070747,0.35904255319148937,0.17946259199070747,0.35904255319148937,0.17946259199070747,0.35904255319148937,0.17946259199070747,0.35904255319148937,0.17946259199070747,0.35904255319148937,0.17946259199070747,0.35904255319148937,0.17946259199070747,0.35904255319148937,0.17946259199070747,0.35904255319148937,0.0,0.0,0.0,0.0,0.0,0.0,0.0,0.0,0.0,0.0,0.0,0.0,0.0,0.0
hc2/search/exposure_5/order1/14,hc2,search,17,exposure_5,order1,14,False,False,False,0.29644381243394297,0.4533678756476684,0.29644381243394297,0.4533678756476684,0.29644381243394297,0.4533678756476684,0.29644381243394297,0.4533678756476684,0.29644381243394297,0.4533678756476684,0.29644381243394297,0.4533678756476684,0.29644381243394297,0.4533678756476684,0.29644381243394297,0.4533678756476684,0.29644381243394297,0.4533678756476684,0.0,0.0,0.0,0.0,0.0,0.0,0.0,0.0,0.0,0.0,0.0,0.0,0.0,0.0
hc2/search/exposure_5/order1/15,hc2,search,23,exposure_5,order1,15,False,False,False,0.06781397138730721,0.5739514348785872,0.06781397138730721,0.5739514348785872,0.06781397138730721,0.5739514348785872,0.06781397138730721,0.5739514348785872,0.06781397138730721,0.5739514348785872,0.06781397138730721,0.5739514348785872,0.06781397138730721,0.5739514348785872,0.06781397138730721,0.5739514348785872,0.06781397138730721,0.5739514348785872,0.0,0.0,0.0,0.0,0.0,0.0,0.0,0.0,0.0,0.0,0.0,0.0,0.0,0.0
hc2/search/exposure_5/order1/16,hc2,search,29,exposure_5,order1,16,True,False,True,0.22406163787556047,0.4232209737827715,0.20629123211301603,0.3896551724137931,0.22406163787556047,0.4232209737827715,0.20075321245897532,0.37919463087248323,0.22406163787556047,0.4232209737827715,0.17752064484502864,0.3353115727002967,0.44314412824277516,0.837037037037037,0.17492531378004283,0.3304093567251462,0.4212989951603848,0.795774647887324,-0.02330842541658515,-0.044026342910288285,-0.005538019654040716,-0.010460541541309876,-0.02330842541658515,-0.044026342910288285,0.0,0.0,0.017770405762544433,0.03356580136897841,0.0,0.0,0.02330842541658515,0.044026342910288285
hc2/search/exposure_5/order1/17,hc2,search,9,exposure_5,order1,17,False,False,False,0.0,0.0,0.0,0.0,0.0,0.0,0.0,0.0,0.0,0.0,0.0,0.0,0.0,0.0,0.0,0.0,0.0,0.0,0.0,0.0,0.0,0.0,0.0,0.0,0.0,0.0,0.0,0.0,0.0,0.0,0.0,0.0
hc2/search/exposure_5/order1/18,hc2,search,5,exposure_5,order1,18,False,False,False,0.23075674760665543,0.46996466431095407,0.23075674760665543,0.46996466431095407,0.23075674760665543,0.46996466431095407,0.23075674760665543,0.46996466431095407,0.23075674760665543,0.46996466431095407,0.23075674760665543,0.46996466431095407,0.23075674760665543,0.46996466431095407,0.23075674760665543,0.46996466431095407,0.23075674760665543,0.46996466431095407,0.0,0.0,0.0,0.0,0.0,0.0,0.0,0.0,0.0,0.0,0.0,0.0,0.0,0.0
hc2/search/exposure_5/order1/19,hc2,search,8,exposure_5,order1,19,False,False,False,0.7052846175264249,0.8250728862973761,0.7052846175264249,0.8250728862973761,0.7052846175264249,0.8250728862973761,0.7052846175264249,0.8250728862973761,0.7052846175264249,0.8250728862973761,0.7052846175264249,0.8250728862973761,0.7052846175264249,0.8250728862973761,0.7052846175264249,0.8250728862973761,0.7052846175264249,0.8250728862973761,0.0,0.0,0.0,0.0,0.0,0.0,0.0,0.0,0.0,0.0,0.0,0.0,0.0,0.0
hc2/search/exposure_5/order1/20,hc2,search,28,exposure_5,order1,20,True,False,True,0.4061219012995811,0.5736040609137056,0.4061219012995811,0.5736040609137056,0.5063671807342878,0.7151898734177216,0.27588280881385335,0.3896551724137931,0.5063671807342878,0.7151898734177216,0.23531180751769845,0.3323529411764706,0.6557870045575203,0.9262295081967213,0.23190149146671732,0.32753623188405795,0.6349683694922021,0.8968253968253969,-0.13023909248572774,-0.18394888849991253,-0.13023909248572774,-0.18394888849991253,-0.23048437192043442,-0.32553470100392845,0.10024527943470668,0.14158581250401592,0.10024527943470668,0.14158581250401592,0.0,0.0,0.23048437192043442,0.32553470100392845
hc2/search/exposure_5/order1/21,hc2,search,10,exposure_5,order1,21,False,False,False,0.2721326799847001,0.3598326359832636,0.2721326799847001,0.3598326359832636,0.2721326799847001,0.3598326359832636,0.2721326799847001,0.3598326359832636,0.2721326799847001,0.3598326359832636,0.2721326799847001,0.3598326359832636,0.2721326799847001,0.3598326359832636,0.2721326799847001,0.3598326359832636,0.2721326799847001,0.3598326359832636,0.0,0.0,0.0,0.0,0.0,0.0,0.0,0.0,0.0,0.0,0.0,0.0,0.0,0.0
hc2/search/exposure_5/order1/22,hc2,search,21,exposure_5,order1,22,False,False,False,0.5888415898846474,0.8761329305135952,0.5888415898846474,0.8761329305135952,0.5888415898846474,0.8761329305135952,0.5888415898846474,0.8761329305135952,0.5888415898846474,0.8761329305135952,0.5888415898846474,0.8761329305135952,0.5888415898846474,0.8761329305135952,0.5888415898846474,0.8761329305135952,0.5888415898846474,0.8761329305135952,0.0,0.0,0.0,0.0,0.0,0.0,0.0,0.0,0.0,0.0,0.0,0.0,0.0,0.0
hc2/search/exposure_5/order1/23,hc2,search,20,exposure_5,order1,23,False,False,False,0.5375321434740644,0.890295358649789,0.5375321434740644,0.890295358649789,0.5375321434740644,0.890295358649789,0.5375321434740644,0.890295358649789,0.5375321434740644,0.890295358649789,0.5375321434740644,0.890295358649789,0.5375321434740644,0.890295358649789,0.5375321434740644,0.890295358649789,0.5375321434740644,0.890295358649789,0.0,0.0,0.0,0.0,0.0,0.0,0.0,0.0,0.0,0.0,0.0,0.0,0.0,0.0
hc2/search/exposure_5/order1/24,hc2,search,1,exposure_5,order1,24,True,False,True,0.37716078763952077,0.6735537190082644,0.420413975903541,0.7520661157024794,0.37716078763952077,0.6735537190082644,0.23283905767541843,0.41581632653061223,0.420413975903541,0.7520661157024794,0.18510088006828262,0.32903225806451614,0.4774763977926439,0.8484848484848485,0.1839143359652808,0.3269230769230769,0.4937200289724008,0.88,-0.14432172996410234,-0.2577373924776522,-0.18757491822812258,-0.33624978917186715,-0.14432172996410234,-0.2577373924776522,0.04325318826402025,0.07851239669421495,0.0,0.0,0.04325318826402025,0.07851239669421495,0.18757491822812258,0.33624978917186715
hc2/search/exposure_5/order1/25,hc2,search,7,exposure_5,order1,25,False,False,False,0.6451294890210708,0.9824561403508771,0.6451294890210708,0.9824561403508771,0.6451294890210708,0.9824561403508771,0.6451294890210708,0.9824561403508771,0.6451294890210708,0.9824561403508771,0.6451294890210708,0.9824561403508771,0.6451294890210708,0.9824561403508771,0.6451294890210708,0.9824561403508771,0.6451294890210708,0.9824561403508771,0.0,0.0,0.0,0.0,0.0,0.0,0.0,0.0,0.0,0.0,0.0,0.0,0.0,0.0
hc2/search/exposure_5/order1/26,hc2,search,12,exposure_5,order1,26,False,False,False,0.4700521466678931,0.8191489361702128,0.4700521466678931,0.8191489361702128,0.4700521466678931,0.8191489361702128,0.4700521466678931,0.8191489361702128,0.4700521466678931,0.8191489361702128,0.4700521466678931,0.8191489361702128,0.4700521466678931,0.8191489361702128,0.4700521466678931,0.8191489361702128,0.4700521466678931,0.8191489361702128,0.0,0.0,0.0,0.0,0.0,0.0,0.0,0.0,0.0,0.0,0.0,0.0,0.0,0.0
hc2/search/exposure_5/order1/27,hc2,search,18,exposure_5,order1,27,False,False,False,0.2358699982259284,0.35435435435435436,0.2358699982259284,0.35435435435435436,0.2358699982259284,0.35435435435435436,0.2358699982259284,0.35435435435435436,0.2358699982259284,0.35435435435435436,0.2358699982259284,0.35435435435435436,0.2358699982259284,0.35435435435435436,0.2358699982259284,0.35435435435435436,0.2358699982259284,0.35435435435435436,0.0,0.0,0.0,0.0,0.0,0.0,0.0,0.0,0.0,0.0,0.0,0.0,0.0,0.0
hc2/search/exposure_5/order1/28,hc2,search,3,exposure_5,order1,28,True,False,True,0.22425734878829245,0.5028901734104047,0.2380154683458564,0.5337423312883436,0.3766652557317922,0.8446601941747572,0.2732149390167225,0.6126760563380281,0.3766652557317922,0.8446601941747572,0.349518210273645,0.7837837837837838,0.3612773467716039,0.8505747126436781,0.3260211877342403,0.7310924369747899,0.3971178121672473,0.9080459770114943,0.04895759022843005,0.10978588292762348,0.035199470670866095,0.07893372504968454,-0.10345031671506971,-0.2319841378367291,0.15240790694349976,0.3417700207643526,0.1386497873859358,0.31091786288641365,0.0,0.0,0.10345031671506971,0.2319841378367291
hc2/search/exposure_5/order1/29,hc2,search,6,exposure_5,order1,29,False,False,False,0.303788022163885,0.6896551724137931,0.303788022163885,0.6896551724137931,0.303788022163885,0.6896551724137931,0.303788022163885,0.6896551724137931,0.303788022163885,0.6896551724137931,0.303788022163885,0.6896551724137931,0.303788022163885,0.6896551724137931,0.303788022163885,0.6896551724137931,0.303788022163885,0.6896551724137931,0.0,0.0,0.0,0.0,0.0,0.0,0.0,0.0,0.0,0.0,0.0,0.0,0.0,0.0
hc2/search/exposure_5/order1/30,hc2,search,15,exposure_5,order1,30,False,False,False,0.056933468063146475,0.28044280442804426,0.056933468063146475,0.28044280442804426,0.056933468063146475,0.28044280442804426,0.056933468063146475,0.28044280442804426,0.056933468063146475,0.28044280442804426,0.056933468063146475,0.28044280442804426,0.056933468063146475,0.28044280442804426,0.056933468063146475,0.28044280442804426,0.056933468063146475,0.28044280442804426,0.0,0.0,0.0,0.0,0.0,0.0,0.0,0.0,0.0,0.0,0.0,0.0,0.0,0.0
hc2/search/exposure_5/order1/31,hc2,search,4,exposure_5,order1,31,False,False,False,0.0,0.0,0.0,0.0,0.0,0.0,0.0,0.0,0.0,0.0,0.0,0.0,0.0,0.0,0.0,0.0,0.0,0.0,0.0,0.0,0.0,0.0,0.0,0.0,0.0,0.0,0.0,0.0,0.0,0.0,0.0,0.0
hc2/search/exposure_5/order2/0,hc2,search,16,exposure_5,order2,0,True,False,True,0.16534931003450817,0.35904255319148937,0.1782922477924347,0.3803191489361702,0.37620004583493744,0.8120567375886525,0.1782922477924347,0.3803191489361702,0.37620004583493744,0.8120567375886525,0.2749577054188997,0.5865921787709497,0.4286715998159714,0.9538461538461539,0.2786382302624824,0.5944444444444444,0.4312720913254427,0.9616858237547893,0.012942937757926515,0.021276595744680826,0.0,0.0,-0.19790779804250275,-0.4317375886524823,0.21085073580042926,0.4530141843971631,0.19790779804250275,0.4317375886524823,0.0,0.0,0.19790779804250275,0.4317375886524823
hc2/search/exposure_5/order2/1,hc2,search,2,exposure_5,order2,1,False,False,False,0.14590813214452827,0.2727272727272727,0.14590813214452827,0.2727272727272727,0.14590813214452827,0.2727272727272727,0.14590813214452827,0.2727272727272727,0.14590813214452827,0.2727272727272727,0.14590813214452827,0.2727272727272727,0.14590813214452827,0.2727272727272727,0.14590813214452827,0.2727272727272727,0.14590813214452827,0.2727272727272727,0.0,0.0,0.0,0.0,0.0,0.0,0.0,0.0,0.0,0.0,0.0,0.0,0.0,0.0
hc2/search/exposure_5/order2/2,hc2,search,27,exposure_5,order2,2,False,False,False,0.6035357992556902,0.8022813688212928,0.6035357992556902,0.8022813688212928,0.6035357992556902,0.8022813688212928,0.6035357992556902,0.8022813688212928,0.6035357992556902,0.8022813688212928,0.6035357992556902,0.8022813688212928,0.6035357992556902,0.8022813688212928,0.6035357992556902,0.8022813688212928,0.6035357992556902,0.8022813688212928,0.0,0.0,0.0,0.0,0.0,0.0,0.0,0.0,0.0,0.0,0.0,0.0,0.0,0.0
hc2/search/exposure_5/order2/3,hc2,search,22,exposure_5,order2,3,False,False,False,0.07315611954936338,0.24316939890710382,0.07315611954936338,0.24316939890710382,0.07315611954936338,0.24316939890710382,0.07315611954936338,0.24316939890710382,0.07315611954936338,0.24316939890710382,0.07315611954936338,0.24316939890710382,0.07315611954936338,0.24316939890710382,0.07315611954936338,0.24316939890710382,0.07315611954936338,0.24316939890710382,0.0,0.0,0.0,0.0,0.0,0.0,0.0,0.0,0.0,0.0,0.0,0.0,0.0,0.0
hc2/search/exposure_5/order2/4,hc2,search,23,exposure_5,order2,4,True,False,True,0.07852654036577471,0.5739514348785872,0.08389745940022629,0.6132075471698113,0.07852654036577471,0.5739514348785872,0.07852654036577471,0.5739514348785872,0.07852654036577471,0.5739514348785872,0.08370005361340223,0.611764705882353,0.1151214329634173,0.8414239482200647,0.08234380274466654,0.6018518518518519,0.11328828912642021,0.8280254777070064,0.0,0.0,-0.005370919034451582,-0.039256112291224055,0.0,0.0,0.0,0.0,-0.005370919034451582,-0.039256112291224055,0.0,0.0,0.0,0.0
hc2/search/exposure_5/order2/5,hc2,search,26,exposure_5,order2,5,False,False,False,0.16396234648803706,0.4473684210526316,0.16396234648803706,0.4473684210526316,0.16396234648803706,0.4473684210526316,0.16396234648803706,0.4473684210526316,0.16396234648803706,0.4473684210526316,0.16396234648803706,0.4473684210526316,0.16396234648803706,0.4473684210526316,0.16396234648803706,0.4473684210526316,0.16396234648803706,0.4473684210526316,0.0,0.0,0.0,0.0,0.0,0.0,0.0,0.0,0.0,0.0,0.0,0.0,0.0,0.0
hc2/search/exposure_5/order2/6,hc2,search,15,exposure_5,order2,6,False,False,False,0.06551828228254586,0.28044280442804426,0.06551828228254586,0.28044280442804426,0.06551828228254586,0.28044280442804426,0.06551828228254586,0.28044280442804426,0.06551828228254586,0.28044280442804426,0.06551828228254586,0.28044280442804426,0.06551828228254586,0.28044280442804426,0.06551828228254586,0.28044280442804426,0.06551828228254586,0.28044280442804426,0.0,0.0,0.0,0.0,0.0,0.0,0.0,0.0,0.0,0.0,0.0,0.0,0.0,0.0
hc2/search/exposure_5/order2/7,hc2,search,12,exposure_5,order2,7,False,False,False,0.47441363705351886,0.8191489361702128,0.47441363705351886,0.8191489361702128,0.47441363705351886,0.8191489361702128,0.47441363705351886,0.8191489361702128,0.47441363705351886,0.8191489361702128,0.47441363705351886,0.8191489361702128,0.47441363705351886,0.8191489361702128,0.47441363705351886,0.8191489361702128,0.47441363705351886,0.8191489361702128,0.0,0.0,0.0,0.0,0.0,0.0,0.0,0.0,0.0,0.0,0.0,0.0,0.0,0.0
hc2/search/exposure_5/order2/8,hc2,search,5,exposure_5,order2,8,True,False,True,0.23685319565885757,0.46996466431095407,0.20946704491080217,0.415625,0.3546531977325751,0.7037037037037037,0.08448882969252094,0.17228464419475656,0.3546531977325751,0.7037037037037037,0.05005206964041239,0.10306406685236769,0.4687374431570398,0.9300699300699301,0.062488968221338204,0.12742382271468145,0.4439036713341503,0.8807947019867549,-0.15236436596633662,-0.29768002011619754,-0.12497821521828123,-0.24334035580524346,-0.27016436804005417,-0.5314190595089472,0.11780000207371752,0.23373903939274965,0.1451861528217729,0.2880787037037037,0.0,0.0,0.27016436804005417,0.5314190595089472
hc2/search/exposure_5/order2/9,hc2,search,17,exposure_5,order2,9,False,False,False,0.2869104754375095,0.4533678756476684,0.2869104754375095,0.4533678756476684,0.2869104754375095,0.4533678756476684,0.2869104754375095,0.4533678756476684,0.2869104754375095,0.4533678756476684,0.2869104754375095,0.4533678756476684,0.2869104754375095,0.4533678756476684,0.2869104754375095,0.4533678756476684,0.2869104754375095,0.4533678756476684,0.0,0.0,0.0,0.0,0.0,0.0,0.0,0.0,0.0,0.0,0.0,0.0,0.0,0.0
hc2/search/exposure_5/order2/10,hc2,search,11,exposure_5,order2,10,False,False,False,0.25735515155249433,0.779874213836478,0.25735515155249433,0.779874213836478,0.25735515155249433,0.779874213836478,0.25735515155249433,0.779874213836478,0.25735515155249433,0.779874213836478,0.25735515155249433,0.779874213836478,0.25735515155249433,0.779874213836478,0.25735515155249433,0.779874213836478,0.25735515155249433,0.779874213836478,0.0,0.0,0.0,0.0,0.0,0.0,0.0,0.0,0.0,0.0,0.0,0.0,0.0,0.0
hc2/search/exposure_5/order2/11,hc2,search,3,exposure_5,order2,11,False,False,False,0.21826769522956496,0.5028901734104047,0.21826769522956496,0.5028901734104047,0.21826769522956496,0.5028901734104047,0.21826769522956496,0.5028901734104047,0.21826769522956496,0.5028901734104047,0.21826769522956496,0.5028901734104047,0.21826769522956496,0.5028901734104047,0.21826769522956496,0.5028901734104047,0.21826769522956496,0.5028901734104047,0.0,0.0,0.0,0.0,0.0,0.0,0.0,0.0,0.0,0.0,0.0,0.0,0.0,0.0
hc2/search/exposure_5/order2/12,hc2,search,1,exposure_5,order2,12,True,False,True,0.3774808488157412,0.6735537190082644,0.4203074846628974,0.7520661157024794,0.3774808488157412,0.6735537190082644,0.233036646462779,0.41581632653061223,0.4203074846628974,0.7520661157024794,0.18534337412167617,0.32903225806451614,0.4776594607300989,0.8484848484848485,0.18415527556961414,0.3269230769230769,0.493712780015471,0.88,-0.14444420235296218,-0.2577373924776522,-0.18727083820011842,-0.33624978917186715,-0.14444420235296218,-0.2577373924776522,0.042826635847156236,0.07851239669421495,0.0,0.0,0.042826635847156236,0.07851239669421495,0.18727083820011842,0.33624978917186715
hc2/search/exposure_5/order2/13,hc2,search,9,exposure_5,order2,13,False,False,False,0.0,0.0,0.0,0.0,0.0,0.0,0.0,0.0,0.0,0.0,0.0,0.0,0.0,0.0,0.0,0.0,0.0,0.0,0.0,0.0,0.0,0.0,0.0,0.0,0.0,0.0,0.0,0.0,0.0,0.0,0.0,0.0
hc2/search/exposure_5/order2/14,hc2,search,14,exposure_5,order2,14,False,False,False,0.4880203368087354,0.708994708994709,0.4880203368087354,0.708994708994709,0.4880203368087354,0.708994708994709,0.4880203368087354,0.708994708994709,0.4880203368087354,0.708994708994709,0.4880203368087354,0.708994708994709,0.4880203368087354,0.708994708994709,0.4880203368087354,0.708994708994709,0.4880203368087354,0.708994708994709,0.0,0.0,0.0,0.0,0.0,0.0,0.0,0.0,0.0,0.0,0.0,0.0,0.0,0.0
hc2/search/exposure_5/order2/15,hc2,search,31,exposure_5,order2,15,False,False,False,0.5004772053468942,0.8092105263157895,0.5004772053468942,0.8092105263157895,0.5004772053468942,0.8092105263157895,0.5004772053468942,0.8092105263157895,0.5004772053468942,0.8092105263157895,0.5004772053468942,0.8092105263157895,0.5004772053468942,0.8092105263157895,0.5004772053468942,0.8092105263157895,0.5004772053468942,0.8092105263157895,0.0,0.0,0.0,0.0,0.0,0.0,0.0,0.0,0.0,0.0,0.0,0.0,0.0,0.0
hc2/search/exposure_5/order2/16,hc2,search,20,exposure_5,order2,16,True,False,True,0.5583751808259023,0.890295358649789,0.5003322835756496,0.8,0.5583751808259023,0.890295358649789,0.0273596608911698,0.045317220543806644,0.5583751808259023,0.890295358649789,0.0,0.0,0.5941548710745632,0.9414225941422594,0.0,0.0,0.5895765567753286,0.9344262295081968,-0.5310155199347325,-0.8449781381059824,-0.4729726226844798,-0.7546827794561934,-0.5310155199347325,-0.8449781381059824,0.0,0.0,0.05804289725025269,0.09029535864978899,0.0,0.0,0.5310155199347325,0.8449781381059824
hc2/search/exposure_5/order2/17,hc2,search,0,exposure_5,order2,17,False,False,False,0.20616812626794817,0.3778801843317972,0.20616812626794817,0.3778801843317972,0.20616812626794817,0.3778801843317972,0.20616812626794817,0.3778801843317972,0.20616812626794817,0.3778801843317972,0.20616812626794817,0.3778801843317972,0.20616812626794817,0.3778801843317972,0.20616812626794817,0.3778801843317972,0.20616812626794817,0.3778801843317972,0.0,0.0,0.0,0.0,0.0,0.0,0.0,0.0,0.0,0.0,0.0,0.0,0.0,0.0
hc2/search/exposure_5/order2/18,hc2,search,24,exposure_5,order2,18,False,False,False,0.059913721549357445,0.4521072796934866,0.059913721549357445,0.4521072796934866,0.059913721549357445,0.4521072796934866,0.059913721549357445,0.4521072796934866,0.059913721549357445,0.4521072796934866,0.059913721549357445,0.4521072796934866,0.059913721549357445,0.4521072796934866,0.059913721549357445,0.4521072796934866,0.059913721549357445,0.4521072796934866,0.0,0.0,0.0,0.0,0.0,0.0,0.0,0.0,0.0,0.0,0.0,0.0,0.0,0.0
hc2/search/exposure_5/order2/19,hc2,search,6,exposure_5,order2,19,False,False,False,0.30546390649915367,0.6896551724137931,0.30546390649915367,0.6896551724137931,0.30546390649915367,0.6896551724137931,0.30546390649915367,0.6896551724137931,0.30546390649915367,0.6896551724137931,0.30546390649915367,0.6896551724137931,0.30546390649915367,0.6896551724137931,0.30546390649915367,0.6896551724137931,0.30546390649915367,0.6896551724137931,0.0,0.0,0.0,0.0,0.0,0.0,0.0,0.0,0.0,0.0,0.0,0.0,0.0,0.0
hc2/search/exposure_5/order2/20,hc2,search,4,exposure_5,order2,20,True,False,True,0.0,0.0,0.10545641588188101,0.21603563474387527,0.0,0.0,0.0,0.0,0.0,0.0,0.0,0.0,0.3501956610980301,0.7785234899328859,0.0,0.0,0.3919603074714887,0.8456375838926175,0.0,0.0,-0.10545641588188101,-0.21603563474387527,0.0,0.0,0.0,0.0,-0.10545641588188101,-0.21603563474387527,0.0,0.0,0.0,0.0
hc2/search/exposure_5/order2/21,hc2,search,28,exposure_5,order2,21,False,False,False,0.39130418064585654,0.5736040609137056,0.39130418064585654,0.5736040609137056,0.39130418064585654,0.5736040609137056,0.39130418064585654,0.5736040609137056,0.39130418064585654,0.5736040609137056,0.39130418064585654,0.5736040609137056,0.39130418064585654,0.5736040609137056,0.39130418064585654,0.5736040609137056,0.39130418064585654,0.5736040609137056,0.0,0.0,0.0,0.0,0.0,0.0,0.0,0.0,0.0,0.0,0.0,0.0,0.0,0.0
hc2/search/exposure_5/order2/22,hc2,search,30,exposure_5,order2,22,False,False,False,0.5022941795918807,0.723404255319149,0.5022941795918807,0.723404255319149,0.5022941795918807,0.723404255319149,0.5022941795918807,0.723404255319149,0.5022941795918807,0.723404255319149,0.5022941795918807,0.723404255319149,0.5022941795918807,0.723404255319149,0.5022941795918807,0.723404255319149,0.5022941795918807,0.723404255319149,0.0,0.0,0.0,0.0,0.0,0.0,0.0,0.0,0.0,0.0,0.0,0.0,0.0,0.0
hc2/search/exposure_5/order2/23,hc2,search,25,exposure_5,order2,23,False,False,False,0.23136890263356003,0.6883116883116883,0.23136890263356003,0.6883116883116883,0.23136890263356003,0.6883116883116883,0.23136890263356003,0.6883116883116883,0.23136890263356003,0.6883116883116883,0.23136890263356003,0.6883116883116883,0.23136890263356003,0.6883116883116883,0.23136890263356003,0.6883116883116883,0.23136890263356003,0.6883116883116883,0.0,0.0,0.0,0.0,0.0,0.0,0.0,0.0,0.0,0.0,0.0,0.0,0.0,0.0
hc2/search/exposure_5/order2/24,hc2,search,29,exposure_5,order2,24,True,False,True,0.23089104849075037,0.4232209737827715,0.21257899981734604,0.3896551724137931,0.23089104849075037,0.4232209737827715,0.2068721810303032,0.37919463087248323,0.23089104849075037,0.4232209737827715,0.18293148352234526,0.3353115727002967,0.4566511847928174,0.837037037037037,0.1802570466287437,0.3304093567251462,0.43414021089457994,0.795774647887324,-0.02401886746044718,-0.044026342910288285,-0.00570681878704285,-0.010460541541309876,-0.02401886746044718,-0.044026342910288285,0.0,0.0,0.01831204867340433,0.03356580136897841,0.0,0.0,0.02401886746044718,0.044026342910288285
hc2/search/exposure_5/order2/25,hc2,search,21,exposure_5,order2,25,False,False,False,0.5868898251845787,0.8761329305135952,0.5868898251845787,0.8761329305135952,0.5868898251845787,0.8761329305135952,0.5868898251845787,0.8761329305135952,0.5868898251845787,0.8761329305135952,0.5868898251845787,0.8761329305135952,0.5868898251845787,0.8761329305135952,0.5868898251845787,0.8761329305135952,0.5868898251845787,0.8761329305135952,0.0,0.0,0.0,0.0,0.0,0.0,0.0,0.0,0.0,0.0,0.0,0.0,0.0,0.0
hc2/search/exposure_5/order2/26,hc2,search,19,exposure_5,order2,26,False,False,False,0.5823319672728698,0.8327137546468402,0.5823319672728698,0.8327137546468402,0.5823319672728698,0.8327137546468402,0.5823319672728698,0.8327137546468402,0.5823319672728698,0.8327137546468402,0.5823319672728698,0.8327137546468402,0.5823319672728698,0.8327137546468402,0.5823319672728698,0.8327137546468402,0.5823319672728698,0.8327137546468402,0.0,0.0,0.0,0.0,0.0,0.0,0.0,0.0,0.0,0.0,0.0,0.0,0.0,0.0
hc2/search/exposure_5/order2/27,hc2,search,18,exposure_5,order2,27,False,False,False,0.2530301304646689,0.35435435435435436,0.2530301304646689,0.35435435435435436,0.2530301304646689,0.35435435435435436,0.2530301304646689,0.35435435435435436,0.2530301304646689,0.35435435435435436,0.2530301304646689,0.35435435435435436,0.2530301304646689,0.35435435435435436,0.2530301304646689,0.35435435435435436,0.2530301304646689,0.35435435435435436,0.0,0.0,0.0,0.0,0.0,0.0,0.0,0.0,0.0,0.0,0.0,0.0,0.0,0.0
hc2/search/exposure_5/order2/28,hc2,search,8,exposure_5,order2,28,True,False,True,0.6904348716959875,0.8250728862973761,0.8110014531835894,0.9770114942528736,0.7275478089773089,0.8688046647230321,0.054157167677278455,0.0645933014354067,0.7275478089773089,0.8688046647230321,0.036293552712551566,0.04329896907216495,0.8159012692182818,0.9827586206896551,0.04629385703292923,0.05521472392638037,0.7885331395088067,0.9501385041551247,-0.6362777040187091,-0.7604795848619694,-0.756844285506311,-0.9124181928174668,-0.6733906413000305,-0.8042113632876253,0.03711293728132137,0.04373177842565601,-0.08345364420628054,-0.10820682952984151,0.0,0.0,0.6733906413000305,0.8042113632876253
hc2/search/exposure_5/order2/29,hc2,search,7,exposure_5,order2,29,False,False,False,0.6536629300440017,0.9824561403508771,0.6536629300440017,0.9824561403508771,0.6536629300440017,0.9824561403508771,0.6536629300440017,0.9824561403508771,0.6536629300440017,0.9824561403508771,0.6536629300440017,0.9824561403508771,0.6536629300440017,0.9824561403508771,0.6536629300440017,0.9824561403508771,0.6536629300440017,0.9824561403508771,0.0,0.0,0.0,0.0,0.0,0.0,0.0,0.0,0.0,0.0,0.0,0.0,0.0,0.0
hc2/search/exposure_5/order2/30,hc2,search,10,exposure_5,order2,30,False,False,False,0.2782985989431986,0.3598326359832636,0.2782985989431986,0.3598326359832636,0.2782985989431986,0.3598326359832636,0.2782985989431986,0.3598326359832636,0.2782985989431986,0.3598326359832636,0.2782985989431986,0.3598326359832636,0.2782985989431986,0.3598326359832636,0.2782985989431986,0.3598326359832636,0.2782985989431986,0.3598326359832636,0.0,0.0,0.0,0.0,0.0,0.0,0.0,0.0,0.0,0.0,0.0,0.0,0.0,0.0
hc2/search/exposure_5/order2/31,hc2,search,13,exposure_5,order2,31,False,False,False,0.3481552609783231,0.5476190476190477,0.3481552609783231,0.5476190476190477,0.3481552609783231,0.5476190476190477,0.3481552609783231,0.5476190476190477,0.3481552609783231,0.5476190476190477,0.3481552609783231,0.5476190476190477,0.3481552609783231,0.5476190476190477,0.3481552609783231,0.5476190476190477,0.3481552609783231,0.5476190476190477,0.0,0.0,0.0,0.0,0.0,0.0,0.0,0.0,0.0,0.0,0.0,0.0,0.0,0.0
hc2/confirm/clean/order1/0,hc2,confirm,33,clean,order1,0,True,False,True,0.4879364376452794,0.8660714285714286,0.4835559477830939,0.8469656992084432,0.4879364376452794,0.8660714285714286,0.4879364376452794,0.8660714285714286,0.4879364376452794,0.8660714285714286,0.4785574840595625,0.835820895522388,0.5089420862220744,0.8888888888888888,0.4646862526375462,0.8115942028985508,0.48703824959985853,0.850632911392405,0.0,0.0,0.004380489862185477,0.01910572936298538,0.0,0.0,0.0,0.0,0.004380489862185477,0.01910572936298538,0.0,0.0,0.0,0.0
hc2/confirm/clean/order1/1,hc2,confirm,45,clean,order1,1,False,False,False,0.0,0.43312101910828027,0.0,0.43312101910828027,0.0,0.43312101910828027,0.0,0.43312101910828027,0.0,0.43312101910828027,0.0,0.43312101910828027,0.0,0.43312101910828027,0.0,0.43312101910828027,0.0,0.43312101910828027,0.0,0.0,0.0,0.0,0.0,0.0,0.0,0.0,0.0,0.0,0.0,0.0,0.0,0.0
hc2/confirm/clean/order1/2,hc2,confirm,46,clean,order1,2,False,False,False,0.2829022122716489,0.4492753623188406,0.2829022122716489,0.4492753623188406,0.2829022122716489,0.4492753623188406,0.2829022122716489,0.4492753623188406,0.2829022122716489,0.4492753623188406,0.2829022122716489,0.4492753623188406,0.2829022122716489,0.4492753623188406,0.2829022122716489,0.4492753623188406,0.2829022122716489,0.4492753623188406,0.0,0.0,0.0,0.0,0.0,0.0,0.0,0.0,0.0,0.0,0.0,0.0,0.0,0.0
hc2/confirm/clean/order1/3,hc2,confirm,43,clean,order1,3,False,False,False,0.28860055072429436,0.7142857142857143,0.28860055072429436,0.7142857142857143,0.28860055072429436,0.7142857142857143,0.28860055072429436,0.7142857142857143,0.28860055072429436,0.7142857142857143,0.28860055072429436,0.7142857142857143,0.28860055072429436,0.7142857142857143,0.28860055072429436,0.7142857142857143,0.28860055072429436,0.7142857142857143,0.0,0.0,0.0,0.0,0.0,0.0,0.0,0.0,0.0,0.0,0.0,0.0,0.0,0.0
hc2/confirm/clean/order1/4,hc2,confirm,47,clean,order1,4,True,False,True,0.27749819791344316,0.40064102564102566,0.2377823263276059,0.34935897435897434,0.292498100503359,0.4222972972972973,0.062258666045311786,0.09935897435897435,0.28480078206906007,0.41118421052631576,0.0,0.0,0.6627250778776046,0.948051948051948,0.0,0.0,0.6500615413576504,0.9299363057324841,-0.21523953186813138,-0.3012820512820513,-0.1755236602822941,-0.25,-0.23023943445804723,-0.322938322938323,0.007302584155616909,0.010543184885290102,0.04701845574145416,0.061825236167341424,-0.007697318434298939,-0.01111308677098155,0.2225421160237483,0.3118252361673414
hc2/confirm/clean/order1/5,hc2,confirm,37,clean,order1,5,False,False,False,0.007464202635339932,0.3194888178913738,0.007464202635339932,0.3194888178913738,0.007464202635339932,0.3194888178913738,0.007464202635339932,0.3194888178913738,0.007464202635339932,0.3194888178913738,0.007464202635339932,0.3194888178913738,0.007464202635339932,0.3194888178913738,0.007464202635339932,0.3194888178913738,0.007464202635339932,0.3194888178913738,0.0,0.0,0.0,0.0,0.0,0.0,0.0,0.0,0.0,0.0,0.0,0.0,0.0,0.0
hc2/confirm/clean/order1/6,hc2,confirm,41,clean,order1,6,False,False,False,0.4630343586349436,0.7,0.4630343586349436,0.7,0.4630343586349436,0.7,0.4630343586349436,0.7,0.4630343586349436,0.7,0.4630343586349436,0.7,0.4630343586349436,0.7,0.4630343586349436,0.7,0.4630343586349436,0.7,0.0,0.0,0.0,0.0,0.0,0.0,0.0,0.0,0.0,0.0,0.0,0.0,0.0,0.0
hc2/confirm/clean/order1/7,hc2,confirm,35,clean,order1,7,False,False,False,0.4349473714650525,0.6473988439306358,0.4349473714650525,0.6473988439306358,0.4349473714650525,0.6473988439306358,0.4349473714650525,0.6473988439306358,0.4349473714650525,0.6473988439306358,0.4349473714650525,0.6473988439306358,0.4349473714650525,0.6473988439306358,0.4349473714650525,0.6473988439306358,0.4349473714650525,0.6473988439306358,0.0,0.0,0.0,0.0,0.0,0.0,0.0,0.0,0.0,0.0,0.0,0.0,0.0,0.0
hc2/confirm/clean/order1/8,hc2,confirm,42,clean,order1,8,True,False,True,0.14453100422772017,0.6368715083798883,0.14453100422772017,0.6368715083798883,0.16169406097976194,0.7125,0.07888198871350816,0.3240223463687151,0.16169406097976194,0.7125,0.0702659596064708,0.2801724137931034,0.194519171103473,0.8571428571428571,0.07234441930473913,0.2851063829787234,0.1821904912448022,0.8028169014084507,-0.06564901551421201,-0.3128491620111732,-0.06564901551421201,-0.3128491620111732,-0.08281207226625378,-0.38847765363128495,0.017163056752041772,0.07562849162011176,0.017163056752041772,0.07562849162011176,0.0,0.0,0.08281207226625378,0.38847765363128495
hc2/confirm/clean/order1/9,hc2,confirm,44,clean,order1,9,False,False,False,0.19768644521346673,0.88,0.19768644521346673,0.88,0.19768644521346673,0.88,0.19768644521346673,0.88,0.19768644521346673,0.88,0.19768644521346673,0.88,0.19768644521346673,0.88,0.19768644521346673,0.88,0.19768644521346673,0.88,0.0,0.0,0.0,0.0,0.0,0.0,0.0,0.0,0.0,0.0,0.0,0.0,0.0,0.0
hc2/confirm/clean/order1/10,hc2,confirm,36,clean,order1,10,False,False,False,0.15255778502260603,0.3788546255506608,0.15255778502260603,0.3788546255506608,0.15255778502260603,0.3788546255506608,0.15255778502260603,0.3788546255506608,0.15255778502260603,0.3788546255506608,0.15255778502260603,0.3788546255506608,0.15255778502260603,0.3788546255506608,0.15255778502260603,0.3788546255506608,0.15255778502260603,0.3788546255506608,0.0,0.0,0.0,0.0,0.0,0.0,0.0,0.0,0.0,0.0,0.0,0.0,0.0,0.0
hc2/confirm/clean/order1/11,hc2,confirm,38,clean,order1,11,False,False,False,0.42410957698656293,0.5458333333333333,0.42410957698656293,0.5458333333333333,0.42410957698656293,0.5458333333333333,0.42410957698656293,0.5458333333333333,0.42410957698656293,0.5458333333333333,0.42410957698656293,0.5458333333333333,0.42410957698656293,0.5458333333333333,0.42410957698656293,0.5458333333333333,0.42410957698656293,0.5458333333333333,0.0,0.0,0.0,0.0,0.0,0.0,0.0,0.0,0.0,0.0,0.0,0.0,0.0,0.0
hc2/confirm/clean/order1/12,hc2,confirm,34,clean,order1,12,True,False,True,0.4781275815590261,0.638961038961039,0.45905017182101016,0.6134663341645885,0.4781275815590261,0.638961038961039,0.4781275815590261,0.638961038961039,0.541515602323296,0.7230769230769231,0.44642812744477806,0.5966183574879227,0.684245013640424,0.9113149847094801,0.4568567271130031,0.6105769230769231,0.6802949536132885,0.906060606060606,0.0,0.0,0.01907740973801597,0.02549470479645044,0.0,0.0,0.06338802076426986,0.08411588411588411,0.08246543050228583,0.10961058891233455,0.06338802076426986,0.08411588411588411,0.06338802076426986,0.08411588411588411
hc2/confirm/clean/order1/13,hc2,confirm,40,clean,order1,13,False,False,False,0.3951386225540649,0.6320754716981132,0.3951386225540649,0.6320754716981132,0.3951386225540649,0.6320754716981132,0.3951386225540649,0.6320754716981132,0.3951386225540649,0.6320754716981132,0.3951386225540649,0.6320754716981132,0.3951386225540649,0.6320754716981132,0.3951386225540649,0.6320754716981132,0.3951386225540649,0.6320754716981132,0.0,0.0,0.0,0.0,0.0,0.0,0.0,0.0,0.0,0.0,0.0,0.0,0.0,0.0
hc2/confirm/clean/order1/14,hc2,confirm,39,clean,order1,14,False,False,False,0.006778826242337238,0.8840579710144928,0.006778826242337238,0.8840579710144928,0.006778826242337238,0.8840579710144928,0.006778826242337238,0.8840579710144928,0.006778826242337238,0.8840579710144928,0.006778826242337238,0.8840579710144928,0.006778826242337238,0.8840579710144928,0.006778826242337238,0.8840579710144928,0.006778826242337238,0.8840579710144928,0.0,0.0,0.0,0.0,0.0,0.0,0.0,0.0,0.0,0.0,0.0,0.0,0.0,0.0
hc2/confirm/clean/order1/15,hc2,confirm,32,clean,order1,15,False,False,False,0.1353220538660425,0.3372093023255814,0.1353220538660425,0.3372093023255814,0.1353220538660425,0.3372093023255814,0.1353220538660425,0.3372093023255814,0.1353220538660425,0.3372093023255814,0.1353220538660425,0.3372093023255814,0.1353220538660425,0.3372093023255814,0.1353220538660425,0.3372093023255814,0.1353220538660425,0.3372093023255814,0.0,0.0,0.0,0.0,0.0,0.0,0.0,0.0,0.0,0.0,0.0,0.0,0.0,0.0
hc2/confirm/clean/order2/0,hc2,confirm,43,clean,order2,0,True,False,True,0.29854344113798825,0.7142857142857143,0.33436865407454686,0.8,0.35909351236458054,0.875,0.0,0.0,0.35909351236458054,0.875,0.0,0.0,0.3852674039964535,0.9375,0.0,0.0,0.3885060875090372,0.9464285714285714,-0.29854344113798825,-0.7142857142857143,-0.33436865407454686,-0.8,-0.35909351236458054,-0.875,0.060550071226592284,0.1607142857142857,0.02472485829003368,0.07499999999999996,0.0,0.0,0.35909351236458054,0.875
hc2/confirm/clean/order2/1,hc2,confirm,46,clean,order2,1,False,False,False,0.27873967003834443,0.4492753623188406,0.27873967003834443,0.4492753623188406,0.27873967003834443,0.4492753623188406,0.27873967003834443,0.4492753623188406,0.27873967003834443,0.4492753623188406,0.27873967003834443,0.4492753623188406,0.27873967003834443,0.4492753623188406,0.27873967003834443,0.4492753623188406,0.27873967003834443,0.4492753623188406,0.0,0.0,0.0,0.0,0.0,0.0,0.0,0.0,0.0,0.0,0.0,0.0,0.0,0.0
hc2/confirm/clean/order2/2,hc2,confirm,38,clean,order2,2,False,False,False,0.41229136726978893,0.5458333333333333,0.41229136726978893,0.5458333333333333,0.41229136726978893,0.5458333333333333,0.41229136726978893,0.5458333333333333,0.41229136726978893,0.5458333333333333,0.41229136726978893,0.5458333333333333,0.41229136726978893,0.5458333333333333,0.41229136726978893,0.5458333333333333,0.41229136726978893,0.5458333333333333,0.0,0.0,0.0,0.0,0.0,0.0,0.0,0.0,0.0,0.0,0.0,0.0,0.0,0.0
hc2/confirm/clean/order2/3,hc2,confirm,40,clean,order2,3,False,False,False,0.39686489061665087,0.6320754716981132,0.39686489061665087,0.6320754716981132,0.39686489061665087,0.6320754716981132,0.39686489061665087,0.6320754716981132,0.39686489061665087,0.6320754716981132,0.39686489061665087,0.6320754716981132,0.39686489061665087,0.6320754716981132,0.39686489061665087,0.6320754716981132,0.39686489061665087,0.6320754716981132,0.0,0.0,0.0,0.0,0.0,0.0,0.0,0.0,0.0,0.0,0.0,0.0,0.0,0.0
hc2/confirm/clean/order2/4,hc2,confirm,34,clean,order2,4,True,False,True,0.473178453340399,0.638961038961039,0.45429851505250274,0.6134663341645885,0.473178453340399,0.638961038961039,0.473178453340399,0.638961038961039,0.5361966235037896,0.7230769230769231,0.441797731534922,0.5966183574879227,0.6766643715457252,0.9113149847094801,0.4520902368216292,0.6105769230769231,0.6727457796229239,0.906060606060606,0.0,0.0,0.018879938287896247,0.02549470479645044,0.0,0.0,0.06301817016339062,0.08411588411588411,0.08189810845128687,0.10961058891233455,0.06301817016339062,0.08411588411588411,0.06301817016339062,0.08411588411588411
hc2/confirm/clean/order2/5,hc2,confirm,36,clean,order2,5,False,False,False,0.1446012917810913,0.3788546255506608,0.1446012917810913,0.3788546255506608,0.1446012917810913,0.3788546255506608,0.1446012917810913,0.3788546255506608,0.1446012917810913,0.3788546255506608,0.1446012917810913,0.3788546255506608,0.1446012917810913,0.3788546255506608,0.1446012917810913,0.3788546255506608,0.1446012917810913,0.3788546255506608,0.0,0.0,0.0,0.0,0.0,0.0,0.0,0.0,0.0,0.0,0.0,0.0,0.0,0.0
hc2/confirm/clean/order2/6,hc2,confirm,42,clean,order2,6,False,False,False,0.14559932415808416,0.6368715083798883,0.14559932415808416,0.6368715083798883,0.14559932415808416,0.6368715083798883,0.14559932415808416,0.6368715083798883,0.14559932415808416,0.6368715083798883,0.14559932415808416,0.6368715083798883,0.14559932415808416,0.6368715083798883,0.14559932415808416,0.6368715083798883,0.14559932415808416,0.6368715083798883,0.0,0.0,0.0,0.0,0.0,0.0,0.0,0.0,0.0,0.0,0.0,0.0,0.0,0.0
hc2/confirm/clean/order2/7,hc2,confirm,33,clean,order2,7,False,False,False,0.48677452199215937,0.8660714285714286,0.48677452199215937,0.8660714285714286,0.48677452199215937,0.8660714285714286,0.48677452199215937,0.8660714285714286,0.48677452199215937,0.8660714285714286,0.48677452199215937,0.8660714285714286,0.48677452199215937,0.8660714285714286,0.48677452199215937,0.8660714285714286,0.48677452199215937,0.8660714285714286,0.0,0.0,0.0,0.0,0.0,0.0,0.0,0.0,0.0,0.0,0.0,0.0,0.0,0.0
hc2/confirm/clean/order2/8,hc2,confirm,41,clean,order2,8,True,False,True,0.44504570791686104,0.7,0.5492973711121087,0.8423236514522822,0.46166567211292636,0.7261410788381742,0.46166567211292636,0.7261410788381742,0.46166567211292636,0.7261410788381742,0.6021622041170402,0.9182692307692307,0.6113943597594084,0.9326923076923077,0.6264741551364629,0.9519230769230769,0.6264741551364629,0.9519230769230769,0.016619964196065318,0.026141078838174292,-0.08763169899918238,-0.11618257261410792,0.0,0.0,0.016619964196065318,0.026141078838174292,-0.08763169899918238,-0.11618257261410792,0.0,0.0,0.0,0.0
hc2/confirm/clean/order2/9,hc2,confirm,47,clean,order2,9,False,False,False,0.27621206412578,0.40064102564102566,0.27621206412578,0.40064102564102566,0.27621206412578,0.40064102564102566,0.27621206412578,0.40064102564102566,0.27621206412578,0.40064102564102566,0.27621206412578,0.40064102564102566,0.27621206412578,0.40064102564102566,0.27621206412578,0.40064102564102566,0.27621206412578,0.40064102564102566,0.0,0.0,0.0,0.0,0.0,0.0,0.0,0.0,0.0,0.0,0.0,0.0,0.0,0.0
hc2/confirm/clean/order2/10,hc2,confirm,37,clean,order2,10,False,False,False,0.007229493266245748,0.3194888178913738,0.007229493266245748,0.3194888178913738,0.007229493266245748,0.3194888178913738,0.007229493266245748,0.3194888178913738,0.007229493266245748,0.3194888178913738,0.007229493266245748,0.3194888178913738,0.007229493266245748,0.3194888178913738,0.007229493266245748,0.3194888178913738,0.007229493266245748,0.3194888178913738,0.0,0.0,0.0,0.0,0.0,0.0,0.0,0.0,0.0,0.0,0.0,0.0,0.0,0.0
hc2/confirm/clean/order2/11,hc2,confirm,39,clean,order2,11,False,False,False,0.006875115874780462,0.8840579710144928,0.006875115874780462,0.8840579710144928,0.006875115874780462,0.8840579710144928,0.006875115874780462,0.8840579710144928,0.006875115874780462,0.8840579710144928,0.006875115874780462,0.8840579710144928,0.006875115874780462,0.8840579710144928,0.006875115874780462,0.8840579710144928,0.006875115874780462,0.8840579710144928,0.0,0.0,0.0,0.0,0.0,0.0,0.0,0.0,0.0,0.0,0.0,0.0,0.0,0.0
hc2/confirm/clean/order2/12,hc2,confirm,44,clean,order2,12,True,False,True,0.2106379332928327,0.88,0.22719617596271552,0.9411764705882353,0.2106379332928327,0.88,0.22719617596271552,0.9411764705882353,0.2106379332928327,0.88,0.1912417383341449,0.6896551724137931,0.2242646124019063,0.9516129032258065,0.19261411942459047,0.6923076923076923,0.2214077383585699,0.9394904458598726,0.016558242669882817,0.06117647058823528,0.0,0.0,0.016558242669882817,0.06117647058823528,0.0,0.0,-0.016558242669882817,-0.06117647058823528,0.0,0.0,-0.016558242669882817,-0.06117647058823528
hc2/confirm/clean/order2/13,hc2,confirm,32,clean,order2,13,False,False,False,0.13489195904192997,0.3372093023255814,0.13489195904192997,0.3372093023255814,0.13489195904192997,0.3372093023255814,0.13489195904192997,0.3372093023255814,0.13489195904192997,0.3372093023255814,0.13489195904192997,0.3372093023255814,0.13489195904192997,0.3372093023255814,0.13489195904192997,0.3372093023255814,0.13489195904192997,0.3372093023255814,0.0,0.0,0.0,0.0,0.0,0.0,0.0,0.0,0.0,0.0,0.0,0.0,0.0,0.0
hc2/confirm/clean/order2/14,hc2,confirm,45,clean,order2,14,False,False,False,0.00046073065612108055,0.43312101910828027,0.00046073065612108055,0.43312101910828027,0.00046073065612108055,0.43312101910828027,0.00046073065612108055,0.43312101910828027,0.00046073065612108055,0.43312101910828027,0.00046073065612108055,0.43312101910828027,0.00046073065612108055,0.43312101910828027,0.00046073065612108055,0.43312101910828027,0.00046073065612108055,0.43312101910828027,0.0,0.0,0.0,0.0,0.0,0.0,0.0,0.0,0.0,0.0,0.0,0.0,0.0,0.0
hc2/confirm/clean/order2/15,hc2,confirm,35,clean,order2,15,False,False,False,0.44099669399695846,0.6473988439306358,0.44099669399695846,0.6473988439306358,0.44099669399695846,0.6473988439306358,0.44099669399695846,0.6473988439306358,0.44099669399695846,0.6473988439306358,0.44099669399695846,0.6473988439306358,0.44099669399695846,0.6473988439306358,0.44099669399695846,0.6473988439306358,0.44099669399695846,0.6473988439306358,0.0,0.0,0.0,0.0,0.0,0.0,0.0,0.0,0.0,0.0,0.0,0.0,0.0,0.0
hc2/confirm/frame_drop_5/order1/0,hc2,confirm,33,frame_drop_5,order1,0,True,False,True,0.4435841027076999,0.7911764705882353,0.5132494521225921,0.9,0.4775178705087096,0.8470588235294118,0.43214497111924915,0.7707736389684814,0.4435841027076999,0.7911764705882353,0.448664860954335,0.7857142857142857,0.501642867182462,0.8779761904761905,0.4574968215281535,0.797979797979798,0.5120832925083945,0.8958333333333334,-0.011439131588450724,-0.02040283161975387,-0.08110448100334294,-0.12922636103151863,-0.04537289938946043,-0.07628518456093036,0.0,0.0,-0.06966534941489222,-0.10882352941176476,-0.03393376780100971,-0.055882352941176494,0.011439131588450724,0.02040283161975387
hc2/confirm/frame_drop_5/order1/1,hc2,confirm,45,frame_drop_5,order1,1,False,False,False,0.0,0.34782608695652173,0.0,0.34782608695652173,0.0,0.34782608695652173,0.0,0.34782608695652173,0.0,0.34782608695652173,0.0,0.34782608695652173,0.0,0.34782608695652173,0.0,0.34782608695652173,0.0,0.34782608695652173,0.0,0.0,0.0,0.0,0.0,0.0,0.0,0.0,0.0,0.0,0.0,0.0,0.0,0.0
hc2/confirm/frame_drop_5/order1/2,hc2,confirm,46,frame_drop_5,order1,2,False,False,False,0.4986833006259963,0.7908163265306123,0.4986833006259963,0.7908163265306123,0.4986833006259963,0.7908163265306123,0.4986833006259963,0.7908163265306123,0.4986833006259963,0.7908163265306123,0.4986833006259963,0.7908163265306123,0.4986833006259963,0.7908163265306123,0.4986833006259963,0.7908163265306123,0.4986833006259963,0.7908163265306123,0.0,0.0,0.0,0.0,0.0,0.0,0.0,0.0,0.0,0.0,0.0,0.0,0.0,0.0
hc2/confirm/frame_drop_5/order1/3,hc2,confirm,43,frame_drop_5,order1,3,False,False,False,0.2559525693061658,0.6071428571428571,0.2559525693061658,0.6071428571428571,0.2559525693061658,0.6071428571428571,0.2559525693061658,0.6071428571428571,0.2559525693061658,0.6071428571428571,0.2559525693061658,0.6071428571428571,0.2559525693061658,0.6071428571428571,0.2559525693061658,0.6071428571428571,0.2559525693061658,0.6071428571428571,0.0,0.0,0.0,0.0,0.0,0.0,0.0,0.0,0.0,0.0,0.0,0.0,0.0,0.0
hc2/confirm/frame_drop_5/order1/4,hc2,confirm,47,frame_drop_5,order1,4,True,False,True,0.18983475691469553,0.31054131054131057,0.0,0.0,0.285974247541022,0.4678111587982833,0.18983475691469553,0.31054131054131057,0.285974247541022,0.4678111587982833,0.0,0.0,0.5114496098119143,0.8104575163398693,0.0,0.0,0.5099209310669669,0.8064516129032258,0.0,0.0,0.18983475691469553,0.31054131054131057,-0.09613949062632648,-0.1572698482569727,0.09613949062632648,0.1572698482569727,0.285974247541022,0.4678111587982833,0.0,0.0,0.09613949062632648,0.1572698482569727
hc2/confirm/frame_drop_5/order1/5,hc2,confirm,37,frame_drop_5,order1,5,False,False,False,0.0077395817118480256,0.3194888178913738,0.0077395817118480256,0.3194888178913738,0.0077395817118480256,0.3194888178913738,0.0077395817118480256,0.3194888178913738,0.0077395817118480256,0.3194888178913738,0.0077395817118480256,0.3194888178913738,0.0077395817118480256,0.3194888178913738,0.0077395817118480256,0.3194888178913738,0.0077395817118480256,0.3194888178913738,0.0,0.0,0.0,0.0,0.0,0.0,0.0,0.0,0.0,0.0,0.0,0.0,0.0,0.0
hc2/confirm/frame_drop_5/order1/6,hc2,confirm,41,frame_drop_5,order1,6,False,False,False,0.4737967278618264,0.7,0.4737967278618264,0.7,0.4737967278618264,0.7,0.4737967278618264,0.7,0.4737967278618264,0.7,0.4737967278618264,0.7,0.4737967278618264,0.7,0.4737967278618264,0.7,0.4737967278618264,0.7,0.0,0.0,0.0,0.0,0.0,0.0,0.0,0.0,0.0,0.0,0.0,0.0,0.0,0.0
hc2/confirm/frame_drop_5/order1/7,hc2,confirm,35,frame_drop_5,order1,7,False,False,False,0.42779294279978747,0.7133757961783439,0.42779294279978747,0.7133757961783439,0.42779294279978747,0.7133757961783439,0.42779294279978747,0.7133757961783439,0.42779294279978747,0.7133757961783439,0.42779294279978747,0.7133757961783439,0.42779294279978747,0.7133757961783439,0.42779294279978747,0.7133757961783439,0.42779294279978747,0.7133757961783439,0.0,0.0,0.0,0.0,0.0,0.0,0.0,0.0,0.0,0.0,0.0,0.0,0.0,0.0
hc2/confirm/frame_drop_5/order1/8,hc2,confirm,42,frame_drop_5,order1,8,True,False,True,0.1432681122391351,0.6368715083798883,0.11817968705440177,0.5253456221198156,0.1602812005675324,0.7125,0.1432681122391351,0.6368715083798883,0.1602812005675324,0.7125,0.06931938966475396,0.27705627705627706,0.19428024311216047,0.8636363636363636,0.07261390374920194,0.2851063829787234,0.18059853585074073,0.8028169014084507,0.0,0.0,0.025088425184733337,0.11152588626007265,-0.01701308832839729,-0.07562849162011176,0.01701308832839729,0.07562849162011176,0.04210151351313063,0.1871543778801844,0.0,0.0,0.01701308832839729,0.07562849162011176
hc2/confirm/frame_drop_5/order1/9,hc2,confirm,44,frame_drop_5,order1,9,False,False,False,0.19416330508987228,0.83,0.19416330508987228,0.83,0.19416330508987228,0.83,0.19416330508987228,0.83,0.19416330508987228,0.83,0.19416330508987228,0.83,0.19416330508987228,0.83,0.19416330508987228,0.83,0.19416330508987228,0.83,0.0,0.0,0.0,0.0,0.0,0.0,0.0,0.0,0.0,0.0,0.0,0.0,0.0,0.0
hc2/confirm/frame_drop_5/order1/10,hc2,confirm,36,frame_drop_5,order1,10,False,False,False,0.19024818583313086,0.35390946502057613,0.19024818583313086,0.35390946502057613,0.19024818583313086,0.35390946502057613,0.19024818583313086,0.35390946502057613,0.19024818583313086,0.35390946502057613,0.19024818583313086,0.35390946502057613,0.19024818583313086,0.35390946502057613,0.19024818583313086,0.35390946502057613,0.19024818583313086,0.35390946502057613,0.0,0.0,0.0,0.0,0.0,0.0,0.0,0.0,0.0,0.0,0.0,0.0,0.0,0.0
hc2/confirm/frame_drop_5/order1/11,hc2,confirm,38,frame_drop_5,order1,11,False,False,False,0.3863031049036364,0.5346938775510204,0.3863031049036364,0.5346938775510204,0.3863031049036364,0.5346938775510204,0.3863031049036364,0.5346938775510204,0.3863031049036364,0.5346938775510204,0.3863031049036364,0.5346938775510204,0.3863031049036364,0.5346938775510204,0.3863031049036364,0.5346938775510204,0.3863031049036364,0.5346938775510204,0.0,0.0,0.0,0.0,0.0,0.0,0.0,0.0,0.0,0.0,0.0,0.0,0.0,0.0
hc2/confirm/frame_drop_5/order1/12,hc2,confirm,34,frame_drop_5,order1,12,True,False,True,0.4742684987414024,0.638961038961039,0.5050426581862404,0.6805194805194805,0.4742684987414024,0.638961038961039,0.3282798944026793,0.43636363636363634,0.4742684987414024,0.638961038961039,0.24874455940620271,0.3289817232375979,0.6807580878294915,0.9164265129682997,0.25339648337928455,0.33506493506493507,0.6816504227468502,0.9180790960451978,-0.14598860433872313,-0.2025974025974026,-0.1767627637835611,-0.24415584415584418,-0.14598860433872313,-0.2025974025974026,0.0,0.0,-0.030774159444837967,-0.04155844155844157,0.0,0.0,0.14598860433872313,0.2025974025974026
hc2/confirm/frame_drop_5/order1/13,hc2,confirm,40,frame_drop_5,order1,13,False,False,False,0.322027026699203,0.5329341317365269,0.322027026699203,0.5329341317365269,0.322027026699203,0.5329341317365269,0.322027026699203,0.5329341317365269,0.322027026699203,0.5329341317365269,0.322027026699203,0.5329341317365269,0.322027026699203,0.5329341317365269,0.322027026699203,0.5329341317365269,0.322027026699203,0.5329341317365269,0.0,0.0,0.0,0.0,0.0,0.0,0.0,0.0,0.0,0.0,0.0,0.0,0.0,0.0
hc2/confirm/frame_drop_5/order1/14,hc2,confirm,39,frame_drop_5,order1,14,False,False,False,0.006406467013821251,0.8097345132743363,0.006406467013821251,0.8097345132743363,0.006406467013821251,0.8097345132743363,0.006406467013821251,0.8097345132743363,0.006406467013821251,0.8097345132743363,0.006406467013821251,0.8097345132743363,0.006406467013821251,0.8097345132743363,0.006406467013821251,0.8097345132743363,0.006406467013821251,0.8097345132743363,0.0,0.0,0.0,0.0,0.0,0.0,0.0,0.0,0.0,0.0,0.0,0.0,0.0,0.0
hc2/confirm/frame_drop_5/order1/15,hc2,confirm,32,frame_drop_5,order1,15,False,False,False,0.11203600536424405,0.224,0.11203600536424405,0.224,0.11203600536424405,0.224,0.11203600536424405,0.224,0.11203600536424405,0.224,0.11203600536424405,0.224,0.11203600536424405,0.224,0.11203600536424405,0.224,0.11203600536424405,0.224,0.0,0.0,0.0,0.0,0.0,0.0,0.0,0.0,0.0,0.0,0.0,0.0,0.0,0.0
hc2/confirm/frame_drop_5/order2/0,hc2,confirm,43,frame_drop_5,order2,0,True,False,True,0.26387439453416217,0.6071428571428571,0.277762520562276,0.6390977443609023,0.31308414075060653,0.7518796992481203,0.0,0.0,0.31308414075060653,0.7518796992481203,0.0,0.0,0.3912271564008605,0.9553571428571429,0.0,0.0,0.3783062035257602,0.9256198347107438,-0.26387439453416217,-0.6071428571428571,-0.277762520562276,-0.6390977443609023,-0.31308414075060653,-0.7518796992481203,0.04920974621644436,0.14473684210526316,0.035321620188330516,0.11278195488721798,0.0,0.0,0.31308414075060653,0.7518796992481203
hc2/confirm/frame_drop_5/order2/1,hc2,confirm,46,frame_drop_5,order2,1,False,False,False,0.4906887733282289,0.7908163265306123,0.4906887733282289,0.7908163265306123,0.4906887733282289,0.7908163265306123,0.4906887733282289,0.7908163265306123,0.4906887733282289,0.7908163265306123,0.4906887733282289,0.7908163265306123,0.4906887733282289,0.7908163265306123,0.4906887733282289,0.7908163265306123,0.4906887733282289,0.7908163265306123,0.0,0.0,0.0,0.0,0.0,0.0,0.0,0.0,0.0,0.0,0.0,0.0,0.0,0.0
hc2/confirm/frame_drop_5/order2/2,hc2,confirm,38,frame_drop_5,order2,2,False,False,False,0.3782162263424916,0.5346938775510204,0.3782162263424916,0.5346938775510204,0.3782162263424916,0.5346938775510204,0.3782162263424916,0.5346938775510204,0.3782162263424916,0.5346938775510204,0.3782162263424916,0.5346938775510204,0.3782162263424916,0.5346938775510204,0.3782162263424916,0.5346938775510204,0.3782162263424916,0.5346938775510204,0.0,0.0,0.0,0.0,0.0,0.0,0.0,0.0,0.0,0.0,0.0,0.0,0.0,0.0
hc2/confirm/frame_drop_5/order2/3,hc2,confirm,40,frame_drop_5,order2,3,False,False,False,0.322943097796301,0.5329341317365269,0.322943097796301,0.5329341317365269,0.322943097796301,0.5329341317365269,0.322943097796301,0.5329341317365269,0.322943097796301,0.5329341317365269,0.322943097796301,0.5329341317365269,0.322943097796301,0.5329341317365269,0.322943097796301,0.5329341317365269,0.322943097796301,0.5329341317365269,0.0,0.0,0.0,0.0,0.0,0.0,0.0,0.0,0.0,0.0,0.0,0.0,0.0,0.0
hc2/confirm/frame_drop_5/order2/4,hc2,confirm,34,frame_drop_5,order2,4,True,False,True,0.47255091232646024,0.638961038961039,0.5032094031357772,0.6805194805194805,0.47255091232646024,0.638961038961039,0.3271881089623442,0.43636363636363634,0.47255091232646024,0.638961038961039,0.24793254980239698,0.3289817232375979,0.6784159970794424,0.9164265129682997,0.2525739128404511,0.33506493506493507,0.6793030220418395,0.9180790960451978,-0.14536280336411606,-0.2025974025974026,-0.17602129417343304,-0.24415584415584418,-0.14536280336411606,-0.2025974025974026,0.0,0.0,-0.030658490809316985,-0.04155844155844157,0.0,0.0,0.14536280336411606,0.2025974025974026
hc2/confirm/frame_drop_5/order2/5,hc2,confirm,36,frame_drop_5,order2,5,False,False,False,0.17906881886393286,0.35390946502057613,0.17906881886393286,0.35390946502057613,0.17906881886393286,0.35390946502057613,0.17906881886393286,0.35390946502057613,0.17906881886393286,0.35390946502057613,0.17906881886393286,0.35390946502057613,0.17906881886393286,0.35390946502057613,0.17906881886393286,0.35390946502057613,0.17906881886393286,0.35390946502057613,0.0,0.0,0.0,0.0,0.0,0.0,0.0,0.0,0.0,0.0,0.0,0.0,0.0,0.0
hc2/confirm/frame_drop_5/order2/6,hc2,confirm,42,frame_drop_5,order2,6,False,False,False,0.143386437549286,0.6368715083798883,0.143386437549286,0.6368715083798883,0.143386437549286,0.6368715083798883,0.143386437549286,0.6368715083798883,0.143386437549286,0.6368715083798883,0.143386437549286,0.6368715083798883,0.143386437549286,0.6368715083798883,0.143386437549286,0.6368715083798883,0.143386437549286,0.6368715083798883,0.0,0.0,0.0,0.0,0.0,0.0,0.0,0.0,0.0,0.0,0.0,0.0,0.0,0.0
hc2/confirm/frame_drop_5/order2/7,hc2,confirm,33,frame_drop_5,order2,7,False,False,False,0.4428436188706371,0.7911764705882353,0.4428436188706371,0.7911764705882353,0.4428436188706371,0.7911764705882353,0.4428436188706371,0.7911764705882353,0.4428436188706371,0.7911764705882353,0.4428436188706371,0.7911764705882353,0.4428436188706371,0.7911764705882353,0.4428436188706371,0.7911764705882353,0.4428436188706371,0.7911764705882353,0.0,0.0,0.0,0.0,0.0,0.0,0.0,0.0,0.0,0.0,0.0,0.0,0.0,0.0
hc2/confirm/frame_drop_5/order2/8,hc2,confirm,41,frame_drop_5,order2,8,True,False,True,0.445656171440423,0.7,0.5499961587916906,0.8423236514522822,0.46229893302948444,0.7261410788381742,0.46229893302948444,0.7261410788381742,0.46229893302948444,0.7261410788381742,0.6029547717508879,0.9182692307692307,0.6146163253172359,0.9375,0.6272759322032078,0.9519230769230769,0.6252314823999878,0.9575471698113207,0.016642761589061417,0.026141078838174292,-0.08769722576220618,-0.11618257261410792,0.0,0.0,0.016642761589061417,0.026141078838174292,-0.08769722576220618,-0.11618257261410792,0.0,0.0,0.0,0.0
hc2/confirm/frame_drop_5/order2/9,hc2,confirm,47,frame_drop_5,order2,9,False,False,False,0.18999231047090775,0.31054131054131057,0.18999231047090775,0.31054131054131057,0.18999231047090775,0.31054131054131057,0.18999231047090775,0.31054131054131057,0.18999231047090775,0.31054131054131057,0.18999231047090775,0.31054131054131057,0.18999231047090775,0.31054131054131057,0.18999231047090775,0.31054131054131057,0.18999231047090775,0.31054131054131057,0.0,0.0,0.0,0.0,0.0,0.0,0.0,0.0,0.0,0.0,0.0,0.0,0.0,0.0
hc2/confirm/frame_drop_5/order2/10,hc2,confirm,37,frame_drop_5,order2,10,False,False,False,0.007304792368948336,0.3194888178913738,0.007304792368948336,0.3194888178913738,0.007304792368948336,0.3194888178913738,0.007304792368948336,0.3194888178913738,0.007304792368948336,0.3194888178913738,0.007304792368948336,0.3194888178913738,0.007304792368948336,0.3194888178913738,0.007304792368948336,0.3194888178913738,0.007304792368948336,0.3194888178913738,0.0,0.0,0.0,0.0,0.0,0.0,0.0,0.0,0.0,0.0,0.0,0.0,0.0,0.0
hc2/confirm/frame_drop_5/order2/11,hc2,confirm,39,frame_drop_5,order2,11,False,False,False,0.006988220276579069,0.8097345132743363,0.006988220276579069,0.8097345132743363,0.006988220276579069,0.8097345132743363,0.006988220276579069,0.8097345132743363,0.006988220276579069,0.8097345132743363,0.006988220276579069,0.8097345132743363,0.006988220276579069,0.8097345132743363,0.006988220276579069,0.8097345132743363,0.006988220276579069,0.8097345132743363,0.0,0.0,0.0,0.0,0.0,0.0,0.0,0.0,0.0,0.0,0.0,0.0,0.0,0.0
hc2/confirm/frame_drop_5/order2/12,hc2,confirm,44,frame_drop_5,order2,12,True,False,True,0.2011713637346972,0.83,0.2011713637346972,0.83,0.2011713637346972,0.83,0.22785029506596735,0.9411764705882353,0.2011713637346972,0.83,0.1901642679479075,0.6923076923076923,0.22949816426000846,0.9466666666666667,0.18794414991356473,0.6831395348837209,0.23179255115141917,0.9566666666666667,0.02667893133127014,0.11117647058823532,0.02667893133127014,0.11117647058823532,0.02667893133127014,0.11117647058823532,0.0,0.0,0.0,0.0,0.0,0.0,-0.02667893133127014,-0.11117647058823532
hc2/confirm/frame_drop_5/order2/13,hc2,confirm,32,frame_drop_5,order2,13,False,False,False,0.11412100592607907,0.224,0.11412100592607907,0.224,0.11412100592607907,0.224,0.11412100592607907,0.224,0.11412100592607907,0.224,0.11412100592607907,0.224,0.11412100592607907,0.224,0.11412100592607907,0.224,0.11412100592607907,0.224,0.0,0.0,0.0,0.0,0.0,0.0,0.0,0.0,0.0,0.0,0.0,0.0,0.0,0.0
hc2/confirm/frame_drop_5/order2/14,hc2,confirm,45,frame_drop_5,order2,14,False,False,False,7.356467988790463e-05,0.34782608695652173,7.356467988790463e-05,0.34782608695652173,7.356467988790463e-05,0.34782608695652173,7.356467988790463e-05,0.34782608695652173,7.356467988790463e-05,0.34782608695652173,7.356467988790463e-05,0.34782608695652173,7.356467988790463e-05,0.34782608695652173,7.356467988790463e-05,0.34782608695652173,7.356467988790463e-05,0.34782608695652173,0.0,0.0,0.0,0.0,0.0,0.0,0.0,0.0,0.0,0.0,0.0,0.0,0.0,0.0
hc2/confirm/frame_drop_5/order2/15,hc2,confirm,35,frame_drop_5,order2,15,False,False,False,0.4285235002123405,0.7133757961783439,0.4285235002123405,0.7133757961783439,0.4285235002123405,0.7133757961783439,0.4285235002123405,0.7133757961783439,0.4285235002123405,0.7133757961783439,0.4285235002123405,0.7133757961783439,0.4285235002123405,0.7133757961783439,0.4285235002123405,0.7133757961783439,0.4285235002123405,0.7133757961783439,0.0,0.0,0.0,0.0,0.0,0.0,0.0,0.0,0.0,0.0,0.0,0.0,0.0,0.0
hc2/confirm/frame_freeze_5/order1/0,hc2,confirm,33,frame_freeze_5,order1,0,True,False,True,0.5417819273981097,0.9523809523809523,0.4910743634988857,0.8629032258064516,0.5417819273981097,0.9523809523809523,0.5417819273981097,0.9523809523809523,0.5417819273981097,0.9523809523809523,0.47591181587212167,0.8337468982630273,0.5073874650700133,0.8888888888888888,0.4632668159334904,0.8115942028985508,0.48555053619358235,0.850632911392405,0.0,0.0,0.050707563899223984,0.0894777265745007,0.0,0.0,0.0,0.0,0.050707563899223984,0.0894777265745007,0.0,0.0,0.0,0.0
hc2/confirm/frame_freeze_5/order1/1,hc2,confirm,45,frame_freeze_5,order1,1,False,False,False,0.0,0.4133738601823708,0.0,0.4133738601823708,0.0,0.4133738601823708,0.0,0.4133738601823708,0.0,0.4133738601823708,0.0,0.4133738601823708,0.0,0.4133738601823708,0.0,0.4133738601823708,0.0,0.4133738601823708,0.0,0.0,0.0,0.0,0.0,0.0,0.0,0.0,0.0,0.0,0.0,0.0,0.0,0.0
hc2/confirm/frame_freeze_5/order1/2,hc2,confirm,46,frame_freeze_5,order1,2,False,False,False,0.32751492857771036,0.5201342281879194,0.32751492857771036,0.5201342281879194,0.32751492857771036,0.5201342281879194,0.32751492857771036,0.5201342281879194,0.32751492857771036,0.5201342281879194,0.32751492857771036,0.5201342281879194,0.32751492857771036,0.5201342281879194,0.32751492857771036,0.5201342281879194,0.32751492857771036,0.5201342281879194,0.0,0.0,0.0,0.0,0.0,0.0,0.0,0.0,0.0,0.0,0.0,0.0,0.0,0.0
hc2/confirm/frame_freeze_5/order1/3,hc2,confirm,43,frame_freeze_5,order1,3,False,False,False,0.2882722750473291,0.7142857142857143,0.2882722750473291,0.7142857142857143,0.2882722750473291,0.7142857142857143,0.2882722750473291,0.7142857142857143,0.2882722750473291,0.7142857142857143,0.2882722750473291,0.7142857142857143,0.2882722750473291,0.7142857142857143,0.2882722750473291,0.7142857142857143,0.2882722750473291,0.7142857142857143,0.0,0.0,0.0,0.0,0.0,0.0,0.0,0.0,0.0,0.0,0.0,0.0,0.0,0.0
hc2/confirm/frame_freeze_5/order1/4,hc2,confirm,47,frame_freeze_5,order1,4,True,False,True,0.2842164192608989,0.41118421052631576,0.2434818148613472,0.35855263157894735,0.2842164192608989,0.41118421052631576,0.06373197393677124,0.10197368421052631,0.2842164192608989,0.41118421052631576,0.0,0.0,0.6571479959073248,0.9419354838709677,0.0,0.0,0.6487766838575498,0.9299363057324841,-0.22048444532412767,-0.30921052631578944,-0.17974984092457597,-0.256578947368421,-0.22048444532412767,-0.30921052631578944,0.0,0.0,0.040734604399551705,0.05263157894736842,0.0,0.0,0.22048444532412767,0.30921052631578944
hc2/confirm/frame_freeze_5/order1/5,hc2,confirm,37,frame_freeze_5,order1,5,False,False,False,0.00814535064156274,0.33557046979865773,0.00814535064156274,0.33557046979865773,0.00814535064156274,0.33557046979865773,0.00814535064156274,0.33557046979865773,0.00814535064156274,0.33557046979865773,0.00814535064156274,0.33557046979865773,0.00814535064156274,0.33557046979865773,0.00814535064156274,0.33557046979865773,0.00814535064156274,0.33557046979865773,0.0,0.0,0.0,0.0,0.0,0.0,0.0,0.0,0.0,0.0,0.0,0.0,0.0,0.0
hc2/confirm/frame_freeze_5/order1/6,hc2,confirm,41,frame_freeze_5,order1,6,False,False,False,0.47236299550617733,0.7,0.47236299550617733,0.7,0.47236299550617733,0.7,0.47236299550617733,0.7,0.47236299550617733,0.7,0.47236299550617733,0.7,0.47236299550617733,0.7,0.47236299550617733,0.7,0.47236299550617733,0.7,0.0,0.0,0.0,0.0,0.0,0.0,0.0,0.0,0.0,0.0,0.0,0.0,0.0,0.0
hc2/confirm/frame_freeze_5/order1/7,hc2,confirm,35,frame_freeze_5,order1,7,False,False,False,0.43964674143736876,0.6473988439306358,0.43964674143736876,0.6473988439306358,0.43964674143736876,0.6473988439306358,0.43964674143736876,0.6473988439306358,0.43964674143736876,0.6473988439306358,0.43964674143736876,0.6473988439306358,0.43964674143736876,0.6473988439306358,0.43964674143736876,0.6473988439306358,0.43964674143736876,0.6473988439306358,0.0,0.0,0.0,0.0,0.0,0.0,0.0,0.0,0.0,0.0,0.0,0.0,0.0,0.0
hc2/confirm/frame_freeze_5/order1/8,hc2,confirm,42,frame_freeze_5,order1,8,True,False,True,0.1453811335537599,0.6368715083798883,0.1453811335537599,0.6368715083798883,0.1626451431632689,0.7125,0.1453811335537599,0.6368715083798883,0.1626451431632689,0.7125,0.07056761966958203,0.2801724137931034,0.19566333012122572,0.8571428571428571,0.0726425855531161,0.2851063829787234,0.18326213314171141,0.8028169014084507,0.0,0.0,0.0,0.0,-0.017264009609508996,-0.07562849162011176,0.017264009609508996,0.07562849162011176,0.017264009609508996,0.07562849162011176,0.0,0.0,0.017264009609508996,0.07562849162011176
hc2/confirm/frame_freeze_5/order1/9,hc2,confirm,44,frame_freeze_5,order1,9,False,False,False,0.19728692123096503,0.88,0.19728692123096503,0.88,0.19728692123096503,0.88,0.19728692123096503,0.88,0.19728692123096503,0.88,0.19728692123096503,0.88,0.19728692123096503,0.88,0.19728692123096503,0.88,0.19728692123096503,0.88,0.0,0.0,0.0,0.0,0.0,0.0,0.0,0.0,0.0,0.0,0.0,0.0,0.0,0.0
hc2/confirm/frame_freeze_5/order1/10,hc2,confirm,36,frame_freeze_5,order1,10,False,False,False,0.16717227107428265,0.3788546255506608,0.16717227107428265,0.3788546255506608,0.16717227107428265,0.3788546255506608,0.16717227107428265,0.3788546255506608,0.16717227107428265,0.3788546255506608,0.16717227107428265,0.3788546255506608,0.16717227107428265,0.3788546255506608,0.16717227107428265,0.3788546255506608,0.16717227107428265,0.3788546255506608,0.0,0.0,0.0,0.0,0.0,0.0,0.0,0.0,0.0,0.0,0.0,0.0,0.0,0.0
hc2/confirm/frame_freeze_5/order1/11,hc2,confirm,38,frame_freeze_5,order1,11,False,False,False,0.42152052516121075,0.5458333333333333,0.42152052516121075,0.5458333333333333,0.42152052516121075,0.5458333333333333,0.42152052516121075,0.5458333333333333,0.42152052516121075,0.5458333333333333,0.42152052516121075,0.5458333333333333,0.42152052516121075,0.5458333333333333,0.42152052516121075,0.5458333333333333,0.42152052516121075,0.5458333333333333,0.0,0.0,0.0,0.0,0.0,0.0,0.0,0.0,0.0,0.0,0.0,0.0,0.0,0.0
hc2/confirm/frame_freeze_5/order1/12,hc2,confirm,34,frame_freeze_5,order1,12,True,False,True,0.47486191065532657,0.638961038961039,0.4651955104384242,0.6259541984732825,0.47486191065532657,0.638961038961039,0.47486191065532657,0.638961038961039,0.47486191065532657,0.638961038961039,0.46438876928397127,0.625,0.6917278023171084,0.9298245614035088,0.47717704352890716,0.6421568627450981,0.6984551766988837,0.9393063583815029,0.0,0.0,0.009666400216902349,0.013006840487756466,0.0,0.0,0.0,0.0,0.009666400216902349,0.013006840487756466,0.0,0.0,0.0,0.0
hc2/confirm/frame_freeze_5/order1/13,hc2,confirm,40,frame_freeze_5,order1,13,False,False,False,0.3956501102870612,0.6320754716981132,0.3956501102870612,0.6320754716981132,0.3956501102870612,0.6320754716981132,0.3956501102870612,0.6320754716981132,0.3956501102870612,0.6320754716981132,0.3956501102870612,0.6320754716981132,0.3956501102870612,0.6320754716981132,0.3956501102870612,0.6320754716981132,0.3956501102870612,0.6320754716981132,0.0,0.0,0.0,0.0,0.0,0.0,0.0,0.0,0.0,0.0,0.0,0.0,0.0,0.0
hc2/confirm/frame_freeze_5/order1/14,hc2,confirm,39,frame_freeze_5,order1,14,False,False,False,0.005550980005647191,0.8840579710144928,0.005550980005647191,0.8840579710144928,0.005550980005647191,0.8840579710144928,0.005550980005647191,0.8840579710144928,0.005550980005647191,0.8840579710144928,0.005550980005647191,0.8840579710144928,0.005550980005647191,0.8840579710144928,0.005550980005647191,0.8840579710144928,0.005550980005647191,0.8840579710144928,0.0,0.0,0.0,0.0,0.0,0.0,0.0,0.0,0.0,0.0,0.0,0.0,0.0,0.0
hc2/confirm/frame_freeze_5/order1/15,hc2,confirm,32,frame_freeze_5,order1,15,False,False,False,0.12526346963237195,0.30933333333333335,0.12526346963237195,0.30933333333333335,0.12526346963237195,0.30933333333333335,0.12526346963237195,0.30933333333333335,0.12526346963237195,0.30933333333333335,0.12526346963237195,0.30933333333333335,0.12526346963237195,0.30933333333333335,0.12526346963237195,0.30933333333333335,0.12526346963237195,0.30933333333333335,0.0,0.0,0.0,0.0,0.0,0.0,0.0,0.0,0.0,0.0,0.0,0.0,0.0,0.0
hc2/confirm/frame_freeze_5/order2/0,hc2,confirm,43,frame_freeze_5,order2,0,True,False,True,0.2980933829657836,0.7142857142857143,0.31378250838503535,0.7518796992481203,0.3585431772327239,0.875,0.0,0.0,0.3585431772327239,0.875,0.0,0.0,0.3825359593633684,0.9285714285714286,0.0,0.0,0.3769231745423466,0.9152542372881356,-0.2980933829657836,-0.7142857142857143,-0.31378250838503535,-0.7518796992481203,-0.3585431772327239,-0.875,0.060449794266940304,0.1607142857142857,0.044760668847688534,0.12312030075187974,0.0,0.0,0.3585431772327239,0.875
hc2/confirm/frame_freeze_5/order2/1,hc2,confirm,46,frame_freeze_5,order2,1,False,False,False,0.32273695568597427,0.5201342281879194,0.32273695568597427,0.5201342281879194,0.32273695568597427,0.5201342281879194,0.32273695568597427,0.5201342281879194,0.32273695568597427,0.5201342281879194,0.32273695568597427,0.5201342281879194,0.32273695568597427,0.5201342281879194,0.32273695568597427,0.5201342281879194,0.32273695568597427,0.5201342281879194,0.0,0.0,0.0,0.0,0.0,0.0,0.0,0.0,0.0,0.0,0.0,0.0,0.0,0.0
hc2/confirm/frame_freeze_5/order2/2,hc2,confirm,38,frame_freeze_5,order2,2,False,False,False,0.41401021994502213,0.5458333333333333,0.41401021994502213,0.5458333333333333,0.41401021994502213,0.5458333333333333,0.41401021994502213,0.5458333333333333,0.41401021994502213,0.5458333333333333,0.41401021994502213,0.5458333333333333,0.41401021994502213,0.5458333333333333,0.41401021994502213,0.5458333333333333,0.41401021994502213,0.5458333333333333,0.0,0.0,0.0,0.0,0.0,0.0,0.0,0.0,0.0,0.0,0.0,0.0,0.0,0.0
hc2/confirm/frame_freeze_5/order2/3,hc2,confirm,40,frame_freeze_5,order2,3,False,False,False,0.39647881956998066,0.6320754716981132,0.39647881956998066,0.6320754716981132,0.39647881956998066,0.6320754716981132,0.39647881956998066,0.6320754716981132,0.39647881956998066,0.6320754716981132,0.39647881956998066,0.6320754716981132,0.39647881956998066,0.6320754716981132,0.39647881956998066,0.6320754716981132,0.39647881956998066,0.6320754716981132,0.0,0.0,0.0,0.0,0.0,0.0,0.0,0.0,0.0,0.0,0.0,0.0,0.0,0.0
hc2/confirm/frame_freeze_5/order2/4,hc2,confirm,34,frame_freeze_5,order2,4,True,False,True,0.4734836685211269,0.638961038961039,0.46384532412375024,0.6259541984732825,0.4734836685211269,0.638961038961039,0.4734836685211269,0.638961038961039,0.4734836685211269,0.638961038961039,0.46304176804771935,0.625,0.6898208907355238,0.9298245614035088,0.475791067762514,0.6421568627450981,0.696525993922706,0.9393063583815029,0.0,0.0,0.009638344397376652,0.013006840487756466,0.0,0.0,0.0,0.0,0.009638344397376652,0.013006840487756466,0.0,0.0,0.0,0.0
hc2/confirm/frame_freeze_5/order2/5,hc2,confirm,36,frame_freeze_5,order2,5,False,False,False,0.1567801105468721,0.3788546255506608,0.1567801105468721,0.3788546255506608,0.1567801105468721,0.3788546255506608,0.1567801105468721,0.3788546255506608,0.1567801105468721,0.3788546255506608,0.1567801105468721,0.3788546255506608,0.1567801105468721,0.3788546255506608,0.1567801105468721,0.3788546255506608,0.1567801105468721,0.3788546255506608,0.0,0.0,0.0,0.0,0.0,0.0,0.0,0.0,0.0,0.0,0.0,0.0,0.0,0.0
hc2/confirm/frame_freeze_5/order2/6,hc2,confirm,42,frame_freeze_5,order2,6,False,False,False,0.14576985927559785,0.6368715083798883,0.14576985927559785,0.6368715083798883,0.14576985927559785,0.6368715083798883,0.14576985927559785,0.6368715083798883,0.14576985927559785,0.6368715083798883,0.14576985927559785,0.6368715083798883,0.14576985927559785,0.6368715083798883,0.14576985927559785,0.6368715083798883,0.14576985927559785,0.6368715083798883,0.0,0.0,0.0,0.0,0.0,0.0,0.0,0.0,0.0,0.0,0.0,0.0,0.0,0.0
hc2/confirm/frame_freeze_5/order2/7,hc2,confirm,33,frame_freeze_5,order2,7,False,False,False,0.5401843155353738,0.9523809523809523,0.5401843155353738,0.9523809523809523,0.5401843155353738,0.9523809523809523,0.5401843155353738,0.9523809523809523,0.5401843155353738,0.9523809523809523,0.5401843155353738,0.9523809523809523,0.5401843155353738,0.9523809523809523,0.5401843155353738,0.9523809523809523,0.5401843155353738,0.9523809523809523,0.0,0.0,0.0,0.0,0.0,0.0,0.0,0.0,0.0,0.0,0.0,0.0,0.0,0.0
hc2/confirm/frame_freeze_5/order2/8,hc2,confirm,41,frame_freeze_5,order2,8,True,False,True,0.44483357006052004,0.7,0.5490396899272731,0.8423236514522822,0.4614456120959752,0.7261410788381742,0.4614456120959752,0.7261410788381742,0.4614456120959752,0.7261410788381742,0.601865331285933,0.9182692307692307,0.6111000032435965,0.9326923076923077,0.6261736666489602,0.9519230769230769,0.6261736666489602,0.9519230769230769,0.016612042035455132,0.026141078838174292,-0.08759407783129797,-0.11618257261410792,0.0,0.0,0.016612042035455132,0.026141078838174292,-0.08759407783129797,-0.11618257261410792,0.0,0.0,0.0,0.0
hc2/confirm/frame_freeze_5/order2/9,hc2,confirm,47,frame_freeze_5,order2,9,False,False,False,0.2826502877762178,0.41118421052631576,0.2826502877762178,0.41118421052631576,0.2826502877762178,0.41118421052631576,0.2826502877762178,0.41118421052631576,0.2826502877762178,0.41118421052631576,0.2826502877762178,0.41118421052631576,0.2826502877762178,0.41118421052631576,0.2826502877762178,0.41118421052631576,0.2826502877762178,0.41118421052631576,0.0,0.0,0.0,0.0,0.0,0.0,0.0,0.0,0.0,0.0,0.0,0.0,0.0,0.0
hc2/confirm/frame_freeze_5/order2/10,hc2,confirm,37,frame_freeze_5,order2,10,False,False,False,0.007603844368750052,0.33557046979865773,0.007603844368750052,0.33557046979865773,0.007603844368750052,0.33557046979865773,0.007603844368750052,0.33557046979865773,0.007603844368750052,0.33557046979865773,0.007603844368750052,0.33557046979865773,0.007603844368750052,0.33557046979865773,0.007603844368750052,0.33557046979865773,0.007603844368750052,0.33557046979865773,0.0,0.0,0.0,0.0,0.0,0.0,0.0,0.0,0.0,0.0,0.0,0.0,0.0,0.0
hc2/confirm/frame_freeze_5/order2/11,hc2,confirm,39,frame_freeze_5,order2,11,False,False,False,0.008572904269308653,0.8840579710144928,0.008572904269308653,0.8840579710144928,0.008572904269308653,0.8840579710144928,0.008572904269308653,0.8840579710144928,0.008572904269308653,0.8840579710144928,0.008572904269308653,0.8840579710144928,0.008572904269308653,0.8840579710144928,0.008572904269308653,0.8840579710144928,0.008572904269308653,0.8840579710144928,0.0,0.0,0.0,0.0,0.0,0.0,0.0,0.0,0.0,0.0,0.0,0.0,0.0,0.0
hc2/confirm/frame_freeze_5/order2/12,hc2,confirm,44,frame_freeze_5,order2,12,True,False,True,0.21474692975980683,0.88,0.23122259170189668,0.9411764705882353,0.21474692975980683,0.88,0.23122259170189668,0.9411764705882353,0.21474692975980683,0.88,0.195694765725477,0.6945244956772334,0.2319806985599357,0.9672131147540983,0.1954643123673561,0.6923076923076923,0.23122259170189668,0.9640522875816994,0.016475661942089853,0.06117647058823528,0.0,0.0,0.016475661942089853,0.06117647058823528,0.0,0.0,-0.016475661942089853,-0.06117647058823528,0.0,0.0,-0.016475661942089853,-0.06117647058823528
hc2/confirm/frame_freeze_5/order2/13,hc2,confirm,32,frame_freeze_5,order2,13,False,False,False,0.1320256266688347,0.30933333333333335,0.1320256266688347,0.30933333333333335,0.1320256266688347,0.30933333333333335,0.1320256266688347,0.30933333333333335,0.1320256266688347,0.30933333333333335,0.1320256266688347,0.30933333333333335,0.1320256266688347,0.30933333333333335,0.1320256266688347,0.30933333333333335,0.1320256266688347,0.30933333333333335,0.0,0.0,0.0,0.0,0.0,0.0,0.0,0.0,0.0,0.0,0.0,0.0,0.0,0.0
hc2/confirm/frame_freeze_5/order2/14,hc2,confirm,45,frame_freeze_5,order2,14,False,False,False,0.0005557938713144816,0.4133738601823708,0.0005557938713144816,0.4133738601823708,0.0005557938713144816,0.4133738601823708,0.0005557938713144816,0.4133738601823708,0.0005557938713144816,0.4133738601823708,0.0005557938713144816,0.4133738601823708,0.0005557938713144816,0.4133738601823708,0.0005557938713144816,0.4133738601823708,0.0005557938713144816,0.4133738601823708,0.0,0.0,0.0,0.0,0.0,0.0,0.0,0.0,0.0,0.0,0.0,0.0,0.0,0.0
hc2/confirm/frame_freeze_5/order2/15,hc2,confirm,35,frame_freeze_5,order2,15,False,False,False,0.44421346095290604,0.6473988439306358,0.44421346095290604,0.6473988439306358,0.44421346095290604,0.6473988439306358,0.44421346095290604,0.6473988439306358,0.44421346095290604,0.6473988439306358,0.44421346095290604,0.6473988439306358,0.44421346095290604,0.6473988439306358,0.44421346095290604,0.6473988439306358,0.44421346095290604,0.6473988439306358,0.0,0.0,0.0,0.0,0.0,0.0,0.0,0.0,0.0,0.0,0.0,0.0,0.0,0.0
hc2/confirm/motion_blur_5/order1/0,hc2,confirm,33,motion_blur_5,order1,0,True,False,True,0.44344673113062355,0.7911764705882353,0.5383680324566191,0.9294117647058824,0.44344673113062355,0.7911764705882353,0.4320111420756791,0.7707736389684814,0.4320111420756791,0.7707736389684814,0.5089928487543921,0.8704663212435233,0.5457534433866538,0.9333333333333333,0.49739554333973507,0.850632911392405,0.522529892604243,0.8936170212765957,-0.011435589054944462,-0.02040283161975387,-0.10635689038094004,-0.158638125737401,-0.011435589054944462,-0.02040283161975387,-0.011435589054944462,-0.02040283161975387,-0.10635689038094004,-0.158638125737401,-0.011435589054944462,-0.02040283161975387,0.0,0.0
hc2/confirm/motion_blur_5/order1/1,hc2,confirm,45,motion_blur_5,order1,1,False,False,False,0.0,0.3617021276595745,0.0,0.3617021276595745,0.0,0.3617021276595745,0.0,0.3617021276595745,0.0,0.3617021276595745,0.0,0.3617021276595745,0.0,0.3617021276595745,0.0,0.3617021276595745,0.0,0.3617021276595745,0.0,0.0,0.0,0.0,0.0,0.0,0.0,0.0,0.0,0.0,0.0,0.0,0.0,0.0
hc2/confirm/motion_blur_5/order1/2,hc2,confirm,46,motion_blur_5,order1,2,False,False,False,0.49864620053966485,0.7908163265306123,0.49864620053966485,0.7908163265306123,0.49864620053966485,0.7908163265306123,0.49864620053966485,0.7908163265306123,0.49864620053966485,0.7908163265306123,0.49864620053966485,0.7908163265306123,0.49864620053966485,0.7908163265306123,0.49864620053966485,0.7908163265306123,0.49864620053966485,0.7908163265306123,0.0,0.0,0.0,0.0,0.0,0.0,0.0,0.0,0.0,0.0,0.0,0.0,0.0,0.0
hc2/confirm/motion_blur_5/order1/3,hc2,confirm,43,motion_blur_5,order1,3,False,False,False,0.2888678097475903,0.7142857142857143,0.2888678097475903,0.7142857142857143,0.2888678097475903,0.7142857142857143,0.2888678097475903,0.7142857142857143,0.2888678097475903,0.7142857142857143,0.2888678097475903,0.7142857142857143,0.2888678097475903,0.7142857142857143,0.2888678097475903,0.7142857142857143,0.2888678097475903,0.7142857142857143,0.0,0.0,0.0,0.0,0.0,0.0,0.0,0.0,0.0,0.0,0.0,0.0,0.0,0.0
hc2/confirm/motion_blur_5/order1/4,hc2,confirm,47,motion_blur_5,order1,4,True,False,True,0.2090601744817014,0.31054131054131057,0.0,0.0,0.314936142674151,0.4678111587982833,0.2090601744817014,0.31054131054131057,0.314936142674151,0.4678111587982833,0.0,0.0,0.6164613954312499,0.8853503184713376,0.0,0.0,0.6143069945626356,0.8848484848484849,0.0,0.0,0.2090601744817014,0.31054131054131057,-0.1058759681924496,-0.1572698482569727,0.1058759681924496,0.1572698482569727,0.314936142674151,0.4678111587982833,0.0,0.0,0.1058759681924496,0.1572698482569727
hc2/confirm/motion_blur_5/order1/5,hc2,confirm,37,motion_blur_5,order1,5,False,False,False,0.007508534056537692,0.3194888178913738,0.007508534056537692,0.3194888178913738,0.007508534056537692,0.3194888178913738,0.007508534056537692,0.3194888178913738,0.007508534056537692,0.3194888178913738,0.007508534056537692,0.3194888178913738,0.007508534056537692,0.3194888178913738,0.007508534056537692,0.3194888178913738,0.007508534056537692,0.3194888178913738,0.0,0.0,0.0,0.0,0.0,0.0,0.0,0.0,0.0,0.0,0.0,0.0,0.0,0.0
hc2/confirm/motion_blur_5/order1/6,hc2,confirm,41,motion_blur_5,order1,6,False,False,False,0.48637301152426743,0.7261410788381742,0.48637301152426743,0.7261410788381742,0.48637301152426743,0.7261410788381742,0.48637301152426743,0.7261410788381742,0.48637301152426743,0.7261410788381742,0.48637301152426743,0.7261410788381742,0.48637301152426743,0.7261410788381742,0.48637301152426743,0.7261410788381742,0.48637301152426743,0.7261410788381742,0.0,0.0,0.0,0.0,0.0,0.0,0.0,0.0,0.0,0.0,0.0,0.0,0.0,0.0
hc2/confirm/motion_blur_5/order1/7,hc2,confirm,35,motion_blur_5,order1,7,False,False,False,0.44688763986802615,0.6473988439306358,0.44688763986802615,0.6473988439306358,0.44688763986802615,0.6473988439306358,0.44688763986802615,0.6473988439306358,0.44688763986802615,0.6473988439306358,0.44688763986802615,0.6473988439306358,0.44688763986802615,0.6473988439306358,0.44688763986802615,0.6473988439306358,0.44688763986802615,0.6473988439306358,0.0,0.0,0.0,0.0,0.0,0.0,0.0,0.0,0.0,0.0,0.0,0.0,0.0,0.0
hc2/confirm/motion_blur_5/order1/8,hc2,confirm,42,motion_blur_5,order1,8,True,False,True,0.14339395478510333,0.6368715083798883,0.1182834926568364,0.5253456221198156,0.16042198691583437,0.7125,0.14339395478510333,0.6368715083798883,0.16042198691583437,0.7125,0.07514788293691069,0.2943722943722944,0.19445089323131437,0.8636363636363636,0.07237505249505428,0.2851063829787234,0.1807571683558697,0.8028169014084507,0.0,0.0,0.02511046212826694,0.11152588626007265,-0.017028032130731036,-0.07562849162011176,0.017028032130731036,0.07562849162011176,0.042138494258997974,0.1871543778801844,0.0,0.0,0.017028032130731036,0.07562849162011176
hc2/confirm/motion_blur_5/order1/9,hc2,confirm,44,motion_blur_5,order1,9,False,False,False,0.19396192019256472,0.83,0.19396192019256472,0.83,0.19396192019256472,0.83,0.19396192019256472,0.83,0.19396192019256472,0.83,0.19396192019256472,0.83,0.19396192019256472,0.83,0.19396192019256472,0.83,0.19396192019256472,0.83,0.0,0.0,0.0,0.0,0.0,0.0,0.0,0.0,0.0,0.0,0.0,0.0,0.0,0.0
hc2/confirm/motion_blur_5/order1/10,hc2,confirm,36,motion_blur_5,order1,10,False,False,False,0.16908818816297422,0.35390946502057613,0.16908818816297422,0.35390946502057613,0.16908818816297422,0.35390946502057613,0.16908818816297422,0.35390946502057613,0.16908818816297422,0.35390946502057613,0.16908818816297422,0.35390946502057613,0.16908818816297422,0.35390946502057613,0.16908818816297422,0.35390946502057613,0.16908818816297422,0.35390946502057613,0.0,0.0,0.0,0.0,0.0,0.0,0.0,0.0,0.0,0.0,0.0,0.0,0.0,0.0
hc2/confirm/motion_blur_5/order1/11,hc2,confirm,38,motion_blur_5,order1,11,False,False,False,0.43070516557605926,0.5670995670995671,0.43070516557605926,0.5670995670995671,0.43070516557605926,0.5670995670995671,0.43070516557605926,0.5670995670995671,0.43070516557605926,0.5670995670995671,0.43070516557605926,0.5670995670995671,0.43070516557605926,0.5670995670995671,0.43070516557605926,0.5670995670995671,0.43070516557605926,0.5670995670995671,0.0,0.0,0.0,0.0,0.0,0.0,0.0,0.0,0.0,0.0,0.0,0.0,0.0,0.0
hc2/confirm/motion_blur_5/order1/12,hc2,confirm,34,motion_blur_5,order1,12,True,False,True,0.47614711247430863,0.638961038961039,0.5070925973177497,0.6805194805194805,0.47614711247430863,0.638961038961039,0.47614711247430863,0.638961038961039,0.47614711247430863,0.638961038961039,0.5025381070030681,0.6742424242424242,0.6938607930342425,0.9298245614035088,0.5019492227799736,0.6733167082294265,0.700635837793824,0.9393063583815029,0.0,0.0,-0.030945484843441062,-0.04155844155844157,0.0,0.0,0.0,0.0,-0.030945484843441062,-0.04155844155844157,0.0,0.0,0.0,0.0
hc2/confirm/motion_blur_5/order1/13,hc2,confirm,40,motion_blur_5,order1,13,False,False,False,0.35721410876668225,0.5778443113772455,0.35721410876668225,0.5778443113772455,0.35721410876668225,0.5778443113772455,0.35721410876668225,0.5778443113772455,0.35721410876668225,0.5778443113772455,0.35721410876668225,0.5778443113772455,0.35721410876668225,0.5778443113772455,0.35721410876668225,0.5778443113772455,0.35721410876668225,0.5778443113772455,0.0,0.0,0.0,0.0,0.0,0.0,0.0,0.0,0.0,0.0,0.0,0.0,0.0,0.0
hc2/confirm/motion_blur_5/order1/14,hc2,confirm,39,motion_blur_5,order1,14,False,False,False,0.005486034727558632,0.8097345132743363,0.005486034727558632,0.8097345132743363,0.005486034727558632,0.8097345132743363,0.005486034727558632,0.8097345132743363,0.005486034727558632,0.8097345132743363,0.005486034727558632,0.8097345132743363,0.005486034727558632,0.8097345132743363,0.005486034727558632,0.8097345132743363,0.005486034727558632,0.8097345132743363,0.0,0.0,0.0,0.0,0.0,0.0,0.0,0.0,0.0,0.0,0.0,0.0,0.0,0.0
hc2/confirm/motion_blur_5/order1/15,hc2,confirm,32,motion_blur_5,order1,15,False,False,False,0.12388905239201012,0.26666666666666666,0.12388905239201012,0.26666666666666666,0.12388905239201012,0.26666666666666666,0.12388905239201012,0.26666666666666666,0.12388905239201012,0.26666666666666666,0.12388905239201012,0.26666666666666666,0.12388905239201012,0.26666666666666666,0.12388905239201012,0.26666666666666666,0.12388905239201012,0.26666666666666666,0.0,0.0,0.0,0.0,0.0,0.0,0.0,0.0,0.0,0.0,0.0,0.0,0.0,0.0
hc2/confirm/motion_blur_5/order2/0,hc2,confirm,43,motion_blur_5,order2,0,True,False,True,0.2979797553426441,0.7142857142857143,0.3337373259837614,0.8,0.3584158068238728,0.875,0.0,0.0,0.3584158068238728,0.875,0.0,0.0,0.3870426914625955,0.9380530973451328,0.0,0.0,0.3767809573865896,0.9152542372881356,-0.2979797553426441,-0.7142857142857143,-0.3337373259837614,-0.8,-0.3584158068238728,-0.875,0.060436051481228714,0.1607142857142857,0.024678480840111428,0.07499999999999996,0.0,0.0,0.3584158068238728,0.875
hc2/confirm/motion_blur_5/order2/1,hc2,confirm,46,motion_blur_5,order2,1,False,False,False,0.4907817862428255,0.7908163265306123,0.4907817862428255,0.7908163265306123,0.4907817862428255,0.7908163265306123,0.4907817862428255,0.7908163265306123,0.4907817862428255,0.7908163265306123,0.4907817862428255,0.7908163265306123,0.4907817862428255,0.7908163265306123,0.4907817862428255,0.7908163265306123,0.4907817862428255,0.7908163265306123,0.0,0.0,0.0,0.0,0.0,0.0,0.0,0.0,0.0,0.0,0.0,0.0,0.0,0.0
hc2/confirm/motion_blur_5/order2/2,hc2,confirm,38,motion_blur_5,order2,2,False,False,False,0.4209297413902541,0.5670995670995671,0.4209297413902541,0.5670995670995671,0.4209297413902541,0.5670995670995671,0.4209297413902541,0.5670995670995671,0.4209297413902541,0.5670995670995671,0.4209297413902541,0.5670995670995671,0.4209297413902541,0.5670995670995671,0.4209297413902541,0.5670995670995671,0.4209297413902541,0.5670995670995671,0.0,0.0,0.0,0.0,0.0,0.0,0.0,0.0,0.0,0.0,0.0,0.0,0.0,0.0
hc2/confirm/motion_blur_5/order2/3,hc2,confirm,40,motion_blur_5,order2,3,False,False,False,0.3588354574703707,0.5778443113772455,0.3588354574703707,0.5778443113772455,0.3588354574703707,0.5778443113772455,0.3588354574703707,0.5778443113772455,0.3588354574703707,0.5778443113772455,0.3588354574703707,0.5778443113772455,0.3588354574703707,0.5778443113772455,0.3588354574703707,0.5778443113772455,0.3588354574703707,0.5778443113772455,0.0,0.0,0.0,0.0,0.0,0.0,0.0,0.0,0.0,0.0,0.0,0.0,0.0,0.0
hc2/confirm/motion_blur_5/order2/4,hc2,confirm,34,motion_blur_5,order2,4,True,False,True,0.47277000166710503,0.638961038961039,0.5034506992517647,0.6805194805194805,0.47277000166710503,0.638961038961039,0.47277000166710503,0.638961038961039,0.47277000166710503,0.638961038961039,0.4989131647697933,0.6742424242424242,0.6887065937583677,0.9298245614035088,0.4983169718929621,0.6733167082294265,0.6953921171145049,0.9393063583815029,0.0,0.0,-0.030680697584659633,-0.04155844155844157,0.0,0.0,0.0,0.0,-0.030680697584659633,-0.04155844155844157,0.0,0.0,0.0,0.0
hc2/confirm/motion_blur_5/order2/5,hc2,confirm,36,motion_blur_5,order2,5,False,False,False,0.16074125821024793,0.35390946502057613,0.16074125821024793,0.35390946502057613,0.16074125821024793,0.35390946502057613,0.16074125821024793,0.35390946502057613,0.16074125821024793,0.35390946502057613,0.16074125821024793,0.35390946502057613,0.16074125821024793,0.35390946502057613,0.16074125821024793,0.35390946502057613,0.16074125821024793,0.35390946502057613,0.0,0.0,0.0,0.0,0.0,0.0,0.0,0.0,0.0,0.0,0.0,0.0,0.0,0.0
hc2/confirm/motion_blur_5/order2/6,hc2,confirm,42,motion_blur_5,order2,6,False,False,False,0.14427026299878146,0.6368715083798883,0.14427026299878146,0.6368715083798883,0.14427026299878146,0.6368715083798883,0.14427026299878146,0.6368715083798883,0.14427026299878146,0.6368715083798883,0.14427026299878146,0.6368715083798883,0.14427026299878146,0.6368715083798883,0.14427026299878146,0.6368715083798883,0.14427026299878146,0.6368715083798883,0.0,0.0,0.0,0.0,0.0,0.0,0.0,0.0,0.0,0.0,0.0,0.0,0.0,0.0
hc2/confirm/motion_blur_5/order2/7,hc2,confirm,33,motion_blur_5,order2,7,False,False,False,0.4427864210248183,0.7911764705882353,0.4427864210248183,0.7911764705882353,0.4427864210248183,0.7911764705882353,0.4427864210248183,0.7911764705882353,0.4427864210248183,0.7911764705882353,0.4427864210248183,0.7911764705882353,0.4427864210248183,0.7911764705882353,0.4427864210248183,0.7911764705882353,0.4427864210248183,0.7911764705882353,0.0,0.0,0.0,0.0,0.0,0.0,0.0,0.0,0.0,0.0,0.0,0.0,0.0,0.0
hc2/confirm/motion_blur_5/order2/8,hc2,confirm,41,motion_blur_5,order2,8,True,False,True,0.4618509321743684,0.7261410788381742,0.5494911844891555,0.8423236514522822,0.4891587152573084,0.7634854771784232,0.4618509321743684,0.7261410788381742,0.4618509321743684,0.7261410788381742,0.602392612462889,0.9182692307692307,0.6140481182162406,0.9375,0.6267028815573478,0.9519230769230769,0.6246574314239928,0.9575471698113207,0.0,0.0,-0.08764025231478706,-0.11618257261410792,-0.027307783082940018,-0.03734439834024894,0.0,0.0,-0.08764025231478706,-0.11618257261410792,-0.027307783082940018,-0.03734439834024894,0.0,0.0
hc2/confirm/motion_blur_5/order2/9,hc2,confirm,47,motion_blur_5,order2,9,False,False,False,0.20802552199317081,0.31054131054131057,0.20802552199317081,0.31054131054131057,0.20802552199317081,0.31054131054131057,0.20802552199317081,0.31054131054131057,0.20802552199317081,0.31054131054131057,0.20802552199317081,0.31054131054131057,0.20802552199317081,0.31054131054131057,0.20802552199317081,0.31054131054131057,0.20802552199317081,0.31054131054131057,0.0,0.0,0.0,0.0,0.0,0.0,0.0,0.0,0.0,0.0,0.0,0.0,0.0,0.0
hc2/confirm/motion_blur_5/order2/10,hc2,confirm,37,motion_blur_5,order2,10,False,False,False,0.007212309539425743,0.3194888178913738,0.007212309539425743,0.3194888178913738,0.007212309539425743,0.3194888178913738,0.007212309539425743,0.3194888178913738,0.007212309539425743,0.3194888178913738,0.007212309539425743,0.3194888178913738,0.007212309539425743,0.3194888178913738,0.007212309539425743,0.3194888178913738,0.007212309539425743,0.3194888178913738,0.0,0.0,0.0,0.0,0.0,0.0,0.0,0.0,0.0,0.0,0.0,0.0,0.0,0.0
hc2/confirm/motion_blur_5/order2/11,hc2,confirm,39,motion_blur_5,order2,11,False,False,False,0.0064521826201208035,0.8097345132743363,0.0064521826201208035,0.8097345132743363,0.0064521826201208035,0.8097345132743363,0.0064521826201208035,0.8097345132743363,0.0064521826201208035,0.8097345132743363,0.0064521826201208035,0.8097345132743363,0.0064521826201208035,0.8097345132743363,0.0064521826201208035,0.8097345132743363,0.0064521826201208035,0.8097345132743363,0.0,0.0,0.0,0.0,0.0,0.0,0.0,0.0,0.0,0.0,0.0,0.0,0.0,0.0
hc2/confirm/motion_blur_5/order2/12,hc2,confirm,44,motion_blur_5,order2,12,True,False,True,0.1975888924632925,0.83,0.21117210619536478,0.88,0.1975888924632925,0.83,0.22871875408824277,0.9411764705882353,0.1975888924632925,0.83,0.19181998305684633,0.6857142857142857,0.22946865164263042,0.9672131147540983,0.1942648969132642,0.6923076923076923,0.22871875408824274,0.9640522875816994,0.031129861624950267,0.11117647058823532,0.017546647892877992,0.06117647058823528,0.031129861624950267,0.11117647058823532,0.0,0.0,-0.013583213732072275,-0.050000000000000044,0.0,0.0,-0.031129861624950267,-0.11117647058823532
hc2/confirm/motion_blur_5/order2/13,hc2,confirm,32,motion_blur_5,order2,13,False,False,False,0.11122231974302986,0.26666666666666666,0.11122231974302986,0.26666666666666666,0.11122231974302986,0.26666666666666666,0.11122231974302986,0.26666666666666666,0.11122231974302986,0.26666666666666666,0.11122231974302986,0.26666666666666666,0.11122231974302986,0.26666666666666666,0.11122231974302986,0.26666666666666666,0.11122231974302986,0.26666666666666666,0.0,0.0,0.0,0.0,0.0,0.0,0.0,0.0,0.0,0.0,0.0,0.0,0.0,0.0
hc2/confirm/motion_blur_5/order2/14,hc2,confirm,45,motion_blur_5,order2,14,False,False,False,6.644213863535917e-05,0.3617021276595745,6.644213863535917e-05,0.3617021276595745,6.644213863535917e-05,0.3617021276595745,6.644213863535917e-05,0.3617021276595745,6.644213863535917e-05,0.3617021276595745,6.644213863535917e-05,0.3617021276595745,6.644213863535917e-05,0.3617021276595745,6.644213863535917e-05,0.3617021276595745,6.644213863535917e-05,0.3617021276595745,0.0,0.0,0.0,0.0,0.0,0.0,0.0,0.0,0.0,0.0,0.0,0.0,0.0,0.0
hc2/confirm/motion_blur_5/order2/15,hc2,confirm,35,motion_blur_5,order2,15,False,False,False,0.4536060805362419,0.6473988439306358,0.4536060805362419,0.6473988439306358,0.4536060805362419,0.6473988439306358,0.4536060805362419,0.6473988439306358,0.4536060805362419,0.6473988439306358,0.4536060805362419,0.6473988439306358,0.4536060805362419,0.6473988439306358,0.4536060805362419,0.6473988439306358,0.4536060805362419,0.6473988439306358,0.0,0.0,0.0,0.0,0.0,0.0,0.0,0.0,0.0,0.0,0.0,0.0,0.0,0.0
hc2/confirm/occlusion_5/order1/0,hc2,confirm,33,occlusion_5,order1,0,True,False,True,0.48565228530589427,0.8660714285714286,0.47995124733290057,0.8469656992084432,0.48565228530589427,0.8660714285714286,0.48565228530589427,0.8660714285714286,0.48565228530589427,0.8660714285714286,0.4763396159445173,0.8379052369077307,0.5039899366589747,0.8865435356200527,0.46138209177234646,0.8115942028985508,0.4835751544145606,0.850632911392405,0.0,0.0,0.0057010379729937055,0.01910572936298538,0.0,0.0,0.0,0.0,0.0057010379729937055,0.01910572936298538,0.0,0.0,0.0,0.0
hc2/confirm/occlusion_5/order1/1,hc2,confirm,45,occlusion_5,order1,1,False,False,False,0.0,0.422360248447205,0.0,0.422360248447205,0.0,0.422360248447205,0.0,0.422360248447205,0.0,0.422360248447205,0.0,0.422360248447205,0.0,0.422360248447205,0.0,0.422360248447205,0.0,0.422360248447205,0.0,0.0,0.0,0.0,0.0,0.0,0.0,0.0,0.0,0.0,0.0,0.0,0.0,0.0
hc2/confirm/occlusion_5/order1/2,hc2,confirm,46,occlusion_5,order1,2,False,False,False,0.4788465232280606,0.7598039215686274,0.4788465232280606,0.7598039215686274,0.4788465232280606,0.7598039215686274,0.4788465232280606,0.7598039215686274,0.4788465232280606,0.7598039215686274,0.4788465232280606,0.7598039215686274,0.4788465232280606,0.7598039215686274,0.4788465232280606,0.7598039215686274,0.4788465232280606,0.7598039215686274,0.0,0.0,0.0,0.0,0.0,0.0,0.0,0.0,0.0,0.0,0.0,0.0,0.0,0.0
hc2/confirm/occlusion_5/order1/3,hc2,confirm,43,occlusion_5,order1,3,False,False,False,0.2894076599438449,0.7142857142857143,0.2894076599438449,0.7142857142857143,0.2894076599438449,0.7142857142857143,0.2894076599438449,0.7142857142857143,0.2894076599438449,0.7142857142857143,0.2894076599438449,0.7142857142857143,0.2894076599438449,0.7142857142857143,0.2894076599438449,0.7142857142857143,0.2894076599438449,0.7142857142857143,0.0,0.0,0.0,0.0,0.0,0.0,0.0,0.0,0.0,0.0,0.0,0.0,0.0,0.0
hc2/confirm/occlusion_5/order1/4,hc2,confirm,47,occlusion_5,order1,4,True,False,True,0.22122323936841878,0.3253731343283582,0.23753136278339837,0.34935897435897434,0.2922530824978596,0.4222972972972973,0.0580992027051593,0.09253731343283582,0.4282520416800319,0.6188118811881188,0.0,0.0,0.6496694541973569,0.9276315789473685,0.0,0.0,0.6496958755195681,0.9299363057324841,-0.16312403666325948,-0.23283582089552235,-0.17943216007823906,-0.2568216609261385,-0.23415387979270028,-0.3297599838644615,0.2070288023116131,0.2934387468597606,0.19072067889663352,0.26945290682914447,0.1359989591821723,0.1965145838908215,0.3701528389748726,0.526274567755283
hc2/confirm/occlusion_5/order1/5,hc2,confirm,37,occlusion_5,order1,5,False,False,False,0.008240233887413887,0.26595744680851063,0.008240233887413887,0.26595744680851063,0.008240233887413887,0.26595744680851063,0.008240233887413887,0.26595744680851063,0.008240233887413887,0.26595744680851063,0.008240233887413887,0.26595744680851063,0.008240233887413887,0.26595744680851063,0.008240233887413887,0.26595744680851063,0.008240233887413887,0.26595744680851063,0.0,0.0,0.0,0.0,0.0,0.0,0.0,0.0,0.0,0.0,0.0,0.0,0.0,0.0
hc2/confirm/occlusion_5/order1/6,hc2,confirm,41,occlusion_5,order1,6,False,False,False,0.4666495966848323,0.7,0.4666495966848323,0.7,0.4666495966848323,0.7,0.4666495966848323,0.7,0.4666495966848323,0.7,0.4666495966848323,0.7,0.4666495966848323,0.7,0.4666495966848323,0.7,0.4666495966848323,0.7,0.0,0.0,0.0,0.0,0.0,0.0,0.0,0.0,0.0,0.0,0.0,0.0,0.0,0.0
hc2/confirm/occlusion_5/order1/7,hc2,confirm,35,occlusion_5,order1,7,False,False,False,0.43631624751423986,0.6473988439306358,0.43631624751423986,0.6473988439306358,0.43631624751423986,0.6473988439306358,0.43631624751423986,0.6473988439306358,0.43631624751423986,0.6473988439306358,0.43631624751423986,0.6473988439306358,0.43631624751423986,0.6473988439306358,0.43631624751423986,0.6473988439306358,0.43631624751423986,0.6473988439306358,0.0,0.0,0.0,0.0,0.0,0.0,0.0,0.0,0.0,0.0,0.0,0.0,0.0,0.0
hc2/confirm/occlusion_5/order1/8,hc2,confirm,42,occlusion_5,order1,8,True,False,True,0.15178235554350974,0.6705882352941176,0.14415084046031654,0.6368715083798883,0.16126875276497912,0.7125,0.07879661996176679,0.3240223463687151,0.16126875276497912,0.7125,0.07016972625844181,0.2801724137931034,0.19400752212328315,0.8571428571428571,0.07223689849534852,0.2851063829787234,0.18171127072110324,0.8028169014084507,-0.07298573558174296,-0.3465658889254025,-0.06535422049854975,-0.3128491620111732,-0.08247213280321233,-0.38847765363128495,0.009486397221469378,0.041911764705882426,0.017117912304662586,0.07562849162011176,0.0,0.0,0.08247213280321233,0.38847765363128495
hc2/confirm/occlusion_5/order1/9,hc2,confirm,44,occlusion_5,order1,9,False,False,False,0.1973090864390106,0.83,0.1973090864390106,0.83,0.1973090864390106,0.83,0.1973090864390106,0.83,0.1973090864390106,0.83,0.1973090864390106,0.83,0.1973090864390106,0.83,0.1973090864390106,0.83,0.1973090864390106,0.83,0.0,0.0,0.0,0.0,0.0,0.0,0.0,0.0,0.0,0.0,0.0,0.0,0.0,0.0
hc2/confirm/occlusion_5/order1/10,hc2,confirm,36,occlusion_5,order1,10,False,False,False,0.18159133445713152,0.3788546255506608,0.18159133445713152,0.3788546255506608,0.18159133445713152,0.3788546255506608,0.18159133445713152,0.3788546255506608,0.18159133445713152,0.3788546255506608,0.18159133445713152,0.3788546255506608,0.18159133445713152,0.3788546255506608,0.18159133445713152,0.3788546255506608,0.18159133445713152,0.3788546255506608,0.0,0.0,0.0,0.0,0.0,0.0,0.0,0.0,0.0,0.0,0.0,0.0,0.0,0.0
hc2/confirm/occlusion_5/order1/11,hc2,confirm,38,occlusion_5,order1,11,False,False,False,0.42503850350125655,0.5458333333333333,0.42503850350125655,0.5458333333333333,0.42503850350125655,0.5458333333333333,0.42503850350125655,0.5458333333333333,0.42503850350125655,0.5458333333333333,0.42503850350125655,0.5458333333333333,0.42503850350125655,0.5458333333333333,0.42503850350125655,0.5458333333333333,0.42503850350125655,0.5458333333333333,0.0,0.0,0.0,0.0,0.0,0.0,0.0,0.0,0.0,0.0,0.0,0.0,0.0,0.0
hc2/confirm/occlusion_5/order1/12,hc2,confirm,34,occlusion_5,order1,12,True,False,True,0.47657005671842695,0.638961038961039,0.5075722567855169,0.6805194805194805,0.47657005671842695,0.638961038961039,0.47657005671842695,0.638961038961039,0.47657005671842695,0.638961038961039,0.47946236033369916,0.6428571428571429,0.6846616730546854,0.9164265129682997,0.4789591148588824,0.6421568627450981,0.6856201682243858,0.9180790960451978,0.0,0.0,-0.031002200067089924,-0.04155844155844157,0.0,0.0,0.0,0.0,-0.031002200067089924,-0.04155844155844157,0.0,0.0,0.0,0.0
hc2/confirm/occlusion_5/order1/13,hc2,confirm,40,occlusion_5,order1,13,False,False,False,0.34098664939122825,0.5568862275449101,0.34098664939122825,0.5568862275449101,0.34098664939122825,0.5568862275449101,0.34098664939122825,0.5568862275449101,0.34098664939122825,0.5568862275449101,0.34098664939122825,0.5568862275449101,0.34098664939122825,0.5568862275449101,0.34098664939122825,0.5568862275449101,0.34098664939122825,0.5568862275449101,0.0,0.0,0.0,0.0,0.0,0.0,0.0,0.0,0.0,0.0,0.0,0.0,0.0,0.0
hc2/confirm/occlusion_5/order1/14,hc2,confirm,39,occlusion_5,order1,14,False,False,False,0.02494970455602863,0.8840579710144928,0.02494970455602863,0.8840579710144928,0.02494970455602863,0.8840579710144928,0.02494970455602863,0.8840579710144928,0.02494970455602863,0.8840579710144928,0.02494970455602863,0.8840579710144928,0.02494970455602863,0.8840579710144928,0.02494970455602863,0.8840579710144928,0.02494970455602863,0.8840579710144928,0.0,0.0,0.0,0.0,0.0,0.0,0.0,0.0,0.0,0.0,0.0,0.0,0.0,0.0
hc2/confirm/occlusion_5/order1/15,hc2,confirm,32,occlusion_5,order1,15,False,False,False,0.13416897333478753,0.3372093023255814,0.13416897333478753,0.3372093023255814,0.13416897333478753,0.3372093023255814,0.13416897333478753,0.3372093023255814,0.13416897333478753,0.3372093023255814,0.13416897333478753,0.3372093023255814,0.13416897333478753,0.3372093023255814,0.13416897333478753,0.3372093023255814,0.13416897333478753,0.3372093023255814,0.0,0.0,0.0,0.0,0.0,0.0,0.0,0.0,0.0,0.0,0.0,0.0,0.0,0.0
hc2/confirm/occlusion_5/order2/0,hc2,confirm,43,occlusion_5,order2,0,True,False,True,0.29920428312931,0.7142857142857143,0.27945537590619035,0.6390977443609023,0.29920428312931,0.7142857142857143,0.0,0.0,0.3149518769782211,0.7518796992481203,0.0,0.0,0.3861587815992543,0.9375,0.0,0.0,0.37840492529184055,0.9152542372881356,-0.29920428312931,-0.7142857142857143,-0.27945537590619035,-0.6390977443609023,-0.29920428312931,-0.7142857142857143,0.015747593848911057,0.03759398496240596,0.03549650107203073,0.11278195488721798,0.015747593848911057,0.03759398496240596,0.3149518769782211,0.7518796992481203
hc2/confirm/occlusion_5/order2/1,hc2,confirm,46,occlusion_5,order2,1,False,False,False,0.47175968545074476,0.7598039215686274,0.47175968545074476,0.7598039215686274,0.47175968545074476,0.7598039215686274,0.47175968545074476,0.7598039215686274,0.47175968545074476,0.7598039215686274,0.47175968545074476,0.7598039215686274,0.47175968545074476,0.7598039215686274,0.47175968545074476,0.7598039215686274,0.47175968545074476,0.7598039215686274,0.0,0.0,0.0,0.0,0.0,0.0,0.0,0.0,0.0,0.0,0.0,0.0,0.0,0.0
hc2/confirm/occlusion_5/order2/2,hc2,confirm,38,occlusion_5,order2,2,False,False,False,0.4165192773985914,0.5458333333333333,0.4165192773985914,0.5458333333333333,0.4165192773985914,0.5458333333333333,0.4165192773985914,0.5458333333333333,0.4165192773985914,0.5458333333333333,0.4165192773985914,0.5458333333333333,0.4165192773985914,0.5458333333333333,0.4165192773985914,0.5458333333333333,0.4165192773985914,0.5458333333333333,0.0,0.0,0.0,0.0,0.0,0.0,0.0,0.0,0.0,0.0,0.0,0.0,0.0,0.0
hc2/confirm/occlusion_5/order2/3,hc2,confirm,40,occlusion_5,order2,3,False,False,False,0.34206371654789636,0.5568862275449101,0.34206371654789636,0.5568862275449101,0.34206371654789636,0.5568862275449101,0.34206371654789636,0.5568862275449101,0.34206371654789636,0.5568862275449101,0.34206371654789636,0.5568862275449101,0.34206371654789636,0.5568862275449101,0.34206371654789636,0.5568862275449101,0.34206371654789636,0.5568862275449101,0.0,0.0,0.0,0.0,0.0,0.0,0.0,0.0,0.0,0.0,0.0,0.0,0.0,0.0
hc2/confirm/occlusion_5/order2/4,hc2,confirm,34,occlusion_5,order2,4,True,False,True,0.47307520583041224,0.638961038961039,0.5037761187146057,0.6805194805194805,0.47307520583041224,0.638961038961039,0.47307520583041224,0.638961038961039,0.47307520583041224,0.638961038961039,0.47588177013733857,0.6428571428571429,0.6792566293784201,0.9164265129682997,0.4753769747674589,0.6421568627450981,0.6801566743633078,0.9180790960451978,0.0,0.0,-0.030700912884193465,-0.04155844155844157,0.0,0.0,0.0,0.0,-0.030700912884193465,-0.04155844155844157,0.0,0.0,0.0,0.0
hc2/confirm/occlusion_5/order2/5,hc2,confirm,36,occlusion_5,order2,5,False,False,False,0.1724257500500756,0.3788546255506608,0.1724257500500756,0.3788546255506608,0.1724257500500756,0.3788546255506608,0.1724257500500756,0.3788546255506608,0.1724257500500756,0.3788546255506608,0.1724257500500756,0.3788546255506608,0.1724257500500756,0.3788546255506608,0.1724257500500756,0.3788546255506608,0.1724257500500756,0.3788546255506608,0.0,0.0,0.0,0.0,0.0,0.0,0.0,0.0,0.0,0.0,0.0,0.0,0.0,0.0
hc2/confirm/occlusion_5/order2/6,hc2,confirm,42,occlusion_5,order2,6,False,False,False,0.1528982831027136,0.6705882352941176,0.1528982831027136,0.6705882352941176,0.1528982831027136,0.6705882352941176,0.1528982831027136,0.6705882352941176,0.1528982831027136,0.6705882352941176,0.1528982831027136,0.6705882352941176,0.1528982831027136,0.6705882352941176,0.1528982831027136,0.6705882352941176,0.1528982831027136,0.6705882352941176,0.0,0.0,0.0,0.0,0.0,0.0,0.0,0.0,0.0,0.0,0.0,0.0,0.0,0.0
hc2/confirm/occlusion_5/order2/7,hc2,confirm,33,occlusion_5,order2,7,False,False,False,0.48412443019757656,0.8660714285714286,0.48412443019757656,0.8660714285714286,0.48412443019757656,0.8660714285714286,0.48412443019757656,0.8660714285714286,0.48412443019757656,0.8660714285714286,0.48412443019757656,0.8660714285714286,0.48412443019757656,0.8660714285714286,0.48412443019757656,0.8660714285714286,0.48412443019757656,0.8660714285714286,0.0,0.0,0.0,0.0,0.0,0.0,0.0,0.0,0.0,0.0,0.0,0.0,0.0,0.0
hc2/confirm/occlusion_5/order2/8,hc2,confirm,41,occlusion_5,order2,8,True,False,True,0.4453656071286881,0.7,0.5496660255728406,0.8423236514522822,0.4619975177683487,0.7261410788381742,0.4619975177683487,0.7261410788381742,0.4619975177683487,0.7261410788381742,0.6025760617478769,0.9182692307692307,0.6118132535076283,0.9326923076923077,0.6268961249796272,0.9519230769230769,0.6268961249796272,0.9519230769230769,0.016631910639660574,0.026141078838174292,-0.08766850780449192,-0.11618257261410792,0.0,0.0,0.016631910639660574,0.026141078838174292,-0.08766850780449192,-0.11618257261410792,0.0,0.0,0.0,0.0
hc2/confirm/occlusion_5/order2/9,hc2,confirm,47,occlusion_5,order2,9,False,False,False,0.22215825924436078,0.3253731343283582,0.22215825924436078,0.3253731343283582,0.22215825924436078,0.3253731343283582,0.22215825924436078,0.3253731343283582,0.22215825924436078,0.3253731343283582,0.22215825924436078,0.3253731343283582,0.22215825924436078,0.3253731343283582,0.22215825924436078,0.3253731343283582,0.22215825924436078,0.3253731343283582,0.0,0.0,0.0,0.0,0.0,0.0,0.0,0.0,0.0,0.0,0.0,0.0,0.0,0.0
hc2/confirm/occlusion_5/order2/10,hc2,confirm,37,occlusion_5,order2,10,False,False,False,0.006101096195772071,0.26595744680851063,0.006101096195772071,0.26595744680851063,0.006101096195772071,0.26595744680851063,0.006101096195772071,0.26595744680851063,0.006101096195772071,0.26595744680851063,0.006101096195772071,0.26595744680851063,0.006101096195772071,0.26595744680851063,0.006101096195772071,0.26595744680851063,0.006101096195772071,0.26595744680851063,0.0,0.0,0.0,0.0,0.0,0.0,0.0,0.0,0.0,0.0,0.0,0.0,0.0,0.0
hc2/confirm/occlusion_5/order2/11,hc2,confirm,39,occlusion_5,order2,11,False,False,False,0.023050547267433552,0.8840579710144928,0.023050547267433552,0.8840579710144928,0.023050547267433552,0.8840579710144928,0.023050547267433552,0.8840579710144928,0.023050547267433552,0.8840579710144928,0.023050547267433552,0.8840579710144928,0.023050547267433552,0.8840579710144928,0.023050547267433552,0.8840579710144928,0.023050547267433552,0.8840579710144928,0.0,0.0,0.0,0.0,0.0,0.0,0.0,0.0,0.0,0.0,0.0,0.0,0.0,0.0
hc2/confirm/occlusion_5/order2/12,hc2,confirm,44,occlusion_5,order2,12,True,False,True,0.20204225728622086,0.83,0.21599042966086632,0.88,0.20204225728622086,0.83,0.23762919484724854,0.9411764705882353,0.20204225728622086,0.83,0.20302591027030456,0.7026239067055393,0.237011834362193,0.9666666666666667,0.2044995771417898,0.7063953488372093,0.23933730426216845,0.9867986798679867,0.03558693756102768,0.11117647058823532,0.02163876518638222,0.06117647058823528,0.03558693756102768,0.11117647058823532,0.0,0.0,-0.013948172374645462,-0.050000000000000044,0.0,0.0,-0.03558693756102768,-0.11117647058823532
hc2/confirm/occlusion_5/order2/13,hc2,confirm,32,occlusion_5,order2,13,False,False,False,0.14550859864591317,0.3372093023255814,0.14550859864591317,0.3372093023255814,0.14550859864591317,0.3372093023255814,0.14550859864591317,0.3372093023255814,0.14550859864591317,0.3372093023255814,0.14550859864591317,0.3372093023255814,0.14550859864591317,0.3372093023255814,0.14550859864591317,0.3372093023255814,0.14550859864591317,0.3372093023255814,0.0,0.0,0.0,0.0,0.0,0.0,0.0,0.0,0.0,0.0,0.0,0.0,0.0,0.0
hc2/confirm/occlusion_5/order2/14,hc2,confirm,45,occlusion_5,order2,14,False,False,False,0.00019760721660261175,0.422360248447205,0.00019760721660261175,0.422360248447205,0.00019760721660261175,0.422360248447205,0.00019760721660261175,0.422360248447205,0.00019760721660261175,0.422360248447205,0.00019760721660261175,0.422360248447205,0.00019760721660261175,0.422360248447205,0.00019760721660261175,0.422360248447205,0.00019760721660261175,0.422360248447205,0.0,0.0,0.0,0.0,0.0,0.0,0.0,0.0,0.0,0.0,0.0,0.0,0.0,0.0
hc2/confirm/occlusion_5/order2/15,hc2,confirm,35,occlusion_5,order2,15,False,False,False,0.44338852962987524,0.6473988439306358,0.44338852962987524,0.6473988439306358,0.44338852962987524,0.6473988439306358,0.44338852962987524,0.6473988439306358,0.44338852962987524,0.6473988439306358,0.44338852962987524,0.6473988439306358,0.44338852962987524,0.6473988439306358,0.44338852962987524,0.6473988439306358,0.44338852962987524,0.6473988439306358,0.0,0.0,0.0,0.0,0.0,0.0,0.0,0.0,0.0,0.0,0.0,0.0,0.0,0.0
hc2/confirm/exposure_5/order1/0,hc2,confirm,33,exposure_5,order1,0,True,False,True,0.4876861363915478,0.8660714285714286,0.491976330111642,0.8629032258064516,0.4876861363915478,0.8660714285714286,0.5087442444496711,0.9,0.5087442444496711,0.9,0.4767386999673918,0.8337468982630273,0.5082690372668225,0.8888888888888888,0.46407172967840316,0.8115942028985508,0.48639416730850354,0.850632911392405,0.02105810805812336,0.03392857142857142,0.016767914338029155,0.0370967741935484,0.02105810805812336,0.03392857142857142,0.02105810805812336,0.03392857142857142,0.016767914338029155,0.0370967741935484,0.02105810805812336,0.03392857142857142,0.0,0.0
hc2/confirm/exposure_5/order1/1,hc2,confirm,45,exposure_5,order1,1,False,False,False,0.0,0.422360248447205,0.0,0.422360248447205,0.0,0.422360248447205,0.0,0.422360248447205,0.0,0.422360248447205,0.0,0.422360248447205,0.0,0.422360248447205,0.0,0.422360248447205,0.0,0.422360248447205,0.0,0.0,0.0,0.0,0.0,0.0,0.0,0.0,0.0,0.0,0.0,0.0,0.0,0.0
hc2/confirm/exposure_5/order1/2,hc2,confirm,46,exposure_5,order1,2,False,False,False,0.32761606237568136,0.5201342281879194,0.32761606237568136,0.5201342281879194,0.32761606237568136,0.5201342281879194,0.32761606237568136,0.5201342281879194,0.32761606237568136,0.5201342281879194,0.32761606237568136,0.5201342281879194,0.32761606237568136,0.5201342281879194,0.32761606237568136,0.5201342281879194,0.32761606237568136,0.5201342281879194,0.0,0.0,0.0,0.0,0.0,0.0,0.0,0.0,0.0,0.0,0.0,0.0,0.0,0.0
hc2/confirm/exposure_5/order1/3,hc2,confirm,43,exposure_5,order1,3,False,False,False,0.30340887721222454,0.7518796992481203,0.30340887721222454,0.7518796992481203,0.30340887721222454,0.7518796992481203,0.30340887721222454,0.7518796992481203,0.30340887721222454,0.7518796992481203,0.30340887721222454,0.7518796992481203,0.30340887721222454,0.7518796992481203,0.30340887721222454,0.7518796992481203,0.30340887721222454,0.7518796992481203,0.0,0.0,0.0,0.0,0.0,0.0,0.0,0.0,0.0,0.0,0.0,0.0,0.0,0.0
hc2/confirm/exposure_5/order1/4,hc2,confirm,47,exposure_5,order1,4,True,False,True,0.2232556117879068,0.3253731343283582,0.23971355752868198,0.34935897435897434,0.43144442624637236,0.6188118811881188,0.05802609054845793,0.09253731343283582,0.43144442624637236,0.6188118811881188,0.0,0.0,0.6768289157828321,0.9668874172185431,0.0,0.0,0.619401007777016,0.8848484848484849,-0.16522952123944887,-0.23283582089552235,-0.18168746698022406,-0.2568216609261385,-0.37341833569791444,-0.526274567755283,0.20818881445846557,0.2934387468597606,0.19173086871769038,0.26945290682914447,0.0,0.0,0.37341833569791444,0.526274567755283
hc2/confirm/exposure_5/order1/5,hc2,confirm,37,exposure_5,order1,5,False,False,False,0.007609030571129527,0.3194888178913738,0.007609030571129527,0.3194888178913738,0.007609030571129527,0.3194888178913738,0.007609030571129527,0.3194888178913738,0.007609030571129527,0.3194888178913738,0.007609030571129527,0.3194888178913738,0.007609030571129527,0.3194888178913738,0.007609030571129527,0.3194888178913738,0.007609030571129527,0.3194888178913738,0.0,0.0,0.0,0.0,0.0,0.0,0.0,0.0,0.0,0.0,0.0,0.0,0.0,0.0
hc2/confirm/exposure_5/order1/6,hc2,confirm,41,exposure_5,order1,6,False,False,False,0.472419212988772,0.7,0.472419212988772,0.7,0.472419212988772,0.7,0.472419212988772,0.7,0.472419212988772,0.7,0.472419212988772,0.7,0.472419212988772,0.7,0.472419212988772,0.7,0.472419212988772,0.7,0.0,0.0,0.0,0.0,0.0,0.0,0.0,0.0,0.0,0.0,0.0,0.0,0.0,0.0
hc2/confirm/exposure_5/order1/7,hc2,confirm,35,exposure_5,order1,7,False,False,False,0.43741813578776684,0.6473988439306358,0.43741813578776684,0.6473988439306358,0.43741813578776684,0.6473988439306358,0.43741813578776684,0.6473988439306358,0.43741813578776684,0.6473988439306358,0.43741813578776684,0.6473988439306358,0.43741813578776684,0.6473988439306358,0.43741813578776684,0.6473988439306358,0.43741813578776684,0.6473988439306358,0.0,0.0,0.0,0.0,0.0,0.0,0.0,0.0,0.0,0.0,0.0,0.0,0.0,0.0
hc2/confirm/exposure_5/order1/8,hc2,confirm,42,exposure_5,order1,8,True,False,True,0.1435648654306327,0.6368715083798883,0.1184244742492316,0.5253456221198156,0.16061319320052034,0.7125,0.1435648654306327,0.6368715083798883,0.16061319320052034,0.7125,0.07055104543423853,0.2801724137931034,0.19321887903821997,0.8571428571428571,0.07262542553225255,0.2851063829787234,0.18097261205692433,0.8028169014084507,0.0,0.0,0.025140391181401114,0.11152588626007265,-0.017048327769887628,-0.07562849162011176,0.017048327769887628,0.07562849162011176,0.04218871895128874,0.1871543778801844,0.0,0.0,0.017048327769887628,0.07562849162011176
hc2/confirm/exposure_5/order1/9,hc2,confirm,44,exposure_5,order1,9,False,False,False,0.1703468119970737,0.8571428571428571,0.1703468119970737,0.8571428571428571,0.1703468119970737,0.8571428571428571,0.1703468119970737,0.8571428571428571,0.1703468119970737,0.8571428571428571,0.1703468119970737,0.8571428571428571,0.1703468119970737,0.8571428571428571,0.1703468119970737,0.8571428571428571,0.1703468119970737,0.8571428571428571,0.0,0.0,0.0,0.0,0.0,0.0,0.0,0.0,0.0,0.0,0.0,0.0,0.0,0.0
hc2/confirm/exposure_5/order1/10,hc2,confirm,36,exposure_5,order1,10,False,False,False,0.16305502138891587,0.3788546255506608,0.16305502138891587,0.3788546255506608,0.16305502138891587,0.3788546255506608,0.16305502138891587,0.3788546255506608,0.16305502138891587,0.3788546255506608,0.16305502138891587,0.3788546255506608,0.16305502138891587,0.3788546255506608,0.16305502138891587,0.3788546255506608,0.16305502138891587,0.3788546255506608,0.0,0.0,0.0,0.0,0.0,0.0,0.0,0.0,0.0,0.0,0.0,0.0,0.0,0.0
hc2/confirm/exposure_5/order1/11,hc2,confirm,38,exposure_5,order1,11,False,False,False,0.434956377818331,0.5683297180043384,0.434956377818331,0.5683297180043384,0.434956377818331,0.5683297180043384,0.434956377818331,0.5683297180043384,0.434956377818331,0.5683297180043384,0.434956377818331,0.5683297180043384,0.434956377818331,0.5683297180043384,0.434956377818331,0.5683297180043384,0.434956377818331,0.5683297180043384,0.0,0.0,0.0,0.0,0.0,0.0,0.0,0.0,0.0,0.0,0.0,0.0,0.0,0.0
hc2/confirm/exposure_5/order1/12,hc2,confirm,34,exposure_5,order1,12,True,False,True,0.464940781663789,0.6259541984732825,0.45566515509693034,0.6134663341645885,0.47460188881524434,0.638961038961039,0.464940781663789,0.6259541984732825,0.464940781663789,0.6259541984732825,0.4452794256464269,0.5995145631067961,0.6773057953430236,0.9109195402298851,0.45345130354374186,0.6105769230769231,0.682238954762046,0.9180790960451978,0.0,0.0,0.009275626566858652,0.012487864308693974,-0.00966110715145535,-0.013006840487756466,0.0,0.0,0.009275626566858652,0.012487864308693974,-0.00966110715145535,-0.013006840487756466,0.0,0.0
hc2/confirm/exposure_5/order1/13,hc2,confirm,40,exposure_5,order1,13,False,False,False,0.39594281493456884,0.6320754716981132,0.39594281493456884,0.6320754716981132,0.39594281493456884,0.6320754716981132,0.39594281493456884,0.6320754716981132,0.39594281493456884,0.6320754716981132,0.39594281493456884,0.6320754716981132,0.39594281493456884,0.6320754716981132,0.39594281493456884,0.6320754716981132,0.39594281493456884,0.6320754716981132,0.0,0.0,0.0,0.0,0.0,0.0,0.0,0.0,0.0,0.0,0.0,0.0,0.0,0.0
hc2/confirm/exposure_5/order1/14,hc2,confirm,39,exposure_5,order1,14,False,False,False,0.007080844719466459,0.8840579710144928,0.007080844719466459,0.8840579710144928,0.007080844719466459,0.8840579710144928,0.007080844719466459,0.8840579710144928,0.007080844719466459,0.8840579710144928,0.007080844719466459,0.8840579710144928,0.007080844719466459,0.8840579710144928,0.007080844719466459,0.8840579710144928,0.007080844719466459,0.8840579710144928,0.0,0.0,0.0,0.0,0.0,0.0,0.0,0.0,0.0,0.0,0.0,0.0,0.0,0.0
hc2/confirm/exposure_5/order1/15,hc2,confirm,32,exposure_5,order1,15,False,False,False,0.14578890336302555,0.3372093023255814,0.14578890336302555,0.3372093023255814,0.14578890336302555,0.3372093023255814,0.14578890336302555,0.3372093023255814,0.14578890336302555,0.3372093023255814,0.14578890336302555,0.3372093023255814,0.14578890336302555,0.3372093023255814,0.14578890336302555,0.3372093023255814,0.14578890336302555,0.3372093023255814,0.0,0.0,0.0,0.0,0.0,0.0,0.0,0.0,0.0,0.0,0.0,0.0,0.0,0.0
hc2/confirm/exposure_5/order2/0,hc2,confirm,43,exposure_5,order2,0,True,False,True,0.3133999646150198,0.7518796992481203,0.36299344045777177,0.875,0.35814226428157164,0.875,0.0,0.0,0.3896980857870779,0.9565217391304348,0.0,0.0,0.38425943936954715,0.9375,0.0,0.0,0.3874936575086737,0.9464285714285714,-0.3133999646150198,-0.7518796992481203,-0.36299344045777177,-0.875,-0.35814226428157164,-0.875,0.07629812117205809,0.20464203988231455,0.02670464532930611,0.08152173913043481,0.03155582150550623,0.08152173913043481,0.3896980857870779,0.9565217391304348
hc2/confirm/exposure_5/order2/1,hc2,confirm,46,exposure_5,order2,1,False,False,False,0.32252629422301504,0.5201342281879194,0.32252629422301504,0.5201342281879194,0.32252629422301504,0.5201342281879194,0.32252629422301504,0.5201342281879194,0.32252629422301504,0.5201342281879194,0.32252629422301504,0.5201342281879194,0.32252629422301504,0.5201342281879194,0.32252629422301504,0.5201342281879194,0.32252629422301504,0.5201342281879194,0.0,0.0,0.0,0.0,0.0,0.0,0.0,0.0,0.0,0.0,0.0,0.0,0.0,0.0
hc2/confirm/exposure_5/order2/2,hc2,confirm,38,exposure_5,order2,2,False,False,False,0.42659731669437667,0.5683297180043384,0.42659731669437667,0.5683297180043384,0.42659731669437667,0.5683297180043384,0.42659731669437667,0.5683297180043384,0.42659731669437667,0.5683297180043384,0.42659731669437667,0.5683297180043384,0.42659731669437667,0.5683297180043384,0.42659731669437667,0.5683297180043384,0.42659731669437667,0.5683297180043384,0.0,0.0,0.0,0.0,0.0,0.0,0.0,0.0,0.0,0.0,0.0,0.0,0.0,0.0
hc2/confirm/exposure_5/order2/3,hc2,confirm,40,exposure_5,order2,3,False,False,False,0.3970875537498289,0.6320754716981132,0.3970875537498289,0.6320754716981132,0.3970875537498289,0.6320754716981132,0.3970875537498289,0.6320754716981132,0.3970875537498289,0.6320754716981132,0.3970875537498289,0.6320754716981132,0.3970875537498289,0.6320754716981132,0.3970875537498289,0.6320754716981132,0.3970875537498289,0.6320754716981132,0.0,0.0,0.0,0.0,0.0,0.0,0.0,0.0,0.0,0.0,0.0,0.0,0.0,0.0
hc2/confirm/exposure_5/order2/4,hc2,confirm,34,exposure_5,order2,4,True,False,True,0.46327316965934845,0.6259541984732825,0.4540308121599101,0.6134663341645885,0.4728996251327895,0.638961038961039,0.46327316965934845,0.6259541984732825,0.46327316965934845,0.6259541984732825,0.44368056837450714,0.5995145631067961,0.6749641208808644,0.9109195402298851,0.4518244532172081,0.6105769230769231,0.679872727967062,0.9180790960451978,0.0,0.0,0.009242357499438358,0.012487864308693974,-0.009626455473441042,-0.013006840487756466,0.0,0.0,0.009242357499438358,0.012487864308693974,-0.009626455473441042,-0.013006840487756466,0.0,0.0
hc2/confirm/exposure_5/order2/5,hc2,confirm,36,exposure_5,order2,5,False,False,False,0.15042821000378273,0.3788546255506608,0.15042821000378273,0.3788546255506608,0.15042821000378273,0.3788546255506608,0.15042821000378273,0.3788546255506608,0.15042821000378273,0.3788546255506608,0.15042821000378273,0.3788546255506608,0.15042821000378273,0.3788546255506608,0.15042821000378273,0.3788546255506608,0.15042821000378273,0.3788546255506608,0.0,0.0,0.0,0.0,0.0,0.0,0.0,0.0,0.0,0.0,0.0,0.0,0.0,0.0
hc2/confirm/exposure_5/order2/6,hc2,confirm,42,exposure_5,order2,6,False,False,False,0.14395235984596302,0.6368715083798883,0.14395235984596302,0.6368715083798883,0.14395235984596302,0.6368715083798883,0.14395235984596302,0.6368715083798883,0.14395235984596302,0.6368715083798883,0.14395235984596302,0.6368715083798883,0.14395235984596302,0.6368715083798883,0.14395235984596302,0.6368715083798883,0.14395235984596302,0.6368715083798883,0.0,0.0,0.0,0.0,0.0,0.0,0.0,0.0,0.0,0.0,0.0,0.0,0.0,0.0
hc2/confirm/exposure_5/order2/7,hc2,confirm,33,exposure_5,order2,7,False,False,False,0.48652904845782513,0.8660714285714286,0.48652904845782513,0.8660714285714286,0.48652904845782513,0.8660714285714286,0.48652904845782513,0.8660714285714286,0.48652904845782513,0.8660714285714286,0.48652904845782513,0.8660714285714286,0.48652904845782513,0.8660714285714286,0.48652904845782513,0.8660714285714286,0.48652904845782513,0.8660714285714286,0.0,0.0,0.0,0.0,0.0,0.0,0.0,0.0,0.0,0.0,0.0,0.0,0.0,0.0
hc2/confirm/exposure_5/order2/8,hc2,confirm,41,exposure_5,order2,8,True,False,True,0.4449854326687188,0.7,0.6380682712978609,0.9666666666666667,0.4616031459219075,0.7261410788381742,0.4616031459219075,0.7261410788381742,0.4616031459219075,0.7261410788381742,0.60204289800812,0.9182692307692307,0.6112699484068278,0.9326923076923077,0.6263388003539903,0.9519230769230769,0.6263388003539903,0.9519230769230769,0.01661771325318867,0.026141078838174292,-0.17646512537595344,-0.24052558782849243,0.0,0.0,0.01661771325318867,0.026141078838174292,-0.17646512537595344,-0.24052558782849243,0.0,0.0,0.0,0.0
hc2/confirm/exposure_5/order2/9,hc2,confirm,47,exposure_5,order2,9,False,False,False,0.22317929874533105,0.3253731343283582,0.22317929874533105,0.3253731343283582,0.22317929874533105,0.3253731343283582,0.22317929874533105,0.3253731343283582,0.22317929874533105,0.3253731343283582,0.22317929874533105,0.3253731343283582,0.22317929874533105,0.3253731343283582,0.22317929874533105,0.3253731343283582,0.22317929874533105,0.3253731343283582,0.0,0.0,0.0,0.0,0.0,0.0,0.0,0.0,0.0,0.0,0.0,0.0,0.0,0.0
hc2/confirm/exposure_5/order2/10,hc2,confirm,37,exposure_5,order2,10,False,False,False,0.00720876546571898,0.3194888178913738,0.00720876546571898,0.3194888178913738,0.00720876546571898,0.3194888178913738,0.00720876546571898,0.3194888178913738,0.00720876546571898,0.3194888178913738,0.00720876546571898,0.3194888178913738,0.00720876546571898,0.3194888178913738,0.00720876546571898,0.3194888178913738,0.00720876546571898,0.3194888178913738,0.0,0.0,0.0,0.0,0.0,0.0,0.0,0.0,0.0,0.0,0.0,0.0,0.0,0.0
hc2/confirm/exposure_5/order2/11,hc2,confirm,39,exposure_5,order2,11,False,False,False,0.006523040672742146,0.8840579710144928,0.006523040672742146,0.8840579710144928,0.006523040672742146,0.8840579710144928,0.006523040672742146,0.8840579710144928,0.006523040672742146,0.8840579710144928,0.006523040672742146,0.8840579710144928,0.006523040672742146,0.8840579710144928,0.006523040672742146,0.8840579710144928,0.006523040672742146,0.8840579710144928,0.0,0.0,0.0,0.0,0.0,0.0,0.0,0.0,0.0,0.0,0.0,0.0,0.0,0.0
hc2/confirm/exposure_5/order2/12,hc2,confirm,44,exposure_5,order2,12,True,False,True,0.2161421499846895,0.8571428571428571,0.23733255684593357,0.9411764705882353,0.2161421499846895,0.8571428571428571,0.2161421499846895,0.8333333333333334,0.2161421499846895,0.8571428571428571,0.20025307344805507,0.6905444126074498,0.23276846921428102,0.9487179487179487,0.20108812463975154,0.6923076923076923,0.23128586749954042,0.9394904458598726,0.0,-0.023809523809523725,-0.02119040686124407,-0.10784313725490191,0.0,-0.023809523809523725,0.0,0.0,-0.02119040686124407,-0.08403361344537819,0.0,0.0,0.0,0.023809523809523725
hc2/confirm/exposure_5/order2/13,hc2,confirm,32,exposure_5,order2,13,False,False,False,0.14201853967756292,0.3372093023255814,0.14201853967756292,0.3372093023255814,0.14201853967756292,0.3372093023255814,0.14201853967756292,0.3372093023255814,0.14201853967756292,0.3372093023255814,0.14201853967756292,0.3372093023255814,0.14201853967756292,0.3372093023255814,0.14201853967756292,0.3372093023255814,0.14201853967756292,0.3372093023255814,0.0,0.0,0.0,0.0,0.0,0.0,0.0,0.0,0.0,0.0,0.0,0.0,0.0,0.0
hc2/confirm/exposure_5/order2/14,hc2,confirm,45,exposure_5,order2,14,False,False,False,7.708854406123678e-05,0.422360248447205,7.708854406123678e-05,0.422360248447205,7.708854406123678e-05,0.422360248447205,7.708854406123678e-05,0.422360248447205,7.708854406123678e-05,0.422360248447205,7.708854406123678e-05,0.422360248447205,7.708854406123678e-05,0.422360248447205,7.708854406123678e-05,0.422360248447205,7.708854406123678e-05,0.422360248447205,0.0,0.0,0.0,0.0,0.0,0.0,0.0,0.0,0.0,0.0,0.0,0.0,0.0,0.0
hc2/confirm/exposure_5/order2/15,hc2,confirm,35,exposure_5,order2,15,False,False,False,0.44304919058751696,0.6473988439306358,0.44304919058751696,0.6473988439306358,0.44304919058751696,0.6473988439306358,0.44304919058751696,0.6473988439306358,0.44304919058751696,0.6473988439306358,0.44304919058751696,0.6473988439306358,0.44304919058751696,0.6473988439306358,0.44304919058751696,0.6473988439306358,0.44304919058751696,0.6473988439306358,0.0,0.0,0.0,0.0,0.0,0.0,0.0,0.0,0.0,0.0,0.0,0.0,0.0,0.0
