dataset,panel,variant,role,metric,mean,low95,high95,defined,undefined
vidstg,all,all/in_sample,P_A,r2,0.8612788395269687,0.6859131600674758,0.9464813642385329,10000,0
vidstg,all,all/in_sample,P_A,mae,0.11045785980581521,0.06922519981406279,0.16485469362607147,10000,0
vidstg,all,all/in_sample,P_A,mse,0.023244640534309108,0.007918146016687982,0.04756288557513198,10000,0
vidstg,all,all/in_sample,P_A,rho,0.9490681593088585,0.8833529588778232,0.9869883762241344,10000,0
vidstg,all,all/in_sample,P_A,truth_mean,0.48397715094594584,0.28654129172917064,0.6841029490838275,10000,0
vidstg,all,all/in_sample,P_A,prediction_mean,0.4606962981892987,0.3133698478597175,0.6145229194708293,10000,0
vidstg,all,all/in_sample,P_A,below_zero,0.0,0.0,0.0,10000,0
vidstg,all,all/in_sample,P_A,above_one,0.020833333333333332,0.0,0.0625,10000,0
vidstg,all,all/in_sample,R_A,r2,0.4199296235545783,-0.33065043501480057,0.6869038854354028,10000,0
vidstg,all,all/in_sample,R_A,mae,0.25647563607119495,0.1836221273201303,0.3404113637028961,10000,0
vidstg,all,all/in_sample,R_A,mse,0.09447836463328152,0.04506234538566111,0.15673367622990023,10000,0
vidstg,all,all/in_sample,R_A,rho,0.7018911423201993,0.3898150700894562,0.9010265404815904,10000,0
vidstg,all,all/in_sample,R_A,truth_mean,0.5671490034454294,0.36711066350723237,0.7611486219562962,10000,0
vidstg,all,all/in_sample,R_A,prediction_mean,0.48445848101046507,0.38547577427401597,0.5875763818153057,10000,0
vidstg,all,all/in_sample,R_A,below_zero,0.0,0.0,0.0,10000,0
vidstg,all,all/in_sample,R_A,above_one,0.0,0.0,0.0,10000,0
vidstg,all,all/in_sample,P_W,r2,0.839055784776028,0.6989575989188911,0.9187967030503777,10000,0
vidstg,all,all/in_sample,P_W,mae,0.13852813069300432,0.09540153773883836,0.18613412867523055,10000,0
vidstg,all,all/in_sample,P_W,mse,0.030460181837229917,0.014691300627793117,0.04923156973076191,10000,0
vidstg,all,all/in_sample,P_W,rho,0.9421743835732139,0.8905625062202904,0.9806391624944537,10000,0
vidstg,all,all/in_sample,P_W,truth_mean,0.5046558221165262,0.2937101153154458,0.7155991922298386,10000,0
vidstg,all,all/in_sample,P_W,prediction_mean,0.5019561423861859,0.3492896673212735,0.6521497613426431,10000,0
vidstg,all,all/in_sample,P_W,below_zero,0.0,0.0,0.0,10000,0
vidstg,all,all/in_sample,P_W,above_one,0.020833333333333332,0.0,0.0625,10000,0
vidstg,all,all/in_sample,R_W,r2,0.5084122496510945,0.05801301328394455,0.6400337570697471,10000,0
vidstg,all,all/in_sample,R_W,mae,0.24817835403265343,0.18899255309994756,0.3061076470742753,10000,0
vidstg,all,all/in_sample,R_W,mse,0.08016870402495928,0.053050332118070635,0.11098698795362838,10000,0
vidstg,all,all/in_sample,R_W,rho,0.7693829120777511,0.5620747612992246,0.9087484262913218,10000,0
vidstg,all,all/in_sample,R_W,truth_mean,0.5798107887753996,0.39158219449028303,0.7590887484334093,10000,0
vidstg,all,all/in_sample,R_W,prediction_mean,0.5400790184802193,0.448260329089308,0.636874487329229,10000,0
vidstg,all,all/in_sample,R_W,below_zero,0.0,0.0,0.0,10000,0
vidstg,all,all/in_sample,R_W,above_one,0.010416666666666666,0.0,0.03125,10000,0
vidstg,all,all/n4,P_A,r2,-1.0260552887323602,-2.64247624420493,-0.07219795701247146,10000,0
vidstg,all,all/n4,P_A,mae,0.44880563761095166,0.2822591537096297,0.6440916761202022,10000,0
vidstg,all,all/n4,P_A,mse,0.33949346104536987,0.14714858327378602,0.5843636005204189,10000,0
vidstg,all,all/n4,P_A,rho,-0.255251324859632,-0.6538766272957446,0.3313225288481079,10000,0
vidstg,all,all/n4,P_A,truth_mean,0.48397715094594584,0.28654129172917064,0.6841029490838275,10000,0
vidstg,all,all/n4,P_A,prediction_mean,0.39871768888061987,0.24382095576739715,0.5559258491895201,10000,0
vidstg,all,all/n4,P_A,below_zero,0.125,0.0,0.3125,10000,0
vidstg,all,all/n4,P_A,above_one,0.0625,0.0,0.1875,10000,0
vidstg,all,all/n4,R_A,r2,-1.3027530017551139,-4.196307676094373,-0.3207446870246489,10000,0
vidstg,all,all/n4,R_A,mae,0.5289137857155677,0.3899315158066676,0.6846895066782472,10000,0
vidstg,all,all/n4,R_A,mse,0.3750585215079903,0.20253756186498195,0.5836075930144692,10000,0
vidstg,all,all/n4,R_A,rho,-0.1857566757966379,-0.6336136747553585,0.25844679285496597,10000,0
vidstg,all,all/n4,R_A,truth_mean,0.5671490034454294,0.36711066350723237,0.7611486219562962,10000,0
vidstg,all,all/n4,R_A,prediction_mean,0.34824134991454064,0.18880182983453253,0.5127970953443576,10000,0
vidstg,all,all/n4,R_A,below_zero,0.16666666666666666,0.020833333333333332,0.35416666666666663,10000,0
vidstg,all,all/n4,R_A,above_one,0.052083333333333336,0.0,0.15625,10000,0
vidstg,all,all/n4,P_W,r2,-0.9584338743634857,-2.508520764570543,-0.17424500772764484,10000,0
vidstg,all,all/n4,P_W,mae,0.5141738968196784,0.36207069059692343,0.6797989013949267,10000,0
vidstg,all,all/n4,P_W,mse,0.37065173076451907,0.19270402535125994,0.5945668952653761,10000,0
vidstg,all,all/n4,P_W,rho,-0.28006220263859727,-0.6465694041879197,0.211564176772319,10000,0
vidstg,all,all/n4,P_W,truth_mean,0.5046558221165262,0.2937101153154458,0.7155991922298386,10000,0
vidstg,all,all/n4,P_W,prediction_mean,0.4339126874558431,0.2788874600060013,0.5886764262088836,10000,0
vidstg,all,all/n4,P_W,below_zero,0.0625,0.0,0.1875,10000,0
vidstg,all,all/n4,P_W,above_one,0.07291666666666667,0.0,0.20833333333333334,10000,0
vidstg,all,all/n4,R_W,r2,-1.2698099925386415,-3.9634204142738456,-0.493374292764785,10000,0
vidstg,all,all/n4,R_W,mae,0.5606884962502432,0.45163319242560795,0.6781343014078303,10000,0
vidstg,all,all/n4,R_W,mse,0.3701632625214387,0.24517265044913492,0.5152803966665145,10000,0
vidstg,all,all/n4,R_W,rho,-0.27527408029756734,-0.7068299038617207,0.11221465014205304,10000,0
vidstg,all,all/n4,R_W,truth_mean,0.5798107887753996,0.39158219449028303,0.7590887484334093,10000,0
vidstg,all,all/n4,R_W,prediction_mean,0.41171033048977096,0.25624738766826,0.571663568788837,10000,0
vidstg,all,all/n4,R_W,below_zero,0.10416666666666666,0.0,0.2708333333333333,10000,0
vidstg,all,all/n4,R_W,above_one,0.0625,0.0,0.1875,10000,0
vidstg,all,all/n8,P_A,r2,-0.697868471240289,-1.7938931140228935,-0.2635933401171686,10000,0
vidstg,all,all/n8,P_A,mae,0.46246683240176567,0.3352677995190591,0.5916509421505264,10000,0
vidstg,all,all/n8,P_A,mse,0.2845012408628897,0.1665596245477072,0.41462156566573716,10000,0
vidstg,all,all/n8,P_A,rho,-0.20528154881311603,-0.6173324348869461,0.200073667534077,10000,0
vidstg,all,all/n8,P_A,truth_mean,0.48397715094594584,0.28654129172917064,0.6841029490838275,10000,0
vidstg,all,all/n8,P_A,prediction_mean,0.34060098699920816,0.22876873546719903,0.45816607709942775,10000,0
vidstg,all,all/n8,P_A,below_zero,0.0625,0.0,0.1875,10000,0
vidstg,all,all/n8,P_A,above_one,0.0,0.0,0.0,10000,0
vidstg,all,all/n8,R_A,r2,-0.7839961615386191,-3.0597363647661564,0.116437711684335,10000,0
vidstg,all,all/n8,R_A,mae,0.4450494529354061,0.30686328950220787,0.6036414547425593,10000,0
vidstg,all,all/n8,R_A,mse,0.29056653588666564,0.1281727907144561,0.4905258567044653,10000,0
vidstg,all,all/n8,R_A,rho,-0.11401281004797745,-0.526159056993163,0.42410752189946394,10000,0
vidstg,all,all/n8,R_A,truth_mean,0.5671490034454294,0.36711066350723237,0.7611486219562962,10000,0
vidstg,all,all/n8,R_A,prediction_mean,0.39265406136235953,0.26256786465535104,0.5207670810562546,10000,0
vidstg,all,all/n8,R_A,below_zero,0.0625,0.0,0.1875,10000,0
vidstg,all,all/n8,R_A,above_one,0.03125,0.0,0.09375,10000,0
vidstg,all,all/n8,P_W,r2,-0.6338832410217479,-1.876931621005132,-0.16733931232122565,10000,0
vidstg,all,all/n8,P_W,mae,0.48597749070039103,0.353860163040123,0.6161560167731948,10000,0
vidstg,all,all/n8,P_W,mse,0.309227520560877,0.1836841012707295,0.44183606478368603,10000,0
vidstg,all,all/n8,P_W,rho,-0.29721495851561364,-0.7497086641334954,0.18131492364606683,10000,0
vidstg,all,all/n8,P_W,truth_mean,0.5046558221165262,0.2937101153154458,0.7155991922298386,10000,0
vidstg,all,all/n8,P_W,prediction_mean,0.37935218834204815,0.27969120310367435,0.48868626633559065,10000,0
vidstg,all,all/n8,P_W,below_zero,0.0,0.0,0.0,10000,0
vidstg,all,all/n8,P_W,above_one,0.0,0.0,0.0,10000,0
vidstg,all,all/n8,R_W,r2,-0.5033505610986759,-2.2529751084048373,0.11201257677786286,10000,0
vidstg,all,all/n8,R_W,mae,0.429342759280878,0.31848056547142567,0.5462577036404062,10000,0
vidstg,all,all/n8,R_W,mse,0.24516816396042354,0.13845552672261793,0.3664661105636107,10000,0
vidstg,all,all/n8,R_W,rho,-0.0130895600569763,-0.41738219994830916,0.42237680889544266,10000,0
vidstg,all,all/n8,R_W,truth_mean,0.5798107887753996,0.39158219449028303,0.7590887484334093,10000,0
vidstg,all,all/n8,R_W,prediction_mean,0.4737598740668469,0.3545275081170629,0.5972459057550373,10000,0
vidstg,all,all/n8,R_W,below_zero,0.0,0.0,0.0,10000,0
vidstg,all,all/n8,R_W,above_one,0.05208333333333333,0.0,0.14583333333333334,10000,0
vidstg,all,all/n12,P_A,r2,-0.22318258563151927,-0.9493356126320244,0.04252390470243646,10000,0
vidstg,all,all/n12,P_A,mae,0.4254645935640926,0.35318179915702097,0.498124901472836,10000,0
vidstg,all,all/n12,P_A,mse,0.20496108462384846,0.14442929371056648,0.27091213176009205,10000,0
vidstg,all,all/n12,P_A,rho,-0.03632264113587936,-0.4276285298763944,0.32798300891019944,10000,0
vidstg,all,all/n12,P_A,truth_mean,0.48397715094594584,0.28654129172917064,0.6841029490838275,10000,0
vidstg,all,all/n12,P_A,prediction_mean,0.43203893720819714,0.35325520991028786,0.5152762852510819,10000,0
vidstg,all,all/n12,P_A,below_zero,0.0,0.0,0.0,10000,0
vidstg,all,all/n12,P_A,above_one,0.0,0.0,0.0,10000,0
vidstg,all,all/n12,R_A,r2,-0.9099165214853098,-3.4237275692910623,-0.017133877120380593,10000,0
vidstg,all,all/n12,R_A,mae,0.46615688947706513,0.3286946209158939,0.6250866589053782,10000,0
vidstg,all,all/n12,R_A,mse,0.31107568471563857,0.142802796941971,0.5417300582088982,10000,0
vidstg,all,all/n12,R_A,rho,-0.1436417787060041,-0.5335009227436219,0.34394070128152304,10000,0
vidstg,all,all/n12,R_A,truth_mean,0.5671490034454294,0.36711066350723237,0.7611486219562962,10000,0
vidstg,all,all/n12,R_A,prediction_mean,0.43755879777889795,0.2860396008782537,0.5850280688494174,10000,0
vidstg,all,all/n12,R_A,below_zero,0.0625,0.0,0.1875,10000,0
vidstg,all,all/n12,R_A,above_one,0.041666666666666664,0.0,0.125,10000,0
vidstg,all,all/n12,P_W,r2,-0.38785844521991586,-1.0960259330881568,-0.11447545426136561,10000,0
vidstg,all,all/n12,P_W,mae,0.49082658240592525,0.4273054527172035,0.5535935263441796,10000,0
vidstg,all,all/n12,P_W,mse,0.2626650516572107,0.2001724393165654,0.3265171874331818,10000,0
vidstg,all,all/n12,P_W,rho,-0.3564457920567878,-0.681275468778107,0.06603593328730412,10000,0
vidstg,all,all/n12,P_W,truth_mean,0.5046558221165262,0.2937101153154458,0.7155991922298386,10000,0
vidstg,all,all/n12,P_W,prediction_mean,0.49176153837469283,0.4199134662418123,0.5661679202659914,10000,0
vidstg,all,all/n12,P_W,below_zero,0.0,0.0,0.0,10000,0
vidstg,all,all/n12,P_W,above_one,0.0,0.0,0.0,10000,0
vidstg,all,all/n12,R_W,r2,-0.8541597060959751,-3.061065350599108,-0.1789355618194007,10000,0
vidstg,all,all/n12,R_W,mae,0.4789126262185757,0.3587940665239655,0.605887875751782,10000,0
vidstg,all,all/n12,R_W,mse,0.30237852873167037,0.1775781460433825,0.4678210608777578,10000,0
vidstg,all,all/n12,R_W,rho,-0.17593869579949992,-0.5910887007508259,0.23007912187055948,10000,0
vidstg,all,all/n12,R_W,truth_mean,0.5798107887753996,0.39158219449028303,0.7590887484334093,10000,0
vidstg,all,all/n12,R_W,prediction_mean,0.4972314075496541,0.3518377124371243,0.6410169608467225,10000,0
vidstg,all,all/n12,R_W,below_zero,0.0625,0.0,0.1875,10000,0
vidstg,all,all/n12,R_W,above_one,0.07291666666666667,0.0,0.19791666666666666,10000,0
vidstg,all,all/nmax,P_A,r2,0.13006391055783584,-0.5327345545510103,0.47414884447946287,10000,0
vidstg,all,all/nmax,P_A,mae,0.3287211994929154,0.24031676321521397,0.42295487646070756,10000,0
vidstg,all,all/nmax,P_A,mse,0.14576977022072202,0.08021099232028331,0.22020781240663506,10000,0
vidstg,all,all/nmax,P_A,rho,0.4011015826480837,-0.060705785048618836,0.7300426305717967,10000,0
vidstg,all,all/nmax,P_A,truth_mean,0.48397715094594584,0.28654129172917064,0.6841029490838275,10000,0
vidstg,all,all/nmax,P_A,prediction_mean,0.43609826546547004,0.33704021125893646,0.5441887771137632,10000,0
vidstg,all,all/nmax,P_A,below_zero,0.0,0.0,0.0,10000,0
vidstg,all,all/nmax,P_A,above_one,0.0,0.0,0.0,10000,0
vidstg,all,all/nmax,R_A,r2,-0.742955438175187,-3.06158327360641,0.0927144290934536,10000,0
vidstg,all,all/nmax,R_A,mae,0.4450101815888469,0.31555471051918793,0.5961074455733748,10000,0
vidstg,all,all/nmax,R_A,mse,0.28388207037318014,0.131130546589793,0.48599567069886745,10000,0
vidstg,all,all/nmax,R_A,rho,-0.08632410725809828,-0.4962446531042579,0.41690757054412725,10000,0
vidstg,all,all/nmax,R_A,truth_mean,0.5671490034454294,0.36711066350723237,0.7611486219562962,10000,0
vidstg,all,all/nmax,R_A,prediction_mean,0.4185720094959392,0.2807067245817086,0.5549934466354564,10000,0
vidstg,all,all/nmax,R_A,below_zero,0.0625,0.0,0.1875,10000,0
vidstg,all,all/nmax,R_A,above_one,0.041666666666666664,0.0,0.125,10000,0
vidstg,all,all/nmax,P_W,r2,0.04701019329582079,-0.5761744350516022,0.3415113853465277,10000,0
vidstg,all,all/nmax,P_W,mae,0.3848323526348932,0.305372768777879,0.4639314267855873,10000,0
vidstg,all,all/nmax,P_W,mse,0.1803621382777867,0.12085510112621649,0.24329098015618977,10000,0
vidstg,all,all/nmax,P_W,rho,0.2826688447935488,-0.17971917684759273,0.6311477946116265,10000,0
vidstg,all,all/nmax,P_W,truth_mean,0.5046558221165262,0.2937101153154458,0.7155991922298386,10000,0
vidstg,all,all/nmax,P_W,prediction_mean,0.476109660446686,0.3836929711542921,0.5716120340350936,10000,0
vidstg,all,all/nmax,P_W,below_zero,0.0,0.0,0.0,10000,0
vidstg,all,all/nmax,P_W,above_one,0.0,0.0,0.0,10000,0
vidstg,all,all/nmax,R_W,r2,-0.5981071073708188,-2.649737825010183,0.02153385907977056,10000,0
vidstg,all,all/nmax,R_W,mae,0.43916072246214927,0.32491102623409895,0.563606568125448,10000,0
vidstg,all,all/nmax,R_W,mse,0.26062117211029534,0.15108290583414452,0.4179349980670003,10000,0
vidstg,all,all/nmax,R_W,rho,-0.07246784565778563,-0.47918477205936133,0.34984945512071136,10000,0
vidstg,all,all/nmax,R_W,truth_mean,0.5798107887753996,0.39158219449028303,0.7590887484334093,10000,0
vidstg,all,all/nmax,R_W,prediction_mean,0.4879277932842311,0.35715336409406045,0.6181423420557585,10000,0
vidstg,all,all/nmax,R_W,below_zero,0.0625,0.0,0.1875,10000,0
vidstg,all,all/nmax,R_W,above_one,0.07291666666666667,0.0,0.19791666666666666,10000,0
vidstg,all,role/in_sample,P_A,r2,0.9496305139749938,0.9079451725933717,0.9690764168511492,10000,0
vidstg,all,role/in_sample,P_A,mae,0.07505414170317588,0.056103192790787196,0.09754400434496631,10000,0
vidstg,all,role/in_sample,P_A,mse,0.008440100937425433,0.0047820570467252055,0.013415222008496404,10000,0
vidstg,all,role/in_sample,P_A,rho,0.9822370166014314,0.9697284338752852,0.9906196871437635,10000,0
vidstg,all,role/in_sample,P_A,truth_mean,0.48397715094594584,0.28654129172917064,0.6841029490838275,10000,0
vidstg,all,role/in_sample,P_A,prediction_mean,0.47235180915606556,0.30294336933826127,0.6440055913028389,10000,0
vidstg,all,role/in_sample,P_A,below_zero,0.020833333333333332,0.0,0.0625,10000,0
vidstg,all,role/in_sample,P_A,above_one,0.052083333333333336,0.0,0.15625,10000,0
vidstg,all,role/in_sample,R_A,r2,0.9423224646622453,0.8744402793263025,0.9708118253375668,10000,0
vidstg,all,role/in_sample,R_A,mae,0.07185636912785694,0.05022989206622314,0.09747289662640146,10000,0
vidstg,all,role/in_sample,R_A,mse,0.009394169114757541,0.004574773470914247,0.015152338926446686,10000,0
vidstg,all,role/in_sample,R_A,rho,0.9754305875220705,0.9452368582709458,0.9898557697075476,10000,0
vidstg,all,role/in_sample,R_A,truth_mean,0.5671490034454294,0.36711066350723237,0.7611486219562962,10000,0
vidstg,all,role/in_sample,R_A,prediction_mean,0.5601747654470223,0.3846266891185307,0.7300407481755408,10000,0
vidstg,all,role/in_sample,R_A,below_zero,0.0,0.0,0.0,10000,0
vidstg,all,role/in_sample,R_A,above_one,0.010416666666666666,0.0,0.03125,10000,0
vidstg,all,role/in_sample,P_W,r2,0.9391073937368782,0.8895884294383338,0.96707504189934,10000,0
vidstg,all,role/in_sample,P_W,mae,0.07955449985495397,0.053968406748567566,0.10563930122763816,10000,0
vidstg,all,role/in_sample,P_W,mse,0.011524489132687197,0.006174259172716832,0.017454130534900875,10000,0
vidstg,all,role/in_sample,P_W,rho,0.9770618881194314,0.9590478096588032,0.9885883781582099,10000,0
vidstg,all,role/in_sample,P_W,truth_mean,0.5046558221165262,0.2937101153154458,0.7155991922298386,10000,0
vidstg,all,role/in_sample,P_W,prediction_mean,0.5162811639064061,0.3353749495161251,0.6955498398975987,10000,0
vidstg,all,role/in_sample,P_W,below_zero,0.03125,0.0,0.09375,10000,0
vidstg,all,role/in_sample,P_W,above_one,0.0625,0.0,0.17708333333333334,10000,0
vidstg,all,role/in_sample,R_W,r2,0.9234884843593307,0.864423809468243,0.9558679344828502,10000,0
vidstg,all,role/in_sample,R_W,mae,0.0819829332721827,0.057243753692302855,0.1087437587847986,10000,0
vidstg,all,role/in_sample,R_W,mse,0.012477587261977858,0.006385249357092882,0.01973305752943485,10000,0
vidstg,all,role/in_sample,R_W,rho,0.9696994564283705,0.9424678488460997,0.9865436950984015,10000,0
vidstg,all,role/in_sample,R_W,truth_mean,0.5798107887753996,0.39158219449028303,0.7590887484334093,10000,0
vidstg,all,role/in_sample,R_W,prediction_mean,0.5867850267738067,0.42218877668663374,0.7465617264055545,10000,0
vidstg,all,role/in_sample,R_W,below_zero,0.0,0.0,0.0,10000,0
vidstg,all,role/in_sample,R_W,above_one,0.05208333333333333,0.0,0.14583333333333334,10000,0
vidstg,all,role/n4,P_A,r2,-0.9930943527030485,-2.5653714225399065,-0.13738619068805805,10000,0
vidstg,all,role/n4,P_A,mae,0.4528971317746889,0.2931466214351615,0.6373989746214833,10000,0
vidstg,all,role/n4,P_A,mse,0.3339704023637446,0.15201288089451262,0.5706829956708876,10000,0
vidstg,all,role/n4,P_A,rho,-0.35068083350066503,-0.6721521061456621,0.16258386889061968,10000,0
vidstg,all,role/n4,P_A,truth_mean,0.48397715094594584,0.28654129172917064,0.6841029490838275,10000,0
vidstg,all,role/n4,P_A,prediction_mean,0.38559907069221877,0.2508293159031252,0.5218378281295736,10000,0
vidstg,all,role/n4,P_A,below_zero,0.0625,0.0,0.1875,10000,0
vidstg,all,role/n4,P_A,above_one,0.010416666666666666,0.0,0.03125,10000,0
vidstg,all,role/n4,R_A,r2,-1.4828698914564375,-3.3562339419855656,-0.6256393938878578,10000,0
vidstg,all,role/n4,R_A,mae,0.5520494246740435,0.4031931318090578,0.7062453789955331,10000,0
vidstg,all,role/n4,R_A,mse,0.4043948742555527,0.23397662271497674,0.5931634654873,10000,0
vidstg,all,role/n4,R_A,rho,-0.3092530199059057,-0.6652394870944759,0.1309350593172333,10000,0
vidstg,all,role/n4,R_A,truth_mean,0.5671490034454294,0.36711066350723237,0.7611486219562962,10000,0
vidstg,all,role/n4,R_A,prediction_mean,0.5375412493524143,0.36771970113822866,0.6969854798945864,10000,0
vidstg,all,role/n4,R_A,below_zero,0.10416666666666666,0.0,0.25,10000,0
vidstg,all,role/n4,R_A,above_one,0.09375,0.0,0.25,10000,0
vidstg,all,role/n4,P_W,r2,-0.9491817416395962,-2.5213079284556636,-0.15709591915793142,10000,0
vidstg,all,role/n4,P_W,mae,0.498754735718787,0.3372937943089261,0.6723760337202125,10000,0
vidstg,all,role/n4,P_W,mse,0.3689006790429044,0.1852967902606372,0.5966064592413391,10000,0
vidstg,all,role/n4,P_W,rho,-0.33012504063115805,-0.6843731031140704,0.17956999466584195,10000,0
vidstg,all,role/n4,P_W,truth_mean,0.5046558221165262,0.2937101153154458,0.7155991922298386,10000,0
vidstg,all,role/n4,P_W,prediction_mean,0.3798984384755394,0.24416000152353348,0.5202039174696396,10000,0
vidstg,all,role/n4,P_W,below_zero,0.07291666666666667,0.0,0.20833333333333334,10000,0
vidstg,all,role/n4,P_W,above_one,0.010416666666666666,0.0,0.03125,10000,0
vidstg,all,role/n4,R_W,r2,-0.50973609391994,-1.6126793176262197,0.07625543470418746,10000,0
vidstg,all,role/n4,R_W,mae,0.4193719730894729,0.3019438263471709,0.5463000839809004,10000,0
vidstg,all,role/n4,R_W,mse,0.24620952410502897,0.13218770874856983,0.3745371130393698,10000,0
vidstg,all,role/n4,R_W,rho,0.055350239055651375,-0.3922489890995664,0.5849615585565913,10000,0
vidstg,all,role/n4,R_W,truth_mean,0.5798107887753996,0.39158219449028303,0.7590887484334093,10000,0
vidstg,all,role/n4,R_W,prediction_mean,0.5304882843075428,0.38780771168941414,0.672898498267288,10000,0
vidstg,all,role/n4,R_W,below_zero,0.020833333333333332,0.0,0.05208333333333333,10000,0
vidstg,all,role/n4,R_W,above_one,0.0,0.0,0.0,10000,0
vidstg,all,role/n8,P_A,r2,-0.7871750902791257,-1.8794885476948056,-0.3641735670289458,10000,0
vidstg,all,role/n8,P_A,mae,0.4969536109231703,0.38841955931948413,0.6075617545826861,10000,0
vidstg,all,role/n8,P_A,mse,0.2994657945749084,0.19538390270459988,0.4161167198051002,10000,0
vidstg,all,role/n8,P_A,rho,-0.13620606043654027,-0.5833750707698876,0.2506781898073169,10000,0
vidstg,all,role/n8,P_A,truth_mean,0.48397715094594584,0.28654129172917064,0.6841029490838275,10000,0
vidstg,all,role/n8,P_A,prediction_mean,0.3930410301275145,0.25222160383411485,0.5449210767099855,10000,0
vidstg,all,role/n8,P_A,below_zero,0.07291666666666667,0.0,0.19791666666666666,10000,0
vidstg,all,role/n8,P_A,above_one,0.0625,0.0,0.1875,10000,0
vidstg,all,role/n8,R_A,r2,-0.7078569076909971,-2.6067217360656287,0.1630190613336028,10000,0
vidstg,all,role/n8,R_A,mae,0.4199627990688861,0.277808367398494,0.5808716385449936,10000,0
vidstg,all,role/n8,R_A,mse,0.2781654333997531,0.1169403081096339,0.47654141301882863,10000,0
vidstg,all,role/n8,R_A,rho,-0.004752616997717749,-0.43865619953118773,0.5132809977033197,10000,0
vidstg,all,role/n8,R_A,truth_mean,0.5671490034454294,0.36711066350723237,0.7611486219562962,10000,0
vidstg,all,role/n8,R_A,prediction_mean,0.48234629731336087,0.3350505444941768,0.6295408607960342,10000,0
vidstg,all,role/n8,R_A,below_zero,0.07291666666666667,0.0,0.20833333333333334,10000,0
vidstg,all,role/n8,R_A,above_one,0.05208333333333333,0.0,0.125,10000,0
vidstg,all,role/n8,P_W,r2,-0.6084559330293389,-1.8994968206676583,-0.11648786422473825,10000,0
vidstg,all,role/n8,P_W,mae,0.49502484134238045,0.37976679882542164,0.6124917398202385,10000,0
vidstg,all,role/n8,P_W,mse,0.3044151672619268,0.18571558021111173,0.43257830109506407,10000,0
vidstg,all,role/n8,P_W,rho,-0.05700306254012506,-0.5980256927745485,0.37123317383442217,10000,0
vidstg,all,role/n8,P_W,truth_mean,0.5046558221165262,0.2937101153154458,0.7155991922298386,10000,0
vidstg,all,role/n8,P_W,prediction_mean,0.396144567709841,0.26603610528219335,0.5517049949941335,10000,0
vidstg,all,role/n8,P_W,below_zero,0.010416666666666666,0.0,0.03125,10000,0
vidstg,all,role/n8,P_W,above_one,0.0625,0.0,0.1875,10000,0
vidstg,all,role/n8,R_W,r2,0.10069684626260311,-1.1797794217347646,0.5341759333391228,10000,0
vidstg,all,role/n8,R_W,mae,0.32008107488642396,0.23661123634968265,0.41916172885279696,10000,0
vidstg,all,role/n8,R_W,mse,0.14665940782599965,0.07620083199910446,0.24370270955160997,10000,0
vidstg,all,role/n8,R_W,rho,0.467922197600974,0.15619598322069891,0.7561606910475769,10000,0
vidstg,all,role/n8,R_W,truth_mean,0.5798107887753996,0.39158219449028303,0.7590887484334093,10000,0
vidstg,all,role/n8,R_W,prediction_mean,0.5365712718352293,0.39058830922435483,0.6838371116665893,10000,0
vidstg,all,role/n8,R_W,below_zero,0.0625,0.0,0.1875,10000,0
vidstg,all,role/n8,R_W,above_one,0.05208333333333333,0.0,0.11458333333333333,10000,0
vidstg,all,role/n12,P_A,r2,-0.45266435964216156,-1.4038447898233013,-0.0069376838855538265,10000,0
vidstg,all,role/n12,P_A,mae,0.44110982482086486,0.34149086603072537,0.5475862427515419,10000,0
vidstg,all,role/n12,P_A,mse,0.24341391566897194,0.1491741090820169,0.358413461967736,10000,0
vidstg,all,role/n12,P_A,rho,-0.1695778032368702,-0.5726299040799592,0.2916759688535619,10000,0
vidstg,all,role/n12,P_A,truth_mean,0.48397715094594584,0.28654129172917064,0.6841029490838275,10000,0
vidstg,all,role/n12,P_A,prediction_mean,0.4740132370636758,0.3691741793840434,0.5731953315331532,10000,0
vidstg,all,role/n12,P_A,below_zero,0.0,0.0,0.0,10000,0
vidstg,all,role/n12,P_A,above_one,0.0,0.0,0.0,10000,0
vidstg,all,role/n12,R_A,r2,-0.5646418908243012,-1.8291129628697047,0.04773427322857317,10000,0
vidstg,all,role/n12,R_A,mae,0.4069304024231381,0.2804048826814657,0.5456558956187728,10000,0
vidstg,all,role/n12,R_A,mse,0.2548394351520795,0.12783570622479518,0.40875727401488904,10000,0
vidstg,all,role/n12,R_A,rho,-0.034177202915504315,-0.4292763565244261,0.4079408811749187,10000,0
vidstg,all,role/n12,R_A,truth_mean,0.5671490034454294,0.36711066350723237,0.7611486219562962,10000,0
vidstg,all,role/n12,R_A,prediction_mean,0.5853624935070044,0.45517281062173554,0.7162332777648409,10000,0
vidstg,all,role/n12,R_A,below_zero,0.0625,0.0,0.1875,10000,0
vidstg,all,role/n12,R_A,above_one,0.03125,0.0,0.09375,10000,0
vidstg,all,role/n12,P_W,r2,-0.48340304379789467,-1.3468183071023887,-0.05222887417355896,10000,0
vidstg,all,role/n12,P_W,mae,0.48530439723293306,0.3896907109471711,0.5804759118504331,10000,0
vidstg,all,role/n12,P_W,mse,0.2807477509465288,0.18492232735789693,0.3820935977929491,10000,0
vidstg,all,role/n12,P_W,rho,-0.2635001018139481,-0.6318086113438159,0.21891474495458288,10000,0
vidstg,all,role/n12,P_W,truth_mean,0.5046558221165262,0.2937101153154458,0.7155991922298386,10000,0
vidstg,all,role/n12,P_W,prediction_mean,0.51784815616835,0.4199176039592981,0.614367272882825,10000,0
vidstg,all,role/n12,P_W,below_zero,0.0,0.0,0.0,10000,0
vidstg,all,role/n12,P_W,above_one,0.0,0.0,0.0,10000,0
vidstg,all,role/n12,R_W,r2,-0.40050582052281025,-1.6013267568386576,0.20124816369463316,10000,0
vidstg,all,role/n12,R_W,mae,0.4024139966866157,0.2900237134387293,0.5270578250120962,10000,0
vidstg,all,role/n12,R_W,mse,0.22839612364432854,0.11688568227437066,0.37498724616460316,10000,0
vidstg,all,role/n12,R_W,rho,0.0988904865455863,-0.2923835379665122,0.5122078097861068,10000,0
vidstg,all,role/n12,R_W,truth_mean,0.5798107887753996,0.39158219449028303,0.7590887484334093,10000,0
vidstg,all,role/n12,R_W,prediction_mean,0.5990410124993146,0.45944414624009816,0.7408658451489881,10000,0
vidstg,all,role/n12,R_W,below_zero,0.052083333333333336,0.0,0.15625,10000,0
vidstg,all,role/n12,R_W,above_one,0.10416666666666667,0.0,0.25,10000,0
vidstg,all,role/nmax,P_A,r2,-0.06366336833456532,-0.938263641715061,0.3788620316200162,10000,0
vidstg,all,role/nmax,P_A,mae,0.3600983460609362,0.26160684846684357,0.4699304090752813,10000,0
vidstg,all,role/nmax,P_A,mse,0.17823144329344087,0.0947755400272236,0.28773383342683573,10000,0
vidstg,all,role/nmax,P_A,rho,0.2522077420332635,-0.2733112158128542,0.6648013315780947,10000,0
vidstg,all,role/nmax,P_A,truth_mean,0.48397715094594584,0.28654129172917064,0.6841029490838275,10000,0
vidstg,all,role/nmax,P_A,prediction_mean,0.45967693782168423,0.3433541754262662,0.5828538439158456,10000,0
vidstg,all,role/nmax,P_A,below_zero,0.0,0.0,0.0,10000,0
vidstg,all,role/nmax,P_A,above_one,0.052083333333333336,0.0,0.15625,10000,0
vidstg,all,role/nmax,R_A,r2,-0.5511213229298959,-2.12904505194196,0.07739763707897943,10000,0
vidstg,all,role/nmax,R_A,mae,0.40767346675575994,0.2816701078466447,0.5450778109220297,10000,0
vidstg,all,role/nmax,R_A,mse,0.25263728659313334,0.13071000657124493,0.40642207010060777,10000,0
vidstg,all,role/nmax,R_A,rho,0.008377502458194672,-0.44107252574096273,0.44539517734401785,10000,0
vidstg,all,role/nmax,R_A,truth_mean,0.5671490034454294,0.36711066350723237,0.7611486219562962,10000,0
vidstg,all,role/nmax,R_A,prediction_mean,0.5348045571830864,0.3989979536449662,0.6782612697443234,10000,0
vidstg,all,role/nmax,R_A,below_zero,0.0625,0.0,0.1875,10000,0
vidstg,all,role/nmax,R_A,above_one,0.052083333333333336,0.0,0.15625,10000,0
vidstg,all,role/nmax,P_W,r2,-0.1336551094046241,-0.9565465782625902,0.3058375038048957,10000,0
vidstg,all,role/nmax,P_W,mae,0.4068312720312008,0.3093933045537052,0.5088305807378963,10000,0
vidstg,all,role/nmax,P_W,mse,0.21455471838559334,0.12494970172539897,0.31590853996956264,10000,0
vidstg,all,role/nmax,P_W,rho,0.16230614352217407,-0.33895537819160565,0.6088973273646768,10000,0
vidstg,all,role/nmax,P_W,truth_mean,0.5046558221165262,0.2937101153154458,0.7155991922298386,10000,0
vidstg,all,role/nmax,P_W,prediction_mean,0.49110824922676366,0.376514284188839,0.6126373312507105,10000,0
vidstg,all,role/nmax,P_W,below_zero,0.0,0.0,0.0,10000,0
vidstg,all,role/nmax,P_W,above_one,0.052083333333333336,0.0,0.15625,10000,0
vidstg,all,role/nmax,R_W,r2,-0.41875699788848864,-1.7469042102714707,0.1717636196686102,10000,0
vidstg,all,role/nmax,R_W,mae,0.38853715690928287,0.2646369212016186,0.5173176498281016,10000,0
vidstg,all,role/nmax,R_W,mse,0.23137254694881002,0.12529479205700833,0.3531536086872504,10000,0
vidstg,all,role/nmax,R_W,rho,0.15197341225508865,-0.2933850326903753,0.5424545022589462,10000,0
vidstg,all,role/nmax,R_W,truth_mean,0.5798107887753996,0.39158219449028303,0.7590887484334093,10000,0
vidstg,all,role/nmax,R_W,prediction_mean,0.5575217607788733,0.4031595871314675,0.7138761567155818,10000,0
vidstg,all,role/nmax,R_W,below_zero,0.052083333333333336,0.0,0.15625,10000,0
vidstg,all,role/nmax,R_W,above_one,0.0625,0.0,0.1875,10000,0
vidstg,corrupt,all/in_sample,P_A,r2,0.8593420107532077,0.6857717934681442,0.9446296963682052,10000,0
vidstg,corrupt,all/in_sample,P_A,mae,0.11151979029739499,0.06980329765724272,0.16551333545015692,10000,0
vidstg,corrupt,all/in_sample,P_A,mse,0.023650607715640523,0.00814433954719215,0.0478433931777752,10000,0
vidstg,corrupt,all/in_sample,P_A,rho,0.9490166274292856,0.8853239003812967,0.9864267180585887,10000,0
vidstg,corrupt,all/in_sample,P_A,truth_mean,0.48381118631132286,0.28582124103855333,0.684145536031457,10000,0
vidstg,corrupt,all/in_sample,P_A,prediction_mean,0.4578950707660453,0.3107224646878061,0.611367569508082,10000,0
vidstg,corrupt,all/in_sample,P_A,below_zero,0.0,0.0,0.0,10000,0
vidstg,corrupt,all/in_sample,P_A,above_one,0.0125,0.0,0.037500000000000006,10000,0
vidstg,corrupt,all/in_sample,R_A,r2,0.41763490157558203,-0.3194195789428366,0.6835459059862911,10000,0
vidstg,corrupt,all/in_sample,R_A,mae,0.25802576506737906,0.1862288036876087,0.34111094803242875,10000,0
vidstg,corrupt,all/in_sample,R_A,mse,0.09490080685009429,0.04597462252273071,0.1564764987409193,10000,0
vidstg,corrupt,all/in_sample,R_A,rho,0.7034934569082303,0.3954873188739875,0.9008162613665318,10000,0
vidstg,corrupt,all/in_sample,R_A,truth_mean,0.565615942689824,0.3661008460388153,0.7596740377102505,10000,0
vidstg,corrupt,all/in_sample,R_A,prediction_mean,0.4806877570973981,0.3827663799373047,0.5829630482949283,10000,0
vidstg,corrupt,all/in_sample,R_A,below_zero,0.0,0.0,0.0,10000,0
vidstg,corrupt,all/in_sample,R_A,above_one,0.0,0.0,0.0,10000,0
vidstg,corrupt,all/in_sample,P_W,r2,0.8358029864991608,0.6932186965640571,0.9176983987806953,10000,0
vidstg,corrupt,all/in_sample,P_W,mae,0.13929439121228226,0.09476056059788268,0.1884535223018992,10000,0
vidstg,corrupt,all/in_sample,P_W,mse,0.03130006459330567,0.014726341740708186,0.05102585026992098,10000,0
vidstg,corrupt,all/in_sample,P_W,rho,0.9406765363559936,0.8886920771523418,0.9798610284323779,10000,0
vidstg,corrupt,all/in_sample,P_W,truth_mean,0.5085657072274151,0.2972473492477398,0.7211461797761917,10000,0
vidstg,corrupt,all/in_sample,P_W,prediction_mean,0.502265620516851,0.3494611935460104,0.6526822289065133,10000,0
vidstg,corrupt,all/in_sample,P_W,below_zero,0.0,0.0,0.0,10000,0
vidstg,corrupt,all/in_sample,P_W,above_one,0.0125,0.0,0.037500000000000006,10000,0
vidstg,corrupt,all/in_sample,R_W,r2,0.49811870874676123,0.03682144585686282,0.6338982961187144,10000,0
vidstg,corrupt,all/in_sample,R_W,mae,0.2514149371944279,0.19314213046222625,0.3081871132886165,10000,0
vidstg,corrupt,all/in_sample,R_W,mse,0.08150698280994426,0.054537655991748375,0.11255897614063723,10000,0
vidstg,corrupt,all/in_sample,R_W,rho,0.759415614074771,0.5478255561840816,0.9030716410773766,10000,0
vidstg,corrupt,all/in_sample,R_W,truth_mean,0.5831414718596041,0.3963787827186735,0.7613182626081771,10000,0
vidstg,corrupt,all/in_sample,R_W,prediction_mean,0.5400725328301436,0.4484064427771841,0.6373687189340694,10000,0
vidstg,corrupt,all/in_sample,R_W,below_zero,0.0,0.0,0.0,10000,0
vidstg,corrupt,all/in_sample,R_W,above_one,0.0125,0.0,0.037500000000000006,10000,0
vidstg,corrupt,all/n4,P_A,r2,-1.030312241596289,-2.6555627663655725,-0.07565355643353568,10000,0
vidstg,corrupt,all/n4,P_A,mae,0.4495496658774739,0.28220016426633865,0.6449192708350708,10000,0
vidstg,corrupt,all/n4,P_A,mse,0.34138209015633025,0.14813226975091168,0.5866924257554913,10000,0
vidstg,corrupt,all/n4,P_A,rho,-0.25373432632743453,-0.6546722209203573,0.32959940251865966,10000,0
vidstg,corrupt,all/n4,P_A,truth_mean,0.48381118631132286,0.28582124103855333,0.684145536031457,10000,0
vidstg,corrupt,all/n4,P_A,prediction_mean,0.3981321238765698,0.24237766283118745,0.5561190405217523,10000,0
vidstg,corrupt,all/n4,P_A,below_zero,0.125,0.0,0.3125,10000,0
vidstg,corrupt,all/n4,P_A,above_one,0.0625,0.0,0.1875,10000,0
vidstg,corrupt,all/n4,R_A,r2,-1.3042976785771083,-4.18095033375797,-0.31935289034327435,10000,0
vidstg,corrupt,all/n4,R_A,mae,0.5289272264009982,0.3893072708000873,0.6848197357417479,10000,0
vidstg,corrupt,all/n4,R_A,mse,0.3755027722495772,0.20254540019520878,0.5834445891964449,10000,0
vidstg,corrupt,all/n4,R_A,rho,-0.1839262804195979,-0.6251530108845939,0.2578709268725733,10000,0
vidstg,corrupt,all/n4,R_A,truth_mean,0.565615942689824,0.3661008460388153,0.7596740377102505,10000,0
vidstg,corrupt,all/n4,R_A,prediction_mean,0.34689661515357023,0.18735588942388554,0.5127569680041418,10000,0
vidstg,corrupt,all/n4,R_A,below_zero,0.175,0.025,0.3625,10000,0
vidstg,corrupt,all/n4,R_A,above_one,0.05,0.0,0.15000000000000002,10000,0
vidstg,corrupt,all/n4,P_W,r2,-0.9509555740755451,-2.5000546674217534,-0.16576036132137673,10000,0
vidstg,corrupt,all/n4,P_W,mae,0.5126557717237405,0.358501180488732,0.68089092561,10000,0
vidstg,corrupt,all/n4,P_W,mse,0.37190101199326764,0.19226562256194873,0.5982802104615882,10000,0
vidstg,corrupt,all/n4,P_W,rho,-0.2725739125649302,-0.6432144157536323,0.22072388705398766,10000,0
vidstg,corrupt,all/n4,P_W,truth_mean,0.5085657072274151,0.2972473492477398,0.7211461797761917,10000,0
vidstg,corrupt,all/n4,P_W,prediction_mean,0.43135091999141867,0.2757656757406402,0.5863097829890366,10000,0
vidstg,corrupt,all/n4,P_W,below_zero,0.0625,0.0,0.1875,10000,0
vidstg,corrupt,all/n4,P_W,above_one,0.075,0.0,0.2125,10000,0
vidstg,corrupt,all/n4,R_W,r2,-1.2837247172298465,-4.036609219470557,-0.495923670978334,10000,0
vidstg,corrupt,all/n4,R_W,mae,0.5627149451326252,0.4547339119724865,0.6779560322510678,10000,0
vidstg,corrupt,all/n4,R_W,mse,0.3708835426104294,0.24737020040479502,0.512309174302111,10000,0
vidstg,corrupt,all/n4,R_W,rho,-0.2691074233548169,-0.688224698324812,0.104447579166789,10000,0
vidstg,corrupt,all/n4,R_W,truth_mean,0.5831414718596041,0.3963787827186735,0.7613182626081771,10000,0
vidstg,corrupt,all/n4,R_W,prediction_mean,0.41033093069624926,0.2530469557969995,0.5711557817540758,10000,0
vidstg,corrupt,all/n4,R_W,below_zero,0.1125,0.0,0.2875,10000,0
vidstg,corrupt,all/n4,R_W,above_one,0.0625,0.0,0.1875,10000,0
vidstg,corrupt,all/n8,P_A,r2,-0.688974071132137,-1.7751756916421202,-0.2613669853840031,10000,0
vidstg,corrupt,all/n8,P_A,mae,0.4621120061125069,0.33488827154171247,0.5908596839623989,10000,0
vidstg,corrupt,all/n8,P_A,mse,0.2839885840266655,0.16625331545394925,0.41400032073206905,10000,0
vidstg,corrupt,all/n8,P_A,rho,-0.20222221508831187,-0.611947407623085,0.20277758301906734,10000,0
vidstg,corrupt,all/n8,P_A,truth_mean,0.48381118631132286,0.28582124103855333,0.684145536031457,10000,0
vidstg,corrupt,all/n8,P_A,prediction_mean,0.33827071005384124,0.22722029151160877,0.4548643129800597,10000,0
vidstg,corrupt,all/n8,P_A,below_zero,0.0625,0.0,0.1875,10000,0
vidstg,corrupt,all/n8,P_A,above_one,0.0,0.0,0.0,10000,0
vidstg,corrupt,all/n8,R_A,r2,-0.7791874249514128,-3.031630662236183,0.11277478622083581,10000,0
vidstg,corrupt,all/n8,R_A,mae,0.44552432531438524,0.30831245059835133,0.6029105981752222,10000,0
vidstg,corrupt,all/n8,R_A,mse,0.2899320763250449,0.1280546315966349,0.48958518133597556,10000,0
vidstg,corrupt,all/n8,R_A,rho,-0.11357247921050231,-0.5221654231264612,0.42599763034579224,10000,0
vidstg,corrupt,all/n8,R_A,truth_mean,0.565615942689824,0.3661008460388153,0.7596740377102505,10000,0
vidstg,corrupt,all/n8,R_A,prediction_mean,0.38953576242802174,0.26017526076580794,0.5169095439657858,10000,0
vidstg,corrupt,all/n8,R_A,below_zero,0.0625,0.0,0.1875,10000,0
vidstg,corrupt,all/n8,R_A,above_one,0.025,0.0,0.07500000000000001,10000,0
vidstg,corrupt,all/n8,P_W,r2,-0.6336446179462114,-1.8986664817763625,-0.16513644866056063,10000,0
vidstg,corrupt,all/n8,P_W,mae,0.48741818580829577,0.3548975528278053,0.6190332006251825,10000,0
vidstg,corrupt,all/n8,P_W,mse,0.31141359379207745,0.1837253015964695,0.44595134036339823,10000,0
vidstg,corrupt,all/n8,P_W,rho,-0.2973464287905623,-0.7496646713189473,0.1772843534816931,10000,0
vidstg,corrupt,all/n8,P_W,truth_mean,0.5085657072274151,0.2972473492477398,0.7211461797761917,10000,0
vidstg,corrupt,all/n8,P_W,prediction_mean,0.3766072192357751,0.27841535034979553,0.4850984046952212,10000,0
vidstg,corrupt,all/n8,P_W,below_zero,0.0,0.0,0.0,10000,0
vidstg,corrupt,all/n8,P_W,above_one,0.0,0.0,0.0,10000,0
vidstg,corrupt,all/n8,R_W,r2,-0.48184926073128276,-2.1799030483200332,0.11585550893703793,10000,0
vidstg,corrupt,all/n8,R_W,mae,0.42786024620421503,0.3196325442581786,0.5421520528066276,10000,0
vidstg,corrupt,all/n8,R_W,mse,0.24065663400154455,0.1383901514242147,0.358781027019806,10000,0
vidstg,corrupt,all/n8,R_W,rho,0.003285623937506055,-0.3958506833989385,0.42546429840908584,10000,0
vidstg,corrupt,all/n8,R_W,truth_mean,0.5831414718596041,0.3963787827186735,0.7613182626081771,10000,0
vidstg,corrupt,all/n8,R_W,prediction_mean,0.4749214689449101,0.35689882625350094,0.5971111602314704,10000,0
vidstg,corrupt,all/n8,R_W,below_zero,0.0,0.0,0.0,10000,0
vidstg,corrupt,all/n8,R_W,above_one,0.05,0.0,0.13749999999999998,10000,0
vidstg,corrupt,all/n12,P_A,r2,-0.2265418666423471,-0.9462638450776761,0.037024220385018354,10000,0
vidstg,corrupt,all/n12,P_A,mae,0.42664035072807593,0.3542557974591175,0.499388653759498,10000,0
vidstg,corrupt,all/n12,P_A,mse,0.20623400554852697,0.14526194084297442,0.27214575053871554,10000,0
vidstg,corrupt,all/n12,P_A,rho,-0.04024318246483314,-0.4319667547668272,0.32158334876450284,10000,0
vidstg,corrupt,all/n12,P_A,truth_mean,0.48381118631132286,0.28582124103855333,0.684145536031457,10000,0
vidstg,corrupt,all/n12,P_A,prediction_mean,0.42877442343957867,0.35039548966335055,0.5110314363235783,10000,0
vidstg,corrupt,all/n12,P_A,below_zero,0.0,0.0,0.0,10000,0
vidstg,corrupt,all/n12,P_A,above_one,0.0,0.0,0.0,10000,0
vidstg,corrupt,all/n12,R_A,r2,-0.9147088343150791,-3.4098558248467774,-0.021299780482340137,10000,0
vidstg,corrupt,all/n12,R_A,mae,0.4694809298785462,0.3340683172623427,0.6269580935039802,10000,0
vidstg,corrupt,all/n12,R_A,mse,0.31201631717132744,0.14449377631854501,0.5417586177314063,10000,0
vidstg,corrupt,all/n12,R_A,rho,-0.14797278637270922,-0.5336443192671722,0.3378508904756417,10000,0
vidstg,corrupt,all/n12,R_A,truth_mean,0.565615942689824,0.3661008460388153,0.7596740377102505,10000,0
vidstg,corrupt,all/n12,R_A,prediction_mean,0.43555997896371595,0.2842899860250042,0.5822188877767468,10000,0
vidstg,corrupt,all/n12,R_A,below_zero,0.0625,0.0,0.1875,10000,0
vidstg,corrupt,all/n12,R_A,above_one,0.0375,0.0,0.11249999999999999,10000,0
vidstg,corrupt,all/n12,P_W,r2,-0.38582687824133854,-1.1015162749343055,-0.11770465504581126,10000,0
vidstg,corrupt,all/n12,P_W,mae,0.4913084687604289,0.4264446322599793,0.5550524584018819,10000,0
vidstg,corrupt,all/n12,P_W,mse,0.2641733237363137,0.2004355819582486,0.3292894957825189,10000,0
vidstg,corrupt,all/n12,P_W,rho,-0.364296654677746,-0.6915567335663457,0.06232949418393892,10000,0
vidstg,corrupt,all/n12,P_W,truth_mean,0.5085657072274151,0.2972473492477398,0.7211461797761917,10000,0
vidstg,corrupt,all/n12,P_W,prediction_mean,0.4896298782946278,0.4192763789758908,0.5628436476773282,10000,0
vidstg,corrupt,all/n12,P_W,below_zero,0.0,0.0,0.0,10000,0
vidstg,corrupt,all/n12,P_W,above_one,0.0,0.0,0.0,10000,0
vidstg,corrupt,all/n12,R_W,r2,-0.8590840341053341,-3.1005259826705682,-0.179419932185901,10000,0
vidstg,corrupt,all/n12,R_W,mae,0.48109924909683577,0.36442043147657854,0.6052190716895054,10000,0
vidstg,corrupt,all/n12,R_W,mse,0.3019206594286203,0.18023562917380126,0.4670107948124308,10000,0
vidstg,corrupt,all/n12,R_W,rho,-0.1685433819347791,-0.5774409072233465,0.22744177151787026,10000,0
vidstg,corrupt,all/n12,R_W,truth_mean,0.5831414718596041,0.3963787827186735,0.7613182626081771,10000,0
vidstg,corrupt,all/n12,R_W,prediction_mean,0.49604415191156614,0.35024686940440153,0.6407311144650628,10000,0
vidstg,corrupt,all/n12,R_W,below_zero,0.0625,0.0,0.1875,10000,0
vidstg,corrupt,all/n12,R_W,above_one,0.07500000000000001,0.0,0.2,10000,0
vidstg,corrupt,all/nmax,P_A,r2,0.12950776206927617,-0.5276538728768734,0.4712093941477931,10000,0
vidstg,corrupt,all/nmax,P_A,mae,0.32959814383579306,0.241424556404371,0.4239939983585601,10000,0
vidstg,corrupt,all/nmax,P_A,mse,0.1463668757747371,0.08042552041859376,0.2210090055530627,10000,0
vidstg,corrupt,all/nmax,P_A,rho,0.4007785339237337,-0.061631764225715834,0.7274323633541456,10000,0
vidstg,corrupt,all/nmax,P_A,truth_mean,0.48381118631132286,0.28582124103855333,0.684145536031457,10000,0
vidstg,corrupt,all/nmax,P_A,prediction_mean,0.43311483132546097,0.33503274416538104,0.5405007967528006,10000,0
vidstg,corrupt,all/nmax,P_A,below_zero,0.0,0.0,0.0,10000,0
vidstg,corrupt,all/nmax,P_A,above_one,0.0,0.0,0.0,10000,0
vidstg,corrupt,all/nmax,R_A,r2,-0.7530265779765164,-3.050940540051663,0.07605695481215408,10000,0
vidstg,corrupt,all/nmax,R_A,mae,0.45048805422717936,0.32385101449286235,0.5990570102243705,10000,0
vidstg,corrupt,all/nmax,R_A,mse,0.2856689680231972,0.13416767470794852,0.48731093852153096,10000,0
vidstg,corrupt,all/nmax,R_A,rho,-0.0961836091695552,-0.4998400846244816,0.4008894693483699,10000,0
vidstg,corrupt,all/nmax,R_A,truth_mean,0.565615942689824,0.3661008460388153,0.7596740377102505,10000,0
vidstg,corrupt,all/nmax,R_A,prediction_mean,0.4153003567154107,0.27797619956204295,0.5505903435022371,10000,0
vidstg,corrupt,all/nmax,R_A,below_zero,0.0625,0.0,0.1875,10000,0
vidstg,corrupt,all/nmax,R_A,above_one,0.0375,0.0,0.11249999999999999,10000,0
vidstg,corrupt,all/nmax,P_W,r2,0.043377552334219804,-0.5878194067260379,0.33924736522282567,10000,0
vidstg,corrupt,all/nmax,P_W,mae,0.38536758321270886,0.3047402915287394,0.466709873784629,10000,0
vidstg,corrupt,all/nmax,P_W,mse,0.18235620590743612,0.12054425211380158,0.2480716182705285,10000,0
vidstg,corrupt,all/nmax,P_W,rho,0.2773221530824075,-0.18763874555675006,0.6321810115923155,10000,0
vidstg,corrupt,all/nmax,P_W,truth_mean,0.5085657072274151,0.2972473492477398,0.7211461797761917,10000,0
vidstg,corrupt,all/nmax,P_W,prediction_mean,0.4743720857695046,0.3837006782047431,0.5675317000858375,10000,0
vidstg,corrupt,all/nmax,P_W,below_zero,0.0,0.0,0.0,10000,0
vidstg,corrupt,all/nmax,P_W,above_one,0.0,0.0,0.0,10000,0
vidstg,corrupt,all/nmax,R_W,r2,-0.6054265816589643,-2.6783531645225356,0.011580031988435657,10000,0
vidstg,corrupt,all/nmax,R_W,mae,0.4408959371356326,0.3278689418112384,0.5646902157304824,10000,0
vidstg,corrupt,all/nmax,R_W,mse,0.2607259506867708,0.1533264109753053,0.4175458569988902,10000,0
vidstg,corrupt,all/nmax,R_W,rho,-0.06886898614317973,-0.4703118416695656,0.33706775900404595,10000,0
vidstg,corrupt,all/nmax,R_W,truth_mean,0.5831414718596041,0.3963787827186735,0.7613182626081771,10000,0
vidstg,corrupt,all/nmax,R_W,prediction_mean,0.4885974245646791,0.3578104787437343,0.6197386329159584,10000,0
vidstg,corrupt,all/nmax,R_W,below_zero,0.0625,0.0,0.1875,10000,0
vidstg,corrupt,all/nmax,R_W,above_one,0.07500000000000001,0.0,0.2,10000,0
vidstg,corrupt,role/in_sample,P_A,r2,0.9481116437811493,0.9069531639417598,0.9676709824578864,10000,0
vidstg,corrupt,role/in_sample,P_A,mae,0.07641377371063612,0.05691183522372807,0.0991103807224472,10000,0
vidstg,corrupt,role/in_sample,P_A,mse,0.008724645962258698,0.004931831884406228,0.013672642947758749,10000,0
vidstg,corrupt,role/in_sample,P_A,rho,0.9819582764349913,0.9694927490816877,0.990295226966268,10000,0
vidstg,corrupt,role/in_sample,P_A,truth_mean,0.48381118631132286,0.28582124103855333,0.684145536031457,10000,0
vidstg,corrupt,role/in_sample,P_A,prediction_mean,0.4701099839366186,0.30124000896980374,0.6403572376157177,10000,0
vidstg,corrupt,role/in_sample,P_A,below_zero,0.025,0.0,0.07500000000000001,10000,0
vidstg,corrupt,role/in_sample,P_A,above_one,0.05,0.0,0.15000000000000002,10000,0
vidstg,corrupt,role/in_sample,R_A,r2,0.940415614882389,0.8702136009974535,0.9710515547449036,10000,0
vidstg,corrupt,role/in_sample,R_A,mae,0.0728976490626461,0.050741656223624025,0.09869169988011937,10000,0
vidstg,corrupt,role/in_sample,R_A,mse,0.009709727177378082,0.004596946823545587,0.015760621165432396,10000,0
vidstg,corrupt,role/in_sample,R_A,rho,0.9738828961581322,0.9404780844855742,0.9898038214129217,10000,0
vidstg,corrupt,role/in_sample,R_A,truth_mean,0.565615942689824,0.3661008460388153,0.7596740377102505,10000,0
vidstg,corrupt,role/in_sample,R_A,prediction_mean,0.5620058838222439,0.38549871742704006,0.7319308115529534,10000,0
vidstg,corrupt,role/in_sample,R_A,below_zero,0.0,0.0,0.0,10000,0
vidstg,corrupt,role/in_sample,R_A,above_one,0.0125,0.0,0.037500000000000006,10000,0
vidstg,corrupt,role/in_sample,P_W,r2,0.9383133909249789,0.8857007484222902,0.9677027933528671,10000,0
vidstg,corrupt,role/in_sample,P_W,mae,0.0787357007791673,0.05244502351211788,0.10585040868621842,10000,0
vidstg,corrupt,role/in_sample,P_W,mse,0.01175901319654811,0.005999406749924813,0.01826743989626275,10000,0
vidstg,corrupt,role/in_sample,P_W,rho,0.9766296801651181,0.9570860465422043,0.9889308726221113,10000,0
vidstg,corrupt,role/in_sample,P_W,truth_mean,0.5085657072274151,0.2972473492477398,0.7211461797761917,10000,0
vidstg,corrupt,role/in_sample,P_W,prediction_mean,0.517745357735919,0.3365004161821789,0.6983071926694961,10000,0
vidstg,corrupt,role/in_sample,P_W,below_zero,0.025,0.0,0.07500000000000001,10000,0
vidstg,corrupt,role/in_sample,P_W,above_one,0.0625,0.0,0.17500000000000002,10000,0
vidstg,corrupt,role/in_sample,R_W,r2,0.9221504923617969,0.8645734760458827,0.9564154348909827,10000,0
vidstg,corrupt,role/in_sample,R_W,mae,0.08279412650899123,0.058381234662474434,0.11018196912094616,10000,0
vidstg,corrupt,role/in_sample,R_W,mse,0.012642986681143184,0.006141673971686944,0.020619849876678597,10000,0
vidstg,corrupt,role/in_sample,R_W,rho,0.9692868051694821,0.943026402886234,0.9870638828541318,10000,0
vidstg,corrupt,role/in_sample,R_W,truth_mean,0.5831414718596041,0.3963787827186735,0.7613182626081771,10000,0
vidstg,corrupt,role/in_sample,R_W,prediction_mean,0.5883201354847557,0.4254649493394145,0.7468872185778228,10000,0
vidstg,corrupt,role/in_sample,R_W,below_zero,0.0,0.0,0.0,10000,0
vidstg,corrupt,role/in_sample,R_W,above_one,0.05,0.0,0.13749999999999998,10000,0
vidstg,corrupt,role/n4,P_A,r2,-1.006400589110776,-2.574468626117833,-0.15060992200491063,10000,0
vidstg,corrupt,role/n4,P_A,mae,0.4548052274888058,0.2942341569743177,0.6403995542314996,10000,0
vidstg,corrupt,role/n4,P_A,mse,0.3373615214293357,0.15545171856531909,0.5769211705228803,10000,0
vidstg,corrupt,role/n4,P_A,rho,-0.35773100401084595,-0.6751687504162833,0.15019069072685703,10000,0
vidstg,corrupt,role/n4,P_A,truth_mean,0.48381118631132286,0.28582124103855333,0.684145536031457,10000,0
vidstg,corrupt,role/n4,P_A,prediction_mean,0.38382414593560277,0.24862885580942856,0.5209333014227296,10000,0
vidstg,corrupt,role/n4,P_A,below_zero,0.0625,0.0,0.1875,10000,0
vidstg,corrupt,role/n4,P_A,above_one,0.0125,0.0,0.037500000000000006,10000,0
vidstg,corrupt,role/n4,R_A,r2,-1.4471333962069215,-3.3011865188487732,-0.5883356641338097,10000,0
vidstg,corrupt,role/n4,R_A,mae,0.5493654954378769,0.4015625891547628,0.7018144310695372,10000,0
vidstg,corrupt,role/n4,R_A,mse,0.39877893506694895,0.22903076512312157,0.587129303040128,10000,0
vidstg,corrupt,role/n4,R_A,rho,-0.2877542454086831,-0.6576099736852654,0.15724070298534856,10000,0
vidstg,corrupt,role/n4,R_A,truth_mean,0.565615942689824,0.3661008460388153,0.7596740377102505,10000,0
vidstg,corrupt,role/n4,R_A,prediction_mean,0.5413285963929981,0.3697120471154584,0.6994909959421943,10000,0
vidstg,corrupt,role/n4,R_A,below_zero,0.09999999999999999,0.0,0.25,10000,0
vidstg,corrupt,role/n4,R_A,above_one,0.1,0.0,0.25,10000,0
vidstg,corrupt,role/n4,P_W,r2,-0.9679568965312586,-2.5636759229805777,-0.165015595218477,10000,0
vidstg,corrupt,role/n4,P_W,mae,0.5028383235698463,0.33831530418373673,0.6780303907999919,10000,0
vidstg,corrupt,role/n4,P_W,mse,0.3751418900073658,0.1872962931960498,0.6063057952438695,10000,0
vidstg,corrupt,role/n4,P_W,rho,-0.3353190216087517,-0.6886372892138738,0.1747524767375322,10000,0
vidstg,corrupt,role/n4,P_W,truth_mean,0.5085657072274151,0.2972473492477398,0.7211461797761917,10000,0
vidstg,corrupt,role/n4,P_W,prediction_mean,0.37540290334368387,0.2396476732817847,0.516455323128662,10000,0
vidstg,corrupt,role/n4,P_W,below_zero,0.075,0.0,0.2125,10000,0
vidstg,corrupt,role/n4,P_W,above_one,0.0125,0.0,0.037500000000000006,10000,0
vidstg,corrupt,role/n4,R_W,r2,-0.5025161634007467,-1.5459809377677203,0.06316702910672078,10000,0
vidstg,corrupt,role/n4,R_W,mae,0.41781560928861877,0.3021339097798727,0.5414067491466757,10000,0
vidstg,corrupt,role/n4,R_W,mse,0.24401299916193628,0.13171828087711854,0.3708525789538038,10000,0
vidstg,corrupt,role/n4,R_W,rho,0.05035128085461855,-0.39984542988525995,0.5929517474367324,10000,0
vidstg,corrupt,role/n4,R_W,truth_mean,0.5831414718596041,0.3963787827186735,0.7613182626081771,10000,0
vidstg,corrupt,role/n4,R_W,prediction_mean,0.5318479142874591,0.3919993264252263,0.671666721303611,10000,0
vidstg,corrupt,role/n4,R_W,below_zero,0.0125,0.0,0.037500000000000006,10000,0
vidstg,corrupt,role/n4,R_W,above_one,0.0,0.0,0.0,10000,0
vidstg,corrupt,role/n8,P_A,r2,-0.7900963841449815,-1.8756062352832326,-0.36988884971607655,10000,0
vidstg,corrupt,role/n8,P_A,mae,0.4983300827725407,0.3901509321673167,0.6086715877286766,10000,0
vidstg,corrupt,role/n8,P_A,mse,0.3009915581852737,0.1967395326345764,0.4177115467669718,10000,0
vidstg,corrupt,role/n8,P_A,rho,-0.13919231229287535,-0.5852325792776711,0.2470125479590423,10000,0
vidstg,corrupt,role/n8,P_A,truth_mean,0.48381118631132286,0.28582124103855333,0.684145536031457,10000,0
vidstg,corrupt,role/n8,P_A,prediction_mean,0.3899436803478011,0.2500148284764566,0.5416665641604597,10000,0
vidstg,corrupt,role/n8,P_A,below_zero,0.07500000000000001,0.0,0.2,10000,0
vidstg,corrupt,role/n8,P_A,above_one,0.0625,0.0,0.1875,10000,0
vidstg,corrupt,role/n8,R_A,r2,-0.6776023837525389,-2.5548846090196524,0.17970471884163844,10000,0
vidstg,corrupt,role/n8,R_A,mae,0.41490844078539757,0.2736665444156751,0.5750103824082334,10000,0
vidstg,corrupt,role/n8,R_A,mse,0.27337802389340804,0.11388264610340541,0.47061904672652727,10000,0
vidstg,corrupt,role/n8,R_A,rho,0.012158555569722007,-0.4155860736117918,0.5266582295367729,10000,0
vidstg,corrupt,role/n8,R_A,truth_mean,0.565615942689824,0.3661008460388153,0.7596740377102505,10000,0
vidstg,corrupt,role/n8,R_A,prediction_mean,0.4863522954552147,0.33780769922187665,0.6325168445619508,10000,0
vidstg,corrupt,role/n8,R_A,below_zero,0.075,0.0,0.2125,10000,0
vidstg,corrupt,role/n8,R_A,above_one,0.0625,0.0,0.15000000000000002,10000,0
vidstg,corrupt,role/n8,P_W,r2,-0.6188241147821181,-1.9294002445666152,-0.1208279571860592,10000,0
vidstg,corrupt,role/n8,P_W,mae,0.49761161315704694,0.3803693449884562,0.6180609402798174,10000,0
vidstg,corrupt,role/n8,P_W,mse,0.3085884345735814,0.18667623931013022,0.4429164222622933,10000,0
vidstg,corrupt,role/n8,P_W,rho,-0.06261289303867813,-0.6044536721965496,0.3670595714495709,10000,0
vidstg,corrupt,role/n8,P_W,truth_mean,0.5085657072274151,0.2972473492477398,0.7211461797761917,10000,0
vidstg,corrupt,role/n8,P_W,prediction_mean,0.39287559322285726,0.26349942271860105,0.5483428435711958,10000,0
vidstg,corrupt,role/n8,P_W,below_zero,0.0125,0.0,0.037500000000000006,10000,0
vidstg,corrupt,role/n8,P_W,above_one,0.0625,0.0,0.1875,10000,0
vidstg,corrupt,role/n8,R_W,r2,0.12023224797942278,-1.1370205137098799,0.5416434913212399,10000,0
vidstg,corrupt,role/n8,R_W,mae,0.3172553980555381,0.2356271525523614,0.4151291140058579,10000,0
vidstg,corrupt,role/n8,R_W,mse,0.14287684416692578,0.07382977199397375,0.2397177892847023,10000,0
vidstg,corrupt,role/n8,R_W,rho,0.48104647896672403,0.17334374241648481,0.7596156027080365,10000,0
vidstg,corrupt,role/n8,R_W,truth_mean,0.5831414718596041,0.3963787827186735,0.7613182626081771,10000,0
vidstg,corrupt,role/n8,R_W,prediction_mean,0.5406486066991497,0.3951607840461695,0.6878476266283264,10000,0
vidstg,corrupt,role/n8,R_W,below_zero,0.0625,0.0,0.1875,10000,0
vidstg,corrupt,role/n8,R_W,above_one,0.05,0.0,0.125,10000,0
vidstg,corrupt,role/n12,P_A,r2,-0.4594833355781369,-1.3965415952286397,-0.022017885929885475,10000,0
vidstg,corrupt,role/n12,P_A,mae,0.4433202646709158,0.3439266248225893,0.5493741936258103,10000,0
vidstg,corrupt,role/n12,P_A,mse,0.24540140252332102,0.1513720407558465,0.3600833486273623,10000,0
vidstg,corrupt,role/n12,P_A,rho,-0.17983307417948338,-0.5799386516188153,0.27909522186647173,10000,0
vidstg,corrupt,role/n12,P_A,truth_mean,0.48381118631132286,0.28582124103855333,0.684145536031457,10000,0
vidstg,corrupt,role/n12,P_A,prediction_mean,0.46939544141610057,0.3656961885254433,0.5674642203481861,10000,0
vidstg,corrupt,role/n12,P_A,below_zero,0.0,0.0,0.0,10000,0
vidstg,corrupt,role/n12,P_A,above_one,0.0,0.0,0.0,10000,0
vidstg,corrupt,role/n12,R_A,r2,-0.5780210090094073,-1.8440697872326106,0.054137547136961214,10000,0
vidstg,corrupt,role/n12,R_A,mae,0.40724805415405724,0.27885022655428876,0.5461603453765703,10000,0
vidstg,corrupt,role/n12,R_A,mse,0.2571504840976122,0.12773299726515855,0.41277866606099567,10000,0
vidstg,corrupt,role/n12,R_A,rho,-0.02433433236608125,-0.41969719486445484,0.4099573705032616,10000,0
vidstg,corrupt,role/n12,R_A,truth_mean,0.565615942689824,0.3661008460388153,0.7596740377102505,10000,0
vidstg,corrupt,role/n12,R_A,prediction_mean,0.5908894540740472,0.4573184998523769,0.72607650971916,10000,0
vidstg,corrupt,role/n12,R_A,below_zero,0.0625,0.0,0.1875,10000,0
vidstg,corrupt,role/n12,R_A,above_one,0.0375,0.0,0.11249999999999999,10000,0
vidstg,corrupt,role/n12,P_W,r2,-0.4784270431687505,-1.3295820900892292,-0.05336197272941522,10000,0
vidstg,corrupt,role/n12,P_W,mae,0.4860284628250636,0.39049600686300967,0.5821995053968001,10000,0
vidstg,corrupt,role/n12,P_W,mse,0.2818252351918405,0.18589689218690533,0.3844231797128069,10000,0
vidstg,corrupt,role/n12,P_W,rho,-0.2706534899613867,-0.6376463187035984,0.21424157609555372,10000,0
vidstg,corrupt,role/n12,P_W,truth_mean,0.5085657072274151,0.2972473492477398,0.7211461797761917,10000,0
vidstg,corrupt,role/n12,P_W,prediction_mean,0.5153192857046355,0.41932917683684007,0.610378232869939,10000,0
vidstg,corrupt,role/n12,P_W,below_zero,0.0,0.0,0.0,10000,0
vidstg,corrupt,role/n12,P_W,above_one,0.0,0.0,0.0,10000,0
vidstg,corrupt,role/n12,R_W,r2,-0.4123840660861391,-1.6283675580499075,0.19397987711440542,10000,0
vidstg,corrupt,role/n12,R_W,mae,0.40395449532132577,0.29229143244520783,0.5283568647499864,10000,0
vidstg,corrupt,role/n12,R_W,mse,0.22937528415944755,0.11811416623857003,0.3751982448137639,10000,0
vidstg,corrupt,role/n12,R_W,rho,0.09903230871448003,-0.2892416090944763,0.5054432340798506,10000,0
vidstg,corrupt,role/n12,R_W,truth_mean,0.5831414718596041,0.3963787827186735,0.7613182626081771,10000,0
vidstg,corrupt,role/n12,R_W,prediction_mean,0.596614098808923,0.45603796092506993,0.7407781789996332,10000,0
vidstg,corrupt,role/n12,R_W,below_zero,0.05,0.0,0.15000000000000002,10000,0
vidstg,corrupt,role/n12,R_W,above_one,0.11249999999999999,0.0,0.2625,10000,0
vidstg,corrupt,role/nmax,P_A,r2,-0.0621470028824489,-0.9265026393146325,0.37553092546032035,10000,0
vidstg,corrupt,role/nmax,P_A,mae,0.36101590215250196,0.26297913390333516,0.47027228931342097,10000,0
vidstg,corrupt,role/nmax,P_A,mse,0.17859221673815417,0.09536589788747697,0.2877107389282783,10000,0
vidstg,corrupt,role/nmax,P_A,rho,0.25074012676587737,-0.27808956411819663,0.6612856184482953,10000,0
vidstg,corrupt,role/nmax,P_A,truth_mean,0.48381118631132286,0.28582124103855333,0.684145536031457,10000,0
vidstg,corrupt,role/nmax,P_A,prediction_mean,0.4566686729771613,0.3412220340266142,0.5785706130064516,10000,0
vidstg,corrupt,role/nmax,P_A,below_zero,0.0,0.0,0.0,10000,0
vidstg,corrupt,role/nmax,P_A,above_one,0.05,0.0,0.15000000000000002,10000,0
vidstg,corrupt,role/nmax,R_A,r2,-0.5722478860859963,-2.1595330450242756,0.06977045121465109,10000,0
vidstg,corrupt,role/nmax,R_A,mae,0.41125912607354004,0.2834453440918615,0.5474828451053222,10000,0
vidstg,corrupt,role/nmax,R_A,mse,0.2562097099596037,0.13274518871056137,0.4107886159073392,10000,0
vidstg,corrupt,role/nmax,R_A,rho,0.009729550281022872,-0.43710760453445147,0.4440395144291832,10000,0
vidstg,corrupt,role/nmax,R_A,truth_mean,0.565615942689824,0.3661008460388153,0.7596740377102505,10000,0
vidstg,corrupt,role/nmax,R_A,prediction_mean,0.5394196905024542,0.4007962489627808,0.6877019796885533,10000,0
vidstg,corrupt,role/nmax,R_A,below_zero,0.0625,0.0,0.1875,10000,0
vidstg,corrupt,role/nmax,R_A,above_one,0.05,0.0,0.15000000000000002,10000,0
vidstg,corrupt,role/nmax,P_W,r2,-0.13207257456815036,-0.9534396564749362,0.3050313688617271,10000,0
vidstg,corrupt,role/nmax,P_W,mae,0.4069505593353095,0.3090703531777822,0.5109843257267798,10000,0
vidstg,corrupt,role/nmax,P_W,mse,0.21580139585250047,0.12427358630827999,0.3195214185312128,10000,0
vidstg,corrupt,role/nmax,P_W,rho,0.15652303108778243,-0.34794108535244084,0.6097135570452331,10000,0
vidstg,corrupt,role/nmax,P_W,truth_mean,0.5085657072274151,0.2972473492477398,0.7211461797761917,10000,0
vidstg,corrupt,role/nmax,P_W,prediction_mean,0.49042824888013603,0.3778438998007955,0.6090092264376679,10000,0
vidstg,corrupt,role/nmax,P_W,below_zero,0.0,0.0,0.0,10000,0
vidstg,corrupt,role/nmax,P_W,above_one,0.05,0.0,0.15000000000000002,10000,0
vidstg,corrupt,role/nmax,R_W,r2,-0.44013226472042777,-1.8014057593388102,0.15190827121271605,10000,0
vidstg,corrupt,role/nmax,R_W,mae,0.39191971048170143,0.2699761451541354,0.5189208839057038,10000,0
vidstg,corrupt,role/nmax,R_W,mse,0.23388167240006977,0.12817873434899602,0.3544032613928523,10000,0
vidstg,corrupt,role/nmax,R_W,rho,0.14596916754885836,-0.2906367387250955,0.527381025076035,10000,0
vidstg,corrupt,role/nmax,R_W,truth_mean,0.5831414718596041,0.3963787827186735,0.7613182626081771,10000,0
vidstg,corrupt,role/nmax,R_W,prediction_mean,0.5565954239954606,0.4024522724375456,0.7141753113588017,10000,0
vidstg,corrupt,role/nmax,R_W,below_zero,0.05,0.0,0.15000000000000002,10000,0
vidstg,corrupt,role/nmax,R_W,above_one,0.0625,0.0,0.1875,10000,0
vidstg,clean,all/in_sample,P_A,r2,0.8711666011173633,0.6836773431806308,0.9608323868445596,10000,0
vidstg,clean,all/in_sample,P_A,mae,0.10514820734791636,0.06371747520781296,0.16190489186533755,10000,0
vidstg,clean,all/in_sample,P_A,mse,0.021214804627652017,0.00584605336410335,0.046919888322302004,10000,0
vidstg,clean,all/in_sample,P_A,rho,0.9505584809335844,0.8733244027497146,0.9932420397150705,10000,0
vidstg,clean,all/in_sample,P_A,truth_mean,0.48480697411906115,0.28839470229852826,0.6841911294997903,10000,0
vidstg,clean,all/in_sample,P_A,prediction_mean,0.4747024353055659,0.3234469685064756,0.6292130162765147,10000,0
vidstg,clean,all/in_sample,P_A,below_zero,0.0,0.0,0.0,10000,0
vidstg,clean,all/in_sample,P_A,above_one,0.0625,0.0,0.1875,10000,0
vidstg,clean,all/in_sample,R_A,r2,0.431191792693718,-0.3469417106299505,0.7151054325364595,10000,0
vidstg,clean,all/in_sample,R_A,mae,0.24872499109027402,0.16740872681784036,0.3373542772779346,10000,0
vidstg,clean,all/in_sample,R_A,mse,0.09236615354921765,0.04073256787360943,0.1559028523823775,10000,0
vidstg,clean,all/in_sample,R_A,rho,0.6962917542087163,0.3678419721093406,0.9130140765259738,10000,0
vidstg,clean,all/in_sample,R_A,truth_mean,0.5748143072234565,0.3734670025810172,0.7715260949560089,10000,0
vidstg,clean,all/in_sample,R_A,prediction_mean,0.5033121005757999,0.3978269150289055,0.6140619636570065,10000,0
vidstg,clean,all/in_sample,R_A,below_zero,0.0,0.0,0.0,10000,0
vidstg,clean,all/in_sample,R_A,above_one,0.0,0.0,0.0,10000,0
vidstg,clean,all/in_sample,P_W,r2,0.8556875679239435,0.7212589336011387,0.9283676143746152,10000,0
vidstg,clean,all/in_sample,P_W,mae,0.1346968280966149,0.09289684764113765,0.17985655719470778,10000,0
vidstg,clean,all/in_sample,P_W,mse,0.026260768056851142,0.012662046742478653,0.04359247536729831,10000,0
vidstg,clean,all/in_sample,P_W,rho,0.950925306991249,0.89786347204574,0.9864669349585623,10000,0
vidstg,clean,all/in_sample,P_W,truth_mean,0.485106396562081,0.276980841811982,0.6941126698190149,10000,0
vidstg,clean,all/in_sample,P_W,prediction_mean,0.5004087517328603,0.347892549541145,0.6525452439315134,10000,0
vidstg,clean,all/in_sample,P_W,below_zero,0.0,0.0,0.0,10000,0
vidstg,clean,all/in_sample,P_W,above_one,0.0625,0.0,0.1875,10000,0
vidstg,clean,all/in_sample,R_W,r2,0.5577376413114075,0.17048141345474588,0.6834274038126685,10000,0
vidstg,clean,all/in_sample,R_W,mae,0.2319954382237815,0.16172893922920845,0.2993512706217747,10000,0
vidstg,clean,all/in_sample,R_W,mse,0.07347731010003437,0.04275111104396311,0.10639264798917401,10000,0
vidstg,clean,all/in_sample,R_W,rho,0.820722743806217,0.6365677759354186,0.9419131517307081,10000,0
vidstg,clean,all/in_sample,R_W,truth_mean,0.563157373354377,0.35884986910267636,0.757496730457528,10000,0
vidstg,clean,all/in_sample,R_W,prediction_mean,0.5401114467305983,0.44656648113841424,0.6398173496901401,10000,0
vidstg,clean,all/in_sample,R_W,below_zero,0.0,0.0,0.0,10000,0
vidstg,clean,all/in_sample,R_W,above_one,0.0,0.0,0.0,10000,0
vidstg,clean,all/n4,P_A,r2,-1.0043316303517895,-2.6515987930046623,-0.04070205631592443,10000,0
vidstg,clean,all/n4,P_A,mae,0.4450854962783403,0.28123073508266255,0.6372075033592859,10000,0
vidstg,clean,all/n4,P_A,mse,0.33005031549056824,0.13891394193379955,0.5728425748196482,10000,0
vidstg,clean,all/n4,P_A,rho,-0.2632975262245703,-0.6616970372006956,0.33599745047445395,10000,0
vidstg,clean,all/n4,P_A,truth_mean,0.48480697411906115,0.28839470229852826,0.6841911294997903,10000,0
vidstg,clean,all/n4,P_A,prediction_mean,0.4016455139008702,0.25022896878112655,0.5565666652747622,10000,0
vidstg,clean,all/n4,P_A,below_zero,0.125,0.0,0.3125,10000,0
vidstg,clean,all/n4,P_A,above_one,0.0625,0.0,0.1875,10000,0
vidstg,clean,all/n4,R_A,r2,-1.296002266688716,-4.432954719111745,-0.28918540691537664,10000,0
vidstg,clean,all/n4,R_A,mae,0.5288465822884149,0.3868232000333551,0.6884314307712011,10000,0
vidstg,clean,all/n4,R_A,mse,0.37283726780005544,0.20064018855574073,0.5856327868470443,10000,0
vidstg,clean,all/n4,R_A,rho,-0.19569239164926283,-0.7192489588082618,0.2758715201666701,10000,0
vidstg,clean,all/n4,R_A,truth_mean,0.5748143072234565,0.3734670025810172,0.7715260949560089,10000,0
vidstg,clean,all/n4,R_A,prediction_mean,0.3549650237193926,0.19773372142651643,0.5236456952377575,10000,0
vidstg,clean,all/n4,R_A,below_zero,0.125,0.0,0.3125,10000,0
vidstg,clean,all/n4,R_A,above_one,0.0625,0.0,0.1875,10000,0
vidstg,clean,all/n4,P_W,r2,-1.0025392457540643,-2.5441304937713065,-0.20995813292188106,10000,0
vidstg,clean,all/n4,P_W,mae,0.5217645222993686,0.38000262654628447,0.6811313656704874,10000,0
vidstg,clean,all/n4,P_W,mse,0.36440532462077635,0.19487919088110447,0.5767902507692082,10000,0
vidstg,clean,all/n4,P_W,rho,-0.3174091989978377,-0.6795954847770304,0.1863232789859114,10000,0
vidstg,clean,all/n4,P_W,truth_mean,0.485106396562081,0.276980841811982,0.6941126698190149,10000,0
vidstg,clean,all/n4,P_W,prediction_mean,0.4467215247779649,0.29152935140652647,0.6011449018384735,10000,0
vidstg,clean,all/n4,P_W,below_zero,0.0625,0.0,0.1875,10000,0
vidstg,clean,all/n4,P_W,above_one,0.0625,0.0,0.1875,10000,0
vidstg,clean,all/n4,R_W,r2,-1.2063479665561805,-3.678820101161148,-0.46541838489186527,10000,0
vidstg,clean,all/n4,R_W,mae,0.5505562518383336,0.43048866377242045,0.6830819540540372,10000,0
vidstg,clean,all/n4,R_W,mse,0.36656186207648483,0.22496768699254865,0.5438625046265546,10000,0
vidstg,clean,all/n4,R_W,rho,-0.30635261042300055,-0.8267037857321027,0.14953079391274002,10000,0
vidstg,clean,all/n4,R_W,truth_mean,0.563157373354377,0.35884986910267636,0.757496730457528,10000,0
vidstg,clean,all/n4,R_W,prediction_mean,0.41860732945737966,0.2656912224399871,0.5796939023232324,10000,0
vidstg,clean,all/n4,R_W,below_zero,0.0625,0.0,0.1875,10000,0
vidstg,clean,all/n4,R_W,above_one,0.0625,0.0,0.1875,10000,0
vidstg,clean,all/n8,P_A,r2,-0.7432872519525457,-1.8908043564944255,-0.2697737955092011,10000,0
vidstg,clean,all/n8,P_A,mae,0.4642409638480597,0.3362780574703021,0.596284101827244,10000,0
vidstg,clean,all/n8,P_A,mse,0.28706452504401037,0.16631487194541236,0.42384918601650956,10000,0
vidstg,clean,all/n8,P_A,rho,-0.2207296942691456,-0.649553298003579,0.19629014393554353,10000,0
vidstg,clean,all/n8,P_A,truth_mean,0.48480697411906115,0.28839470229852826,0.6841911294997903,10000,0
vidstg,clean,all/n8,P_A,prediction_mean,0.35225237172604223,0.2339120037187158,0.4761273481729801,10000,0
vidstg,clean,all/n8,P_A,below_zero,0.0625,0.0,0.1875,10000,0
vidstg,clean,all/n8,P_A,above_one,0.0,0.0,0.0,10000,0
vidstg,clean,all/n8,R_A,r2,-0.8088991799483134,-3.2985217947153944,0.11908798841944665,10000,0
vidstg,clean,all/n8,R_A,mae,0.4426750910405098,0.296517748145323,0.606656145575997,10000,0
vidstg,clean,all/n8,R_A,mse,0.2937388336947692,0.12691742320209123,0.49609270673304834,10000,0
vidstg,clean,all/n8,R_A,rho,-0.11773937467929421,-0.5784792016706449,0.436069669974172,10000,0
vidstg,clean,all/n8,R_A,truth_mean,0.5748143072234565,0.3734670025810172,0.7715260949560089,10000,0
vidstg,clean,all/n8,R_A,prediction_mean,0.4082455560340481,0.2725742251763703,0.5467250264834337,10000,0
vidstg,clean,all/n8,R_A,below_zero,0.0625,0.0,0.1875,10000,0
vidstg,clean,all/n8,R_A,above_one,0.0625,0.0,0.1875,10000,0
vidstg,clean,all/n8,P_W,r2,-0.6392509061555662,-1.8403589826612945,-0.1631251966735948,10000,0
vidstg,clean,all/n8,P_W,mae,0.4787740151608669,0.345604847768035,0.6094828130772116,10000,0
vidstg,clean,all/n8,P_W,mse,0.2982971544048744,0.17985392625819777,0.4245567222311628,10000,0
vidstg,clean,all/n8,P_W,rho,-0.29478113705146447,-0.7604667151503354,0.19370682132044756,10000,0
vidstg,clean,all/n8,P_W,truth_mean,0.485106396562081,0.276980841811982,0.6941126698190149,10000,0
vidstg,clean,all/n8,P_W,prediction_mean,0.3930770338734133,0.2855527043213956,0.5067144863118853,10000,0
vidstg,clean,all/n8,P_W,below_zero,0.0,0.0,0.0,10000,0
vidstg,clean,all/n8,P_W,above_one,0.0,0.0,0.0,10000,0
vidstg,clean,all/n8,R_W,r2,-0.6114505241390622,-2.4749693488653906,0.09469316959690267,10000,0
vidstg,clean,all/n8,R_W,mae,0.4367553246641926,0.30405111158150877,0.5768529892906428,10000,0
vidstg,clean,all/n8,R_W,mse,0.26772581375481835,0.13499542279519675,0.41955299900945625,10000,0
vidstg,clean,all/n8,R_W,rho,-0.0922247054841323,-0.5453737656949065,0.4263936320943108,10000,0
vidstg,clean,all/n8,R_W,truth_mean,0.563157373354377,0.35884986910267636,0.757496730457528,10000,0
vidstg,clean,all/n8,R_W,prediction_mean,0.4679518996765311,0.33869602379383884,0.601514954155724,10000,0
vidstg,clean,all/n8,R_W,below_zero,0.0,0.0,0.0,10000,0
vidstg,clean,all/n8,R_W,above_one,0.0625,0.0,0.1875,10000,0
vidstg,clean,all/n12,P_A,r2,-0.20603795197043273,-0.981708793247208,0.07944445548326078,10000,0
vidstg,clean,all/n12,P_A,mae,0.41958580774417537,0.3468665702514761,0.4931450013204056,10000,0
vidstg,clean,all/n12,P_A,mse,0.19859648000045577,0.13837855236756993,0.2647761366328987,10000,0
vidstg,clean,all/n12,P_A,rho,-0.01720407484525909,-0.4142983489275668,0.3705654831414243,10000,0
vidstg,clean,all/n12,P_A,truth_mean,0.48480697411906115,0.28839470229852826,0.6841911294997903,10000,0
vidstg,clean,all/n12,P_A,prediction_mean,0.44836150605128905,0.36568034857907294,0.5362759857308412,10000,0
vidstg,clean,all/n12,P_A,below_zero,0.0,0.0,0.0,10000,0
vidstg,clean,all/n12,P_A,above_one,0.0,0.0,0.0,10000,0
vidstg,clean,all/n12,R_A,r2,-0.8866998197835023,-3.588986298175845,0.029963906559743028,10000,0
vidstg,clean,all/n12,R_A,mae,0.4495366874696596,0.3010787728914259,0.6160580757782684,10000,0
vidstg,clean,all/n12,R_A,mse,0.30637252243719443,0.13374704407258461,0.5400032363739673,10000,0
vidstg,clean,all/n12,R_A,rho,-0.12299491601150601,-0.5493876381467948,0.399198534697872,10000,0
vidstg,clean,all/n12,R_A,truth_mean,0.5748143072234565,0.3734670025810172,0.7715260949560089,10000,0
vidstg,clean,all/n12,R_A,prediction_mean,0.4475528918548078,0.2948061421468324,0.599122132048674,10000,0
vidstg,clean,all/n12,R_A,below_zero,0.0625,0.0,0.1875,10000,0
vidstg,clean,all/n12,R_A,above_one,0.0625,0.0,0.1875,10000,0
vidstg,clean,all/n12,P_W,r2,-0.40199708883194685,-1.1867812936540012,-0.09986686687250246,10000,0
vidstg,clean,all/n12,P_W,mae,0.48841715063340685,0.4241337194430195,0.5511066162258978,10000,0
vidstg,clean,all/n12,P_W,mse,0.25512369126169576,0.19362107919010782,0.3185242704729933,10000,0
vidstg,clean,all/n12,P_W,rho,-0.31825442716658603,-0.6525460319110015,0.09463380112922451,10000,0
vidstg,clean,all/n12,P_W,truth_mean,0.485106396562081,0.276980841811982,0.6941126698190149,10000,0
vidstg,clean,all/n12,P_W,prediction_mean,0.5024198387750182,0.4230356586646656,0.5852375597680416,10000,0
vidstg,clean,all/n12,P_W,below_zero,0.0,0.0,0.0,10000,0
vidstg,clean,all/n12,P_W,above_one,0.0,0.0,0.0,10000,0
vidstg,clean,all/n12,R_W,r2,-0.8338060135829908,-2.916903428918506,-0.16253489751881603,10000,0
vidstg,clean,all/n12,R_W,mae,0.46797951182727543,0.32510099915374674,0.6098088010350919,10000,0
vidstg,clean,all/n12,R_W,mse,0.30466787524692124,0.16485732471834297,0.4774620497401114,10000,0
vidstg,clean,all/n12,R_W,rho,-0.21328772278731553,-0.6591547781795443,0.25432883194434447,10000,0
vidstg,clean,all/n12,R_W,truth_mean,0.563157373354377,0.35884986910267636,0.757496730457528,10000,0
vidstg,clean,all/n12,R_W,prediction_mean,0.5031676857400941,0.35813220737620255,0.6441647019540984,10000,0
vidstg,clean,all/n12,R_W,below_zero,0.0625,0.0,0.1875,10000,0
vidstg,clean,all/n12,R_W,above_one,0.0625,0.0,0.1875,10000,0
vidstg,clean,all/nmax,P_A,r2,0.13289895501454663,-0.5705352258075145,0.49218792541862255,10000,0
vidstg,clean,all/nmax,P_A,mae,0.32433647777852714,0.2324213753474974,0.4211942249471446,10000,0
vidstg,clean,all/nmax,P_A,mse,0.1427842424506469,0.0775859932733864,0.2169507572630017,10000,0
vidstg,clean,all/nmax,P_A,rho,0.4041326132558651,-0.051788790448692064,0.7473389300928184,10000,0
vidstg,clean,all/nmax,P_A,truth_mean,0.48480697411906115,0.28839470229852826,0.6841911294997903,10000,0
vidstg,clean,all/nmax,P_A,prediction_mean,0.451015436165515,0.346618855170818,0.5658247563847025,10000,0
vidstg,clean,all/nmax,P_A,below_zero,0.0,0.0,0.0,10000,0
vidstg,clean,all/nmax,P_A,above_one,0.0,0.0,0.0,10000,0
vidstg,clean,all/nmax,R_A,r2,-0.693179105994709,-3.1829299380669998,0.1821642177914975,10000,0
vidstg,clean,all/nmax,R_A,mae,0.41762081839718446,0.2716518351847577,0.5824436086580997,10000,0
vidstg,clean,all/nmax,R_A,mse,0.2749475821230949,0.11637916410771462,0.48093943575690107,10000,0
vidstg,clean,all/nmax,R_A,rho,-0.04004639949504556,-0.48036783564376256,0.5000052044687574,10000,0
vidstg,clean,all/nmax,R_A,truth_mean,0.5748143072234565,0.3734670025810172,0.7715260949560089,10000,0
vidstg,clean,all/nmax,R_A,prediction_mean,0.43493027339858215,0.2936409430438514,0.5767617186336488,10000,0
vidstg,clean,all/nmax,R_A,below_zero,0.0625,0.0,0.1875,10000,0
vidstg,clean,all/nmax,R_A,above_one,0.0625,0.0,0.1875,10000,0
vidstg,clean,all/nmax,P_W,r2,0.06363534268008597,-0.584153931687154,0.364788279774796,10000,0
vidstg,clean,all/nmax,P_W,mae,0.3821561997458144,0.304851085243154,0.45573449989528153,10000,0
vidstg,clean,all/nmax,P_W,mse,0.17039180012953947,0.11586165560050772,0.2267710936540691,10000,0
vidstg,clean,all/nmax,P_W,rho,0.3120667408642452,-0.149213067085922,0.6549876089114208,10000,0
vidstg,clean,all/nmax,P_W,truth_mean,0.485106396562081,0.276980841811982,0.6941126698190149,10000,0
vidstg,clean,all/nmax,P_W,prediction_mean,0.4847975338325929,0.3847875908183392,0.5913906278088057,10000,0
vidstg,clean,all/nmax,P_W,below_zero,0.0,0.0,0.0,10000,0
vidstg,clean,all/nmax,P_W,above_one,0.0,0.0,0.0,10000,0
vidstg,clean,all/nmax,R_W,r2,-0.5655341226184964,-2.5498432858355624,0.08202706003356085,10000,0
vidstg,clean,all/nmax,R_W,mae,0.43048464909473283,0.30037182252637784,0.5679956489144603,10000,0
vidstg,clean,all/nmax,R_W,mse,0.26009727922791803,0.1320190001474181,0.42632642037359103,10000,0
vidstg,clean,all/nmax,R_W,rho,-0.09182673909011506,-0.5435457477312314,0.41992865529200335,10000,0
vidstg,clean,all/nmax,R_W,truth_mean,0.563157373354377,0.35884986910267636,0.757496730457528,10000,0
vidstg,clean,all/nmax,R_W,prediction_mean,0.484579636881991,0.35425242805592455,0.6127804985223748,10000,0
vidstg,clean,all/nmax,R_W,below_zero,0.0625,0.0,0.1875,10000,0
vidstg,clean,all/nmax,R_W,above_one,0.0625,0.0,0.1875,10000,0
vidstg,clean,role/in_sample,P_A,r2,0.9573848360554505,0.9114469703933298,0.9804930730289185,10000,0
vidstg,clean,role/in_sample,P_A,mae,0.06825598166587454,0.046537003706977144,0.09344137464493754,10000,0
vidstg,clean,role/in_sample,P_A,mse,0.0070173758132591035,0.0031636459647623504,0.012579843786420977,10000,0
vidstg,clean,role/in_sample,P_A,rho,0.9843209044703957,0.9699923523665381,0.994737684259907,10000,0
vidstg,clean,role/in_sample,P_A,truth_mean,0.48480697411906115,0.28839470229852826,0.6841911294997903,10000,0
vidstg,clean,role/in_sample,P_A,prediction_mean,0.4835609352533007,0.31197115166629485,0.6582501757167087,10000,0
vidstg,clean,role/in_sample,P_A,below_zero,0.0,0.0,0.0,10000,0
vidstg,clean,role/in_sample,P_A,above_one,0.0625,0.0,0.1875,10000,0
vidstg,clean,role/in_sample,R_A,r2,0.9518652640284838,0.8834701306175683,0.9800461607622382,10000,0
vidstg,clean,role/in_sample,R_A,mae,0.06664996945391113,0.039667155846114965,0.09637936038610001,10000,0
vidstg,clean,role/in_sample,R_A,mse,0.007816378801654835,0.0029541329715701368,0.013854850718997355,10000,0
vidstg,clean,role/in_sample,R_A,rho,0.9848117543355553,0.9677468128071994,0.9940636567329388,10000,0
vidstg,clean,role/in_sample,R_A,truth_mean,0.5748143072234565,0.3734670025810172,0.7715260949560089,10000,0
vidstg,clean,role/in_sample,R_A,prediction_mean,0.5510191735709138,0.3758032919993035,0.7178479728079151,10000,0
vidstg,clean,role/in_sample,R_A,below_zero,0.0,0.0,0.0,10000,0
vidstg,clean,role/in_sample,R_A,above_one,0.0,0.0,0.0,10000,0
vidstg,clean,role/in_sample,P_W,r2,0.9431127314419204,0.8887136045333947,0.9712281754665416,10000,0
vidstg,clean,role/in_sample,P_W,mae,0.08364849523388734,0.055732768557565975,0.11236842125516518,10000,0
vidstg,clean,role/in_sample,P_W,mse,0.010351868813382634,0.005263980934142055,0.015908497134953428,10000,0
vidstg,clean,role/in_sample,P_W,rho,0.9797089997076338,0.9653247294576532,0.9907247686562897,10000,0
vidstg,clean,role/in_sample,P_W,truth_mean,0.485106396562081,0.276980841811982,0.6941126698190149,10000,0
vidstg,clean,role/in_sample,P_W,prediction_mean,0.508960194758842,0.3279437418299509,0.6872139975093259,10000,0
vidstg,clean,role/in_sample,P_W,below_zero,0.0625,0.0,0.1875,10000,0
vidstg,clean,role/in_sample,P_W,above_one,0.0625,0.0,0.1875,10000,0
vidstg,clean,role/in_sample,R_W,r2,0.9298747126156194,0.8302994193860475,0.9754061413289002,10000,0
vidstg,clean,role/in_sample,R_W,mae,0.07792696708814004,0.04371308824513381,0.11533131173750624,10000,0
vidstg,clean,role/in_sample,R_W,mse,0.011650590166151234,0.003657685456999684,0.021664940599477135,10000,0
vidstg,clean,role/in_sample,R_W,rho,0.9720185209289038,0.9229156745691279,0.9951380047647357,10000,0
vidstg,clean,role/in_sample,R_W,truth_mean,0.563157373354377,0.35884986910267636,0.757496730457528,10000,0
vidstg,clean,role/in_sample,R_W,prediction_mean,0.5791094832190619,0.4067088765374167,0.7479322120061909,10000,0
vidstg,clean,role/in_sample,R_W,below_zero,0.0,0.0,0.0,10000,0
vidstg,clean,role/in_sample,R_W,above_one,0.0625,0.0,0.1875,10000,0
vidstg,clean,role/n4,P_A,r2,-0.9251695126764967,-2.4930974223220357,-0.03759842744836477,10000,0
vidstg,clean,role/n4,P_A,mae,0.44335665320410406,0.2873152180469336,0.623091852343032,10000,0
vidstg,clean,role/n4,P_A,mse,0.31701480703578916,0.1370381342164927,0.5480223490141535,10000,0
vidstg,clean,role/n4,P_A,rho,-0.3146545990769526,-0.6696117883367838,0.26783940097520315,10000,0
vidstg,clean,role/n4,P_A,truth_mean,0.48480697411906115,0.28839470229852826,0.6841911294997903,10000,0
vidstg,clean,role/n4,P_A,prediction_mean,0.3944736944752986,0.2599141226680084,0.5327861056071214,10000,0
vidstg,clean,role/n4,P_A,below_zero,0.0625,0.0,0.1875,10000,0
vidstg,clean,role/n4,P_A,above_one,0.0,0.0,0.0,10000,0
vidstg,clean,role/n4,R_A,r2,-1.6632600311663417,-3.7395870669134283,-0.7281592804035665,10000,0
vidstg,clean,role/n4,R_A,mae,0.5654690708548763,0.3998384546545255,0.7295569638252177,10000,0
vidstg,clean,role/n4,R_A,mse,0.4324745701985719,0.25129540309639625,0.6251800198227729,10000,0
vidstg,clean,role/n4,R_A,rho,-0.4185893866989834,-0.7491924519179589,0.04569643073377852,10000,0
vidstg,clean,role/n4,R_A,truth_mean,0.5748143072234565,0.3734670025810172,0.7715260949560089,10000,0
vidstg,clean,role/n4,R_A,prediction_mean,0.5186045141494937,0.33752056429399796,0.6990310580061863,10000,0
vidstg,clean,role/n4,R_A,below_zero,0.125,0.0,0.3125,10000,0
vidstg,clean,role/n4,R_A,above_one,0.0625,0.0,0.1875,10000,0
vidstg,clean,role/n4,P_W,r2,-0.8557542724867233,-2.3673273036868734,-0.06878669426317768,10000,0
vidstg,clean,role/n4,P_W,mae,0.47833679646349025,0.3236408827609565,0.6471596850656733,10000,0
vidstg,clean,role/n4,P_W,mse,0.33769462422059726,0.16660638398324873,0.5533528536624667,10000,0
vidstg,clean,role/n4,P_W,rho,-0.2999680457136481,-0.6819858171229598,0.2528261953830765,10000,0
vidstg,clean,role/n4,P_W,truth_mean,0.485106396562081,0.276980841811982,0.6941126698190149,10000,0
vidstg,clean,role/n4,P_W,prediction_mean,0.402376114134817,0.2669453849082606,0.5418692485330914,10000,0
vidstg,clean,role/n4,P_W,below_zero,0.0625,0.0,0.1875,10000,0
vidstg,clean,role/n4,P_W,above_one,0.0,0.0,0.0,10000,0
vidstg,clean,role/n4,R_W,r2,-0.5480480466511435,-2.03831709248252,0.14602174158008674,10000,0
vidstg,clean,role/n4,R_W,mae,0.4271537920937431,0.29893218388201415,0.565903957048287,10000,0
vidstg,clean,role/n4,R_W,mse,0.2571921488204925,0.12950290047520555,0.39958063042920366,10000,0
vidstg,clean,role/n4,R_W,rho,0.07704191074682466,-0.39159940358310863,0.5806842214981733,10000,0
vidstg,clean,role/n4,R_W,truth_mean,0.563157373354377,0.35884986910267636,0.757496730457528,10000,0
vidstg,clean,role/n4,R_W,prediction_mean,0.5236901344079605,0.36339294140796863,0.6830933468683907,10000,0
vidstg,clean,role/n4,R_W,below_zero,0.0625,0.0,0.1875,10000,0
vidstg,clean,role/n4,R_W,above_one,0.0,0.0,0.0,10000,0
vidstg,clean,role/n8,P_A,r2,-0.7722694252905891,-1.8886126132488736,-0.3205095803255001,10000,0
vidstg,clean,role/n8,P_A,mae,0.4900712516763178,0.37963950734274404,0.6013734303012594,10000,0
vidstg,clean,role/n8,P_A,mse,0.29183697652308255,0.18739800107433732,0.40905635342661156,10000,0
vidstg,clean,role/n8,P_A,rho,-0.12162187468855541,-0.5741462068127957,0.27340762624152565,10000,0
vidstg,clean,role/n8,P_A,truth_mean,0.48480697411906115,0.28839470229852826,0.6841911294997903,10000,0
vidstg,clean,role/n8,P_A,prediction_mean,0.40852777902608167,0.2643266303830807,0.5627156304176425,10000,0
vidstg,clean,role/n8,P_A,below_zero,0.0625,0.0,0.1875,10000,0
vidstg,clean,role/n8,P_A,above_one,0.0625,0.0,0.1875,10000,0
vidstg,clean,role/n8,R_A,r2,-0.860404098237668,-3.0512705955059367,0.07923921276437557,10000,0
vidstg,clean,role/n8,R_A,mae,0.4452345904863289,0.2958443379127496,0.6120015217702006,10000,0
vidstg,clean,role/n8,R_A,mse,0.30210248093147796,0.13082086120989603,0.5099196176914046,10000,0
vidstg,clean,role/n8,R_A,rho,-0.08947839425051153,-0.5676326101252395,0.4642216615590201,10000,0
vidstg,clean,role/n8,R_A,truth_mean,0.5748143072234565,0.3734670025810172,0.7715260949560089,10000,0
vidstg,clean,role/n8,R_A,prediction_mean,0.4623163066040919,0.30909441605336374,0.6249607293274348,10000,0
vidstg,clean,role/n8,R_A,below_zero,0.0625,0.0,0.1875,10000,0
vidstg,clean,role/n8,R_A,above_one,0.0,0.0,0.0,10000,0
vidstg,clean,role/n8,P_W,r2,-0.5582035256006479,-1.752047397984762,-0.0763513827512645,10000,0
vidstg,clean,role/n8,P_W,mae,0.48209098226904806,0.3697990229277944,0.5916077210153384,10000,0
vidstg,clean,role/n8,P_W,mse,0.28354883070365405,0.17695680840608807,0.3933615103094377,10000,0
vidstg,clean,role/n8,P_W,rho,-0.025716704261644026,-0.5653670764210533,0.3987746583162933,10000,0
vidstg,clean,role/n8,P_W,truth_mean,0.485106396562081,0.276980841811982,0.6941126698190149,10000,0
vidstg,clean,role/n8,P_W,prediction_mean,0.41248944014475974,0.2781779339323592,0.570416287910307,10000,0
vidstg,clean,role/n8,P_W,below_zero,0.0,0.0,0.0,10000,0
vidstg,clean,role/n8,P_W,above_one,0.0625,0.0,0.1875,10000,0
vidstg,clean,role/n8,R_W,r2,0.0034152970751801792,-1.4539042831594478,0.5529318091083821,10000,0
vidstg,clean,role/n8,R_W,mae,0.33420945904085336,0.2261962804854432,0.4522694994331793,10000,0
vidstg,clean,role/n8,R_W,mse,0.16557222612136893,0.07291658626206582,0.28153619475942515,10000,0
vidstg,clean,role/n8,R_W,rho,0.4009481054774823,0.016503992618467214,0.7882892696930628,10000,0
vidstg,clean,role/n8,R_W,truth_mean,0.563157373354377,0.35884986910267636,0.757496730457528,10000,0
vidstg,clean,role/n8,R_W,prediction_mean,0.5161845975156278,0.36183908567979717,0.6737577824579416,10000,0
vidstg,clean,role/n8,R_W,below_zero,0.0625,0.0,0.1875,10000,0
vidstg,clean,role/n8,R_W,above_one,0.0625,0.0,0.1875,10000,0
vidstg,clean,role/n12,P_A,r2,-0.41785744368141997,-1.4407584169626984,0.07732459438120402,10000,0
vidstg,clean,role/n12,P_A,mae,0.43005762557061017,0.32793060049688927,0.5389591045923787,10000,0
vidstg,clean,role/n12,P_A,mse,0.233476481397227,0.1372164241823782,0.34978440370741376,10000,0
vidstg,clean,role/n12,P_A,rho,-0.12027409061953945,-0.5397221678117796,0.3676242332920364,10000,0
vidstg,clean,role/n12,P_A,truth_mean,0.48480697411906115,0.28839470229852826,0.6841911294997903,10000,0
vidstg,clean,role/n12,P_A,prediction_mean,0.49710221530155263,0.38725252803420124,0.6005856088010638,10000,0
vidstg,clean,role/n12,P_A,below_zero,0.0,0.0,0.0,10000,0
vidstg,clean,role/n12,P_A,above_one,0.0,0.0,0.0,10000,0
vidstg,clean,role/n12,R_A,r2,-0.49818996357291034,-1.8185942363211391,0.10826110613342542,10000,0
vidstg,clean,role/n12,R_A,mae,0.40534214376854283,0.27388836611543643,0.5471394544309877,10000,0
vidstg,clean,role/n12,R_A,mse,0.24328419042441604,0.11631587707775828,0.39900315657793106,10000,0
vidstg,clean,role/n12,R_A,rho,-0.09078282877695319,-0.5223914462731437,0.43642936739396443,10000,0
vidstg,clean,role/n12,R_A,truth_mean,0.5748143072234565,0.3734670025810172,0.7715260949560089,10000,0
vidstg,clean,role/n12,R_A,prediction_mean,0.5577276906717901,0.43407040109215533,0.677736922519072,10000,0
vidstg,clean,role/n12,R_A,below_zero,0.0625,0.0,0.1875,10000,0
vidstg,clean,role/n12,R_A,above_one,0.0,0.0,0.0,10000,0
vidstg,clean,role/n12,P_W,r2,-0.5132047468347591,-1.500456883124961,-0.025210978928047235,10000,0
vidstg,clean,role/n12,P_W,mae,0.4816840692722803,0.3811579746903034,0.5818224127220123,10000,0
vidstg,clean,role/n12,P_W,mse,0.27536032971997043,0.176667041128365,0.3803641861329282,10000,0
vidstg,clean,role/n12,P_W,rho,-0.22784724769141368,-0.6196277796714005,0.26554561953607186,10000,0
vidstg,clean,role/n12,P_W,truth_mean,0.485106396562081,0.276980841811982,0.6941126698190149,10000,0
vidstg,clean,role/n12,P_W,prediction_mean,0.5304925084869221,0.4215766337430371,0.6366288915074153,10000,0
vidstg,clean,role/n12,P_W,below_zero,0.0,0.0,0.0,10000,0
vidstg,clean,role/n12,P_W,above_one,0.0,0.0,0.0,10000,0
vidstg,clean,role/n12,R_W,r2,-0.34525582154468926,-1.5594224597013824,0.2650793799142171,10000,0
vidstg,clean,role/n12,R_W,mae,0.394711503513065,0.27531715463383255,0.5256506894576501,10000,0
vidstg,clean,role/n12,R_W,mse,0.22350032106873308,0.10656950381663656,0.3729228929856247,10000,0
vidstg,clean,role/n12,R_W,rho,0.10079433634909724,-0.3212421636469113,0.5819174629059073,10000,0
vidstg,clean,role/n12,R_W,truth_mean,0.563157373354377,0.35884986910267636,0.757496730457528,10000,0
vidstg,clean,role/n12,R_W,prediction_mean,0.6111755809512731,0.47427155043434494,0.7488231897425509,10000,0
vidstg,clean,role/n12,R_W,below_zero,0.0625,0.0,0.1875,10000,0
vidstg,clean,role/n12,R_W,above_one,0.0625,0.0,0.1875,10000,0
vidstg,clean,role/nmax,P_A,r2,-0.07141049284423784,-1.0264817047031856,0.39827701787882613,10000,0
vidstg,clean,role/nmax,P_A,mae,0.35551056560310784,0.2517421164032613,0.4689938275935348,10000,0
vidstg,clean,role/nmax,P_A,mse,0.1764275760698745,0.09158095667474515,0.2876647023321507,10000,0
vidstg,clean,role/nmax,P_A,rho,0.2600182859984134,-0.26098587993175015,0.6844254225766124,10000,0
vidstg,clean,role/nmax,P_A,truth_mean,0.48480697411906115,0.28839470229852826,0.6841911294997903,10000,0
vidstg,clean,role/nmax,P_A,prediction_mean,0.4747182620442981,0.3537122301818922,0.6056733635477467,10000,0
vidstg,clean,role/nmax,P_A,below_zero,0.0,0.0,0.0,10000,0
vidstg,clean,role/nmax,P_A,above_one,0.0625,0.0,0.1875,10000,0
vidstg,clean,role/nmax,R_A,r2,-0.4457898082818825,-2.095359825985566,0.18194926338746903,10000,0
vidstg,clean,role/nmax,R_A,mae,0.38974517016685917,0.25586375051264487,0.5339806126904632,10000,0
vidstg,clean,role/nmax,R_A,mse,0.23477516976078175,0.11058805101990327,0.39327056660282467,10000,0
vidstg,clean,role/nmax,R_A,rho,0.0025608804514302757,-0.49559118223474974,0.5124021307581903,10000,0
vidstg,clean,role/nmax,R_A,truth_mean,0.5748143072234565,0.3734670025810172,0.7715260949560089,10000,0
vidstg,clean,role/nmax,R_A,prediction_mean,0.5117288905862477,0.3827696769735495,0.6436353077980926,10000,0
vidstg,clean,role/nmax,R_A,below_zero,0.0625,0.0,0.1875,10000,0
vidstg,clean,role/nmax,R_A,above_one,0.0625,0.0,0.1875,10000,0
vidstg,clean,role/nmax,P_W,r2,-0.14480116774255114,-1.043680084903692,0.3164453256583759,10000,0
vidstg,clean,role/nmax,P_W,mae,0.40623483551065737,0.30716191904808604,0.5070257218481119,10000,0
vidstg,clean,role/nmax,P_W,mse,0.20832133105105788,0.12130607191527729,0.30337889401434304,10000,0
vidstg,clean,role/nmax,P_W,rho,0.19111906470842693,-0.30867687199016364,0.6205711265053988,10000,0
vidstg,clean,role/nmax,P_W,truth_mean,0.485106396562081,0.276980841811982,0.6941126698190149,10000,0
vidstg,clean,role/nmax,P_W,prediction_mean,0.49450825095990203,0.3694638232470214,0.6280609571636178,10000,0
vidstg,clean,role/nmax,P_W,below_zero,0.0,0.0,0.0,10000,0
vidstg,clean,role/nmax,P_W,above_one,0.0625,0.0,0.1875,10000,0
vidstg,clean,role/nmax,R_W,r2,-0.317126464156233,-1.5789483462955993,0.30201670061060065,10000,0
vidstg,clean,role/nmax,R_W,mae,0.37162438904718986,0.23482462786101838,0.5124582175565243,10000,0
vidstg,clean,role/nmax,R_W,mse,0.21882691969251147,0.10377884195838832,0.3479530948015881,10000,0
vidstg,clean,role/nmax,R_W,rho,0.18413833323090278,-0.32248807177032995,0.6351841655598645,10000,0
vidstg,clean,role/nmax,R_W,truth_mean,0.563157373354377,0.35884986910267636,0.757496730457528,10000,0
vidstg,clean,role/nmax,R_W,prediction_mean,0.562153444695937,0.4079817229294401,0.7168545833067616,10000,0
vidstg,clean,role/nmax,R_W,below_zero,0.0625,0.0,0.1875,10000,0
vidstg,clean,role/nmax,R_W,above_one,0.0625,0.0,0.1875,10000,0
hc2,all,all/in_sample,P_A,r2,0.7325108386688859,0.3948702126120526,0.8249969637984507,10000,0
hc2,all,all/in_sample,P_A,mae,0.10940911668015321,0.08461324602769589,0.13498013780688145,10000,0
hc2,all,all/in_sample,P_A,mse,0.015999354233682265,0.009784779698816451,0.022737993101018393,10000,0
hc2,all,all/in_sample,P_A,rho,0.8894954724165791,0.6724566471776425,0.9595251392691818,10000,0
hc2,all,all/in_sample,P_A,truth_mean,0.5721108280198293,0.44941064630448924,0.6887115830484011,10000,0
hc2,all,all/in_sample,P_A,prediction_mean,0.5601086836972301,0.4771536051465112,0.6390740449747399,10000,0
hc2,all,all/in_sample,P_A,below_zero,0.0,0.0,0.0,10000,0
hc2,all,all/in_sample,P_A,above_one,0.0,0.0,0.0,10000,0
hc2,all,all/in_sample,R_A,r2,0.8831497489532547,0.02690658947218993,0.9563325058370095,10000,0
hc2,all,all/in_sample,R_A,mae,0.06692580648864323,0.04367179823357157,0.0915939023613116,10000,0
hc2,all,all/in_sample,R_A,mse,0.007906564478822794,0.00393525878087325,0.012416126754066928,10000,0
hc2,all,all/in_sample,R_A,rho,0.9450490973554833,0.6493796790530868,0.9799277998405097,10000,0
hc2,all,all/in_sample,R_A,truth_mean,0.8435364430191894,0.701984839640162,0.9527214799550049,10000,0
hc2,all,all/in_sample,R_A,prediction_mean,0.8222246690285088,0.6991963579131596,0.9144625781441464,10000,0
hc2,all,all/in_sample,R_A,below_zero,0.03571428571428571,0.0,0.10714285714285714,10000,0
hc2,all,all/in_sample,R_A,above_one,0.09523809523809525,0.0,0.23809523809523808,10000,0
hc2,all,all/in_sample,P_W,r2,0.7069584406990552,0.40431888273731137,0.7923729491938355,10000,0
hc2,all,all/in_sample,P_W,mae,0.12070221154175519,0.08549169397480508,0.15725864007216703,10000,0
hc2,all,all/in_sample,P_W,mse,0.021184133190531838,0.011353492573978049,0.03243708266430647,10000,0
hc2,all,all/in_sample,P_W,rho,0.905068233900624,0.696414312763528,0.9742099888395872,10000,0
hc2,all,all/in_sample,P_W,truth_mean,0.6022975152176155,0.46253475120244747,0.7373190147595562,10000,0
hc2,all,all/in_sample,P_W,prediction_mean,0.6023142809053891,0.5211849162373832,0.6793790657394458,10000,0
hc2,all,all/in_sample,P_W,below_zero,0.0,0.0,0.0,10000,0
hc2,all,all/in_sample,P_W,above_one,0.0,0.0,0.0,10000,0
hc2,all,all/in_sample,R_W,r2,0.8571602326321681,-0.027626522174871517,0.9216123356926597,10000,0
hc2,all,all/in_sample,R_W,mae,0.08204664371480005,0.057640701357828276,0.10765308751851164,10000,0
hc2,all,all/in_sample,R_W,mse,0.010977678010759872,0.005466061093116084,0.017352568329108913,10000,0
hc2,all,all/in_sample,R_W,rho,0.9487202643535325,0.7346569843419843,0.9795982971235617,10000,0
hc2,all,all/in_sample,R_W,truth_mean,0.8343816427366563,0.679881890596413,0.9516633759196389,10000,0
hc2,all,all/in_sample,R_W,prediction_mean,0.8173340330794321,0.6982153675076124,0.901387208430514,10000,0
hc2,all,all/in_sample,R_W,below_zero,0.0,0.0,0.0,10000,0
hc2,all,all/in_sample,R_W,above_one,0.023809523809523808,0.0,0.05952380952380952,10000,0
hc2,all,all/n4,P_A,r2,-0.4965222428322589,-3.2822609386781005,0.40904032597568424,10000,0
hc2,all,all/n4,P_A,mae,0.2385236031366897,0.15022758843116157,0.3336675108961731,10000,0
hc2,all,all/n4,P_A,mse,0.08951162492905428,0.03729382297231751,0.14685565647661536,10000,0
hc2,all,all/n4,P_A,rho,0.24563184172379207,-0.3238256555427834,0.7421658910372269,10000,0
hc2,all,all/n4,P_A,truth_mean,0.5721108280198293,0.44941064630448924,0.6887115830484011,10000,0
hc2,all,all/n4,P_A,prediction_mean,0.5049390713267697,0.3873567547724949,0.6219912627796859,10000,0
hc2,all,all/n4,P_A,below_zero,0.0,0.0,0.0,10000,0
hc2,all,all/n4,P_A,above_one,0.0,0.0,0.0,10000,0
hc2,all,all/n4,R_A,r2,-0.43953062621778205,-11.45131376154144,0.4486590767803173,10000,0
hc2,all,all/n4,R_A,mae,0.2561040924483934,0.17116659967292266,0.3477595835266039,10000,0
hc2,all,all/n4,R_A,mse,0.09740451230077245,0.047441694442322165,0.15755285294112908,10000,0
hc2,all,all/n4,R_A,rho,0.2837024356370509,-0.5413677916190488,0.7118819728025914,10000,0
hc2,all,all/n4,R_A,truth_mean,0.8435364430191894,0.701984839640162,0.9527214799550049,10000,0
hc2,all,all/n4,R_A,prediction_mean,0.7196688545055353,0.6166980068342415,0.8239394265293735,10000,0
hc2,all,all/n4,R_A,below_zero,0.0,0.0,0.0,10000,0
hc2,all,all/n4,R_A,above_one,0.07142857142857142,0.0,0.21428571428571427,10000,0
hc2,all,all/n4,P_W,r2,-0.35706908281595373,-2.6703504602835895,0.47079762496392163,10000,0
hc2,all,all/n4,P_W,mae,0.24765068538834503,0.1533019626804061,0.3467444861339235,10000,0
hc2,all,all/n4,P_W,mse,0.09810325971410214,0.03976635537309331,0.16504964371500505,10000,0
hc2,all,all/n4,P_W,rho,0.24924231161976523,-0.36796178171148697,0.7461410789313764,10000,0
hc2,all,all/n4,P_W,truth_mean,0.6022975152176155,0.46253475120244747,0.7373190147595562,10000,0
hc2,all,all/n4,P_W,prediction_mean,0.5554798198814795,0.43085154184118807,0.677247735807306,10000,0
hc2,all,all/n4,P_W,below_zero,0.0,0.0,0.0,10000,0
hc2,all,all/n4,P_W,above_one,0.0,0.0,0.0,10000,0
hc2,all,all/n4,R_W,r2,-0.5106537869154624,-14.162431320407327,0.2252029122808783,10000,0
hc2,all,all/n4,R_W,mae,0.2690035990720336,0.16964351161355334,0.37686264511758866,10000,0
hc2,all,all/n4,R_W,mse,0.11609841687706131,0.051987617542390986,0.1953097862413714,10000,0
hc2,all,all/n4,R_W,rho,-0.009700013363986576,-0.6953051920054308,0.5365534687794845,10000,0
hc2,all,all/n4,R_W,truth_mean,0.8343816427366563,0.679881890596413,0.9516633759196389,10000,0
hc2,all,all/n4,R_W,prediction_mean,0.7336615865713173,0.645982452929841,0.8125890711017454,10000,0
hc2,all,all/n4,R_W,below_zero,0.0,0.0,0.0,10000,0
hc2,all,all/n4,R_W,above_one,0.011904761904761904,0.0,0.03571428571428571,10000,0
hc2,all,all/n8,P_A,r2,-0.09361955621543605,-1.5489751102387048,0.2989422517807493,10000,0
hc2,all,all/n8,P_A,mae,0.22041037400517877,0.15794309146586188,0.2826310652671694,10000,0
hc2,all,all/n8,P_A,mse,0.06541276883781494,0.03660659481859147,0.09613259697415547,10000,0
hc2,all,all/n8,P_A,rho,0.24937941606564143,-0.23973267232983067,0.6418392857773474,10000,0
hc2,all,all/n8,P_A,truth_mean,0.5721108280198293,0.44941064630448924,0.6887115830484011,10000,0
hc2,all,all/n8,P_A,prediction_mean,0.5185553496440332,0.4471710760716153,0.5875431626920252,10000,0
hc2,all,all/n8,P_A,below_zero,0.0,0.0,0.0,10000,0
hc2,all,all/n8,P_A,above_one,0.0,0.0,0.0,10000,0
hc2,all,all/n8,R_A,r2,-0.31456136091684694,-8.582882809800944,0.41105768839464357,10000,0
hc2,all,all/n8,R_A,mae,0.24386497386251754,0.16408927858899452,0.32967093097406014,10000,0
hc2,all,all/n8,R_A,mse,0.08894858220972214,0.042754502262474556,0.14126484242116005,10000,0
hc2,all,all/n8,R_A,rho,0.270106427333043,-0.5433113818985862,0.6680090861757253,10000,0
hc2,all,all/n8,R_A,truth_mean,0.8435364430191894,0.701984839640162,0.9527214799550049,10000,0
hc2,all,all/n8,R_A,prediction_mean,0.7868583732039858,0.6852455221429626,0.8961697346933137,10000,0
hc2,all,all/n8,R_A,below_zero,0.0,0.0,0.0,10000,0
hc2,all,all/n8,R_A,above_one,0.1547619047619048,0.0,0.35744047619047187,10000,0
hc2,all,all/n8,P_W,r2,-0.1150353084051261,-1.2417770340157548,0.17786319086089286,10000,0
hc2,all,all/n8,P_W,mae,0.24662850476463033,0.17917649847677744,0.3193150564255934,10000,0
hc2,all,all/n8,P_W,mse,0.08060650694648341,0.04180438045956604,0.12550255455368534,10000,0
hc2,all,all/n8,P_W,rho,0.1128027929416618,-0.33892611299337766,0.5566962792692409,10000,0
hc2,all,all/n8,P_W,truth_mean,0.6022975152176155,0.46253475120244747,0.7373190147595562,10000,0
hc2,all,all/n8,P_W,prediction_mean,0.5679585866627725,0.5035604012834324,0.6264214343423811,10000,0
hc2,all,all/n8,P_W,below_zero,0.0,0.0,0.0,10000,0
hc2,all,all/n8,P_W,above_one,0.0,0.0,0.0,10000,0
hc2,all,all/n8,R_W,r2,-0.5486866095233389,-11.60448861790723,-0.07249545801173365,10000,0
hc2,all,all/n8,R_W,mae,0.2846365807373013,0.19730519324613513,0.3835752452810928,10000,0
hc2,all,all/n8,R_W,mse,0.11902135695266693,0.05666165229514939,0.19992172569896752,10000,0
hc2,all,all/n8,R_W,rho,-0.1990059909756317,-0.7475440868770373,0.14451575555318688,10000,0
hc2,all,all/n8,R_W,truth_mean,0.8343816427366563,0.679881890596413,0.9516633759196389,10000,0
hc2,all,all/n8,R_W,prediction_mean,0.7802772089225717,0.7145460502854378,0.8522103637517228,10000,0
hc2,all,all/n8,R_W,below_zero,0.0,0.0,0.0,10000,0
hc2,all,all/n8,R_W,above_one,0.14285714285714285,0.0,0.3571428571428571,10000,0
hc2,all,all/n12,P_A,r2,-0.1621438692037156,-1.6090501861594728,0.2437935776518062,10000,0
hc2,all,all/n12,P_A,mae,0.22155447582402524,0.15523348364188216,0.28978955757274605,10000,0
hc2,all,all/n12,P_A,mse,0.06951141998189653,0.03691629888317787,0.10468680841683448,10000,0
hc2,all,all/n12,P_A,rho,0.16649528452235945,-0.29207150754810723,0.5550535303043014,10000,0
hc2,all,all/n12,P_A,truth_mean,0.5721108280198293,0.44941064630448924,0.6887115830484011,10000,0
hc2,all,all/n12,P_A,prediction_mean,0.5453158933412091,0.47105677577960914,0.616768223042774,10000,0
hc2,all,all/n12,P_A,below_zero,0.0,0.0,0.0,10000,0
hc2,all,all/n12,P_A,above_one,0.0,0.0,0.0,10000,0
hc2,all,all/n12,R_A,r2,-0.1660859576112348,-6.818001734284805,0.31959182830416566,10000,0
hc2,all,all/n12,R_A,mae,0.2330828705065706,0.16010267410607776,0.31189458795643143,10000,0
hc2,all,all/n12,R_A,mse,0.07890213096773536,0.03876495591327624,0.12484317693929269,10000,0
hc2,all,all/n12,R_A,rho,0.25191779825649,-0.4646852253410163,0.612086042602296,10000,0
hc2,all,all/n12,R_A,truth_mean,0.8435364430191894,0.701984839640162,0.9527214799550049,10000,0
hc2,all,all/n12,R_A,prediction_mean,0.7955754389758082,0.7150481909064089,0.8858522338747087,10000,0
hc2,all,all/n12,R_A,below_zero,0.0,0.0,0.0,10000,0
hc2,all,all/n12,R_A,above_one,0.08333333333333334,0.0,0.23809523809523808,10000,0
hc2,all,all/n12,P_W,r2,-0.17489406826863174,-1.366194363561916,0.1597630630502437,10000,0
hc2,all,all/n12,P_W,mae,0.24666221737283647,0.16948582853754696,0.325742696028453,10000,0
hc2,all,all/n12,P_W,mse,0.08493372914866366,0.04305140170711767,0.13262096495053263,10000,0
hc2,all,all/n12,P_W,rho,0.04335991404850316,-0.3999575739479514,0.489216354845024,10000,0
hc2,all,all/n12,P_W,truth_mean,0.6022975152176155,0.46253475120244747,0.7373190147595562,10000,0
hc2,all,all/n12,P_W,prediction_mean,0.5892890078083896,0.5237180861456201,0.6497744342015422,10000,0
hc2,all,all/n12,P_W,below_zero,0.0,0.0,0.0,10000,0
hc2,all,all/n12,P_W,above_one,0.0,0.0,0.0,10000,0
hc2,all,all/n12,R_W,r2,-0.3108016771288593,-8.866284851868429,-0.006751183001712277,10000,0
hc2,all,all/n12,R_W,mae,0.25628179392872663,0.17403313472035775,0.3534378652401279,10000,0
hc2,all,all/n12,R_W,mse,0.10073916397826081,0.04625671854331171,0.1805333701744393,10000,0
hc2,all,all/n12,R_W,rho,-0.11158154963757606,-0.665659278221928,0.20657901447678717,10000,0
hc2,all,all/n12,R_W,truth_mean,0.8343816427366563,0.679881890596413,0.9516633759196389,10000,0
hc2,all,all/n12,R_W,prediction_mean,0.7884302698425296,0.7378622593229051,0.841100782615701,10000,0
hc2,all,all/n12,R_W,below_zero,0.0,0.0,0.0,10000,0
hc2,all,all/n12,R_W,above_one,0.0,0.0,0.0,10000,0
hc2,all,all/nmax,P_A,r2,-0.09739429209658712,-1.3847863679273504,0.261452775411566,10000,0
hc2,all,all/nmax,P_A,mae,0.2156670739826292,0.15283717095222343,0.2815397519857757,10000,0
hc2,all,all/nmax,P_A,mse,0.06563854746824836,0.03412527346771392,0.10011440106118662,10000,0
hc2,all,all/nmax,P_A,rho,0.19473027883511806,-0.2470962024697203,0.5746919307429424,10000,0
hc2,all,all/nmax,P_A,truth_mean,0.5721108280198293,0.44941064630448924,0.6887115830484011,10000,0
hc2,all,all/nmax,P_A,prediction_mean,0.5563221133499513,0.4849084005613492,0.6226332651835552,10000,0
hc2,all,all/nmax,P_A,below_zero,0.0,0.0,0.0,10000,0
hc2,all,all/nmax,P_A,above_one,0.0,0.0,0.0,10000,0
hc2,all,all/nmax,R_A,r2,-0.18926524999572103,-6.55036205311313,0.2918296148781597,10000,0
hc2,all,all/nmax,R_A,mae,0.23347626656149997,0.157277716172746,0.315427404220465,10000,0
hc2,all,all/nmax,R_A,mse,0.08047053641119574,0.038027666260375924,0.12937737329584365,10000,0
hc2,all,all/nmax,R_A,rho,0.20938992427732103,-0.4950858835724778,0.5929352044337088,10000,0
hc2,all,all/nmax,R_A,truth_mean,0.8435364430191894,0.701984839640162,0.9527214799550049,10000,0
hc2,all,all/nmax,R_A,prediction_mean,0.8099400541894319,0.730358097753262,0.8953239947806603,10000,0
hc2,all,all/nmax,R_A,below_zero,0.0,0.0,0.0,10000,0
hc2,all,all/nmax,R_A,above_one,0.09523809523809525,0.0,0.25,10000,0
hc2,all,all/nmax,P_W,r2,-0.13139538673195417,-1.243624722586241,0.16644903288003488,10000,0
hc2,all,all/nmax,P_W,mae,0.24387770192819666,0.1714527971708386,0.3199651623531448,10000,0
hc2,all,all/nmax,P_W,mse,0.08178918587813332,0.04186300270898665,0.12873772608351097,10000,0
hc2,all,all/nmax,P_W,rho,0.06043555606303277,-0.3740125036079292,0.5153268677188636,10000,0
hc2,all,all/nmax,P_W,truth_mean,0.6022975152176155,0.46253475120244747,0.7373190147595562,10000,0
hc2,all,all/nmax,P_W,prediction_mean,0.6000802662117988,0.5378802875943701,0.6546658718493633,10000,0
hc2,all,all/nmax,P_W,below_zero,0.0,0.0,0.0,10000,0
hc2,all,all/nmax,P_W,above_one,0.0,0.0,0.0,10000,0
hc2,all,all/nmax,R_W,r2,-0.34724889522846936,-8.64377471235946,-0.0548124075197923,10000,0
hc2,all,all/nmax,R_W,mae,0.2612883295239656,0.1813563113785709,0.3600370910553424,10000,0
hc2,all,all/nmax,R_W,mse,0.10354024544218628,0.04548826839564551,0.18934644274009094,10000,0
hc2,all,all/nmax,R_W,rho,-0.13522388738089894,-0.6335060220637885,0.16178017452032117,10000,0
hc2,all,all/nmax,R_W,truth_mean,0.8343816427366563,0.679881890596413,0.9516633759196389,10000,0
hc2,all,all/nmax,R_W,prediction_mean,0.8046832591610978,0.747945608511459,0.8619588299393873,10000,0
hc2,all,all/nmax,R_W,below_zero,0.0,0.0,0.0,10000,0
hc2,all,all/nmax,R_W,above_one,0.011904761904761904,0.0,0.03571428571428571,10000,0
hc2,all,role/in_sample,P_A,r2,0.9153475163771899,0.7390609592384333,0.9649683745745005,10000,0
hc2,all,role/in_sample,P_A,mae,0.05922053197044708,0.04535320538260345,0.07500908276615105,10000,0
hc2,all,role/in_sample,P_A,mse,0.00506332692323853,0.0028912569356534614,0.007742288308120684,10000,0
hc2,all,role/in_sample,P_A,rho,0.9579090739058335,0.8688983943393637,0.9845263273127999,10000,0
hc2,all,role/in_sample,P_A,truth_mean,0.5721108280198293,0.44941064630448924,0.6887115830484011,10000,0
hc2,all,role/in_sample,P_A,prediction_mean,0.5720527596449101,0.45388908804356337,0.68098880380846,10000,0
hc2,all,role/in_sample,P_A,below_zero,0.03571428571428571,0.0,0.10714285714285714,10000,0
hc2,all,role/in_sample,P_A,above_one,0.0,0.0,0.0,10000,0
hc2,all,role/in_sample,R_A,r2,0.9958845532133391,0.9610773980213877,0.9985762638563959,10000,0
hc2,all,role/in_sample,R_A,mae,0.012816582998383569,0.009608644034070999,0.016282719400820055,10000,0
hc2,all,role/in_sample,R_A,mse,0.0002784679115912292,0.0001516504461874718,0.00043114495592642006,10000,0
hc2,all,role/in_sample,R_A,rho,0.9979848978229309,0.9861141116014646,0.999320381791349,10000,0
hc2,all,role/in_sample,R_A,truth_mean,0.8435364430191894,0.701984839640162,0.9527214799550049,10000,0
hc2,all,role/in_sample,R_A,prediction_mean,0.8411369409197714,0.7002043794907878,0.9516974455520064,10000,0
hc2,all,role/in_sample,R_A,below_zero,0.03571428571428571,0.0,0.10714285714285714,10000,0
hc2,all,role/in_sample,R_A,above_one,0.17857142857142858,0.05952380952380952,0.30952380952380953,10000,0
hc2,all,role/in_sample,P_W,r2,0.9330342793707663,0.8301618233793376,0.9648116706198909,10000,0
hc2,all,role/in_sample,P_W,mae,0.05433433066488252,0.03979765702067726,0.06914210791641423,10000,0
hc2,all,role/in_sample,P_W,mse,0.00484098824888098,0.002535236446513568,0.007501520596453403,10000,0
hc2,all,role/in_sample,P_W,rho,0.9783668909519816,0.9318993230674165,0.992748365079275,10000,0
hc2,all,role/in_sample,P_W,truth_mean,0.6022975152176155,0.46253475120244747,0.7373190147595562,10000,0
hc2,all,role/in_sample,P_W,prediction_mean,0.6023555835925347,0.48461697076623816,0.7120242369799974,10000,0
hc2,all,role/in_sample,P_W,below_zero,0.0,0.0,0.0,10000,0
hc2,all,role/in_sample,P_W,above_one,0.0,0.0,0.0,10000,0
hc2,all,role/in_sample,R_W,r2,0.9919092009829424,0.9534259785419559,0.9978750433216025,10000,0
hc2,all,role/in_sample,R_W,mae,0.013441854877937741,0.007333509534820694,0.021693351476953473,10000,0
hc2,all,role/in_sample,R_W,mse,0.0006218029341248631,0.00012237598275699623,0.0014579490500041916,10000,0
hc2,all,role/in_sample,R_W,rho,0.9966003828635626,0.9867831882753818,0.9990999644571325,10000,0
hc2,all,role/in_sample,R_W,truth_mean,0.8343816427366563,0.679881890596413,0.9516633759196389,10000,0
hc2,all,role/in_sample,R_W,prediction_mean,0.8367811448360739,0.684848103776431,0.9492095357710282,10000,0
hc2,all,role/in_sample,R_W,below_zero,0.03571428571428571,0.0,0.10714285714285714,10000,0
hc2,all,role/in_sample,R_W,above_one,0.13095238095238096,0.023809523809523808,0.2857142857142857,10000,0
hc2,all,role/n4,P_A,r2,-0.6178505388104925,-3.261153966651645,0.2408890389558566,10000,0
hc2,all,role/n4,P_A,mae,0.24250413008423014,0.14924515070251793,0.34143331832326257,10000,0
hc2,all,role/n4,P_A,mse,0.09676864564819251,0.041163973154480275,0.15776623032278042,10000,0
hc2,all,role/n4,P_A,rho,0.09041272544179446,-0.34763041156157337,0.5957682101328692,10000,0
hc2,all,role/n4,P_A,truth_mean,0.5721108280198293,0.44941064630448924,0.6887115830484011,10000,0
hc2,all,role/n4,P_A,prediction_mean,0.5264680921387265,0.42130350934045085,0.6340954385966194,10000,0
hc2,all,role/n4,P_A,below_zero,0.0,0.0,0.0,10000,0
hc2,all,role/n4,P_A,above_one,0.0,0.0,0.0,10000,0
hc2,all,role/n4,R_A,r2,-1.3576816759479802,-13.396686605668354,-0.45757875101872,10000,0
hc2,all,role/n4,R_A,mae,0.2893833160213747,0.15714632892115352,0.4363271772034003,10000,0
hc2,all,role/n4,R_A,mse,0.15953035637008947,0.0543536500681261,0.2884092133157229,10000,0
hc2,all,role/n4,R_A,rho,-0.3170702735586622,-0.5964999292845568,0.029321587347946897,10000,0
hc2,all,role/n4,R_A,truth_mean,0.8435364430191894,0.701984839640162,0.9527214799550049,10000,0
hc2,all,role/n4,R_A,prediction_mean,0.7957204192160974,0.6707353085046369,0.9050799940487021,10000,0
hc2,all,role/n4,R_A,below_zero,0.0,0.0,0.0,10000,0
hc2,all,role/n4,R_A,above_one,0.13095238095238096,0.0,0.2976190476190476,10000,0
hc2,all,role/n4,P_W,r2,-0.37122775195742874,-2.565101156734122,0.3722476034822404,10000,0
hc2,all,role/n4,P_W,mae,0.24597815366592293,0.14958087664097908,0.3478428510495755,10000,0
hc2,all,role/n4,P_W,mse,0.09912679758227752,0.04177648129584093,0.16462222109096308,10000,0
hc2,all,role/n4,P_W,rho,0.16125736577161445,-0.37327432078370876,0.667998046876953,10000,0
hc2,all,role/n4,P_W,truth_mean,0.6022975152176155,0.46253475120244747,0.7373190147595562,10000,0
hc2,all,role/n4,P_W,prediction_mean,0.5678099600355223,0.45991588718026943,0.6754147611535857,10000,0
hc2,all,role/n4,P_W,below_zero,0.0,0.0,0.0,10000,0
hc2,all,role/n4,P_W,above_one,0.0,0.0,0.0,10000,0
hc2,all,role/n4,R_W,r2,-1.1448202813297748,-15.293839233919764,-0.5132961161713,10000,0
hc2,all,role/n4,R_W,mae,0.3030741229708322,0.17484211387758247,0.4525807376627384,10000,0
hc2,all,role/n4,R_W,mse,0.16483607382777174,0.0554778265289678,0.3126207786599197,10000,0
hc2,all,role/n4,R_W,rho,-0.45294708230997155,-0.6760131136494943,-0.15025369636934535,10000,0
hc2,all,role/n4,R_W,truth_mean,0.8343816427366563,0.679881890596413,0.9516633759196389,10000,0
hc2,all,role/n4,R_W,prediction_mean,0.7811461100406072,0.675214973922482,0.87330480073879,10000,0
hc2,all,role/n4,R_W,below_zero,0.0,0.0,0.0,10000,0
hc2,all,role/n4,R_W,above_one,0.011904761904761904,0.0,0.03571428571428571,10000,0
hc2,all,role/n8,P_A,r2,-0.29971350438308697,-2.305543588555022,0.2814257145708569,10000,0
hc2,all,role/n8,P_A,mae,0.2223922611406673,0.13879645142272581,0.3081829222807149,10000,0
hc2,all,role/n8,P_A,mse,0.07773988544225453,0.035375146353303494,0.12493502810936974,10000,0
hc2,all,role/n8,P_A,rho,0.14039215485132708,-0.3034387409832183,0.6435602657825709,10000,0
hc2,all,role/n8,P_A,truth_mean,0.5721108280198293,0.44941064630448924,0.6887115830484011,10000,0
hc2,all,role/n8,P_A,prediction_mean,0.5433576244427314,0.4535564465811778,0.6270475467117208,10000,0
hc2,all,role/n8,P_A,below_zero,0.0,0.0,0.0,10000,0
hc2,all,role/n8,P_A,above_one,0.0,0.0,0.0,10000,0
hc2,all,role/n8,R_A,r2,-0.915678169256396,-8.504239430221544,-0.2939191764365461,10000,0
hc2,all,role/n8,R_A,mae,0.25510084387756915,0.1378462889078205,0.38760906550359114,10000,0
hc2,all,role/n8,R_A,mse,0.12962259670147955,0.04069857630600058,0.2454802087481489,10000,0
hc2,all,role/n8,R_A,rho,-0.19616259585677415,-0.522713994679581,0.14461277867544972,10000,0
hc2,all,role/n8,R_A,truth_mean,0.8435364430191894,0.701984839640162,0.9527214799550049,10000,0
hc2,all,role/n8,R_A,prediction_mean,0.8632172238554681,0.7586453075793727,0.9550102687500113,10000,0
hc2,all,role/n8,R_A,below_zero,0.0,0.0,0.0,10000,0
hc2,all,role/n8,R_A,above_one,0.21428571428571427,0.03571428571428571,0.4285714285714285,10000,0
hc2,all,role/n8,P_W,r2,-0.20947722345718933,-1.8069429369796979,0.288633773571565,10000,0
hc2,all,role/n8,P_W,mae,0.23402358756111655,0.1443355225864809,0.32870547545253553,10000,0
hc2,all,role/n8,P_W,mse,0.08743376418605187,0.03779100128681584,0.14304097176898267,10000,0
hc2,all,role/n8,P_W,rho,0.0761311290291348,-0.3706190364724394,0.786034178115722,10000,0
hc2,all,role/n8,P_W,truth_mean,0.6022975152176155,0.46253475120244747,0.7373190147595562,10000,0
hc2,all,role/n8,P_W,prediction_mean,0.5744026892746097,0.4963845502782153,0.6445858054019279,10000,0
hc2,all,role/n8,P_W,below_zero,0.0,0.0,0.0,10000,0
hc2,all,role/n8,P_W,above_one,0.0,0.0,0.0,10000,0
hc2,all,role/n8,R_W,r2,-0.936795058846208,-8.60284158698499,-0.5871593131247056,10000,0
hc2,all,role/n8,R_W,mae,0.27340997658330546,0.15125860983696296,0.42678541749705085,10000,0
hc2,all,role/n8,R_W,mse,0.14884869193390032,0.04141800749407447,0.31392118229039573,10000,0
hc2,all,role/n8,R_W,rho,-0.5139448903729065,-0.7459107058867822,-0.10637435144004294,10000,0
hc2,all,role/n8,R_W,truth_mean,0.8343816427366563,0.679881890596413,0.9516633759196389,10000,0
hc2,all,role/n8,R_W,prediction_mean,0.8380357382524949,0.7538493654773529,0.9177467808360666,10000,0
hc2,all,role/n8,R_W,below_zero,0.0,0.0,0.0,10000,0
hc2,all,role/n8,R_W,above_one,0.22619047619047622,0.023809523809523808,0.45238095238095233,10000,0
hc2,all,role/n12,P_A,r2,-0.5035275373094488,-2.754864273787663,0.09388838086461775,10000,0
hc2,all,role/n12,P_A,mae,0.2517675896356603,0.17072314464096772,0.33251787412877026,10000,0
hc2,all,role/n12,P_A,mse,0.08993063326305208,0.04765916465802873,0.13575207533922065,10000,0
hc2,all,role/n12,P_A,rho,0.08005774329436478,-0.3145815158522854,0.45159717454873016,10000,0
hc2,all,role/n12,P_A,truth_mean,0.5721108280198293,0.44941064630448924,0.6887115830484011,10000,0
hc2,all,role/n12,P_A,prediction_mean,0.5500351808353516,0.44678707652288,0.6440392132654162,10000,0
hc2,all,role/n12,P_A,below_zero,0.0,0.0,0.0,10000,0
hc2,all,role/n12,P_A,above_one,0.0,0.0,0.0,10000,0
hc2,all,role/n12,R_A,r2,-1.2405182157012717,-8.793373338569815,-0.5785867427189461,10000,0
hc2,all,role/n12,R_A,mae,0.2819563700773717,0.162934189364534,0.4183918370249809,10000,0
hc2,all,role/n12,R_A,mse,0.15160259887958988,0.05120635372386465,0.2830436123365245,10000,0
hc2,all,role/n12,R_A,rho,-0.34399417990512204,-0.6344801491451872,-0.022953809589167345,10000,0
hc2,all,role/n12,R_A,truth_mean,0.8435364430191894,0.701984839640162,0.9527214799550049,10000,0
hc2,all,role/n12,R_A,prediction_mean,0.8683485513623913,0.7577212682555502,0.9668722373464894,10000,0
hc2,all,role/n12,R_A,below_zero,0.0,0.0,0.0,10000,0
hc2,all,role/n12,R_A,above_one,0.2976190476190476,0.10714285714285714,0.49999999999999994,10000,0
hc2,all,role/n12,P_W,r2,-0.28521617428020196,-2.0958836534526997,0.19893319036505983,10000,0
hc2,all,role/n12,P_W,mae,0.24943850815223456,0.16097773452952976,0.3398583331039426,10000,0
hc2,all,role/n12,P_W,mse,0.09290897400193367,0.04395178190160741,0.14885115738671514,10000,0
hc2,all,role/n12,P_W,rho,0.0819033238741236,-0.30066559861754305,0.5331496737313289,10000,0
hc2,all,role/n12,P_W,truth_mean,0.6022975152176155,0.46253475120244747,0.7373190147595562,10000,0
hc2,all,role/n12,P_W,prediction_mean,0.5727379616505084,0.4816106024213574,0.651829536686456,10000,0
hc2,all,role/n12,P_W,below_zero,0.0,0.0,0.0,10000,0
hc2,all,role/n12,P_W,above_one,0.0,0.0,0.0,10000,0
hc2,all,role/n12,R_W,r2,-0.8231203032620744,-8.140269497828026,-0.5018599545068794,10000,0
hc2,all,role/n12,R_W,mae,0.2724886645065699,0.16025278172637578,0.41776613435021276,10000,0
hc2,all,role/n12,R_W,mse,0.1401124353034833,0.03984188212440673,0.29409853563744487,10000,0
hc2,all,role/n12,R_W,rho,-0.49525815396825323,-0.6987025962736257,-0.12413001880547872,10000,0
hc2,all,role/n12,R_W,truth_mean,0.8343816427366563,0.679881890596413,0.9516633759196389,10000,0
hc2,all,role/n12,R_W,prediction_mean,0.8292592156295759,0.7526797095052892,0.8985539932516597,10000,0
hc2,all,role/n12,R_W,below_zero,0.0,0.0,0.0,10000,0
hc2,all,role/n12,R_W,above_one,0.08333333333333333,0.0,0.19047619047619047,10000,0
hc2,all,role/nmax,P_A,r2,-0.4084650858607677,-2.4434356341236354,0.1269619691900064,10000,0
hc2,all,role/nmax,P_A,mae,0.24488018074898368,0.1676642693362951,0.32272384414145383,10000,0
hc2,all,role/nmax,P_A,mse,0.08424465396026096,0.04363228244996503,0.12808152012551127,10000,0
hc2,all,role/nmax,P_A,rho,0.09572855175585483,-0.31059898579275746,0.45612255237106536,10000,0
hc2,all,role/nmax,P_A,truth_mean,0.5721108280198293,0.44941064630448924,0.6887115830484011,10000,0
hc2,all,role/nmax,P_A,prediction_mean,0.5660052769497425,0.4671113337624761,0.6526867514916218,10000,0
hc2,all,role/nmax,P_A,below_zero,0.0,0.0,0.0,10000,0
hc2,all,role/nmax,P_A,above_one,0.0,0.0,0.0,10000,0
hc2,all,role/nmax,R_A,r2,-1.0580422275064012,-8.18560458929809,-0.428355275636904,10000,0
hc2,all,role/nmax,R_A,mae,0.26970069012504116,0.15501512218010796,0.4019763626826053,10000,0
hc2,all,role/nmax,R_A,mse,0.1392555294161064,0.046655177441658605,0.25986453862261627,10000,0
hc2,all,role/nmax,R_A,rho,-0.2849386008087345,-0.5870313756051021,0.011738222534431091,10000,0
hc2,all,role/nmax,R_A,truth_mean,0.8435364430191894,0.701984839640162,0.9527214799550049,10000,0
hc2,all,role/nmax,R_A,prediction_mean,0.869687598621794,0.7644416614956662,0.9611721067741986,10000,0
hc2,all,role/nmax,R_A,below_zero,0.0,0.0,0.0,10000,0
hc2,all,role/nmax,R_A,above_one,0.2261904761904762,0.07142857142857142,0.41666666666666663,10000,0
hc2,all,role/nmax,P_W,r2,-0.29601727708291126,-1.8974908302022246,0.12824491640025798,10000,0
hc2,all,role/nmax,P_W,mae,0.2487079338355957,0.16016486951318262,0.3411205062256364,10000,0
hc2,all,role/nmax,P_W,mse,0.09368979157921879,0.04369503918630859,0.1516122557625385,10000,0
hc2,all,role/nmax,P_W,rho,0.009268684233249386,-0.3256268887212509,0.43126391140556736,10000,0
hc2,all,role/nmax,P_W,truth_mean,0.6022975152176155,0.46253475120244747,0.7373190147595562,10000,0
hc2,all,role/nmax,P_W,prediction_mean,0.592390181825727,0.5067949374624402,0.6598182996140112,10000,0
hc2,all,role/nmax,P_W,below_zero,0.0,0.0,0.0,10000,0
hc2,all,role/nmax,P_W,above_one,0.0,0.0,0.0,10000,0
hc2,all,role/nmax,R_W,r2,-0.8810509636386461,-7.782428088018223,-0.5831254854626593,10000,0
hc2,all,role/nmax,R_W,mae,0.27212563367087855,0.15678477349994283,0.4237493060089602,10000,0
hc2,all,role/nmax,R_W,mse,0.1445645857674857,0.04004083542567199,0.31091040484437854,10000,0
hc2,all,role/nmax,R_W,rho,-0.505175210960452,-0.7294600084184628,-0.07357150623438664,10000,0
hc2,all,role/nmax,R_W,truth_mean,0.8343816427366563,0.679881890596413,0.9516633759196389,10000,0
hc2,all,role/nmax,R_W,prediction_mean,0.8390118652427052,0.7587991150487253,0.9133688041996448,10000,0
hc2,all,role/nmax,R_W,below_zero,0.0,0.0,0.0,10000,0
hc2,all,role/nmax,R_W,above_one,0.10714285714285714,0.0,0.26190476190476186,10000,0
hc2,corrupt,all/in_sample,P_A,r2,0.7241254584350623,0.39271483695696063,0.8213320895606997,10000,0
hc2,corrupt,all/in_sample,P_A,mae,0.11108598255363115,0.08456958402357798,0.1380600254116957,10000,0
hc2,corrupt,all/in_sample,P_A,mse,0.016714353603098503,0.009993813260613698,0.023946874433821097,10000,0
hc2,corrupt,all/in_sample,P_A,rho,0.8868843366076992,0.6744623283953849,0.9591768652125457,10000,0
hc2,corrupt,all/in_sample,P_A,truth_mean,0.5765218961612072,0.45400838509161934,0.6932809268308938,10000,0
hc2,corrupt,all/in_sample,P_A,prediction_mean,0.5604602831209029,0.47840316766726626,0.6389197825426424,10000,0
hc2,corrupt,all/in_sample,P_A,below_zero,0.0,0.0,0.0,10000,0
hc2,corrupt,all/in_sample,P_A,above_one,0.0,0.0,0.0,10000,0
hc2,corrupt,all/in_sample,R_A,r2,0.8823038594113607,0.0934548729743076,0.9537606459086582,10000,0
hc2,corrupt,all/in_sample,R_A,mae,0.06568199658151554,0.042991435240174,0.0896495226170133,10000,0
hc2,corrupt,all/in_sample,R_A,mse,0.007693783563495606,0.003872647769257519,0.011968057676396443,10000,0
hc2,corrupt,all/in_sample,R_A,rho,0.9443036293000976,0.6557985272967773,0.9786327922038648,10000,0
hc2,corrupt,all/in_sample,R_A,truth_mean,0.8449580608401803,0.7070379408800805,0.9519493798735519,10000,0
hc2,corrupt,all/in_sample,R_A,prediction_mean,0.825378296910071,0.7079595727507544,0.9146098435110841,10000,0
hc2,corrupt,all/in_sample,R_A,below_zero,0.028571428571428574,0.0,0.08571428571428572,10000,0
hc2,corrupt,all/in_sample,R_A,above_one,0.09999999999999999,0.0,0.24285714285714283,10000,0
hc2,corrupt,all/in_sample,P_W,r2,0.6935377510354623,0.382027388928455,0.7878724944328097,10000,0
hc2,corrupt,all/in_sample,P_W,mae,0.12247328611207327,0.08439702642244526,0.1618044425742487,10000,0
hc2,corrupt,all/in_sample,P_W,mse,0.022362773266765047,0.011406158787769554,0.03485591122923877,10000,0
hc2,corrupt,all/in_sample,P_W,rho,0.8970619712350372,0.6780965787328502,0.97251223287367,10000,0
hc2,corrupt,all/in_sample,P_W,truth_mean,0.6025626954806602,0.4616926076143896,0.7376744874684152,10000,0
hc2,corrupt,all/in_sample,P_W,prediction_mean,0.6015552002968498,0.5215261751377149,0.6779265882818313,10000,0
hc2,corrupt,all/in_sample,P_W,below_zero,0.0,0.0,0.0,10000,0
hc2,corrupt,all/in_sample,P_W,above_one,0.0,0.0,0.0,10000,0
hc2,corrupt,all/in_sample,R_W,r2,0.8499476915856385,-0.03042116941353284,0.9132087945836571,10000,0
hc2,corrupt,all/in_sample,R_W,mae,0.08415041470580173,0.05898865402556932,0.11075799214194339,10000,0
hc2,corrupt,all/in_sample,R_W,mse,0.011639895198699448,0.00573022388771851,0.01870333731653368,10000,0
hc2,corrupt,all/in_sample,R_W,rho,0.9471010583378996,0.732961054391518,0.9782331212928667,10000,0
hc2,corrupt,all/in_sample,R_W,truth_mean,0.8308827977619012,0.6745702268265755,0.9496015597843305,10000,0
hc2,corrupt,all/in_sample,R_W,prediction_mean,0.8153641458479294,0.699345557112894,0.898759968175515,10000,0
hc2,corrupt,all/in_sample,R_W,below_zero,0.0,0.0,0.0,10000,0
hc2,corrupt,all/in_sample,R_W,above_one,0.028571428571428574,0.0,0.07142857142857142,10000,0
hc2,corrupt,all/n4,P_A,r2,-0.49699938469191096,-3.165246759328253,0.41140183493535604,10000,0
hc2,corrupt,all/n4,P_A,mae,0.24028141201801811,0.15146425178982625,0.33553138474197175,10000,0
hc2,corrupt,all/n4,P_A,mse,0.09069839107814785,0.037956052509002525,0.1492985236501886,10000,0
hc2,corrupt,all/n4,P_A,rho,0.2453953852831389,-0.3195663431737409,0.7479382076288368,10000,0
hc2,corrupt,all/n4,P_A,truth_mean,0.5765218961612072,0.45400838509161934,0.6932809268308938,10000,0
hc2,corrupt,all/n4,P_A,prediction_mean,0.5069419683327696,0.3885103162839157,0.6239742305818872,10000,0
hc2,corrupt,all/n4,P_A,below_zero,0.0,0.0,0.0,10000,0
hc2,corrupt,all/n4,P_A,above_one,0.0,0.0,0.0,10000,0
hc2,corrupt,all/n4,R_A,r2,-0.47346323732568885,-10.98032571337222,0.43473265925522664,10000,0
hc2,corrupt,all/n4,R_A,mae,0.25380249985422376,0.16899152661430716,0.3456708678426507,10000,0
hc2,corrupt,all/n4,R_A,mse,0.09632012723657378,0.04653509804940104,0.15599733705369787,10000,0
hc2,corrupt,all/n4,R_A,rho,0.2665459389265642,-0.5395967019523059,0.6991851851746286,10000,0
hc2,corrupt,all/n4,R_A,truth_mean,0.8449580608401803,0.7070379408800805,0.9519493798735519,10000,0
hc2,corrupt,all/n4,R_A,prediction_mean,0.7238026685336606,0.6231023804830341,0.8270148480637658,10000,0
hc2,corrupt,all/n4,R_A,below_zero,0.0,0.0,0.0,10000,0
hc2,corrupt,all/n4,R_A,above_one,0.07142857142857142,0.0,0.21428571428571427,10000,0
hc2,corrupt,all/n4,P_W,r2,-0.3734312290356585,-2.679013017906001,0.4713553888396512,10000,0
hc2,corrupt,all/n4,P_W,mae,0.24997622354506424,0.1547119003633706,0.35083378722420244,10000,0
hc2,corrupt,all/n4,P_W,mse,0.10022027599220851,0.039626020974369874,0.17018308281941513,10000,0
hc2,corrupt,all/n4,P_W,rho,0.23669470848527965,-0.3773755233884909,0.7469900114109639,10000,0
hc2,corrupt,all/n4,P_W,truth_mean,0.6025626954806602,0.4616926076143896,0.7376744874684152,10000,0
hc2,corrupt,all/n4,P_W,prediction_mean,0.555069346912089,0.4310618194881899,0.6771182061710729,10000,0
hc2,corrupt,all/n4,P_W,below_zero,0.0,0.0,0.0,10000,0
hc2,corrupt,all/n4,P_W,above_one,0.0,0.0,0.0,10000,0
hc2,corrupt,all/n4,R_W,r2,-0.5663797450175101,-13.605061872236304,0.19517908095125444,10000,0
hc2,corrupt,all/n4,R_W,mae,0.2736249722077286,0.17039394594416762,0.3856456006977642,10000,0
hc2,corrupt,all/n4,R_W,mse,0.12150760135606387,0.05324307706755236,0.20725880619497444,10000,0
hc2,corrupt,all/n4,R_W,rho,-0.04369449571302777,-0.683268776402573,0.49371634131241804,10000,0
hc2,corrupt,all/n4,R_W,truth_mean,0.8308827977619012,0.6745702268265755,0.9496015597843305,10000,0
hc2,corrupt,all/n4,R_W,prediction_mean,0.7318050464716588,0.6401805724801054,0.8127212503457957,10000,0
hc2,corrupt,all/n4,R_W,below_zero,0.0,0.0,0.0,10000,0
hc2,corrupt,all/n4,R_W,above_one,0.014285714285714287,0.0,0.04285714285714286,10000,0
hc2,corrupt,all/n8,P_A,r2,-0.11049625311484035,-1.5290638387002353,0.2887645331639002,10000,0
hc2,corrupt,all/n8,P_A,mae,0.22348634863128963,0.16016225279823623,0.2859456976563836,10000,0
hc2,corrupt,all/n8,P_A,mse,0.06728140604851104,0.03743286609593779,0.0994300139661091,10000,0
hc2,corrupt,all/n8,P_A,rho,0.23607186568958027,-0.24442930503204124,0.6354378954751339,10000,0
hc2,corrupt,all/n8,P_A,truth_mean,0.5765218961612072,0.45400838509161934,0.6932809268308938,10000,0
hc2,corrupt,all/n8,P_A,prediction_mean,0.5196511698177119,0.44926577003301066,0.5879704437420173,10000,0
hc2,corrupt,all/n8,P_A,below_zero,0.0,0.0,0.0,10000,0
hc2,corrupt,all/n8,P_A,above_one,0.0,0.0,0.0,10000,0
hc2,corrupt,all/n8,R_A,r2,-0.3739260058548046,-8.379322173990277,0.36020050598849657,10000,0
hc2,corrupt,all/n8,R_A,mae,0.24536363793211652,0.1652564129506434,0.33022607722389713,10000,0
hc2,corrupt,all/n8,R_A,mse,0.08981338953373641,0.04370110042948548,0.14156175595403647,10000,0
hc2,corrupt,all/n8,R_A,rho,0.23513212041153198,-0.5568134573970364,0.6309120346927168,10000,0
hc2,corrupt,all/n8,R_A,truth_mean,0.8449580608401803,0.7070379408800805,0.9519493798735519,10000,0
hc2,corrupt,all/n8,R_A,prediction_mean,0.7909438079101918,0.693306940149932,0.8979970105061967,10000,0
hc2,corrupt,all/n8,R_A,below_zero,0.0,0.0,0.0,10000,0
hc2,corrupt,all/n8,R_A,above_one,0.15714285714285717,0.0,0.3574999999999948,10000,0
hc2,corrupt,all/n8,P_W,r2,-0.1334501216125188,-1.2676449715706701,0.16893195583770051,10000,0
hc2,corrupt,all/n8,P_W,mae,0.24838646872818457,0.17887888595065904,0.3235771628952132,10000,0
hc2,corrupt,all/n8,P_W,mse,0.0827086799906016,0.041870852027415736,0.1294272789392134,10000,0
hc2,corrupt,all/n8,P_W,rho,0.09281895341415912,-0.35585154429821964,0.5457710372784593,10000,0
hc2,corrupt,all/n8,P_W,truth_mean,0.6025626954806602,0.4616926076143896,0.7376744874684152,10000,0
hc2,corrupt,all/n8,P_W,prediction_mean,0.5676442093334895,0.5029604918963317,0.6262077523935219,10000,0
hc2,corrupt,all/n8,P_W,below_zero,0.0,0.0,0.0,10000,0
hc2,corrupt,all/n8,P_W,above_one,0.0,0.0,0.0,10000,0
hc2,corrupt,all/n8,R_W,r2,-0.5874527516260584,-11.593176784678377,-0.10656363386150106,10000,0
hc2,corrupt,all/n8,R_W,mae,0.2915224644280397,0.2042526466470033,0.39016491666620934,10000,0
hc2,corrupt,all/n8,R_W,mse,0.1231422818953839,0.06023264852600857,0.20513516684520658,10000,0
hc2,corrupt,all/n8,R_W,rho,-0.2219037562176596,-0.7538195416607895,0.11478884272071664,10000,0
hc2,corrupt,all/n8,R_W,truth_mean,0.8308827977619012,0.6745702268265755,0.9496015597843305,10000,0
hc2,corrupt,all/n8,R_W,prediction_mean,0.7772361433815298,0.7104907749191891,0.8499268425511739,10000,0
hc2,corrupt,all/n8,R_W,below_zero,0.0,0.0,0.0,10000,0
hc2,corrupt,all/n8,R_W,above_one,0.14285714285714285,0.0,0.3571428571428571,10000,0
hc2,corrupt,all/n12,P_A,r2,-0.1757804045454503,-1.5785699877258799,0.2405565866903631,10000,0
hc2,corrupt,all/n12,P_A,mae,0.223740822004625,0.15529143770492762,0.29285049606362645,10000,0
hc2,corrupt,all/n12,P_A,mse,0.07123676338413018,0.03772199800759751,0.10750212384870118,10000,0
hc2,corrupt,all/n12,P_A,rho,0.15672238118261625,-0.29135904634943777,0.5519789985411689,10000,0
hc2,corrupt,all/n12,P_A,truth_mean,0.5765218961612072,0.45400838509161934,0.6932809268308938,10000,0
hc2,corrupt,all/n12,P_A,prediction_mean,0.5455472335179712,0.47085266414631294,0.6169741049099646,10000,0
hc2,corrupt,all/n12,P_A,below_zero,0.0,0.0,0.0,10000,0
hc2,corrupt,all/n12,P_A,above_one,0.0,0.0,0.0,10000,0
hc2,corrupt,all/n12,R_A,r2,-0.20978895498379768,-6.511847648348503,0.28012263185757774,10000,0
hc2,corrupt,all/n12,R_A,mae,0.23221164357424695,0.1582160795235721,0.31159045366792787,10000,0
hc2,corrupt,all/n12,R_A,mse,0.07908376885258137,0.03857162280289714,0.12560303079564322,10000,0
hc2,corrupt,all/n12,R_A,rho,0.22261557297099854,-0.46929768690833545,0.5785971102279975,10000,0
hc2,corrupt,all/n12,R_A,truth_mean,0.8449580608401803,0.7070379408800805,0.9519493798735519,10000,0
hc2,corrupt,all/n12,R_A,prediction_mean,0.7993230065435313,0.7203051262095195,0.8872328496639929,10000,0
hc2,corrupt,all/n12,R_A,below_zero,0.0,0.0,0.0,10000,0
hc2,corrupt,all/n12,R_A,above_one,0.08571428571428572,0.0,0.24285714285714285,10000,0
hc2,corrupt,all/n12,P_W,r2,-0.19655533136583658,-1.3977281094568124,0.15137248508634768,10000,0
hc2,corrupt,all/n12,P_W,mae,0.24781929813168538,0.1676360334631459,0.32958022131836917,10000,0
hc2,corrupt,all/n12,P_W,mse,0.0873135130570991,0.04334294161854081,0.13709439748303245,10000,0
hc2,corrupt,all/n12,P_W,rho,0.024588467966407995,-0.4121258982225258,0.4768705810526977,10000,0
hc2,corrupt,all/n12,P_W,truth_mean,0.6025626954806602,0.4616926076143896,0.7376744874684152,10000,0
hc2,corrupt,all/n12,P_W,prediction_mean,0.5886641647919657,0.5217378561332318,0.6501423244691621,10000,0
hc2,corrupt,all/n12,P_W,below_zero,0.0,0.0,0.0,10000,0
hc2,corrupt,all/n12,P_W,above_one,0.0,0.0,0.0,10000,0
hc2,corrupt,all/n12,R_W,r2,-0.3468263463943497,-8.656857598356174,-0.05025031647056444,10000,0
hc2,corrupt,all/n12,R_W,mae,0.26226693912516585,0.18015943206697563,0.36028884451049664,10000,0
hc2,corrupt,all/n12,R_W,mse,0.10447635020440031,0.048735090601559304,0.18686553760987426,10000,0
hc2,corrupt,all/n12,R_W,rho,-0.14894518207211338,-0.6665786523823981,0.15722721367465778,10000,0
hc2,corrupt,all/n12,R_W,truth_mean,0.8308827977619012,0.6745702268265755,0.9496015597843305,10000,0
hc2,corrupt,all/n12,R_W,prediction_mean,0.7863642998543275,0.7357016215976586,0.8385848280430221,10000,0
hc2,corrupt,all/n12,R_W,below_zero,0.0,0.0,0.0,10000,0
hc2,corrupt,all/n12,R_W,above_one,0.0,0.0,0.0,10000,0
hc2,corrupt,all/nmax,P_A,r2,-0.11108302363297828,-1.3766127621053712,0.25741683954018707,10000,0
hc2,corrupt,all/nmax,P_A,mae,0.21817908729625163,0.15361694594157949,0.28475348683951784,10000,0
hc2,corrupt,all/nmax,P_A,mse,0.06731695659213278,0.03502366922788472,0.10280526375659665,10000,0
hc2,corrupt,all/nmax,P_A,rho,0.18343120436726937,-0.24685544619473293,0.5687746427766495,10000,0
hc2,corrupt,all/nmax,P_A,truth_mean,0.5765218961612072,0.45400838509161934,0.6932809268308938,10000,0
hc2,corrupt,all/nmax,P_A,prediction_mean,0.5564953483897676,0.48486637327230686,0.6222958215548011,10000,0
hc2,corrupt,all/nmax,P_A,below_zero,0.0,0.0,0.0,10000,0
hc2,corrupt,all/nmax,P_A,above_one,0.0,0.0,0.0,10000,0
hc2,corrupt,all/nmax,R_A,r2,-0.23638884834968055,-6.234197118788484,0.2539878004048855,10000,0
hc2,corrupt,all/nmax,R_A,mae,0.23303103213113316,0.15579241063274651,0.3156419696576605,10000,0
hc2,corrupt,all/nmax,R_A,mse,0.08082260091067282,0.03768832497109527,0.13084776146209992,10000,0
hc2,corrupt,all/nmax,R_A,rho,0.179957033214055,-0.5033983940614061,0.5587186434808843,10000,0
hc2,corrupt,all/nmax,R_A,truth_mean,0.8449580608401803,0.7070379408800805,0.9519493798735519,10000,0
hc2,corrupt,all/nmax,R_A,prediction_mean,0.813268409597036,0.7345695991924986,0.8973244571253823,10000,0
hc2,corrupt,all/nmax,R_A,below_zero,0.0,0.0,0.0,10000,0
hc2,corrupt,all/nmax,R_A,above_one,0.09999999999999999,0.0,0.2571428571428571,10000,0
hc2,corrupt,all/nmax,P_W,r2,-0.15265332138068155,-1.2829921495680956,0.1596312385638334,10000,0
hc2,corrupt,all/nmax,P_W,mae,0.24513133205826268,0.16938023763888155,0.3242357060055089,10000,0
hc2,corrupt,all/nmax,P_W,mse,0.08410995144854717,0.04195638756190189,0.13290209784066728,10000,0
hc2,corrupt,all/nmax,P_W,rho,0.03985785591528306,-0.3879873852942522,0.5022233018621918,10000,0
hc2,corrupt,all/nmax,P_W,truth_mean,0.6025626954806602,0.4616926076143896,0.7376744874684152,10000,0
hc2,corrupt,all/nmax,P_W,prediction_mean,0.5995205654340184,0.5362262725687227,0.6549243030692089,10000,0
hc2,corrupt,all/nmax,P_W,below_zero,0.0,0.0,0.0,10000,0
hc2,corrupt,all/nmax,P_W,above_one,0.0,0.0,0.0,10000,0
hc2,corrupt,all/nmax,R_W,r2,-0.384787601486676,-8.52893391708306,-0.09750044601498566,10000,0
hc2,corrupt,all/nmax,R_W,mae,0.2675869896760919,0.18781157547603775,0.36657123507497597,10000,0
hc2,corrupt,all/nmax,R_W,mse,0.10742109017911357,0.047868671207326054,0.19618281895065107,10000,0
hc2,corrupt,all/nmax,R_W,rho,-0.17063497894979074,-0.6341254665687923,0.11478158122764807,10000,0
hc2,corrupt,all/nmax,R_W,truth_mean,0.8308827977619012,0.6745702268265755,0.9496015597843305,10000,0
hc2,corrupt,all/nmax,R_W,prediction_mean,0.8023105503215364,0.745382517806733,0.860015552924357,10000,0
hc2,corrupt,all/nmax,R_W,below_zero,0.0,0.0,0.0,10000,0
hc2,corrupt,all/nmax,R_W,above_one,0.014285714285714287,0.0,0.04285714285714286,10000,0
hc2,corrupt,role/in_sample,P_A,r2,0.9136158078488232,0.7484952239100274,0.9637842169438062,10000,0
hc2,corrupt,role/in_sample,P_A,mae,0.06017437567764664,0.04599224124777346,0.0759174974637249,10000,0
hc2,corrupt,role/in_sample,P_A,mse,0.005233741124288945,0.002956669457934141,0.007940593457937099,10000,0
hc2,corrupt,role/in_sample,P_A,rho,0.9575919786011705,0.8733219725031188,0.9842233438304873,10000,0
hc2,corrupt,role/in_sample,P_A,truth_mean,0.5765218961612072,0.45400838509161934,0.6932809268308938,10000,0
hc2,corrupt,role/in_sample,P_A,prediction_mean,0.5733874710425392,0.4559862848883648,0.6817293556781604,10000,0
hc2,corrupt,role/in_sample,P_A,below_zero,0.028571428571428574,0.0,0.08571428571428572,10000,0
hc2,corrupt,role/in_sample,P_A,above_one,0.0,0.0,0.0,10000,0
hc2,corrupt,role/in_sample,R_A,r2,0.9955901226299085,0.9617843249403532,0.9984593025395094,10000,0
hc2,corrupt,role/in_sample,R_A,mae,0.013037990229609596,0.009866753212747697,0.016377780494427906,10000,0
hc2,corrupt,role/in_sample,R_A,mse,0.0002882731910948985,0.00015994478251966262,0.00044690976795070064,10000,0
hc2,corrupt,role/in_sample,R_A,rho,0.9978740866182326,0.9860268363601168,0.9992632229341843,10000,0
hc2,corrupt,role/in_sample,R_A,truth_mean,0.8449580608401803,0.7070379408800805,0.9519493798735519,10000,0
hc2,corrupt,role/in_sample,R_A,prediction_mean,0.8418038950855724,0.7033714641638641,0.9498756070743101,10000,0
hc2,corrupt,role/in_sample,R_A,below_zero,0.028571428571428574,0.0,0.08571428571428572,10000,0
hc2,corrupt,role/in_sample,R_A,above_one,0.17142857142857143,0.05714285714285714,0.3142857142857143,10000,0
hc2,corrupt,role/in_sample,P_W,r2,0.9289277279293353,0.8211844290828114,0.9639113874240942,10000,0
hc2,corrupt,role/in_sample,P_W,mae,0.055763424926399664,0.038887665327155235,0.07355388195704303,10000,0
hc2,corrupt,role/in_sample,P_W,mse,0.005186195400054075,0.0024226568489781374,0.0084493772308833,10000,0
hc2,corrupt,role/in_sample,P_W,rho,0.9772656699528418,0.9291392791596322,0.9930472162056543,10000,0
hc2,corrupt,role/in_sample,P_W,truth_mean,0.6025626954806602,0.4616926076143896,0.7376744874684152,10000,0
hc2,corrupt,role/in_sample,P_W,prediction_mean,0.6014395471781505,0.484380893521934,0.7108747899576722,10000,0
hc2,corrupt,role/in_sample,P_W,below_zero,0.0,0.0,0.0,10000,0
hc2,corrupt,role/in_sample,P_W,above_one,0.0,0.0,0.0,10000,0
hc2,corrupt,role/in_sample,R_W,r2,0.9909614852023124,0.9530195653559212,0.9976686711022754,10000,0
hc2,corrupt,role/in_sample,R_W,mae,0.013879341431976226,0.007222625647453365,0.023213508442615934,10000,0
hc2,corrupt,role/in_sample,R_W,mse,0.0007011379305572066,0.00011812771561506065,0.0016885759007206928,10000,0
hc2,corrupt,role/in_sample,R_W,rho,0.9963493640387512,0.9881097684655613,0.999078635314379,10000,0
hc2,corrupt,role/in_sample,R_W,truth_mean,0.8308827977619012,0.6745702268265755,0.9496015597843305,10000,0
hc2,corrupt,role/in_sample,R_W,prediction_mean,0.8340740969883101,0.6832319751172699,0.9470598111721734,10000,0
hc2,corrupt,role/in_sample,R_W,below_zero,0.028571428571428574,0.0,0.08571428571428572,10000,0
hc2,corrupt,role/in_sample,R_W,above_one,0.12857142857142856,0.02857142857142857,0.2857142857142857,10000,0
hc2,corrupt,role/n4,P_A,r2,-0.6310263260998195,-3.2079567219259526,0.24350307007573524,10000,0
hc2,corrupt,role/n4,P_A,mae,0.24599211731873463,0.15259989355474415,0.34546027700399634,10000,0
hc2,corrupt,role/n4,P_A,mse,0.09881865356531264,0.042183569065975535,0.16172551489637785,10000,0
hc2,corrupt,role/n4,P_A,rho,0.08956922270466446,-0.3568827641362641,0.5978775108520596,10000,0
hc2,corrupt,role/n4,P_A,truth_mean,0.5765218961612072,0.45400838509161934,0.6932809268308938,10000,0
hc2,corrupt,role/n4,P_A,prediction_mean,0.5279278312601592,0.4220893849336905,0.6363268183261038,10000,0
hc2,corrupt,role/n4,P_A,below_zero,0.0,0.0,0.0,10000,0
hc2,corrupt,role/n4,P_A,above_one,0.0,0.0,0.0,10000,0
hc2,corrupt,role/n4,R_A,r2,-1.387468932811616,-13.074560084057634,-0.47522073142036586,10000,0
hc2,corrupt,role/n4,R_A,mae,0.28521616056845994,0.15456155791639367,0.4303876869479154,10000,0
hc2,corrupt,role/n4,R_A,mse,0.15606857745508318,0.05291746204235162,0.28308255499995355,10000,0
hc2,corrupt,role/n4,R_A,rho,-0.32288166758773945,-0.6006675476353543,0.02559213326300758,10000,0
hc2,corrupt,role/n4,R_A,truth_mean,0.8449580608401803,0.7070379408800805,0.9519493798735519,10000,0
hc2,corrupt,role/n4,R_A,prediction_mean,0.797884550773493,0.6744242338363462,0.9057877552557622,10000,0
hc2,corrupt,role/n4,R_A,below_zero,0.0,0.0,0.0,10000,0
hc2,corrupt,role/n4,R_A,above_one,0.12857142857142856,0.0,0.3,10000,0
hc2,corrupt,role/n4,P_W,r2,-0.3889345963541322,-2.5628265566866673,0.36499042802399806,10000,0
hc2,corrupt,role/n4,P_W,mae,0.24864003677640006,0.1509663856004608,0.3516973312273204,10000,0
hc2,corrupt,role/n4,P_W,mse,0.10135156798456911,0.04164735872544173,0.16904644881840847,10000,0
hc2,corrupt,role/n4,P_W,rho,0.14743228565154434,-0.3858370740496171,0.6648632905295997,10000,0
hc2,corrupt,role/n4,P_W,truth_mean,0.6025626954806602,0.4616926076143896,0.7376744874684152,10000,0
hc2,corrupt,role/n4,P_W,prediction_mean,0.5680913679427505,0.46020732357237315,0.6758157508134472,10000,0
hc2,corrupt,role/n4,P_W,below_zero,0.0,0.0,0.0,10000,0
hc2,corrupt,role/n4,P_W,above_one,0.0,0.0,0.0,10000,0
hc2,corrupt,role/n4,R_W,r2,-1.1415695440800455,-14.623094092331959,-0.4978408231698603,10000,0
hc2,corrupt,role/n4,R_W,mae,0.30454488423296444,0.17553462216638963,0.454060510648693,10000,0
hc2,corrupt,role/n4,R_W,mse,0.16612636831272146,0.05622520472114257,0.31316067442621914,10000,0
hc2,corrupt,role/n4,R_W,rho,-0.44702806017153107,-0.6727871891037324,-0.13929326359799962,10000,0
hc2,corrupt,role/n4,R_W,truth_mean,0.8308827977619012,0.6745702268265755,0.9496015597843305,10000,0
hc2,corrupt,role/n4,R_W,prediction_mean,0.7805081863620018,0.6732922900275102,0.8736539873620762,10000,0
hc2,corrupt,role/n4,R_W,below_zero,0.0,0.0,0.0,10000,0
hc2,corrupt,role/n4,R_W,above_one,0.014285714285714287,0.0,0.04285714285714286,10000,0
hc2,corrupt,role/n8,P_A,r2,-0.31231969243821855,-2.239350264778593,0.27883682820869693,10000,0
hc2,corrupt,role/n8,P_A,mae,0.22358002423408088,0.13850815415676793,0.31120614591736023,10000,0
hc2,corrupt,role/n8,P_A,mse,0.07950924088643642,0.036187031007267355,0.12839110116599742,10000,0
hc2,corrupt,role/n8,P_A,rho,0.12724662308190404,-0.31173130354200046,0.6455849315127588,10000,0
hc2,corrupt,role/n8,P_A,truth_mean,0.5765218961612072,0.45400838509161934,0.6932809268308938,10000,0
hc2,corrupt,role/n8,P_A,prediction_mean,0.5448609152261611,0.45581386502763094,0.6283300177207634,10000,0
hc2,corrupt,role/n8,P_A,below_zero,0.0,0.0,0.0,10000,0
hc2,corrupt,role/n8,P_A,above_one,0.0,0.0,0.0,10000,0
hc2,corrupt,role/n8,R_A,r2,-0.9780390587899992,-8.23449072453348,-0.3540096747420934,10000,0
hc2,corrupt,role/n8,R_A,mae,0.25476854050900405,0.13935191130809946,0.3855512901283828,10000,0
hc2,corrupt,role/n8,R_A,mse,0.12930419232404128,0.041695392081511254,0.24460095938485352,10000,0
hc2,corrupt,role/n8,R_A,rho,-0.22259772255166335,-0.542238121563194,0.10698660247259222,10000,0
hc2,corrupt,role/n8,R_A,truth_mean,0.8449580608401803,0.7070379408800805,0.9519493798735519,10000,0
hc2,corrupt,role/n8,R_A,prediction_mean,0.8652547511789056,0.762568025219388,0.9572713058049568,10000,0
hc2,corrupt,role/n8,R_A,below_zero,0.0,0.0,0.0,10000,0
hc2,corrupt,role/n8,R_A,above_one,0.21428571428571427,0.04285714285714285,0.41428571428571426,10000,0
hc2,corrupt,role/n8,P_W,r2,-0.2220070270181076,-1.8062018648570701,0.2865287310070904,10000,0
hc2,corrupt,role/n8,P_W,mae,0.2339361139967806,0.14116866492899716,0.33156021276338316,10000,0
hc2,corrupt,role/n8,P_W,mse,0.08917074180566287,0.0376689563245911,0.1474941223612672,10000,0
hc2,corrupt,role/n8,P_W,rho,0.06220553035128284,-0.3833119734306821,0.7788234866241335,10000,0
hc2,corrupt,role/n8,P_W,truth_mean,0.6025626954806602,0.4616926076143896,0.7376744874684152,10000,0
hc2,corrupt,role/n8,P_W,prediction_mean,0.5745760146257375,0.49632301933690803,0.6448625488287357,10000,0
hc2,corrupt,role/n8,P_W,below_zero,0.0,0.0,0.0,10000,0
hc2,corrupt,role/n8,P_W,above_one,0.0,0.0,0.0,10000,0
hc2,corrupt,role/n8,R_W,r2,-0.9534895208216934,-8.393873265189923,-0.586493386610156,10000,0
hc2,corrupt,role/n8,R_W,mae,0.2778855995002109,0.15550430072503654,0.43051980280983104,10000,0
hc2,corrupt,role/n8,R_W,mse,0.15153657770683004,0.043243629432932716,0.31673585254606046,10000,0
hc2,corrupt,role/n8,R_W,rho,-0.5089070786425595,-0.7419443732253759,-0.1059700468357592,10000,0
hc2,corrupt,role/n8,R_W,truth_mean,0.8308827977619012,0.6745702268265755,0.9496015597843305,10000,0
hc2,corrupt,role/n8,R_W,prediction_mean,0.8371640524411734,0.7507939946253934,0.9186253490260331,10000,0
hc2,corrupt,role/n8,R_W,below_zero,0.0,0.0,0.0,10000,0
hc2,corrupt,role/n8,R_W,above_one,0.2285714285714286,0.02857142857142857,0.4571428571428571,10000,0
hc2,corrupt,role/n12,P_A,r2,-0.5039404784639017,-2.6464497319864106,0.1009356365489881,10000,0
hc2,corrupt,role/n12,P_A,mae,0.25290693210477344,0.170686548327933,0.3345391496743741,10000,0
hc2,corrupt,role/n12,P_A,mse,0.09111892968616583,0.047918267200866525,0.1382146053036846,10000,0
hc2,corrupt,role/n12,P_A,rho,0.07661061079644936,-0.3166591445544015,0.45676484240910364,10000,0
hc2,corrupt,role/n12,P_A,truth_mean,0.5765218961612072,0.45400838509161934,0.6932809268308938,10000,0
hc2,corrupt,role/n12,P_A,prediction_mean,0.5505188835412406,0.44730784642776716,0.6449008703930825,10000,0
hc2,corrupt,role/n12,P_A,below_zero,0.0,0.0,0.0,10000,0
hc2,corrupt,role/n12,P_A,above_one,0.0,0.0,0.0,10000,0
hc2,corrupt,role/n12,R_A,r2,-1.2958872897378888,-8.698684105506734,-0.6352375423878975,10000,0
hc2,corrupt,role/n12,R_A,mae,0.28221862155733024,0.1661489369244207,0.41534074263445514,10000,0
hc2,corrupt,role/n12,R_A,mse,0.1500818956771203,0.052159619262938925,0.27979741363953403,10000,0
hc2,corrupt,role/n12,R_A,rho,-0.3522070335715211,-0.6394491996200528,-0.03386405941355847,10000,0
hc2,corrupt,role/n12,R_A,truth_mean,0.8449580608401803,0.7070379408800805,0.9519493798735519,10000,0
hc2,corrupt,role/n12,R_A,prediction_mean,0.868333911740805,0.7577948364862167,0.9672347770020333,10000,0
hc2,corrupt,role/n12,R_A,below_zero,0.0,0.0,0.0,10000,0
hc2,corrupt,role/n12,R_A,above_one,0.3,0.11428571428571427,0.5,10000,0
hc2,corrupt,role/n12,P_W,r2,-0.29739761543425947,-2.0898033789478925,0.1956887826237623,10000,0
hc2,corrupt,role/n12,P_W,mae,0.25022718982873476,0.15970657270597524,0.3428414220077385,10000,0
hc2,corrupt,role/n12,P_W,mse,0.09467204789114257,0.04437475895108342,0.15277940198538315,10000,0
hc2,corrupt,role/n12,P_W,rho,0.07304601943800285,-0.31210248814671226,0.5324159179423327,10000,0
hc2,corrupt,role/n12,P_W,truth_mean,0.6025626954806602,0.4616926076143896,0.7376744874684152,10000,0
hc2,corrupt,role/n12,P_W,prediction_mean,0.5722998831821081,0.48113024726633624,0.6524829420359759,10000,0
hc2,corrupt,role/n12,P_W,below_zero,0.0,0.0,0.0,10000,0
hc2,corrupt,role/n12,P_W,above_one,0.0,0.0,0.0,10000,0
hc2,corrupt,role/n12,R_W,r2,-0.8386202218483765,-7.942157688294999,-0.5062519796399398,10000,0
hc2,corrupt,role/n12,R_W,mae,0.2771170787366661,0.16451016187448034,0.42108490137571986,10000,0
hc2,corrupt,role/n12,R_W,mse,0.14262590771630085,0.04185043335957298,0.29623972129167603,10000,0
hc2,corrupt,role/n12,R_W,rho,-0.4892878458181284,-0.6938036365737978,-0.13643813949977804,10000,0
hc2,corrupt,role/n12,R_W,truth_mean,0.8308827977619012,0.6745702268265755,0.9496015597843305,10000,0
hc2,corrupt,role/n12,R_W,prediction_mean,0.8280149994024963,0.7488865942175078,0.8994467748203785,10000,0
hc2,corrupt,role/n12,R_W,below_zero,0.0,0.0,0.0,10000,0
hc2,corrupt,role/n12,R_W,above_one,0.08571428571428573,0.0,0.18571428571428572,10000,0
hc2,corrupt,role/nmax,P_A,r2,-0.4061390433981036,-2.3318107030445976,0.1394910201637971,10000,0
hc2,corrupt,role/nmax,P_A,mae,0.24477494043153705,0.16647776565268235,0.32405023534875815,10000,0
hc2,corrupt,role/nmax,P_A,mse,0.08519345443459957,0.04372239216361441,0.130439221798124,10000,0
hc2,corrupt,role/nmax,P_A,rho,0.09112295006168973,-0.30684466236370933,0.4639469048753278,10000,0
hc2,corrupt,role/nmax,P_A,truth_mean,0.5765218961612072,0.45400838509161934,0.6932809268308938,10000,0
hc2,corrupt,role/nmax,P_A,prediction_mean,0.5664499216009181,0.4679667040775294,0.6530873832568193,10000,0
hc2,corrupt,role/nmax,P_A,below_zero,0.0,0.0,0.0,10000,0
hc2,corrupt,role/nmax,P_A,above_one,0.0,0.0,0.0,10000,0
hc2,corrupt,role/nmax,R_A,r2,-1.1132159845206138,-8.111715086058597,-0.4940580592830026,10000,0
hc2,corrupt,role/nmax,R_A,mae,0.2711406622075684,0.1601062830583098,0.3999955672218425,10000,0
hc2,corrupt,role/nmax,R_A,mse,0.1381406928596456,0.04732296588420684,0.2582939223604658,10000,0
hc2,corrupt,role/nmax,R_A,rho,-0.2968929592725071,-0.591567955990509,-0.004394307674445365,10000,0
hc2,corrupt,role/nmax,R_A,truth_mean,0.8449580608401803,0.7070379408800805,0.9519493798735519,10000,0
hc2,corrupt,role/nmax,R_A,prediction_mean,0.8709662509434126,0.7661493465162508,0.9630543188809806,10000,0
hc2,corrupt,role/nmax,R_A,below_zero,0.0,0.0,0.0,10000,0
hc2,corrupt,role/nmax,R_A,above_one,0.24285714285714288,0.0857142857142857,0.4285714285714286,10000,0
hc2,corrupt,role/nmax,P_W,r2,-0.30520377771797746,-1.8985877113685432,0.12868540619659186,10000,0
hc2,corrupt,role/nmax,P_W,mae,0.24796854144287397,0.15601960555705496,0.34337809848573914,10000,0
hc2,corrupt,role/nmax,P_W,mse,0.09524166923218598,0.043115534411896514,0.15490550757671398,10000,0
hc2,corrupt,role/nmax,P_W,rho,0.001360198710127521,-0.33453496128152765,0.43318394468300886,10000,0
hc2,corrupt,role/nmax,P_W,truth_mean,0.6025626954806602,0.4616926076143896,0.7376744874684152,10000,0
hc2,corrupt,role/nmax,P_W,prediction_mean,0.5915878134760506,0.5055770516774932,0.6593128419793938,10000,0
hc2,corrupt,role/nmax,P_W,below_zero,0.0,0.0,0.0,10000,0
hc2,corrupt,role/nmax,P_W,above_one,0.0,0.0,0.0,10000,0
hc2,corrupt,role/nmax,R_W,r2,-0.890325848161807,-7.590913644781788,-0.5825022168210381,10000,0
hc2,corrupt,role/nmax,R_W,mae,0.2766417116281465,0.16156668892717163,0.4265361359673705,10000,0
hc2,corrupt,role/nmax,R_W,mse,0.14663682949305537,0.04167945864178554,0.3120930881287652,10000,0
hc2,corrupt,role/nmax,R_W,rho,-0.5015812492995261,-0.7250714649503447,-0.08182740661595655,10000,0
hc2,corrupt,role/nmax,R_W,truth_mean,0.8308827977619012,0.6745702268265755,0.9496015597843305,10000,0
hc2,corrupt,role/nmax,R_W,prediction_mean,0.8372461455100816,0.7556836899031141,0.9124152404976171,10000,0
hc2,corrupt,role/nmax,R_W,below_zero,0.0,0.0,0.0,10000,0
hc2,corrupt,role/nmax,R_W,above_one,0.11428571428571428,0.0,0.2714285714285714,10000,0
hc2,clean,all/in_sample,P_A,r2,0.7755751191261773,0.27077432753751624,0.8535629817414152,10000,0
hc2,clean,all/in_sample,P_A,mae,0.1010247873127635,0.07708087538378597,0.12595025123507858,10000,0
hc2,clean,all/in_sample,P_A,mse,0.012424357386601052,0.007240069476767334,0.018059273296011966,10000,0
hc2,clean,all/in_sample,P_A,rho,0.9078049890776251,0.6233827260420908,0.971630666551518,10000,0
hc2,clean,all/in_sample,P_A,truth_mean,0.5500554873129404,0.42626544798503047,0.6696306185372045,10000,0
hc2,clean,all/in_sample,P_A,prediction_mean,0.5583506865788667,0.47115811312557543,0.6405585708904719,10000,0
hc2,clean,all/in_sample,P_A,below_zero,0.0,0.0,0.0,10000,0
hc2,clean,all/in_sample,P_A,above_one,0.0,0.0,0.0,10000,0
hc2,clean,all/in_sample,R_A,r2,0.8865565900909058,-1.0612348622558991,0.9691637129855042,9999,1
hc2,clean,all/in_sample,R_A,mae,0.07314485602428158,0.04309374018618101,0.10566870326819222,10000,0
hc2,clean,all/in_sample,R_A,mse,0.008970469055458726,0.0035889189166071083,0.015282164233360292,10000,0
hc2,clean,all/in_sample,R_A,rho,0.9488804800888533,0.6350906127144046,0.9891713039151898,9999,1
hc2,clean,all/in_sample,R_A,truth_mean,0.8364283539142343,0.6738854202980177,0.9600111353245268,10000,0
hc2,clean,all/in_sample,R_A,prediction_mean,0.8064565296206982,0.659795453059926,0.9130262472715771,10000,0
hc2,clean,all/in_sample,R_A,below_zero,0.07142857142857142,0.0,0.21428571428571427,10000,0
hc2,clean,all/in_sample,R_A,above_one,0.07142857142857142,0.0,0.21428571428571427,10000,0
hc2,clean,all/in_sample,P_W,r2,0.7780303890545701,0.5245081563632418,0.8340021370851006,10000,0
hc2,clean,all/in_sample,P_W,mae,0.11184683869016489,0.08496692191647369,0.13951680375196088,10000,0
hc2,clean,all/in_sample,P_W,mse,0.015290932809365802,0.009300769208386177,0.02214109637961003,10000,0
hc2,clean,all/in_sample,P_W,rho,0.9469102845711241,0.7981288473522854,0.9895563286724712,10000,0
hc2,clean,all/in_sample,P_W,truth_mean,0.6009716139023925,0.46255310192656784,0.7338995881502978,10000,0
hc2,clean,all/in_sample,P_W,prediction_mean,0.6061096839480841,0.5203169627400577,0.6859714678405988,10000,0
hc2,clean,all/in_sample,P_W,below_zero,0.0,0.0,0.0,10000,0
hc2,clean,all/in_sample,P_W,above_one,0.0,0.0,0.0,10000,0
hc2,clean,all/in_sample,R_W,r2,0.8948197771664924,-0.7727389493123396,0.9680867719191266,10000,0
hc2,clean,all/in_sample,R_W,mae,0.07152778875979157,0.047338750306830754,0.09953572716311783,10000,0
hc2,clean,all/in_sample,R_W,mse,0.0076665920710619825,0.0030993675811749207,0.014104501436278137,10000,0
hc2,clean,all/in_sample,R_W,rho,0.9608040009343369,0.7348593541217199,0.9949686295052503,10000,0
hc2,clean,all/in_sample,R_W,truth_mean,0.8518758676104314,0.6941752414110836,0.9652020654616478,10000,0
hc2,clean,all/in_sample,R_W,prediction_mean,0.8271834692369456,0.696983727936882,0.916687256252992,10000,0
hc2,clean,all/in_sample,R_W,below_zero,0.0,0.0,0.0,10000,0
hc2,clean,all/in_sample,R_W,above_one,0.0,0.0,0.0,10000,0
hc2,clean,all/n4,P_A,r2,-0.5096906761211266,-4.861622798655103,0.41623636389541996,10000,0
hc2,clean,all/n4,P_A,mae,0.22973455873004753,0.1393184662462906,0.3241327200362013,10000,0
hc2,clean,all/n4,P_A,mse,0.08357779418358642,0.03478088958934398,0.13819454334529255,10000,0
hc2,clean,all/n4,P_A,rho,0.2435392493613702,-0.39383168856383166,0.7415613484931027,10000,0
hc2,clean,all/n4,P_A,truth_mean,0.5500554873129404,0.42626544798503047,0.6696306185372045,10000,0
hc2,clean,all/n4,P_A,prediction_mean,0.4949245862967708,0.378207333590357,0.6151856954838834,10000,0
hc2,clean,all/n4,P_A,below_zero,0.0,0.0,0.0,10000,0
hc2,clean,all/n4,P_A,above_one,0.0,0.0,0.0,10000,0
hc2,clean,all/n4,R_A,r2,-0.3003758934455598,-23.889830607598718,0.5210293258971922,9999,1
hc2,clean,all/n4,R_A,mae,0.26761205541924166,0.17820361088653877,0.3638698840394855,10000,0
hc2,clean,all/n4,R_A,mse,0.10282643762176587,0.05038234729200224,0.16868180402460373,10000,0
hc2,clean,all/n4,R_A,rho,0.3571974938479576,-0.5947693489342788,0.7837372699267332,9999,1
hc2,clean,all/n4,R_A,truth_mean,0.8364283539142343,0.6738854202980177,0.9600111353245268,10000,0
hc2,clean,all/n4,R_A,prediction_mean,0.6989997843649088,0.5809117940206835,0.8138046559745064,10000,0
hc2,clean,all/n4,R_A,below_zero,0.0,0.0,0.0,10000,0
hc2,clean,all/n4,R_A,above_one,0.07142857142857142,0.0,0.21428571428571427,10000,0
hc2,clean,all/n4,P_W,r2,-0.27045068049980836,-2.653295143079982,0.4980104187146835,10000,0
hc2,clean,all/n4,P_W,mae,0.23602299460474896,0.145094642264506,0.33131896426426394,10000,0
hc2,clean,all/n4,P_W,mse,0.08751817832357021,0.037615970469366926,0.14265367319814987,10000,0
hc2,clean,all/n4,P_W,rho,0.3136672723387254,-0.3195288905413101,0.7548318735223598,10000,0
hc2,clean,all/n4,P_W,truth_mean,0.6009716139023925,0.46255310192656784,0.7338995881502978,10000,0
hc2,clean,all/n4,P_W,prediction_mean,0.557532184728432,0.43178598526514395,0.6804417541242126,10000,0
hc2,clean,all/n4,P_W,below_zero,0.0,0.0,0.0,10000,0
hc2,clean,all/n4,P_W,above_one,0.0,0.0,0.0,10000,0
hc2,clean,all/n4,R_W,r2,-0.2217372630084533,-26.368353401760565,0.39200921026631835,10000,0
hc2,clean,all/n4,R_W,mae,0.2458967333935585,0.15816209916467594,0.336155754954479,10000,0
hc2,clean,all/n4,R_W,mse,0.08905249448204856,0.04399314112436267,0.13944040313339454,10000,0
hc2,clean,all/n4,R_W,rho,0.20191597788979412,-0.835976072616528,0.7572455404653873,10000,0
hc2,clean,all/n4,R_W,truth_mean,0.8518758676104314,0.6941752414110836,0.9652020654616478,10000,0
hc2,clean,all/n4,R_W,prediction_mean,0.7429442870696101,0.6676451693130504,0.813066840765078,10000,0
hc2,clean,all/n4,R_W,below_zero,0.0,0.0,0.0,10000,0
hc2,clean,all/n4,R_W,above_one,0.0,0.0,0.0,10000,0
hc2,clean,all/n8,P_A,r2,-0.012801631945138947,-2.181558484276697,0.34991288963315104,10000,0
hc2,clean,all/n8,P_A,mae,0.2050305008746244,0.14228295364517307,0.26739113084944255,10000,0
hc2,clean,all/n8,P_A,mse,0.05606958278433439,0.030785861806589144,0.08403296319304944,10000,0
hc2,clean,all/n8,P_A,rho,0.3151969936787746,-0.26277157383573313,0.6876566577186702,10000,0
hc2,clean,all/n8,P_A,truth_mean,0.5500554873129404,0.42626544798503047,0.6696306185372045,10000,0
hc2,clean,all/n8,P_A,prediction_mean,0.5130762487756405,0.4381699554962833,0.5879927809442461,10000,0
hc2,clean,all/n8,P_A,below_zero,0.0,0.0,0.0,10000,0
hc2,clean,all/n8,P_A,above_one,0.0,0.0,0.0,10000,0
hc2,clean,all/n8,R_A,r2,-0.07018896719293699,-16.926009820579544,0.6220758881824223,9999,1
hc2,clean,all/n8,R_A,mae,0.2363716535145228,0.15150742307549367,0.331051318562213,10000,0
hc2,clean,all/n8,R_A,mse,0.08462454558965073,0.03562372456351793,0.14383496210967575,10000,0
hc2,clean,all/n8,R_A,rho,0.4157749777966377,-0.49661821945663254,0.8280049557581803,9999,1
hc2,clean,all/n8,R_A,truth_mean,0.8364283539142343,0.6738854202980177,0.9600111353245268,10000,0
hc2,clean,all/n8,R_A,prediction_mean,0.7664311996729575,0.6439443154442046,0.8892680055199573,10000,0
hc2,clean,all/n8,R_A,below_zero,0.0,0.0,0.0,10000,0
hc2,clean,all/n8,R_A,above_one,0.14285714285714285,0.0,0.3571428571428571,10000,0
hc2,clean,all/n8,P_W,r2,-0.01753781256147624,-1.1333124817376126,0.22837368332296606,10000,0
hc2,clean,all/n8,P_W,mae,0.23783868494685909,0.1772829771566607,0.299723222154641,10000,0
hc2,clean,all/n8,P_W,mse,0.07009564172589246,0.04027281958968331,0.10541945833199755,10000,0
hc2,clean,all/n8,P_W,rho,0.2191009030736835,-0.25596331444956183,0.6314740676545646,10000,0
hc2,clean,all/n8,P_W,truth_mean,0.6009716139023925,0.46255310192656784,0.7338995881502978,10000,0
hc2,clean,all/n8,P_W,prediction_mean,0.5695304733091882,0.5057092588007474,0.6285341802456951,10000,0
hc2,clean,all/n8,P_W,below_zero,0.0,0.0,0.0,10000,0
hc2,clean,all/n8,P_W,above_one,0.0,0.0,0.0,10000,0
hc2,clean,all/n8,R_W,r2,-0.35020798439565337,-18.95300906038162,0.11599908091506252,10000,0
hc2,clean,all/n8,R_W,mae,0.25020716228360906,0.1556950152954491,0.355842962527121,10000,0
hc2,clean,all/n8,R_W,mse,0.098416732239082,0.03762211823896302,0.1750670487326428,10000,0
hc2,clean,all/n8,R_W,rho,-0.07283719633811894,-0.778608361206685,0.3875566508264698,10000,0
hc2,clean,all/n8,R_W,truth_mean,0.8518758676104314,0.6941752414110836,0.9652020654616478,10000,0
hc2,clean,all/n8,R_W,prediction_mean,0.7954825366277811,0.7300060851354044,0.8654476302709204,10000,0
hc2,clean,all/n8,R_W,below_zero,0.0,0.0,0.0,10000,0
hc2,clean,all/n8,R_W,above_one,0.14285714285714285,0.0,0.3571428571428571,10000,0
hc2,clean,all/n12,P_A,r2,-0.09977858701808207,-2.2226849124831545,0.2673697934072936,10000,0
hc2,clean,all/n12,P_A,mae,0.2106227449210269,0.14554287825276838,0.279102191438393,10000,0
hc2,clean,all/n12,P_A,mse,0.06088470297072829,0.030468960230333814,0.09539397857883654,10000,0
hc2,clean,all/n12,P_A,rho,0.21857895915298095,-0.3325589752817007,0.5912977204161022,10000,0
hc2,clean,all/n12,P_A,truth_mean,0.5500554873129404,0.42626544798503047,0.6696306185372045,10000,0
hc2,clean,all/n12,P_A,prediction_mean,0.5441591924573992,0.4695386959472037,0.6182445363170882,10000,0
hc2,clean,all/n12,P_A,below_zero,0.0,0.0,0.0,10000,0
hc2,clean,all/n12,P_A,above_one,0.0,0.0,0.0,10000,0
hc2,clean,all/n12,R_A,r2,0.013663764264181588,-14.11813354640303,0.4843587866389384,9999,1
hc2,clean,all/n12,R_A,mae,0.23743900516818903,0.16221791588404919,0.31737734858496963,10000,0
hc2,clean,all/n12,R_A,mse,0.07799394154350532,0.03822213960353099,0.12236375361020423,10000,0
hc2,clean,all/n12,R_A,rho,0.37761000064549005,-0.458371120055671,0.7790986489209031,9999,1
hc2,clean,all/n12,R_A,truth_mean,0.8364283539142343,0.6738854202980177,0.9600111353245268,10000,0
hc2,clean,all/n12,R_A,prediction_mean,0.7768376011371926,0.6822997524320047,0.877266734700534,10000,0
hc2,clean,all/n12,R_A,below_zero,0.0,0.0,0.0,10000,0
hc2,clean,all/n12,R_A,above_one,0.07142857142857142,0.0,0.21428571428571427,10000,0
hc2,clean,all/n12,P_W,r2,-0.06020400952227756,-1.2115272605076632,0.20813061637015584,10000,0
hc2,clean,all/n12,P_W,mae,0.2408768135785917,0.1785118608247414,0.3066046862192019,10000,0
hc2,clean,all/n12,P_W,mse,0.07303480960648658,0.04104982761890783,0.11196246158727156,10000,0
hc2,clean,all/n12,P_W,rho,0.14990415591849807,-0.33531702397396956,0.5638998368926679,10000,0
hc2,clean,all/n12,P_W,truth_mean,0.6009716139023925,0.46255310192656784,0.7338995881502978,10000,0
hc2,clean,all/n12,P_W,prediction_mean,0.5924132228905089,0.5310580990072375,0.6499618094958376,10000,0
hc2,clean,all/n12,P_W,below_zero,0.0,0.0,0.0,10000,0
hc2,clean,all/n12,P_W,above_one,0.0,0.0,0.0,10000,0
hc2,clean,all/n12,R_W,r2,-0.1257123419533801,-14.76336861603665,0.21766599664378028,10000,0
hc2,clean,all/n12,R_W,mae,0.2263560679465302,0.13884434139553548,0.32398203024454186,10000,0
hc2,clean,all/n12,R_W,mse,0.08205323284756334,0.032233908501359855,0.1492722415659092,10000,0
hc2,clean,all/n12,R_W,rho,0.09473990760976563,-0.7358587255397717,0.5650504087441498,10000,0
hc2,clean,all/n12,R_W,truth_mean,0.8518758676104314,0.6941752414110836,0.9652020654616478,10000,0
hc2,clean,all/n12,R_W,prediction_mean,0.7987601197835407,0.7432617289862561,0.8555964797291952,10000,0
hc2,clean,all/n12,R_W,below_zero,0.0,0.0,0.0,10000,0
hc2,clean,all/n12,R_W,above_one,0.0,0.0,0.0,10000,0
hc2,clean,all/nmax,P_A,r2,-0.03406067276535696,-1.901343608886327,0.2874146967211108,10000,0
hc2,clean,all/nmax,P_A,mae,0.2031070074145174,0.13861922419806105,0.2700442930653186,10000,0
hc2,clean,all/nmax,P_A,mse,0.0572465018488263,0.028722769794834638,0.09043394227642168,10000,0
hc2,clean,all/nmax,P_A,rho,0.25532462804551836,-0.2784998772655546,0.6093003058057809,10000,0
hc2,clean,all/nmax,P_A,truth_mean,0.5500554873129404,0.42626544798503047,0.6696306185372045,10000,0
hc2,clean,all/nmax,P_A,prediction_mean,0.55545593815087,0.4834343637837143,0.6247151996147489,10000,0
hc2,clean,all/nmax,P_A,below_zero,0.0,0.0,0.0,10000,0
hc2,clean,all/nmax,P_A,above_one,0.0,0.0,0.0,10000,0
hc2,clean,all/nmax,R_A,r2,0.004605555645577963,-13.119133287011584,0.45788234264283867,9999,1
hc2,clean,all/nmax,R_A,mae,0.23570243871333396,0.1587344404685641,0.3182151607989626,10000,0
hc2,clean,all/nmax,R_A,mse,0.07871021391381036,0.036760810567928764,0.12530030741562587,10000,0
hc2,clean,all/nmax,R_A,rho,0.33925169263179605,-0.47814091432405115,0.7601113996096723,9999,1
hc2,clean,all/nmax,R_A,truth_mean,0.8364283539142343,0.6738854202980177,0.9600111353245268,10000,0
hc2,clean,all/nmax,R_A,prediction_mean,0.7932982771514128,0.7033937882925371,0.8872769385704646,10000,0
hc2,clean,all/nmax,R_A,below_zero,0.0,0.0,0.0,10000,0
hc2,clean,all/nmax,R_A,above_one,0.07142857142857142,0.0,0.21428571428571427,10000,0
hc2,clean,all/nmax,P_W,r2,-0.01884017210309552,-1.0803531699692819,0.21578300130044567,10000,0
hc2,clean,all/nmax,P_W,mae,0.23760955127786657,0.17809763535471404,0.3004210700325502,10000,0
hc2,clean,all/nmax,P_W,mse,0.07018535802606399,0.04010361096924119,0.10741194114962088,10000,0
hc2,clean,all/nmax,P_W,rho,0.17786867647741475,-0.33008752711235984,0.6109736278897976,10000,0
hc2,clean,all/nmax,P_W,truth_mean,0.6009716139023925,0.46255310192656784,0.7338995881502978,10000,0
hc2,clean,all/nmax,P_W,prediction_mean,0.6028787701006996,0.5447350538589998,0.6550563134714716,10000,0
hc2,clean,all/nmax,P_W,below_zero,0.0,0.0,0.0,10000,0
hc2,clean,all/nmax,P_W,above_one,0.0,0.0,0.0,10000,0
hc2,clean,all/nmax,R_W,r2,-0.15428673323923525,-13.984967586883295,0.1755952295571294,10000,0
hc2,clean,all/nmax,R_W,mae,0.22979502876333413,0.14468562928275686,0.33105674998975526,10000,0
hc2,clean,all/nmax,R_W,mse,0.08413602175755004,0.03051444052024182,0.15788814400796014,10000,0
hc2,clean,all/nmax,R_W,rho,0.05775872000146882,-0.7003364907413295,0.5020237158620703,10000,0
hc2,clean,all/nmax,R_W,truth_mean,0.8518758676104314,0.6941752414110836,0.9652020654616478,10000,0
hc2,clean,all/nmax,R_W,prediction_mean,0.8165468033589045,0.7565509258693915,0.8766643652006876,10000,0
hc2,clean,all/nmax,R_W,below_zero,0.0,0.0,0.0,10000,0
hc2,clean,all/nmax,R_W,above_one,0.0,0.0,0.0,10000,0
hc2,clean,role/in_sample,P_A,r2,0.9239308256906276,0.6091183460939308,0.9768750996192055,10000,0
hc2,clean,role/in_sample,P_A,mae,0.05445131343444925,0.03764862225181284,0.07459011445945087,10000,0
hc2,clean,role/in_sample,P_A,mse,0.0042112559179864695,0.0018021885219003501,0.007662334830293637,10000,0
hc2,clean,role/in_sample,P_A,rho,0.9634188489069689,0.860203878113814,0.9904846339172937,10000,0
hc2,clean,role/in_sample,P_A,truth_mean,0.5500554873129404,0.42626544798503047,0.6696306185372045,10000,0
hc2,clean,role/in_sample,P_A,prediction_mean,0.5653792026567653,0.43987995664152435,0.6766899936461707,10000,0
hc2,clean,role/in_sample,P_A,below_zero,0.07142857142857142,0.0,0.21428571428571427,10000,0
hc2,clean,role/in_sample,P_A,above_one,0.0,0.0,0.0,10000,0
hc2,clean,role/in_sample,R_A,r2,0.99709840950677,0.9510395802522631,0.9992647902676014,9999,1
hc2,clean,role/in_sample,R_A,mae,0.011709546842253433,0.006977925133389411,0.017011616959347577,10000,0
hc2,clean,role/in_sample,R_A,mse,0.00022944151407288267,8.015790385495456e-05,0.00041792173915122994,10000,0
hc2,clean,role/in_sample,R_A,rho,0.9985635207137348,0.9882999466486969,0.9996977214217175,9999,1
hc2,clean,role/in_sample,R_A,truth_mean,0.8364283539142343,0.6738854202980177,0.9600111353245268,10000,0
hc2,clean,role/in_sample,R_A,prediction_mean,0.8378021700907673,0.6760865817806819,0.9602019150614252,10000,0
hc2,clean,role/in_sample,R_A,below_zero,0.07142857142857142,0.0,0.21428571428571427,10000,0
hc2,clean,role/in_sample,R_A,above_one,0.21428571428571427,0.0,0.42857142857142855,10000,0
hc2,clean,role/in_sample,P_W,r2,0.9547820396827168,0.8578889807892757,0.981812326345386,10000,0
hc2,clean,role/in_sample,P_W,mae,0.04718885935729683,0.03282875079194249,0.06386605402153726,10000,0
hc2,clean,role/in_sample,P_W,mse,0.0031149524930154946,0.0013956814333237956,0.005440156119572874,10000,0
hc2,clean,role/in_sample,P_W,rho,0.9854245773573398,0.9549774068457875,0.9969122532337258,10000,0
hc2,clean,role/in_sample,P_W,truth_mean,0.6009716139023925,0.46255310192656784,0.7338995881502978,10000,0
hc2,clean,role/in_sample,P_W,prediction_mean,0.6069357656644553,0.4853751819550099,0.719272854614362,10000,0
hc2,clean,role/in_sample,P_W,below_zero,0.0,0.0,0.0,10000,0
hc2,clean,role/in_sample,P_W,above_one,0.0,0.0,0.0,10000,0
hc2,clean,role/in_sample,R_W,r2,0.9969114036674896,0.9403093815472758,0.9992882624098812,10000,0
hc2,clean,role/in_sample,R_W,mae,0.01125442210774533,0.006403347712544118,0.016632766728958998,10000,0
hc2,clean,role/in_sample,R_W,mse,0.00022512795196314586,7.607332361493541e-05,0.000421546729008999,10000,0
hc2,clean,role/in_sample,R_W,rho,0.9985004719784322,0.9816584204137059,0.9997513690872192,10000,0
hc2,clean,role/in_sample,R_W,truth_mean,0.8518758676104314,0.6941752414110836,0.9652020654616478,10000,0
hc2,clean,role/in_sample,R_W,prediction_mean,0.8503163840748927,0.6935703846294016,0.9615737572208714,10000,0
hc2,clean,role/in_sample,R_W,below_zero,0.07142857142857142,0.0,0.21428571428571427,10000,0
hc2,clean,role/in_sample,R_W,above_one,0.14285714285714285,0.0,0.3571428571428571,10000,0
hc2,clean,role/n4,P_A,r2,-0.5628114400432835,-4.500768871741822,0.23443883066800394,10000,0
hc2,clean,role/n4,P_A,mae,0.22506419391170743,0.1279126012213349,0.3258362452301948,10000,0
hc2,clean,role/n4,P_A,mse,0.08651860606259196,0.03594328459245743,0.14154331490249383,10000,0
hc2,clean,role/n4,P_A,rho,0.09161581292885929,-0.3548042311569214,0.5944710241522169,10000,0
hc2,clean,role/n4,P_A,truth_mean,0.5500554873129404,0.42626544798503047,0.6696306185372045,10000,0
hc2,clean,role/n4,P_A,prediction_mean,0.5191693965315632,0.4180385278934477,0.624344670456152,10000,0
hc2,clean,role/n4,P_A,below_zero,0.0,0.0,0.0,10000,0
hc2,clean,role/n4,P_A,above_one,0.0,0.0,0.0,10000,0
hc2,clean,role/n4,R_A,r2,-1.2363655132143636,-25.095530474531387,-0.38057126691161297,9999,1
hc2,clean,role/n4,R_A,mae,0.31021909328594777,0.16737097659503025,0.47014693948238445,10000,0
hc2,clean,role/n4,R_A,mse,0.17683925094512093,0.06051285153572642,0.32247897118180846,10000,0
hc2,clean,role/n4,R_A,rho,-0.2940361246630578,-0.5977421018754187,0.04914884047080139,9999,1
hc2,clean,role/n4,R_A,truth_mean,0.8364283539142343,0.6738854202980177,0.9600111353245268,10000,0
hc2,clean,role/n4,R_A,prediction_mean,0.7848997614291201,0.6517880956572742,0.9000760060943069,10000,0
hc2,clean,role/n4,R_A,below_zero,0.0,0.0,0.0,10000,0
hc2,clean,role/n4,R_A,above_one,0.14285714285714285,0.0,0.3571428571428571,10000,0
hc2,clean,role/n4,P_W,r2,-0.27748776571969436,-2.5713195543280345,0.40968075083571354,10000,0
hc2,clean,role/n4,P_W,mae,0.23266873811353736,0.13739159787364183,0.3292210826804801,10000,0
hc2,clean,role/n4,P_W,mse,0.08800294557081971,0.039071648545703476,0.14168085823538426,10000,0
hc2,clean,role/n4,P_W,rho,0.23281650835066783,-0.30510155796069477,0.6948610212052286,10000,0
hc2,clean,role/n4,P_W,truth_mean,0.6009716139023925,0.46255310192656784,0.7338995881502978,10000,0
hc2,clean,role/n4,P_W,prediction_mean,0.5664029204993815,0.4582242444461898,0.6761009054348188,10000,0
hc2,clean,role/n4,P_W,below_zero,0.0,0.0,0.0,10000,0
hc2,clean,role/n4,P_W,above_one,0.0,0.0,0.0,10000,0
hc2,clean,role/n4,R_W,r2,-1.172924751252435,-34.97323273961937,-0.5721644074197691,10000,0
hc2,clean,role/n4,R_W,mae,0.29572031666017107,0.16543795045734924,0.4462219567596596,10000,0
hc2,clean,role/n4,R_W,mse,0.15838460140302305,0.05019548508436643,0.3095469693266343,10000,0
hc2,clean,role/n4,R_W,rho,-0.48842017531008824,-0.7248587330368735,-0.2652385767471115,10000,0
hc2,clean,role/n4,R_W,truth_mean,0.8518758676104314,0.6941752414110836,0.9652020654616478,10000,0
hc2,clean,role/n4,R_W,prediction_mean,0.7843357284336335,0.6845188789799188,0.8728355857346536,10000,0
hc2,clean,role/n4,R_W,below_zero,0.0,0.0,0.0,10000,0
hc2,clean,role/n4,R_W,above_one,0.0,0.0,0.0,10000,0
hc2,clean,role/n8,P_A,r2,-0.24443680461710748,-3.2814304381649633,0.29235083624065306,10000,0
hc2,clean,role/n8,P_A,mae,0.21645344567359945,0.1397285888008907,0.2945490039482683,10000,0
hc2,clean,role/n8,P_A,mse,0.06889310822134519,0.03163770703939772,0.10879156492231275,10000,0
hc2,clean,role/n8,P_A,rho,0.2037614443230532,-0.2974893228523344,0.6408294806575747,10000,0
hc2,clean,role/n8,P_A,truth_mean,0.5500554873129404,0.42626544798503047,0.6696306185372045,10000,0
hc2,clean,role/n8,P_A,prediction_mean,0.5358411705255821,0.4401599695977752,0.6227181041284768,10000,0
hc2,clean,role/n8,P_A,below_zero,0.0,0.0,0.0,10000,0
hc2,clean,role/n8,P_A,above_one,0.0,0.0,0.0,10000,0
hc2,clean,role/n8,R_A,r2,-0.6593818751943554,-12.917674857591201,-0.03564284998023577,9999,1
hc2,clean,role/n8,R_A,mae,0.2567623607203949,0.13091893690152717,0.3998921781469216,10000,0
hc2,clean,role/n8,R_A,mse,0.1312146185886709,0.03500890598707162,0.25234265097218694,10000,0
hc2,clean,role/n8,R_A,rho,-0.08095944887846754,-0.4559556407279918,0.35727406230316083,9999,1
hc2,clean,role/n8,R_A,truth_mean,0.8364283539142343,0.6738854202980177,0.9600111353245268,10000,0
hc2,clean,role/n8,R_A,prediction_mean,0.8530295872382803,0.7334060885379451,0.9503501545549357,10000,0
hc2,clean,role/n8,R_A,below_zero,0.0,0.0,0.0,10000,0
hc2,clean,role/n8,R_A,above_one,0.21428571428571427,0.0,0.42857142857142855,10000,0
hc2,clean,role/n8,P_W,r2,-0.14315180150003548,-1.854039144473779,0.2964721219785921,10000,0
hc2,clean,role/n8,P_W,mae,0.23446095538279632,0.15544947208122079,0.3161885397729039,10000,0
hc2,clean,role/n8,P_W,mse,0.07874887608799681,0.0382404345050539,0.12326633962719258,10000,0
hc2,clean,role/n8,P_W,rho,0.14790697093690555,-0.3001016244893613,0.8297285234074099,10000,0
hc2,clean,role/n8,P_W,truth_mean,0.6009716139023925,0.46255310192656784,0.7338995881502978,10000,0
hc2,clean,role/n8,P_W,prediction_mean,0.57353606251897,0.4952951280519561,0.6445615883228711,10000,0
hc2,clean,role/n8,P_W,below_zero,0.0,0.0,0.0,10000,0
hc2,clean,role/n8,P_W,above_one,0.0,0.0,0.0,10000,0
hc2,clean,role/n8,R_W,r2,-0.8577193531795759,-17.728193726241695,-0.5708653599893415,10000,0
hc2,clean,role/n8,R_W,mae,0.25103186199877786,0.12586029583012084,0.40743566256454067,10000,0
hc2,clean,role/n8,R_W,mse,0.13540926306925155,0.030166188135852028,0.3007375084242317,10000,0
hc2,clean,role/n8,R_W,rho,-0.5512851888707209,-0.7940855321539785,-0.11527367425095149,10000,0
hc2,clean,role/n8,R_W,truth_mean,0.8518758676104314,0.6941752414110836,0.9652020654616478,10000,0
hc2,clean,role/n8,R_W,prediction_mean,0.8423941673091028,0.7657286517520422,0.9133628519397787,10000,0
hc2,clean,role/n8,R_W,below_zero,0.0,0.0,0.0,10000,0
hc2,clean,role/n8,R_W,above_one,0.21428571428571427,0.0,0.42857142857142855,10000,0
hc2,clean,role/n12,P_A,r2,-0.5171211399066209,-4.199478544813392,0.07001763519685836,10000,0
hc2,clean,role/n12,P_A,mae,0.2460708772900946,0.16548020943277456,0.32513647695273484,10000,0
hc2,clean,role/n12,P_A,mse,0.08398915114748332,0.04465113091643255,0.12629257689719656,10000,0
hc2,clean,role/n12,P_A,rho,0.09709563634627702,-0.3518337313726602,0.4293749324206593,10000,0
hc2,clean,role/n12,P_A,truth_mean,0.5500554873129404,0.42626544798503047,0.6696306185372045,10000,0
hc2,clean,role/n12,P_A,prediction_mean,0.5476166673059072,0.43998542750302594,0.6432775106153381,10000,0
hc2,clean,role/n12,P_A,below_zero,0.0,0.0,0.0,10000,0
hc2,clean,role/n12,P_A,above_one,0.0,0.0,0.0,10000,0
hc2,clean,role/n12,R_A,r2,-1.0133712562923338,-13.277113106900362,-0.3232430422530619,9999,1
hc2,clean,role/n12,R_A,mae,0.2806451126775789,0.1440680591832688,0.4376804932926713,10000,0
hc2,clean,role/n12,R_A,mse,0.15920611489193778,0.044237999873984135,0.30387003231766935,10000,0
hc2,clean,role/n12,R_A,rho,-0.3078820306642609,-0.6422726560202039,0.047102187164399734,9999,1
hc2,clean,role/n12,R_A,truth_mean,0.8364283539142343,0.6738854202980177,0.9600111353245268,10000,0
hc2,clean,role/n12,R_A,prediction_mean,0.8684217494703236,0.7525559298638168,0.9692146090577418,10000,0
hc2,clean,role/n12,R_A,below_zero,0.0,0.0,0.0,10000,0
hc2,clean,role/n12,R_A,above_one,0.2857142857142857,0.07142857142857142,0.5,10000,0
hc2,clean,role/n12,P_W,r2,-0.22073812755467181,-2.109773020448377,0.2135601396444792,10000,0
hc2,clean,role/n12,P_W,mae,0.24549509976973363,0.16515548611993927,0.3261240354708224,10000,0
hc2,clean,role/n12,P_W,mse,0.08409360455588899,0.04312781487778391,0.13117749162562564,10000,0
hc2,clean,role/n12,P_W,rho,0.12932277150354982,-0.23455404089959356,0.5684424184925175,10000,0
hc2,clean,role/n12,P_W,truth_mean,0.6009716139023925,0.46255310192656784,0.7338995881502978,10000,0
hc2,clean,role/n12,P_W,prediction_mean,0.5749283539925084,0.4838657775154481,0.6515389581230222,10000,0
hc2,clean,role/n12,P_W,below_zero,0.0,0.0,0.0,10000,0
hc2,clean,role/n12,P_W,above_one,0.0,0.0,0.0,10000,0
hc2,clean,role/n12,R_W,r2,-0.7498282287996292,-16.79817640226054,-0.4872113278124271,10000,0
hc2,clean,role/n12,R_W,mae,0.24934659335608908,0.1328171684308374,0.40080474822636014,10000,0
hc2,clean,role/n12,R_W,mse,0.1275450732393955,0.027705303618295207,0.2863853769701067,10000,0
hc2,clean,role/n12,R_W,rho,-0.5415995686457079,-0.76556090244064,-0.04188478339706853,10000,0
hc2,clean,role/n12,R_W,truth_mean,0.8518758676104314,0.6941752414110836,0.9652020654616478,10000,0
hc2,clean,role/n12,R_W,prediction_mean,0.8354802967649743,0.7665623736135447,0.8984308048071651,10000,0
hc2,clean,role/n12,R_W,below_zero,0.0,0.0,0.0,10000,0
hc2,clean,role/n12,R_W,above_one,0.07142857142857142,0.0,0.21428571428571427,10000,0
hc2,clean,role/nmax,P_A,r2,-0.4360440308483986,-3.8072981812101814,0.09327118370042513,10000,0
hc2,clean,role/nmax,P_A,mae,0.24540638233621706,0.17225134445721618,0.31660831168172854,10000,0
hc2,clean,role/nmax,P_A,mse,0.07950065158856796,0.04305700297448033,0.11833068056669858,10000,0
hc2,clean,role/nmax,P_A,rho,0.11855376658617912,-0.38186992631260686,0.4462988800060042,10000,0
hc2,clean,role/nmax,P_A,truth_mean,0.5500554873129404,0.42626544798503047,0.6696306185372045,10000,0
hc2,clean,role/nmax,P_A,prediction_mean,0.5637820536938648,0.4581587560471856,0.6534158022543299,10000,0
hc2,clean,role/nmax,P_A,below_zero,0.0,0.0,0.0,10000,0
hc2,clean,role/nmax,P_A,above_one,0.0,0.0,0.0,10000,0
hc2,clean,role/nmax,R_A,r2,-0.8315626871197357,-11.711228469373117,-0.14175679884946657,9999,1
hc2,clean,role/nmax,R_A,mae,0.2625008297124048,0.12859785724021502,0.4156968248417223,10000,0
hc2,clean,role/nmax,R_A,mse,0.14482971219841054,0.03966783509168525,0.27365333470945113,10000,0
hc2,clean,role/nmax,R_A,rho,-0.23215348325542423,-0.6162934435873904,0.1725616078651912,9999,1
hc2,clean,role/nmax,R_A,truth_mean,0.8364283539142343,0.6738854202980177,0.9600111353245268,10000,0
hc2,clean,role/nmax,R_A,prediction_mean,0.8632943370137026,0.7521249297976323,0.9578316348988168,10000,0
hc2,clean,role/nmax,R_A,below_zero,0.0,0.0,0.0,10000,0
hc2,clean,role/nmax,R_A,above_one,0.14285714285714285,0.0,0.3571428571428571,10000,0
hc2,clean,role/nmax,P_W,r2,-0.24740187076059272,-1.92577014036656,0.12787471741343107,10000,0
hc2,clean,role/nmax,P_W,mae,0.25240489579920417,0.1761570320809618,0.3319181473250324,10000,0
hc2,clean,role/nmax,P_W,mse,0.08593040331438281,0.04409256348856121,0.13566039718500014,10000,0
hc2,clean,role/nmax,P_W,rho,0.0514156844149473,-0.302297038476079,0.4401000669024038,10000,0
hc2,clean,role/nmax,P_W,truth_mean,0.6009716139023925,0.46255310192656784,0.7338995881502978,10000,0
hc2,clean,role/nmax,P_W,prediction_mean,0.5964020235741098,0.5118080464783948,0.6636026528739213,10000,0
hc2,clean,role/nmax,P_W,below_zero,0.0,0.0,0.0,10000,0
hc2,clean,role/nmax,P_W,above_one,0.0,0.0,0.0,10000,0
hc2,clean,role/nmax,R_W,r2,-0.8411753136095594,-16.105975929954543,-0.5728696580287803,10000,0
hc2,clean,role/nmax,R_W,mae,0.24954524388453894,0.12976854074897806,0.41025812597362876,10000,0
hc2,clean,role/nmax,R_W,mse,0.1342033671396375,0.02739012408363649,0.30941062376750356,10000,0
hc2,clean,role/nmax,R_W,rho,-0.5341449261386833,-0.7763071062745532,0.06573007152254827,10000,0
hc2,clean,role/nmax,R_W,truth_mean,0.8518758676104314,0.6941752414110836,0.9652020654616478,10000,0
hc2,clean,role/nmax,R_W,prediction_mean,0.8478404639058238,0.7728386593070166,0.9182740978066295,10000,0
hc2,clean,role/nmax,R_W,below_zero,0.0,0.0,0.0,10000,0
hc2,clean,role/nmax,R_W,above_one,0.07142857142857142,0.0,0.21428571428571427,10000,0
