dataset,panel,fit,readout,metric,mean,ci_low,ci_high,defined_draws,undefined_draws
vidstg,search_all,source_fit,P_A,r2,0.31374488256839117,-0.1738530045250782,0.5407122224699775,10000,0
vidstg,search_all,source_fit,P_A,mae,0.29143933310792725,0.21088988165219913,0.37361155437397386,10000,0
vidstg,search_all,source_fit,P_A,mse,0.11499149419694336,0.06802739435745003,0.16791360331321617,10000,0
vidstg,search_all,source_fit,P_A,rho,0.5790692625374338,0.26216855666430466,0.8132813646880365,10000,0
vidstg,search_all,source_fit,P_A,truth_mean,0.48397715094594584,0.28654129172917064,0.6841029490838275,10000,0
vidstg,search_all,source_fit,P_A,prediction_mean,0.42545152329363556,0.3198450149707193,0.5323795198055598,10000,0
vidstg,search_all,source_fit,P_A,below_zero,0.0,0.0,0.0,10000,0
vidstg,search_all,source_fit,P_A,above_one,0.0,0.0,0.0,10000,0
vidstg,search_all,source_fit,R_A,r2,-0.04700846846687945,-0.8472362588664851,0.2932260529668955,10000,0
vidstg,search_all,source_fit,R_A,mae,0.35311832501819496,0.2515518816297076,0.453900058608212,10000,0
vidstg,search_all,source_fit,R_A,mse,0.1705304250565444,0.09740033340957603,0.24948765408652873,10000,0
vidstg,search_all,source_fit,R_A,rho,0.1875027771646666,-0.3269159669542596,0.5948278915378575,10000,0
vidstg,search_all,source_fit,R_A,truth_mean,0.5671490034454294,0.36711066350723237,0.7611486219562962,10000,0
vidstg,search_all,source_fit,R_A,prediction_mean,0.5700397099801086,0.482039978193961,0.6597947232286119,10000,0
vidstg,search_all,source_fit,R_A,below_zero,0.0,0.0,0.0,10000,0
vidstg,search_all,source_fit,R_A,above_one,0.03125,0.0,0.09375,10000,0
vidstg,search_all,source_fit,P_W,r2,0.20017816091313378,-0.3712751630098203,0.4545341686467801,10000,0
vidstg,search_all,source_fit,P_W,mae,0.35102905787743,0.27671891228974027,0.4251146443444554,10000,0
vidstg,search_all,source_fit,P_W,mse,0.151373683248386,0.09790272752739916,0.21208385921854875,10000,0
vidstg,search_all,source_fit,P_W,rho,0.4547655839972691,0.024193076576701097,0.7606798950437537,10000,0
vidstg,search_all,source_fit,P_W,truth_mean,0.5046558221165262,0.2937101153154458,0.7155991922298386,10000,0
vidstg,search_all,source_fit,P_W,prediction_mean,0.46943245167232056,0.37809783768847827,0.5607243814001309,10000,0
vidstg,search_all,source_fit,P_W,below_zero,0.0,0.0,0.0,10000,0
vidstg,search_all,source_fit,P_W,above_one,0.0,0.0,0.0,10000,0
vidstg,search_all,source_fit,R_W,r2,-0.135886146824034,-0.6857852986248518,0.0741977405741867,10000,0
vidstg,search_all,source_fit,R_W,mae,0.3756120446347167,0.2787501330267739,0.47057140774458556,10000,0
vidstg,search_all,source_fit,R_W,mse,0.18524163843821495,0.11533280633692163,0.260097195784774,10000,0
vidstg,search_all,source_fit,R_W,rho,0.06352808263106838,-0.4150999924989037,0.4497272133713581,10000,0
vidstg,search_all,source_fit,R_W,truth_mean,0.5798107887753996,0.39158219449028303,0.7590887484334093,10000,0
vidstg,search_all,source_fit,R_W,prediction_mean,0.637724098687597,0.5650133952906542,0.720065636692164,10000,0
vidstg,search_all,source_fit,R_W,below_zero,0.0,0.0,0.0,10000,0
vidstg,search_all,source_fit,R_W,above_one,0.0625,0.0,0.16666666666666666,10000,0
vidstg,search_all,source_fit,P_pool,r2,0.3288641947319604,0.05010818166621852,0.5090894492170948,10000,0
vidstg,search_all,source_fit,P_pool,mae,0.290097009298558,0.22798395171030025,0.352964414870856,10000,0
vidstg,search_all,source_fit,P_pool,mse,0.128465479846652,0.09036160003812846,0.16912063153112486,10000,0
vidstg,search_all,source_fit,P_pool,rho,0.5827675487776497,0.37692960100340483,0.7698068734322677,10000,0
vidstg,search_all,source_fit,P_pool,truth_mean,0.3984775807466068,0.2422042603858085,0.5702071575320065,10000,0
vidstg,search_all,source_fit,P_pool,prediction_mean,0.35345268003421026,0.2527480835807566,0.4630938137321187,10000,0
vidstg,search_all,source_fit,P_pool,below_zero,0.09407552083333333,0.0224609375,0.18196614583333334,10000,0
vidstg,search_all,source_fit,P_pool,above_one,0.0,0.0,0.0,10000,0
vidstg,search_all,source_fit,R_pool,r2,0.20721314317686867,-2.249292420785413e-05,0.41599643265966596,10000,0
vidstg,search_all,source_fit,R_pool,mae,0.26003804683481563,0.204243605490943,0.31475966875397365,10000,0
vidstg,search_all,source_fit,R_pool,mse,0.11045334124755707,0.07312422906900114,0.14963964151391973,10000,0
vidstg,search_all,source_fit,R_pool,rho,0.4700200976480161,0.28116408775706425,0.6498175134387356,10000,0
vidstg,search_all,source_fit,R_pool,truth_mean,0.31616758316414983,0.2693217946405622,0.3607560472808545,10000,0
vidstg,search_all,source_fit,R_pool,prediction_mean,0.33955399137352144,0.3093003565173818,0.36913672836649314,10000,0
vidstg,search_all,source_fit,R_pool,below_zero,0.025390625,0.012044270833333334,0.04101562499999999,10000,0
vidstg,search_all,source_fit,R_pool,above_one,0.003580729166666667,0.0,0.009114583333333334,10000,0
vidstg,search_all,source_fit,T_A,r2,0.25178550039053704,-0.35960839696422314,0.5244722075316847,10000,0
vidstg,search_all,source_fit,T_A,mae,0.26288565315437273,0.188054783349713,0.3474489694610842,10000,0
vidstg,search_all,source_fit,T_A,mse,0.09953413575542039,0.051986719260102995,0.1613862752186276,10000,0
vidstg,search_all,source_fit,T_A,rho,0.5923580766683971,0.25978957990766965,0.8351372185655331,10000,0
vidstg,search_all,source_fit,T_A,truth_mean,0.42363786930715125,0.2510251527605097,0.6027454065912491,10000,0
vidstg,search_all,source_fit,T_A,prediction_mean,0.3160069440294547,0.23424655077466708,0.40042968470228535,10000,0
vidstg,search_all,source_fit,T_A,below_zero,0.0,0.0,0.0,10000,0
vidstg,search_all,source_fit,T_A,above_one,0.0,0.0,0.0,10000,0
vidstg,search_all,source_fit,T_W,r2,0.19853292057505523,-0.41246296665823967,0.4644795334416421,10000,0
vidstg,search_all,source_fit,T_W,mae,0.29265260863778975,0.22958461141897807,0.3594958632697708,10000,0
vidstg,search_all,source_fit,T_W,mse,0.10727840167927641,0.06807574205695018,0.15419424508767798,10000,0
vidstg,search_all,source_fit,T_W,rho,0.4769242085073208,0.06128128891817676,0.7812533531564465,10000,0
vidstg,search_all,source_fit,T_W,truth_mean,0.4241245153180383,0.24652666765620007,0.6020876618882048,10000,0
vidstg,search_all,source_fit,T_W,prediction_mean,0.3648288843416522,0.2926072695975025,0.4391136108929537,10000,0
vidstg,search_all,source_fit,T_W,below_zero,0.0,0.0,0.0,10000,0
vidstg,search_all,source_fit,T_W,above_one,0.0,0.0,0.0,10000,0
vidstg,search_all,source_fit,delta_T,r2,-0.071001646775533,-1.8664685909397543,0.20805696580630145,10000,0
vidstg,search_all,source_fit,delta_T,mae,0.134646374545755,0.07472317008994413,0.2016480889836073,10000,0
vidstg,search_all,source_fit,delta_T,mse,0.04017261971212959,0.013257352816914262,0.07418703930646428,10000,0
vidstg,search_all,source_fit,delta_T,rho,0.14312272836738002,-0.4460314642181509,0.6670989476772223,10000,0
vidstg,search_all,source_fit,delta_T,truth_mean,0.0004866460108870507,-0.07849515588723534,0.10170286985155091,10000,0
vidstg,search_all,source_fit,delta_T,prediction_mean,0.04882194031219752,0.025098356702720936,0.07421664171966695,10000,0
vidstg,search_all,source_fit,delta_T,below_zero,0.13541666666666666,0.05208333333333333,0.22916666666666666,10000,0
vidstg,search_all,source_fit,delta_T,above_one,0.0,0.0,0.0,10000,0
vidstg,search_all,target_search_fit,P_A,r2,0.8612788395269687,0.6859131600674757,0.9464813642385329,10000,0
vidstg,search_all,target_search_fit,P_A,mae,0.11045785980581521,0.0692251998140628,0.16485469362607147,10000,0
vidstg,search_all,target_search_fit,P_A,mse,0.023244640534309108,0.007918146016687983,0.04756288557513199,10000,0
vidstg,search_all,target_search_fit,P_A,rho,0.9490681593088585,0.8833529588778226,0.9869883762241346,10000,0
vidstg,search_all,target_search_fit,P_A,truth_mean,0.48397715094594584,0.28654129172917064,0.6841029490838275,10000,0
vidstg,search_all,target_search_fit,P_A,prediction_mean,0.46069629818929875,0.3133698478597175,0.6145229194708293,10000,0
vidstg,search_all,target_search_fit,P_A,below_zero,0.0,0.0,0.0,10000,0
vidstg,search_all,target_search_fit,P_A,above_one,0.020833333333333332,0.0,0.0625,10000,0
vidstg,search_all,target_search_fit,R_A,r2,0.4199296235545784,-0.33065043501480074,0.6869038854354028,10000,0
vidstg,search_all,target_search_fit,R_A,mae,0.25647563607119495,0.18362212732013036,0.34041136370289604,10000,0
vidstg,search_all,target_search_fit,R_A,mse,0.0944783646332815,0.04506234538566112,0.15673367622990023,10000,0
vidstg,search_all,target_search_fit,R_A,rho,0.7018911423201997,0.3898150700894555,0.9010265404815903,10000,0
vidstg,search_all,target_search_fit,R_A,truth_mean,0.5671490034454294,0.36711066350723237,0.7611486219562962,10000,0
vidstg,search_all,target_search_fit,R_A,prediction_mean,0.48445848101046507,0.38547577427401597,0.5875763818153057,10000,0
vidstg,search_all,target_search_fit,R_A,below_zero,0.0,0.0,0.0,10000,0
vidstg,search_all,target_search_fit,R_A,above_one,0.0,0.0,0.0,10000,0
vidstg,search_all,target_search_fit,P_W,r2,0.839055784776028,0.698957598918891,0.9187967030503777,10000,0
vidstg,search_all,target_search_fit,P_W,mae,0.13852813069300435,0.09540153773883836,0.18613412867523055,10000,0
vidstg,search_all,target_search_fit,P_W,mse,0.03046018183722993,0.014691300627793126,0.04923156973076195,10000,0
vidstg,search_all,target_search_fit,P_W,rho,0.9421743835732138,0.890562506220291,0.9806391624944533,10000,0
vidstg,search_all,target_search_fit,P_W,truth_mean,0.5046558221165262,0.2937101153154458,0.7155991922298386,10000,0
vidstg,search_all,target_search_fit,P_W,prediction_mean,0.5019561423861858,0.3492896673212735,0.6521497613426431,10000,0
vidstg,search_all,target_search_fit,P_W,below_zero,0.0,0.0,0.0,10000,0
vidstg,search_all,target_search_fit,P_W,above_one,0.020833333333333332,0.0,0.0625,10000,0
vidstg,search_all,target_search_fit,R_W,r2,0.5084122496510947,0.058013013283944766,0.640033757069747,10000,0
vidstg,search_all,target_search_fit,R_W,mae,0.24817835403265348,0.18899255309994764,0.3061076470742753,10000,0
vidstg,search_all,target_search_fit,R_W,mse,0.08016870402495926,0.05305033211807065,0.1109869879536284,10000,0
vidstg,search_all,target_search_fit,R_W,rho,0.7693829120777514,0.5620747612992242,0.9087484262913218,10000,0
vidstg,search_all,target_search_fit,R_W,truth_mean,0.5798107887753996,0.39158219449028303,0.7590887484334093,10000,0
vidstg,search_all,target_search_fit,R_W,prediction_mean,0.5400790184802194,0.448260329089308,0.636874487329229,10000,0
vidstg,search_all,target_search_fit,R_W,below_zero,0.0,0.0,0.0,10000,0
vidstg,search_all,target_search_fit,R_W,above_one,0.010416666666666666,0.0,0.03125,10000,0
vidstg,search_all,target_search_fit,P_pool,r2,0.7793757132120009,0.6543109836633799,0.8519702265646543,10000,0
vidstg,search_all,target_search_fit,P_pool,mae,0.15227494800242874,0.12249489352768045,0.18477313114087227,10000,0
vidstg,search_all,target_search_fit,P_pool,mse,0.04223080432540196,0.029464183215723312,0.05700075313332969,10000,0
vidstg,search_all,target_search_fit,P_pool,rho,0.8941587620854182,0.8274822694351693,0.9319560630162745,10000,0
vidstg,search_all,target_search_fit,P_pool,truth_mean,0.3984775807466068,0.2422042603858085,0.5702071575320065,10000,0
vidstg,search_all,target_search_fit,P_pool,prediction_mean,0.3984775807466071,0.2636350460021268,0.5476923437095145,10000,0
vidstg,search_all,target_search_fit,P_pool,below_zero,0.027018229166666668,0.011393229166666668,0.044596354166666664,10000,0
vidstg,search_all,target_search_fit,P_pool,above_one,0.034505208333333336,0.0006510416666666666,0.09733072916666667,10000,0
vidstg,search_all,target_search_fit,R_pool,r2,0.5109607691908451,0.39230620996054555,0.6307786077308922,10000,0
vidstg,search_all,target_search_fit,R_pool,mae,0.2022657003055623,0.16199463538942704,0.2459872545465155,10000,0
vidstg,search_all,target_search_fit,R_pool,mse,0.06813434983074808,0.046010010785488144,0.09315320022511699,10000,0
vidstg,search_all,target_search_fit,R_pool,rho,0.7434301329704159,0.6562893533751859,0.8234798148090514,10000,0
vidstg,search_all,target_search_fit,R_pool,truth_mean,0.31616758316414983,0.2693217946405622,0.3607560472808545,10000,0
vidstg,search_all,target_search_fit,R_pool,prediction_mean,0.3161675831641499,0.2737735509999193,0.35738573157396275,10000,0
vidstg,search_all,target_search_fit,R_pool,below_zero,0.029947916666666668,0.006510416666666667,0.0625,10000,0
vidstg,search_all,target_search_fit,R_pool,above_one,0.0016276041666666667,0.0,0.0048828125,10000,0
vidstg,search_all,target_search_fit,T_A,r2,0.6108755006704237,0.13632249975601726,0.8453748176871121,10000,0
vidstg,search_all,target_search_fit,T_A,mae,0.16000044576299888,0.09679706525137197,0.24518754686605176,10000,0
vidstg,search_all,target_search_fit,T_A,mse,0.05176479574005329,0.015894335550722942,0.1099594328346327,10000,0
vidstg,search_all,target_search_fit,T_A,rho,0.8337666698570664,0.662306277937113,0.9691786561309679,10000,0
vidstg,search_all,target_search_fit,T_A,truth_mean,0.42363786930715125,0.2510251527605097,0.6027454065912491,10000,0
vidstg,search_all,target_search_fit,T_A,prediction_mean,0.3353425161261353,0.22329612859742135,0.4586071583877823,10000,0
vidstg,search_all,target_search_fit,T_A,below_zero,0.0,0.0,0.0,10000,0
vidstg,search_all,target_search_fit,T_A,above_one,0.0,0.0,0.0,10000,0
vidstg,search_all,target_search_fit,T_W,r2,0.7167423179233844,0.41432582631645754,0.8570840629299107,10000,0
vidstg,search_all,target_search_fit,T_W,mae,0.15660041738877623,0.10850226396955265,0.21234099379383717,10000,0
vidstg,search_all,target_search_fit,T_W,mse,0.03791475929162184,0.017381067967343008,0.06364329865602755,10000,0
vidstg,search_all,target_search_fit,T_W,rho,0.8783795312538043,0.7777940776093051,0.961427845124992,10000,0
vidstg,search_all,target_search_fit,T_W,truth_mean,0.4241245153180383,0.24652666765620007,0.6020876618882048,10000,0
vidstg,search_all,target_search_fit,T_W,prediction_mean,0.36936186474554494,0.25110505821039414,0.49625876508872635,10000,0
vidstg,search_all,target_search_fit,T_W,below_zero,0.0,0.0,0.0,10000,0
vidstg,search_all,target_search_fit,T_W,above_one,0.0,0.0,0.0,10000,0
vidstg,search_all,target_search_fit,delta_T,r2,0.2524532114719015,-0.8366251342388882,0.4198615192474277,10000,0
vidstg,search_all,target_search_fit,delta_T,mae,0.10705421582506539,0.0549298738874713,0.1679779141882689,10000,0
vidstg,search_all,target_search_fit,delta_T,mse,0.02804002490843707,0.0078641281079075,0.05486958615830858,10000,0
vidstg,search_all,target_search_fit,delta_T,rho,0.582193603179977,-0.03281415123687971,0.8402215085517196,10000,0
vidstg,search_all,target_search_fit,delta_T,truth_mean,0.0004866460108870507,-0.07849515588723534,0.10170286985155091,10000,0
vidstg,search_all,target_search_fit,delta_T,prediction_mean,0.03401934861940963,0.008044613238713937,0.062385208970653035,10000,0
vidstg,search_all,target_search_fit,delta_T,below_zero,0.30208333333333337,0.14583333333333331,0.46875,10000,0
vidstg,search_all,target_search_fit,delta_T,above_one,0.0,0.0,0.0,10000,0
vidstg,search_corrupt,source_fit,P_A,r2,0.30374310969161866,-0.18813257623182786,0.534916648450442,10000,0
vidstg,search_corrupt,source_fit,P_A,mae,0.29342663626167387,0.21196180731677194,0.37612559626418657,10000,0
vidstg,search_corrupt,source_fit,P_A,mse,0.1170704818842759,0.06890479473470504,0.170658065355547,10000,0
vidstg,search_corrupt,source_fit,P_A,rho,0.5722457687005309,0.25113562674977513,0.8091624006545081,10000,0
vidstg,search_corrupt,source_fit,P_A,truth_mean,0.48381118631132286,0.28582124103855333,0.684145536031457,10000,0
vidstg,search_corrupt,source_fit,P_A,prediction_mean,0.42229308940852794,0.31789397655133855,0.5268597279082967,10000,0
vidstg,search_corrupt,source_fit,P_A,below_zero,0.0,0.0,0.0,10000,0
vidstg,search_corrupt,source_fit,P_A,above_one,0.0,0.0,0.0,10000,0
vidstg,search_corrupt,source_fit,R_A,r2,-0.056177979186563975,-0.8546692792846109,0.28339836510532795,10000,0
vidstg,search_corrupt,source_fit,R_A,mae,0.3555102204277635,0.2547753358906475,0.45627730014313456,10000,0
vidstg,search_corrupt,source_fit,R_A,mse,0.172112207055821,0.09934983259077837,0.250413420567192,10000,0
vidstg,search_corrupt,source_fit,R_A,rho,0.1720611438864209,-0.3391158472076525,0.583950787686293,10000,0
vidstg,search_corrupt,source_fit,R_A,truth_mean,0.565615942689824,0.3661008460388153,0.7596740377102505,10000,0
vidstg,search_corrupt,source_fit,R_A,prediction_mean,0.566160450693021,0.4796898187132455,0.654105386646595,10000,0
vidstg,search_corrupt,source_fit,R_A,below_zero,0.0,0.0,0.0,10000,0
vidstg,search_corrupt,source_fit,R_A,above_one,0.025,0.0,0.07500000000000001,10000,0
vidstg,search_corrupt,source_fit,P_W,r2,0.19950507210761437,-0.3829150496161915,0.45711804695879704,10000,0
vidstg,search_corrupt,source_fit,P_W,mae,0.3508865290311137,0.27593011950430546,0.42731811379996487,10000,0
vidstg,search_corrupt,source_fit,P_W,mse,0.15259438899305672,0.09743453753160526,0.21601189671316565,10000,0
vidstg,search_corrupt,source_fit,P_W,rho,0.4568204936115631,0.02652302134383066,0.7612057741756941,10000,0
vidstg,search_corrupt,source_fit,P_W,truth_mean,0.5085657072274151,0.2972473492477398,0.7211461797761917,10000,0
vidstg,search_corrupt,source_fit,P_W,prediction_mean,0.4674041944096076,0.37755246909497725,0.5572558749803461,10000,0
vidstg,search_corrupt,source_fit,P_W,below_zero,0.0,0.0,0.0,10000,0
vidstg,search_corrupt,source_fit,P_W,above_one,0.0,0.0,0.0,10000,0
vidstg,search_corrupt,source_fit,R_W,r2,-0.13710200870486045,-0.7021483168565399,0.07537962905709202,10000,0
vidstg,search_corrupt,source_fit,R_W,mae,0.3767767449267323,0.28173752637845517,0.46983688878286867,10000,0
vidstg,search_corrupt,source_fit,R_W,mse,0.18466867662117112,0.11596020680136983,0.2586726106222068,10000,0
vidstg,search_corrupt,source_fit,R_W,rho,0.06512044985435302,-0.40854130026278845,0.4456087781576919,10000,0
vidstg,search_corrupt,source_fit,R_W,truth_mean,0.5831414718596041,0.3963787827186735,0.7613182626081771,10000,0
vidstg,search_corrupt,source_fit,R_W,prediction_mean,0.637402316393948,0.5635334694049976,0.7216749495222778,10000,0
vidstg,search_corrupt,source_fit,R_W,below_zero,0.0,0.0,0.0,10000,0
vidstg,search_corrupt,source_fit,R_W,above_one,0.0625,0.0,0.16249999999999998,10000,0
vidstg,search_corrupt,source_fit,P_pool,r2,0.3296973340502115,0.05190029021613136,0.5104243548554632,10000,0
vidstg,search_corrupt,source_fit,P_pool,mae,0.2892488015747145,0.22672251282854805,0.3522806354684155,10000,0
vidstg,search_corrupt,source_fit,P_pool,mse,0.12799781271310356,0.08961538156629956,0.16980836864344545,10000,0
vidstg,search_corrupt,source_fit,P_pool,rho,0.5843762222292626,0.374417231802549,0.7702317463227736,10000,0
vidstg,search_corrupt,source_fit,P_pool,truth_mean,0.3974672388662255,0.24138857596899665,0.5690286954573442,10000,0
vidstg,search_corrupt,source_fit,P_pool,prediction_mean,0.3500848574000298,0.25079530103919917,0.45892785498137045,10000,0
vidstg,search_corrupt,source_fit,P_pool,below_zero,0.09218749999999999,0.02109375,0.18008789062499986,10000,0
vidstg,search_corrupt,source_fit,P_pool,above_one,0.0,0.0,0.0,10000,0
vidstg,search_corrupt,source_fit,R_pool,r2,0.20220153041522193,-0.004635865704290446,0.4122515046463307,10000,0
vidstg,search_corrupt,source_fit,R_pool,mae,0.26086605852896366,0.20472820431570482,0.3156140436982756,10000,0
vidstg,search_corrupt,source_fit,R_pool,mse,0.1109750232849113,0.07351542495001805,0.15041728980879404,10000,0
vidstg,search_corrupt,source_fit,R_pool,rho,0.46563617102485905,0.2753594573563691,0.647083312212836,10000,0
vidstg,search_corrupt,source_fit,R_pool,truth_mean,0.31496745738117793,0.268208831653113,0.3591377102720003,10000,0
vidstg,search_corrupt,source_fit,R_pool,prediction_mean,0.3391408088346229,0.30926111873326656,0.36829699370859215,10000,0
vidstg,search_corrupt,source_fit,R_pool,below_zero,0.026171874999999997,0.0125,0.041796875,10000,0
vidstg,search_corrupt,source_fit,R_pool,above_one,0.003515625,0.0,0.008984375,10000,0
vidstg,search_corrupt,source_fit,T_A,r2,0.23639569888612855,-0.38136506602796344,0.5111871110862178,10000,0
vidstg,search_corrupt,source_fit,T_A,mae,0.26626732604549097,0.190105983847096,0.3513618072769162,10000,0
vidstg,search_corrupt,source_fit,T_A,mse,0.10208913099480958,0.05312559571318825,0.1641877691092381,10000,0
vidstg,search_corrupt,source_fit,T_A,rho,0.5822447546654566,0.2441410599253702,0.828225235585228,10000,0
vidstg,search_corrupt,source_fit,T_A,truth_mean,0.42328503157225406,0.24920457069423382,0.6032506354895038,10000,0
vidstg,search_corrupt,source_fit,T_A,prediction_mean,0.3130837296769869,0.2330411720724138,0.3964320592372555,10000,0
vidstg,search_corrupt,source_fit,T_A,below_zero,0.0,0.0,0.0,10000,0
vidstg,search_corrupt,source_fit,T_A,above_one,0.0,0.0,0.0,10000,0
vidstg,search_corrupt,source_fit,T_W,r2,0.20222889588735204,-0.4116666240971807,0.46821320730563465,10000,0
vidstg,search_corrupt,source_fit,T_W,mae,0.29050614947530795,0.2266553400293903,0.3578423032981229,10000,0
vidstg,search_corrupt,source_fit,T_W,mse,0.10665643368457785,0.06742004928176643,0.15266611948548592,10000,0
vidstg,search_corrupt,source_fit,T_W,rho,0.4844261066148032,0.07542193264583716,0.780435894865634,10000,0
vidstg,search_corrupt,source_fit,T_W,truth_mean,0.4261531933937118,0.24864263685387744,0.6033131489368293,10000,0
vidstg,search_corrupt,source_fit,T_W,prediction_mean,0.36390436329608356,0.292179579119268,0.4386669660869948,10000,0
vidstg,search_corrupt,source_fit,T_W,below_zero,0.0,0.0,0.0,10000,0
vidstg,search_corrupt,source_fit,T_W,above_one,0.0,0.0,0.0,10000,0
vidstg,search_corrupt,source_fit,delta_T,r2,-0.09286960867957617,-1.9115407734217598,0.20537528744057093,10000,0
vidstg,search_corrupt,source_fit,delta_T,mae,0.13517822491399037,0.07547652653102704,0.2016061251008399,10000,0
vidstg,search_corrupt,source_fit,delta_T,mse,0.040120410963434876,0.01339281437071264,0.07325665970166124,10000,0
vidstg,search_corrupt,source_fit,delta_T,rho,0.11313058602066503,-0.4601581181012016,0.6633978671770671,10000,0
vidstg,search_corrupt,source_fit,delta_T,truth_mean,0.0028681618214577887,-0.07575024492065321,0.10146169814379878,10000,0
vidstg,search_corrupt,source_fit,delta_T,prediction_mean,0.050820633619096674,0.026557561276994348,0.07675923775859893,10000,0
vidstg,search_corrupt,source_fit,delta_T,below_zero,0.1,0.037500000000000006,0.17500000000000002,10000,0
vidstg,search_corrupt,source_fit,delta_T,above_one,0.0,0.0,0.0,10000,0
vidstg,search_corrupt,target_search_fit,P_A,r2,0.8593420107532076,0.6857717934681442,0.9446296963682052,10000,0
vidstg,search_corrupt,target_search_fit,P_A,mae,0.11151979029739498,0.06980329765724272,0.16551333545015692,10000,0
vidstg,search_corrupt,target_search_fit,P_A,mse,0.023650607715640527,0.008144339547192153,0.0478433931777752,10000,0
vidstg,search_corrupt,target_search_fit,P_A,rho,0.9490166274292855,0.8853239003812959,0.9864267180585882,10000,0
vidstg,search_corrupt,target_search_fit,P_A,truth_mean,0.48381118631132286,0.28582124103855333,0.684145536031457,10000,0
vidstg,search_corrupt,target_search_fit,P_A,prediction_mean,0.45789507076604535,0.31072246468780607,0.6113675695080821,10000,0
vidstg,search_corrupt,target_search_fit,P_A,below_zero,0.0,0.0,0.0,10000,0
vidstg,search_corrupt,target_search_fit,P_A,above_one,0.0125,0.0,0.037500000000000006,10000,0
vidstg,search_corrupt,target_search_fit,R_A,r2,0.41763490157558203,-0.3194195789428366,0.6835459059862912,10000,0
vidstg,search_corrupt,target_search_fit,R_A,mae,0.25802576506737906,0.1862288036876087,0.34111094803242864,10000,0
vidstg,search_corrupt,target_search_fit,R_A,mse,0.09490080685009429,0.04597462252273072,0.1564764987409193,10000,0
vidstg,search_corrupt,target_search_fit,R_A,rho,0.7034934569082308,0.3954873188739875,0.90081626136653,10000,0
vidstg,search_corrupt,target_search_fit,R_A,truth_mean,0.565615942689824,0.3661008460388153,0.7596740377102505,10000,0
vidstg,search_corrupt,target_search_fit,R_A,prediction_mean,0.4806877570973981,0.3827663799373047,0.5829630482949284,10000,0
vidstg,search_corrupt,target_search_fit,R_A,below_zero,0.0,0.0,0.0,10000,0
vidstg,search_corrupt,target_search_fit,R_A,above_one,0.0,0.0,0.0,10000,0
vidstg,search_corrupt,target_search_fit,P_W,r2,0.8358029864991608,0.6932186965640571,0.9176983987806953,10000,0
vidstg,search_corrupt,target_search_fit,P_W,mae,0.13929439121228226,0.09476056059788268,0.1884535223018992,10000,0
vidstg,search_corrupt,target_search_fit,P_W,mse,0.03130006459330567,0.014726341740708184,0.051025850269921,10000,0
vidstg,search_corrupt,target_search_fit,P_W,rho,0.9406765363559944,0.8886920771523422,0.9798610284323785,10000,0
vidstg,search_corrupt,target_search_fit,P_W,truth_mean,0.5085657072274151,0.2972473492477398,0.7211461797761917,10000,0
vidstg,search_corrupt,target_search_fit,P_W,prediction_mean,0.502265620516851,0.34946119354601046,0.6526822289065134,10000,0
vidstg,search_corrupt,target_search_fit,P_W,below_zero,0.0,0.0,0.0,10000,0
vidstg,search_corrupt,target_search_fit,P_W,above_one,0.0125,0.0,0.037500000000000006,10000,0
vidstg,search_corrupt,target_search_fit,R_W,r2,0.49811870874676134,0.036821445856862936,0.6338982961187144,10000,0
vidstg,search_corrupt,target_search_fit,R_W,mae,0.2514149371944279,0.1931421304622262,0.30818711328861653,10000,0
vidstg,search_corrupt,target_search_fit,R_W,mse,0.08150698280994424,0.054537655991748375,0.11255897614063722,10000,0
vidstg,search_corrupt,target_search_fit,R_W,rho,0.759415614074771,0.5478255561840832,0.9030716410773766,10000,0
vidstg,search_corrupt,target_search_fit,R_W,truth_mean,0.5831414718596041,0.3963787827186735,0.7613182626081771,10000,0
vidstg,search_corrupt,target_search_fit,R_W,prediction_mean,0.5400725328301436,0.4484064427771841,0.6373687189340695,10000,0
vidstg,search_corrupt,target_search_fit,R_W,below_zero,0.0,0.0,0.0,10000,0
vidstg,search_corrupt,target_search_fit,R_W,above_one,0.0125,0.0,0.037500000000000006,10000,0
vidstg,search_corrupt,target_search_fit,P_pool,r2,0.7789523753232881,0.6521325996888063,0.8518720111007938,10000,0
vidstg,search_corrupt,target_search_fit,P_pool,mae,0.15213542401283225,0.12227279308584149,0.18479603916082152,10000,0
vidstg,search_corrupt,target_search_fit,P_pool,mse,0.042210204287275836,0.02927853014975464,0.05741421175531718,10000,0
vidstg,search_corrupt,target_search_fit,P_pool,rho,0.8940270696093988,0.8258095263681701,0.9324398581064697,10000,0
vidstg,search_corrupt,target_search_fit,P_pool,truth_mean,0.3974672388662255,0.24138857596899665,0.5690286954573442,10000,0
vidstg,search_corrupt,target_search_fit,P_pool,prediction_mean,0.39570777920934797,0.2613117006099911,0.5444081224252244,10000,0
vidstg,search_corrupt,target_search_fit,P_pool,below_zero,0.028515625,0.01171875,0.048046874999999996,10000,0
vidstg,search_corrupt,target_search_fit,P_pool,above_one,0.03125,0.00078125,0.08789062500000001,10000,0
vidstg,search_corrupt,target_search_fit,R_pool,r2,0.5066909309355454,0.38678446650663645,0.6280521152404605,10000,0
vidstg,search_corrupt,target_search_fit,R_pool,mae,0.20295152161893695,0.16251036228624008,0.24673219439445876,10000,0
vidstg,search_corrupt,target_search_fit,R_pool,mse,0.06862006824176826,0.046259880432012304,0.09395493543898618,10000,0
vidstg,search_corrupt,target_search_fit,R_pool,rho,0.7400964644787287,0.6517887703889078,0.8218677894785487,10000,0
vidstg,search_corrupt,target_search_fit,R_pool,truth_mean,0.31496745738117793,0.268208831653113,0.3591377102720003,10000,0
vidstg,search_corrupt,target_search_fit,R_pool,prediction_mean,0.31487887053355434,0.27272950209291186,0.35592365463033465,10000,0
vidstg,search_corrupt,target_search_fit,R_pool,below_zero,0.02890625,0.005849609375000009,0.0609375,10000,0
vidstg,search_corrupt,target_search_fit,R_pool,above_one,0.0015625,0.0,0.004687500000000001,10000,0
vidstg,search_corrupt,target_search_fit,T_A,r2,0.6039475489302653,0.1318838273292033,0.8377954014406251,10000,0
vidstg,search_corrupt,target_search_fit,T_A,mae,0.1632188140953068,0.0989718346900761,0.24857860073026822,10000,0
vidstg,search_corrupt,target_search_fit,T_A,mse,0.05294974176951905,0.016590949820263982,0.11103299753541207,10000,0
vidstg,search_corrupt,target_search_fit,T_A,rho,0.8338208794539765,0.6637420433499154,0.9698142164779824,10000,0
vidstg,search_corrupt,target_search_fit,T_A,truth_mean,0.42328503157225406,0.24920457069423382,0.6032506354895038,10000,0
vidstg,search_corrupt,target_search_fit,T_A,prediction_mean,0.3317272816828476,0.22064696486289487,0.45385821812900295,10000,0
vidstg,search_corrupt,target_search_fit,T_A,below_zero,0.0,0.0,0.0,10000,0
vidstg,search_corrupt,target_search_fit,T_A,above_one,0.0,0.0,0.0,10000,0
vidstg,search_corrupt,target_search_fit,T_W,r2,0.7127229816561762,0.40526747452879247,0.8546189426896752,10000,0
vidstg,search_corrupt,target_search_fit,T_W,mae,0.1575022734352873,0.10892759137322511,0.21361999857593317,10000,0
vidstg,search_corrupt,target_search_fit,T_W,mse,0.03840693414205792,0.017704474095504564,0.06443224533266331,10000,0
vidstg,search_corrupt,target_search_fit,T_W,rho,0.8764397137817598,0.7728642482726853,0.9609320431391972,10000,0
vidstg,search_corrupt,target_search_fit,T_W,truth_mean,0.4261531933937118,0.24864263685387744,0.6033131489368293,10000,0
vidstg,search_corrupt,target_search_fit,T_W,prediction_mean,0.36933891630469545,0.25093405774332755,0.49563531868007793,10000,0
vidstg,search_corrupt,target_search_fit,T_W,below_zero,0.0,0.0,0.0,10000,0
vidstg,search_corrupt,target_search_fit,T_W,above_one,0.0,0.0,0.0,10000,0
vidstg,search_corrupt,target_search_fit,delta_T,r2,0.23878127415277783,-0.8725176969126981,0.42074648213772703,10000,0
vidstg,search_corrupt,target_search_fit,delta_T,mae,0.1079597548318202,0.05626520642000978,0.16838912993995284,10000,0
vidstg,search_corrupt,target_search_fit,delta_T,mse,0.027945152716756638,0.007958210753319789,0.05414479347186007,10000,0
vidstg,search_corrupt,target_search_fit,delta_T,rho,0.5623366370243555,-0.035103727260265234,0.8329670374471444,10000,0
vidstg,search_corrupt,target_search_fit,delta_T,truth_mean,0.0028681618214577887,-0.07575024492065321,0.10146169814379878,10000,0
vidstg,search_corrupt,target_search_fit,delta_T,prediction_mean,0.037611634621847814,0.010996731425760903,0.066492461208898,10000,0
vidstg,search_corrupt,target_search_fit,delta_T,below_zero,0.2625,0.11249999999999999,0.425,10000,0
vidstg,search_corrupt,target_search_fit,delta_T,above_one,0.0,0.0,0.0,10000,0
vidstg,search_clean,source_fit,P_A,r2,0.3648053787660268,-0.13388223390966425,0.589288975965398,10000,0
vidstg,search_clean,source_fit,P_A,mae,0.2815028173391942,0.2052511694737744,0.3613612549316912,10000,0
vidstg,search_clean,source_fit,P_A,mse,0.10459655576028049,0.061770640142045335,0.15630291719033793,10000,0
vidstg,search_clean,source_fit,P_A,rho,0.61425831026918,0.29686942737746824,0.8481677790538535,10000,0
vidstg,search_clean,source_fit,P_A,truth_mean,0.48480697411906115,0.28839470229852826,0.6841911294997903,10000,0
vidstg,search_clean,source_fit,P_A,prediction_mean,0.4412436927191733,0.3258316389304432,0.5583389710927353,10000,0
vidstg,search_clean,source_fit,P_A,below_zero,0.0,0.0,0.0,10000,0
vidstg,search_clean,source_fit,P_A,above_one,0.0,0.0,0.0,10000,0
vidstg,search_clean,source_fit,R_A,r2,-0.0014539839153606682,-0.8357511981668292,0.35769853434241616,10000,0
vidstg,search_clean,source_fit,R_A,mae,0.3411588479703519,0.23519788098146396,0.44729547258309343,10000,0
vidstg,search_clean,source_fit,R_A,mse,0.1626215150601614,0.08654208238894234,0.24512565199418662,10000,0
vidstg,search_clean,source_fit,R_A,rho,0.2572516872444564,-0.28201605525570017,0.661427850589109,10000,0
vidstg,search_clean,source_fit,R_A,truth_mean,0.5748143072234565,0.3734670025810172,0.7715260949560089,10000,0
vidstg,search_clean,source_fit,R_A,prediction_mean,0.5894360064155468,0.4904876649179671,0.6915988422717473,10000,0
vidstg,search_clean,source_fit,R_A,below_zero,0.0,0.0,0.0,10000,0
vidstg,search_clean,source_fit,R_A,above_one,0.0625,0.0,0.1875,10000,0
vidstg,search_clean,source_fit,P_W,r2,0.2016878842923776,-0.4005660192634686,0.46297411901592933,10000,0
vidstg,search_clean,source_fit,P_W,mae,0.3517417021090112,0.2767961457483603,0.4212744746803563,10000,0
vidstg,search_clean,source_fit,P_W,mse,0.14527015452503247,0.0973671207127068,0.19410016097356775,10000,0
vidstg,search_clean,source_fit,P_W,rho,0.4500820273047011,0.013704276761671956,0.776521981845594,10000,0
vidstg,search_clean,source_fit,P_W,truth_mean,0.485106396562081,0.276980841811982,0.6941126698190149,10000,0
vidstg,search_clean,source_fit,P_W,prediction_mean,0.47957373798588443,0.3802652141369774,0.5791540275553989,10000,0
vidstg,search_clean,source_fit,P_W,below_zero,0.0,0.0,0.0,10000,0
vidstg,search_clean,source_fit,P_W,above_one,0.0,0.0,0.0,10000,0
vidstg,search_clean,source_fit,R_W,r2,-0.13221892653643996,-0.7038282812595007,0.07424797641788146,10000,0
vidstg,search_clean,source_fit,R_W,mae,0.36978854317463833,0.25619090169877845,0.4789264509152845,10000,0
vidstg,search_clean,source_fit,R_W,mse,0.18810644752343433,0.10965916401357652,0.2685041912920693,10000,0
vidstg,search_clean,source_fit,R_W,rho,0.055757226684215226,-0.5003371079575112,0.48836117996593376,10000,0
vidstg,search_clean,source_fit,R_W,truth_mean,0.563157373354377,0.35884986910267636,0.757496730457528,10000,0
vidstg,search_clean,source_fit,R_W,prediction_mean,0.6393330101558417,0.5711242730975831,0.7182597313302087,10000,0
vidstg,search_clean,source_fit,R_W,below_zero,0.0,0.0,0.0,10000,0
vidstg,search_clean,source_fit,R_W,above_one,0.0625,0.0,0.1875,10000,0
vidstg,search_clean,source_fit,P_pool,r2,0.3246510576982278,0.025269924237794526,0.5069242432210014,10000,0
vidstg,search_clean,source_fit,P_pool,mae,0.2943380479177752,0.23168961362860657,0.35546040494688697,10000,0
vidstg,search_clean,source_fit,P_pool,mse,0.1308038155143941,0.09313263812965877,0.1698618180824925,10000,0
vidstg,search_clean,source_fit,P_pool,rho,0.5762129863288151,0.37942090550894425,0.7740822317158148,10000,0
vidstg,search_clean,source_fit,P_pool,truth_mean,0.4035292901485129,0.2463041852172865,0.5757224785984232,10000,0
vidstg,search_clean,source_fit,P_pool,prediction_mean,0.37029179320511235,0.26029351442799675,0.48910467381784145,10000,0
vidstg,search_clean,source_fit,P_pool,below_zero,0.103515625,0.03125,0.19140625,10000,0
vidstg,search_clean,source_fit,P_pool,above_one,0.0,0.0,0.0,10000,0
vidstg,search_clean,source_fit,R_pool,r2,0.2317979092006246,0.025546924234100554,0.4355295841199697,10000,0
vidstg,search_clean,source_fit,R_pool,mae,0.25589798836407535,0.20072829847702395,0.31033825133708576,10000,0
vidstg,search_clean,source_fit,R_pool,mse,0.10784493106078595,0.07095240054263705,0.14673579625491864,10000,0
vidstg,search_clean,source_fit,R_pool,rho,0.49140819802602287,0.30661891093031446,0.6663417004329759,10000,0
vidstg,search_clean,source_fit,R_pool,truth_mean,0.3221682120790094,0.2733074474745506,0.3695153763731278,10000,0
vidstg,search_clean,source_fit,R_pool,prediction_mean,0.341619904068014,0.3086743080615943,0.3743815755592197,10000,0
vidstg,search_clean,source_fit,R_pool,below_zero,0.021484375,0.0078125,0.0390625,10000,0
vidstg,search_clean,source_fit,R_pool,above_one,0.00390625,0.0,0.009765625,10000,0
vidstg,search_clean,source_fit,T_A,r2,0.3310819524133706,-0.2668552884356556,0.6026115159075672,10000,0
vidstg,search_clean,source_fit,T_A,mae,0.24597728869878163,0.1725144408666577,0.33224027161366687,10000,0
vidstg,search_clean,source_fit,T_A,mse,0.08675915955847441,0.04169239246011331,0.14998536725084247,10000,0
vidstg,search_clean,source_fit,T_A,rho,0.6438304723891998,0.3187076376463437,0.878903834691171,10000,0
vidstg,search_clean,source_fit,T_A,truth_mean,0.4254020579816373,0.2516633333042809,0.6046070477207107,10000,0
vidstg,search_clean,source_fit,T_A,prediction_mean,0.33062301579179354,0.23986395310618114,0.42454138110127304,10000,0
vidstg,search_clean,source_fit,T_A,below_zero,0.0,0.0,0.0,10000,0
vidstg,search_clean,source_fit,T_A,above_one,0.0,0.0,0.0,10000,0
vidstg,search_clean,source_fit,T_W,r2,0.17943198273201533,-0.44255398039060595,0.4569754322722981,10000,0
vidstg,search_clean,source_fit,T_W,mae,0.30338490445019844,0.23855880678859426,0.3715640939646341,10000,0
vidstg,search_clean,source_fit,T_W,mse,0.1103882416527693,0.06890207223655015,0.16207133770747048,10000,0
vidstg,search_clean,source_fit,T_W,rho,0.440972161588607,-0.015893318558473597,0.8029021803429102,10000,0
vidstg,search_clean,source_fit,T_W,truth_mean,0.41398112493967065,0.2340909799155745,0.59420033839069,10000,0
vidstg,search_clean,source_fit,T_W,prediction_mean,0.36945148956949525,0.29421034674153346,0.44579828290761975,10000,0
vidstg,search_clean,source_fit,T_W,below_zero,0.0,0.0,0.0,10000,0
vidstg,search_clean,source_fit,T_W,above_one,0.0,0.0,0.0,10000,0
vidstg,search_clean,source_fit,delta_T,r2,0.02170758315218535,-1.9642061612663593,0.24648804432529592,10000,0
vidstg,search_clean,source_fit,delta_T,mae,0.13198712270457819,0.06350071140287293,0.20882702568081848,10000,0
vidstg,search_clean,source_fit,delta_T,mse,0.040433663455603175,0.00945423416440587,0.08125656406449135,10000,0
vidstg,search_clean,source_fit,delta_T,rho,0.2879018496450261,-0.441479905074095,0.8015070460885751,10000,0
vidstg,search_clean,source_fit,delta_T,truth_mean,-0.011420933041966648,-0.10023720796372279,0.09970626778780418,10000,0
vidstg,search_clean,source_fit,delta_T,prediction_mean,0.03882847377770175,0.012260662230380318,0.06739128890044183,10000,0
vidstg,search_clean,source_fit,delta_T,below_zero,0.3125,0.125,0.5625,10000,0
vidstg,search_clean,source_fit,delta_T,above_one,0.0,0.0,0.0,10000,0
vidstg,search_clean,target_search_fit,P_A,r2,0.8711666011173633,0.6836773431806308,0.9608323868445595,10000,0
vidstg,search_clean,target_search_fit,P_A,mae,0.10514820734791638,0.06371747520781296,0.16190489186533757,10000,0
vidstg,search_clean,target_search_fit,P_A,mse,0.021214804627652017,0.005846053364103355,0.046919888322302,10000,0
vidstg,search_clean,target_search_fit,P_A,rho,0.9505584809335842,0.8733244027497148,0.9932420397150705,10000,0
vidstg,search_clean,target_search_fit,P_A,truth_mean,0.48480697411906115,0.28839470229852826,0.6841911294997903,10000,0
vidstg,search_clean,target_search_fit,P_A,prediction_mean,0.4747024353055658,0.3234469685064756,0.6292130162765147,10000,0
vidstg,search_clean,target_search_fit,P_A,below_zero,0.0,0.0,0.0,10000,0
vidstg,search_clean,target_search_fit,P_A,above_one,0.0625,0.0,0.1875,10000,0
vidstg,search_clean,target_search_fit,R_A,r2,0.431191792693718,-0.3469417106299505,0.7151054325364593,10000,0
vidstg,search_clean,target_search_fit,R_A,mae,0.24872499109027416,0.16740872681784055,0.3373542772779346,10000,0
vidstg,search_clean,target_search_fit,R_A,mse,0.09236615354921765,0.040732567873609446,0.1559028523823775,10000,0
vidstg,search_clean,target_search_fit,R_A,rho,0.6962917542087158,0.3678419721093415,0.9130140765259737,10000,0
vidstg,search_clean,target_search_fit,R_A,truth_mean,0.5748143072234565,0.3734670025810172,0.7715260949560089,10000,0
vidstg,search_clean,target_search_fit,R_A,prediction_mean,0.5033121005757999,0.3978269150289055,0.6140619636570066,10000,0
vidstg,search_clean,target_search_fit,R_A,below_zero,0.0,0.0,0.0,10000,0
vidstg,search_clean,target_search_fit,R_A,above_one,0.0,0.0,0.0,10000,0
vidstg,search_clean,target_search_fit,P_W,r2,0.8556875679239434,0.7212589336011387,0.9283676143746153,10000,0
vidstg,search_clean,target_search_fit,P_W,mae,0.1346968280966149,0.09289684764113758,0.17985655719470778,10000,0
vidstg,search_clean,target_search_fit,P_W,mse,0.02626076805685115,0.012662046742478643,0.04359247536729832,10000,0
vidstg,search_clean,target_search_fit,P_W,rho,0.950925306991249,0.89786347204574,0.9864669349585624,10000,0
vidstg,search_clean,target_search_fit,P_W,truth_mean,0.485106396562081,0.276980841811982,0.6941126698190149,10000,0
vidstg,search_clean,target_search_fit,P_W,prediction_mean,0.5004087517328603,0.347892549541145,0.6525452439315134,10000,0
vidstg,search_clean,target_search_fit,P_W,below_zero,0.0,0.0,0.0,10000,0
vidstg,search_clean,target_search_fit,P_W,above_one,0.0625,0.0,0.1875,10000,0
vidstg,search_clean,target_search_fit,R_W,r2,0.5577376413114075,0.1704814134547462,0.6834274038126684,10000,0
vidstg,search_clean,target_search_fit,R_W,mae,0.23199543822378155,0.16172893922920856,0.2993512706217747,10000,0
vidstg,search_clean,target_search_fit,R_W,mse,0.07347731010003436,0.04275111104396309,0.10639264798917401,10000,0
vidstg,search_clean,target_search_fit,R_W,rho,0.8207227438062165,0.6365677759354188,0.9419131517307088,10000,0
vidstg,search_clean,target_search_fit,R_W,truth_mean,0.563157373354377,0.35884986910267636,0.757496730457528,10000,0
vidstg,search_clean,target_search_fit,R_W,prediction_mean,0.5401114467305983,0.4465664811384142,0.6398173496901403,10000,0
vidstg,search_clean,target_search_fit,R_W,below_zero,0.0,0.0,0.0,10000,0
vidstg,search_clean,target_search_fit,R_W,above_one,0.0,0.0,0.0,10000,0
vidstg,search_clean,target_search_fit,P_pool,r2,0.7814277053686827,0.6598191689275973,0.8517186086419904,10000,0
vidstg,search_clean,target_search_fit,P_pool,mae,0.15297256795041117,0.12263365540190199,0.18644496388215634,10000,0
vidstg,search_clean,target_search_fit,P_pool,mse,0.042333804516032615,0.029861833056982333,0.05620851089386189,10000,0
vidstg,search_clean,target_search_fit,P_pool,rho,0.8952451731543127,0.8361737031930453,0.931296547229378,10000,0
vidstg,search_clean,target_search_fit,P_pool,truth_mean,0.4035292901485129,0.2463041852172865,0.5757224785984232,10000,0
vidstg,search_clean,target_search_fit,P_pool,prediction_mean,0.4123265884329029,0.27384608365660656,0.5645866141978714,10000,0
vidstg,search_clean,target_search_fit,P_pool,below_zero,0.01953125,0.009765625,0.03125,10000,0
vidstg,search_clean,target_search_fit,P_pool,above_one,0.05078125,0.0,0.146484375,10000,0
vidstg,search_clean,target_search_fit,R_pool,r2,0.5319640895095987,0.41555020374430696,0.6436134371081742,10000,0
vidstg,search_clean,target_search_fit,R_pool,mae,0.19883659373868878,0.1591783776913852,0.24182214225738413,10000,0
vidstg,search_clean,target_search_fit,R_pool,mse,0.06570575777564722,0.04439095343303836,0.0901034439383112,10000,0
vidstg,search_clean,target_search_fit,R_pool,rho,0.759708273928739,0.6767570591830856,0.8331762878828112,10000,0
vidstg,search_clean,target_search_fit,R_pool,truth_mean,0.3221682120790094,0.2733074474745506,0.3695153763731278,10000,0
vidstg,search_clean,target_search_fit,R_pool,prediction_mean,0.3226111463171278,0.2779116991211144,0.3655540822773666,10000,0
vidstg,search_clean,target_search_fit,R_pool,below_zero,0.03515625,0.009765625,0.0703125,10000,0
vidstg,search_clean,target_search_fit,R_pool,above_one,0.001953125,0.0,0.005859375,10000,0
vidstg,search_clean,target_search_fit,T_A,r2,0.646570490844119,0.14978924823270182,0.9026029085683457,10000,0
vidstg,search_clean,target_search_fit,T_A,mae,0.14390860410145923,0.0787012638854875,0.2326933422909481,10000,0
vidstg,search_clean,target_search_fit,T_A,mse,0.04584006559272461,0.010128890758564754,0.10532774213499181,10000,0
vidstg,search_clean,target_search_fit,T_A,rho,0.8375673367945804,0.6536377816192653,0.9737006314961939,10000,0
vidstg,search_clean,target_search_fit,T_A,truth_mean,0.4254020579816373,0.2516633333042809,0.6046070477207107,10000,0
vidstg,search_clean,target_search_fit,T_A,prediction_mean,0.35341868834257384,0.23421211569524755,0.4852636804901665,10000,0
vidstg,search_clean,target_search_fit,T_A,below_zero,0.0,0.0,0.0,10000,0
vidstg,search_clean,target_search_fit,T_A,above_one,0.0,0.0,0.0,10000,0
vidstg,search_clean,target_search_fit,T_W,r2,0.7364545017142978,0.4606029642246693,0.8764137427446175,10000,0
vidstg,search_clean,target_search_fit,T_W,mae,0.15209113715622072,0.10065260709595236,0.2113414471463252,10000,0
vidstg,search_clean,target_search_fit,T_W,mse,0.03545388503944152,0.014364516448350325,0.06129392178100036,10000,0
vidstg,search_clean,target_search_fit,T_W,rho,0.8885726162599976,0.7991387415375549,0.9694560369921039,10000,0
vidstg,search_clean,target_search_fit,T_W,truth_mean,0.41398112493967065,0.2340909799155745,0.59420033839069,10000,0
vidstg,search_clean,target_search_fit,T_W,prediction_mean,0.36947660694979256,0.2506354826604533,0.49838860964408355,10000,0
vidstg,search_clean,target_search_fit,T_W,below_zero,0.0,0.0,0.0,10000,0
vidstg,search_clean,target_search_fit,T_W,above_one,0.0,0.0,0.0,10000,0
vidstg,search_clean,target_search_fit,delta_T,r2,0.3100944836415591,-0.8580559353814085,0.44920822453110254,10000,0
vidstg,search_clean,target_search_fit,delta_T,mae,0.10252652079129133,0.04364300798566928,0.17125094283377998,10000,0
vidstg,search_clean,target_search_fit,delta_T,mse,0.02851438586683924,0.005170863424687817,0.06009679576408344,10000,0
vidstg,search_clean,target_search_fit,delta_T,rho,0.69995050646443,-0.17437564270182435,0.931427387412652,10000,0
vidstg,search_clean,target_search_fit,delta_T,truth_mean,-0.011420933041966648,-0.10023720796372279,0.09970626778780418,10000,0
vidstg,search_clean,target_search_fit,delta_T,prediction_mean,0.016057918607218724,-0.011012021415426107,0.04727802020449529,10000,0
vidstg,search_clean,target_search_fit,delta_T,below_zero,0.5,0.25,0.75,10000,0
vidstg,search_clean,target_search_fit,delta_T,above_one,0.0,0.0,0.0,10000,0
vidstg,confirm_all,source_fit,P_A,r2,0.1801171454056708,-1.2076513318757254,0.5768060304809055,10000,0
vidstg,confirm_all,source_fit,P_A,mae,0.3193233525169997,0.20494388470012653,0.43801189119412265,10000,0
vidstg,confirm_all,source_fit,P_A,mse,0.13251581140999547,0.056320670473009184,0.22002813516961173,10000,0
vidstg,confirm_all,source_fit,P_A,rho,0.4348357682826213,-0.26391172985818895,0.8698885711061918,10000,0
vidstg,confirm_all,source_fit,P_A,truth_mean,0.5291426996862171,0.2520846134570352,0.8043770231781099,10000,0
vidstg,confirm_all,source_fit,P_A,prediction_mean,0.528410083741018,0.3787675826930965,0.664759580413991,10000,0
vidstg,confirm_all,source_fit,P_A,below_zero,0.0,0.0,0.0,10000,0
vidstg,confirm_all,source_fit,P_A,above_one,0.0,0.0,0.0,10000,0
vidstg,confirm_all,source_fit,R_A,r2,-1.719210717576201,-12.638465511124195,-0.09931516263356811,10000,0
vidstg,confirm_all,source_fit,R_A,mae,0.24272293478747392,0.14080451027272242,0.34911064198441205,10000,0
vidstg,confirm_all,source_fit,R_A,mse,0.08776159223858561,0.0350519401378811,0.1458416426182541,10000,0
vidstg,confirm_all,source_fit,R_A,rho,0.2709665178104494,-0.5815155425516828,0.6406274964051458,10000,0
vidstg,confirm_all,source_fit,R_A,truth_mean,0.8397096250080129,0.7439575958398468,0.9304692059776902,10000,0
vidstg,confirm_all,source_fit,R_A,prediction_mean,0.6358021828083841,0.5276482389536885,0.7486301126309601,10000,0
vidstg,confirm_all,source_fit,R_A,below_zero,0.0,0.0,0.0,10000,0
vidstg,confirm_all,source_fit,R_A,above_one,0.0,0.0,0.0,10000,0
vidstg,confirm_all,source_fit,P_W,r2,0.2517054495869585,-1.200165411115061,0.608215964401097,10000,0
vidstg,confirm_all,source_fit,P_W,mae,0.29130172897807655,0.19736212934036557,0.3916296674123736,10000,0
vidstg,confirm_all,source_fit,P_W,mse,0.10818709163673641,0.049964278161895435,0.17828376785914876,10000,0
vidstg,confirm_all,source_fit,P_W,rho,0.5068483172385461,-0.23298761156809275,0.9002218776619578,10000,0
vidstg,confirm_all,source_fit,P_W,truth_mean,0.5130372484771379,0.2522258401538229,0.7687175896683559,10000,0
vidstg,confirm_all,source_fit,P_W,prediction_mean,0.5233467156640729,0.3728975066631995,0.6651422586555339,10000,0
vidstg,confirm_all,source_fit,P_W,below_zero,0.0,0.0,0.0,10000,0
vidstg,confirm_all,source_fit,P_W,above_one,0.0,0.0,0.0,10000,0
vidstg,confirm_all,source_fit,R_W,r2,-4.626465809299118,-23.377001041340264,-0.5097895799250755,10000,0
vidstg,confirm_all,source_fit,R_W,mae,0.22964712358593187,0.12930434485878234,0.3550761813713043,10000,0
vidstg,confirm_all,source_fit,R_W,mse,0.0858219751014703,0.02670062060105216,0.16142918032216882,10000,0
vidstg,confirm_all,source_fit,R_W,rho,-0.31354516633017593,-0.8029846482038474,0.38388305660529143,10000,0
vidstg,confirm_all,source_fit,R_W,truth_mean,0.8880160350496059,0.8173242044509869,0.9581168487094188,10000,0
vidstg,confirm_all,source_fit,R_W,prediction_mean,0.6967477680543063,0.5991890063989463,0.7879796954134858,10000,0
vidstg,confirm_all,source_fit,R_W,below_zero,0.0,0.0,0.0,10000,0
vidstg,confirm_all,source_fit,R_W,above_one,0.0,0.0,0.0,10000,0
vidstg,confirm_all,source_fit,P_pool,r2,0.3103088779186045,-1.0527219351615604,0.6354864963990794,10000,0
vidstg,confirm_all,source_fit,P_pool,mae,0.28807670591837486,0.20391552128126295,0.3955389413294481,10000,0
vidstg,confirm_all,source_fit,P_pool,mse,0.124874066000013,0.06663608921843431,0.21163278952340278,10000,0
vidstg,confirm_all,source_fit,P_pool,rho,0.5892722744262898,0.12758153687040055,0.8451385030146235,10000,0
vidstg,confirm_all,source_fit,P_pool,truth_mean,0.384393885043613,0.16414904370232586,0.6286862990316353,10000,0
vidstg,confirm_all,source_fit,P_pool,prediction_mean,0.4653090597868032,0.3036090505950354,0.6199563719537217,10000,0
vidstg,confirm_all,source_fit,P_pool,below_zero,0.0234375,0.00390625,0.0546875,10000,0
vidstg,confirm_all,source_fit,P_pool,above_one,0.0,0.0,0.0,10000,0
vidstg,confirm_all,source_fit,R_pool,r2,0.5912039538444571,0.4167539542385581,0.7441164626644711,10000,0
vidstg,confirm_all,source_fit,R_pool,mae,0.19779651230227524,0.1442614736411284,0.2549549220736778,10000,0
vidstg,confirm_all,source_fit,R_pool,mse,0.06302739956894671,0.03618418493831929,0.09206188825588209,10000,0
vidstg,confirm_all,source_fit,R_pool,rho,0.7839194916107453,0.6649187275548183,0.8821314230764838,10000,0
vidstg,confirm_all,source_fit,R_pool,truth_mean,0.3603200468715006,0.2895716202651915,0.4335573107330804,10000,0
vidstg,confirm_all,source_fit,R_pool,prediction_mean,0.37278777846011,0.3284470493992937,0.4156108188089263,10000,0
vidstg,confirm_all,source_fit,R_pool,below_zero,0.024739583333333332,0.005859375,0.048177083333333336,10000,0
vidstg,confirm_all,source_fit,R_pool,above_one,0.0,0.0,0.0,10000,0
vidstg,confirm_all,source_fit,T_A,r2,0.1728679621951401,-1.1458560388685939,0.5830226061131354,10000,0
vidstg,confirm_all,source_fit,T_A,mae,0.27260366610008474,0.1806227220097302,0.3788911605355883,10000,0
vidstg,confirm_all,source_fit,T_A,mse,0.0977545779867473,0.03916157161208614,0.1744849310591441,10000,0
vidstg,confirm_all,source_fit,T_A,rho,0.4546178782158379,-0.18287510254606704,0.864242588796611,10000,0
vidstg,confirm_all,source_fit,T_A,truth_mean,0.46632814964566605,0.2342285155182533,0.7053626630143575,10000,0
vidstg,confirm_all,source_fit,T_A,prediction_mean,0.40621736755800486,0.2894601254316168,0.5160123672999802,10000,0
vidstg,confirm_all,source_fit,T_A,below_zero,0.0,0.0,0.0,10000,0
vidstg,confirm_all,source_fit,T_A,above_one,0.0,0.0,0.0,10000,0
vidstg,confirm_all,source_fit,T_W,r2,0.261013924545198,-1.0169831255353081,0.6109595835802959,10000,0
vidstg,confirm_all,source_fit,T_W,mae,0.256727972449681,0.17982052111731128,0.3418150328646566,10000,0
vidstg,confirm_all,source_fit,T_W,mse,0.08208366272836885,0.03984502387202063,0.1294771421529672,10000,0
vidstg,confirm_all,source_fit,T_W,rho,0.5208713379143165,-0.23718769452916605,0.9051402232602838,10000,0
vidstg,confirm_all,source_fit,T_W,truth_mean,0.4644741476452417,0.24012720950335614,0.6879050526191944,10000,0
vidstg,confirm_all,source_fit,T_W,prediction_mean,0.43480819318978237,0.3054504137671528,0.5543824815236716,10000,0
vidstg,confirm_all,source_fit,T_W,below_zero,0.0,0.0,0.0,10000,0
vidstg,confirm_all,source_fit,T_W,above_one,0.0,0.0,0.0,10000,0
vidstg,confirm_all,source_fit,delta_T,r2,0.20051187933058945,-0.5640065032156851,0.3405705215762105,10000,0
vidstg,confirm_all,source_fit,delta_T,mae,0.06887478955946157,0.039512212677135325,0.10103889646853408,10000,0
vidstg,confirm_all,source_fit,delta_T,mse,0.007609179307525768,0.0029115414049683697,0.013529219650856794,10000,0
vidstg,confirm_all,source_fit,delta_T,rho,0.5458830180726413,-0.001333633102809156,0.76136967341722,10000,0
vidstg,confirm_all,source_fit,delta_T,truth_mean,-0.0018540020004242743,-0.0620170826885447,0.04209438526455902,10000,0
vidstg,confirm_all,source_fit,delta_T,prediction_mean,0.02859082563177743,0.004782178094005348,0.05094349970427201,10000,0
vidstg,confirm_all,source_fit,delta_T,below_zero,0.18750000000000003,0.020833333333333332,0.4375,10000,0
vidstg,confirm_all,source_fit,delta_T,above_one,0.0,0.0,0.0,10000,0
vidstg,confirm_all,target_search_fit,P_A,r2,-0.1599535341310967,-2.41100022481992,0.5326231144874801,10000,0
vidstg,confirm_all,target_search_fit,P_A,mae,0.3614740053414435,0.2100269067771326,0.5329800914237862,10000,0
vidstg,confirm_all,target_search_fit,P_A,mse,0.18748066618532908,0.05970874631921097,0.3479194880103753,10000,0
vidstg,confirm_all,target_search_fit,P_A,rho,0.23349250402576974,-0.4844191784758889,0.8040881060890678,10000,0
vidstg,confirm_all,target_search_fit,P_A,truth_mean,0.5291426996862171,0.2520846134570352,0.8043770231781099,10000,0
vidstg,confirm_all,target_search_fit,P_A,prediction_mean,0.6274901058133742,0.45398214530245473,0.7947577917190852,10000,0
vidstg,confirm_all,target_search_fit,P_A,below_zero,0.0,0.0,0.0,10000,0
vidstg,confirm_all,target_search_fit,P_A,above_one,0.0,0.0,0.0,10000,0
vidstg,confirm_all,target_search_fit,R_A,r2,-2.698199274482879,-17.17371181812818,-0.36526651192237836,10000,0
vidstg,confirm_all,target_search_fit,R_A,mae,0.30035517152664437,0.20391470790889987,0.40579678413003145,10000,0
vidstg,confirm_all,target_search_fit,R_A,mse,0.11935811176615971,0.05556665863225052,0.19441181686611345,10000,0
vidstg,confirm_all,target_search_fit,R_A,rho,0.3596205790576119,-0.43531930318130563,0.7289437640432466,10000,0
vidstg,confirm_all,target_search_fit,R_A,truth_mean,0.8397096250080129,0.7439575958398468,0.9304692059776902,10000,0
vidstg,confirm_all,target_search_fit,R_A,prediction_mean,0.549093585170294,0.4634277879372075,0.6464840538958433,10000,0
vidstg,confirm_all,target_search_fit,R_A,below_zero,0.0,0.0,0.0,10000,0
vidstg,confirm_all,target_search_fit,R_A,above_one,0.0,0.0,0.0,10000,0
vidstg,confirm_all,target_search_fit,P_W,r2,-0.20984278749857932,-3.2086764858942325,0.6051598526577184,10000,0
vidstg,confirm_all,target_search_fit,P_W,mae,0.3346696080149174,0.1806543672216025,0.5151602724227476,10000,0
vidstg,confirm_all,target_search_fit,P_W,mse,0.17491691265813106,0.04424282843476798,0.34900623357197275,10000,0
vidstg,confirm_all,target_search_fit,P_W,rho,0.27760263247979144,-0.444143785696541,0.8316604387907677,10000,0
vidstg,confirm_all,target_search_fit,P_W,truth_mean,0.5130372484771379,0.2522258401538229,0.7687175896683559,10000,0
vidstg,confirm_all,target_search_fit,P_W,prediction_mean,0.63249508474094,0.445712262866964,0.81084765527545,10000,0
vidstg,confirm_all,target_search_fit,P_W,below_zero,0.0,0.0,0.0,10000,0
vidstg,confirm_all,target_search_fit,P_W,above_one,0.125,0.0,0.375,10000,0
vidstg,confirm_all,target_search_fit,R_W,r2,-7.569855692418438,-35.87322873271807,-1.9611914972335125,10000,0
vidstg,confirm_all,target_search_fit,R_W,mae,0.289989380440334,0.15357855388271918,0.43714088936767537,10000,0
vidstg,confirm_all,target_search_fit,R_W,mse,0.13071828156182233,0.04596627197809815,0.23050025943728508,10000,0
vidstg,confirm_all,target_search_fit,R_W,rho,-0.21531500176289528,-0.770902476263759,0.40582056659808347,10000,0
vidstg,confirm_all,target_search_fit,R_W,truth_mean,0.8880160350496059,0.8173242044509869,0.9581168487094188,10000,0
vidstg,confirm_all,target_search_fit,R_W,prediction_mean,0.6062091859981457,0.5017000956061012,0.7071193663814564,10000,0
vidstg,confirm_all,target_search_fit,R_W,below_zero,0.0,0.0,0.0,10000,0
vidstg,confirm_all,target_search_fit,R_W,above_one,0.0,0.0,0.0,10000,0
vidstg,confirm_all,target_search_fit,P_pool,r2,-0.0923928000985752,-2.2548586370484904,0.5151906130859031,10000,0
vidstg,confirm_all,target_search_fit,P_pool,mae,0.3621686730584173,0.24295659833853644,0.5134664915483735,10000,0
vidstg,confirm_all,target_search_fit,P_pool,mse,0.19778640937957376,0.0873375645533982,0.3548411425986497,10000,0
vidstg,confirm_all,target_search_fit,P_pool,rho,0.43834632539929275,0.001298634695866077,0.7558233705423354,10000,0
vidstg,confirm_all,target_search_fit,P_pool,truth_mean,0.384393885043613,0.16414904370232586,0.6286862990316353,10000,0
vidstg,confirm_all,target_search_fit,P_pool,prediction_mean,0.5905207707147156,0.4108471329797184,0.7663842213492627,10000,0
vidstg,confirm_all,target_search_fit,P_pool,below_zero,0.0,0.0,0.0,10000,0
vidstg,confirm_all,target_search_fit,P_pool,above_one,0.083984375,0.0,0.224609375,10000,0
vidstg,confirm_all,target_search_fit,R_pool,r2,0.4661476124312256,0.3149367957286162,0.6154661936176055,10000,0
vidstg,confirm_all,target_search_fit,R_pool,mae,0.23379736066800758,0.18528136817920723,0.2821561755192169,10000,0
vidstg,confirm_all,target_search_fit,R_pool,mse,0.08230834925769039,0.05360067567277912,0.11140280157635608,10000,0
vidstg,confirm_all,target_search_fit,R_pool,rho,0.6958045414318732,0.5831203520935154,0.8132733688045791,10000,0
vidstg,confirm_all,target_search_fit,R_pool,truth_mean,0.3603200468715006,0.2895716202651915,0.4335573107330804,10000,0
vidstg,confirm_all,target_search_fit,R_pool,prediction_mean,0.3619607780165504,0.3005412248416214,0.4172354856597298,10000,0
vidstg,confirm_all,target_search_fit,R_pool,below_zero,0.028645833333333332,0.0026041666666666665,0.060546875,10000,0
vidstg,confirm_all,target_search_fit,R_pool,above_one,0.0,0.0,0.0,10000,0
vidstg,confirm_all,target_search_fit,T_A,r2,-0.1461477971164833,-1.874041825629242,0.43000620225572017,10000,0
vidstg,confirm_all,target_search_fit,T_A,mae,0.29410939206570436,0.13895726389812652,0.4396750766375045,10000,0
vidstg,confirm_all,target_search_fit,T_A,mse,0.13545744705393103,0.05120367001610215,0.22700652682780037,10000,0
vidstg,confirm_all,target_search_fit,T_A,rho,0.1742675626283955,-0.6077240009778607,0.7586633281575259,10000,0
vidstg,confirm_all,target_search_fit,T_A,truth_mean,0.46632814964566605,0.2342285155182533,0.7053626630143575,10000,0
vidstg,confirm_all,target_search_fit,T_A,prediction_mean,0.4239763274429779,0.30055989416355827,0.561795365366822,10000,0
vidstg,confirm_all,target_search_fit,T_A,below_zero,0.0,0.0,0.0,10000,0
vidstg,confirm_all,target_search_fit,T_A,above_one,0.0,0.0,0.0,10000,0
vidstg,confirm_all,target_search_fit,T_W,r2,-0.2429643581396086,-2.483687904855043,0.502222215069353,10000,0
vidstg,confirm_all,target_search_fit,T_W,mae,0.2950206036904902,0.14405231993290263,0.4466761610187446,10000,0
vidstg,confirm_all,target_search_fit,T_W,mse,0.13806358542564354,0.04719774176698001,0.24466132860796333,10000,0
vidstg,confirm_all,target_search_fit,T_W,rho,0.16233660906063233,-0.5583708814173005,0.7956357829260327,10000,0
vidstg,confirm_all,target_search_fit,T_W,truth_mean,0.4644741476452417,0.24012720950335614,0.6879050526191944,10000,0
vidstg,confirm_all,target_search_fit,T_W,prediction_mean,0.4686800836993568,0.3181146208627484,0.6187151446171897,10000,0
vidstg,confirm_all,target_search_fit,T_W,below_zero,0.0,0.0,0.0,10000,0
vidstg,confirm_all,target_search_fit,T_W,above_one,0.0,0.0,0.0,10000,0
vidstg,confirm_all,target_search_fit,delta_T,r2,-0.348733313962299,-4.689563124981166,0.2564805276407558,10000,0
vidstg,confirm_all,target_search_fit,delta_T,mae,0.09353372438130078,0.06018436316638946,0.12789662682615283,10000,0
vidstg,confirm_all,target_search_fit,delta_T,mse,0.01283665555328025,0.00560764888551768,0.021081988522323385,10000,0
vidstg,confirm_all,target_search_fit,delta_T,rho,0.4040431677482977,-0.08848211711978747,0.7083390073717457,10000,0
vidstg,confirm_all,target_search_fit,delta_T,truth_mean,-0.0018540020004242743,-0.0620170826885447,0.04209438526455902,10000,0
vidstg,confirm_all,target_search_fit,delta_T,prediction_mean,0.04470375625637886,0.00017364795889710956,0.09688620687095081,10000,0
vidstg,confirm_all,target_search_fit,delta_T,below_zero,0.3333333333333333,0.08333333333333333,0.6458333333333334,10000,0
vidstg,confirm_all,target_search_fit,delta_T,above_one,0.0,0.0,0.0,10000,0
vidstg,confirm_corrupt,source_fit,P_A,r2,0.18620115871173504,-1.1733145623799548,0.5665825244500258,10000,0
vidstg,confirm_corrupt,source_fit,P_A,mae,0.32067447436807145,0.2078426452510704,0.4368442912668172,10000,0
vidstg,confirm_corrupt,source_fit,P_A,mse,0.13253481350342367,0.058218802681969314,0.21699719115881325,10000,0
vidstg,confirm_corrupt,source_fit,P_A,rho,0.4394008133024323,-0.2545545971759272,0.8670364167917187,10000,0
vidstg,confirm_corrupt,source_fit,P_A,truth_mean,0.5274888546141332,0.25048847545087816,0.804473669258297,10000,0
vidstg,confirm_corrupt,source_fit,P_A,prediction_mean,0.5236410464995356,0.37569012171693245,0.6590757562979992,10000,0
vidstg,confirm_corrupt,source_fit,P_A,below_zero,0.0,0.0,0.0,10000,0
vidstg,confirm_corrupt,source_fit,P_A,above_one,0.0,0.0,0.0,10000,0
vidstg,confirm_corrupt,source_fit,R_A,r2,-1.331596390328548,-11.656597820526581,0.11072627477541708,10000,0
vidstg,confirm_corrupt,source_fit,R_A,mae,0.23570191686711028,0.13615690161070051,0.3407349043171882,10000,0
vidstg,confirm_corrupt,source_fit,R_A,mse,0.08414832618655751,0.03213276079934115,0.14040359735033767,10000,0
vidstg,confirm_corrupt,source_fit,R_A,rho,0.3224803899420023,-0.5373010002746408,0.6823683600658473,10000,0
vidstg,confirm_corrupt,source_fit,R_A,truth_mean,0.8262798150634599,0.7148300523811579,0.9273868815260659,10000,0
vidstg,confirm_corrupt,source_fit,R_A,prediction_mean,0.6320923263401437,0.5217465837282591,0.7478931543368501,10000,0
vidstg,confirm_corrupt,source_fit,R_A,below_zero,0.0,0.0,0.0,10000,0
vidstg,confirm_corrupt,source_fit,R_A,above_one,0.0,0.0,0.0,10000,0
vidstg,confirm_corrupt,source_fit,P_W,r2,0.2478935683153659,-1.169443824210209,0.5987829572393858,10000,0
vidstg,confirm_corrupt,source_fit,P_W,mae,0.2926670637893034,0.19940513613896868,0.3906844114042206,10000,0
vidstg,confirm_corrupt,source_fit,P_W,mse,0.10844233762075794,0.05184261609948735,0.1761948553826621,10000,0
vidstg,confirm_corrupt,source_fit,P_W,rho,0.5025729103301687,-0.2295114367838121,0.8945517360928831,10000,0
vidstg,confirm_corrupt,source_fit,P_W,truth_mean,0.5115444047806651,0.25341131405714035,0.76723631939306,10000,0
vidstg,confirm_corrupt,source_fit,P_W,prediction_mean,0.5181914687601774,0.3688379302036623,0.6585305134000918,10000,0
vidstg,confirm_corrupt,source_fit,P_W,below_zero,0.0,0.0,0.0,10000,0
vidstg,confirm_corrupt,source_fit,P_W,above_one,0.0,0.0,0.0,10000,0
vidstg,confirm_corrupt,source_fit,R_W,r2,-4.526546371675269,-23.252745531892963,-0.4229828483894667,10000,0
vidstg,confirm_corrupt,source_fit,R_W,mae,0.23791144160029115,0.13427546681912317,0.3716367192060784,10000,0
vidstg,confirm_corrupt,source_fit,R_W,mse,0.09122045177932214,0.02719831496015031,0.17547016862408998,10000,0
vidstg,confirm_corrupt,source_fit,R_W,rho,-0.30839216639676786,-0.8088605513830786,0.38731794810920717,10000,0
vidstg,confirm_corrupt,source_fit,R_W,truth_mean,0.8874388984312159,0.8153484896381457,0.9595209179393994,10000,0
vidstg,confirm_corrupt,source_fit,R_W,prediction_mean,0.6902267998138724,0.5888852849118407,0.7848239816425631,10000,0
vidstg,confirm_corrupt,source_fit,R_W,below_zero,0.0,0.0,0.0,10000,0
vidstg,confirm_corrupt,source_fit,R_W,above_one,0.0,0.0,0.0,10000,0
vidstg,confirm_corrupt,source_fit,P_pool,r2,0.31312377493316823,-1.027476175780115,0.6285951722886287,10000,0
vidstg,confirm_corrupt,source_fit,P_pool,mae,0.28881051273714053,0.20646294162977927,0.3938679455709782,10000,0
vidstg,confirm_corrupt,source_fit,P_pool,mse,0.12450899805360566,0.06821309324436706,0.20881326594089067,10000,0
vidstg,confirm_corrupt,source_fit,P_pool,rho,0.5885845974538194,0.12208762302381483,0.843610446290501,10000,0
vidstg,confirm_corrupt,source_fit,P_pool,truth_mean,0.383624274205167,0.16300298662734325,0.6284938039823798,10000,0
vidstg,confirm_corrupt,source_fit,P_pool,prediction_mean,0.4606841590198052,0.30083075137177445,0.6132684646056211,10000,0
vidstg,confirm_corrupt,source_fit,P_pool,below_zero,0.025,0.00390625,0.059375000000000004,10000,0
vidstg,confirm_corrupt,source_fit,P_pool,above_one,0.0,0.0,0.0,10000,0
vidstg,confirm_corrupt,source_fit,R_pool,r2,0.5867207122300306,0.4101871013349234,0.7411741525392668,10000,0
vidstg,confirm_corrupt,source_fit,R_pool,mae,0.19845504244597115,0.14511270519597275,0.25554472668809036,10000,0
vidstg,confirm_corrupt,source_fit,R_pool,mse,0.06324160999765706,0.03639398092834367,0.09239691863639958,10000,0
vidstg,confirm_corrupt,source_fit,R_pool,rho,0.7807907490106916,0.6586275555196139,0.8804312354793955,10000,0
vidstg,confirm_corrupt,source_fit,R_pool,truth_mean,0.35795884033750075,0.2849178773712854,0.43274839048434893,10000,0
vidstg,confirm_corrupt,source_fit,R_pool,prediction_mean,0.37205878447482155,0.3273373987736742,0.4149630745796544,10000,0
vidstg,confirm_corrupt,source_fit,R_pool,below_zero,0.024999999999999998,0.00625,0.04921875,10000,0
vidstg,confirm_corrupt,source_fit,R_pool,above_one,0.0,0.0,0.0,10000,0
vidstg,confirm_corrupt,source_fit,T_A,r2,0.17259079868254124,-1.129492981713725,0.5880334288911369,10000,0
vidstg,confirm_corrupt,source_fit,T_A,mae,0.27107375566931613,0.17885922758373443,0.37811202725896165,10000,0
vidstg,confirm_corrupt,source_fit,T_A,mse,0.0972168471584626,0.03870236692353975,0.17395992803967267,10000,0
vidstg,confirm_corrupt,source_fit,T_A,rho,0.45357239280246714,-0.1839889917464337,0.8610709809835452,10000,0
vidstg,confirm_corrupt,source_fit,T_A,truth_mean,0.46098252883686425,0.23107880457554525,0.6977154945862604,10000,0
vidstg,confirm_corrupt,source_fit,T_A,prediction_mean,0.4023379335649485,0.2853946692570437,0.5126084915336336,10000,0
vidstg,confirm_corrupt,source_fit,T_A,below_zero,0.0,0.0,0.0,10000,0
vidstg,confirm_corrupt,source_fit,T_A,above_one,0.0,0.0,0.0,10000,0
vidstg,confirm_corrupt,source_fit,T_W,r2,0.2527917615476565,-1.0270565488722165,0.6035524208431248,10000,0
vidstg,confirm_corrupt,source_fit,T_W,mae,0.25661803506556125,0.17979746130132526,0.3399384676961605,10000,0
vidstg,confirm_corrupt,source_fit,T_W,mse,0.0820826924736236,0.04021967186162389,0.12825103005351726,10000,0
vidstg,confirm_corrupt,source_fit,T_W,rho,0.5148137721591332,-0.24340437079588187,0.900198288972173,10000,0
vidstg,confirm_corrupt,source_fit,T_W,truth_mean,0.4610108266019138,0.2379127340899154,0.6819084323462592,10000,0
vidstg,confirm_corrupt,source_fit,T_W,prediction_mean,0.42849641608783395,0.30021053331416747,0.5458976487833743,10000,0
vidstg,confirm_corrupt,source_fit,T_W,below_zero,0.0,0.0,0.0,10000,0
vidstg,confirm_corrupt,source_fit,T_W,above_one,0.0,0.0,0.0,10000,0
vidstg,confirm_corrupt,source_fit,delta_T,r2,0.1987341345638577,-0.5848196944770537,0.3112666438809977,10000,0
vidstg,confirm_corrupt,source_fit,delta_T,mae,0.06921856153248018,0.03977164263093175,0.10177725967410056,10000,0
vidstg,confirm_corrupt,source_fit,delta_T,mse,0.007809545740099664,0.0030320075210193086,0.013706954143429413,10000,0
vidstg,confirm_corrupt,source_fit,delta_T,rho,0.5184759796813457,-0.0033698924087894014,0.7390351886124975,10000,0
vidstg,confirm_corrupt,source_fit,delta_T,truth_mean,2.8297765049479107e-05,-0.06018059070814999,0.042175245825017145,10000,0
vidstg,confirm_corrupt,source_fit,delta_T,prediction_mean,0.026158482522885513,0.0036919715192902415,0.046501446272005975,10000,0
vidstg,confirm_corrupt,source_fit,delta_T,below_zero,0.19999999999999998,0.025,0.45,10000,0
vidstg,confirm_corrupt,source_fit,delta_T,above_one,0.0,0.0,0.0,10000,0
vidstg,confirm_corrupt,target_search_fit,P_A,r2,-0.14606744002363548,-2.3660851348959078,0.5339391968661353,10000,0
vidstg,confirm_corrupt,target_search_fit,P_A,mae,0.36193557462075054,0.2121218748089675,0.5314758293820266,10000,0
vidstg,confirm_corrupt,target_search_fit,P_A,mse,0.18664788731503573,0.06070428310769672,0.34442584655316516,10000,0
vidstg,confirm_corrupt,target_search_fit,P_A,rho,0.24259315390092884,-0.47608099748198135,0.8040805615072569,10000,0
vidstg,confirm_corrupt,target_search_fit,P_A,truth_mean,0.5274888546141332,0.25048847545087816,0.804473669258297,10000,0
vidstg,confirm_corrupt,target_search_fit,P_A,prediction_mean,0.6244804498271284,0.45114231234267294,0.7912685088968032,10000,0
vidstg,confirm_corrupt,target_search_fit,P_A,below_zero,0.0,0.0,0.0,10000,0
vidstg,confirm_corrupt,target_search_fit,P_A,above_one,0.0,0.0,0.0,10000,0
vidstg,confirm_corrupt,target_search_fit,R_A,r2,-2.1293431984697944,-15.804753050263551,-0.08286055624720172,10000,0
vidstg,confirm_corrupt,target_search_fit,R_A,mae,0.28871602063964474,0.19234444283092636,0.39680951961108535,10000,0
vidstg,confirm_corrupt,target_search_fit,R_A,mse,0.11293935490156401,0.04869869285660631,0.18924617448899023,10000,0
vidstg,confirm_corrupt,target_search_fit,R_A,rho,0.3960518529183974,-0.3859955688691243,0.7710346242946404,10000,0
vidstg,confirm_corrupt,target_search_fit,R_A,truth_mean,0.8262798150634599,0.7148300523811579,0.9273868815260659,10000,0
vidstg,confirm_corrupt,target_search_fit,R_A,prediction_mean,0.5492507524505255,0.46053461024604464,0.6487410056494141,10000,0
vidstg,confirm_corrupt,target_search_fit,R_A,below_zero,0.0,0.0,0.0,10000,0
vidstg,confirm_corrupt,target_search_fit,R_A,above_one,0.0,0.0,0.0,10000,0
vidstg,confirm_corrupt,target_search_fit,P_W,r2,-0.20588175906988804,-3.18275596558314,0.6040433016642341,10000,0
vidstg,confirm_corrupt,target_search_fit,P_W,mae,0.3334516788111671,0.1795811594895612,0.5133362887014663,10000,0
vidstg,confirm_corrupt,target_search_fit,P_W,mse,0.17386985583258902,0.04442721463269621,0.3454576751030607,10000,0
vidstg,confirm_corrupt,target_search_fit,P_W,rho,0.2796653720607651,-0.43835060315953883,0.8309644110808269,10000,0
vidstg,confirm_corrupt,target_search_fit,P_W,truth_mean,0.5115444047806651,0.25341131405714035,0.76723631939306,10000,0
vidstg,confirm_corrupt,target_search_fit,P_W,prediction_mean,0.628927118197012,0.4410000184323063,0.8080376894066243,10000,0
vidstg,confirm_corrupt,target_search_fit,P_W,below_zero,0.0,0.0,0.0,10000,0
vidstg,confirm_corrupt,target_search_fit,P_W,above_one,0.125,0.0,0.375,10000,0
vidstg,confirm_corrupt,target_search_fit,R_W,r2,-7.175218168407005,-34.451829601758284,-1.6741939770766978,10000,0
vidstg,confirm_corrupt,target_search_fit,R_W,mae,0.29356959820627443,0.15158383366009884,0.4475944918612352,10000,0
vidstg,confirm_corrupt,target_search_fit,R_W,mse,0.13493908212527134,0.04668791814897562,0.23864987984110606,10000,0
vidstg,confirm_corrupt,target_search_fit,R_W,rho,-0.20980269596479512,-0.7725670578031684,0.4173866370704902,10000,0
vidstg,confirm_corrupt,target_search_fit,R_W,truth_mean,0.8874388984312159,0.8153484896381457,0.9595209179393994,10000,0
vidstg,confirm_corrupt,target_search_fit,R_W,prediction_mean,0.6018088022702701,0.49549568586452986,0.7036213094542189,10000,0
vidstg,confirm_corrupt,target_search_fit,R_W,below_zero,0.0,0.0,0.0,10000,0
vidstg,confirm_corrupt,target_search_fit,R_W,above_one,0.0,0.0,0.0,10000,0
vidstg,confirm_corrupt,target_search_fit,P_pool,r2,-0.08656768225940192,-2.2260068485979385,0.5150145324158542,10000,0
vidstg,confirm_corrupt,target_search_fit,P_pool,mae,0.3618541786353233,0.24347699560266803,0.5112938255241435,10000,0
vidstg,confirm_corrupt,target_search_fit,P_pool,mse,0.1969604544434239,0.08782438340275821,0.3514958767919645,10000,0
vidstg,confirm_corrupt,target_search_fit,P_pool,rho,0.43810642428719115,0.002011158622682275,0.7541988577054975,10000,0
vidstg,confirm_corrupt,target_search_fit,P_pool,truth_mean,0.383624274205167,0.16300298662734325,0.6284938039823798,10000,0
vidstg,confirm_corrupt,target_search_fit,P_pool,prediction_mean,0.5871188048450631,0.4070604222600877,0.76289678621876,10000,0
vidstg,confirm_corrupt,target_search_fit,P_pool,below_zero,0.0,0.0,0.0,10000,0
vidstg,confirm_corrupt,target_search_fit,P_pool,above_one,0.0828125,0.0,0.2234375,10000,0
vidstg,confirm_corrupt,target_search_fit,R_pool,r2,0.4630155729161748,0.30758259126226795,0.6149970984484467,10000,0
vidstg,confirm_corrupt,target_search_fit,R_pool,mae,0.2332686530563104,0.18453373505052884,0.28227197791334674,10000,0
vidstg,confirm_corrupt,target_search_fit,R_pool,mse,0.08217145334259417,0.05320257532107659,0.11165373436833192,10000,0
vidstg,confirm_corrupt,target_search_fit,R_pool,rho,0.6927444670900677,0.576502177303601,0.8118957874937006,10000,0
vidstg,confirm_corrupt,target_search_fit,R_pool,truth_mean,0.35795884033750075,0.2849178773712854,0.43274839048434893,10000,0
vidstg,confirm_corrupt,target_search_fit,R_pool,prediction_mean,0.3618960680700635,0.3004454397969493,0.41763484156352415,10000,0
vidstg,confirm_corrupt,target_search_fit,R_pool,below_zero,0.02890625,0.003125,0.0609375,10000,0
vidstg,confirm_corrupt,target_search_fit,R_pool,above_one,0.0,0.0,0.0,10000,0
vidstg,confirm_corrupt,target_search_fit,T_A,r2,-0.136786915634179,-1.8519902468186855,0.4626605824521216,10000,0
vidstg,confirm_corrupt,target_search_fit,T_A,mae,0.2917581905746337,0.13960021058597447,0.43655687981056357,10000,0
vidstg,confirm_corrupt,target_search_fit,T_A,mse,0.13356733240696217,0.049459761901072985,0.22569703358903545,10000,0
vidstg,confirm_corrupt,target_search_fit,T_A,rho,0.18608070101288457,-0.6034404877366973,0.7702372623601853,10000,0
vidstg,confirm_corrupt,target_search_fit,T_A,truth_mean,0.46098252883686425,0.23107880457554525,0.6977154945862604,10000,0
vidstg,confirm_corrupt,target_search_fit,T_A,prediction_mean,0.4235403499177217,0.2978531376275613,0.5624187848934381,10000,0
vidstg,confirm_corrupt,target_search_fit,T_A,below_zero,0.0,0.0,0.0,10000,0
vidstg,confirm_corrupt,target_search_fit,T_A,above_one,0.0,0.0,0.0,10000,0
vidstg,confirm_corrupt,target_search_fit,T_W,r2,-0.22926776405857252,-2.4233540701525054,0.5184967793835256,10000,0
vidstg,confirm_corrupt,target_search_fit,T_W,mae,0.2910104890217448,0.14221831187952852,0.4422194876395754,10000,0
vidstg,confirm_corrupt,target_search_fit,T_W,mse,0.1350381361612813,0.045801446068081106,0.23911966380961483,10000,0
vidstg,confirm_corrupt,target_search_fit,T_W,rho,0.1778504709132508,-0.5503695936542915,0.8034482608518817,10000,0
vidstg,confirm_corrupt,target_search_fit,T_W,truth_mean,0.4610108266019138,0.2379127340899154,0.6819084323462592,10000,0
vidstg,confirm_corrupt,target_search_fit,T_W,prediction_mean,0.4662438808024795,0.3154787553647815,0.6156765648027323,10000,0
vidstg,confirm_corrupt,target_search_fit,T_W,below_zero,0.0,0.0,0.0,10000,0
vidstg,confirm_corrupt,target_search_fit,T_W,above_one,0.0,0.0,0.0,10000,0
vidstg,confirm_corrupt,target_search_fit,delta_T,r2,-0.3148495669882494,-4.312602301576342,0.22012720979232558,10000,0
vidstg,confirm_corrupt,target_search_fit,delta_T,mae,0.09460814788332537,0.06351883040606918,0.12576244413646354,10000,0
vidstg,confirm_corrupt,target_search_fit,delta_T,mse,0.012815194403864593,0.005996012572063178,0.02018797011201939,10000,0
vidstg,confirm_corrupt,target_search_fit,delta_T,rho,0.3979509239641086,-0.12120016463493156,0.7023249697700347,10000,0
vidstg,confirm_corrupt,target_search_fit,delta_T,truth_mean,2.8297765049479107e-05,-0.06018059070814999,0.042175245825017145,10000,0
vidstg,confirm_corrupt,target_search_fit,delta_T,prediction_mean,0.042703530884757854,-0.0021414986617971977,0.09441515113085834,10000,0
vidstg,confirm_corrupt,target_search_fit,delta_T,below_zero,0.35000000000000003,0.1,0.65,10000,0
vidstg,confirm_corrupt,target_search_fit,delta_T,above_one,0.0,0.0,0.0,10000,0
vidstg,confirm_clean,source_fit,P_A,r2,0.1478012926073532,-1.31651761996042,0.616748752104082,10000,0
vidstg,confirm_clean,source_fit,P_A,mae,0.3125677432616411,0.18935960792717957,0.4457002743383916,10000,0
vidstg,confirm_clean,source_fit,P_A,mse,0.13242080094285438,0.04826040173773539,0.23299368781290192,10000,0
vidstg,confirm_clean,source_fit,P_A,rho,0.4144634461550687,-0.3529770021140396,0.9017077190589018,10000,0
vidstg,confirm_clean,source_fit,P_A,truth_mean,0.5374119250466362,0.2675829705780518,0.8046826065357783,10000,0
vidstg,confirm_clean,source_fit,P_A,prediction_mean,0.5522552699484305,0.3936461757482429,0.7000536047355266,10000,0
vidstg,confirm_clean,source_fit,P_A,below_zero,0.0,0.0,0.0,10000,0
vidstg,confirm_clean,source_fit,P_A,above_one,0.0,0.0,0.0,10000,0
vidstg,confirm_clean,source_fit,R_A,r2,-12.593868333492507,-133.91807601063434,-3.5541759487823934,10000,0
vidstg,confirm_clean,source_fit,R_A,mae,0.27782802438929216,0.15683269835193925,0.39671327766517384,10000,0
vidstg,confirm_clean,source_fit,R_A,mse,0.10582792249872612,0.039132454034008377,0.1725436681322259,10000,0
vidstg,confirm_clean,source_fit,R_A,rho,-0.3771761151584734,-0.9660242364638603,0.455768335899593,10000,0
vidstg,confirm_clean,source_fit,R_A,truth_mean,0.9068586747307787,0.8440877100875961,0.9646261085405822,10000,0
vidstg,confirm_clean,source_fit,R_A,prediction_mean,0.6543514651495856,0.5524348878688986,0.7618332535762699,10000,0
vidstg,confirm_clean,source_fit,R_A,below_zero,0.0,0.0,0.0,10000,0
vidstg,confirm_clean,source_fit,R_A,above_one,0.0,0.0,0.0,10000,0
vidstg,confirm_clean,source_fit,P_W,r2,0.27012488965915127,-1.3875854250532083,0.6715606786077548,10000,0
vidstg,confirm_clean,source_fit,P_W,mae,0.2844750549219423,0.17991896329426263,0.39748907247717713,10000,0
vidstg,confirm_clean,source_fit,P_W,mse,0.1069108617166287,0.04177686166033711,0.186354197350627,10000,0
vidstg,confirm_clean,source_fit,P_W,rho,0.5289113747610187,-0.26803209108875475,0.9426568647795693,10000,0
vidstg,confirm_clean,source_fit,P_W,truth_mean,0.5205014669595028,0.25768064292637427,0.7763063425085722,10000,0
vidstg,confirm_clean,source_fit,P_W,prediction_mean,0.5491229501835504,0.39130044904107364,0.700215156617515,10000,0
vidstg,confirm_clean,source_fit,P_W,below_zero,0.0,0.0,0.0,10000,0
vidstg,confirm_clean,source_fit,P_W,above_one,0.0,0.0,0.0,10000,0
vidstg,confirm_clean,source_fit,R_W,r2,-5.550995383573432,-32.96320545166472,-1.0815055468861376,10000,0
vidstg,confirm_clean,source_fit,R_W,mae,0.18832553351413545,0.09272152059399437,0.30066898279874027,10000,0
vidstg,confirm_clean,source_fit,R_W,mse,0.058829591712211186,0.017815968360384325,0.11161769707426052,10000,0
vidstg,confirm_clean,source_fit,R_W,rho,-0.3825270227648701,-0.9788626178652475,0.392435656090437,10000,0
vidstg,confirm_clean,source_fit,R_W,truth_mean,0.8909017181415558,0.8230160275984221,0.9530020451962633,10000,0
vidstg,confirm_clean,source_fit,R_W,prediction_mean,0.7293526092564755,0.6425237660605676,0.8100001088296347,10000,0
vidstg,confirm_clean,source_fit,R_W,below_zero,0.0,0.0,0.0,10000,0
vidstg,confirm_clean,source_fit,R_W,above_one,0.0,0.0,0.0,10000,0
vidstg,confirm_clean,source_fit,P_pool,r2,0.29606614903749084,-1.1710560730919921,0.6792366372154506,10000,0
vidstg,confirm_clean,source_fit,P_pool,mae,0.28440767182454674,0.18872856714686537,0.4048384587604803,10000,0
vidstg,confirm_clean,source_fit,P_pool,mse,0.12669940573204974,0.058410951235841446,0.22519503888447856,10000,0
vidstg,confirm_clean,source_fit,P_pool,rho,0.594810400457543,0.11780611598218624,0.8629330186026645,10000,0
vidstg,confirm_clean,source_fit,P_pool,truth_mean,0.38824193923584244,0.1697232222670971,0.6307983953572538,10000,0
vidstg,confirm_clean,source_fit,P_pool,prediction_mean,0.488433563621793,0.3173851915352941,0.651344728526731,10000,0
vidstg,confirm_clean,source_fit,P_pool,below_zero,0.015625,0.00390625,0.03125,10000,0
vidstg,confirm_clean,source_fit,P_pool,above_one,0.0,0.0,0.0,10000,0
vidstg,confirm_clean,source_fit,R_pool,r2,0.6122441465007735,0.445707237791763,0.760315760680219,10000,0
vidstg,confirm_clean,source_fit,R_pool,mae,0.19450386158379585,0.13992675387699244,0.25217307918735826,10000,0
vidstg,confirm_clean,source_fit,R_pool,mse,0.061956347425394895,0.035135204988197374,0.09101890608420213,10000,0
vidstg,confirm_clean,source_fit,R_pool,rho,0.7988084188128727,0.6883668919139521,0.891068981026082,10000,0
vidstg,confirm_clean,source_fit,R_pool,truth_mean,0.37212607954150023,0.30844660326190776,0.439836782991906,10000,0
vidstg,confirm_clean,source_fit,R_pool,prediction_mean,0.3764327483865525,0.33401147311695845,0.41843821557066924,10000,0
vidstg,confirm_clean,source_fit,R_pool,below_zero,0.0234375,0.00390625,0.046875,10000,0
vidstg,confirm_clean,source_fit,R_pool,above_one,0.0,0.0,0.0,10000,0
vidstg,confirm_clean,source_fit,T_A,r2,0.1683451102898168,-1.3294415696734623,0.552101382082323,10000,0
vidstg,confirm_clean,source_fit,T_A,mae,0.2802532182539275,0.18529950631362935,0.38794140940463,10000,0
vidstg,confirm_clean,source_fit,T_A,mse,0.10044323212817084,0.039441924711731795,0.17826426997322242,10000,0
vidstg,confirm_clean,source_fit,T_A,rho,0.4550978827874042,-0.24903390020780486,0.9137776529737831,10000,0
vidstg,confirm_clean,source_fit,T_A,truth_mean,0.4930562536896747,0.2572258398082664,0.7367334579405278,10000,0
vidstg,confirm_clean,source_fit,T_A,prediction_mean,0.4256145375232871,0.30660598598740485,0.5371227546141676,10000,0
vidstg,confirm_clean,source_fit,T_A,below_zero,0.0,0.0,0.0,10000,0
vidstg,confirm_clean,source_fit,T_A,above_one,0.0,0.0,0.0,10000,0
vidstg,confirm_clean,source_fit,T_W,r2,0.2973921141866246,-1.0681036171887217,0.6697012902980319,10000,0
vidstg,confirm_clean,source_fit,T_W,mae,0.2572776593702795,0.17593217759422738,0.34749101331130305,10000,0
vidstg,confirm_clean,source_fit,T_W,mse,0.0820885140020951,0.03639842617392718,0.13513064618037254,10000,0
vidstg,confirm_clean,source_fit,T_W,rho,0.548028251361871,-0.267250602215176,0.9446007744486847,10000,0
vidstg,confirm_clean,source_fit,T_W,truth_mean,0.4817907528618817,0.24420393260073478,0.7152569502668205,10000,0
vidstg,confirm_clean,source_fit,T_W,prediction_mean,0.46636707869952415,0.327747334067636,0.5987096268415677,10000,0
vidstg,confirm_clean,source_fit,T_W,below_zero,0.0,0.0,0.0,10000,0
vidstg,confirm_clean,source_fit,T_W,above_one,0.0,0.0,0.0,10000,0
vidstg,confirm_clean,source_fit,delta_T,r2,0.20071210646745552,-1.8323828235266815,0.5153710807323537,10000,0
vidstg,confirm_clean,source_fit,delta_T,mae,0.06715592969436854,0.037525676800036316,0.09976137169212847,10000,0
vidstg,confirm_clean,source_fit,delta_T,mse,0.006607347144656283,0.002211217264419741,0.012503234915540876,10000,0
vidstg,confirm_clean,source_fit,delta_T,rho,0.7423594336836729,-0.055646217007326054,0.9781849403040378,10000,0
vidstg,confirm_clean,source_fit,delta_T,truth_mean,-0.011265500827793038,-0.07703686090044858,0.04708772339261136,10000,0
vidstg,confirm_clean,source_fit,delta_T,prediction_mean,0.040752541176237,0.006462216516257384,0.08002445618755918,10000,0
vidstg,confirm_clean,source_fit,delta_T,below_zero,0.125,0.0,0.375,10000,0
vidstg,confirm_clean,source_fit,delta_T,above_one,0.0,0.0,0.0,10000,0
vidstg,confirm_clean,target_search_fit,P_A,r2,-0.23333528875700593,-2.6573613556227467,0.5301997480171541,10000,0
vidstg,confirm_clean,target_search_fit,P_A,mae,0.35916615894490866,0.2004720485920637,0.5405290345879885,10000,0
vidstg,confirm_clean,target_search_fit,P_A,mse,0.1916445605367959,0.05564058716643166,0.366077803533157,10000,0
vidstg,confirm_clean,target_search_fit,P_A,rho,0.18500590383575397,-0.5318615074280412,0.7966033214519854,10000,0
vidstg,confirm_clean,target_search_fit,P_A,truth_mean,0.5374119250466362,0.2675829705780518,0.8046826065357783,10000,0
vidstg,confirm_clean,target_search_fit,P_A,prediction_mean,0.6425383857446035,0.47031848419212735,0.8094358124353778,10000,0
vidstg,confirm_clean,target_search_fit,P_A,below_zero,0.0,0.0,0.0,10000,0
vidstg,confirm_clean,target_search_fit,P_A,above_one,0.0,0.0,0.0,10000,0
vidstg,confirm_clean,target_search_fit,R_A,r2,-18.454384870101883,-163.90693092915302,-6.823607038419675,10000,0
vidstg,confirm_clean,target_search_fit,R_A,mae,0.35855092596164184,0.2521040657131411,0.46019619953417185,10000,0
vidstg,confirm_clean,target_search_fit,R_A,mse,0.1514518960891381,0.08388375908768961,0.224170993228165,10000,0
vidstg,confirm_clean,target_search_fit,R_A,rho,0.01850282130433852,-0.8706831199318467,0.7000403873607081,10000,0
vidstg,confirm_clean,target_search_fit,R_A,truth_mean,0.9068586747307787,0.8440877100875961,0.9646261085405822,10000,0
vidstg,confirm_clean,target_search_fit,R_A,prediction_mean,0.548307748769137,0.47272971342559056,0.6398817549220533,10000,0
vidstg,confirm_clean,target_search_fit,R_A,below_zero,0.0,0.0,0.0,10000,0
vidstg,confirm_clean,target_search_fit,R_A,above_one,0.0,0.0,0.0,10000,0
vidstg,confirm_clean,target_search_fit,P_W,r2,-0.22989004480880215,-3.470331746069859,0.6085796954380503,10000,0
vidstg,confirm_clean,target_search_fit,P_W,mae,0.3407592540336687,0.18522785049518195,0.5269200490719969,10000,0
vidstg,confirm_clean,target_search_fit,P_W,mse,0.18015219678584116,0.042769672572106225,0.36447219621271976,10000,0
vidstg,confirm_clean,target_search_fit,P_W,rho,0.2665052984796487,-0.4944025632672829,0.8375487765594476,10000,0
vidstg,confirm_clean,target_search_fit,P_W,truth_mean,0.5205014669595028,0.25768064292637427,0.7763063425085722,10000,0
vidstg,confirm_clean,target_search_fit,P_W,prediction_mean,0.6503349174605797,0.465401612724411,0.828835272561647,10000,0
vidstg,confirm_clean,target_search_fit,P_W,below_zero,0.0,0.0,0.0,10000,0
vidstg,confirm_clean,target_search_fit,P_W,above_one,0.125,0.0,0.375,10000,0
vidstg,confirm_clean,target_search_fit,R_W,r2,-11.206146823901971,-69.9059529787192,-3.143121081647325,10000,0
vidstg,confirm_clean,target_search_fit,R_W,mae,0.2720882916106319,0.14883143727978967,0.4094336655694582,10000,0
vidstg,confirm_clean,target_search_fit,R_W,mse,0.10961427874457716,0.03657660727210978,0.20345390733402158,10000,0
vidstg,confirm_clean,target_search_fit,R_W,rho,-0.26909522573544187,-0.816785640153034,0.5005124480313109,10000,0
vidstg,confirm_clean,target_search_fit,R_W,truth_mean,0.8909017181415558,0.8230160275984221,0.9530020451962633,10000,0
vidstg,confirm_clean,target_search_fit,R_W,prediction_mean,0.6282111046375235,0.5192949759736287,0.7270691842920801,10000,0
vidstg,confirm_clean,target_search_fit,R_W,below_zero,0.0,0.0,0.0,10000,0
vidstg,confirm_clean,target_search_fit,R_W,above_one,0.0,0.0,0.0,10000,0
vidstg,confirm_clean,target_search_fit,P_pool,r2,-0.12183349397734,-2.393448237845645,0.5274159922872393,10000,0
vidstg,confirm_clean,target_search_fit,P_pool,mae,0.36374114517388756,0.23989553020216597,0.5218724944828669,10000,0
vidstg,confirm_clean,target_search_fit,P_pool,mse,0.201916184060323,0.08398613950762476,0.3712306914975251,10000,0
vidstg,confirm_clean,target_search_fit,P_pool,rho,0.4398906382758523,-0.003602379152605704,0.7693729351066363,10000,0
vidstg,confirm_clean,target_search_fit,P_pool,truth_mean,0.38824193923584244,0.1697232222670971,0.6307983953572538,10000,0
vidstg,confirm_clean,target_search_fit,P_pool,prediction_mean,0.6075306000629782,0.42693899499564586,0.7827005731042496,10000,0
vidstg,confirm_clean,target_search_fit,P_pool,below_zero,0.0,0.0,0.0,10000,0
vidstg,confirm_clean,target_search_fit,P_pool,above_one,0.08984375,0.0,0.23046875,10000,0
vidstg,confirm_clean,target_search_fit,R_pool,r2,0.48058663049379213,0.34710950858254574,0.6173666419109582,10000,0
vidstg,confirm_clean,target_search_fit,R_pool,mae,0.23644089872649343,0.18860357911752013,0.28257155574525566,10000,0
vidstg,confirm_clean,target_search_fit,R_pool,mse,0.0829928288331715,0.05518586356646784,0.1101652932605862,10000,0
vidstg,confirm_clean,target_search_fit,R_pool,rho,0.7110633164715568,0.6132328855103049,0.8217126903284682,10000,0
vidstg,confirm_clean,target_search_fit,R_pool,truth_mean,0.37212607954150023,0.30844660326190776,0.439836782991906,10000,0
vidstg,confirm_clean,target_search_fit,R_pool,prediction_mean,0.362284327748985,0.3008653367112858,0.4171417896566344,10000,0
vidstg,confirm_clean,target_search_fit,R_pool,below_zero,0.02734375,0.0,0.05859375,10000,0
vidstg,confirm_clean,target_search_fit,R_pool,above_one,0.0,0.0,0.0,10000,0
vidstg,confirm_clean,target_search_fit,T_A,r2,-0.1998166633825651,-2.3170946166378132,0.33680188284557233,10000,0
vidstg,confirm_clean,target_search_fit,T_A,mae,0.3058653995210577,0.13674200454916763,0.45646752726403256,10000,0
vidstg,confirm_clean,target_search_fit,T_A,mse,0.14490802028877528,0.055645317330854815,0.2364660370812476,10000,0
vidstg,confirm_clean,target_search_fit,T_A,rho,0.11107194814933904,-0.7587472730205241,0.7241863198748852,10000,0
vidstg,confirm_clean,target_search_fit,T_A,truth_mean,0.4930562536896747,0.2572258398082664,0.7367334579405278,10000,0
vidstg,confirm_clean,target_search_fit,T_A,prediction_mean,0.42615621506925905,0.3096939503079278,0.5604017605455569,10000,0
vidstg,confirm_clean,target_search_fit,T_A,below_zero,0.0,0.0,0.0,10000,0
vidstg,confirm_clean,target_search_fit,T_A,above_one,0.0,0.0,0.0,10000,0
vidstg,confirm_clean,target_search_fit,T_W,r2,-0.31118327245301036,-2.6923263104286796,0.4506237550309953,10000,0
vidstg,confirm_clean,target_search_fit,T_W,mae,0.315071177034217,0.1523084973939584,0.47508148229262304,10000,0
vidstg,confirm_clean,target_search_fit,T_W,mse,0.15319083174745493,0.05294302155629527,0.26937040955398356,10000,0
vidstg,confirm_clean,target_search_fit,T_W,rho,0.08207083563943131,-0.6434626773891775,0.782173933675843,10000,0
vidstg,confirm_clean,target_search_fit,T_W,truth_mean,0.4817907528618817,0.24420393260073478,0.7152569502668205,10000,0
vidstg,confirm_clean,target_search_fit,T_W,prediction_mean,0.4808610981837429,0.33314647519216917,0.6315896160578096,10000,0
vidstg,confirm_clean,target_search_fit,T_W,below_zero,0.0,0.0,0.0,10000,0
vidstg,confirm_clean,target_search_fit,T_W,above_one,0.0,0.0,0.0,10000,0
vidstg,confirm_clean,target_search_fit,delta_T,r2,-0.5658253358305358,-9.5877090305895,0.49857267641516034,10000,0
vidstg,confirm_clean,target_search_fit,delta_T,mae,0.08816160687117791,0.04233382646117202,0.1406566221204744,10000,0
vidstg,confirm_clean,target_search_fit,delta_T,mse,0.012943961300358544,0.003262479633957328,0.026155535882248306,10000,0
vidstg,confirm_clean,target_search_fit,delta_T,rho,0.45915090272268677,-0.2528646440297323,0.9668538340146832,10000,0
vidstg,confirm_clean,target_search_fit,delta_T,truth_mean,-0.011265500827793038,-0.07703686090044858,0.04708772339261136,10000,0
vidstg,confirm_clean,target_search_fit,delta_T,prediction_mean,0.0547048831144839,0.0033038134849690697,0.12055137978535342,10000,0
vidstg,confirm_clean,target_search_fit,delta_T,below_zero,0.25,0.0,0.625,10000,0
vidstg,confirm_clean,target_search_fit,delta_T,above_one,0.0,0.0,0.0,10000,0
hc2,search_all,source_fit,P_A,r2,0.06920692628551883,-0.8998382367550054,0.3406637889794068,10000,0
hc2,search_all,source_fit,P_A,mae,0.19277412789400178,0.13131203914199036,0.2563323645805521,10000,0
hc2,search_all,source_fit,P_A,mse,0.055673613205514484,0.027951004470714236,0.08848380529384157,10000,0
hc2,search_all,source_fit,P_A,rho,0.32641553378128324,-0.0820234963898217,0.676976281694977,10000,0
hc2,search_all,source_fit,P_A,truth_mean,0.5721108280198293,0.44941064630448924,0.6887115830484011,10000,0
hc2,search_all,source_fit,P_A,prediction_mean,0.5798021263614795,0.5127896293154789,0.6399437379063947,10000,0
hc2,search_all,source_fit,P_A,below_zero,0.0,0.0,0.0,10000,0
hc2,search_all,source_fit,P_A,above_one,0.0,0.0,0.0,10000,0
hc2,search_all,source_fit,R_A,r2,-0.07656307997077749,-1.9516414923738716,0.20943412411813053,10000,0
hc2,search_all,source_fit,R_A,mae,0.18161688509123072,0.09729635951759413,0.290128429449313,10000,0
hc2,search_all,source_fit,R_A,mse,0.07284464800938997,0.01610230642196663,0.16091419674011953,10000,0
hc2,search_all,source_fit,R_A,rho,0.31021239513392,-0.18173273727252495,0.6897518743442904,10000,0
hc2,search_all,source_fit,R_A,truth_mean,0.8435364430191894,0.701984839640162,0.9527214799550049,10000,0
hc2,search_all,source_fit,R_A,prediction_mean,0.9360441968978616,0.86991739283021,0.9997870033022425,10000,0
hc2,search_all,source_fit,R_A,below_zero,0.0,0.0,0.0,10000,0
hc2,search_all,source_fit,R_A,above_one,0.4523809523809524,0.2261904761904762,0.6904761904761904,10000,0
hc2,search_all,source_fit,P_W,r2,0.039780394915803874,-0.9629612472475859,0.33513736036114855,10000,0
hc2,search_all,source_fit,P_W,mae,0.22311382574566108,0.1544189871763645,0.29374177083967407,10000,0
hc2,search_all,source_fit,P_W,mse,0.06941479582209524,0.03526489112045031,0.10834976841118918,10000,0
hc2,search_all,source_fit,P_W,rho,0.2629686504548811,-0.29397021668729284,0.772672584144684,10000,0
hc2,search_all,source_fit,P_W,truth_mean,0.6022975152176155,0.46253475120244747,0.7373190147595562,10000,0
hc2,search_all,source_fit,P_W,prediction_mean,0.6182272924020629,0.5547353710115396,0.6716342548269024,10000,0
hc2,search_all,source_fit,P_W,below_zero,0.0,0.0,0.0,10000,0
hc2,search_all,source_fit,P_W,above_one,0.0,0.0,0.0,10000,0
hc2,search_all,source_fit,R_W,r2,-0.2029431718532222,-2.3181755475566175,-0.008557390643384753,10000,0
hc2,search_all,source_fit,R_W,mae,0.20012840519701172,0.10147587038879889,0.32858195933669826,10000,0
hc2,search_all,source_fit,R_W,mse,0.09244990417718081,0.018645220174872294,0.20472933262554552,10000,0
hc2,search_all,source_fit,R_W,rho,0.08972866484289815,-0.4954049180727697,0.558468029468698,10000,0
hc2,search_all,source_fit,R_W,truth_mean,0.8343816427366563,0.679881890596413,0.9516633759196389,10000,0
hc2,search_all,source_fit,R_W,prediction_mean,0.9466422318405605,0.903798477761921,0.9858475090627057,10000,0
hc2,search_all,source_fit,R_W,below_zero,0.0,0.0,0.0,10000,0
hc2,search_all,source_fit,R_W,above_one,0.3452380952380953,0.13095238095238093,0.5714285714285714,10000,0
hc2,search_all,source_fit,P_pool,r2,0.4250124515153938,0.15788951145740554,0.6445257026780096,10000,0
hc2,search_all,source_fit,P_pool,mae,0.20188973882744768,0.15201130521445183,0.25374134521107405,10000,0
hc2,search_all,source_fit,P_pool,mse,0.07631967848120047,0.04612728155203125,0.10927860244246469,10000,0
hc2,search_all,source_fit,P_pool,rho,0.6589622081945492,0.4754516049915901,0.8155605141863979,10000,0
hc2,search_all,source_fit,P_pool,truth_mean,0.3947699930136047,0.3129875196156318,0.4837453954962988,10000,0
hc2,search_all,source_fit,P_pool,prediction_mean,0.3730221366515041,0.3308512352137895,0.4184134977207942,10000,0
hc2,search_all,source_fit,P_pool,below_zero,0.0974702380952381,0.05729166666666667,0.13950892857142858,10000,0
hc2,search_all,source_fit,P_pool,above_one,0.0011160714285714285,0.0,0.002976190476190476,10000,0
hc2,search_all,source_fit,R_pool,r2,0.675753626489642,0.3994524891711855,0.8582135224874284,10000,0
hc2,search_all,source_fit,R_pool,mae,0.16159464403804624,0.11739310480126734,0.21614310328413183,10000,0
hc2,search_all,source_fit,R_pool,mse,0.05668520497567757,0.02559841809759793,0.10021785796530505,10000,0
hc2,search_all,source_fit,R_pool,rho,0.8381722375905112,0.7083130958076838,0.9297028766860818,10000,0
hc2,search_all,source_fit,R_pool,truth_mean,0.4417330728407997,0.3973703305182122,0.48324703905253613,10000,0
hc2,search_all,source_fit,R_pool,prediction_mean,0.46926418947130594,0.435786581043729,0.5031314450676807,10000,0
hc2,search_all,source_fit,R_pool,below_zero,0.1205357142857143,0.09226190476190477,0.1532738095238095,10000,0
hc2,search_all,source_fit,R_pool,above_one,0.11086309523809523,0.058779761904761904,0.165922619047619,10000,0
hc2,search_all,source_fit,T_A,r2,0.03723871358836206,-1.153701139248567,0.38212431914392325,10000,0
hc2,search_all,source_fit,T_A,mae,0.18736957674319374,0.12445899055043043,0.2536585982084667,10000,0
hc2,search_all,source_fit,T_A,mse,0.053532173408746796,0.025791505012421587,0.08444537576393502,10000,0
hc2,search_all,source_fit,T_A,rho,0.3316677375467816,-0.11872626622395756,0.6915697828798792,10000,0
hc2,search_all,source_fit,T_A,truth_mean,0.5336859720319002,0.4165051612525387,0.6483716918670555,10000,0
hc2,search_all,source_fit,T_A,prediction_mean,0.5571956871196809,0.48509207400435855,0.6211767616059335,10000,0
hc2,search_all,source_fit,T_A,below_zero,0.0,0.0,0.0,10000,0
hc2,search_all,source_fit,T_A,above_one,0.0,0.0,0.0,10000,0
hc2,search_all,source_fit,T_W,r2,-0.024991602921734968,-1.2375970926662825,0.3809230577720727,10000,0
hc2,search_all,source_fit,T_W,mae,0.20330723326412029,0.12922250095026283,0.2809336309081126,10000,0
hc2,search_all,source_fit,T_W,mse,0.06451350262288505,0.028515014205634324,0.10469342446082225,10000,0
hc2,search_all,source_fit,T_W,rho,0.24062436926456904,-0.3370136049164049,0.7821215445435449,10000,0
hc2,search_all,source_fit,T_W,truth_mean,0.5587054318406194,0.42822286567985035,0.6847535740343027,10000,0
hc2,search_all,source_fit,T_W,prediction_mean,0.5980445970545766,0.53118107100752,0.6549151722150868,10000,0
hc2,search_all,source_fit,T_W,below_zero,0.0,0.0,0.0,10000,0
hc2,search_all,source_fit,T_W,above_one,0.0,0.0,0.0,10000,0
hc2,search_all,source_fit,delta_T,r2,0.37172596562890736,-1.0925502961689921,0.6925671066177864,10000,0
hc2,search_all,source_fit,delta_T,mae,0.0747054098989679,0.05287545881359772,0.09800634319482832,10000,0
hc2,search_all,source_fit,delta_T,mse,0.010421025977768079,0.005782207810192616,0.01553391269488649,10000,0
hc2,search_all,source_fit,delta_T,rho,0.6229706335893105,-0.29669043513158955,0.8853886387570198,10000,0
hc2,search_all,source_fit,delta_T,truth_mean,0.025019459808719273,-0.022677001058110945,0.08327931408331694,10000,0
hc2,search_all,source_fit,delta_T,prediction_mean,0.04084890993489582,0.015002665552730452,0.07391439116614405,10000,0
hc2,search_all,source_fit,delta_T,below_zero,0.17857142857142858,0.047619047619047616,0.34523809523809523,10000,0
hc2,search_all,source_fit,delta_T,above_one,0.0,0.0,0.0,10000,0
hc2,search_all,target_search_fit,P_A,r2,0.7325108386688859,0.3948702126120528,0.8249969637984507,10000,0
hc2,search_all,target_search_fit,P_A,mae,0.10940911668015321,0.0846132460276959,0.13498013780688145,10000,0
hc2,search_all,target_search_fit,P_A,mse,0.015999354233682265,0.009784779698816448,0.022737993101018397,10000,0
hc2,search_all,target_search_fit,P_A,rho,0.8894954724165833,0.6724566471776426,0.9595251392691826,10000,0
hc2,search_all,target_search_fit,P_A,truth_mean,0.5721108280198293,0.44941064630448924,0.6887115830484011,10000,0
hc2,search_all,target_search_fit,P_A,prediction_mean,0.5601086836972301,0.4771536051465111,0.63907404497474,10000,0
hc2,search_all,target_search_fit,P_A,below_zero,0.0,0.0,0.0,10000,0
hc2,search_all,target_search_fit,P_A,above_one,0.0,0.0,0.0,10000,0
hc2,search_all,target_search_fit,R_A,r2,0.8831497489532547,0.026906589472189723,0.9563325058370095,10000,0
hc2,search_all,target_search_fit,R_A,mae,0.06692580648864321,0.04367179823357156,0.09159390236131162,10000,0
hc2,search_all,target_search_fit,R_A,mse,0.007906564478822794,0.003935258780873251,0.012416126754066928,10000,0
hc2,search_all,target_search_fit,R_A,rho,0.9450490973554796,0.6493796790530759,0.9799277998405097,10000,0
hc2,search_all,target_search_fit,R_A,truth_mean,0.8435364430191894,0.701984839640162,0.9527214799550049,10000,0
hc2,search_all,target_search_fit,R_A,prediction_mean,0.8222246690285088,0.6991963579131595,0.9144625781441467,10000,0
hc2,search_all,target_search_fit,R_A,below_zero,0.03571428571428571,0.0,0.10714285714285714,10000,0
hc2,search_all,target_search_fit,R_A,above_one,0.09523809523809525,0.0,0.23809523809523808,10000,0
hc2,search_all,target_search_fit,P_W,r2,0.7069584406990553,0.40431888273731137,0.7923729491938355,10000,0
hc2,search_all,target_search_fit,P_W,mae,0.12070221154175519,0.08549169397480508,0.15725864007216703,10000,0
hc2,search_all,target_search_fit,P_W,mse,0.02118413319053183,0.01135349257397805,0.03243708266430647,10000,0
hc2,search_all,target_search_fit,P_W,rho,0.9050682339006229,0.6964143127635259,0.9742099888395837,10000,0
hc2,search_all,target_search_fit,P_W,truth_mean,0.6022975152176155,0.46253475120244747,0.7373190147595562,10000,0
hc2,search_all,target_search_fit,P_W,prediction_mean,0.6023142809053891,0.5211849162373832,0.679379065739446,10000,0
hc2,search_all,target_search_fit,P_W,below_zero,0.0,0.0,0.0,10000,0
hc2,search_all,target_search_fit,P_W,above_one,0.0,0.0,0.0,10000,0
hc2,search_all,target_search_fit,R_W,r2,0.8571602326321683,-0.027626522174870424,0.9216123356926598,10000,0
hc2,search_all,target_search_fit,R_W,mae,0.08204664371480001,0.05764070135782825,0.10765308751851162,10000,0
hc2,search_all,target_search_fit,R_W,mse,0.010977678010759861,0.005466061093116083,0.017352568329108902,10000,0
hc2,search_all,target_search_fit,R_W,rho,0.9487202643535363,0.7346569843419899,0.9795982971235617,10000,0
hc2,search_all,target_search_fit,R_W,truth_mean,0.8343816427366563,0.679881890596413,0.9516633759196389,10000,0
hc2,search_all,target_search_fit,R_W,prediction_mean,0.8173340330794321,0.6982153675076124,0.901387208430514,10000,0
hc2,search_all,target_search_fit,R_W,below_zero,0.0,0.0,0.0,10000,0
hc2,search_all,target_search_fit,R_W,above_one,0.023809523809523808,0.0,0.05952380952380952,10000,0
hc2,search_all,target_search_fit,P_pool,r2,0.6769933325311197,0.5304538269193483,0.7929465958567101,10000,0
hc2,search_all,target_search_fit,P_pool,mae,0.14844353207583016,0.11795974054834141,0.18141779098095662,10000,0
hc2,search_all,target_search_fit,P_pool,mse,0.04287356321624584,0.02822378398153605,0.05953914082665475,10000,0
hc2,search_all,target_search_fit,P_pool,rho,0.8286492325854465,0.7338027322794147,0.901042130285766,10000,0
hc2,search_all,target_search_fit,P_pool,truth_mean,0.3947699930136047,0.3129875196156318,0.4837453954962988,10000,0
hc2,search_all,target_search_fit,P_pool,prediction_mean,0.39476999301360427,0.337063515635844,0.456011373535522,10000,0
hc2,search_all,target_search_fit,P_pool,below_zero,0.07180059523809523,0.04166666666666666,0.10416666666666666,10000,0
hc2,search_all,target_search_fit,P_pool,above_one,0.007440476190476191,0.0,0.017857142857142856,10000,0
hc2,search_all,target_search_fit,R_pool,r2,0.9200978610849008,0.8857454976477843,0.9449776872499435,10000,0
hc2,search_all,target_search_fit,R_pool,mae,0.08946112589540377,0.07485246459640453,0.10565979145011685,10000,0
hc2,search_all,target_search_fit,R_pool,mse,0.013968603791501699,0.009753562694072446,0.01918767668512671,10000,0
hc2,search_all,target_search_fit,R_pool,rho,0.9601174842878136,0.941499061003101,0.9742285454501299,10000,0
hc2,search_all,target_search_fit,R_pool,truth_mean,0.4417330728407997,0.3973703305182122,0.48324703905253613,10000,0
hc2,search_all,target_search_fit,R_pool,prediction_mean,0.44173307284079977,0.39965429261763924,0.4817203863447562,10000,0
hc2,search_all,target_search_fit,R_pool,below_zero,0.11867559523809525,0.08147321428571429,0.15959821428571427,10000,0
hc2,search_all,target_search_fit,R_pool,above_one,0.03459821428571429,0.017485119047619048,0.053943452380952384,10000,0
hc2,search_all,target_search_fit,T_A,r2,0.7516414038780207,0.35599623370196093,0.8731966519447777,10000,0
hc2,search_all,target_search_fit,T_A,mae,0.09837485954322626,0.07320149063565179,0.12474275763293963,10000,0
hc2,search_all,target_search_fit,T_A,mse,0.013809420489587722,0.00801002958193056,0.020419855622494033,10000,0
hc2,search_all,target_search_fit,T_A,rho,0.8909134962244082,0.6637109286013934,0.956684387302277,10000,0
hc2,search_all,target_search_fit,T_A,truth_mean,0.5336859720319002,0.4165051612525387,0.6483716918670555,10000,0
hc2,search_all,target_search_fit,T_A,prediction_mean,0.5032799836268701,0.41284221899243984,0.5848691318926694,10000,0
hc2,search_all,target_search_fit,T_A,below_zero,0.0,0.0,0.0,10000,0
hc2,search_all,target_search_fit,T_A,above_one,0.0,0.0,0.0,10000,0
hc2,search_all,target_search_fit,T_W,r2,0.7446822679997176,0.35429855562776447,0.8610497851034987,10000,0
hc2,search_all,target_search_fit,T_W,mae,0.1072711762356012,0.0813195531962963,0.13248275473103718,10000,0
hc2,search_all,target_search_fit,T_W,mse,0.01606983035384631,0.009410517482026499,0.02380374711686382,10000,0
hc2,search_all,target_search_fit,T_W,rho,0.908171986725374,0.7106954269426426,0.9699758022185433,10000,0
hc2,search_all,target_search_fit,T_W,truth_mean,0.5587054318406194,0.42822286567985035,0.6847535740343027,10000,0
hc2,search_all,target_search_fit,T_W,prediction_mean,0.5355669100907042,0.44842507361858697,0.6129273679792758,10000,0
hc2,search_all,target_search_fit,T_W,below_zero,0.0,0.0,0.0,10000,0
hc2,search_all,target_search_fit,T_W,above_one,0.0,0.0,0.0,10000,0
hc2,search_all,target_search_fit,delta_T,r2,0.6747115356587793,-0.0837680444332354,0.8113480062509439,10000,0
hc2,search_all,target_search_fit,delta_T,mae,0.05809071165496255,0.04442290414681424,0.07295103176731753,10000,0
hc2,search_all,target_search_fit,delta_T,mse,0.005395479284069734,0.0031086811458728883,0.008045310050330606,10000,0
hc2,search_all,target_search_fit,delta_T,rho,0.8424784301948665,0.49962607164914946,0.9630055061539838,10000,0
hc2,search_all,target_search_fit,delta_T,truth_mean,0.025019459808719273,-0.022677001058110945,0.08327931408331694,10000,0
hc2,search_all,target_search_fit,delta_T,prediction_mean,0.03228692646383419,0.001725112577846523,0.07049154628739727,10000,0
hc2,search_all,target_search_fit,delta_T,below_zero,0.42857142857142855,0.2261904761904762,0.6428571428571428,10000,0
hc2,search_all,target_search_fit,delta_T,above_one,0.0,0.0,0.0,10000,0
hc2,search_corrupt,source_fit,P_A,r2,0.06185674836178334,-0.8726992249516862,0.34147219776655247,10000,0
hc2,search_corrupt,source_fit,P_A,mae,0.19489581112428436,0.13246578770637643,0.2585112494397449,10000,0
hc2,search_corrupt,source_fit,P_A,mse,0.0568390905129996,0.02858928778374661,0.08924623945537569,10000,0
hc2,search_corrupt,source_fit,P_A,rho,0.3172912939440389,-0.09118374672148304,0.6752495435226551,10000,0
hc2,search_corrupt,source_fit,P_A,truth_mean,0.5765218961612072,0.45400838509161934,0.6932809268308938,10000,0
hc2,search_corrupt,source_fit,P_A,prediction_mean,0.579087573192799,0.5124097910922567,0.6389095261536564,10000,0
hc2,search_corrupt,source_fit,P_A,below_zero,0.0,0.0,0.0,10000,0
hc2,search_corrupt,source_fit,P_A,above_one,0.0,0.0,0.0,10000,0
hc2,search_corrupt,source_fit,R_A,r2,-0.08689849512729109,-1.8112405781855858,0.18077158390384943,10000,0
hc2,search_corrupt,source_fit,R_A,mae,0.17869828680094435,0.09576537302578712,0.28474413015879724,10000,0
hc2,search_corrupt,source_fit,R_A,mse,0.07105043321875625,0.01592713161982517,0.15608511844542103,10000,0
hc2,search_corrupt,source_fit,R_A,rho,0.307717012451307,-0.16746266854083822,0.6804856188520411,10000,0
hc2,search_corrupt,source_fit,R_A,truth_mean,0.8449580608401803,0.7070379408800805,0.9519493798735519,10000,0
hc2,search_corrupt,source_fit,R_A,prediction_mean,0.9386992843659191,0.8749398462674318,1.0001403243462863,10000,0
hc2,search_corrupt,source_fit,R_A,below_zero,0.0,0.0,0.0,10000,0
hc2,search_corrupt,source_fit,R_A,above_one,0.4571428571428572,0.22857142857142856,0.6857142857142857,10000,0
hc2,search_corrupt,source_fit,P_W,r2,0.021400115190620683,-0.9844194713477168,0.3320058724422056,10000,0
hc2,search_corrupt,source_fit,P_W,mae,0.22421393264242542,0.15308678873222606,0.29716930225434174,10000,0
hc2,search_corrupt,source_fit,P_W,mse,0.07140914555321583,0.03541817260795418,0.11199343211351229,10000,0
hc2,search_corrupt,source_fit,P_W,rho,0.24033838236907548,-0.3249896558365901,0.7642486109621879,10000,0
hc2,search_corrupt,source_fit,P_W,truth_mean,0.6025626954806602,0.4616926076143896,0.7376744874684152,10000,0
hc2,search_corrupt,source_fit,P_W,prediction_mean,0.616895298353974,0.5531803316305701,0.6706712164283425,10000,0
hc2,search_corrupt,source_fit,P_W,below_zero,0.0,0.0,0.0,10000,0
hc2,search_corrupt,source_fit,P_W,above_one,0.0,0.0,0.0,10000,0
hc2,search_corrupt,source_fit,R_W,r2,-0.22878599041422665,-2.2132461014241613,-0.03708378197725817,10000,0
hc2,search_corrupt,source_fit,R_W,mae,0.2028776026034476,0.10230285133442711,0.3328015947423824,10000,0
hc2,search_corrupt,source_fit,R_W,mse,0.09531969418660921,0.01908169337726382,0.21116704586732837,10000,0
hc2,search_corrupt,source_fit,R_W,rho,0.05156431936741007,-0.49559974101787707,0.5117182593620446,10000,0
hc2,search_corrupt,source_fit,R_W,truth_mean,0.8308827977619012,0.6745702268265755,0.9496015597843305,10000,0
hc2,search_corrupt,source_fit,R_W,prediction_mean,0.9465688060126138,0.9054341462026422,0.9845474269608209,10000,0
hc2,search_corrupt,source_fit,R_W,below_zero,0.0,0.0,0.0,10000,0
hc2,search_corrupt,source_fit,R_W,above_one,0.3285714285714286,0.11428571428571427,0.5571428571428572,10000,0
hc2,search_corrupt,source_fit,P_pool,r2,0.42233579188333803,0.15459136474432086,0.6416995137109257,10000,0
hc2,search_corrupt,source_fit,P_pool,mae,0.20242457469382202,0.15223683234770533,0.2546750267036753,10000,0
hc2,search_corrupt,source_fit,P_pool,mse,0.07679723529545261,0.046554517385243986,0.10956958120869921,10000,0
hc2,search_corrupt,source_fit,P_pool,rho,0.6572833794541418,0.47144138582159906,0.8142413823862004,10000,0
hc2,search_corrupt,source_fit,P_pool,truth_mean,0.39418336242962254,0.31241613448971245,0.4831035466804728,10000,0
hc2,search_corrupt,source_fit,P_pool,prediction_mean,0.37128751075093847,0.3280789499223567,0.41748479659115306,10000,0
hc2,search_corrupt,source_fit,P_pool,below_zero,0.09776785714285716,0.05848214285714285,0.1392857142857143,10000,0
hc2,search_corrupt,source_fit,P_pool,above_one,0.0013392857142857145,0.0,0.0035714285714285713,10000,0
hc2,search_corrupt,source_fit,R_pool,r2,0.6758825611687529,0.3979432455353994,0.8598104095928493,10000,0
hc2,search_corrupt,source_fit,R_pool,mae,0.16104455023483974,0.11691005665691508,0.21562209507462618,10000,0
hc2,search_corrupt,source_fit,R_pool,mse,0.05666738324199873,0.025320658861929666,0.10063358544241284,10000,0
hc2,search_corrupt,source_fit,R_pool,rho,0.8385445859760008,0.7088374690766046,0.9300771907354686,10000,0
hc2,search_corrupt,source_fit,R_pool,truth_mean,0.441479247428829,0.3969334455250941,0.48330577654274487,10000,0
hc2,search_corrupt,source_fit,R_pool,prediction_mean,0.4699871531457321,0.43649708159209033,0.5038952257042945,10000,0
hc2,search_corrupt,source_fit,R_pool,below_zero,0.12053571428571429,0.09241071428571428,0.15358258928571414,10000,0
hc2,search_corrupt,source_fit,R_pool,above_one,0.10982142857142856,0.057589285714285704,0.165625,10000,0
hc2,search_corrupt,source_fit,T_A,r2,0.031614509834068216,-1.1040265711973238,0.3770542279914307,10000,0
hc2,search_corrupt,source_fit,T_A,mae,0.18952558256290492,0.12684217943484755,0.2551785951714451,10000,0
hc2,search_corrupt,source_fit,T_A,mse,0.054247182225523334,0.026605520269543402,0.0847782603722989,10000,0
hc2,search_corrupt,source_fit,T_A,rho,0.3214354422111464,-0.12606924570468736,0.6862928463934408,10000,0
hc2,search_corrupt,source_fit,T_A,truth_mean,0.5375667297103186,0.42058892944620385,0.6523734733068673,10000,0
hc2,search_corrupt,source_fit,T_A,prediction_mean,0.5571728741125384,0.48610033464139724,0.6203797832746312,10000,0
hc2,search_corrupt,source_fit,T_A,below_zero,0.0,0.0,0.0,10000,0
hc2,search_corrupt,source_fit,T_A,above_one,0.0,0.0,0.0,10000,0
hc2,search_corrupt,source_fit,T_W,r2,-0.0447360257823215,-1.231289899587351,0.36928728463247973,10000,0
hc2,search_corrupt,source_fit,T_W,mae,0.2039566831695569,0.12808570714352505,0.28401997204330676,10000,0
hc2,search_corrupt,source_fit,T_W,mse,0.0661941981031561,0.02875031107650792,0.10853261583572549,10000,0
hc2,search_corrupt,source_fit,T_W,rho,0.21690960888226726,-0.3624187879687414,0.7697192558510622,10000,0
hc2,search_corrupt,source_fit,T_W,truth_mean,0.5580134968102286,0.42735315646085204,0.683832127211561,10000,0
hc2,search_corrupt,source_fit,T_W,prediction_mean,0.5966271349946602,0.529516288250408,0.653739572461229,10000,0
hc2,search_corrupt,source_fit,T_W,below_zero,0.0,0.0,0.0,10000,0
hc2,search_corrupt,source_fit,T_W,above_one,0.0,0.0,0.0,10000,0
hc2,search_corrupt,source_fit,delta_T,r2,0.31080296758486314,-1.11882664433898,0.6749954522879119,10000,0
hc2,search_corrupt,source_fit,delta_T,mae,0.07638664653259507,0.05392372647947034,0.10070748585756219,10000,0
hc2,search_corrupt,source_fit,delta_T,mse,0.011080458215652273,0.005978354741583729,0.016879842511091838,10000,0
hc2,search_corrupt,source_fit,delta_T,rho,0.5773009331325342,-0.34914825268093597,0.869078082514296,10000,0
hc2,search_corrupt,source_fit,delta_T,truth_mean,0.020446767099909953,-0.02617963386152725,0.07499909351454488,10000,0
hc2,search_corrupt,source_fit,delta_T,prediction_mean,0.039454260882121985,0.01568997968042085,0.0692122241480433,10000,0
hc2,search_corrupt,source_fit,delta_T,below_zero,0.18571428571428572,0.05714285714285714,0.34321428571428053,10000,0
hc2,search_corrupt,source_fit,delta_T,above_one,0.0,0.0,0.0,10000,0
hc2,search_corrupt,target_search_fit,P_A,r2,0.7241254584350622,0.39271483695696074,0.8213320895606998,10000,0
hc2,search_corrupt,target_search_fit,P_A,mae,0.11108598255363115,0.08456958402357798,0.13806002541169574,10000,0
hc2,search_corrupt,target_search_fit,P_A,mse,0.016714353603098506,0.009993813260613693,0.023946874433821097,10000,0
hc2,search_corrupt,target_search_fit,P_A,rho,0.8868843366076977,0.6744623283953849,0.9591768652125457,10000,0
hc2,search_corrupt,target_search_fit,P_A,truth_mean,0.5765218961612072,0.45400838509161934,0.6932809268308938,10000,0
hc2,search_corrupt,target_search_fit,P_A,prediction_mean,0.5604602831209029,0.47840316766726626,0.6389197825426424,10000,0
hc2,search_corrupt,target_search_fit,P_A,below_zero,0.0,0.0,0.0,10000,0
hc2,search_corrupt,target_search_fit,P_A,above_one,0.0,0.0,0.0,10000,0
hc2,search_corrupt,target_search_fit,R_A,r2,0.8823038594113607,0.0934548729743073,0.9537606459086582,10000,0
hc2,search_corrupt,target_search_fit,R_A,mae,0.06568199658151554,0.04299143524017403,0.08964952261701328,10000,0
hc2,search_corrupt,target_search_fit,R_A,mse,0.007693783563495609,0.0038726477692575213,0.01196805767639645,10000,0
hc2,search_corrupt,target_search_fit,R_A,rho,0.9443036293000996,0.6557985272967813,0.9786327922038642,10000,0
hc2,search_corrupt,target_search_fit,R_A,truth_mean,0.8449580608401803,0.7070379408800805,0.9519493798735519,10000,0
hc2,search_corrupt,target_search_fit,R_A,prediction_mean,0.825378296910071,0.7079595727507544,0.9146098435110841,10000,0
hc2,search_corrupt,target_search_fit,R_A,below_zero,0.028571428571428574,0.0,0.08571428571428572,10000,0
hc2,search_corrupt,target_search_fit,R_A,above_one,0.09999999999999999,0.0,0.24285714285714283,10000,0
hc2,search_corrupt,target_search_fit,P_W,r2,0.6935377510354623,0.3820273889284552,0.7878724944328098,10000,0
hc2,search_corrupt,target_search_fit,P_W,mae,0.12247328611207327,0.08439702642244522,0.1618044425742487,10000,0
hc2,search_corrupt,target_search_fit,P_W,mse,0.022362773266765036,0.011406158787769554,0.03485591122923876,10000,0
hc2,search_corrupt,target_search_fit,P_W,rho,0.8970619712350372,0.6780965787328501,0.9725122328736717,10000,0
hc2,search_corrupt,target_search_fit,P_W,truth_mean,0.6025626954806602,0.4616926076143896,0.7376744874684152,10000,0
hc2,search_corrupt,target_search_fit,P_W,prediction_mean,0.6015552002968498,0.5215261751377149,0.6779265882818313,10000,0
hc2,search_corrupt,target_search_fit,P_W,below_zero,0.0,0.0,0.0,10000,0
hc2,search_corrupt,target_search_fit,P_W,above_one,0.0,0.0,0.0,10000,0
hc2,search_corrupt,target_search_fit,R_W,r2,0.8499476915856385,-0.030421169413531964,0.9132087945836571,10000,0
hc2,search_corrupt,target_search_fit,R_W,mae,0.08415041470580172,0.05898865402556923,0.11075799214194339,10000,0
hc2,search_corrupt,target_search_fit,R_W,mse,0.011639895198699443,0.005730223887718507,0.018703337316533675,10000,0
hc2,search_corrupt,target_search_fit,R_W,rho,0.9471010583379015,0.7329610543915254,0.9782331212928659,10000,0
hc2,search_corrupt,target_search_fit,R_W,truth_mean,0.8308827977619012,0.6745702268265755,0.9496015597843305,10000,0
hc2,search_corrupt,target_search_fit,R_W,prediction_mean,0.8153641458479294,0.699345557112894,0.8987599681755151,10000,0
hc2,search_corrupt,target_search_fit,R_W,below_zero,0.0,0.0,0.0,10000,0
hc2,search_corrupt,target_search_fit,R_W,above_one,0.028571428571428574,0.0,0.07142857142857142,10000,0
hc2,search_corrupt,target_search_fit,P_pool,r2,0.6768454267987676,0.531306087680522,0.790924223319895,10000,0
hc2,search_corrupt,target_search_fit,P_pool,mae,0.14877549202112397,0.11837941999018986,0.1812831664200756,10000,0
hc2,search_corrupt,target_search_fit,P_pool,mse,0.042961598531174046,0.028630748599748238,0.05913217681553974,10000,0
hc2,search_corrupt,target_search_fit,P_pool,rho,0.8289667551230047,0.7343167123061565,0.900521343088095,10000,0
hc2,search_corrupt,target_search_fit,P_pool,truth_mean,0.39418336242962254,0.31241613448971245,0.4831035466804728,10000,0
hc2,search_corrupt,target_search_fit,P_pool,prediction_mean,0.3934599138150229,0.3361498512635586,0.45390081217475775,10000,0
hc2,search_corrupt,target_search_fit,P_pool,below_zero,0.07142857142857142,0.040624999999999994,0.1044642857142857,10000,0
hc2,search_corrupt,target_search_fit,P_pool,above_one,0.006696428571428571,0.0,0.01651785714285714,10000,0
hc2,search_corrupt,target_search_fit,R_pool,r2,0.9192093881134697,0.8832674145874299,0.9449781524978937,10000,0
hc2,search_corrupt,target_search_fit,R_pool,mae,0.08985057818592257,0.07507990087306207,0.10651379385998175,10000,0
hc2,search_corrupt,target_search_fit,R_pool,mse,0.014125104106210215,0.009724720592502732,0.019571271232589244,10000,0
hc2,search_corrupt,target_search_fit,R_pool,rho,0.9596512501479584,0.9401406898357749,0.9741868766208587,10000,0
hc2,search_corrupt,target_search_fit,R_pool,truth_mean,0.441479247428829,0.3969334455250941,0.48330577654274487,10000,0
hc2,search_corrupt,target_search_fit,R_pool,prediction_mean,0.44166996196961844,0.40013378278130574,0.4813561386008097,10000,0
hc2,search_corrupt,target_search_fit,R_pool,below_zero,0.12053571428571429,0.08303571428571427,0.16160714285714284,10000,0
hc2,search_corrupt,target_search_fit,R_pool,above_one,0.03303571428571429,0.016964285714285713,0.05133928571428571,10000,0
hc2,search_corrupt,target_search_fit,T_A,r2,0.7414642925744808,0.3448318336338941,0.8682751795910277,10000,0
hc2,search_corrupt,target_search_fit,T_A,mae,0.10040979057895665,0.07443487335987782,0.1279486564675913,10000,0
hc2,search_corrupt,target_search_fit,T_A,mse,0.01448269699922248,0.008210111580559617,0.02174114475741509,10000,0
hc2,search_corrupt,target_search_fit,T_A,rho,0.8892952362097409,0.6703260910362554,0.9565089592717131,10000,0
hc2,search_corrupt,target_search_fit,T_A,truth_mean,0.5375667297103186,0.42058892944620385,0.6523734733068673,10000,0
hc2,search_corrupt,target_search_fit,T_A,prediction_mean,0.5040745122402488,0.41555850227652374,0.5841538192705187,10000,0
hc2,search_corrupt,target_search_fit,T_A,below_zero,0.0,0.0,0.0,10000,0
hc2,search_corrupt,target_search_fit,T_A,above_one,0.0,0.0,0.0,10000,0
hc2,search_corrupt,target_search_fit,T_W,r2,0.7326047673305971,0.32267006680651583,0.8560671838239055,10000,0
hc2,search_corrupt,target_search_fit,T_W,mae,0.10935005154142241,0.0816339944825295,0.13710995332963027,10000,0
hc2,search_corrupt,target_search_fit,T_W,mse,0.016942091175523324,0.009483113822497974,0.02595266175492917,10000,0
hc2,search_corrupt,target_search_fit,T_W,rho,0.9037139345183142,0.6952809193243116,0.9704415932620787,10000,0
hc2,search_corrupt,target_search_fit,T_W,truth_mean,0.5580134968102286,0.42735315646085204,0.683832127211561,10000,0
hc2,search_corrupt,target_search_fit,T_W,prediction_mean,0.5333901016623773,0.44790227834597574,0.6101786013068066,10000,0
hc2,search_corrupt,target_search_fit,T_W,below_zero,0.0,0.0,0.0,10000,0
hc2,search_corrupt,target_search_fit,T_W,above_one,0.0,0.0,0.0,10000,0
hc2,search_corrupt,target_search_fit,delta_T,r2,0.664907222232423,-0.01801949355464057,0.8083640670475386,10000,0
hc2,search_corrupt,target_search_fit,delta_T,mae,0.05854711028151668,0.04586941489134527,0.07164099644306494,10000,0
hc2,search_corrupt,target_search_fit,delta_T,mse,0.005387402074859747,0.003286246892633616,0.00769809263730989,10000,0
hc2,search_corrupt,target_search_fit,delta_T,rho,0.8382980680543124,0.5089319834665026,0.9581676419463901,10000,0
hc2,search_corrupt,target_search_fit,delta_T,truth_mean,0.020446767099909953,-0.02617963386152725,0.07499909351454488,10000,0
hc2,search_corrupt,target_search_fit,delta_T,prediction_mean,0.029315589422128443,0.0009331557639843303,0.06457649946204547,10000,0
hc2,search_corrupt,target_search_fit,delta_T,below_zero,0.44285714285714295,0.24285714285714288,0.657142857142857,10000,0
hc2,search_corrupt,target_search_fit,delta_T,above_one,0.0,0.0,0.0,10000,0
hc2,search_clean,source_fit,P_A,r2,0.09961270962314184,-1.3577529858802242,0.37386460300900365,10000,0
hc2,search_clean,source_fit,P_A,mae,0.1821657117425886,0.11890317544922757,0.2531531318843172,10000,0
hc2,search_clean,source_fit,P_A,mse,0.04984622666808893,0.02140595077244925,0.08865573717505466,10000,0
hc2,search_clean,source_fit,P_A,rho,0.3795646392254018,-0.05499944020558093,0.7138237240465564,10000,0
hc2,search_clean,source_fit,P_A,truth_mean,0.5500554873129404,0.42626544798503047,0.6696306185372045,10000,0
hc2,search_clean,source_fit,P_A,prediction_mean,0.5833748922048828,0.5124511909312639,0.6458623976496678,10000,0
hc2,search_clean,source_fit,P_A,below_zero,0.0,0.0,0.0,10000,0
hc2,search_clean,source_fit,P_A,above_one,0.0,0.0,0.0,10000,0
hc2,search_clean,source_fit,R_A,r2,-0.03466768863764691,-4.17360991375628,0.34447232325282506,9999,1
hc2,search_clean,source_fit,R_A,mae,0.196209876542663,0.10166818548382195,0.3188248515854749,10000,0
hc2,search_clean,source_fit,R_A,mse,0.08181572196255861,0.014978803874719837,0.1843875921950351,10000,0
hc2,search_clean,source_fit,R_A,rho,0.31941403437757676,-0.2553059865465989,0.7275442308154697,9999,1
hc2,search_clean,source_fit,R_A,truth_mean,0.8364283539142343,0.6738854202980177,0.9600111353245268,10000,0
hc2,search_clean,source_fit,R_A,prediction_mean,0.9227687595575732,0.841701727196809,0.9984309015158919,10000,0
hc2,search_clean,source_fit,R_A,below_zero,0.0,0.0,0.0,10000,0
hc2,search_clean,source_fit,R_A,above_one,0.42857142857142855,0.21428571428571427,0.7142857142857142,10000,0
hc2,search_clean,source_fit,P_W,r2,0.137099729790494,-0.8343105734736166,0.3652496628875274,10000,0
hc2,search_clean,source_fit,P_W,mae,0.2176132912618392,0.16138512027162494,0.27572325862031577,10000,0
hc2,search_clean,source_fit,P_W,mse,0.05944304716649239,0.03354489555559215,0.09083067254788985,10000,0
hc2,search_clean,source_fit,P_W,rho,0.3835037065201056,-0.12835555048779618,0.8345050672184087,10000,0
hc2,search_clean,source_fit,P_W,truth_mean,0.6009716139023925,0.46255310192656784,0.7338995881502978,10000,0
hc2,search_clean,source_fit,P_W,prediction_mean,0.6248872626425067,0.5621151409223002,0.6783994363495034,10000,0
hc2,search_clean,source_fit,P_W,below_zero,0.0,0.0,0.0,10000,0
hc2,search_clean,source_fit,P_W,above_one,0.0,0.0,0.0,10000,0
hc2,search_clean,source_fit,R_W,r2,-0.07148987226199921,-5.421329624653466,0.1572901782242569,10000,0
hc2,search_clean,source_fit,R_W,mae,0.18638241816483223,0.0924920836327811,0.3071613908828785,10000,0
hc2,search_clean,source_fit,R_W,mse,0.078100954130039,0.013080160237796573,0.17836579905559102,10000,0
hc2,search_clean,source_fit,R_W,rho,0.2548299369675783,-0.5673115143176585,0.7762746082053958,10000,0
hc2,search_clean,source_fit,R_W,truth_mean,0.8518758676104314,0.6941752414110836,0.9652020654616478,10000,0
hc2,search_clean,source_fit,R_W,prediction_mean,0.9470093609802942,0.8935171562632066,0.9952930647468684,10000,0
hc2,search_clean,source_fit,R_W,below_zero,0.0,0.0,0.0,10000,0
hc2,search_clean,source_fit,R_W,above_one,0.42857142857142855,0.14285714285714285,0.7142857142857142,10000,0
hc2,search_clean,source_fit,P_pool,r2,0.4384808095612984,0.16932962791363623,0.6619362798255888,10000,0
hc2,search_clean,source_fit,P_pool,mae,0.19921555949557618,0.15032036146087865,0.2509304054668499,10000,0
hc2,search_clean,source_fit,P_pool,mse,0.07393189440993973,0.04358968335478729,0.10859155455503043,10000,0
hc2,search_clean,source_fit,P_pool,rho,0.6675145865766748,0.48665443079262866,0.8228875243451407,10000,0
hc2,search_clean,source_fit,P_pool,truth_mean,0.39770314593351574,0.3159730338270383,0.48638937453976505,10000,0
hc2,search_clean,source_fit,P_pool,prediction_mean,0.38169526615433214,0.3429254871724885,0.42404810699742407,10000,0
hc2,search_clean,source_fit,P_pool,below_zero,0.09598214285714286,0.05357142857142857,0.140625,10000,0
hc2,search_clean,source_fit,P_pool,above_one,0.0,0.0,0.0,10000,0
hc2,search_clean,source_fit,R_pool,r2,0.6751050373081826,0.4105419308567934,0.8556306069469434,10000,0
hc2,search_clean,source_fit,R_pool,mae,0.16434511305407873,0.1198931458533243,0.21900106225128396,10000,0
hc2,search_clean,source_fit,R_pool,mse,0.0567743136440718,0.026150485254600165,0.09858085472975114,10000,0
hc2,search_clean,source_fit,R_pool,rho,0.8363864092301486,0.7077639650318646,0.9280017941565698,10000,0
hc2,search_clean,source_fit,R_pool,truth_mean,0.4430021999006542,0.39891578187985566,0.4849335867168558,10000,0
hc2,search_clean,source_fit,R_pool,prediction_mean,0.46564937109917504,0.427889810832257,0.5018743123561213,10000,0
hc2,search_clean,source_fit,R_pool,below_zero,0.12053571428571429,0.08928571428571427,0.15624999999999997,10000,0
hc2,search_clean,source_fit,R_pool,above_one,0.11607142857142858,0.06473214285714285,0.16964285714285712,10000,0
hc2,search_clean,source_fit,T_A,r2,0.05872395854927048,-1.5589596274280433,0.4248743775067667,10000,0
hc2,search_clean,source_fit,T_A,mae,0.17658954764463797,0.10727673234902657,0.25026298046619916,10000,0
hc2,search_clean,source_fit,T_A,mse,0.049957129324864145,0.02149145362121235,0.08366856317692588,10000,0
hc2,search_clean,source_fit,T_A,rho,0.3841753661097397,-0.07411043806616782,0.7293250826324232,10000,0
hc2,search_clean,source_fit,T_A,truth_mean,0.5142821836398073,0.3944412238627328,0.6339155138571433,10000,0
hc2,search_clean,source_fit,T_A,prediction_mean,0.5573097521553935,0.47722755136867967,0.6272773143590216,10000,0
hc2,search_clean,source_fit,T_A,below_zero,0.0,0.0,0.0,10000,0
hc2,search_clean,source_fit,T_A,above_one,0.0,0.0,0.0,10000,0
hc2,search_clean,source_fit,T_W,r2,0.07759392658600239,-1.2773490649138959,0.4473895562196271,10000,0
hc2,search_clean,source_fit,T_W,mae,0.20005998373693762,0.13513663150098887,0.2665196958692156,10000,0
hc2,search_clean,source_fit,T_W,mse,0.05611002522152965,0.026970818171463472,0.08772469063925767,10000,0
hc2,search_clean,source_fit,T_W,rho,0.3582534930294184,-0.24686826612971255,0.8549305373184856,10000,0
hc2,search_clean,source_fit,T_W,truth_mean,0.5621651069925732,0.4327122218110973,0.687467240875434,10000,0
hc2,search_clean,source_fit,T_W,prediction_mean,0.6051319073541584,0.5365246071184065,0.664224693038242,10000,0
hc2,search_clean,source_fit,T_W,below_zero,0.0,0.0,0.0,10000,0
hc2,search_clean,source_fit,T_W,above_one,0.0,0.0,0.0,10000,0
hc2,search_clean,source_fit,delta_T,r2,0.6150616194623687,-1.1779952579188724,0.7690582789566779,10000,0
hc2,search_clean,source_fit,delta_T,mae,0.06629922673083212,0.040393935392340395,0.0945486867365337,10000,0
hc2,search_clean,source_fit,delta_T,mse,0.007123864788347091,0.0029346377081910097,0.012334251559808823,10000,0
hc2,search_clean,source_fit,delta_T,rho,0.8027831501942553,0.06549205542137068,0.9603476285393648,10000,0
hc2,search_clean,source_fit,delta_T,truth_mean,0.04788292335276586,-0.0115377622040074,0.12730562883416305,10000,0
hc2,search_clean,source_fit,delta_T,prediction_mean,0.04782215519876504,0.009025404102337107,0.09828021758070139,10000,0
hc2,search_clean,source_fit,delta_T,below_zero,0.14285714285714285,0.0,0.3571428571428571,10000,0
hc2,search_clean,source_fit,delta_T,above_one,0.0,0.0,0.0,10000,0
hc2,search_clean,target_search_fit,P_A,r2,0.7755751191261773,0.2707743275375161,0.8535629817414151,10000,0
hc2,search_clean,target_search_fit,P_A,mae,0.1010247873127635,0.07708087538378595,0.1259502512350786,10000,0
hc2,search_clean,target_search_fit,P_A,mse,0.012424357386601055,0.0072400694767673305,0.018059273296011983,10000,0
hc2,search_clean,target_search_fit,P_A,rho,0.9078049890776261,0.6233827260420909,0.971630666551518,10000,0
hc2,search_clean,target_search_fit,P_A,truth_mean,0.5500554873129404,0.42626544798503047,0.6696306185372045,10000,0
hc2,search_clean,target_search_fit,P_A,prediction_mean,0.5583506865788667,0.47115811312557543,0.6405585708904719,10000,0
hc2,search_clean,target_search_fit,P_A,below_zero,0.0,0.0,0.0,10000,0
hc2,search_clean,target_search_fit,P_A,above_one,0.0,0.0,0.0,10000,0
hc2,search_clean,target_search_fit,R_A,r2,0.886556590090906,-1.061234862255897,0.9691637129855043,9999,1
hc2,search_clean,target_search_fit,R_A,mae,0.07314485602428156,0.043093740186181055,0.10566870326819207,10000,0
hc2,search_clean,target_search_fit,R_A,mse,0.008970469055458707,0.0035889189166071057,0.015282164233360282,10000,0
hc2,search_clean,target_search_fit,R_A,rho,0.9488804800888542,0.635090612714404,0.9891713039151894,9999,1
hc2,search_clean,target_search_fit,R_A,truth_mean,0.8364283539142343,0.6738854202980177,0.9600111353245268,10000,0
hc2,search_clean,target_search_fit,R_A,prediction_mean,0.8064565296206981,0.6597954530599258,0.9130262472715771,10000,0
hc2,search_clean,target_search_fit,R_A,below_zero,0.07142857142857142,0.0,0.21428571428571427,10000,0
hc2,search_clean,target_search_fit,R_A,above_one,0.07142857142857142,0.0,0.21428571428571427,10000,0
hc2,search_clean,target_search_fit,P_W,r2,0.7780303890545701,0.5245081563632416,0.8340021370851007,10000,0
hc2,search_clean,target_search_fit,P_W,mae,0.11184683869016489,0.08496692191647368,0.13951680375196085,10000,0
hc2,search_clean,target_search_fit,P_W,mse,0.015290932809365804,0.009300769208386179,0.022141096379610023,10000,0
hc2,search_clean,target_search_fit,P_W,rho,0.9469102845711241,0.7981288473522854,0.9895563286724712,10000,0
hc2,search_clean,target_search_fit,P_W,truth_mean,0.6009716139023925,0.46255310192656784,0.7338995881502978,10000,0
hc2,search_clean,target_search_fit,P_W,prediction_mean,0.6061096839480841,0.5203169627400577,0.6859714678405988,10000,0
hc2,search_clean,target_search_fit,P_W,below_zero,0.0,0.0,0.0,10000,0
hc2,search_clean,target_search_fit,P_W,above_one,0.0,0.0,0.0,10000,0
hc2,search_clean,target_search_fit,R_W,r2,0.8948197771664924,-0.7727389493123398,0.9680867719191268,10000,0
hc2,search_clean,target_search_fit,R_W,mae,0.07152778875979157,0.04733875030683072,0.09953572716311783,10000,0
hc2,search_clean,target_search_fit,R_W,mse,0.00766659207106198,0.0030993675811749086,0.014104501436278142,10000,0
hc2,search_clean,target_search_fit,R_W,rho,0.9608040009343393,0.7348593541217003,0.9949686295052487,10000,0
hc2,search_clean,target_search_fit,R_W,truth_mean,0.8518758676104314,0.6941752414110836,0.9652020654616478,10000,0
hc2,search_clean,target_search_fit,R_W,prediction_mean,0.8271834692369454,0.696983727936882,0.9166872562529921,10000,0
hc2,search_clean,target_search_fit,R_W,below_zero,0.0,0.0,0.0,10000,0
hc2,search_clean,target_search_fit,R_W,above_one,0.0,0.0,0.0,10000,0
hc2,search_clean,target_search_fit,P_pool,r2,0.6777147250894344,0.5191232914615168,0.8042744443518348,10000,0
hc2,search_clean,target_search_fit,P_pool,mae,0.14678373234936135,0.11586470507889772,0.1815664994871811,10000,0
hc2,search_clean,target_search_fit,P_pool,mse,0.04243338664160477,0.02652165486651359,0.061576023343137845,10000,0
hc2,search_clean,target_search_fit,P_pool,rho,0.8273836059576486,0.7233272382996347,0.9046868789462121,10000,0
hc2,search_clean,target_search_fit,P_pool,truth_mean,0.39770314593351574,0.3159730338270383,0.48638937453976505,10000,0
hc2,search_clean,target_search_fit,P_pool,prediction_mean,0.4013203890065106,0.3407015281355722,0.4659925025727531,10000,0
hc2,search_clean,target_search_fit,P_pool,below_zero,0.07366071428571429,0.04464285714285714,0.10491071428571427,10000,0
hc2,search_clean,target_search_fit,P_pool,above_one,0.011160714285714286,0.0,0.02678571428571428,10000,0
hc2,search_clean,target_search_fit,R_pool,r2,0.9245416119865035,0.8940735522606631,0.9468261335779141,10000,0
hc2,search_clean,target_search_fit,R_pool,mae,0.08751386444280985,0.07334660717594489,0.10306014834379791,10000,0
hc2,search_clean,target_search_fit,R_pool,mse,0.013186102217959109,0.009429029313559448,0.01749960291214728,10000,0
hc2,search_clean,target_search_fit,R_pool,rho,0.9624492171827025,0.9457577817735535,0.9751006621692158,10000,0
hc2,search_clean,target_search_fit,R_pool,truth_mean,0.4430021999006542,0.39891578187985566,0.4849335867168558,10000,0
hc2,search_clean,target_search_fit,R_pool,prediction_mean,0.44204862719670596,0.39649013877664624,0.48480135837558724,10000,0
hc2,search_clean,target_search_fit,R_pool,below_zero,0.109375,0.07142857142857142,0.14955357142857142,10000,0
hc2,search_clean,target_search_fit,R_pool,above_one,0.04241071428571429,0.020089285714285712,0.06919642857142856,10000,0
hc2,search_clean,target_search_fit,T_A,r2,0.8032356633165963,0.34134841915591424,0.9127485276955405,10000,0
hc2,search_clean,target_search_fit,T_A,mae,0.08820020436457433,0.06185851637709082,0.1155858066883848,10000,0
hc2,search_clean,target_search_fit,T_A,mse,0.01044303794141396,0.005340764281581785,0.016340865947369183,10000,0
hc2,search_clean,target_search_fit,T_A,rho,0.9045341234241038,0.6408560237287919,0.9689770204588838,10000,0
hc2,search_clean,target_search_fit,T_A,truth_mean,0.5142821836398073,0.3944412238627328,0.6339155138571433,10000,0
hc2,search_clean,target_search_fit,T_A,prediction_mean,0.4993073405599763,0.39672941337399603,0.5895445058344133,10000,0
hc2,search_clean,target_search_fit,T_A,below_zero,0.0,0.0,0.0,10000,0
hc2,search_clean,target_search_fit,T_A,above_one,0.0,0.0,0.0,10000,0
hc2,search_clean,target_search_fit,T_W,r2,0.8075207473726702,0.5089010116679329,0.9039923427343622,10000,0
hc2,search_clean,target_search_fit,T_W,mae,0.09687679970649496,0.07220378735998126,0.12241561847506774,10000,0
hc2,search_clean,target_search_fit,T_W,mse,0.01170852624546125,0.006666527298004108,0.01746782871359424,10000,0
hc2,search_clean,target_search_fit,T_W,rho,0.9337354557500631,0.8054321260319591,0.9828279216159853,10000,0
hc2,search_clean,target_search_fit,T_W,truth_mean,0.5621651069925732,0.4327122218110973,0.687467240875434,10000,0
hc2,search_clean,target_search_fit,T_W,prediction_mean,0.5464509522323392,0.4520453098070703,0.6282621696821422,10000,0
hc2,search_clean,target_search_fit,T_W,below_zero,0.0,0.0,0.0,10000,0
hc2,search_clean,target_search_fit,T_W,above_one,0.0,0.0,0.0,10000,0
hc2,search_clean,target_search_fit,delta_T,r2,0.706272752338071,-0.9184388018490357,0.8293066058773025,10000,0
hc2,search_clean,target_search_fit,delta_T,mae,0.055808718522191936,0.03304737951260412,0.08259829372344137,10000,0
hc2,search_clean,target_search_fit,delta_T,mse,0.0054358653301196675,0.0017497390744021298,0.010267481998416029,10000,0
hc2,search_clean,target_search_fit,delta_T,rho,0.8557213079376985,0.44317981109975435,0.9844153103892166,10000,0
hc2,search_clean,target_search_fit,delta_T,truth_mean,0.04788292335276586,-0.0115377622040074,0.12730562883416305,10000,0
hc2,search_clean,target_search_fit,delta_T,prediction_mean,0.047143611672362924,0.0037453688114831886,0.10151622709203935,10000,0
hc2,search_clean,target_search_fit,delta_T,below_zero,0.35714285714285715,0.14285714285714285,0.6428571428571428,10000,0
hc2,search_clean,target_search_fit,delta_T,above_one,0.0,0.0,0.0,10000,0
hc2,confirm_all,source_fit,P_A,r2,-0.5377797109237459,-22.01867759242087,0.20379398644792268,10000,0
hc2,confirm_all,source_fit,P_A,mae,0.2586790246167708,0.1543436516209046,0.3610095367734947,10000,0
hc2,confirm_all,source_fit,P_A,mse,0.09462301206953092,0.042028974088377066,0.1530022299479357,10000,0
hc2,confirm_all,source_fit,P_A,rho,0.12171194069318933,-0.741242795479584,0.6841722971440888,10000,0
hc2,confirm_all,source_fit,P_A,truth_mean,0.7572146713581571,0.5680659651296959,0.9045779832628658,10000,0
hc2,confirm_all,source_fit,P_A,prediction_mean,0.5753997548327243,0.5352527434256009,0.6164844644662446,10000,0
hc2,confirm_all,source_fit,P_A,below_zero,0.0,0.0,0.0,10000,0
hc2,confirm_all,source_fit,P_A,above_one,0.0,0.0,0.0,10000,0
hc2,confirm_all,source_fit,R_A,r2,-0.10356577812969014,-2.190330483684494,0.03265940946090205,10000,0
hc2,confirm_all,source_fit,R_A,mae,0.1265903843404936,0.060120013966168964,0.21501599642511904,10000,0
hc2,confirm_all,source_fit,R_A,mse,0.04906108757697212,0.006528878474461626,0.12527961394901754,10000,0
hc2,confirm_all,source_fit,R_A,rho,0.1706782968802621,-0.44658529951935233,0.5843977389085333,10000,0
hc2,confirm_all,source_fit,R_A,truth_mean,0.8510797378312056,0.720104292858696,0.9518446275946275,10000,0
hc2,confirm_all,source_fit,R_A,prediction_mean,0.9137181507854234,0.8569811163646992,0.9637313078011333,10000,0
hc2,confirm_all,source_fit,R_A,below_zero,0.0,0.0,0.0,10000,0
hc2,confirm_all,source_fit,R_A,above_one,0.14285714285714285,0.0,0.2857142857142857,10000,0
hc2,confirm_all,source_fit,P_W,r2,-0.2403447993085568,-9.399050360338878,0.26662017955068257,10000,0
hc2,confirm_all,source_fit,P_W,mae,0.21664499740549462,0.11999412437375283,0.3132958704372364,10000,0
hc2,confirm_all,source_fit,P_W,mse,0.07179901189912276,0.028100704115691738,0.11708149794203979,10000,0
hc2,confirm_all,source_fit,P_W,rho,0.41478312668186806,-0.40748801528228995,0.6795053157915267,10000,0
hc2,confirm_all,source_fit,P_W,truth_mean,0.7501991899427983,0.5701823637033401,0.8986716888436231,10000,0
hc2,confirm_all,source_fit,P_W,prediction_mean,0.6006226546960175,0.5598425032316257,0.641326361170491,10000,0
hc2,confirm_all,source_fit,P_W,below_zero,0.0,0.0,0.0,10000,0
hc2,confirm_all,source_fit,P_W,above_one,0.0,0.0,0.0,10000,0
hc2,confirm_all,source_fit,R_W,r2,-0.4658395022397721,-3.2396019981139625,0.10304790768288041,10000,0
hc2,confirm_all,source_fit,R_W,mae,0.15745502507631107,0.06961603022213395,0.25118461377151813,10000,0
hc2,confirm_all,source_fit,R_W,mse,0.06495805282246005,0.008572567461769745,0.13972550111035614,10000,0
hc2,confirm_all,source_fit,R_W,rho,0.02756194357221445,-0.6932515853414624,0.5512817514684946,10000,0
hc2,confirm_all,source_fit,R_W,truth_mean,0.7991659259418554,0.69861991826938,0.8964547357404498,10000,0
hc2,confirm_all,source_fit,R_W,prediction_mean,0.9329299314827603,0.8988220848131574,0.9684321529368365,10000,0
hc2,confirm_all,source_fit,R_W,below_zero,0.0,0.0,0.0,10000,0
hc2,confirm_all,source_fit,R_W,above_one,0.14285714285714285,0.0,0.38095238095238093,10000,0
hc2,confirm_all,source_fit,P_pool,r2,0.49204764296284176,0.16761279845944166,0.7128928258497454,10000,0
hc2,confirm_all,source_fit,P_pool,mae,0.20529944654798124,0.13284265499318307,0.28296080745889,10000,0
hc2,confirm_all,source_fit,P_pool,mse,0.07784912946073552,0.03874910687498174,0.1234834652227888,10000,0
hc2,confirm_all,source_fit,P_pool,rho,0.7717532753218579,0.6116273287448463,0.8991080394577375,10000,0
hc2,confirm_all,source_fit,P_pool,truth_mean,0.473370015959449,0.33697835768014067,0.6197678334753997,10000,0
hc2,confirm_all,source_fit,P_pool,prediction_mean,0.35472949505555035,0.28200764729095185,0.43325320024267233,10000,0
hc2,confirm_all,source_fit,P_pool,below_zero,0.11904761904761904,0.051320684523809536,0.20907738095238096,10000,0
hc2,confirm_all,source_fit,P_pool,above_one,0.0,0.0,0.0,10000,0
hc2,confirm_all,source_fit,R_pool,r2,0.8161779841346284,0.7026043890654659,0.8997215219844146,10000,0
hc2,confirm_all,source_fit,R_pool,mae,0.1290401438917434,0.10480262087366048,0.1587904417542183,10000,0
hc2,confirm_all,source_fit,R_pool,mse,0.02852191087676878,0.01687226430314876,0.0446362970701367,10000,0
hc2,confirm_all,source_fit,R_pool,rho,0.9184251009356618,0.8670941105477792,0.9568850865059759,10000,0
hc2,confirm_all,source_fit,R_pool,truth_mean,0.42997686572144705,0.3909388182149662,0.4686484584940149,10000,0
hc2,confirm_all,source_fit,R_pool,prediction_mean,0.4914651788828316,0.45667861658864006,0.5254070560470468,10000,0
hc2,confirm_all,source_fit,R_pool,below_zero,0.06696428571428571,0.04092261904761904,0.10788690476190474,10000,0
hc2,confirm_all,source_fit,R_pool,above_one,0.05654761904761905,0.02306547619047619,0.1019345238095238,10000,0
hc2,confirm_all,source_fit,T_A,r2,-0.4314387316458974,-9.650282596255071,0.1987794693425261,10000,0
hc2,confirm_all,source_fit,T_A,mae,0.22662773549229676,0.1267848245941449,0.31906447720143594,10000,0
hc2,confirm_all,source_fit,T_A,mse,0.07726491176092184,0.03448562361392248,0.12113673674344388,10000,0
hc2,confirm_all,source_fit,T_A,rho,0.11091240451920092,-0.7351268161734273,0.6023287057971412,10000,0
hc2,confirm_all,source_fit,T_A,truth_mean,0.693661080783673,0.5181667638903573,0.8334333213173092,10000,0
hc2,confirm_all,source_fit,T_A,prediction_mean,0.5435942104426625,0.5033543057309473,0.588945079413592,10000,0
hc2,confirm_all,source_fit,T_A,below_zero,0.0,0.0,0.0,10000,0
hc2,confirm_all,source_fit,T_A,above_one,0.0,0.0,0.0,10000,0
hc2,confirm_all,source_fit,T_W,r2,-0.017213669734930326,-2.696320644549146,0.2814273640576237,10000,0
hc2,confirm_all,source_fit,T_W,mae,0.13929442352396987,0.07124871792444293,0.21877004089994045,10000,0
hc2,confirm_all,source_fit,T_W,mse,0.03985636959932035,0.012190934729251621,0.0720686186966316,10000,0
hc2,confirm_all,source_fit,T_W,rho,0.29107594251969277,-0.7252349864128225,0.6520543997299063,10000,0
hc2,confirm_all,source_fit,T_W,truth_mean,0.6373940752705274,0.4933870694183161,0.7589203170970404,10000,0
hc2,confirm_all,source_fit,T_W,prediction_mean,0.5746620932785819,0.5293472014130942,0.6183619006785763,10000,0
hc2,confirm_all,source_fit,T_W,below_zero,0.0,0.0,0.0,10000,0
hc2,confirm_all,source_fit,T_W,above_one,0.0,0.0,0.0,10000,0
hc2,confirm_all,source_fit,delta_T,r2,-1.3300369506663459,-3.7830581546575432,0.015099295982555931,10000,0
hc2,confirm_all,source_fit,delta_T,mae,0.10366205280735011,0.048559961959908256,0.1784443029239108,10000,0
hc2,confirm_all,source_fit,delta_T,mse,0.02383382334806042,0.004219352506348257,0.0552553924774778,10000,0
hc2,confirm_all,source_fit,delta_T,rho,-0.5238353725837213,-0.8568101377474658,0.45355909932962774,10000,0
hc2,confirm_all,source_fit,delta_T,truth_mean,-0.0562670055131456,-0.11945277349567872,0.0014626950280284348,10000,0
hc2,confirm_all,source_fit,delta_T,prediction_mean,0.031067882835919387,0.011541195987007494,0.05626378443479216,10000,0
hc2,confirm_all,source_fit,delta_T,below_zero,0.11904761904761904,0.0,0.30952380952380953,10000,0
hc2,confirm_all,source_fit,delta_T,above_one,0.0,0.0,0.0,10000,0
hc2,confirm_all,target_search_fit,P_A,r2,-0.5822283010942495,-20.989963649653244,-0.07422824731185784,10000,0
hc2,confirm_all,target_search_fit,P_A,mae,0.2708765814155042,0.16886416588371658,0.35676913191828924,10000,0
hc2,confirm_all,target_search_fit,P_A,mse,0.09735803286236654,0.05008282535166778,0.14074356400586235,10000,0
hc2,confirm_all,target_search_fit,P_A,rho,-0.2600187730714207,-0.6812315756206202,0.19532473862065453,10000,0
hc2,confirm_all,target_search_fit,P_A,truth_mean,0.7572146713581571,0.5680659651296959,0.9045779832628658,10000,0
hc2,confirm_all,target_search_fit,P_A,prediction_mean,0.6037772979905383,0.5633384988102587,0.6427159633195494,10000,0
hc2,confirm_all,target_search_fit,P_A,below_zero,0.0,0.0,0.0,10000,0
hc2,confirm_all,target_search_fit,P_A,above_one,0.0,0.0,0.0,10000,0
hc2,confirm_all,target_search_fit,R_A,r2,-0.836678026225391,-20.311722497204144,-0.22876920140294676,10000,0
hc2,confirm_all,target_search_fit,R_A,mae,0.21507554956497438,0.1390484035834723,0.28775878042092984,10000,0
hc2,confirm_all,target_search_fit,R_A,mse,0.08165296829706024,0.03097189930660887,0.14822316635051377,10000,0
hc2,confirm_all,target_search_fit,R_A,rho,-0.19205282999201972,-0.7176750462911333,0.40884024883239134,10000,0
hc2,confirm_all,target_search_fit,R_A,truth_mean,0.8510797378312056,0.720104292858696,0.9518446275946275,10000,0
hc2,confirm_all,target_search_fit,R_A,prediction_mean,0.7873283307701119,0.6852296785622636,0.88882227053649,10000,0
hc2,confirm_all,target_search_fit,R_A,below_zero,0.0,0.0,0.0,10000,0
hc2,confirm_all,target_search_fit,R_A,above_one,0.023809523809523808,0.0,0.07142857142857142,10000,0
hc2,confirm_all,target_search_fit,P_W,r2,-0.22754275272254,-8.513672166012327,0.14162671762534004,10000,0
hc2,confirm_all,target_search_fit,P_W,mae,0.22642106300433154,0.14408069714350116,0.3001693568932249,10000,0
hc2,confirm_all,target_search_fit,P_W,mse,0.07105794836930836,0.03483741378648021,0.10887948785171617,10000,0
hc2,confirm_all,target_search_fit,P_W,rho,0.175774738645898,-0.3852478839806971,0.707506209627472,10000,0
hc2,confirm_all,target_search_fit,P_W,truth_mean,0.7501991899427983,0.5701823637033401,0.8986716888436231,10000,0
hc2,confirm_all,target_search_fit,P_W,prediction_mean,0.635015761654924,0.573902364163481,0.6898487723025608,10000,0
hc2,confirm_all,target_search_fit,P_W,below_zero,0.0,0.0,0.0,10000,0
hc2,confirm_all,target_search_fit,P_W,above_one,0.0,0.0,0.0,10000,0
hc2,confirm_all,target_search_fit,R_W,r2,-0.45811953679313655,-3.688785320868264,-0.16737162034252326,10000,0
hc2,confirm_all,target_search_fit,R_W,mae,0.1873059323475104,0.14432405108330743,0.23693622510880746,10000,0
hc2,confirm_all,target_search_fit,R_W,mse,0.06461594584382843,0.023964353727429746,0.13190386384839184,10000,0
hc2,confirm_all,target_search_fit,R_W,rho,-0.25841618767437136,-0.5836495317633937,0.4431280687632234,10000,0
hc2,confirm_all,target_search_fit,R_W,truth_mean,0.7991659259418554,0.69861991826938,0.8964547357404498,10000,0
hc2,confirm_all,target_search_fit,R_W,prediction_mean,0.7769491596401765,0.7060238340664299,0.8344574399674796,10000,0
hc2,confirm_all,target_search_fit,R_W,below_zero,0.0,0.0,0.0,10000,0
hc2,confirm_all,target_search_fit,R_W,above_one,0.0,0.0,0.0,10000,0
hc2,confirm_all,target_search_fit,P_pool,r2,0.486893311855188,0.2608651846211092,0.645275960952135,10000,0
hc2,confirm_all,target_search_fit,P_pool,mae,0.21896036586626613,0.16435657295040593,0.26473943742012424,10000,0
hc2,confirm_all,target_search_fit,P_pool,mse,0.07863908581023206,0.049970595748274615,0.10497270228588118,10000,0
hc2,confirm_all,target_search_fit,P_pool,rho,0.7171369328079584,0.5503195550482214,0.8485407170252962,10000,0
hc2,confirm_all,target_search_fit,P_pool,truth_mean,0.473370015959449,0.33697835768014067,0.6197678334753997,10000,0
hc2,confirm_all,target_search_fit,P_pool,prediction_mean,0.4088188577944346,0.293723661138902,0.5105050818943456,10000,0
hc2,confirm_all,target_search_fit,P_pool,below_zero,0.0863095238095238,0.019345238095238096,0.2075892857142857,10000,0
hc2,confirm_all,target_search_fit,P_pool,above_one,0.0,0.0,0.0,10000,0
hc2,confirm_all,target_search_fit,R_pool,r2,0.7270085296225829,0.5702900210407452,0.852535529670466,10000,0
hc2,confirm_all,target_search_fit,R_pool,mae,0.15924297697195147,0.12478375540995819,0.1977002219288284,10000,0
hc2,confirm_all,target_search_fit,R_pool,mse,0.042357485590438046,0.023501973825192233,0.06463537590721637,10000,0
hc2,confirm_all,target_search_fit,R_pool,rho,0.8583514748015285,0.7910927817217125,0.9376201089024035,10000,0
hc2,confirm_all,target_search_fit,R_pool,truth_mean,0.42997686572144705,0.3909388182149662,0.4686484584940149,10000,0
hc2,confirm_all,target_search_fit,R_pool,prediction_mean,0.4346509366249306,0.3407093928344345,0.52892958214314,10000,0
hc2,confirm_all,target_search_fit,R_pool,below_zero,0.15029761904761904,0.05578497023809524,0.2537202380952381,10000,0
hc2,confirm_all,target_search_fit,R_pool,above_one,0.04985119047619047,0.004464285714285714,0.10416666666666666,10000,0
hc2,confirm_all,target_search_fit,T_A,r2,-1.0188795238832107,-14.431275976293685,-0.13308353669922113,10000,0
hc2,confirm_all,target_search_fit,T_A,mae,0.2782882415060752,0.16275672981594982,0.38345248536492366,10000,0
hc2,confirm_all,target_search_fit,T_A,mse,0.10897326222926033,0.05171972993897194,0.16213430776051613,10000,0
hc2,confirm_all,target_search_fit,T_A,rho,-0.33556996144259044,-0.7894727150341834,0.2673122492256257,10000,0
hc2,confirm_all,target_search_fit,T_A,truth_mean,0.693661080783673,0.5181667638903573,0.8334333213173092,10000,0
hc2,confirm_all,target_search_fit,T_A,prediction_mean,0.5207210719977806,0.452160749730952,0.5882817336007476,10000,0
hc2,confirm_all,target_search_fit,T_A,below_zero,0.0,0.0,0.0,10000,0
hc2,confirm_all,target_search_fit,T_A,above_one,0.0,0.0,0.0,10000,0
hc2,confirm_all,target_search_fit,T_W,r2,-0.715625824336078,-7.346460259753818,-0.1407093565685178,10000,0
hc2,confirm_all,target_search_fit,T_W,mae,0.1923235517021577,0.08467127491802862,0.2938509163684952,10000,0
hc2,confirm_all,target_search_fit,T_W,mse,0.06722148844764911,0.023950766266129193,0.11126044355051797,10000,0
hc2,confirm_all,target_search_fit,T_W,rho,-0.2889138470506228,-0.7090479123993282,0.15524652801970845,10000,0
hc2,confirm_all,target_search_fit,T_W,truth_mean,0.6373940752705274,0.4933870694183161,0.7589203170970404,10000,0
hc2,confirm_all,target_search_fit,T_W,prediction_mean,0.5387322717693315,0.4725662096517346,0.601570010785402,10000,0
hc2,confirm_all,target_search_fit,T_W,below_zero,0.0,0.0,0.0,10000,0
hc2,confirm_all,target_search_fit,T_W,above_one,0.0,0.0,0.0,10000,0
hc2,confirm_all,target_search_fit,delta_T,r2,-0.8459515531642339,-2.6406556859035475,0.05298861316664638,10000,0
hc2,confirm_all,target_search_fit,delta_T,mae,0.09452363021515323,0.04545073593120674,0.15529417771171194,10000,0
hc2,confirm_all,target_search_fit,delta_T,mse,0.018882139707961317,0.0038619020979678833,0.04049963770281254,10000,0
hc2,confirm_all,target_search_fit,delta_T,rho,-0.20334057277975665,-0.7371332732121278,0.4310405041373323,10000,0
hc2,confirm_all,target_search_fit,delta_T,truth_mean,-0.0562670055131456,-0.11945277349567872,0.0014626950280284348,10000,0
hc2,confirm_all,target_search_fit,delta_T,prediction_mean,0.018011199771550974,-0.003145486688911685,0.03827248930769615,10000,0
hc2,confirm_all,target_search_fit,delta_T,below_zero,0.2857142857142857,0.047619047619047616,0.5476190476190477,10000,0
hc2,confirm_all,target_search_fit,delta_T,above_one,0.0,0.0,0.0,10000,0
hc2,confirm_corrupt,source_fit,P_A,r2,-0.4466395237448202,-20.92000689930678,0.19108994774809485,10000,0
hc2,confirm_corrupt,source_fit,P_A,mae,0.2634374618914093,0.15988161467028697,0.36372553064627294,10000,0
hc2,confirm_corrupt,source_fit,P_A,mse,0.09702402661654443,0.044358912667089814,0.1546067143735811,10000,0
hc2,confirm_corrupt,source_fit,P_A,rho,0.16270182057973176,-0.7188705763989179,0.6862474623413967,10000,0
hc2,confirm_corrupt,source_fit,P_A,truth_mean,0.7542634481336838,0.5579084382658105,0.9074556318387412,10000,0
hc2,confirm_corrupt,source_fit,P_A,prediction_mean,0.5768950707179669,0.5391605268232262,0.6161988781095781,10000,0
hc2,confirm_corrupt,source_fit,P_A,below_zero,0.0,0.0,0.0,10000,0
hc2,confirm_corrupt,source_fit,P_A,above_one,0.0,0.0,0.0,10000,0
hc2,confirm_corrupt,source_fit,R_A,r2,-0.11245283421441665,-2.444673268687142,0.026691320759408832,10000,0
hc2,confirm_corrupt,source_fit,R_A,mae,0.13412434013592683,0.05999847704564035,0.23610631852200417,10000,0
hc2,confirm_corrupt,source_fit,R_A,mse,0.056640793234677585,0.006696451235776833,0.14758336076737638,10000,0
hc2,confirm_corrupt,source_fit,R_A,rho,0.17087888908788104,-0.47955575768517505,0.5774772013437312,10000,0
hc2,confirm_corrupt,source_fit,R_A,truth_mean,0.841647849867028,0.6979179085754428,0.9489916993720563,10000,0
hc2,confirm_corrupt,source_fit,R_A,prediction_mean,0.9140973284226932,0.8561381877950993,0.9644774026411392,10000,0
hc2,confirm_corrupt,source_fit,R_A,below_zero,0.0,0.0,0.0,10000,0
hc2,confirm_corrupt,source_fit,R_A,above_one,0.14285714285714285,0.0,0.3142857142857143,10000,0
hc2,confirm_corrupt,source_fit,P_W,r2,-0.18581964806660278,-9.297476322889592,0.2619411874341815,10000,0
hc2,confirm_corrupt,source_fit,P_W,mae,0.2190912936570725,0.12026987740864516,0.3150337441562558,10000,0
hc2,confirm_corrupt,source_fit,P_W,mse,0.07370398790355848,0.02832168909715719,0.11936365281591546,10000,0
hc2,confirm_corrupt,source_fit,P_W,rho,0.4226380950545458,-0.42120801740209185,0.6780432662766704,10000,0
hc2,confirm_corrupt,source_fit,P_W,truth_mean,0.7447042084252199,0.5567480062131995,0.8979573079310662,10000,0
hc2,confirm_corrupt,source_fit,P_W,prediction_mean,0.6014380548733035,0.5620985018402117,0.6409514749191165,10000,0
hc2,confirm_corrupt,source_fit,P_W,below_zero,0.0,0.0,0.0,10000,0
hc2,confirm_corrupt,source_fit,P_W,above_one,0.0,0.0,0.0,10000,0
hc2,confirm_corrupt,source_fit,R_W,r2,-0.4467795705080453,-3.359789676603751,0.08297466318487179,10000,0
hc2,confirm_corrupt,source_fit,R_W,mae,0.1642314691017872,0.07116792220491307,0.265917023075758,10000,0
hc2,confirm_corrupt,source_fit,R_W,mse,0.07167701747674096,0.008919524306158624,0.16124812128094818,10000,0
hc2,confirm_corrupt,source_fit,R_W,rho,0.03623143627229888,-0.6759856758212267,0.5518829756807,10000,0
hc2,confirm_corrupt,source_fit,R_W,truth_mean,0.7875626509824161,0.6773854935019318,0.8924646781789638,10000,0
hc2,confirm_corrupt,source_fit,R_W,prediction_mean,0.927383667489436,0.8874181697650658,0.9650113521314616,10000,0
hc2,confirm_corrupt,source_fit,R_W,below_zero,0.0,0.0,0.0,10000,0
hc2,confirm_corrupt,source_fit,R_W,above_one,0.14285714285714285,0.0,0.37142857142857144,10000,0
hc2,confirm_corrupt,source_fit,P_pool,r2,0.4895243114835782,0.16900925954316892,0.712562241029148,10000,0
hc2,confirm_corrupt,source_fit,P_pool,mae,0.20588949313085012,0.13388494872908432,0.2832934451976427,10000,0
hc2,confirm_corrupt,source_fit,P_pool,mse,0.078230843040866,0.039020554702827816,0.1232158334004014,10000,0
hc2,confirm_corrupt,source_fit,P_pool,rho,0.7702413303579712,0.6009894855257173,0.8990237630558119,10000,0
hc2,confirm_corrupt,source_fit,P_pool,truth_mean,0.47381965402479276,0.33650377318072805,0.6200651167194606,10000,0
hc2,confirm_corrupt,source_fit,P_pool,prediction_mean,0.35513221314302973,0.2838364904937882,0.43301423714386356,10000,0
hc2,confirm_corrupt,source_fit,P_pool,below_zero,0.11785714285714287,0.05178571428571428,0.20359374999999968,10000,0
hc2,confirm_corrupt,source_fit,P_pool,above_one,0.0,0.0,0.0,10000,0
hc2,confirm_corrupt,source_fit,R_pool,r2,0.8052379085398137,0.676130217206323,0.8972558404478379,10000,0
hc2,confirm_corrupt,source_fit,R_pool,mae,0.1317637928443128,0.10583245013241721,0.16401848065823466,10000,0
hc2,confirm_corrupt,source_fit,R_pool,mse,0.030060348045852125,0.017228184072828362,0.048332762942497984,10000,0
hc2,confirm_corrupt,source_fit,R_pool,rho,0.9134238451470642,0.854556119874401,0.9556328811575909,10000,0
hc2,confirm_corrupt,source_fit,R_pool,truth_mean,0.42979765641594386,0.39095115091610927,0.46811450791286496,10000,0
hc2,confirm_corrupt,source_fit,R_pool,prediction_mean,0.4925258594713049,0.4571203948679953,0.5271562903139645,10000,0
hc2,confirm_corrupt,source_fit,R_pool,below_zero,0.06607142857142857,0.039285714285714285,0.10714285714285712,10000,0
hc2,confirm_corrupt,source_fit,R_pool,above_one,0.05625,0.024107142857142858,0.10089285714285713,10000,0
hc2,confirm_corrupt,source_fit,T_A,r2,-0.35029740485351146,-9.353239018089953,0.18837578145157463,10000,0
hc2,confirm_corrupt,source_fit,T_A,mae,0.22732485069392735,0.12654437739288887,0.3185972843565935,10000,0
hc2,confirm_corrupt,source_fit,T_A,mse,0.0779234624673135,0.03532704221223454,0.11904683779661546,10000,0
hc2,confirm_corrupt,source_fit,T_A,rho,0.14460992427323932,-0.6957409211494949,0.5970842229473896,10000,0
hc2,confirm_corrupt,source_fit,T_A,truth_mean,0.6886743644217672,0.5076330971345925,0.8326073763913906,10000,0
hc2,confirm_corrupt,source_fit,T_A,prediction_mean,0.5448951188230795,0.5065047166154892,0.5888380307755199,10000,0
hc2,confirm_corrupt,source_fit,T_A,below_zero,0.0,0.0,0.0,10000,0
hc2,confirm_corrupt,source_fit,T_A,above_one,0.0,0.0,0.0,10000,0
hc2,confirm_corrupt,source_fit,T_W,r2,0.01272617651140584,-2.5598258333978743,0.26905652544509384,10000,0
hc2,confirm_corrupt,source_fit,T_W,mae,0.1423297980983102,0.07128903641479709,0.22329753650163184,10000,0
hc2,confirm_corrupt,source_fit,T_W,mse,0.04197806201278982,0.01126105524428289,0.0756974145246486,10000,0
hc2,confirm_corrupt,source_fit,T_W,rho,0.2995824135761475,-0.7377404838616145,0.6483106837929244,10000,0
hc2,confirm_corrupt,source_fit,T_W,truth_mean,0.6308551938013051,0.482122844312653,0.7565426598235533,10000,0
hc2,confirm_corrupt,source_fit,T_W,prediction_mean,0.5737191625271852,0.5296884032727552,0.6171057814987546,10000,0
hc2,confirm_corrupt,source_fit,T_W,below_zero,0.0,0.0,0.0,10000,0
hc2,confirm_corrupt,source_fit,T_W,above_one,0.0,0.0,0.0,10000,0
hc2,confirm_corrupt,source_fit,delta_T,r2,-1.2646259811493432,-3.9094706283377265,-0.014905526277993353,10000,0
hc2,confirm_corrupt,source_fit,delta_T,mae,0.10355650559829466,0.05113664149028496,0.1692981318851485,10000,0
hc2,confirm_corrupt,source_fit,delta_T,mse,0.022272429849144692,0.004787613075642853,0.04881867205636619,10000,0
hc2,confirm_corrupt,source_fit,delta_T,rho,-0.4659722641170924,-0.8304480675689607,0.4485218437530708,10000,0
hc2,confirm_corrupt,source_fit,delta_T,truth_mean,-0.05781917062046219,-0.12016787897410786,-0.00012982491653175434,10000,0
hc2,confirm_corrupt,source_fit,delta_T,prediction_mean,0.02882404370410576,0.011755621234219806,0.050972929832286254,10000,0
hc2,confirm_corrupt,source_fit,delta_T,below_zero,0.1142857142857143,0.0,0.2857142857142857,10000,0
hc2,confirm_corrupt,source_fit,delta_T,above_one,0.0,0.0,0.0,10000,0
hc2,confirm_corrupt,target_search_fit,P_A,r2,-0.4988700246265678,-19.484090058756802,-0.04990077922263777,10000,0
hc2,confirm_corrupt,target_search_fit,P_A,mae,0.27532545348187554,0.1732550557520685,0.36235919262494865,10000,0
hc2,confirm_corrupt,target_search_fit,P_A,mse,0.10052705098755561,0.051402592933105604,0.1494213304723208,10000,0
hc2,confirm_corrupt,target_search_fit,P_A,rho,-0.21891254576997787,-0.6574148439976761,0.2760774379654243,10000,0
hc2,confirm_corrupt,target_search_fit,P_A,truth_mean,0.7542634481336838,0.5579084382658105,0.9074556318387412,10000,0
hc2,confirm_corrupt,target_search_fit,P_A,prediction_mean,0.6056901940980949,0.5644258123963741,0.6445175798146632,10000,0
hc2,confirm_corrupt,target_search_fit,P_A,below_zero,0.0,0.0,0.0,10000,0
hc2,confirm_corrupt,target_search_fit,P_A,above_one,0.0,0.0,0.0,10000,0
hc2,confirm_corrupt,target_search_fit,R_A,r2,-0.7388629916193774,-18.961790641835435,-0.23214126800929957,10000,0
hc2,confirm_corrupt,target_search_fit,R_A,mae,0.2217342396062661,0.13860054475126637,0.3044446614311622,10000,0
hc2,confirm_corrupt,target_search_fit,R_A,mse,0.08853461121459354,0.029765952653942038,0.17003855051291847,10000,0
hc2,confirm_corrupt,target_search_fit,R_A,rho,-0.1908882466941862,-0.7077930369791411,0.41518333645277095,10000,0
hc2,confirm_corrupt,target_search_fit,R_A,truth_mean,0.841647849867028,0.6979179085754428,0.9489916993720563,10000,0
hc2,confirm_corrupt,target_search_fit,R_A,prediction_mean,0.7859812417920509,0.6816538523230377,0.8868795442773213,10000,0
hc2,confirm_corrupt,target_search_fit,R_A,below_zero,0.0,0.0,0.0,10000,0
hc2,confirm_corrupt,target_search_fit,R_A,above_one,0.028571428571428574,0.0,0.08571428571428572,10000,0
hc2,confirm_corrupt,target_search_fit,P_W,r2,-0.1876641898760565,-8.050821512887818,0.12751606841613794,10000,0
hc2,confirm_corrupt,target_search_fit,P_W,mae,0.22873569901470345,0.1423363999816129,0.30711445190571024,10000,0
hc2,confirm_corrupt,target_search_fit,P_W,mse,0.07381863441614851,0.033975086310377524,0.11933839799670583,10000,0
hc2,confirm_corrupt,target_search_fit,P_W,rho,0.1692198303186461,-0.3878093681525917,0.710308198122786,10000,0
hc2,confirm_corrupt,target_search_fit,P_W,truth_mean,0.7447042084252199,0.5567480062131995,0.8979573079310662,10000,0
hc2,confirm_corrupt,target_search_fit,P_W,prediction_mean,0.6357627185021507,0.5756494322999929,0.6891554443272989,10000,0
hc2,confirm_corrupt,target_search_fit,P_W,below_zero,0.0,0.0,0.0,10000,0
hc2,confirm_corrupt,target_search_fit,P_W,above_one,0.0,0.0,0.0,10000,0
hc2,confirm_corrupt,target_search_fit,R_W,r2,-0.44583683311435784,-3.9261258275375694,-0.18240935306350692,10000,0
hc2,confirm_corrupt,target_search_fit,R_W,mae,0.19385283139212056,0.14284745975967844,0.2584712029998826,10000,0
hc2,confirm_corrupt,target_search_fit,R_W,mse,0.07163031194811673,0.023191057709918562,0.1540856321538832,10000,0
hc2,confirm_corrupt,target_search_fit,R_W,rho,-0.265219417463062,-0.5944529910664076,0.428318602897798,10000,0
hc2,confirm_corrupt,target_search_fit,R_W,truth_mean,0.7875626509824161,0.6773854935019318,0.8924646781789638,10000,0
hc2,confirm_corrupt,target_search_fit,R_W,prediction_mean,0.7762812766829806,0.6993452733429324,0.8359592151846355,10000,0
hc2,confirm_corrupt,target_search_fit,R_W,below_zero,0.0,0.0,0.0,10000,0
hc2,confirm_corrupt,target_search_fit,R_W,above_one,0.0,0.0,0.0,10000,0
hc2,confirm_corrupt,target_search_fit,P_pool,r2,0.48543245497768883,0.25844912499932143,0.6481494255444664,10000,0
hc2,confirm_corrupt,target_search_fit,P_pool,mae,0.21927639747822,0.16478476371342468,0.26544081105414774,10000,0
hc2,confirm_corrupt,target_search_fit,P_pool,mse,0.07885792360759837,0.04980773777698007,0.10547727148910088,10000,0
hc2,confirm_corrupt,target_search_fit,P_pool,rho,0.7159224221788376,0.5433665370737634,0.8478126083080355,10000,0
hc2,confirm_corrupt,target_search_fit,P_pool,truth_mean,0.47381965402479276,0.33650377318072805,0.6200651167194606,10000,0
hc2,confirm_corrupt,target_search_fit,P_pool,prediction_mean,0.4095942957730783,0.2959837117633984,0.5119139872130576,10000,0
hc2,confirm_corrupt,target_search_fit,P_pool,below_zero,0.08571428571428572,0.019642857142857142,0.20535714285714285,10000,0
hc2,confirm_corrupt,target_search_fit,P_pool,above_one,0.0,0.0,0.0,10000,0
hc2,confirm_corrupt,target_search_fit,R_pool,r2,0.714512823973083,0.5452316825836974,0.8501734925439621,10000,0
hc2,confirm_corrupt,target_search_fit,R_pool,mae,0.16198997573149754,0.12550751543308838,0.20333256885220122,10000,0
hc2,confirm_corrupt,target_search_fit,R_pool,mse,0.0440632148158611,0.023876509703205744,0.06878854199301472,10000,0
hc2,confirm_corrupt,target_search_fit,R_pool,rho,0.8519746076369004,0.7770213802053114,0.9358819941019847,10000,0
hc2,confirm_corrupt,target_search_fit,R_pool,truth_mean,0.42979765641594386,0.39095115091610927,0.46811450791286496,10000,0
hc2,confirm_corrupt,target_search_fit,R_pool,prediction_mean,0.4367215764037749,0.34169528802090104,0.5310713109092808,10000,0
hc2,confirm_corrupt,target_search_fit,R_pool,below_zero,0.14821428571428572,0.05622767857142858,0.2517857142857142,10000,0
hc2,confirm_corrupt,target_search_fit,R_pool,above_one,0.04732142857142857,0.004464285714285714,0.09999999999999999,10000,0
hc2,confirm_corrupt,target_search_fit,T_A,r2,-0.9231290918039909,-13.825305411132488,-0.11298614259224626,10000,0
hc2,confirm_corrupt,target_search_fit,T_A,mae,0.2789210759079089,0.1597268204758182,0.3856952042250724,10000,0
hc2,confirm_corrupt,target_search_fit,T_A,mse,0.11098064549805188,0.05118938910534442,0.16671611838034087,10000,0
hc2,confirm_corrupt,target_search_fit,T_A,rho,-0.3253247408564198,-0.7776903155291095,0.2931233719548417,10000,0
hc2,confirm_corrupt,target_search_fit,T_A,truth_mean,0.6886743644217672,0.5076330971345925,0.8326073763913906,10000,0
hc2,confirm_corrupt,target_search_fit,T_A,prediction_mean,0.521330707609595,0.45094951856476545,0.589076360442253,10000,0
hc2,confirm_corrupt,target_search_fit,T_A,below_zero,0.0,0.0,0.0,10000,0
hc2,confirm_corrupt,target_search_fit,T_A,above_one,0.0,0.0,0.0,10000,0
hc2,confirm_corrupt,target_search_fit,T_W,r2,-0.6234350847331209,-7.127493774544263,-0.14079334247186082,10000,0
hc2,confirm_corrupt,target_search_fit,T_W,mae,0.1954016090371095,0.08754287629928562,0.29967875319544524,10000,0
hc2,confirm_corrupt,target_search_fit,T_W,mse,0.06902710984462049,0.024696900943220593,0.11785502645992825,10000,0
hc2,confirm_corrupt,target_search_fit,T_W,rho,-0.263993545664405,-0.70047626626513,0.22612707218669487,10000,0
hc2,confirm_corrupt,target_search_fit,T_W,truth_mean,0.6308551938013051,0.482122844312653,0.7565426598235533,10000,0
hc2,confirm_corrupt,target_search_fit,T_W,prediction_mean,0.5394096531994746,0.4724674217300206,0.6026336422300614,10000,0
hc2,confirm_corrupt,target_search_fit,T_W,below_zero,0.0,0.0,0.0,10000,0
hc2,confirm_corrupt,target_search_fit,T_W,above_one,0.0,0.0,0.0,10000,0
hc2,confirm_corrupt,target_search_fit,delta_T,r2,-0.7919141827762992,-2.670423373008261,0.07244560673204614,10000,0
hc2,confirm_corrupt,target_search_fit,delta_T,mae,0.09292961350565872,0.04607319494415397,0.14804531910505872,10000,0
hc2,confirm_corrupt,target_search_fit,delta_T,mse,0.01762334410352269,0.004094023275748854,0.035648648487512584,10000,0
hc2,confirm_corrupt,target_search_fit,delta_T,rho,-0.11517984300312499,-0.6734053530821327,0.4855435365903871,10000,0
hc2,confirm_corrupt,target_search_fit,delta_T,truth_mean,-0.05781917062046219,-0.12016787897410786,-0.00012982491653175434,10000,0
hc2,confirm_corrupt,target_search_fit,delta_T,prediction_mean,0.018078945589879568,0.0008676942147439865,0.035208716085574514,10000,0
hc2,confirm_corrupt,target_search_fit,delta_T,below_zero,0.2857142857142857,0.05714285714285714,0.5428571428571428,10000,0
hc2,confirm_corrupt,target_search_fit,delta_T,above_one,0.0,0.0,0.0,10000,0
hc2,confirm_clean,source_fit,P_A,r2,-1.4596513881053248,-45.33224353917995,0.23801498720602,10000,0
hc2,confirm_clean,source_fit,P_A,mae,0.2348868382435781,0.11725600385270385,0.35684109463069613,10000,0
hc2,confirm_clean,source_fit,P_A,mse,0.08261793933446338,0.024167814096492476,0.15529426126838564,10000,0
hc2,confirm_clean,source_fit,P_A,rho,-0.09033002957741339,-0.9674481483241483,0.7817467120763404,10000,0
hc2,confirm_clean,source_fit,P_A,truth_mean,0.7719707874805238,0.6228355824535827,0.8902886194604238,10000,0
hc2,confirm_clean,source_fit,P_A,prediction_mean,0.5679231754065122,0.5141004436606659,0.6192746692491586,10000,0
hc2,confirm_clean,source_fit,P_A,below_zero,0.0,0.0,0.0,10000,0
hc2,confirm_clean,source_fit,P_A,above_one,0.0,0.0,0.0,10000,0
hc2,confirm_clean,source_fit,R_A,r2,-0.17546552110727043,-5.723037279201403,0.35531417251703756,10000,0
hc2,confirm_clean,source_fit,R_A,mae,0.08892060536332737,0.04909367257735425,0.13288348593024515,10000,0
hc2,confirm_clean,source_fit,R_A,mse,0.011162559288444776,0.0035406709375563773,0.020404354795256957,10000,0
hc2,confirm_clean,source_fit,R_A,rho,0.22986587376798134,-0.538825099206019,0.9121981072430563,10000,0
hc2,confirm_clean,source_fit,R_A,truth_mean,0.8982391776520935,0.822617846928023,0.9668877551020407,10000,0
hc2,confirm_clean,source_fit,R_A,prediction_mean,0.911822262599074,0.8616776851577406,0.9598418568273837,10000,0
hc2,confirm_clean,source_fit,R_A,below_zero,0.0,0.0,0.0,10000,0
hc2,confirm_clean,source_fit,R_A,above_one,0.14285714285714285,0.0,0.42857142857142855,10000,0
hc2,confirm_clean,source_fit,P_W,r2,-0.7473189903917759,-11.467709909366635,0.3550548929212296,10000,0
hc2,confirm_clean,source_fit,P_W,mae,0.20441351614760506,0.10144006524483416,0.30789145718424243,10000,0
hc2,confirm_clean,source_fit,P_W,mse,0.06227413187694418,0.01767813042009721,0.11161981540295733,10000,0
hc2,confirm_clean,source_fit,P_W,rho,0.4194140759440102,-0.48391705123294965,0.9102527559247975,10000,0
hc2,confirm_clean,source_fit,P_W,truth_mean,0.7776740975306898,0.6350521053737358,0.9075516349008634,10000,0
hc2,confirm_clean,source_fit,P_W,prediction_mean,0.5965456538095874,0.5441745320228137,0.6460255372335252,10000,0
hc2,confirm_clean,source_fit,P_W,below_zero,0.0,0.0,0.0,10000,0
hc2,confirm_clean,source_fit,P_W,above_one,0.0,0.0,0.0,10000,0
hc2,confirm_clean,source_fit,R_W,r2,-1.2186670669458417,-6.264910695690608,0.2427777682395451,9999,1
hc2,confirm_clean,source_fit,R_W,mae,0.1235728049489302,0.04429923117564452,0.22582898259528422,10000,0
hc2,confirm_clean,source_fit,R_W,mse,0.03136322955105542,0.0030687435465937764,0.0753819342344041,10000,0
hc2,confirm_clean,source_fit,R_W,rho,-0.4384091270414131,-0.9178230121062642,0.7534443043347042,9999,1
hc2,confirm_clean,source_fit,R_W,truth_mean,0.8571823007390521,0.7682155939298796,0.944032117588869,10000,0
hc2,confirm_clean,source_fit,R_W,prediction_mean,0.960661251449381,0.9325420020254525,0.994227614149616,10000,0
hc2,confirm_clean,source_fit,R_W,below_zero,0.0,0.0,0.0,10000,0
hc2,confirm_clean,source_fit,R_W,above_one,0.14285714285714285,0.0,0.42857142857142855,10000,0
hc2,confirm_clean,source_fit,P_pool,r2,0.5046398530830459,0.1532183085108576,0.7216064703077143,10000,0
hc2,confirm_clean,source_fit,P_pool,mae,0.2023492136336369,0.12870515699682644,0.2842146845138578,10000,0
hc2,confirm_clean,source_fit,P_pool,mse,0.07594056156008307,0.03618168695360783,0.12684064282400548,10000,0
hc2,confirm_clean,source_fit,P_pool,rho,0.7792698105325769,0.6424256461459278,0.8991446765076687,10000,0
hc2,confirm_clean,source_fit,P_pool,truth_mean,0.47112182563273014,0.3356124669975366,0.6157656192936211,10000,0
hc2,confirm_clean,source_fit,P_pool,prediction_mean,0.3527159046181532,0.274281560506085,0.4379734153780075,10000,0
hc2,confirm_clean,source_fit,P_pool,below_zero,0.125,0.04464285714285714,0.23660714285714285,10000,0
hc2,confirm_clean,source_fit,P_pool,above_one,0.0,0.0,0.0,10000,0
hc2,confirm_clean,source_fit,R_pool,r2,0.8691946803838507,0.8121670952324433,0.9120773560900397,10000,0
hc2,confirm_clean,source_fit,R_pool,mae,0.11542189912889629,0.09945516372318418,0.13370406886127756,10000,0
hc2,confirm_clean,source_fit,R_pool,mse,0.020829725031352064,0.014999500627723525,0.027062386247487812,10000,0
hc2,confirm_clean,source_fit,R_pool,rho,0.9429159519581056,0.9221036958408999,0.9638374641335363,10000,0
hc2,confirm_clean,source_fit,R_pool,truth_mean,0.4308729122489631,0.38926421049188903,0.4722076923654631,10000,0
hc2,confirm_clean,source_fit,R_pool,prediction_mean,0.4861617759404652,0.4533712090838423,0.5159324715423219,10000,0
hc2,confirm_clean,source_fit,R_pool,below_zero,0.07142857142857142,0.04464285714285714,0.11160714285714285,10000,0
hc2,confirm_clean,source_fit,R_pool,above_one,0.05803571428571429,0.013392857142857142,0.10714285714285714,10000,0
hc2,confirm_clean,source_fit,T_A,r2,-1.1394862260381946,-13.991692861985952,0.26329797161931456,10000,0
hc2,confirm_clean,source_fit,T_A,mae,0.22314215948414381,0.11353953382564529,0.33727712160083617,10000,0
hc2,confirm_clean,source_fit,T_A,mse,0.07397215822896351,0.02204093132695389,0.13741634527408325,10000,0
hc2,confirm_clean,source_fit,T_A,rho,-0.058207291547606385,-0.9808783774771821,0.7396853381794805,10000,0
hc2,confirm_clean,source_fit,T_A,truth_mean,0.7185946625932018,0.5713419476867003,0.8401103643664285,10000,0
hc2,confirm_clean,source_fit,T_A,prediction_mean,0.5370896685405774,0.4873383808345587,0.5904791937223317,10000,0
hc2,confirm_clean,source_fit,T_A,below_zero,0.0,0.0,0.0,10000,0
hc2,confirm_clean,source_fit,T_A,above_one,0.0,0.0,0.0,10000,0
hc2,confirm_clean,source_fit,T_W,r2,-0.37878060978644457,-5.95702066055221,0.7570259733725636,10000,0
hc2,confirm_clean,source_fit,T_W,mae,0.12411755065226816,0.045265547703635764,0.21313517056691914,10000,0
hc2,confirm_clean,source_fit,T_W,mse,0.029247907531972966,0.0027018672634458825,0.06274557906666567,10000,0
hc2,confirm_clean,source_fit,T_W,rho,0.23822398241401527,-0.8206492044157926,0.947683638609987,10000,0
hc2,confirm_clean,source_fit,T_W,truth_mean,0.6700884826166391,0.5612755280433852,0.7761873837155401,10000,0
hc2,confirm_clean,source_fit,T_W,prediction_mean,0.579376747035565,0.5293280380326866,0.6260507549277693,10000,0
hc2,confirm_clean,source_fit,T_W,below_zero,0.0,0.0,0.0,10000,0
hc2,confirm_clean,source_fit,T_W,above_one,0.0,0.0,0.0,10000,0
hc2,confirm_clean,source_fit,delta_T,r2,-1.6091687469997042,-4.188042245949071,0.19392086782827578,10000,0
hc2,confirm_clean,source_fit,delta_T,mae,0.10418978885262746,0.024666649068639173,0.2218549951650608,10000,0
hc2,confirm_clean,source_fit,delta_T,mse,0.031640790842639065,0.0008297937633434685,0.08717642668792262,10000,0
hc2,confirm_clean,source_fit,delta_T,rho,-0.7609085528292513,-0.9828258880857421,0.736652879260492,10000,0
hc2,confirm_clean,source_fit,delta_T,truth_mean,-0.04850617997656259,-0.13829249252485185,0.021221682907325463,10000,0
hc2,confirm_clean,source_fit,delta_T,prediction_mean,0.04228707849498755,0.011431067747351165,0.08407992159541741,10000,0
hc2,confirm_clean,source_fit,delta_T,below_zero,0.14285714285714285,0.0,0.42857142857142855,10000,0
hc2,confirm_clean,source_fit,delta_T,above_one,0.0,0.0,0.0,10000,0
hc2,confirm_clean,target_search_fit,P_A,r2,-1.426754081927681,-46.26422858357288,-0.2559671794466547,10000,0
hc2,confirm_clean,target_search_fit,P_A,mae,0.24863222108364758,0.13953348442790972,0.3460959313234748,10000,0
hc2,confirm_clean,target_search_fit,P_A,mse,0.08151294223642118,0.03829258796252485,0.12407020460781203,10000,0
hc2,confirm_clean,target_search_fit,P_A,rho,-0.5668165698014284,-0.9562048836264926,-0.037240100950620435,10000,0
hc2,confirm_clean,target_search_fit,P_A,truth_mean,0.7719707874805238,0.6228355824535827,0.8902886194604238,10000,0
hc2,confirm_clean,target_search_fit,P_A,prediction_mean,0.5942128174527548,0.5511243241567427,0.6398837392605745,10000,0
hc2,confirm_clean,target_search_fit,P_A,below_zero,0.0,0.0,0.0,10000,0
hc2,confirm_clean,target_search_fit,P_A,above_one,0.0,0.0,0.0,10000,0
hc2,confirm_clean,target_search_fit,R_A,r2,-3.9750758409037257,-81.67055178252511,-0.772332072755432,10000,0
hc2,confirm_clean,target_search_fit,R_A,mae,0.1817820993585158,0.09127535923422839,0.2686258498225151,10000,0
hc2,confirm_clean,target_search_fit,R_A,mse,0.04724475370939368,0.018615585363800785,0.07931840858003167,10000,0
hc2,confirm_clean,target_search_fit,R_A,rho,-0.30309903618577516,-0.9130869692498478,0.5213910855849252,10000,0
hc2,confirm_clean,target_search_fit,R_A,truth_mean,0.8982391776520935,0.822617846928023,0.9668877551020407,10000,0
hc2,confirm_clean,target_search_fit,R_A,prediction_mean,0.7940637756604169,0.6974536411676328,0.8968472468043931,10000,0
hc2,confirm_clean,target_search_fit,R_A,below_zero,0.0,0.0,0.0,10000,0
hc2,confirm_clean,target_search_fit,R_A,above_one,0.0,0.0,0.0,10000,0
hc2,confirm_clean,target_search_fit,P_W,r2,-0.6064761371686391,-10.851391889156204,0.2277109802060605,10000,0
hc2,confirm_clean,target_search_fit,P_W,mae,0.214847882952472,0.13433907858923635,0.28969171123936915,10000,0
hc2,confirm_clean,target_search_fit,P_W,mse,0.05725451813510753,0.027692583395402166,0.08654141676651318,10000,0
hc2,confirm_clean,target_search_fit,P_W,rho,0.23487206698001062,-0.41531117637856596,0.9608003497156428,10000,0
hc2,confirm_clean,target_search_fit,P_W,truth_mean,0.7776740975306898,0.6350521053737358,0.9075516349008634,10000,0
hc2,confirm_clean,target_search_fit,P_W,prediction_mean,0.6312809774187896,0.5607283460772329,0.6911612894248702,10000,0
hc2,confirm_clean,target_search_fit,P_W,below_zero,0.0,0.0,0.0,10000,0
hc2,confirm_clean,target_search_fit,P_W,above_one,0.0,0.0,0.0,10000,0
hc2,confirm_clean,target_search_fit,R_W,r2,-1.0899810582684157,-10.102403470991318,-0.15979190281657196,9999,1
hc2,confirm_clean,target_search_fit,R_W,mae,0.15457143712445953,0.09780732819471992,0.20740521042251675,10000,0
hc2,confirm_clean,target_search_fit,R_W,mse,0.029544115322386995,0.013905077620259245,0.04559688171114982,10000,0
hc2,confirm_clean,target_search_fit,R_W,rho,-0.23738411508797583,-0.8795148525202839,0.7086657674455297,9999,1
hc2,confirm_clean,target_search_fit,R_W,truth_mean,0.8571823007390521,0.7682155939298796,0.944032117588869,10000,0
hc2,confirm_clean,target_search_fit,R_W,prediction_mean,0.7802885744261557,0.7224234402547625,0.8302549770220851,10000,0
hc2,confirm_clean,target_search_fit,R_W,below_zero,0.0,0.0,0.0,10000,0
hc2,confirm_clean,target_search_fit,R_W,above_one,0.0,0.0,0.0,10000,0
hc2,confirm_clean,target_search_fit,P_pool,r2,0.49417477703653534,0.28297028839369237,0.6412052199567578,10000,0
hc2,confirm_clean,target_search_fit,P_pool,mae,0.21738020780649672,0.16108593753493966,0.2649586717506696,10000,0
hc2,confirm_clean,target_search_fit,P_pool,mse,0.07754489682340053,0.04888215408268631,0.10397314931436784,10000,0
hc2,confirm_clean,target_search_fit,P_pool,rho,0.7231807085745204,0.5816702046946906,0.8466604208114809,10000,0
hc2,confirm_clean,target_search_fit,P_pool,truth_mean,0.47112182563273014,0.3356124669975366,0.6157656192936211,10000,0
hc2,confirm_clean,target_search_fit,P_pool,prediction_mean,0.4049416679012157,0.2881645273392932,0.5088435410206638,10000,0
hc2,confirm_clean,target_search_fit,P_pool,below_zero,0.08928571428571429,0.017857142857142856,0.21874999999999997,10000,0
hc2,confirm_clean,target_search_fit,P_pool,above_one,0.0,0.0,0.0,10000,0
hc2,confirm_clean,target_search_fit,R_pool,r2,0.7875635827365448,0.6760207430900254,0.8651626338241135,10000,0
hc2,confirm_clean,target_search_fit,R_pool,mae,0.14550798317422112,0.11914055614978163,0.17413574084814087,10000,0
hc2,confirm_clean,target_search_fit,R_pool,mse,0.03382883946332282,0.021825175099716227,0.04758950762970523,10000,0
hc2,confirm_clean,target_search_fit,R_pool,rho,0.8898471735151509,0.847504171507268,0.9454972231207012,10000,0
hc2,confirm_clean,target_search_fit,R_pool,truth_mean,0.4308729122489631,0.38926421049188903,0.4722076923654631,10000,0
hc2,confirm_clean,target_search_fit,R_pool,prediction_mean,0.42429773773070895,0.3343668647032284,0.5140378259439217,10000,0
hc2,confirm_clean,target_search_fit,R_pool,below_zero,0.16071428571428573,0.05803571428571428,0.26785714285714285,10000,0
hc2,confirm_clean,target_search_fit,R_pool,above_one,0.0625,0.004464285714285714,0.12946428571428573,10000,0
hc2,confirm_clean,target_search_fit,T_A,r2,-1.8615218799074578,-28.120595959134018,-0.28902363920918606,10000,0
hc2,confirm_clean,target_search_fit,T_A,mae,0.27512406949690715,0.16109844310845578,0.3792687359645777,10000,0
hc2,confirm_clean,target_search_fit,T_A,mse,0.09893634588530262,0.04242000685354481,0.15125908486179382,10000,0
hc2,confirm_clean,target_search_fit,T_A,rho,-0.40936143340371545,-0.9896012742416064,0.2185409078099866,10000,0
hc2,confirm_clean,target_search_fit,T_A,truth_mean,0.7185946625932018,0.5713419476867003,0.8401103643664285,10000,0
hc2,confirm_clean,target_search_fit,T_A,prediction_mean,0.5176728939387082,0.4514466385484991,0.5930562244628981,10000,0
hc2,confirm_clean,target_search_fit,T_A,below_zero,0.0,0.0,0.0,10000,0
hc2,confirm_clean,target_search_fit,T_A,above_one,0.0,0.0,0.0,10000,0
hc2,confirm_clean,target_search_fit,T_W,r2,-1.7433041454706535,-14.269421075247262,-0.13744195613107787,10000,0
hc2,confirm_clean,target_search_fit,T_W,mae,0.17693326502739884,0.06349539148813968,0.303322487415081,10000,0
hc2,confirm_clean,target_search_fit,T_W,mse,0.05819338146279218,0.012532499571808811,0.11123840154618009,10000,0
hc2,confirm_clean,target_search_fit,T_W,rho,-0.4859462698948043,-0.9640930986644612,0.14109700603999276,10000,0
hc2,confirm_clean,target_search_fit,T_W,truth_mean,0.6700884826166391,0.5612755280433852,0.7761873837155401,10000,0
hc2,confirm_clean,target_search_fit,T_W,prediction_mean,0.5353453646186161,0.47209254043794346,0.5952262726882833,10000,0
hc2,confirm_clean,target_search_fit,T_W,below_zero,0.0,0.0,0.0,10000,0
hc2,confirm_clean,target_search_fit,T_W,above_one,0.0,0.0,0.0,10000,0
hc2,confirm_clean,target_search_fit,delta_T,r2,-1.0760776770402987,-3.7290352049176465,-0.10522889009146374,10000,0
hc2,confirm_clean,target_search_fit,delta_T,mae,0.10249371376262575,0.030600931316306892,0.20192748878932382,10000,0
hc2,confirm_clean,target_search_fit,delta_T,mse,0.025176117730154428,0.0015520578870150013,0.06565461799943206,10000,0
hc2,confirm_clean,target_search_fit,delta_T,rho,-0.46504736806288344,-0.969968345405175,0.7359933630601879,10000,0
hc2,confirm_clean,target_search_fit,delta_T,truth_mean,-0.04850617997656259,-0.13829249252485185,0.021221682907325463,10000,0
hc2,confirm_clean,target_search_fit,delta_T,prediction_mean,0.01767247067990802,-0.024209215886155478,0.056628243148305266,10000,0
hc2,confirm_clean,target_search_fit,delta_T,below_zero,0.2857142857142857,0.0,0.5714285714285714,10000,0
hc2,confirm_clean,target_search_fit,delta_T,above_one,0.0,0.0,0.0,10000,0
