cell_key,dataset,split,source_id,condition,order,arrival,expert_scheduled,A_v,A_t,A_s,reset_u_v,reset_u_t,reset_u_s,reset_u_fixedA_v,reset_u_fixedA_t,reset_u_fixedA_s,reset_u_minus_A_v,reset_u_minus_A_t,reset_u_minus_A_s,reset_u_gross_gain_A,reset_u_gross_loss_A,reset_u_fixedA_minus_A_v,reset_u_fixedA_minus_A_t,reset_u_fixedA_minus_A_s,reset_u_fixedA_gross_gain_A,reset_u_fixedA_gross_loss_A
vidstg/search/clean/order1/00000,vidstg,search,8,clean,order1,0,True,0.10014742153093327,0.8286445012787724,0.14957353617970087,0.10014742153093327,0.8286445012787724,0.14957353617970087,0.10014742153093327,0.8286445012787724,0.14957353617970087,0.0,0.0,0.0,0.0,-0.0,0.0,0.0,0.0,0.0,-0.0
vidstg/search/clean/order1/00001,vidstg,search,15,clean,order1,1,False,0.0,0.0,0.37649322927297196,0.0,0.0,0.375806724710473,0.0,0.0,0.375806724710473,0.0,0.0,-0.0006865045624989685,0.0,-0.0,0.0,0.0,-0.0006865045624989685,0.0,-0.0
vidstg/search/clean/order1/00002,vidstg,search,19,clean,order1,2,False,0.6035882984630244,0.8607142857142858,0.7012644131520616,0.6031571273334867,0.8607142857142858,0.7007634674413953,0.6031571273334867,0.8607142857142858,0.7007634674413953,-0.00043117112953772185,0.0,-0.0005009457106662785,0.0,0.00043117112953772185,-0.00043117112953772185,0.0,-0.0005009457106662785,0.0,0.00043117112953772185
vidstg/search/clean/order1/00003,vidstg,search,27,clean,order1,3,False,0.0,0.0,0.2163613818300867,0.0,0.0,0.22072192407339458,0.0,0.0,0.22072192407339458,0.0,0.0,0.004360542243307869,0.0,-0.0,0.0,0.0,0.004360542243307869,0.0,-0.0
vidstg/search/clean/order1/00004,vidstg,search,7,clean,order1,4,True,0.0,0.0,0.04662836590223833,0.0,0.0,0.046402710029195895,0.0,0.0,0.046402710029195895,0.0,0.0,-0.00022565587304243517,0.0,-0.0,0.0,0.0,-0.00022565587304243517,0.0,-0.0
vidstg/search/clean/order1/00005,vidstg,search,1,clean,order1,5,False,0.0,0.0,0.0,0.0,0.0,0.0,0.0,0.0,0.0,0.0,0.0,0.0,0.0,-0.0,0.0,0.0,0.0,0.0,-0.0
vidstg/search/clean/order1/00006,vidstg,search,25,clean,order1,6,False,0.08254140430608899,0.11174785100286533,0.7386397462262835,0.0826017322333008,0.11174785100286533,0.7391796038313329,0.0826017322333008,0.11174785100286533,0.7391796038313329,6.032792721182012e-05,0.0,0.0005398576050493764,6.032792721182012e-05,0.0,6.032792721182012e-05,0.0,0.0005398576050493764,6.032792721182012e-05,0.0
vidstg/search/clean/order1/00007,vidstg,search,3,clean,order1,7,False,0.21422250646741212,0.37888198757763975,0.476082983636742,0.21815492885456955,0.37888198757763975,0.4638408073214877,0.21815492885456955,0.37888198757763975,0.4638408073214877,0.003932422387157436,0.0,-0.012242176315254316,0.003932422387157436,0.0,0.003932422387157436,0.0,-0.012242176315254316,0.003932422387157436,0.0
vidstg/search/clean/order1/00008,vidstg,search,4,clean,order1,8,True,0.041287975387184234,0.18543046357615894,0.26551913540759686,0.04126361539298327,0.18543046357615894,0.26537211190656923,0.04126361539298327,0.18543046357615894,0.26537211190656923,-2.4359994200966184e-05,0.0,-0.00014702350102763218,0.0,2.4359994200966184e-05,-2.4359994200966184e-05,0.0,-0.00014702350102763218,0.0,2.4359994200966184e-05
vidstg/search/clean/order1/00009,vidstg,search,6,clean,order1,9,False,0.41067762142617636,0.5986842105263158,0.7284178756357691,0.41441720935435505,0.5986842105263158,0.7361464472041901,0.41441720935435505,0.5986842105263158,0.7361464472041901,0.0037395879281786892,0.0,0.007728571568420994,0.0037395879281786892,0.0,0.0037395879281786892,0.0,0.007728571568420994,0.0037395879281786892,0.0
vidstg/search/clean/order1/00010,vidstg,search,20,clean,order1,10,False,0.2721916707245217,0.4742268041237113,0.5739693926147523,0.27397076176959395,0.4742268041237113,0.5777209541663176,0.27397076176959395,0.4742268041237113,0.5777209541663176,0.0017790910450722341,0.0,0.003751561551565308,0.0017790910450722341,0.0,0.0017790910450722341,0.0,0.003751561551565308,0.0017790910450722341,0.0
vidstg/search/clean/order1/00011,vidstg,search,17,clean,order1,11,False,0.02142206467282315,0.3951612903225806,0.04660811579923312,0.022883112915737563,0.3951612903225806,0.048657233397348926,0.022883112915737563,0.3951612903225806,0.048657233397348926,0.0014610482429144138,0.0,0.002049117598115803,0.0014610482429144138,0.0,0.0014610482429144138,0.0,0.002049117598115803,0.0014610482429144138,0.0
vidstg/search/clean/order1/00012,vidstg,search,24,clean,order1,12,True,0.00225165002142903,0.8775510204081632,0.00225165002142903,0.0017750252145544562,0.8775510204081632,0.0017750252145544562,0.0017750252145544562,0.8775510204081632,0.0017750252145544562,-0.0004766248068745738,0.0,-0.0004766248068745738,0.0,0.0004766248068745738,-0.0004766248068745738,0.0,-0.0004766248068745738,0.0,0.0004766248068745738
vidstg/search/clean/order1/00013,vidstg,search,2,clean,order1,13,False,0.20159329211989888,0.919047619047619,0.22304285139401048,0.00021766972333322953,0.919047619047619,0.00021766972333322953,0.00021766972333322953,0.919047619047619,0.00021766972333322953,-0.20137562239656565,0.0,-0.22282518167067725,0.0,0.20137562239656565,-0.20137562239656565,0.0,-0.22282518167067725,0.0,0.20137562239656565
vidstg/search/clean/order1/00014,vidstg,search,0,clean,order1,14,False,0.028938873310852965,0.144136078782453,0.03196306815591547,0.020938889416040187,0.144136078782453,0.021000762907961153,0.020938889416040187,0.144136078782453,0.021000762907961153,-0.007999983894812778,0.0,-0.010962305247954319,0.0,0.007999983894812778,-0.007999983894812778,0.0,-0.010962305247954319,0.0,0.007999983894812778
vidstg/search/clean/order1/00015,vidstg,search,9,clean,order1,15,False,0.05403649432011465,0.32941176470588235,0.16403935775749087,0.06004215781493853,0.32941176470588235,0.18227083622392054,0.06004215781493853,0.32941176470588235,0.18227083622392054,0.006005663494823885,0.0,0.018231478466429668,0.006005663494823885,0.0,0.006005663494823885,0.0,0.018231478466429668,0.006005663494823885,0.0
vidstg/search/clean/order1/00016,vidstg,search,26,clean,order1,16,True,0.21649701587081147,0.6670784434836319,0.306493787784898,0.22300587687261125,0.6670784434836319,0.31051378778295186,0.22300587687261125,0.6670784434836319,0.31051378778295186,0.006508861001799787,0.0,0.004019999998053858,0.006508861001799787,0.0,0.006508861001799787,0.0,0.004019999998053858,0.006508861001799787,0.0
vidstg/search/clean/order1/00017,vidstg,search,22,clean,order1,17,False,0.499323013753303,0.6785714285714286,0.7358444413206571,0.48957829122761687,0.6785714285714286,0.7214837975985933,0.48957829122761687,0.6785714285714286,0.7214837975985933,-0.009744722525686145,0.0,-0.014360643722063804,0.0,0.009744722525686145,-0.009744722525686145,0.0,-0.014360643722063804,0.0,0.009744722525686145
vidstg/search/clean/order1/00018,vidstg,search,5,clean,order1,18,False,0.404970811599019,0.6312056737588653,0.6437380547907756,0.40490163998348516,0.6312056737588653,0.6436469909012008,0.40490163998348516,0.6312056737588653,0.6436469909012008,-6.917161553382511e-05,0.0,-9.106388957480505e-05,0.0,6.917161553382511e-05,-6.917161553382511e-05,0.0,-9.106388957480505e-05,0.0,6.917161553382511e-05
vidstg/search/clean/order1/00019,vidstg,search,13,clean,order1,19,False,0.02556958532297251,0.0319634703196347,0.6736279888124096,0.025186106417894795,0.0319634703196347,0.6700560601997197,0.025186106417894795,0.0319634703196347,0.6700560601997197,-0.00038347890507771376,0.0,-0.0035719286126898453,0.0,0.00038347890507771376,-0.00038347890507771376,0.0,-0.0035719286126898453,0.0,0.00038347890507771376
vidstg/search/clean/order1/00020,vidstg,search,18,clean,order1,20,True,0.003708199998385631,0.2616279069767442,0.014173564438273967,0.010916405691695323,0.2616279069767442,0.041724928421591014,0.010916405691695323,0.2616279069767442,0.041724928421591014,0.007208205693309692,0.0,0.027551363983317048,0.007208205693309692,0.0,0.007208205693309692,0.0,0.027551363983317048,0.007208205693309692,0.0
vidstg/search/clean/order1/00021,vidstg,search,10,clean,order1,21,False,0.21060959335494117,0.8282208588957055,0.23766276289259755,0.2202020510228582,0.8282208588957055,0.24792884432165194,0.2202020510228582,0.8282208588957055,0.24792884432165194,0.009592457667917026,0.0,0.010266081429054386,0.009592457667917026,0.0,0.009592457667917026,0.0,0.010266081429054386,0.009592457667917026,0.0
vidstg/search/clean/order1/00022,vidstg,search,28,clean,order1,22,False,0.6508764244362434,0.9043478260869565,0.7197191231746921,0.6472864427097937,0.9043478260869565,0.7157494318425605,0.6472864427097937,0.9043478260869565,0.7157494318425605,-0.0035899817264496425,0.0,-0.003969691332131653,0.0,0.0035899817264496425,-0.0035899817264496425,0.0,-0.003969691332131653,0.0,0.0035899817264496425
vidstg/search/clean/order1/00023,vidstg,search,31,clean,order1,23,False,0.0,0.9624664879356568,0.0,0.0,0.9624664879356568,0.0,0.0,0.9624664879356568,0.0,0.0,0.0,0.0,0.0,-0.0,0.0,0.0,0.0,0.0,-0.0
vidstg/search/clean/order1/00024,vidstg,search,23,clean,order1,24,True,0.0,0.0,0.2524881498014029,0.0,0.0,0.2464429436845504,0.0,0.0,0.2464429436845504,0.0,0.0,-0.006045206116852497,0.0,-0.0,0.0,0.0,-0.006045206116852497,0.0,-0.0
vidstg/search/clean/order1/00025,vidstg,search,21,clean,order1,25,False,0.3115296778517049,0.6597938144329897,0.47216216799399024,0.289840528150013,0.6597938144329897,0.4392895504773634,0.289840528150013,0.6597938144329897,0.4392895504773634,-0.02168914970169189,0.0,-0.032872617516626845,0.0,0.02168914970169189,-0.02168914970169189,0.0,-0.032872617516626845,0.0,0.02168914970169189
vidstg/search/clean/order1/00026,vidstg,search,11,clean,order1,26,False,0.6404550711888826,0.84375,0.7319486527872944,0.6393408799782372,0.84375,0.7306752914036997,0.6393408799782372,0.84375,0.7306752914036997,-0.0011141912106453766,0.0,-0.0012733613835946844,0.0,0.0011141912106453766,-0.0011141912106453766,0.0,-0.0012733613835946844,0.0,0.0011141912106453766
vidstg/search/clean/order1/00027,vidstg,search,12,clean,order1,27,False,0.12446456667116229,0.3542319749216301,0.35136457316903336,0.16021023650098606,0.3542319749216301,0.4522749154319872,0.16021023650098606,0.3542319749216301,0.4522749154319872,0.03574566982982377,0.0,0.10091034226295387,0.03574566982982377,0.0,0.03574566982982377,0.0,0.10091034226295387,0.03574566982982377,0.0
vidstg/search/clean/order1/00028,vidstg,search,29,clean,order1,28,True,0.0,0.0,0.0,0.0,0.0,0.0,0.0,0.0,0.0,0.0,0.0,0.0,0.0,-0.0,0.0,0.0,0.0,0.0,-0.0
vidstg/search/clean/order1/00029,vidstg,search,16,clean,order1,29,False,0.00033708757809015254,0.10599078341013825,0.003180348019372309,0.00015640686833707064,0.10599078341013825,0.0014756648012671447,0.00015640686833707064,0.10599078341013825,0.0014756648012671447,-0.0001806807097530819,0.0,-0.0017046832181051642,0.0,0.0001806807097530819,-0.0001806807097530819,0.0,-0.0017046832181051642,0.0,0.0001806807097530819
vidstg/search/clean/order1/00030,vidstg,search,30,clean,order1,30,False,0.10261145584432114,0.30414746543778803,0.3260805838391826,0.08143887917580263,0.30414746543778803,0.2647266107603527,0.08143887917580263,0.30414746543778803,0.2647266107603527,-0.021172576668518517,0.0,-0.06135397307882989,0.0,0.021172576668518517,-0.021172576668518517,0.0,-0.06135397307882989,0.0,0.021172576668518517
vidstg/search/clean/order1/00031,vidstg,search,14,clean,order1,31,False,0.0,0.0,0.3860107205758686,0.0,0.0,0.3848700616767629,0.0,0.0,0.3848700616767629,0.0,0.0,-0.0011406588991056954,0.0,-0.0,0.0,0.0,-0.0011406588991056954,0.0,-0.0
vidstg/search/clean/order2/00000,vidstg,search,1,clean,order2,0,True,0.0,0.0,0.0,0.0,0.0,0.0,0.0,0.0,0.0,0.0,0.0,0.0,0.0,-0.0,0.0,0.0,0.0,0.0,-0.0
vidstg/search/clean/order2/00001,vidstg,search,18,clean,order2,1,False,0.0,0.0,0.018733957145331267,0.0,0.0,0.03837091806101368,0.0,0.0,0.03837091806101368,0.0,0.0,0.01963696091568241,0.0,-0.0,0.0,0.0,0.01963696091568241,0.0,-0.0
vidstg/search/clean/order2/00002,vidstg,search,20,clean,order2,2,False,0.33366874376347466,0.4742268041237113,0.7036058292403705,0.3336137716080643,0.4742268041237113,0.7034899096952661,0.3336137716080643,0.4742268041237113,0.7034899096952661,-5.497215541033773e-05,0.0,-0.00011591954510437041,0.0,5.497215541033773e-05,-5.497215541033773e-05,0.0,-0.00011591954510437041,0.0,5.497215541033773e-05
vidstg/search/clean/order2/00003,vidstg,search,22,clean,order2,3,False,0.4798161511860265,0.6785714285714286,0.7070974859583549,0.47978029649156395,0.6785714285714286,0.7070446474612521,0.47978029649156395,0.6785714285714286,0.7070446474612521,-3.5854694462544856e-05,0.0,-5.283849710280286e-05,0.0,3.5854694462544856e-05,-3.5854694462544856e-05,0.0,-5.283849710280286e-05,0.0,3.5854694462544856e-05
vidstg/search/clean/order2/00004,vidstg,search,10,clean,order2,4,True,0.2256231466579724,0.7988165680473372,0.263482157027944,0.22541010308498144,0.7988165680473372,0.26323197706499707,0.22541010308498144,0.7988165680473372,0.26323197706499707,-0.00021304357299095633,0.0,-0.0002501799629469059,0.0,0.00021304357299095633,-0.00021304357299095633,0.0,-0.0002501799629469059,0.0,0.00021304357299095633
vidstg/search/clean/order2/00005,vidstg,search,17,clean,order2,5,False,0.02537272666323102,0.3951612903225806,0.05214036891884584,0.027235880762993818,0.3951612903225806,0.05424968388453964,0.027235880762993818,0.3951612903225806,0.05424968388453964,0.0018631540997627975,0.0,0.0021093149656938037,0.0018631540997627975,0.0,0.0018631540997627975,0.0,0.0021093149656938037,0.0018631540997627975,0.0
vidstg/search/clean/order2/00006,vidstg,search,16,clean,order2,6,False,0.0,0.10599078341013825,0.0,7.193886115877525e-05,0.10599078341013825,0.0006787275161501837,7.193886115877525e-05,0.10599078341013825,0.0006787275161501837,7.193886115877525e-05,0.0,0.0006787275161501837,7.193886115877525e-05,0.0,7.193886115877525e-05,0.0,0.0006787275161501837,7.193886115877525e-05,0.0
vidstg/search/clean/order2/00007,vidstg,search,13,clean,order2,7,False,0.024797960231780224,0.0319634703196347,0.6607370665392386,0.02481584177840083,0.0319634703196347,0.6617077367237167,0.02481584177840083,0.0319634703196347,0.6617077367237167,1.7881546620607258e-05,0.0,0.0009706701844781618,1.7881546620607258e-05,0.0,1.7881546620607258e-05,0.0,0.0009706701844781618,1.7881546620607258e-05,0.0
vidstg/search/clean/order2/00008,vidstg,search,15,clean,order2,8,True,0.004752411989250036,0.009828009828009828,0.4728067939423184,0.004747278414682067,0.009828009828009828,0.473070546423232,0.004747278414682067,0.009828009828009828,0.473070546423232,-5.133574567968771e-06,0.0,0.0002637524809135927,0.0,5.133574567968771e-06,-5.133574567968771e-06,0.0,0.0002637524809135927,0.0,5.133574567968771e-06
vidstg/search/clean/order2/00009,vidstg,search,31,clean,order2,9,False,0.0,0.9624664879356568,0.0,0.0,0.9624664879356568,0.0,0.0,0.9624664879356568,0.0,0.0,0.0,0.0,0.0,-0.0,0.0,0.0,0.0,0.0,-0.0
vidstg/search/clean/order2/00010,vidstg,search,23,clean,order2,10,False,0.0,0.0,0.08061439915929466,0.0,0.0,0.24702445247025584,0.0,0.0,0.24702445247025584,0.0,0.0,0.16641005331096118,0.0,-0.0,0.0,0.0,0.16641005331096118,0.0,-0.0
vidstg/search/clean/order2/00011,vidstg,search,28,clean,order2,11,False,0.6384556378804741,0.9043478260869565,0.7059845995793703,0.6368362200103477,0.9043478260869565,0.7041938971268268,0.6368362200103477,0.9043478260869565,0.7041938971268268,-0.0016194178701264272,0.0,-0.0017907024525435355,0.0,0.0016194178701264272,-0.0016194178701264272,0.0,-0.0017907024525435355,0.0,0.0016194178701264272
vidstg/search/clean/order2/00012,vidstg,search,30,clean,order2,12,True,0.1106941954719346,0.32195121951219513,0.3329540807654428,0.10923680292804741,0.32195121951219513,0.3293821483056391,0.10923680292804741,0.32195121951219513,0.3293821483056391,-0.001457392543887187,0.0,-0.003571932459803695,0.0,0.001457392543887187,-0.001457392543887187,0.0,-0.003571932459803695,0.0,0.001457392543887187
vidstg/search/clean/order2/00013,vidstg,search,21,clean,order2,13,False,0.32102222144192477,0.6597938144329897,0.4865493043729172,0.29668846319742415,0.6597938144329897,0.449668452033596,0.29668846319742415,0.6597938144329897,0.449668452033596,-0.024333758244500625,0.0,-0.0368808523393212,0.0,0.024333758244500625,-0.024333758244500625,0.0,-0.0368808523393212,0.0,0.024333758244500625
vidstg/search/clean/order2/00014,vidstg,search,4,clean,order2,14,False,0.22141029077106109,0.5048543689320388,0.43503664493397665,0.22020551690234896,0.5048543689320388,0.43797713362784063,0.22020551690234896,0.5048543689320388,0.43797713362784063,-0.0012047738687121223,0.0,0.002940488693863985,0.0,0.0012047738687121223,-0.0012047738687121223,0.0,0.002940488693863985,0.0,0.0012047738687121223
vidstg/search/clean/order2/00015,vidstg,search,26,clean,order2,15,False,0.2458568220435733,0.6744904261890056,0.3385360241047228,0.25863675265290575,0.6744904261890056,0.3524662839575699,0.25863675265290575,0.6744904261890056,0.3524662839575699,0.012779930609332468,0.0,0.013930259852847127,0.012779930609332468,0.0,0.012779930609332468,0.0,0.013930259852847127,0.012779930609332468,0.0
vidstg/search/clean/order2/00016,vidstg,search,11,clean,order2,16,True,0.544110980862026,0.7105263157894737,0.7384363311698925,0.5625153506459468,0.7105263157894737,0.7634136901623564,0.5625153506459468,0.7105263157894737,0.7634136901623564,0.018404369783920793,0.0,0.024977358992463894,0.018404369783920793,0.0,0.018404369783920793,0.0,0.024977358992463894,0.018404369783920793,0.0
vidstg/search/clean/order2/00017,vidstg,search,14,clean,order2,17,False,0.0,0.0,0.46868612751798006,0.0,0.0,0.3548547134080247,0.0,0.0,0.3548547134080247,0.0,0.0,-0.11383141410995534,0.0,-0.0,0.0,0.0,-0.11383141410995534,0.0,-0.0
vidstg/search/clean/order2/00018,vidstg,search,27,clean,order2,18,False,0.0,0.0,0.24659420556591777,0.0,0.0,0.2135710180382096,0.0,0.0,0.2135710180382096,0.0,0.0,-0.033023187527708164,0.0,-0.0,0.0,0.0,-0.033023187527708164,0.0,-0.0
vidstg/search/clean/order2/00019,vidstg,search,0,clean,order2,19,False,0.014056810864065033,0.144136078782453,0.014056810864065033,0.029515872958133668,0.144136078782453,0.029767055357772996,0.029515872958133668,0.144136078782453,0.029767055357772996,0.015459062094068636,0.0,0.01571024449370796,0.015459062094068636,0.0,0.015459062094068636,0.0,0.01571024449370796,0.015459062094068636,0.0
vidstg/search/clean/order2/00020,vidstg,search,19,clean,order2,20,True,0.569816526775449,0.7927631578947368,0.7187727142727657,0.5580293445298781,0.7927631578947368,0.7039042354235806,0.5580293445298781,0.7927631578947368,0.7039042354235806,-0.01178718224557096,0.0,-0.014868478849185074,0.0,0.01178718224557096,-0.01178718224557096,0.0,-0.014868478849185074,0.0,0.01178718224557096
vidstg/search/clean/order2/00021,vidstg,search,12,clean,order2,21,False,0.07810388784650811,0.3542319749216301,0.2204879665755406,0.1539832347305242,0.3542319749216301,0.434696034327763,0.1539832347305242,0.3542319749216301,0.434696034327763,0.07587934688401608,0.0,0.2142080677522224,0.07587934688401608,0.0,0.07587934688401608,0.0,0.2142080677522224,0.07587934688401608,0.0
vidstg/search/clean/order2/00022,vidstg,search,8,clean,order2,22,False,0.09131824358154741,0.7858942065491183,0.12632255629020817,0.11231064622442481,0.7858942065491183,0.16519186178944054,0.11231064622442481,0.7858942065491183,0.16519186178944054,0.020992402642877397,0.0,0.03886930549923237,0.020992402642877397,0.0,0.020992402642877397,0.0,0.03886930549923237,0.020992402642877397,0.0
vidstg/search/clean/order2/00023,vidstg,search,24,clean,order2,23,False,0.013304601005808025,0.7376093294460642,0.01363531465583217,0.004831137014917338,0.7376093294460642,0.0053117335230604724,0.004831137014917338,0.7376093294460642,0.0053117335230604724,-0.008473463990890686,0.0,-0.008323581132771698,0.0,0.008473463990890686,-0.008473463990890686,0.0,-0.008323581132771698,0.0,0.008473463990890686
vidstg/search/clean/order2/00024,vidstg,search,3,clean,order2,24,True,0.2364944418398495,0.37888198757763975,0.5314368787114216,0.22111423368985905,0.37888198757763975,0.48008917004241725,0.22111423368985905,0.37888198757763975,0.48008917004241725,-0.015380208149990443,0.0,-0.0513477086690044,0.0,0.015380208149990443,-0.015380208149990443,0.0,-0.0513477086690044,0.0,0.015380208149990443
vidstg/search/clean/order2/00025,vidstg,search,5,clean,order2,25,False,0.4132158165378638,0.6312056737588653,0.6565548137098248,0.4151459325664265,0.6312056737588653,0.6597696728342717,0.4151459325664265,0.6312056737588653,0.6597696728342717,0.0019301160285626895,0.0,0.003214859124446856,0.0019301160285626895,0.0,0.0019301160285626895,0.0,0.003214859124446856,0.0019301160285626895,0.0
vidstg/search/clean/order2/00026,vidstg,search,2,clean,order2,26,False,0.39172955186689934,0.919047619047619,0.42817406838705924,0.0022797557386059412,0.919047619047619,0.002370860033742411,0.0022797557386059412,0.919047619047619,0.002370860033742411,-0.3894497961282934,0.0,-0.4258032083533168,0.0,0.3894497961282934,-0.3894497961282934,0.0,-0.4258032083533168,0.0,0.3894497961282934
vidstg/search/clean/order2/00027,vidstg,search,7,clean,order2,27,False,0.0,0.0,0.0,0.0,0.0,0.046613455858525714,0.0,0.0,0.046613455858525714,0.0,0.0,0.046613455858525714,0.0,-0.0,0.0,0.0,0.046613455858525714,0.0,-0.0
vidstg/search/clean/order2/00028,vidstg,search,6,clean,order2,28,True,0.7665127553539378,0.9733333333333334,0.7875131048156895,0.7497282377801187,0.9733333333333334,0.7702687374453273,0.7497282377801187,0.9733333333333334,0.7702687374453273,-0.016784517573819158,0.0,-0.017244367370362168,0.0,0.016784517573819158,-0.016784517573819158,0.0,-0.017244367370362168,0.0,0.016784517573819158
vidstg/search/clean/order2/00029,vidstg,search,9,clean,order2,29,False,0.06847092869118895,0.32941176470588235,0.20785817638396645,0.07585182713461927,0.32941176470588235,0.23026447523009422,0.07585182713461927,0.32941176470588235,0.23026447523009422,0.007380898443430317,0.0,0.02240629884612777,0.007380898443430317,0.0,0.007380898443430317,0.0,0.02240629884612777,0.007380898443430317,0.0
vidstg/search/clean/order2/00030,vidstg,search,25,clean,order2,30,False,0.08464559316537847,0.11174785100286533,0.7574695388388996,0.08420143425778817,0.11174785100286533,0.7534948860504633,0.08420143425778817,0.11174785100286533,0.7534948860504633,-0.00044415890759029464,0.0,-0.003974652788436228,0.0,0.00044415890759029464,-0.00044415890759029464,0.0,-0.003974652788436228,0.0,0.00044415890759029464
vidstg/search/clean/order2/00031,vidstg,search,29,clean,order2,31,False,0.0,0.0,0.0,0.0,0.0,0.0,0.0,0.0,0.0,0.0,0.0,0.0,0.0,-0.0,0.0,0.0,0.0,0.0,-0.0
vidstg/search/frame_drop_5/order1/00000,vidstg,search,8,frame_drop_5,order1,0,True,0.10744998081102573,0.8463476070528967,0.14001421581092033,0.10744998081102573,0.8463476070528967,0.14001421581092033,0.10744998081102573,0.8463476070528967,0.14001421581092033,0.0,0.0,0.0,0.0,-0.0,0.0,0.0,0.0,0.0,-0.0
vidstg/search/frame_drop_5/order1/00001,vidstg,search,15,frame_drop_5,order1,1,False,0.0,0.0,0.36574665186197225,0.0,0.0,0.3651377309288556,0.0,0.0,0.3651377309288556,0.0,0.0,-0.0006089209331166523,0.0,-0.0,0.0,0.0,-0.0006089209331166523,0.0,-0.0
vidstg/search/frame_drop_5/order1/00002,vidstg,search,19,frame_drop_5,order1,2,False,0.1719149008184836,0.2648221343873518,0.6992390595337773,0.17181930533088768,0.2648221343873518,0.6987687962551876,0.17181930533088768,0.2648221343873518,0.6987687962551876,-9.559548759591197e-05,0.0,-0.00047026327858967765,0.0,9.559548759591197e-05,-9.559548759591197e-05,0.0,-0.00047026327858967765,0.0,9.559548759591197e-05
vidstg/search/frame_drop_5/order1/00003,vidstg,search,27,frame_drop_5,order1,3,False,0.14280168126473083,0.5619834710743802,0.20743796571741638,0.15583426805846484,0.5619834710743802,0.22591878380073935,0.15583426805846484,0.5619834710743802,0.22591878380073935,0.013032586793734008,0.0,0.01848081808332297,0.013032586793734008,0.0,0.013032586793734008,0.0,0.01848081808332297,0.013032586793734008,0.0
vidstg/search/frame_drop_5/order1/00004,vidstg,search,7,frame_drop_5,order1,4,True,0.0,0.0,0.046401490235626494,0.0,0.0,0.04614164124045105,0.0,0.0,0.04614164124045105,0.0,0.0,-0.0002598489951754421,0.0,-0.0,0.0,0.0,-0.0002598489951754421,0.0,-0.0
vidstg/search/frame_drop_5/order1/00005,vidstg,search,1,frame_drop_5,order1,5,False,0.0,0.0,0.0,0.0,0.0,0.0,0.0,0.0,0.0,0.0,0.0,0.0,0.0,-0.0,0.0,0.0,0.0,0.0,-0.0
vidstg/search/frame_drop_5/order1/00006,vidstg,search,25,frame_drop_5,order1,6,False,0.31633966401165425,0.42857142857142855,0.73812588269386,0.3165844434697267,0.42857142857142855,0.7386970347626955,0.3165844434697267,0.42857142857142855,0.7386970347626955,0.0002447794580724416,0.0,0.0005711520688355121,0.0002447794580724416,0.0,0.0002447794580724416,0.0,0.0005711520688355121,0.0002447794580724416,0.0
vidstg/search/frame_drop_5/order1/00007,vidstg,search,3,frame_drop_5,order1,7,False,0.0036910298800096994,0.00641025641025641,0.4393833199176003,0.0043844648646539025,0.00641025641025641,0.43440672317160317,0.0043844648646539025,0.00641025641025641,0.43440672317160317,0.0006934349846442031,0.0,-0.004976596745997153,0.0006934349846442031,0.0,0.0006934349846442031,0.0,-0.004976596745997153,0.0006934349846442031,0.0
vidstg/search/frame_drop_5/order1/00008,vidstg,search,4,frame_drop_5,order1,8,True,0.06720724245987138,0.2251655629139073,0.28532198839860184,0.06766446309416016,0.2251655629139073,0.2866187352350866,0.06766446309416016,0.2251655629139073,0.2866187352350866,0.00045722063428878246,0.0,0.00129674683648473,0.00045722063428878246,0.0,0.00045722063428878246,0.0,0.00129674683648473,0.00045722063428878246,0.0
vidstg/search/frame_drop_5/order1/00009,vidstg,search,6,frame_drop_5,order1,9,False,0.4093790559151475,0.5986842105263158,0.7267380659715484,0.41296529005041505,0.5986842105263158,0.7348858426016306,0.41296529005041505,0.5986842105263158,0.7348858426016306,0.003586234135267541,0.0,0.008147776630082149,0.003586234135267541,0.0,0.003586234135267541,0.0,0.008147776630082149,0.003586234135267541,0.0
vidstg/search/frame_drop_5/order1/00010,vidstg,search,20,frame_drop_5,order1,10,False,0.2735855263581966,0.4742268041237113,0.5769086099292406,0.27533226561749075,0.4742268041237113,0.5805919514107957,0.27533226561749075,0.4742268041237113,0.5805919514107957,0.0017467392592941389,0.0,0.0036833414815550247,0.0017467392592941389,0.0,0.0017467392592941389,0.0,0.0036833414815550247,0.0017467392592941389,0.0
vidstg/search/frame_drop_5/order1/00011,vidstg,search,17,frame_drop_5,order1,11,False,0.0405306296178974,0.25,0.13662456425790676,0.04688850637510012,0.25,0.13901404718744986,0.04688850637510012,0.25,0.13901404718744986,0.0063578767572027226,0.0,0.0023894829295431075,0.0063578767572027226,0.0,0.0063578767572027226,0.0,0.0023894829295431075,0.0063578767572027226,0.0
vidstg/search/frame_drop_5/order1/00012,vidstg,search,24,frame_drop_5,order1,12,True,0.0005701999306633481,0.7376093294460642,0.0005701999306633482,0.0005510438035340266,0.7376093294460642,0.0005510438035340266,0.0005510438035340266,0.7376093294460642,0.0005510438035340266,-1.9156127129321492e-05,0.0,-1.91561271293216e-05,0.0,1.9156127129321492e-05,-1.9156127129321492e-05,0.0,-1.91561271293216e-05,0.0,1.9156127129321492e-05
vidstg/search/frame_drop_5/order1/00013,vidstg,search,2,frame_drop_5,order1,13,False,0.12212823191269072,0.46190476190476193,0.2597748684962121,0.0,0.46190476190476193,0.0003825443790002564,0.0,0.46190476190476193,0.0003825443790002564,-0.12212823191269072,0.0,-0.25939232411721186,0.0,0.12212823191269072,-0.12212823191269072,0.0,-0.25939232411721186,0.0,0.12212823191269072
vidstg/search/frame_drop_5/order1/00014,vidstg,search,0,frame_drop_5,order1,14,False,0.02744792501185828,0.144136078782453,0.03401297532946126,0.019716318391719008,0.144136078782453,0.0197668665958742,0.019716318391719008,0.144136078782453,0.0197668665958742,-0.007731606620139272,0.0,-0.014246108733587056,0.0,0.007731606620139272,-0.007731606620139272,0.0,-0.014246108733587056,0.0,0.007731606620139272
vidstg/search/frame_drop_5/order1/00015,vidstg,search,9,frame_drop_5,order1,15,False,0.05568265132701923,0.390625,0.17530588528209243,0.0555241943293156,0.390625,0.17508288738851058,0.0555241943293156,0.390625,0.17508288738851058,-0.0001584569977036293,0.0,-0.00022299789358184996,0.0,0.0001584569977036293,-0.0001584569977036293,0.0,-0.00022299789358184996,0.0,0.0001584569977036293
vidstg/search/frame_drop_5/order1/00016,vidstg,search,26,frame_drop_5,order1,16,True,0.26038272310722926,0.8486720197652872,0.3232675540793762,0.2591157555618557,0.8486720197652872,0.3118815704417563,0.2591157555618557,0.8486720197652872,0.3118815704417563,-0.0012669675453735874,0.0,-0.01138598363761989,0.0,0.0012669675453735874,-0.0012669675453735874,0.0,-0.01138598363761989,0.0,0.0012669675453735874
vidstg/search/frame_drop_5/order1/00017,vidstg,search,22,frame_drop_5,order1,17,False,0.4826033549786981,0.6785714285714286,0.711204944179134,0.4885105139218279,0.6785714285714286,0.7199102310426938,0.4885105139218279,0.6785714285714286,0.7199102310426938,0.00590715894312982,0.0,0.008705286863559758,0.00590715894312982,0.0,0.00590715894312982,0.0,0.008705286863559758,0.00590715894312982,0.0
vidstg/search/frame_drop_5/order1/00018,vidstg,search,5,frame_drop_5,order1,18,False,0.40872148545807263,0.6312056737588653,0.6496739889990882,0.4073202364411185,0.6312056737588653,0.6474934577099645,0.4073202364411185,0.6312056737588653,0.6474934577099645,-0.0014012490169541536,0.0,-0.002180531289123766,0.0,0.0014012490169541536,-0.0014012490169541536,0.0,-0.002180531289123766,0.0,0.0014012490169541536
vidstg/search/frame_drop_5/order1/00019,vidstg,search,13,frame_drop_5,order1,19,False,0.03285663994750834,0.05448717948717949,0.6030159802130942,0.03296370043580951,0.05448717948717949,0.6049808550572099,0.03296370043580951,0.05448717948717949,0.6049808550572099,0.00010706048830116943,0.0,0.0019648748441156716,0.00010706048830116943,0.0,0.00010706048830116943,0.0,0.0019648748441156716,0.00010706048830116943,0.0
vidstg/search/frame_drop_5/order1/00020,vidstg,search,18,frame_drop_5,order1,20,True,0.004384360846542441,0.2616279069767442,0.016758001457895553,0.010036992972861222,0.2616279069767442,0.038363617585158445,0.010036992972861222,0.2616279069767442,0.038363617585158445,0.005652632126318781,0.0,0.021605616127262892,0.005652632126318781,0.0,0.005652632126318781,0.0,0.021605616127262892,0.005652632126318781,0.0
vidstg/search/frame_drop_5/order1/00021,vidstg,search,10,frame_drop_5,order1,21,False,0.21650889554464392,0.7914110429447853,0.2517658771575581,0.22454616626042476,0.7914110429447853,0.2600726535203968,0.22454616626042476,0.7914110429447853,0.2600726535203968,0.008037270715780837,0.0,0.00830677636283872,0.008037270715780837,0.0,0.008037270715780837,0.0,0.00830677636283872,0.008037270715780837,0.0
vidstg/search/frame_drop_5/order1/00022,vidstg,search,28,frame_drop_5,order1,22,False,0.5989217511583381,0.8521739130434782,0.7010468497196389,0.5981931833694095,0.8521739130434782,0.6997514792182797,0.5981931833694095,0.8521739130434782,0.6997514792182797,-0.0007285677889286024,0.0,-0.0012953705013591943,0.0,0.0007285677889286024,-0.0007285677889286024,0.0,-0.0012953705013591943,0.0,0.0007285677889286024
vidstg/search/frame_drop_5/order1/00023,vidstg,search,31,frame_drop_5,order1,23,False,0.0,0.8921832884097035,0.0,0.0,0.8921832884097035,0.0,0.0,0.8921832884097035,0.0,0.0,0.0,0.0,0.0,-0.0,0.0,0.0,0.0,0.0,-0.0
vidstg/search/frame_drop_5/order1/00024,vidstg,search,23,frame_drop_5,order1,24,True,0.0,0.0,0.2506005205645282,0.0,0.0,0.24772122005954852,0.0,0.0,0.24772122005954852,0.0,0.0,-0.0028793005049796705,0.0,-0.0,0.0,0.0,-0.0028793005049796705,0.0,-0.0
vidstg/search/frame_drop_5/order1/00025,vidstg,search,21,frame_drop_5,order1,25,False,0.32122048829306177,0.810126582278481,0.39650654023674814,0.33148892795056245,0.810126582278481,0.4091816454389755,0.33148892795056245,0.810126582278481,0.4091816454389755,0.010268439657500683,0.0,0.012675105202227366,0.010268439657500683,0.0,0.010268439657500683,0.0,0.012675105202227366,0.010268439657500683,0.0
vidstg/search/frame_drop_5/order1/00026,vidstg,search,11,frame_drop_5,order1,26,False,0.6501743246686493,0.84375,0.743056371049885,0.6384102131289738,0.84375,0.7296116721473986,0.6384102131289738,0.84375,0.7296116721473986,-0.011764111539675493,0.0,-0.01344469890248634,0.0,0.011764111539675493,-0.011764111539675493,0.0,-0.01344469890248634,0.0,0.011764111539675493
vidstg/search/frame_drop_5/order1/00027,vidstg,search,12,frame_drop_5,order1,27,False,0.3412405603387737,0.7593984962406015,0.43508354941782407,0.38084219966439764,0.7593984962406015,0.4924666968378016,0.38084219966439764,0.7593984962406015,0.4924666968378016,0.03960163932562394,0.0,0.05738314741997752,0.03960163932562394,0.0,0.03960163932562394,0.0,0.05738314741997752,0.03960163932562394,0.0
vidstg/search/frame_drop_5/order1/00028,vidstg,search,29,frame_drop_5,order1,28,True,0.0,0.0,0.0,0.0,0.0,0.0,0.0,0.0,0.0,0.0,0.0,0.0,0.0,-0.0,0.0,0.0,0.0,0.0,-0.0
vidstg/search/frame_drop_5/order1/00029,vidstg,search,16,frame_drop_5,order1,29,False,9.805126598928804e-05,0.10043668122270742,0.000976249561371607,6.75503104706096e-05,0.10043668122270742,0.0006725661346856347,6.75503104706096e-05,0.10043668122270742,0.0006725661346856347,-3.050095551867843e-05,0.0,-0.00030368342668597227,0.0,3.050095551867843e-05,-3.050095551867843e-05,0.0,-0.00030368342668597227,0.0,3.050095551867843e-05
vidstg/search/frame_drop_5/order1/00030,vidstg,search,30,frame_drop_5,order1,30,False,0.12028359442236838,0.22748815165876776,0.44376618410318713,0.05946156095794019,0.22748815165876776,0.263315878350418,0.05946156095794019,0.22748815165876776,0.263315878350418,-0.060822033464428195,0.0,-0.18045030575276916,0.0,0.060822033464428195,-0.060822033464428195,0.0,-0.18045030575276916,0.0,0.060822033464428195
vidstg/search/frame_drop_5/order1/00031,vidstg,search,14,frame_drop_5,order1,31,False,0.0,0.0,0.4642313634534377,0.0,0.0,0.3836110801182492,0.0,0.0,0.3836110801182492,0.0,0.0,-0.0806202833351885,0.0,-0.0,0.0,0.0,-0.0806202833351885,0.0,-0.0
vidstg/search/frame_drop_5/order2/00000,vidstg,search,1,frame_drop_5,order2,0,True,0.0,0.0,0.0,0.0,0.0,0.0,0.0,0.0,0.0,0.0,0.0,0.0,0.0,-0.0,0.0,0.0,0.0,0.0,-0.0
vidstg/search/frame_drop_5/order2/00001,vidstg,search,18,frame_drop_5,order2,1,False,0.0,0.0,0.016669236765884415,0.0,0.0,0.03982164327017081,0.0,0.0,0.03982164327017081,0.0,0.0,0.023152406504286398,0.0,-0.0,0.0,0.0,0.023152406504286398,0.0,-0.0
vidstg/search/frame_drop_5/order2/00002,vidstg,search,20,frame_drop_5,order2,2,False,0.3347822730599365,0.4742268041237113,0.7059539236263879,0.33474473580810066,0.4742268041237113,0.7058747689866471,0.33474473580810066,0.4742268041237113,0.7058747689866471,-3.7537251835861873e-05,0.0,-7.915463974073056e-05,0.0,3.7537251835861873e-05,-3.7537251835861873e-05,0.0,-7.915463974073056e-05,0.0,3.7537251835861873e-05
vidstg/search/frame_drop_5/order2/00003,vidstg,search,22,frame_drop_5,order2,3,False,0.47802111917033324,0.6785714285714286,0.7044521756194385,0.4779945314717767,0.6785714285714286,0.7044129937478815,0.4779945314717767,0.6785714285714286,0.7044129937478815,-2.6587698556568284e-05,0.0,-3.9181871557048e-05,0.0,2.6587698556568284e-05,-2.6587698556568284e-05,0.0,-3.9181871557048e-05,0.0,2.6587698556568284e-05
vidstg/search/frame_drop_5/order2/00004,vidstg,search,10,frame_drop_5,order2,4,True,0.226058824176299,0.7633136094674556,0.271452015870949,0.22591867087406375,0.7633136094674556,0.2712920556639462,0.22591867087406375,0.7633136094674556,0.2712920556639462,-0.0001401533022352408,0.0,-0.00015996020700281832,0.0,0.0001401533022352408,-0.0001401533022352408,0.0,-0.00015996020700281832,0.0,0.0001401533022352408
vidstg/search/frame_drop_5/order2/00005,vidstg,search,17,frame_drop_5,order2,5,False,0.037372201126482416,0.25,0.1639231384306468,0.046030935444460366,0.25,0.16061508178766234,0.046030935444460366,0.25,0.16061508178766234,0.00865873431797795,0.0,-0.003308056642984447,0.00865873431797795,0.0,0.00865873431797795,0.0,-0.003308056642984447,0.00865873431797795,0.0
vidstg/search/frame_drop_5/order2/00006,vidstg,search,16,frame_drop_5,order2,6,False,6.947236557322626e-05,0.10043668122270742,0.0006917031180986441,8.310348507200185e-05,0.10043668122270742,0.000827421655716888,8.310348507200185e-05,0.10043668122270742,0.000827421655716888,1.3631119498775586e-05,0.0,0.00013571853761824382,1.3631119498775586e-05,0.0,1.3631119498775586e-05,0.0,0.00013571853761824382,1.3631119498775586e-05,0.0
vidstg/search/frame_drop_5/order2/00007,vidstg,search,13,frame_drop_5,order2,7,False,0.032955147806518176,0.05448717948717949,0.6048238891549218,0.033161577699596274,0.05448717948717949,0.6086124848396492,0.033161577699596274,0.05448717948717949,0.6086124848396492,0.00020642989307809861,0.0,0.003788595684727447,0.00020642989307809861,0.0,0.00020642989307809861,0.0,0.003788595684727447,0.00020642989307809861,0.0
vidstg/search/frame_drop_5/order2/00008,vidstg,search,15,frame_drop_5,order2,8,True,0.004681927397274193,0.009828009828009828,0.4652113266455905,0.004651107602461606,0.009828009828009828,0.46244163183887554,0.004651107602461606,0.009828009828009828,0.46244163183887554,-3.081979481258778e-05,0.0,-0.002769694806714962,0.0,3.081979481258778e-05,-3.081979481258778e-05,0.0,-0.002769694806714962,0.0,3.081979481258778e-05
vidstg/search/frame_drop_5/order2/00009,vidstg,search,31,frame_drop_5,order2,9,False,0.0,0.8921832884097035,0.0,0.0,0.8921832884097035,0.0,0.0,0.8921832884097035,0.0,0.0,0.0,0.0,0.0,-0.0,0.0,0.0,0.0,0.0,-0.0
vidstg/search/frame_drop_5/order2/00010,vidstg,search,23,frame_drop_5,order2,10,False,0.0,0.0,0.13889115816260267,0.0,0.0,0.247868749914669,0.0,0.0,0.247868749914669,0.0,0.0,0.10897759175206634,0.0,-0.0,0.0,0.0,0.10897759175206634,0.0,-0.0
vidstg/search/frame_drop_5/order2/00011,vidstg,search,28,frame_drop_5,order2,11,False,0.5983238595553105,0.8521739130434782,0.6982791689167203,0.5950114226672042,0.8521739130434782,0.6944174585140637,0.5950114226672042,0.8521739130434782,0.6944174585140637,-0.0033124368881063404,0.0,-0.003861710402656593,0.0,0.0033124368881063404,-0.0033124368881063404,0.0,-0.003861710402656593,0.0,0.0033124368881063404
vidstg/search/frame_drop_5/order2/00012,vidstg,search,30,frame_drop_5,order2,12,True,0.10864907556873174,0.3127962085308057,0.33607456703654076,0.11057582616210267,0.3127962085308057,0.3436685270741694,0.11057582616210267,0.3127962085308057,0.3436685270741694,0.0019267505933709267,0.0,0.007593960037628633,0.0019267505933709267,0.0,0.0019267505933709267,0.0,0.007593960037628633,0.0019267505933709267,0.0
vidstg/search/frame_drop_5/order2/00013,vidstg,search,21,frame_drop_5,order2,13,False,0.37820660267878237,0.810126582278481,0.466848775181622,0.36606093151608254,0.810126582278481,0.4518564623401644,0.36606093151608254,0.810126582278481,0.4518564623401644,-0.012145671162699823,0.0,-0.014992312841457578,0.0,0.012145671162699823,-0.012145671162699823,0.0,-0.014992312841457578,0.0,0.012145671162699823
vidstg/search/frame_drop_5/order2/00014,vidstg,search,4,frame_drop_5,order2,14,False,0.20654456139300734,0.5048543689320388,0.4202651093922675,0.20716039934521943,0.5048543689320388,0.41938254480329445,0.20716039934521943,0.5048543689320388,0.41938254480329445,0.0006158379522120949,0.0,-0.0008825645889730671,0.0006158379522120949,0.0,0.0006158379522120949,0.0,-0.0008825645889730671,0.0006158379522120949,0.0
vidstg/search/frame_drop_5/order2/00015,vidstg,search,26,frame_drop_5,order2,15,False,0.2506604781645248,0.6744904261890056,0.3424591257821369,0.2582314047611822,0.6744904261890056,0.3496924556445934,0.2582314047611822,0.6744904261890056,0.3496924556445934,0.0075709265966574235,0.0,0.007233329862456506,0.0075709265966574235,0.0,0.0075709265966574235,0.0,0.007233329862456506,0.0075709265966574235,0.0
vidstg/search/frame_drop_5/order2/00016,vidstg,search,11,frame_drop_5,order2,16,True,0.5458614220357664,0.7105263157894737,0.7408119299056829,0.562417628520592,0.7105263157894737,0.7632810672779462,0.562417628520592,0.7105263157894737,0.7632810672779462,0.016556206484825586,0.0,0.022469137372263304,0.016556206484825586,0.0,0.016556206484825586,0.0,0.022469137372263304,0.016556206484825586,0.0
vidstg/search/frame_drop_5/order2/00017,vidstg,search,14,frame_drop_5,order2,17,False,0.0,0.0,0.3795322126051705,0.0,0.0,0.3599820309862826,0.0,0.0,0.3599820309862826,0.0,0.0,-0.019550181618887885,0.0,-0.0,0.0,0.0,-0.019550181618887885,0.0,-0.0
vidstg/search/frame_drop_5/order2/00018,vidstg,search,27,frame_drop_5,order2,18,False,0.164673468966136,0.5619834710743802,0.2360942771757602,0.15281954471931483,0.5619834710743802,0.22056997151165272,0.15281954471931483,0.5619834710743802,0.22056997151165272,-0.011853924246821163,0.0,-0.01552430566410748,0.0,0.011853924246821163,-0.011853924246821163,0.0,-0.01552430566410748,0.0,0.011853924246821163
vidstg/search/frame_drop_5/order2/00019,vidstg,search,0,frame_drop_5,order2,19,False,0.01604782721022382,0.144136078782453,0.01604782721022382,0.02860665312398179,0.144136078782453,0.028824742700061322,0.02860665312398179,0.144136078782453,0.028824742700061322,0.012558825913757968,0.0,0.0127769154898375,0.012558825913757968,0.0,0.012558825913757968,0.0,0.0127769154898375,0.012558825913757968,0.0
vidstg/search/frame_drop_5/order2/00020,vidstg,search,19,frame_drop_5,order2,20,True,0.6765207112704084,0.94140625,0.7186278094822595,0.6660926252471817,0.94140625,0.7075506724617366,0.6660926252471817,0.94140625,0.7075506724617366,-0.010428086023226646,0.0,-0.01107713702052282,0.0,0.010428086023226646,-0.010428086023226646,0.0,-0.01107713702052282,0.0,0.010428086023226646
vidstg/search/frame_drop_5/order2/00021,vidstg,search,12,frame_drop_5,order2,21,False,0.163137200478463,0.7593984962406015,0.20944902247724836,0.3824675759722465,0.7593984962406015,0.49346991637572035,0.3824675759722465,0.7593984962406015,0.49346991637572035,0.2193303754937835,0.0,0.28402089389847196,0.2193303754937835,0.0,0.2193303754937835,0.0,0.28402089389847196,0.2193303754937835,0.0
vidstg/search/frame_drop_5/order2/00022,vidstg,search,8,frame_drop_5,order2,22,False,0.09208895910948711,0.8161209068010076,0.11677448289667325,0.11749034801270763,0.8161209068010076,0.1575112837646598,0.11749034801270763,0.8161209068010076,0.1575112837646598,0.025401388903220523,0.0,0.04073680086798656,0.025401388903220523,0.0,0.025401388903220523,0.0,0.04073680086798656,0.025401388903220523,0.0
vidstg/search/frame_drop_5/order2/00023,vidstg,search,24,frame_drop_5,order2,23,False,0.002231294389619783,0.3177842565597668,0.012611704466753615,0.0015053679552859205,0.3177842565597668,0.0018516924166937783,0.0015053679552859205,0.3177842565597668,0.0018516924166937783,-0.0007259264343338625,0.0,-0.010760012050059836,0.0,0.0007259264343338625,-0.0007259264343338625,0.0,-0.010760012050059836,0.0,0.0007259264343338625
vidstg/search/frame_drop_5/order2/00024,vidstg,search,3,frame_drop_5,order2,24,True,0.06356513741148766,0.1346153846153846,0.46762513314098336,0.0763634876859129,0.1346153846153846,0.4480339554425883,0.0763634876859129,0.1346153846153846,0.4480339554425883,0.012798350274425246,0.0,-0.01959117769839508,0.012798350274425246,0.0,0.012798350274425246,0.0,-0.01959117769839508,0.012798350274425246,0.0
vidstg/search/frame_drop_5/order2/00025,vidstg,search,5,frame_drop_5,order2,25,False,0.4198559985835118,0.6312056737588653,0.667071421613524,0.41260060419683464,0.6312056737588653,0.6555873851722539,0.41260060419683464,0.6312056737588653,0.6555873851722539,-0.007255394386677161,0.0,-0.011484036441270051,0.0,0.007255394386677161,-0.007255394386677161,0.0,-0.011484036441270051,0.0,0.007255394386677161
vidstg/search/frame_drop_5/order2/00026,vidstg,search,2,frame_drop_5,order2,26,False,0.129838476192643,0.46190476190476193,0.25319153262676997,0.0003998717047735025,0.46190476190476193,0.00239950244171145,0.0003998717047735025,0.46190476190476193,0.00239950244171145,-0.12943860448786948,0.0,-0.2507920301850585,0.0,0.12943860448786948,-0.12943860448786948,0.0,-0.2507920301850585,0.0,0.12943860448786948
vidstg/search/frame_drop_5/order2/00027,vidstg,search,7,frame_drop_5,order2,27,False,0.0,0.0,0.0,0.0,0.0,0.04926866064935064,0.0,0.0,0.04926866064935064,0.0,0.0,0.04926866064935064,0.0,-0.0,0.0,0.0,0.04926866064935064,0.0,-0.0
vidstg/search/frame_drop_5/order2/00028,vidstg,search,6,frame_drop_5,order2,28,True,0.7733387925471695,0.9733333333333334,0.794526156726544,0.749753135615543,0.9733333333333334,0.7702943174132292,0.749753135615543,0.9733333333333334,0.7702943174132292,-0.02358565693162651,0.0,-0.02423183931331485,0.0,0.02358565693162651,-0.02358565693162651,0.0,-0.02423183931331485,0.0,0.02358565693162651
vidstg/search/frame_drop_5/order2/00029,vidstg,search,9,frame_drop_5,order2,29,False,0.07026728095852258,0.390625,0.21302283581596446,0.07068690283745858,0.390625,0.2142347842077958,0.07068690283745858,0.390625,0.2142347842077958,0.00041962187893600233,0.0,0.0012119483918313356,0.00041962187893600233,0.0,0.00041962187893600233,0.0,0.0012119483918313356,0.00041962187893600233,0.0
vidstg/search/frame_drop_5/order2/00030,vidstg,search,25,frame_drop_5,order2,30,False,0.32753242584298775,0.42857142857142855,0.7642423269669715,0.32306324609958015,0.42857142857142855,0.7538142408990204,0.32306324609958015,0.42857142857142855,0.7538142408990204,-0.004469179743407603,0.0,-0.010428086067951092,0.0,0.004469179743407603,-0.004469179743407603,0.0,-0.010428086067951092,0.0,0.004469179743407603
vidstg/search/frame_drop_5/order2/00031,vidstg,search,29,frame_drop_5,order2,31,False,0.0,0.0,0.0,0.0,0.0,0.0,0.0,0.0,0.0,0.0,0.0,0.0,0.0,-0.0,0.0,0.0,0.0,0.0,-0.0
vidstg/search/frame_freeze_5/order1/00000,vidstg,search,8,frame_freeze_5,order1,0,True,0.08226162334090968,0.7871794871794872,0.14683019976287823,0.08226162334090968,0.7871794871794872,0.14683019976287823,0.08226162334090968,0.7871794871794872,0.14683019976287823,0.0,0.0,0.0,0.0,-0.0,0.0,0.0,0.0,0.0,-0.0
vidstg/search/frame_freeze_5/order1/00001,vidstg,search,15,frame_freeze_5,order1,1,False,0.0,0.0,0.3634391316202783,0.0,0.0,0.36281283050978697,0.0,0.0,0.36281283050978697,0.0,0.0,-0.0006263011104913341,0.0,-0.0,0.0,0.0,-0.0006263011104913341,0.0,-0.0
vidstg/search/frame_freeze_5/order1/00002,vidstg,search,19,frame_freeze_5,order1,2,False,0.5652566903542433,0.8087248322147651,0.6989481067450809,0.5649025177797486,0.8087248322147651,0.6985101672131332,0.5649025177797486,0.8087248322147651,0.6985101672131332,-0.00035417257449466,0.0,-0.0004379395319477064,0.0,0.00035417257449466,-0.00035417257449466,0.0,-0.0004379395319477064,0.0,0.00035417257449466
vidstg/search/frame_freeze_5/order1/00003,vidstg,search,27,frame_freeze_5,order1,3,False,0.08991054297534605,0.35883905013192613,0.20456634611761004,0.09187424142271142,0.35883905013192613,0.2089809109113325,0.09187424142271142,0.35883905013192613,0.2089809109113325,0.001963698447365367,0.0,0.004414564793722459,0.001963698447365367,0.0,0.001963698447365367,0.0,0.004414564793722459,0.001963698447365367,0.0
vidstg/search/frame_freeze_5/order1/00004,vidstg,search,7,frame_freeze_5,order1,4,True,0.0,0.0,0.046350178321729295,0.0,0.0,0.046028558986042925,0.0,0.0,0.046028558986042925,0.0,0.0,-0.00032161933568636975,0.0,-0.0,0.0,0.0,-0.00032161933568636975,0.0,-0.0
vidstg/search/frame_freeze_5/order1/00005,vidstg,search,1,frame_freeze_5,order1,5,False,0.0,0.0,0.0,0.0,0.0,0.0,0.0,0.0,0.0,0.0,0.0,0.0,0.0,-0.0,0.0,0.0,0.0,0.0,-0.0
vidstg/search/frame_freeze_5/order1/00006,vidstg,search,25,frame_freeze_5,order1,6,False,0.08249227525281667,0.11174785100286533,0.7382001041854621,0.08254328702534494,0.11174785100286533,0.7386565941498817,0.08254328702534494,0.11174785100286533,0.7386565941498817,5.101177252826716e-05,0.0,0.0004564899644196041,5.101177252826716e-05,0.0,5.101177252826716e-05,0.0,0.0004564899644196041,5.101177252826716e-05,0.0
vidstg/search/frame_freeze_5/order1/00007,vidstg,search,3,frame_freeze_5,order1,7,False,0.10342491061850531,0.19254658385093168,0.4580658220851285,0.11129635518726202,0.19254658385093168,0.42674445923624527,0.11129635518726202,0.19254658385093168,0.42674445923624527,0.007871444568756714,0.0,-0.03132136284888326,0.007871444568756714,0.0,0.007871444568756714,0.0,-0.03132136284888326,0.007871444568756714,0.0
vidstg/search/frame_freeze_5/order1/00008,vidstg,search,4,frame_freeze_5,order1,8,True,0.04957346464918356,0.2251655629139073,0.24863974194411065,0.04964816614942456,0.2251655629139073,0.24900651970364432,0.04964816614942456,0.2251655629139073,0.24900651970364432,7.470150024099786e-05,0.0,0.00036677775953367076,7.470150024099786e-05,0.0,7.470150024099786e-05,0.0,0.00036677775953367076,7.470150024099786e-05,0.0
vidstg/search/frame_freeze_5/order1/00009,vidstg,search,6,frame_freeze_5,order1,9,False,0.4102873350391204,0.5986842105263158,0.7285388575101143,0.4121960913324518,0.5986842105263158,0.7343904690470031,0.4121960913324518,0.5986842105263158,0.7343904690470031,0.0019087562933313706,0.0,0.0058516115368888455,0.0019087562933313706,0.0,0.0019087562933313706,0.0,0.0058516115368888455,0.0019087562933313706,0.0
vidstg/search/frame_freeze_5/order1/00010,vidstg,search,20,frame_freeze_5,order1,10,False,0.27416679864640064,0.4742268041237113,0.5781343362761057,0.27496074656545944,0.4742268041237113,0.5798085308010775,0.27496074656545944,0.4742268041237113,0.5798085308010775,0.0007939479190587906,0.0,0.0016741945249718615,0.0007939479190587906,0.0,0.0007939479190587906,0.0,0.0016741945249718615,0.0007939479190587906,0.0
vidstg/search/frame_freeze_5/order1/00011,vidstg,search,17,frame_freeze_5,order1,11,False,0.20935254635411732,0.3951612903225806,0.5733300892524573,0.2115764819828056,0.3951612903225806,0.5760303765642574,0.2115764819828056,0.3951612903225806,0.5760303765642574,0.0022239356286882783,0.0,0.0027002873118000537,0.0022239356286882783,0.0,0.0022239356286882783,0.0,0.0027002873118000537,0.0022239356286882783,0.0
vidstg/search/frame_freeze_5/order1/00012,vidstg,search,24,frame_freeze_5,order1,12,True,0.0005216586981208393,0.8775510204081632,0.0005216586981208393,0.0005151245507579878,0.8775510204081632,0.0005151245507579878,0.0005151245507579878,0.8775510204081632,0.0005151245507579878,-6.534147362851511e-06,0.0,-6.534147362851511e-06,0.0,6.534147362851511e-06,-6.534147362851511e-06,0.0,-6.534147362851511e-06,0.0,6.534147362851511e-06
vidstg/search/frame_freeze_5/order1/00013,vidstg,search,2,frame_freeze_5,order1,13,False,0.23551017562638377,0.919047619047619,0.2604314196326451,0.00038839893862120065,0.919047619047619,0.00038839893862120065,0.00038839893862120065,0.919047619047619,0.00038839893862120065,-0.23512177668776257,0.0,-0.2600430206940239,0.0,0.23512177668776257,-0.23512177668776257,0.0,-0.2600430206940239,0.0,0.23512177668776257
vidstg/search/frame_freeze_5/order1/00014,vidstg,search,0,frame_freeze_5,order1,14,False,0.02689933325780365,0.144136078782453,0.02970786792362968,0.01993060807973743,0.144136078782453,0.019985494263475356,0.01993060807973743,0.144136078782453,0.019985494263475356,-0.00696872517806622,0.0,-0.009722373660154323,0.0,0.00696872517806622,-0.00696872517806622,0.0,-0.009722373660154323,0.0,0.00696872517806622
vidstg/search/frame_freeze_5/order1/00015,vidstg,search,9,frame_freeze_5,order1,15,False,0.03559350957014375,0.2014388489208633,0.17669635108035647,0.035661596536222265,0.2014388489208633,0.17703435423338912,0.035661596536222265,0.2014388489208633,0.17703435423338912,6.808696607851772e-05,0.0,0.0003380031530326455,6.808696607851772e-05,0.0,6.808696607851772e-05,0.0,0.0003380031530326455,6.808696607851772e-05,0.0
vidstg/search/frame_freeze_5/order1/00016,vidstg,search,26,frame_freeze_5,order1,16,True,0.23441550285056245,0.6670784434836319,0.3259077374702989,0.2253614214884321,0.6670784434836319,0.2817993240485215,0.2253614214884321,0.6670784434836319,0.2817993240485215,-0.009054081362130345,0.0,-0.044108413421777404,0.0,0.009054081362130345,-0.009054081362130345,0.0,-0.044108413421777404,0.0,0.009054081362130345
vidstg/search/frame_freeze_5/order1/00017,vidstg,search,22,frame_freeze_5,order1,17,False,0.48302407616879206,0.6785714285714286,0.7118249543540094,0.49356023182138264,0.6785714285714286,0.7273519205788798,0.49356023182138264,0.6785714285714286,0.7273519205788798,0.010536155652590584,0.0,0.015526966224870375,0.010536155652590584,0.0,0.010536155652590584,0.0,0.015526966224870375,0.010536155652590584,0.0
vidstg/search/frame_freeze_5/order1/00018,vidstg,search,5,frame_freeze_5,order1,18,False,0.4077436092005547,0.6312056737588653,0.6481394657128291,0.4040203772921431,0.6312056737588653,0.6422637898814074,0.4040203772921431,0.6312056737588653,0.6422637898814074,-0.0037232319084116172,0.0,-0.005875675831421678,0.0,0.0037232319084116172,-0.0037232319084116172,0.0,-0.005875675831421678,0.0,0.0037232319084116172
vidstg/search/frame_freeze_5/order1/00019,vidstg,search,13,frame_freeze_5,order1,19,False,0.021189173468841426,0.0319634703196347,0.605101687330237,0.021155403447640584,0.0319634703196347,0.6000753202075672,0.021155403447640584,0.0319634703196347,0.6000753202075672,-3.3770021200842104e-05,0.0,-0.005026367122669795,0.0,3.3770021200842104e-05,-3.3770021200842104e-05,0.0,-0.005026367122669795,0.0,3.3770021200842104e-05
vidstg/search/frame_freeze_5/order1/00020,vidstg,search,18,frame_freeze_5,order1,20,True,0.011138315732986362,0.2616279069767442,0.04257311791274787,0.011820966216011423,0.2616279069767442,0.04518235975897699,0.011820966216011423,0.2616279069767442,0.04518235975897699,0.0006826504830250608,0.0,0.0026092418462291198,0.0006826504830250608,0.0,0.0006826504830250608,0.0,0.0026092418462291198,0.0006826504830250608,0.0
vidstg/search/frame_freeze_5/order1/00021,vidstg,search,10,frame_freeze_5,order1,21,False,0.22328631381694292,0.8282208588957055,0.25198409590934906,0.2195791558339019,0.8282208588957055,0.24731291033064715,0.2195791558339019,0.8282208588957055,0.24731291033064715,-0.003707157983041026,0.0,-0.004671185578701914,0.0,0.003707157983041026,-0.003707157983041026,0.0,-0.004671185578701914,0.0,0.003707157983041026
vidstg/search/frame_freeze_5/order1/00022,vidstg,search,28,frame_freeze_5,order1,22,False,0.6092189557668434,0.859504132231405,0.7088028235364235,0.6098266836553639,0.859504132231405,0.7095098915605675,0.6098266836553639,0.859504132231405,0.7095098915605675,0.0006077278885204818,0.0,0.0007070680241439975,0.0006077278885204818,0.0,0.0006077278885204818,0.0,0.0007070680241439975,0.0006077278885204818,0.0
vidstg/search/frame_freeze_5/order1/00023,vidstg,search,31,frame_freeze_5,order1,23,False,0.0,0.9624664879356568,0.0,0.0,0.9624664879356568,0.0,0.0,0.9624664879356568,0.0,0.0,0.0,0.0,0.0,-0.0,0.0,0.0,0.0,0.0,-0.0
vidstg/search/frame_freeze_5/order1/00024,vidstg,search,23,frame_freeze_5,order1,24,True,0.0,0.0,0.2505858383786182,0.0,0.0,0.24600064765518176,0.0,0.0,0.24600064765518176,0.0,0.0,-0.004585190723436439,0.0,-0.0,0.0,0.0,-0.004585190723436439,0.0,-0.0
vidstg/search/frame_freeze_5/order1/00025,vidstg,search,21,frame_freeze_5,order1,25,False,0.2619742875625868,0.6597938144329897,0.3970547795870456,0.27467665829147936,0.6597938144329897,0.4163068102230234,0.27467665829147936,0.6597938144329897,0.4163068102230234,0.012702370728892576,0.0,0.0192520306359778,0.012702370728892576,0.0,0.012702370728892576,0.0,0.0192520306359778,0.012702370728892576,0.0
vidstg/search/frame_freeze_5/order1/00026,vidstg,search,11,frame_freeze_5,order1,26,False,0.6486014030555962,0.84375,0.7412587463492528,0.6302081787713075,0.84375,0.72023791859578,0.6302081787713075,0.84375,0.72023791859578,-0.01839322428428869,0.0,-0.021020827753472804,0.0,0.01839322428428869,-0.01839322428428869,0.0,-0.021020827753472804,0.0,0.01839322428428869
vidstg/search/frame_freeze_5/order1/00027,vidstg,search,12,frame_freeze_5,order1,27,False,0.15236193327817754,0.3542319749216301,0.43011908597998794,0.16122982887828366,0.3542319749216301,0.4551532337360397,0.16122982887828366,0.3542319749216301,0.4551532337360397,0.008867895600106118,0.0,0.025034147756051783,0.008867895600106118,0.0,0.008867895600106118,0.0,0.025034147756051783,0.008867895600106118,0.0
vidstg/search/frame_freeze_5/order1/00028,vidstg,search,29,frame_freeze_5,order1,28,True,0.0,0.0,0.0,0.0,0.0,0.0,0.0,0.0,0.0,0.0,0.0,0.0,0.0,-0.0,0.0,0.0,0.0,0.0,-0.0
vidstg/search/frame_freeze_5/order1/00029,vidstg,search,16,frame_freeze_5,order1,29,False,6.588472174970489e-05,0.11219512195121951,0.0005872333895082393,0.0002172590610038958,0.11219512195121951,0.0019364394567738539,0.0002172590610038958,0.11219512195121951,0.0019364394567738539,0.00015137433925419092,0.0,0.0013492060672656144,0.00015137433925419092,0.0,0.00015137433925419092,0.0,0.0013492060672656144,0.00015137433925419092,0.0
vidstg/search/frame_freeze_5/order1/00030,vidstg,search,30,frame_freeze_5,order1,30,False,0.08933160711086613,0.30414746543778803,0.28436269512908896,0.08659484322090595,0.30414746543778803,0.28271527935817725,0.08659484322090595,0.30414746543778803,0.28271527935817725,-0.002736763889960178,0.0,-0.0016474157709117088,0.0,0.002736763889960178,-0.002736763889960178,0.0,-0.0016474157709117088,0.0,0.002736763889960178
vidstg/search/frame_freeze_5/order1/00031,vidstg,search,14,frame_freeze_5,order1,31,False,0.0,0.0,0.38202620717632124,0.0,0.0,0.38472957051845535,0.0,0.0,0.38472957051845535,0.0,0.0,0.002703363342134113,0.0,-0.0,0.0,0.0,0.002703363342134113,0.0,-0.0
vidstg/search/frame_freeze_5/order2/00000,vidstg,search,1,frame_freeze_5,order2,0,True,0.0,0.0,0.0,0.0,0.0,0.0,0.0,0.0,0.0,0.0,0.0,0.0,0.0,-0.0,0.0,0.0,0.0,0.0,-0.0
vidstg/search/frame_freeze_5/order2/00001,vidstg,search,18,frame_freeze_5,order2,1,False,0.0,0.0,0.01490223442838634,0.0,0.0,0.04190536963078302,0.0,0.0,0.04190536963078302,0.0,0.0,0.02700313520239668,0.0,-0.0,0.0,0.0,0.02700313520239668,0.0,-0.0
vidstg/search/frame_freeze_5/order2/00002,vidstg,search,20,frame_freeze_5,order2,2,False,0.33621615023974644,0.4742268041237113,0.7089775342012045,0.33611763842477344,0.4742268041237113,0.7087698027652831,0.33611763842477344,0.4742268041237113,0.7087698027652831,-9.851181497300132e-05,0.0,-0.00020773143592134335,0.0,9.851181497300132e-05,-9.851181497300132e-05,0.0,-0.00020773143592134335,0.0,9.851181497300132e-05
vidstg/search/frame_freeze_5/order2/00003,vidstg,search,22,frame_freeze_5,order2,3,False,0.47440141093969695,0.6785714285714286,0.6991178687532377,0.47434939315302477,0.6785714285714286,0.6990412109623523,0.47434939315302477,0.6785714285714286,0.6990412109623523,-5.201778667218715e-05,0.0,-7.665779088539271e-05,0.0,5.201778667218715e-05,-5.201778667218715e-05,0.0,-7.665779088539271e-05,0.0,5.201778667218715e-05
vidstg/search/frame_freeze_5/order2/00004,vidstg,search,10,frame_freeze_5,order2,4,True,0.23125381493953293,0.7633136094674556,0.2764338220860148,0.2298150396070312,0.7633136094674556,0.2748065407396712,0.2298150396070312,0.7633136094674556,0.2748065407396712,-0.0014387753325017238,0.0,-0.0016272813463436009,0.0,0.0014387753325017238,-0.0014387753325017238,0.0,-0.0016272813463436009,0.0,0.0014387753325017238
vidstg/search/frame_freeze_5/order2/00005,vidstg,search,17,frame_freeze_5,order2,5,False,0.22073179708236895,0.3951612903225806,0.5498444688217848,0.22126539806493783,0.3951612903225806,0.5533205119521846,0.22126539806493783,0.3951612903225806,0.5533205119521846,0.0005336009825688826,0.0,0.003476043130399731,0.0005336009825688826,0.0,0.0005336009825688826,0.0,0.003476043130399731,0.0005336009825688826,0.0
vidstg/search/frame_freeze_5/order2/00006,vidstg,search,16,frame_freeze_5,order2,6,False,0.0,0.11219512195121951,0.0,8.794110851719953e-05,0.11219512195121951,0.0007838229237402567,8.794110851719953e-05,0.11219512195121951,0.0007838229237402567,8.794110851719953e-05,0.0,0.0007838229237402567,8.794110851719953e-05,0.0,8.794110851719953e-05,0.0,0.0007838229237402567,8.794110851719953e-05,0.0
vidstg/search/frame_freeze_5/order2/00007,vidstg,search,13,frame_freeze_5,order2,7,False,0.02110537679140753,0.0319634703196347,0.5994001450964186,0.02114079302138577,0.0319634703196347,0.6010147021670911,0.02114079302138577,0.0319634703196347,0.6010147021670911,3.541622997824123e-05,0.0,0.0016145570706724843,3.541622997824123e-05,0.0,3.541622997824123e-05,0.0,0.0016145570706724843,3.541622997824123e-05,0.0
vidstg/search/frame_freeze_5/order2/00008,vidstg,search,15,frame_freeze_5,order2,8,True,0.004663840950010955,0.009828009828009828,0.4632048448097572,0.004667839547132664,0.009828009828009828,0.4636291467756191,0.004667839547132664,0.009828009828009828,0.4636291467756191,3.998597121708698e-06,0.0,0.00042430196586190627,3.998597121708698e-06,0.0,3.998597121708698e-06,0.0,0.00042430196586190627,3.998597121708698e-06,0.0
vidstg/search/frame_freeze_5/order2/00009,vidstg,search,31,frame_freeze_5,order2,9,False,0.0,0.9624664879356568,0.0,0.0,0.9624664879356568,0.0,0.0,0.9624664879356568,0.0,0.0,0.0,0.0,0.0,-0.0,0.0,0.0,0.0,0.0,-0.0
vidstg/search/frame_freeze_5/order2/00010,vidstg,search,23,frame_freeze_5,order2,10,False,0.0,0.0,0.004771307610543235,0.0,0.0,0.24761129316062966,0.0,0.0,0.24761129316062966,0.0,0.0,0.24283998555008643,0.0,-0.0,0.0,0.0,0.24283998555008643,0.0,-0.0
vidstg/search/frame_freeze_5/order2/00011,vidstg,search,28,frame_freeze_5,order2,11,False,0.6107693560312217,0.859504132231405,0.7106066546132485,0.6105872303607475,0.859504132231405,0.710394758400485,0.6105872303607475,0.859504132231405,0.710394758400485,-0.00018212567047426464,0.0,-0.0002118962127634072,0.0,0.00018212567047426464,-0.00018212567047426464,0.0,-0.0002118962127634072,0.0,0.00018212567047426464
vidstg/search/frame_freeze_5/order2/00012,vidstg,search,30,frame_freeze_5,order2,12,True,0.10915052333768002,0.3127962085308057,0.33757463763882994,0.10349612264346385,0.3127962085308057,0.32111674004484886,0.10349612264346385,0.3127962085308057,0.32111674004484886,-0.0056544006942161745,0.0,-0.016457897593981086,0.0,0.0056544006942161745,-0.0056544006942161745,0.0,-0.016457897593981086,0.0,0.0056544006942161745
vidstg/search/frame_freeze_5/order2/00013,vidstg,search,21,frame_freeze_5,order2,13,False,0.31075842101653134,0.6597938144329897,0.4709932318531803,0.31220268084731456,0.6597938144329897,0.4731821881592111,0.31220268084731456,0.6597938144329897,0.4731821881592111,0.0014442598307832233,0.0,0.002188956306030776,0.0014442598307832233,0.0,0.0014442598307832233,0.0,0.002188956306030776,0.0014442598307832233,0.0
vidstg/search/frame_freeze_5/order2/00014,vidstg,search,4,frame_freeze_5,order2,14,False,0.22280485885816984,0.5048543689320388,0.4399491126780583,0.22270970884875813,0.5048543689320388,0.4400612817066126,0.22270970884875813,0.5048543689320388,0.4400612817066126,-9.51500094117097e-05,0.0,0.00011216902855426536,0.0,9.51500094117097e-05,-9.51500094117097e-05,0.0,0.00011216902855426536,0.0,9.51500094117097e-05
vidstg/search/frame_freeze_5/order2/00015,vidstg,search,26,frame_freeze_5,order2,15,False,0.24534314746378247,0.6744904261890056,0.29396865024893315,0.2488144710485156,0.6744904261890056,0.30671746771534225,0.2488144710485156,0.6744904261890056,0.30671746771534225,0.0034713235847331214,0.0,0.012748817466409101,0.0034713235847331214,0.0,0.0034713235847331214,0.0,0.012748817466409101,0.0034713235847331214,0.0
vidstg/search/frame_freeze_5/order2/00016,vidstg,search,11,frame_freeze_5,order2,16,True,0.5476522975246902,0.7105263157894737,0.7432424037835083,0.5489131337423571,0.7105263157894737,0.7449535386503418,0.5489131337423571,0.7105263157894737,0.7449535386503418,0.0012608362176668164,0.0,0.001711134866833497,0.0012608362176668164,0.0,0.0012608362176668164,0.0,0.001711134866833497,0.0012608362176668164,0.0
vidstg/search/frame_freeze_5/order2/00017,vidstg,search,14,frame_freeze_5,order2,17,False,0.0,0.0,0.4512117250601725,0.0,0.0,0.3643219342813147,0.0,0.0,0.3643219342813147,0.0,0.0,-0.08688979077885778,0.0,-0.0,0.0,0.0,-0.08688979077885778,0.0,-0.0
vidstg/search/frame_freeze_5/order2/00018,vidstg,search,27,frame_freeze_5,order2,18,False,0.1497734120907657,0.35883905013192613,0.3339563709382946,0.08858654119234649,0.35883905013192613,0.20014655876872023,0.08858654119234649,0.35883905013192613,0.20014655876872023,-0.061186870898419204,0.0,-0.13380981216957438,0.0,0.061186870898419204,-0.061186870898419204,0.0,-0.13380981216957438,0.0,0.061186870898419204
vidstg/search/frame_freeze_5/order2/00019,vidstg,search,0,frame_freeze_5,order2,19,False,0.00552577689096565,0.144136078782453,0.00552577689096565,0.029874081362989097,0.144136078782453,0.030095963231688262,0.029874081362989097,0.144136078782453,0.030095963231688262,0.02434830447202345,0.0,0.02457018634072261,0.02434830447202345,0.0,0.02434830447202345,0.0,0.02457018634072261,0.02434830447202345,0.0
vidstg/search/frame_freeze_5/order2/00020,vidstg,search,19,frame_freeze_5,order2,20,True,0.565624991663747,0.7850162866449512,0.7205264416629474,0.5584012608608161,0.7850162866449512,0.7113244277355625,0.5584012608608161,0.7850162866449512,0.7113244277355625,-0.007223730802930928,0.0,-0.009202013927384955,0.0,0.007223730802930928,-0.007223730802930928,0.0,-0.009202013927384955,0.0,0.007223730802930928
vidstg/search/frame_freeze_5/order2/00021,vidstg,search,12,frame_freeze_5,order2,21,False,0.08123789175492974,0.3542319749216301,0.2293352873435627,0.15650111472956296,0.3542319749216301,0.4418040318471733,0.15650111472956296,0.3542319749216301,0.4418040318471733,0.07526322297463323,0.0,0.2124687445036106,0.07526322297463323,0.0,0.07526322297463323,0.0,0.2124687445036106,0.07526322297463323,0.0
vidstg/search/frame_freeze_5/order2/00022,vidstg,search,8,frame_freeze_5,order2,22,False,0.07170685419918015,0.6794871794871795,0.16568507417220057,0.09702537972766442,0.6794871794871795,0.16117550100596248,0.09702537972766442,0.6794871794871795,0.16117550100596248,0.02531852552848428,0.0,-0.0045095731662380956,0.02531852552848428,0.0,0.02531852552848428,0.0,-0.0045095731662380956,0.02531852552848428,0.0
vidstg/search/frame_freeze_5/order2/00023,vidstg,search,24,frame_freeze_5,order2,23,False,0.0032976054580668764,0.7376093294460642,0.003377751496314099,0.0012858890675146602,0.7376093294460642,0.0014259519835059643,0.0012858890675146602,0.7376093294460642,0.0014259519835059643,-0.002011716390552216,0.0,-0.0019517995128081349,0.0,0.002011716390552216,-0.002011716390552216,0.0,-0.0019517995128081349,0.0,0.002011716390552216
vidstg/search/frame_freeze_5/order2/00024,vidstg,search,3,frame_freeze_5,order2,24,True,0.2267453399495282,0.37888198757763975,0.5148889335245187,0.20526313739243868,0.37888198757763975,0.4501429360686466,0.20526313739243868,0.37888198757763975,0.4501429360686466,-0.02148220255708952,0.0,-0.06474599745587212,0.0,0.02148220255708952,-0.02148220255708952,0.0,-0.06474599745587212,0.0,0.02148220255708952
vidstg/search/frame_freeze_5/order2/00025,vidstg,search,5,frame_freeze_5,order2,25,False,0.39623584818969276,0.6312056737588653,0.6318173708965279,0.4161802618706242,0.6312056737588653,0.6614240292382757,0.4161802618706242,0.6312056737588653,0.6614240292382757,0.019944413680931417,0.0,0.029606658341747805,0.019944413680931417,0.0,0.019944413680931417,0.0,0.029606658341747805,0.019944413680931417,0.0
vidstg/search/frame_freeze_5/order2/00026,vidstg,search,2,frame_freeze_5,order2,26,False,0.38089446741341304,0.919047619047619,0.4151428001246551,0.0024009143176217137,0.919047619047619,0.0025239516262542975,0.0024009143176217137,0.919047619047619,0.0025239516262542975,-0.3784935530957913,0.0,-0.4126188484984008,0.0,0.3784935530957913,-0.3784935530957913,0.0,-0.4126188484984008,0.0,0.3784935530957913
vidstg/search/frame_freeze_5/order2/00027,vidstg,search,7,frame_freeze_5,order2,27,False,0.0,0.0,0.00142053321303948,0.0,0.0,0.05045552031826372,0.0,0.0,0.05045552031826372,0.0,0.0,0.049034987105224234,0.0,-0.0,0.0,0.0,0.049034987105224234,0.0,-0.0
vidstg/search/frame_freeze_5/order2/00028,vidstg,search,6,frame_freeze_5,order2,28,True,0.7638761494079106,0.9733333333333334,0.7848042630903191,0.7618338869419867,0.9733333333333334,0.7827060482280686,0.7618338869419867,0.9733333333333334,0.7827060482280686,-0.002042262465923872,0.0,-0.0020982148622505914,0.0,0.002042262465923872,-0.002042262465923872,0.0,-0.0020982148622505914,0.0,0.002042262465923872
vidstg/search/frame_freeze_5/order2/00029,vidstg,search,9,frame_freeze_5,order2,29,False,0.040675957926878274,0.2014388489208633,0.20192707685128858,0.04298601445707962,0.2014388489208633,0.21339485748335954,0.04298601445707962,0.2014388489208633,0.21339485748335954,0.002310056530201346,0.0,0.011467780632070962,0.002310056530201346,0.0,0.002310056530201346,0.0,0.011467780632070962,0.002310056530201346,0.0
vidstg/search/frame_freeze_5/order2/00030,vidstg,search,25,frame_freeze_5,order2,30,False,0.08296668549454063,0.11174785100286533,0.7424454676306329,0.08482057686099556,0.11174785100286533,0.7590354185766014,0.08482057686099556,0.11174785100286533,0.7590354185766014,0.0018538913664549322,0.0,0.01658995094596849,0.0018538913664549322,0.0,0.0018538913664549322,0.0,0.01658995094596849,0.0018538913664549322,0.0
vidstg/search/frame_freeze_5/order2/00031,vidstg,search,29,frame_freeze_5,order2,31,False,0.0,0.0,0.0,0.0,0.0,0.0,0.0,0.0,0.0,0.0,0.0,0.0,0.0,-0.0,0.0,0.0,0.0,0.0,-0.0
vidstg/search/motion_blur_5/order1/00000,vidstg,search,8,motion_blur_5,order1,0,True,0.10187041858738255,0.8487179487179487,0.14621422699063716,0.10187041858738255,0.8487179487179487,0.14621422699063716,0.10187041858738255,0.8487179487179487,0.14621422699063716,0.0,0.0,0.0,0.0,-0.0,0.0,0.0,0.0,0.0,-0.0
vidstg/search/motion_blur_5/order1/00001,vidstg,search,15,motion_blur_5,order1,1,False,0.0,0.0,0.3769497873461536,0.0,0.0,0.37626396798991546,0.0,0.0,0.37626396798991546,0.0,0.0,-0.0006858193562381265,0.0,-0.0,0.0,0.0,-0.0006858193562381265,0.0,-0.0
vidstg/search/motion_blur_5/order1/00002,vidstg,search,19,motion_blur_5,order1,2,False,0.17263091081556545,0.2648221343873518,0.7012982696407887,0.1725190748635894,0.2648221343873518,0.7007619666692861,0.1725190748635894,0.2648221343873518,0.7007619666692861,-0.00011183595197605811,0.0,-0.0005363029715025336,0.0,0.00011183595197605811,-0.00011183595197605811,0.0,-0.0005363029715025336,0.0,0.00011183595197605811
vidstg/search/motion_blur_5/order1/00003,vidstg,search,27,motion_blur_5,order1,3,False,0.09191357567402288,0.3646112600536193,0.20548837615120216,0.09837303218314264,0.3646112600536193,0.219590426807729,0.09837303218314264,0.3646112600536193,0.219590426807729,0.0064594565091197625,0.0,0.014102050656526838,0.0064594565091197625,0.0,0.0064594565091197625,0.0,0.014102050656526838,0.0064594565091197625,0.0
vidstg/search/motion_blur_5/order1/00004,vidstg,search,7,motion_blur_5,order1,4,True,0.0,0.0,0.04675434541498979,0.0,0.0,0.04650635732957286,0.0,0.0,0.04650635732957286,0.0,0.0,-0.00024798808541692807,0.0,-0.0,0.0,0.0,-0.00024798808541692807,0.0,-0.0
vidstg/search/motion_blur_5/order1/00005,vidstg,search,1,motion_blur_5,order1,5,False,0.0,0.0,0.0,0.0,0.0,0.0,0.0,0.0,0.0,0.0,0.0,0.0,0.0,-0.0,0.0,0.0,0.0,0.0,-0.0
vidstg/search/motion_blur_5/order1/00006,vidstg,search,25,motion_blur_5,order1,6,False,0.08256510421690379,0.11174785100286533,0.7388518300435749,0.08263206441196423,0.11174785100286533,0.739451037942962,0.08263206441196423,0.11174785100286533,0.739451037942962,6.696019506044482e-05,0.0,0.0005992078993870553,6.696019506044482e-05,0.0,6.696019506044482e-05,0.0,0.0005992078993870553,6.696019506044482e-05,0.0
vidstg/search/motion_blur_5/order1/00007,vidstg,search,3,motion_blur_5,order1,7,False,0.0704048351919994,0.1346153846153846,0.4627331944114787,0.08273241631205543,0.1346153846153846,0.4361883579395089,0.08273241631205543,0.1346153846153846,0.4361883579395089,0.012327581120056025,0.0,-0.026544836471969813,0.012327581120056025,0.0,0.012327581120056025,0.0,-0.026544836471969813,0.012327581120056025,0.0
vidstg/search/motion_blur_5/order1/00008,vidstg,search,4,motion_blur_5,order1,8,True,0.05369832922217827,0.2251655629139073,0.2651430030630325,0.05361692867307517,0.2251655629139073,0.26545542354408275,0.05361692867307517,0.2251655629139073,0.26545542354408275,-8.140054910309863e-05,0.0,0.0003124204810502351,0.0,8.140054910309863e-05,-8.140054910309863e-05,0.0,0.0003124204810502351,0.0,8.140054910309863e-05
vidstg/search/motion_blur_5/order1/00009,vidstg,search,6,motion_blur_5,order1,9,False,0.40731274105828824,0.5986842105263158,0.7223595154603133,0.4120367008654828,0.5986842105263158,0.7320631995023476,0.4120367008654828,0.5986842105263158,0.7320631995023476,0.004723959807194533,0.0,0.009703684042034255,0.004723959807194533,0.0,0.004723959807194533,0.0,0.009703684042034255,0.004723959807194533,0.0
vidstg/search/motion_blur_5/order1/00010,vidstg,search,20,motion_blur_5,order1,10,False,0.2702374408385505,0.4742268041237113,0.5698485165508566,0.2724023448776124,0.4742268041237113,0.5744136402854,0.2724023448776124,0.4742268041237113,0.5744136402854,0.002164904039061888,0.0,0.00456512373454343,0.002164904039061888,0.0,0.002164904039061888,0.0,0.00456512373454343,0.002164904039061888,0.0
vidstg/search/motion_blur_5/order1/00011,vidstg,search,17,motion_blur_5,order1,11,False,0.06472874535136,0.3467741935483871,0.2098205584807808,0.16299598415793012,0.3467741935483871,0.39072176483101156,0.16299598415793012,0.3467741935483871,0.39072176483101156,0.09826723880657012,0.0,0.18090120635023077,0.09826723880657012,0.0,0.09826723880657012,0.0,0.18090120635023077,0.09826723880657012,0.0
vidstg/search/motion_blur_5/order1/00012,vidstg,search,24,motion_blur_5,order1,12,True,0.007183209192352537,0.7201166180758017,0.007183209192352537,0.006256603844333315,0.7201166180758017,0.006256603844333315,0.006256603844333315,0.7201166180758017,0.006256603844333315,-0.0009266053480192216,0.0,-0.0009266053480192216,0.0,0.0009266053480192216,-0.0009266053480192216,0.0,-0.0009266053480192216,0.0,0.0009266053480192216
vidstg/search/motion_blur_5/order1/00013,vidstg,search,2,motion_blur_5,order1,13,False,0.1828411623314749,0.861904761904762,0.22041600249734358,0.0002278030400364458,0.861904761904762,0.0002278030400364458,0.0002278030400364458,0.861904761904762,0.0002278030400364458,-0.18261335929143846,0.0,-0.22018819945730714,0.0,0.18261335929143846,-0.18261335929143846,0.0,-0.22018819945730714,0.0,0.18261335929143846
vidstg/search/motion_blur_5/order1/00014,vidstg,search,0,motion_blur_5,order1,14,False,0.028466618472529223,0.144136078782453,0.030884474222347264,0.020677731440004347,0.144136078782453,0.02073802274461994,0.020677731440004347,0.144136078782453,0.02073802274461994,-0.0077888870325248764,0.0,-0.010146451477727324,0.0,0.0077888870325248764,-0.0077888870325248764,0.0,-0.010146451477727324,0.0,0.0077888870325248764
vidstg/search/motion_blur_5/order1/00015,vidstg,search,9,motion_blur_5,order1,15,False,0.04717126002757894,0.28865979381443296,0.16341472223839845,0.05067691395643399,0.28865979381443296,0.17555930906336062,0.05067691395643399,0.28865979381443296,0.17555930906336062,0.003505653928855053,0.0,0.012144586824962167,0.003505653928855053,0.0,0.003505653928855053,0.0,0.012144586824962167,0.003505653928855053,0.0
vidstg/search/motion_blur_5/order1/00016,vidstg,search,26,motion_blur_5,order1,16,True,0.2417139510998666,0.8486720197652872,0.30180292963243666,0.25742949074084365,0.8486720197652872,0.3101479515395015,0.25742949074084365,0.8486720197652872,0.3101479515395015,0.01571553964097705,0.0,0.00834502190706482,0.01571553964097705,0.0,0.01571553964097705,0.0,0.00834502190706482,0.01571553964097705,0.0
vidstg/search/motion_blur_5/order1/00017,vidstg,search,22,motion_blur_5,order1,17,False,0.49693363098453275,0.6785714285714286,0.7323232456614166,0.48566354392686323,0.6785714285714286,0.7157146963132721,0.48566354392686323,0.6785714285714286,0.7157146963132721,-0.01127008705766952,0.0,-0.016608549348144486,0.0,0.01127008705766952,-0.01127008705766952,0.0,-0.016608549348144486,0.0,0.01127008705766952
vidstg/search/motion_blur_5/order1/00018,vidstg,search,5,motion_blur_5,order1,18,False,0.4026347281339664,0.6312056737588653,0.6400013930702554,0.4052797727959749,0.6312056737588653,0.6442215831768743,0.4052797727959749,0.6312056737588653,0.6442215831768743,0.002645044662008489,0.0,0.004220190106618893,0.002645044662008489,0.0,0.002645044662008489,0.0,0.004220190106618893,0.002645044662008489,0.0
vidstg/search/motion_blur_5/order1/00019,vidstg,search,13,motion_blur_5,order1,19,False,0.03702692365141069,0.05448717948717949,0.679552951720008,0.03722580427287277,0.05448717948717949,0.6832029960668414,0.03722580427287277,0.05448717948717949,0.6832029960668414,0.00019888062146207475,0.0,0.00365004434683347,0.00019888062146207475,0.0,0.00019888062146207475,0.0,0.00365004434683347,0.00019888062146207475,0.0
vidstg/search/motion_blur_5/order1/00020,vidstg,search,18,motion_blur_5,order1,20,True,0.007941445540529179,0.2616279069767442,0.030353969621578193,0.013685859641667405,0.2616279069767442,0.05231039685259541,0.013685859641667405,0.2616279069767442,0.05231039685259541,0.005744414101138226,0.0,0.02195642723101722,0.005744414101138226,0.0,0.005744414101138226,0.0,0.02195642723101722,0.005744414101138226,0.0
vidstg/search/motion_blur_5/order1/00021,vidstg,search,10,motion_blur_5,order1,21,False,0.2183288068520704,0.7914110429447853,0.2527771069057896,0.23552818613124857,0.7914110429447853,0.2716088828268974,0.23552818613124857,0.7914110429447853,0.2716088828268974,0.017199379279178167,0.0,0.018831775921107796,0.017199379279178167,0.0,0.017199379279178167,0.0,0.018831775921107796,0.017199379279178167,0.0
vidstg/search/motion_blur_5/order1/00022,vidstg,search,28,motion_blur_5,order1,22,False,0.6126023488462373,0.8521739130434782,0.7149039270556727,0.6067068663434817,0.8521739130434782,0.7080848415725465,0.6067068663434817,0.8521739130434782,0.7080848415725465,-0.005895482502755622,0.0,-0.006819085483126264,0.0,0.005895482502755622,-0.005895482502755622,0.0,-0.006819085483126264,0.0,0.005895482502755622
vidstg/search/motion_blur_5/order1/00023,vidstg,search,31,motion_blur_5,order1,23,False,0.0,0.9222520107238605,0.0,0.0,0.9222520107238605,0.0,0.0,0.9222520107238605,0.0,0.0,0.0,0.0,0.0,-0.0,0.0,0.0,0.0,0.0,-0.0
vidstg/search/motion_blur_5/order1/00024,vidstg,search,23,motion_blur_5,order1,24,True,0.0,0.0,0.2504069682594075,0.0,0.0,0.2452887962720415,0.0,0.0,0.2452887962720415,0.0,0.0,-0.005118171987365999,0.0,-0.0,0.0,0.0,-0.005118171987365999,0.0,-0.0
vidstg/search/motion_blur_5/order1/00025,vidstg,search,21,motion_blur_5,order1,25,False,0.2771070836892388,0.5871559633027523,0.4719480019082348,0.2515887363807667,0.5871559633027523,0.42848706664849323,0.2515887363807667,0.5871559633027523,0.42848706664849323,-0.025518347308472134,0.0,-0.043460935259741595,0.0,0.025518347308472134,-0.025518347308472134,0.0,-0.043460935259741595,0.0,0.025518347308472134
vidstg/search/motion_blur_5/order1/00026,vidstg,search,11,motion_blur_5,order1,26,False,0.6406530242946237,0.84375,0.7321748849081413,0.6455348163112855,0.84375,0.7377540757843263,0.6455348163112855,0.84375,0.7377540757843263,0.0048817920166618345,0.0,0.0055791908761849696,0.0048817920166618345,0.0,0.0048817920166618345,0.0,0.0055791908761849696,0.0048817920166618345,0.0
vidstg/search/motion_blur_5/order1/00027,vidstg,search,12,motion_blur_5,order1,27,False,0.0971266158844932,0.27228915662650605,0.35670394329260774,0.1090927209503368,0.27228915662650605,0.4006502583574316,0.1090927209503368,0.27228915662650605,0.4006502583574316,0.011966105065843599,0.0,0.04394631506482388,0.011966105065843599,0.0,0.011966105065843599,0.0,0.04394631506482388,0.011966105065843599,0.0
vidstg/search/motion_blur_5/order1/00028,vidstg,search,29,motion_blur_5,order1,28,True,0.0,0.0,0.0,0.0,0.0,0.0,0.0,0.0,0.0,0.0,0.0,0.0,0.0,-0.0,0.0,0.0,0.0,0.0,-0.0
vidstg/search/motion_blur_5/order1/00029,vidstg,search,16,motion_blur_5,order1,29,False,0.0001484457018888378,0.10043668122270742,0.0014780028579366893,4.245864834339291e-05,0.10043668122270742,0.00042274045524508594,4.245864834339291e-05,0.10043668122270742,0.00042274045524508594,-0.00010598705354544489,0.0,-0.0010552624026916033,0.0,0.00010598705354544489,-0.00010598705354544489,0.0,-0.0010552624026916033,0.0,0.00010598705354544489
vidstg/search/motion_blur_5/order1/00030,vidstg,search,30,motion_blur_5,order1,30,False,0.15233673853925994,0.3127962085308057,0.45588370480382917,0.08008005906863007,0.3127962085308057,0.2531196555620973,0.08008005906863007,0.3127962085308057,0.2531196555620973,-0.07225667947062987,0.0,-0.20276404924173186,0.0,0.07225667947062987,-0.07225667947062987,0.0,-0.20276404924173186,0.0,0.07225667947062987
vidstg/search/motion_blur_5/order1/00031,vidstg,search,14,motion_blur_5,order1,31,False,0.0,0.0,0.45969761391173364,0.0,0.0,0.3827279669307863,0.0,0.0,0.3827279669307863,0.0,0.0,-0.07696964698094733,0.0,-0.0,0.0,0.0,-0.07696964698094733,0.0,-0.0
vidstg/search/motion_blur_5/order2/00000,vidstg,search,1,motion_blur_5,order2,0,True,0.0,0.0,0.0,0.0,0.0,0.0,0.0,0.0,0.0,0.0,0.0,0.0,0.0,-0.0,0.0,0.0,0.0,0.0,-0.0
vidstg/search/motion_blur_5/order2/00001,vidstg,search,18,motion_blur_5,order2,1,False,0.0,0.0,0.030471570778809354,0.0,0.0,0.047188795273443614,0.0,0.0,0.047188795273443614,0.0,0.0,0.01671722449463426,0.0,-0.0,0.0,0.0,0.01671722449463426,0.0,-0.0
vidstg/search/motion_blur_5/order2/00002,vidstg,search,20,motion_blur_5,order2,2,False,0.33450899520197236,0.4742268041237113,0.7053776637954634,0.33444131782630376,0.4742268041237113,0.7052349528076406,0.33444131782630376,0.4742268041237113,0.7052349528076406,-6.767737566859555e-05,0.0,-0.00014271098782281388,0.0,6.767737566859555e-05,-6.767737566859555e-05,0.0,-0.00014271098782281388,0.0,6.767737566859555e-05
vidstg/search/motion_blur_5/order2/00003,vidstg,search,22,motion_blur_5,order2,3,False,0.4780193140592753,0.6785714285714286,0.7044495154557741,0.4779808534583109,0.6785714285714286,0.7043928366754055,0.4779808534583109,0.6785714285714286,0.7043928366754055,-3.846060096440729e-05,0.0,-5.667878036852425e-05,0.0,3.846060096440729e-05,-3.846060096440729e-05,0.0,-5.667878036852425e-05,0.0,3.846060096440729e-05
vidstg/search/motion_blur_5/order2/00004,vidstg,search,10,motion_blur_5,order2,4,True,0.250952141998507,0.7914110429447853,0.28924526653493665,0.24961794166959317,0.7914110429447853,0.28780059227787674,0.24961794166959317,0.7914110429447853,0.28780059227787674,-0.0013342003289138482,0.0,-0.001444674257059908,0.0,0.0013342003289138482,-0.0013342003289138482,0.0,-0.001444674257059908,0.0,0.0013342003289138482
vidstg/search/motion_blur_5/order2/00005,vidstg,search,17,motion_blur_5,order2,5,False,0.07311579101460954,0.3467741935483871,0.196929068753783,0.15070577209660652,0.3467741935483871,0.36150031375679875,0.15070577209660652,0.3467741935483871,0.36150031375679875,0.07758998108199698,0.0,0.16457124500301576,0.07758998108199698,0.0,0.07758998108199698,0.0,0.16457124500301576,0.07758998108199698,0.0
vidstg/search/motion_blur_5/order2/00006,vidstg,search,16,motion_blur_5,order2,6,False,7.530809946440707e-05,0.10043668122270742,0.000749806729449966,0.000101908179622381,0.10043668122270742,0.0010146510058054456,0.000101908179622381,0.10043668122270742,0.0010146510058054456,2.6600080157973937e-05,0.0,0.0002648442763554796,2.6600080157973937e-05,0.0,2.6600080157973937e-05,0.0,0.0002648442763554796,2.6600080157973937e-05,0.0
vidstg/search/motion_blur_5/order2/00007,vidstg,search,13,motion_blur_5,order2,7,False,0.03677006853734143,0.05448717948717949,0.6748389049206192,0.03696742738048963,0.05448717948717949,0.6784610201595744,0.03696742738048963,0.05448717948717949,0.6784610201595744,0.00019735884314819874,0.0,0.0036221152389552813,0.00019735884314819874,0.0,0.00019735884314819874,0.0,0.0036221152389552813,0.00019735884314819874,0.0
vidstg/search/motion_blur_5/order2/00008,vidstg,search,15,motion_blur_5,order2,8,True,0.00472173214913262,0.009828009828009828,0.46883533715677006,0.004696368135357076,0.009828009828009828,0.46658534215091685,0.004696368135357076,0.009828009828009828,0.46658534215091685,-2.5364013775544016e-05,0.0,-0.0022499950058532114,0.0,2.5364013775544016e-05,-2.5364013775544016e-05,0.0,-0.0022499950058532114,0.0,2.5364013775544016e-05
vidstg/search/motion_blur_5/order2/00009,vidstg,search,31,motion_blur_5,order2,9,False,0.0,0.9222520107238605,0.0,0.0,0.9222520107238605,0.0,0.0,0.9222520107238605,0.0,0.0,0.0,0.0,0.0,-0.0,0.0,0.0,0.0,0.0,-0.0
vidstg/search/motion_blur_5/order2/00010,vidstg,search,23,motion_blur_5,order2,10,False,0.0,0.0,0.08048455659741845,0.0,0.0,0.247740798049563,0.0,0.0,0.247740798049563,0.0,0.0,0.16725624145214457,0.0,-0.0,0.0,0.0,0.16725624145214457,0.0,-0.0
vidstg/search/motion_blur_5/order2/00011,vidstg,search,28,motion_blur_5,order2,11,False,0.5988808509273742,0.8521739130434782,0.6984696193439281,0.5946857470072731,0.8521739130434782,0.693558303197451,0.5946857470072731,0.8521739130434782,0.693558303197451,-0.00419510392010114,0.0,-0.004911316146477107,0.0,0.00419510392010114,-0.00419510392010114,0.0,-0.004911316146477107,0.0,0.00419510392010114
vidstg/search/motion_blur_5/order2/00012,vidstg,search,30,motion_blur_5,order2,12,True,0.11166115686503096,0.32195121951219513,0.33605814752154306,0.11251191247601888,0.32195121951219513,0.34046463488552536,0.11251191247601888,0.32195121951219513,0.34046463488552536,0.0008507556109879216,0.0,0.004406487363982303,0.0008507556109879216,0.0,0.0008507556109879216,0.0,0.004406487363982303,0.0008507556109879216,0.0
vidstg/search/motion_blur_5/order2/00013,vidstg,search,21,motion_blur_5,order2,13,False,0.27691003764031913,0.5871559633027523,0.47161240785616854,0.2538888215046593,0.5871559633027523,0.4324043991251229,0.2538888215046593,0.5871559633027523,0.4324043991251229,-0.023021216135659828,0.0,-0.03920800873104563,0.0,0.023021216135659828,-0.023021216135659828,0.0,-0.03920800873104563,0.0,0.023021216135659828
vidstg/search/motion_blur_5/order2/00014,vidstg,search,4,motion_blur_5,order2,14,False,0.2331841124359625,0.5048543689320388,0.4539290912197767,0.2199240242802148,0.5048543689320388,0.43638863574876585,0.2199240242802148,0.5048543689320388,0.43638863574876585,-0.013260088155747696,0.0,-0.017540455471010852,0.0,0.013260088155747696,-0.013260088155747696,0.0,-0.017540455471010852,0.0,0.013260088155747696
vidstg/search/motion_blur_5/order2/00015,vidstg,search,26,motion_blur_5,order2,15,False,0.24690784315570502,0.6744904261890056,0.3365438595358781,0.26161389933793694,0.6744904261890056,0.3549911732382952,0.26161389933793694,0.6744904261890056,0.3549911732382952,0.014706056182231919,0.0,0.01844731370241709,0.014706056182231919,0.0,0.014706056182231919,0.0,0.01844731370241709,0.014706056182231919,0.0
vidstg/search/motion_blur_5/order2/00016,vidstg,search,11,motion_blur_5,order2,16,True,0.5428135790371963,0.7105263157894737,0.7366755715504807,0.5619837989321611,0.7105263157894737,0.76269229855079,0.5619837989321611,0.7105263157894737,0.76269229855079,0.019170219894964813,0.0,0.026016727000309325,0.019170219894964813,0.0,0.019170219894964813,0.0,0.026016727000309325,0.019170219894964813,0.0
vidstg/search/motion_blur_5/order2/00017,vidstg,search,14,motion_blur_5,order2,17,False,0.0,0.0,0.4582793784340238,0.0,0.0,0.3593126464809514,0.0,0.0,0.3593126464809514,0.0,0.0,-0.09896673195307237,0.0,-0.0,0.0,0.0,-0.09896673195307237,0.0,-0.0
vidstg/search/motion_blur_5/order2/00018,vidstg,search,27,motion_blur_5,order2,18,False,0.14225750076752236,0.3646112600536193,0.31224416712957187,0.09626413613478634,0.3646112600536193,0.21428300986676077,0.09626413613478634,0.3646112600536193,0.21428300986676077,-0.045993364632736025,0.0,-0.0979611572628111,0.0,0.045993364632736025,-0.045993364632736025,0.0,-0.0979611572628111,0.0,0.045993364632736025
vidstg/search/motion_blur_5/order2/00019,vidstg,search,0,motion_blur_5,order2,19,False,0.0043092481138129,0.144136078782453,0.0043092481138129,0.028440202510747453,0.144136078782453,0.028663975268284965,0.028440202510747453,0.144136078782453,0.028663975268284965,0.02413095439693455,0.0,0.024354727154472067,0.02413095439693455,0.0,0.02413095439693455,0.0,0.024354727154472067,0.02413095439693455,0.0
vidstg/search/motion_blur_5/order2/00020,vidstg,search,19,motion_blur_5,order2,20,True,0.6409659329567389,0.8892988929889298,0.7207542233662915,0.6291929125061846,0.8892988929889298,0.7075156816978259,0.6291929125061846,0.8892988929889298,0.7075156816978259,-0.011773020450554283,0.0,-0.013238541668465609,0.0,0.011773020450554283,-0.011773020450554283,0.0,-0.013238541668465609,0.0,0.011773020450554283
vidstg/search/motion_blur_5/order2/00021,vidstg,search,12,motion_blur_5,order2,21,False,0.05080096493066159,0.27228915662650605,0.1865699154533147,0.10747071562217177,0.27228915662650605,0.3946933361345246,0.10747071562217177,0.27228915662650605,0.3946933361345246,0.05666975069151017,0.0,0.20812342068120993,0.05666975069151017,0.0,0.05666975069151017,0.0,0.20812342068120993,0.05666975069151017,0.0
vidstg/search/motion_blur_5/order2/00022,vidstg,search,8,motion_blur_5,order2,22,False,0.133268318735385,0.8463476070528967,0.15761284174447118,0.12347501613009668,0.8463476070528967,0.16389722530710057,0.12347501613009668,0.8463476070528967,0.16389722530710057,-0.009793302605288323,0.0,0.006284383562629392,0.0,0.009793302605288323,-0.009793302605288323,0.0,0.006284383562629392,0.0,0.009793302605288323
vidstg/search/motion_blur_5/order2/00023,vidstg,search,24,motion_blur_5,order2,23,False,0.012914189810880005,0.685131195335277,0.012914189810880005,0.008874548092177947,0.685131195335277,0.009340262053131376,0.008874548092177947,0.685131195335277,0.009340262053131376,-0.004039641718702058,0.0,-0.0035739277577486288,0.0,0.004039641718702058,-0.004039641718702058,0.0,-0.0035739277577486288,0.0,0.004039641718702058
vidstg/search/motion_blur_5/order2/00024,vidstg,search,3,motion_blur_5,order2,24,True,0.11943495360031113,0.19254658385093168,0.5095984249686838,0.1160463113744554,0.19254658385093168,0.44972920609970474,0.1160463113744554,0.19254658385093168,0.44972920609970474,-0.003388642225855734,0.0,-0.05986921886897906,0.0,0.003388642225855734,-0.003388642225855734,0.0,-0.05986921886897906,0.0,0.003388642225855734
vidstg/search/motion_blur_5/order2/00025,vidstg,search,5,motion_blur_5,order2,25,False,0.39204926264540546,0.6312056737588653,0.6249306695885436,0.4146445587183457,0.6312056737588653,0.6588965414213599,0.4146445587183457,0.6312056737588653,0.6588965414213599,0.022595296072940252,0.0,0.0339658718328163,0.022595296072940252,0.0,0.022595296072940252,0.0,0.0339658718328163,0.022595296072940252,0.0
vidstg/search/motion_blur_5/order2/00026,vidstg,search,2,motion_blur_5,order2,26,False,0.35215473926287,0.861904761904762,0.40994229312857156,0.0025952136374151323,0.861904761904762,0.002706965800287537,0.0025952136374151323,0.861904761904762,0.002706965800287537,-0.3495595256254549,0.0,-0.407235327328284,0.0,0.3495595256254549,-0.3495595256254549,0.0,-0.407235327328284,0.0,0.3495595256254549
vidstg/search/motion_blur_5/order2/00027,vidstg,search,7,motion_blur_5,order2,27,False,0.0,0.0,0.0,0.0,0.0,0.046089909207698156,0.0,0.0,0.046089909207698156,0.0,0.0,0.046089909207698156,0.0,-0.0,0.0,0.0,0.046089909207698156,0.0,-0.0
vidstg/search/motion_blur_5/order2/00028,vidstg,search,6,motion_blur_5,order2,28,True,0.7466886399394409,0.9733333333333334,0.7671458629514805,0.7519213829540231,0.9733333333333334,0.7725219687883799,0.7519213829540231,0.9733333333333334,0.7725219687883799,0.0052327430145822085,0.0,0.005376105836899403,0.0052327430145822085,0.0,0.0052327430145822085,0.0,0.005376105836899403,0.0052327430145822085,0.0
vidstg/search/motion_blur_5/order2/00029,vidstg,search,9,motion_blur_5,order2,29,False,0.05649816005520128,0.28865979381443296,0.1957257687626616,0.06273643227085762,0.28865979381443296,0.21733692608118532,0.06273643227085762,0.28865979381443296,0.21733692608118532,0.006238272215656343,0.0,0.021611157318523727,0.006238272215656343,0.0,0.006238272215656343,0.0,0.021611157318523727,0.006238272215656343,0.0
vidstg/search/motion_blur_5/order2/00030,vidstg,search,25,motion_blur_5,order2,30,False,0.08380878334595192,0.11174785100286533,0.7499811637881338,0.08482132171219359,0.11174785100286533,0.7590420840398863,0.08482132171219359,0.11174785100286533,0.7590420840398863,0.0010125383662416693,0.0,0.009060920251752425,0.0010125383662416693,0.0,0.0010125383662416693,0.0,0.009060920251752425,0.0010125383662416693,0.0
vidstg/search/motion_blur_5/order2/00031,vidstg,search,29,motion_blur_5,order2,31,False,0.0,0.0,0.0,0.0,0.0,0.0,0.0,0.0,0.0,0.0,0.0,0.0,0.0,-0.0,0.0,0.0,0.0,0.0,-0.0
vidstg/search/occlusion_5/order1/00000,vidstg,search,8,occlusion_5,order1,0,True,0.10916832492860544,0.8593350383631714,0.14293312425422175,0.10916832492860544,0.8593350383631714,0.14293312425422175,0.10916832492860544,0.8593350383631714,0.14293312425422175,0.0,0.0,0.0,0.0,-0.0,0.0,0.0,0.0,0.0,-0.0
vidstg/search/occlusion_5/order1/00001,vidstg,search,15,occlusion_5,order1,1,False,0.0,0.0,0.3656412123398336,0.0,0.0,0.36503602415788483,0.0,0.0,0.36503602415788483,0.0,0.0,-0.0006051881819487681,0.0,-0.0,0.0,0.0,-0.0006051881819487681,0.0,-0.0
vidstg/search/occlusion_5/order1/00002,vidstg,search,19,occlusion_5,order1,2,False,0.5704998795090411,0.8169491525423729,0.6983297280297391,0.570102120703996,0.8169491525423729,0.6978428448451404,0.570102120703996,0.8169491525423729,0.6978428448451404,-0.00039775880504511196,0.0,-0.0004868831845987742,0.0,0.00039775880504511196,-0.00039775880504511196,0.0,-0.0004868831845987742,0.0,0.00039775880504511196
vidstg/search/occlusion_5/order1/00003,vidstg,search,27,occlusion_5,order1,3,False,0.09218067974526811,0.37057220708446864,0.2031025190020285,0.09295964508123661,0.37057220708446864,0.20486663136394617,0.09295964508123661,0.37057220708446864,0.20486663136394617,0.0007789653359684956,0.0,0.0017641123619176746,0.0007789653359684956,0.0,0.0007789653359684956,0.0,0.0017641123619176746,0.0007789653359684956,0.0
vidstg/search/occlusion_5/order1/00004,vidstg,search,7,occlusion_5,order1,4,True,0.0,0.0,0.04637605717985372,0.0,0.0,0.04613278168471044,0.0,0.0,0.04613278168471044,0.0,0.0,-0.00024327549514328167,0.0,-0.0,0.0,0.0,-0.00024327549514328167,0.0,-0.0
vidstg/search/occlusion_5/order1/00005,vidstg,search,1,occlusion_5,order1,5,False,0.0,0.0,0.0,0.0,0.0,0.0,0.0,0.0,0.0,0.0,0.0,0.0,0.0,-0.0,0.0,0.0,0.0,0.0,-0.0
vidstg/search/occlusion_5/order1/00006,vidstg,search,25,occlusion_5,order1,6,False,0.08252886672931405,0.11174785100286533,0.7385275509879642,0.08258864697410044,0.11174785100286533,0.7390625075374628,0.08258864697410044,0.11174785100286533,0.7390625075374628,5.9780244786394876e-05,0.0,0.0005349565494986441,5.9780244786394876e-05,0.0,5.9780244786394876e-05,0.0,0.0005349565494986441,5.9780244786394876e-05,0.0
vidstg/search/occlusion_5/order1/00007,vidstg,search,3,occlusion_5,order1,7,False,0.10902974217950669,0.1987179487179487,0.4624748024152748,0.12059213347334787,0.1987179487179487,0.43910315376057474,0.12059213347334787,0.1987179487179487,0.43910315376057474,0.011562391293841179,0.0,-0.02337164865470004,0.011562391293841179,0.0,0.011562391293841179,0.0,-0.02337164865470004,0.011562391293841179,0.0
vidstg/search/occlusion_5/order1/00008,vidstg,search,4,occlusion_5,order1,8,True,0.040646166994737984,0.18543046357615894,0.25686595335341905,0.04072188285072188,0.18543046357615894,0.25727873021571745,0.04072188285072188,0.18543046357615894,0.25727873021571745,7.571585598389885e-05,0.0,0.00041277686229840294,7.571585598389885e-05,0.0,7.571585598389885e-05,0.0,0.00041277686229840294,7.571585598389885e-05,0.0
vidstg/search/occlusion_5/order1/00009,vidstg,search,6,occlusion_5,order1,9,False,0.4103782847974096,0.5986842105263158,0.7283635257911658,0.4120686909193717,0.5986842105263158,0.7339047112373465,0.4120686909193717,0.5986842105263158,0.7339047112373465,0.0016904061219620847,0.0,0.005541185446180652,0.0016904061219620847,0.0,0.0016904061219620847,0.0,0.005541185446180652,0.0016904061219620847,0.0
vidstg/search/occlusion_5/order1/00010,vidstg,search,20,occlusion_5,order1,10,False,0.27444121073196365,0.4742268041237113,0.5787129878478364,0.2741919248835901,0.4742268041237113,0.5781873198632226,0.2741919248835901,0.4742268041237113,0.5781873198632226,-0.0002492858483735261,0.0,-0.0005256679846138423,0.0,0.0002492858483735261,-0.0002492858483735261,0.0,-0.0005256679846138423,0.0,0.0002492858483735261
vidstg/search/occlusion_5/order1/00011,vidstg,search,17,occlusion_5,order1,11,False,0.05328505681371833,0.25,0.17829687616653364,0.06094448504853411,0.25,0.1906612534763831,0.06094448504853411,0.25,0.1906612534763831,0.007659428234815774,0.0,0.012364377309849461,0.007659428234815774,0.0,0.007659428234815774,0.0,0.012364377309849461,0.007659428234815774,0.0
vidstg/search/occlusion_5/order1/00012,vidstg,search,24,occlusion_5,order1,12,True,0.006099234290313754,0.8775510204081632,0.006099234290313754,0.005683822976594401,0.8775510204081632,0.005683822976594401,0.005683822976594401,0.8775510204081632,0.005683822976594401,-0.0004154113137193535,0.0,-0.0004154113137193535,0.0,0.0004154113137193535,-0.0004154113137193535,0.0,-0.0004154113137193535,0.0,0.0004154113137193535
vidstg/search/occlusion_5/order1/00013,vidstg,search,2,occlusion_5,order1,13,False,0.09074798711445857,0.8047619047619048,0.10808304103892495,6.009264695138803e-05,0.8047619047619048,6.009264695138803e-05,6.009264695138803e-05,0.8047619047619048,6.009264695138803e-05,-0.09068789446750718,0.0,-0.10802294839197356,0.0,0.09068789446750718,-0.09068789446750718,0.0,-0.10802294839197356,0.0,0.09068789446750718
vidstg/search/occlusion_5/order1/00014,vidstg,search,0,occlusion_5,order1,14,False,0.026728605896777054,0.144136078782453,0.029359459869951282,0.0199578977678789,0.144136078782453,0.020012274648186636,0.0199578977678789,0.144136078782453,0.020012274648186636,-0.006770708128898153,0.0,-0.009347185221764646,0.0,0.006770708128898153,-0.006770708128898153,0.0,-0.009347185221764646,0.0,0.006770708128898153
vidstg/search/occlusion_5/order1/00015,vidstg,search,9,occlusion_5,order1,15,False,0.03550680471852286,0.2014388489208633,0.17626592342409567,0.03543795201502714,0.2014388489208633,0.1759241189317419,0.03543795201502714,0.2014388489208633,0.1759241189317419,-6.88527034957212e-05,0.0,-0.00034180449235377,0.0,6.88527034957212e-05,-6.88527034957212e-05,0.0,-0.00034180449235377,0.0,6.88527034957212e-05
vidstg/search/occlusion_5/order1/00016,vidstg,search,26,occlusion_5,order1,16,True,0.23725017696988304,0.6744904261890056,0.3260377475516408,0.22754553506578,0.6744904261890056,0.3101153717386956,0.22754553506578,0.6744904261890056,0.3101153717386956,-0.009704641904103029,0.0,-0.0159223758129452,0.0,0.009704641904103029,-0.009704641904103029,0.0,-0.0159223758129452,0.0,0.009704641904103029
vidstg/search/occlusion_5/order1/00017,vidstg,search,22,occlusion_5,order1,17,False,0.48089141965757937,0.6785714285714286,0.708682092126959,0.48953625871621625,0.6785714285714286,0.7214218549502135,0.48953625871621625,0.6785714285714286,0.7214218549502135,0.008644839058636888,0.0,0.012739762823254508,0.008644839058636888,0.0,0.008644839058636888,0.0,0.012739762823254508,0.008644839058636888,0.0
vidstg/search/occlusion_5/order1/00018,vidstg,search,5,occlusion_5,order1,18,False,0.4087614155030706,0.6312056737588653,0.6497552167194489,0.404953994105082,0.6312056737588653,0.6437458916232199,0.404953994105082,0.6312056737588653,0.6437458916232199,-0.0038074213979886196,0.0,-0.006009325096228979,0.0,0.0038074213979886196,-0.0038074213979886196,0.0,-0.006009325096228979,0.0,0.0038074213979886196
vidstg/search/occlusion_5/order1/00019,vidstg,search,13,occlusion_5,order1,19,False,0.024074694559374093,0.0319634703196347,0.6560261788820129,0.022515189848816345,0.0319634703196347,0.6247604453772675,0.022515189848816345,0.0319634703196347,0.6247604453772675,-0.0015595047105577478,0.0,-0.031265733504745374,0.0,0.0015595047105577478,-0.0015595047105577478,0.0,-0.031265733504745374,0.0,0.0015595047105577478
vidstg/search/occlusion_5/order1/00020,vidstg,search,18,occlusion_5,order1,20,True,0.03951774572205641,0.2616279069767442,0.15104560587097116,0.03477903967563439,0.2616279069767442,0.13293321831575813,0.03477903967563439,0.2616279069767442,0.13293321831575813,-0.004738706046422014,0.0,-0.018112387555213022,0.0,0.004738706046422014,-0.004738706046422014,0.0,-0.018112387555213022,0.0,0.004738706046422014
vidstg/search/occlusion_5/order1/00021,vidstg,search,10,occlusion_5,order1,21,False,0.22736339078604315,0.7914110429447853,0.2634970236647044,0.22917253453940295,0.7914110429447853,0.2646634428767537,0.22917253453940295,0.7914110429447853,0.2646634428767537,0.0018091437533598043,0.0,0.0011664192120492967,0.0018091437533598043,0.0,0.0018091437533598043,0.0,0.0011664192120492967,0.0018091437533598043,0.0
vidstg/search/occlusion_5/order1/00022,vidstg,search,28,occlusion_5,order1,22,False,0.5974221607902607,0.8521739130434782,0.7046840203963984,0.5994210286592637,0.8521739130434782,0.7071521663574915,0.5994210286592637,0.8521739130434782,0.7071521663574915,0.0019988678690030515,0.0,0.0024681459610930157,0.0019988678690030515,0.0,0.0019988678690030515,0.0,0.0024681459610930157,0.0019988678690030515,0.0
vidstg/search/occlusion_5/order1/00023,vidstg,search,31,occlusion_5,order1,23,False,0.0,0.9624664879356568,0.0,0.0,0.9624664879356568,0.0,0.0,0.9624664879356568,0.0,0.0,0.0,0.0,0.0,-0.0,0.0,0.0,0.0,0.0,-0.0
vidstg/search/occlusion_5/order1/00024,vidstg,search,23,occlusion_5,order1,24,True,0.0,0.0,0.24872784482653726,0.0,0.0,0.24687859705869775,0.0,0.0,0.24687859705869775,0.0,0.0,-0.0018492477678395125,0.0,-0.0,0.0,0.0,-0.0018492477678395125,0.0,-0.0
vidstg/search/occlusion_5/order1/00025,vidstg,search,21,occlusion_5,order1,25,False,0.25805447975642976,0.6597938144329897,0.39111382088083885,0.2726573637507228,0.6597938144329897,0.4132463169346893,0.2726573637507228,0.6597938144329897,0.4132463169346893,0.014602883994293048,0.0,0.022132496053850426,0.014602883994293048,0.0,0.014602883994293048,0.0,0.022132496053850426,0.014602883994293048,0.0
vidstg/search/occlusion_5/order1/00026,vidstg,search,11,occlusion_5,order1,26,False,0.6494834078092949,0.84375,0.7422667517820514,0.6357349494833421,0.84375,0.7265542279809624,0.6357349494833421,0.84375,0.7265542279809624,-0.01374845832595284,0.0,-0.015712523801089007,0.0,0.01374845832595284,-0.01374845832595284,0.0,-0.015712523801089007,0.0,0.01374845832595284
vidstg/search/occlusion_5/order1/00027,vidstg,search,12,occlusion_5,order1,27,False,0.15652384839120415,0.3542319749216301,0.4418682091751692,0.16139698970138927,0.3542319749216301,0.45562513021896617,0.16139698970138927,0.3542319749216301,0.45562513021896617,0.004873141310185125,0.0,0.013756921043796944,0.004873141310185125,0.0,0.004873141310185125,0.0,0.013756921043796944,0.004873141310185125,0.0
vidstg/search/occlusion_5/order1/00028,vidstg,search,29,occlusion_5,order1,28,True,0.0,0.0,0.0,0.0,0.0,0.0,0.0,0.0,0.0,0.0,0.0,0.0,0.0,-0.0,0.0,0.0,0.0,0.0,-0.0
vidstg/search/occlusion_5/order1/00029,vidstg,search,16,occlusion_5,order1,29,False,6.90502671735363e-05,0.11219512195121951,0.0006154480335032583,8.335361015344783e-05,0.11219512195121951,0.0007429343513676871,8.335361015344783e-05,0.11219512195121951,0.0007429343513676871,1.4303342979911523e-05,0.0,0.0001274863178644288,1.4303342979911523e-05,0.0,1.4303342979911523e-05,0.0,0.0001274863178644288,1.4303342979911523e-05,0.0
vidstg/search/occlusion_5/order1/00030,vidstg,search,30,occlusion_5,order1,30,False,0.14191854804249535,0.3127962085308057,0.42697200807500424,0.0853885211609291,0.3127962085308057,0.2707460800831537,0.0853885211609291,0.3127962085308057,0.2707460800831537,-0.05653002688156625,0.0,-0.15622592799185053,0.0,0.05653002688156625,-0.05653002688156625,0.0,-0.15622592799185053,0.0,0.05653002688156625
vidstg/search/occlusion_5/order1/00031,vidstg,search,14,occlusion_5,order1,31,False,0.0,0.0,0.3890019748575252,0.0,0.0,0.38309042671896376,0.0,0.0,0.38309042671896376,0.0,0.0,-0.005911548138561429,0.0,-0.0,0.0,0.0,-0.005911548138561429,0.0,-0.0
vidstg/search/occlusion_5/order2/00000,vidstg,search,1,occlusion_5,order2,0,True,0.0,0.0,0.0,0.0,0.0,0.0,0.0,0.0,0.0,0.0,0.0,0.0,0.0,-0.0,0.0,0.0,0.0,0.0,-0.0
vidstg/search/occlusion_5/order2/00001,vidstg,search,18,occlusion_5,order2,1,False,0.0,0.0,0.10894939683807757,0.0,0.0,0.10543708521403977,0.0,0.0,0.10543708521403977,0.0,0.0,-0.0035123116240377977,0.0,-0.0,0.0,0.0,-0.0035123116240377977,0.0,-0.0
vidstg/search/occlusion_5/order2/00002,vidstg,search,20,occlusion_5,order2,2,False,0.33238220285562214,0.4742268041237113,0.700892906021638,0.3323412434013338,0.4742268041237113,0.7008065349984648,0.3323412434013338,0.4742268041237113,0.7008065349984648,-4.095945428833625e-05,0.0,-8.63710231732151e-05,0.0,4.095945428833625e-05,-4.095945428833625e-05,0.0,-8.63710231732151e-05,0.0,4.095945428833625e-05
vidstg/search/occlusion_5/order2/00003,vidstg,search,22,occlusion_5,order2,3,False,0.4812934142105214,0.6785714285714286,0.7092745051523474,0.4812553433619241,0.6785714285714286,0.7092184007438881,0.4812553433619241,0.6785714285714286,0.7092184007438881,-3.8070848597304696e-05,0.0,-5.6104408459267674e-05,0.0,3.8070848597304696e-05,-3.8070848597304696e-05,0.0,-5.6104408459267674e-05,0.0,3.8070848597304696e-05
vidstg/search/occlusion_5/order2/00004,vidstg,search,10,occlusion_5,order2,4,True,0.2445430705251219,0.7914110429447853,0.282222317861547,0.24510159772005674,0.7914110429447853,0.28282248179496616,0.24510159772005674,0.7914110429447853,0.28282248179496616,0.0005585271949348491,0.0,0.0006001639334191622,0.0005585271949348491,0.0,0.0005585271949348491,0.0,0.0006001639334191622,0.0005585271949348491,0.0
vidstg/search/occlusion_5/order2/00005,vidstg,search,17,occlusion_5,order2,5,False,0.040346293079752814,0.25,0.16614623572764534,0.05980148853214325,0.25,0.19985068234719183,0.05980148853214325,0.25,0.19985068234719183,0.01945519545239044,0.0,0.033704446619546496,0.01945519545239044,0.0,0.01945519545239044,0.0,0.033704446619546496,0.01945519545239044,0.0
vidstg/search/occlusion_5/order2/00006,vidstg,search,16,occlusion_5,order2,6,False,9.365520938791382e-05,0.11219512195121951,0.0008347529532401015,0.00010904936844198451,0.11219512195121951,0.0009719617622002967,0.00010904936844198451,0.11219512195121951,0.0009719617622002967,1.539415905407069e-05,0.0,0.00013720880896019526,1.539415905407069e-05,0.0,1.539415905407069e-05,0.0,0.00013720880896019526,1.539415905407069e-05,0.0
vidstg/search/occlusion_5/order2/00007,vidstg,search,13,occlusion_5,order2,7,False,0.02245510350182971,0.0319634703196347,0.6208869539941114,0.02255295944310527,0.0319634703196347,0.6234027270229318,0.02255295944310527,0.0319634703196347,0.6234027270229318,9.785594127555836e-05,0.0,0.002515773028820334,9.785594127555836e-05,0.0,9.785594127555836e-05,0.0,0.002515773028820334,9.785594127555836e-05,0.0
vidstg/search/occlusion_5/order2/00008,vidstg,search,15,occlusion_5,order2,8,True,0.004758851566309418,0.009828009828009828,0.47461178010509086,0.004749419587798507,0.009828009828009828,0.4744091007909842,0.004749419587798507,0.009828009828009828,0.4744091007909842,-9.431978510911036e-06,0.0,-0.0002026793141066685,0.0,9.431978510911036e-06,-9.431978510911036e-06,0.0,-0.0002026793141066685,0.0,9.431978510911036e-06
vidstg/search/occlusion_5/order2/00009,vidstg,search,31,occlusion_5,order2,9,False,0.0,0.9624664879356568,0.0,0.0,0.9624664879356568,0.0,0.0,0.9624664879356568,0.0,0.0,0.0,0.0,0.0,-0.0,0.0,0.0,0.0,0.0,-0.0
vidstg/search/occlusion_5/order2/00010,vidstg,search,23,occlusion_5,order2,10,False,0.0,0.0,0.08050085102233896,0.0,0.0,0.24720548292427394,0.0,0.0,0.24720548292427394,0.0,0.0,0.16670463190193496,0.0,-0.0,0.0,0.0,0.16670463190193496,0.0,-0.0
vidstg/search/occlusion_5/order2/00011,vidstg,search,28,occlusion_5,order2,11,False,0.5967130666433439,0.8521739130434782,0.7008903150161901,0.594818864547006,0.8521739130434782,0.6989700956109074,0.594818864547006,0.8521739130434782,0.6989700956109074,-0.001894202096337838,0.0,-0.0019202194052827526,0.0,0.001894202096337838,-0.001894202096337838,0.0,-0.0019202194052827526,0.0,0.001894202096337838
vidstg/search/occlusion_5/order2/00012,vidstg,search,30,occlusion_5,order2,12,True,0.11747603110670998,0.32195121951219513,0.3543592608119492,0.1155363355136294,0.32195121951219513,0.34926743703447305,0.1155363355136294,0.32195121951219513,0.34926743703447305,-0.001939695593080576,0.0,-0.005091823777476134,0.0,0.001939695593080576,-0.001939695593080576,0.0,-0.005091823777476134,0.0,0.001939695593080576
vidstg/search/occlusion_5/order2/00013,vidstg,search,21,occlusion_5,order2,13,False,0.2969959411439873,0.6597938144329897,0.45013447329635575,0.26449554274066184,0.6597938144329897,0.40087605696631556,0.26449554274066184,0.6597938144329897,0.40087605696631556,-0.03250039840332547,0.0,-0.04925841633004019,0.0,0.03250039840332547,-0.03250039840332547,0.0,-0.04925841633004019,0.0,0.03250039840332547
vidstg/search/occlusion_5/order2/00014,vidstg,search,4,occlusion_5,order2,14,False,0.2159590748330931,0.5048543689320388,0.43027029759670693,0.19220153239905133,0.5048543689320388,0.38977464222509384,0.19220153239905133,0.5048543689320388,0.38977464222509384,-0.023757542434041767,0.0,-0.04049565537161309,0.0,0.023757542434041767,-0.023757542434041767,0.0,-0.04049565537161309,0.0,0.023757542434041767
vidstg/search/occlusion_5/order2/00015,vidstg,search,26,occlusion_5,order2,15,False,0.26023305562650406,0.6744904261890056,0.35514426704548524,0.27358087771016193,0.6744904261890056,0.3678404440505288,0.27358087771016193,0.6744904261890056,0.3678404440505288,0.013347822083657868,0.0,0.012696177005043552,0.013347822083657868,0.0,0.013347822083657868,0.0,0.012696177005043552,0.013347822083657868,0.0
vidstg/search/occlusion_5/order2/00016,vidstg,search,11,occlusion_5,order2,16,True,0.5628607225739455,0.7105263157894737,0.7638824092074975,0.5660836859238002,0.7105263157894737,0.768256430896586,0.5660836859238002,0.7105263157894737,0.768256430896586,0.003222963349854724,0.0,0.004374021689088514,0.003222963349854724,0.0,0.003222963349854724,0.0,0.004374021689088514,0.003222963349854724,0.0
vidstg/search/occlusion_5/order2/00017,vidstg,search,14,occlusion_5,order2,17,False,0.0,0.0,0.4669195330214321,0.0,0.0,0.3467586749567504,0.0,0.0,0.3467586749567504,0.0,0.0,-0.12016085806468169,0.0,-0.0,0.0,0.0,-0.12016085806468169,0.0,-0.0
vidstg/search/occlusion_5/order2/00018,vidstg,search,27,occlusion_5,order2,18,False,0.0979071144569738,0.37057220708446864,0.2138519602743923,0.09086859387602371,0.37057220708446864,0.19979671470887062,0.09086859387602371,0.37057220708446864,0.19979671470887062,-0.007038520580950086,0.0,-0.014055245565521679,0.0,0.007038520580950086,-0.007038520580950086,0.0,-0.014055245565521679,0.0,0.007038520580950086
vidstg/search/occlusion_5/order2/00019,vidstg,search,0,occlusion_5,order2,19,False,0.015191723479620165,0.144136078782453,0.015191723479620162,0.028708624120964893,0.144136078782453,0.029016899918547077,0.028708624120964893,0.144136078782453,0.029016899918547077,0.013516900641344727,0.0,0.013825176438926915,0.013516900641344727,0.0,0.013516900641344727,0.0,0.013825176438926915,0.013516900641344727,0.0
vidstg/search/occlusion_5/order2/00020,vidstg,search,19,occlusion_5,order2,20,True,0.5726737392137924,0.8006644518272426,0.7152481141217905,0.5584637445192363,0.8006644518272426,0.6975003614119922,0.5584637445192363,0.8006644518272426,0.6975003614119922,-0.014209994694556083,0.0,-0.017747752709798226,0.0,0.014209994694556083,-0.014209994694556083,0.0,-0.017747752709798226,0.0,0.014209994694556083
vidstg/search/occlusion_5/order2/00021,vidstg,search,12,occlusion_5,order2,21,False,0.09088400626076112,0.3542319749216301,0.25656635395736993,0.1442489308454632,0.3542319749216301,0.4072160083159536,0.1442489308454632,0.3542319749216301,0.4072160083159536,0.05336492458470207,0.0,0.15064965435858368,0.05336492458470207,0.0,0.05336492458470207,0.0,0.15064965435858368,0.05336492458470207,0.0
vidstg/search/occlusion_5/order2/00022,vidstg,search,8,occlusion_5,order2,22,False,0.10230650769821241,0.8161209068010076,0.13159387034411565,0.1385033046667318,0.8161209068010076,0.17914820574837098,0.1385033046667318,0.8161209068010076,0.17914820574837098,0.03619679696851939,0.0,0.04755433540425533,0.03619679696851939,0.0,0.03619679696851939,0.0,0.04755433540425533,0.03619679696851939,0.0
vidstg/search/occlusion_5/order2/00023,vidstg,search,24,occlusion_5,order2,23,False,0.021015936050350795,0.7376093294460642,0.023096962412234377,0.011631840357431391,0.7376093294460642,0.01319199098410661,0.011631840357431391,0.7376093294460642,0.01319199098410661,-0.009384095692919404,0.0,-0.009904971428127768,0.0,0.009384095692919404,-0.009384095692919404,0.0,-0.009904971428127768,0.0,0.009384095692919404
vidstg/search/occlusion_5/order2/00024,vidstg,search,3,occlusion_5,order2,24,True,0.1540827720038839,0.2469879518072289,0.5125579737767149,0.14835854359113013,0.2469879518072289,0.4583689370985349,0.14835854359113013,0.2469879518072289,0.4583689370985349,-0.0057242284127537735,0.0,-0.05418903667817998,0.0,0.0057242284127537735,-0.0057242284127537735,0.0,-0.05418903667817998,0.0,0.0057242284127537735
vidstg/search/occlusion_5/order2/00025,vidstg,search,5,occlusion_5,order2,25,False,0.41809256790218197,0.6312056737588653,0.664349161974177,0.4174447974412044,0.6312056737588653,0.6638311777004083,0.4174447974412044,0.6312056737588653,0.6638311777004083,-0.0006477704609775814,0.0,-0.0005179842737687013,0.0,0.0006477704609775814,-0.0006477704609775814,0.0,-0.0005179842737687013,0.0,0.0006477704609775814
vidstg/search/occlusion_5/order2/00026,vidstg,search,2,occlusion_5,order2,26,False,0.2744657498442849,0.8047619047619048,0.34913225835296274,0.0005834745725792213,0.8047619047619048,0.0006172279150848244,0.0005834745725792213,0.8047619047619048,0.0006172279150848244,-0.27388227527170567,0.0,-0.3485150304378779,0.0,0.27388227527170567,-0.27388227527170567,0.0,-0.3485150304378779,0.0,0.27388227527170567
vidstg/search/occlusion_5/order2/00027,vidstg,search,7,occlusion_5,order2,27,False,0.0,0.0,0.0,0.0,0.0,0.04501523684409826,0.0,0.0,0.04501523684409826,0.0,0.0,0.04501523684409826,0.0,-0.0,0.0,0.0,0.04501523684409826,0.0,-0.0
vidstg/search/occlusion_5/order2/00028,vidstg,search,6,occlusion_5,order2,28,True,0.7693903061920606,0.9733333333333334,0.790469492663076,0.728939164231173,0.9733333333333334,0.7489101002375065,0.728939164231173,0.9733333333333334,0.7489101002375065,-0.040451141960887615,0.0,-0.0415593924255695,0.0,0.040451141960887615,-0.040451141960887615,0.0,-0.0415593924255695,0.0,0.040451141960887615
vidstg/search/occlusion_5/order2/00029,vidstg,search,9,occlusion_5,order2,29,False,0.04457524926261546,0.2014388489208633,0.22128427312512675,0.04792597117592673,0.2014388489208633,0.23791821405192198,0.04792597117592673,0.2014388489208633,0.23791821405192198,0.003350721913311268,0.0,0.016633940926795238,0.003350721913311268,0.0,0.003350721913311268,0.0,0.016633940926795238,0.003350721913311268,0.0
vidstg/search/occlusion_5/order2/00030,vidstg,search,25,occlusion_5,order2,30,False,0.08462778647371753,0.11174785100286533,0.7573101917776262,0.08355797870587976,0.11174785100286533,0.7477367838038984,0.08355797870587976,0.11174785100286533,0.7477367838038984,-0.0010698077678377715,0.0,-0.009573407973727743,0.0,0.0010698077678377715,-0.0010698077678377715,0.0,-0.009573407973727743,0.0,0.0010698077678377715
vidstg/search/occlusion_5/order2/00031,vidstg,search,29,occlusion_5,order2,31,False,0.0,0.0,0.0,0.0,0.0,0.0,0.0,0.0,0.0,0.0,0.0,0.0,0.0,-0.0,0.0,0.0,0.0,0.0,-0.0
vidstg/search/exposure_5/order1/00000,vidstg,search,8,exposure_5,order1,0,True,0.1090024028384172,0.8593350383631714,0.14921971444379598,0.1090024028384172,0.8593350383631714,0.14921971444379598,0.1090024028384172,0.8593350383631714,0.14921971444379598,0.0,0.0,0.0,0.0,-0.0,0.0,0.0,0.0,0.0,-0.0
vidstg/search/exposure_5/order1/00001,vidstg,search,15,exposure_5,order1,1,False,0.0,0.0,0.3647720941821333,0.0,0.0,0.36416593626719596,0.0,0.0,0.36416593626719596,0.0,0.0,-0.0006061579149373442,0.0,-0.0,0.0,0.0,-0.0006061579149373442,0.0,-0.0
vidstg/search/exposure_5/order1/00002,vidstg,search,19,exposure_5,order1,2,False,0.5710481508366126,0.8169491525423729,0.6990008485344429,0.5706382055459367,0.8169491525423729,0.6984990482823706,0.5706382055459367,0.8169491525423729,0.6984990482823706,-0.0004099452906759504,0.0,-0.0005018002520722487,0.0,0.0004099452906759504,-0.0004099452906759504,0.0,-0.0005018002520722487,0.0,0.0004099452906759504
vidstg/search/exposure_5/order1/00003,vidstg,search,27,exposure_5,order1,3,False,0.09470717670878187,0.37057220708446864,0.2084676242046147,0.10097762047053103,0.37057220708446864,0.22191226422887758,0.10097762047053103,0.37057220708446864,0.22191226422887758,0.006270443761749164,0.0,0.013444640024262877,0.006270443761749164,0.0,0.006270443761749164,0.0,0.013444640024262877,0.006270443761749164,0.0
vidstg/search/exposure_5/order1/00004,vidstg,search,7,exposure_5,order1,4,True,0.0,0.0,0.04613124972457077,0.0,0.0,0.04586766155668948,0.0,0.0,0.04586766155668948,0.0,0.0,-0.00026358816788128736,0.0,-0.0,0.0,0.0,-0.00026358816788128736,0.0,-0.0
vidstg/search/exposure_5/order1/00005,vidstg,search,1,exposure_5,order1,5,False,0.0,0.0,0.0,0.0,0.0,0.0,0.0,0.0,0.0,0.0,0.0,0.0,0.0,-0.0,0.0,0.0,0.0,0.0,-0.0
vidstg/search/exposure_5/order1/00006,vidstg,search,25,exposure_5,order1,6,False,0.08251287534964813,0.11174785100286533,0.7383844486417229,0.08257464135024556,0.11174785100286533,0.7389371751598898,0.08257464135024556,0.11174785100286533,0.7389371751598898,6.176600059742965e-05,0.0,0.0005527265181668461,6.176600059742965e-05,0.0,6.176600059742965e-05,0.0,0.0005527265181668461,6.176600059742965e-05,0.0
vidstg/search/exposure_5/order1/00007,vidstg,search,3,exposure_5,order1,7,False,0.12260050614120939,0.1987179487179487,0.4831176674054199,0.1302238663352701,0.1987179487179487,0.46550227064560284,0.1302238663352701,0.1987179487179487,0.46550227064560284,0.0076233601940607215,0.0,-0.017615396759817048,0.0076233601940607215,0.0,0.0076233601940607215,0.0,-0.017615396759817048,0.0076233601940607215,0.0
vidstg/search/exposure_5/order1/00008,vidstg,search,4,exposure_5,order1,8,True,0.04091173038371443,0.18543046357615894,0.2566294655363375,0.0409000270029915,0.18543046357615894,0.25655433278023987,0.0409000270029915,0.18543046357615894,0.25655433278023987,-1.1703380722927204e-05,0.0,-7.513275609760672e-05,0.0,1.1703380722927204e-05,-1.1703380722927204e-05,0.0,-7.513275609760672e-05,0.0,1.1703380722927204e-05
vidstg/search/exposure_5/order1/00009,vidstg,search,6,exposure_5,order1,9,False,0.41216821204534615,0.5986842105263158,0.731631271475442,0.4145832522628803,0.5986842105263158,0.7379736011275322,0.4145832522628803,0.5986842105263158,0.7379736011275322,0.0024150402175341368,0.0,0.0063423296520901395,0.0024150402175341368,0.0,0.0024150402175341368,0.0,0.0063423296520901395,0.0024150402175341368,0.0
vidstg/search/exposure_5/order1/00010,vidstg,search,20,exposure_5,order1,10,False,0.27439812935120395,0.4742268041237113,0.5786221423275387,0.2760439839416153,0.4742268041237113,0.5820927487464497,0.2760439839416153,0.4742268041237113,0.5820927487464497,0.001645854590411333,0.0,0.0034706064189109487,0.001645854590411333,0.0,0.001645854590411333,0.0,0.0034706064189109487,0.001645854590411333,0.0
vidstg/search/exposure_5/order1/00011,vidstg,search,17,exposure_5,order1,11,False,0.10662277972800414,0.3951612903225806,0.2107123480251892,0.11010168567408049,0.3951612903225806,0.21772131496180971,0.11010168567408049,0.3951612903225806,0.21772131496180971,0.0034789059460763466,0.0,0.007008966936620509,0.0034789059460763466,0.0,0.0034789059460763466,0.0,0.007008966936620509,0.0034789059460763466,0.0
vidstg/search/exposure_5/order1/00012,vidstg,search,24,exposure_5,order1,12,True,0.015131738702830787,0.685131195335277,0.015131738702830784,0.01452205192395475,0.685131195335277,0.014522051923954749,0.01452205192395475,0.685131195335277,0.014522051923954749,-0.0006096867788760365,0.0,-0.0006096867788760348,0.0,0.0006096867788760365,-0.0006096867788760365,0.0,-0.0006096867788760348,0.0,0.0006096867788760365
vidstg/search/exposure_5/order1/00013,vidstg,search,2,exposure_5,order1,13,False,0.21124136528113194,0.8333333333333334,0.26043177874223694,0.0002422553078662243,0.8333333333333334,0.00024225530786622427,0.0002422553078662243,0.8333333333333334,0.00024225530786622427,-0.2109991099732657,0.0,-0.26018952343437074,0.0,0.2109991099732657,-0.2109991099732657,0.0,-0.26018952343437074,0.0,0.2109991099732657
vidstg/search/exposure_5/order1/00014,vidstg,search,0,exposure_5,order1,14,False,0.0284960021148673,0.144136078782453,0.035517885772236794,0.020209370364407616,0.144136078782453,0.020266062150379207,0.020209370364407616,0.144136078782453,0.020266062150379207,-0.008286631750459683,0.0,-0.015251823621857587,0.0,0.008286631750459683,-0.008286631750459683,0.0,-0.015251823621857587,0.0,0.008286631750459683
vidstg/search/exposure_5/order1/00015,vidstg,search,9,exposure_5,order1,15,False,0.050211932939398275,0.28865979381443296,0.17394848196862972,0.051144144287766626,0.28865979381443296,0.17717792842547725,0.051144144287766626,0.28865979381443296,0.17717792842547725,0.0009322113483683503,0.0,0.003229446456847529,0.0009322113483683503,0.0,0.0009322113483683503,0.0,0.003229446456847529,0.0009322113483683503,0.0
vidstg/search/exposure_5/order1/00016,vidstg,search,26,exposure_5,order1,16,True,0.2561602856076893,0.8412600370599135,0.3222166499382752,0.25646768449801804,0.8412600370599135,0.3129272862198091,0.25646768449801804,0.8412600370599135,0.3129272862198091,0.00030739889032876944,0.0,-0.009289363718466115,0.00030739889032876944,0.0,0.00030739889032876944,0.0,-0.009289363718466115,0.00030739889032876944,0.0
vidstg/search/exposure_5/order1/00017,vidstg,search,22,exposure_5,order1,17,False,0.4817947602568876,0.6785714285714286,0.710013330904887,0.48893133118710186,0.6785714285714286,0.7205303828020448,0.48893133118710186,0.6785714285714286,0.7205303828020448,0.007136570930214248,0.0,0.010517051897157792,0.007136570930214248,0.0,0.007136570930214248,0.0,0.010517051897157792,0.007136570930214248,0.0
vidstg/search/exposure_5/order1/00018,vidstg,search,5,exposure_5,order1,18,False,0.4088018915198505,0.6312056737588653,0.6498308135719802,0.40670436967794293,0.6312056737588653,0.6465446622956206,0.40670436967794293,0.6312056737588653,0.6465446622956206,-0.0020975218419075903,0.0,-0.0032861512763596723,0.0,0.0020975218419075903,-0.0020975218419075903,0.0,-0.0032861512763596723,0.0,0.0020975218419075903
vidstg/search/exposure_5/order1/00019,vidstg,search,13,exposure_5,order1,19,False,0.035826409620150226,0.05448717948717949,0.6575199883227572,0.035589210272127414,0.05448717948717949,0.6531666826413972,0.035589210272127414,0.05448717948717949,0.6531666826413972,-0.0002371993480228124,0.0,-0.0043533056813599424,0.0,0.0002371993480228124,-0.0002371993480228124,0.0,-0.0043533056813599424,0.0,0.0002371993480228124
vidstg/search/exposure_5/order1/00020,vidstg,search,18,exposure_5,order1,20,True,0.013476435521605176,0.2616279069767442,0.05150993132702423,0.012444356636776368,0.2616279069767442,0.04756509647834523,0.012444356636776368,0.2616279069767442,0.04756509647834523,-0.001032078884828808,0.0,-0.003944834848678996,0.0,0.001032078884828808,-0.001032078884828808,0.0,-0.003944834848678996,0.0,0.001032078884828808
vidstg/search/exposure_5/order1/00021,vidstg,search,10,exposure_5,order1,21,False,0.22689373297780965,0.8282208588957055,0.25615550414482524,0.2245800690482119,0.8282208588957055,0.2531748456288056,0.2245800690482119,0.8282208588957055,0.2531748456288056,-0.0023136639295977535,0.0,-0.002980658516019641,0.0,0.0023136639295977535,-0.0023136639295977535,0.0,-0.002980658516019641,0.0,0.0023136639295977535
vidstg/search/exposure_5/order1/00022,vidstg,search,28,exposure_5,order1,22,False,0.6396393847100661,0.9043478260869565,0.7072935504005537,0.6363349861675472,0.9043478260869565,0.7036396481660379,0.6363349861675472,0.9043478260869565,0.7036396481660379,-0.0033043985425188493,0.0,-0.0036539022345158934,0.0,0.0033043985425188493,-0.0033043985425188493,0.0,-0.0036539022345158934,0.0,0.0033043985425188493
vidstg/search/exposure_5/order1/00023,vidstg,search,31,exposure_5,order1,23,False,0.0,0.9222520107238605,0.0,0.0,0.9222520107238605,0.0,0.0,0.9222520107238605,0.0,0.0,0.0,0.0,0.0,-0.0,0.0,0.0,0.0,0.0,-0.0
vidstg/search/exposure_5/order1/00024,vidstg,search,23,exposure_5,order1,24,True,0.0,0.0,0.3840178787024109,0.0,0.0,0.24684543471854034,0.0,0.0,0.24684543471854034,0.0,0.0,-0.13717244398387055,0.0,-0.0,0.0,0.0,-0.13717244398387055,0.0,-0.0
vidstg/search/exposure_5/order1/00025,vidstg,search,21,exposure_5,order1,25,False,0.29149322461845345,0.7032967032967034,0.4144669287543635,0.2853815851659797,0.7032967032967034,0.4057769414078774,0.2853815851659797,0.7032967032967034,0.4057769414078774,-0.006111639452473727,0.0,-0.008689987346486072,0.0,0.006111639452473727,-0.006111639452473727,0.0,-0.008689987346486072,0.0,0.006111639452473727
vidstg/search/exposure_5/order1/00026,vidstg,search,11,exposure_5,order1,26,False,0.6508650927530738,0.84375,0.7438458202892272,0.6373910469782555,0.84375,0.7284469108322921,0.6373910469782555,0.84375,0.7284469108322921,-0.013474045774818255,0.0,-0.015398909456935117,0.0,0.013474045774818255,-0.013474045774818255,0.0,-0.015398909456935117,0.0,0.013474045774818255
vidstg/search/exposure_5/order1/00027,vidstg,search,12,exposure_5,order1,27,False,0.1507075700525012,0.3542319749216301,0.42544880395352114,0.14942634056719806,0.3542319749216301,0.4218318817781963,0.14942634056719806,0.3542319749216301,0.4218318817781963,-0.0012812294853031536,0.0,-0.0036169221753248326,0.0,0.0012812294853031536,-0.0012812294853031536,0.0,-0.0036169221753248326,0.0,0.0012812294853031536
vidstg/search/exposure_5/order1/00028,vidstg,search,29,exposure_5,order1,28,True,0.0,0.0,0.0,0.0,0.0,0.0,0.0,0.0,0.0,0.0,0.0,0.0,0.0,-0.0,0.0,0.0,0.0,0.0,-0.0
vidstg/search/exposure_5/order1/00029,vidstg,search,16,exposure_5,order1,29,False,0.00020107903312597216,0.11219512195121951,0.0017922261648184476,0.00017929624071322587,0.11219512195121951,0.0015980751889657088,0.00017929624071322587,0.11219512195121951,0.0015980751889657088,-2.178279241274629e-05,0.0,-0.00019415097585273882,0.0,2.178279241274629e-05,-2.178279241274629e-05,0.0,-0.00019415097585273882,0.0,2.178279241274629e-05
vidstg/search/exposure_5/order1/00030,vidstg,search,30,exposure_5,order1,30,False,0.14278077050137422,0.3127962085308057,0.4288260601748287,0.08643826046548339,0.3127962085308057,0.274362583362195,0.08643826046548339,0.3127962085308057,0.274362583362195,-0.05634251003589083,0.0,-0.15446347681263373,0.0,0.05634251003589083,-0.05634251003589083,0.0,-0.15446347681263373,0.0,0.05634251003589083
vidstg/search/exposure_5/order1/00031,vidstg,search,14,exposure_5,order1,31,False,0.0,0.0,0.39248000730385574,0.0,0.0,0.3847458186655178,0.0,0.0,0.3847458186655178,0.0,0.0,-0.007734188638337913,0.0,-0.0,0.0,0.0,-0.007734188638337913,0.0,-0.0
vidstg/search/exposure_5/order2/00000,vidstg,search,1,exposure_5,order2,0,True,0.0,0.0,0.0,0.0,0.0,0.0,0.0,0.0,0.0,0.0,0.0,0.0,0.0,-0.0,0.0,0.0,0.0,0.0,-0.0
vidstg/search/exposure_5/order2/00001,vidstg,search,18,exposure_5,order2,1,False,0.0,0.0,0.03904583230248807,0.0,0.0,0.0367592185160293,0.0,0.0,0.0367592185160293,0.0,0.0,-0.002286613786458773,0.0,-0.0,0.0,0.0,-0.002286613786458773,0.0,-0.0
vidstg/search/exposure_5/order2/00002,vidstg,search,20,exposure_5,order2,2,False,0.3340023901740409,0.4742268041237113,0.7043093879756949,0.33395604572937154,0.4742268041237113,0.7042116616467183,0.33395604572937154,0.4742268041237113,0.7042116616467183,-4.634444466933285e-05,0.0,-9.772632897653288e-05,0.0,4.634444466933285e-05,-4.634444466933285e-05,0.0,-9.772632897653288e-05,0.0,4.634444466933285e-05
vidstg/search/exposure_5/order2/00003,vidstg,search,22,exposure_5,order2,3,False,0.4795104326058376,0.6785714285714286,0.7066469533138658,0.4794744573171919,0.6785714285714286,0.7065939370990196,0.4794744573171919,0.6785714285714286,0.7065939370990196,-3.5975288645684333e-05,0.0,-5.3016214846213217e-05,0.0,3.5975288645684333e-05,-3.5975288645684333e-05,0.0,-5.3016214846213217e-05,0.0,3.5975288645684333e-05
vidstg/search/exposure_5/order2/00004,vidstg,search,10,exposure_5,order2,4,True,0.22945200933315357,0.7988165680473372,0.2681428783222424,0.22954960798397636,0.7988165680473372,0.26823495634748495,0.22954960798397636,0.7988165680473372,0.26823495634748495,9.759865082278885e-05,0.0,9.207802524258124e-05,9.759865082278885e-05,0.0,9.759865082278885e-05,0.0,9.207802524258124e-05,9.759865082278885e-05,0.0
vidstg/search/exposure_5/order2/00005,vidstg,search,17,exposure_5,order2,5,False,0.10920560477716244,0.3951612903225806,0.20453809343704296,0.11172459864685759,0.3951612903225806,0.21455959424924342,0.11172459864685759,0.3951612903225806,0.21455959424924342,0.0025189938696951464,0.0,0.010021500812200462,0.0025189938696951464,0.0,0.0025189938696951464,0.0,0.010021500812200462,0.0025189938696951464,0.0
vidstg/search/exposure_5/order2/00006,vidstg,search,16,exposure_5,order2,6,False,0.0,0.11219512195121951,0.0,7.484700185498833e-05,0.11219512195121951,0.000667114581750983,7.484700185498833e-05,0.11219512195121951,0.000667114581750983,7.484700185498833e-05,0.0,0.000667114581750983,7.484700185498833e-05,0.0,7.484700185498833e-05,0.0,0.000667114581750983,7.484700185498833e-05,0.0
vidstg/search/exposure_5/order2/00007,vidstg,search,13,exposure_5,order2,7,False,0.034955641118920126,0.05448717948717949,0.6415388252413576,0.035111838862776176,0.05448717948717949,0.6444055132462452,0.035111838862776176,0.05448717948717949,0.6444055132462452,0.00015619774385604995,0.0,0.002866688004887541,0.00015619774385604995,0.0,0.00015619774385604995,0.0,0.002866688004887541,0.00015619774385604995,0.0
vidstg/search/exposure_5/order2/00008,vidstg,search,15,exposure_5,order2,8,True,0.004744871944180582,0.009828009828009828,0.4713347928244223,0.004721168429069279,0.009828009828009828,0.46929945264045364,0.004721168429069279,0.009828009828009828,0.46929945264045364,-2.3703515111303357e-05,0.0,-0.0020353401839686702,0.0,2.3703515111303357e-05,-2.3703515111303357e-05,0.0,-0.0020353401839686702,0.0,2.3703515111303357e-05
vidstg/search/exposure_5/order2/00009,vidstg,search,31,exposure_5,order2,9,False,0.0,0.9222520107238605,0.0,0.0,0.9222520107238605,0.0,0.0,0.9222520107238605,0.0,0.0,0.0,0.0,0.0,-0.0,0.0,0.0,0.0,0.0,-0.0
vidstg/search/exposure_5/order2/00010,vidstg,search,23,exposure_5,order2,10,False,0.0,0.0,0.1382091483925508,0.0,0.0,0.24749706524457188,0.0,0.0,0.24749706524457188,0.0,0.0,0.10928791685202108,0.0,-0.0,0.0,0.0,0.10928791685202108,0.0,-0.0
vidstg/search/exposure_5/order2/00011,vidstg,search,28,exposure_5,order2,11,False,0.6374261611612504,0.9043478260869565,0.7048462358994596,0.6342311736496161,0.9043478260869565,0.7013133170164024,0.6342311736496161,0.9043478260869565,0.7013133170164024,-0.003194987511634273,0.0,-0.003532918883057179,0.0,0.003194987511634273,-0.003194987511634273,0.0,-0.003532918883057179,0.0,0.003194987511634273
vidstg/search/exposure_5/order2/00012,vidstg,search,30,exposure_5,order2,12,True,0.11141395187617091,0.32195121951219513,0.33541867136495435,0.11241000807406759,0.32195121951219513,0.3400294168768595,0.11241000807406759,0.32195121951219513,0.3400294168768595,0.0009960561978966803,0.0,0.004610745511905157,0.0009960561978966803,0.0,0.0009960561978966803,0.0,0.004610745511905157,0.0009960561978966803,0.0
vidstg/search/exposure_5/order2/00013,vidstg,search,21,exposure_5,order2,13,False,0.3377049733079449,0.7032967032967034,0.4801742589222342,0.29210542311137616,0.7032967032967034,0.415337398486488,0.29210542311137616,0.7032967032967034,0.415337398486488,-0.04559955019656875,0.0,-0.06483686043574621,0.0,0.04559955019656875,-0.04559955019656875,0.0,-0.06483686043574621,0.0,0.04559955019656875
vidstg/search/exposure_5/order2/00014,vidstg,search,4,exposure_5,order2,14,False,0.22804444562370924,0.5048543689320388,0.4470460821308017,0.2013512101054393,0.5048543689320388,0.40572528334629926,0.2013512101054393,0.5048543689320388,0.40572528334629926,-0.026693235518269937,0.0,-0.041320798784502455,0.0,0.026693235518269937,-0.026693235518269937,0.0,-0.041320798784502455,0.0,0.026693235518269937
vidstg/search/exposure_5/order2/00015,vidstg,search,26,exposure_5,order2,15,False,0.24795378362584575,0.6744904261890056,0.34402390728404225,0.2690829250965881,0.6744904261890056,0.368279439146,0.2690829250965881,0.6744904261890056,0.368279439146,0.021129141470742352,0.0,0.024255531861957724,0.021129141470742352,0.0,0.021129141470742352,0.0,0.024255531861957724,0.021129141470742352,0.0
vidstg/search/exposure_5/order2/00016,vidstg,search,11,exposure_5,order2,16,True,0.5487933914311517,0.7105263157894737,0.7447910312279916,0.5667299819618886,0.7105263157894737,0.7691335469482773,0.5667299819618886,0.7105263157894737,0.7691335469482773,0.01793659053073693,0.0,0.024342515720285673,0.01793659053073693,0.0,0.01793659053073693,0.0,0.024342515720285673,0.01793659053073693,0.0
vidstg/search/exposure_5/order2/00017,vidstg,search,14,exposure_5,order2,17,False,0.0,0.0,0.4669721189757871,0.0,0.0,0.34813139647136027,0.0,0.0,0.34813139647136027,0.0,0.0,-0.11884072250442684,0.0,-0.0,0.0,0.0,-0.11884072250442684,0.0,-0.0
vidstg/search/exposure_5/order2/00018,vidstg,search,27,exposure_5,order2,18,False,0.10550465808589646,0.37057220708446864,0.22960724863362836,0.09873061850609391,0.37057220708446864,0.21648587799676586,0.09873061850609391,0.37057220708446864,0.21648587799676586,-0.006774039579802549,0.0,-0.0131213706368625,0.0,0.006774039579802549,-0.006774039579802549,0.0,-0.0131213706368625,0.0,0.006774039579802549
vidstg/search/exposure_5/order2/00019,vidstg,search,0,exposure_5,order2,19,False,0.01185004339993462,0.144136078782453,0.011850043399934621,0.028267867578746077,0.144136078782453,0.028553051516012357,0.028267867578746077,0.144136078782453,0.028553051516012357,0.016417824178811456,0.0,0.016703008116077736,0.016417824178811456,0.0,0.016417824178811456,0.0,0.016703008116077736,0.016417824178811456,0.0
vidstg/search/exposure_5/order2/00020,vidstg,search,19,exposure_5,order2,20,True,0.571589059788167,0.8006644518272426,0.7138933900258849,0.555830962932573,0.8006644518272426,0.694212115529894,0.555830962932573,0.8006644518272426,0.694212115529894,-0.01575809685559404,0.0,-0.019681274495990886,0.0,0.01575809685559404,-0.01575809685559404,0.0,-0.019681274495990886,0.0,0.01575809685559404
vidstg/search/exposure_5/order2/00021,vidstg,search,12,exposure_5,order2,21,False,0.09074882516555524,0.3542319749216301,0.25618473652931084,0.13185730498147583,0.3542319749216301,0.37223433884151136,0.13185730498147583,0.3542319749216301,0.37223433884151136,0.041108479815920584,0.0,0.11604960231220052,0.041108479815920584,0.0,0.041108479815920584,0.0,0.11604960231220052,0.041108479815920584,0.0
vidstg/search/exposure_5/order2/00022,vidstg,search,8,exposure_5,order2,22,False,0.1087264349276288,0.8161209068010076,0.1413934659354693,0.13723716214099166,0.8161209068010076,0.18301186882708861,0.13723716214099166,0.8161209068010076,0.18301186882708861,0.028510727213362855,0.0,0.041618402891619305,0.028510727213362855,0.0,0.028510727213362855,0.0,0.041618402891619305,0.028510727213362855,0.0
vidstg/search/exposure_5/order2/00023,vidstg,search,24,exposure_5,order2,23,False,0.017736864737264723,0.597667638483965,0.017895047965688776,0.018335211248095316,0.597667638483965,0.01989389903758703,0.018335211248095316,0.597667638483965,0.01989389903758703,0.0005983465108305927,0.0,0.001998851071898254,0.0005983465108305927,0.0,0.0005983465108305927,0.0,0.001998851071898254,0.0005983465108305927,0.0
vidstg/search/exposure_5/order2/00024,vidstg,search,3,exposure_5,order2,24,True,0.24063852219592702,0.391025641025641,0.5206936618029877,0.2296186009309846,0.391025641025641,0.48105010580534646,0.2296186009309846,0.391025641025641,0.48105010580534646,-0.011019921264942417,0.0,-0.039643555997641244,0.0,0.011019921264942417,-0.011019921264942417,0.0,-0.039643555997641244,0.0,0.011019921264942417
vidstg/search/exposure_5/order2/00025,vidstg,search,5,exposure_5,order2,25,False,0.4155298679031515,0.6312056737588653,0.6602243104000178,0.4165310183905609,0.6312056737588653,0.6622473901711091,0.4165310183905609,0.6312056737588653,0.6622473901711091,0.0010011504874093968,0.0,0.002023079771091285,0.0010011504874093968,0.0,0.0010011504874093968,0.0,0.002023079771091285,0.0010011504874093968,0.0
vidstg/search/exposure_5/order2/00026,vidstg,search,2,exposure_5,order2,26,False,0.32815902948240816,0.8333333333333334,0.39098062369300357,0.0017560770866449646,0.8333333333333334,0.0017701270785995926,0.0017560770866449646,0.8333333333333334,0.0017701270785995926,-0.32640295239576317,0.0,-0.389210496614404,0.0,0.32640295239576317,-0.32640295239576317,0.0,-0.389210496614404,0.0,0.32640295239576317
vidstg/search/exposure_5/order2/00027,vidstg,search,7,exposure_5,order2,27,False,0.0,0.0,0.0,0.0,0.0,0.04492825037092363,0.0,0.0,0.04492825037092363,0.0,0.0,0.04492825037092363,0.0,-0.0,0.0,0.0,0.04492825037092363,0.0,-0.0
vidstg/search/exposure_5/order2/00028,vidstg,search,6,exposure_5,order2,28,True,0.7708769075594853,0.9733333333333334,0.7919968228350878,0.7333996295115944,0.9733333333333334,0.7534927700461587,0.7333996295115944,0.9733333333333334,0.7534927700461587,-0.037477278047890916,0.0,-0.0385040527889291,0.0,0.037477278047890916,-0.037477278047890916,0.0,-0.0385040527889291,0.0,0.037477278047890916
vidstg/search/exposure_5/order2/00029,vidstg,search,9,exposure_5,order2,29,False,0.06001169613424505,0.28865979381443296,0.20789766160792036,0.06781849945228098,0.28865979381443296,0.23494265881683055,0.06781849945228098,0.28865979381443296,0.23494265881683055,0.007806803318035932,0.0,0.027044997208910182,0.007806803318035932,0.0,0.007806803318035932,0.0,0.027044997208910182,0.007806803318035932,0.0
vidstg/search/exposure_5/order2/00030,vidstg,search,25,exposure_5,order2,30,False,0.08538336796832446,0.11174785100286533,0.7640716774601344,0.08394822550173818,0.11174785100286533,0.7512289923104263,0.08394822550173818,0.11174785100286533,0.7512289923104263,-0.0014351424665862839,0.0,-0.0128426851497081,0.0,0.0014351424665862839,-0.0014351424665862839,0.0,-0.0128426851497081,0.0,0.0014351424665862839
vidstg/search/exposure_5/order2/00031,vidstg,search,29,exposure_5,order2,31,False,0.0,0.0,0.0,0.0,0.0,0.0,0.0,0.0,0.0,0.0,0.0,0.0,0.0,-0.0,0.0,0.0,0.0,0.0,-0.0
vidstg/confirm/clean/order1/00000,vidstg,confirm,38,clean,order1,0,True,0.04494488283583912,0.1792452830188679,0.2498491429565025,0.04494488283583912,0.1792452830188679,0.2498491429565025,0.04494488283583912,0.1792452830188679,0.2498491429565025,0.0,0.0,0.0,0.0,-0.0,0.0,0.0,0.0,0.0,-0.0
vidstg/confirm/clean/order1/00001,vidstg,confirm,40,clean,order1,1,False,0.48677458382429767,0.8473895582329317,0.5775807128393745,0.4867204338401437,0.8473895582329317,0.5775152252501246,0.4867204338401437,0.8473895582329317,0.5775152252501246,-5.4149984153983866e-05,0.0,-6.548758924995735e-05,0.0,5.4149984153983866e-05,-5.4149984153983866e-05,0.0,-6.548758924995735e-05,0.0,5.4149984153983866e-05
vidstg/confirm/clean/order1/00002,vidstg,confirm,43,clean,order1,2,False,0.009059761260609655,0.5368663594470046,0.01456272735964663,0.009432352950885346,0.5368663594470046,0.015161634002534221,0.009432352950885346,0.5368663594470046,0.015161634002534221,0.000372591690275691,0.0,0.0005989066428875919,0.000372591690275691,0.0,0.000372591690275691,0.0,0.0005989066428875919,0.000372591690275691,0.0
vidstg/confirm/clean/order1/00003,vidstg,confirm,46,clean,order1,3,False,0.17951339209516096,0.2645161290322581,0.6844001282120709,0.17951818247333506,0.2645161290322581,0.6844949104168457,0.17951818247333506,0.2645161290322581,0.6844949104168457,4.790378174107657e-06,0.0,9.47822047748792e-05,4.790378174107657e-06,0.0,4.790378174107657e-06,0.0,9.47822047748792e-05,4.790378174107657e-06,0.0
vidstg/confirm/clean/order1/00004,vidstg,confirm,34,clean,order1,4,True,0.19181924842152584,0.3128834355828221,0.6130693626021316,0.19182253347901315,0.3128834355828221,0.6130798619035126,0.19182253347901315,0.3128834355828221,0.6130798619035126,3.2850574873122262e-06,0.0,1.049930138097288e-05,3.2850574873122262e-06,0.0,3.2850574873122262e-06,0.0,1.049930138097288e-05,3.2850574873122262e-06,0.0
vidstg/confirm/clean/order1/00005,vidstg,confirm,37,clean,order1,5,False,0.4461055557633001,0.9649122807017544,0.456835531568271,0.4437345816988747,0.9649122807017544,0.4544611050244004,0.4437345816988747,0.9649122807017544,0.4544611050244004,-0.0023709740644253796,0.0,-0.0023744265438706003,0.0,0.0023709740644253796,-0.0023709740644253796,0.0,-0.0023744265438706003,0.0,0.0023709740644253796
vidstg/confirm/clean/order1/00006,vidstg,confirm,44,clean,order1,6,False,0.623544876467042,0.7602040816326531,0.8160875955870823,0.6235774402861755,0.7602040816326531,0.8161295182216453,0.6235774402861755,0.7602040816326531,0.8161295182216453,3.256381913341322e-05,0.0,4.192263456292977e-05,3.256381913341322e-05,0.0,3.256381913341322e-05,0.0,4.192263456292977e-05,3.256381913341322e-05,0.0
vidstg/confirm/clean/order1/00007,vidstg,confirm,45,clean,order1,7,False,0.05478640167392588,0.09898762654668167,0.5338567077620461,0.05477655682995444,0.09898762654668167,0.533761931753772,0.05477655682995444,0.09898762654668167,0.533761931753772,-9.844843971436312e-06,0.0,-9.477600827412225e-05,0.0,9.844843971436312e-06,-9.844843971436312e-06,0.0,-9.477600827412225e-05,0.0,9.844843971436312e-06
vidstg/confirm/clean/order1/00008,vidstg,confirm,36,clean,order1,8,True,0.6175307307026215,0.871900826446281,0.7118696530499348,0.61760068276986,0.871900826446281,0.711950249579854,0.61760068276986,0.871900826446281,0.711950249579854,6.99520672384768e-05,0.0,8.059652991920796e-05,6.99520672384768e-05,0.0,6.99520672384768e-05,0.0,8.059652991920796e-05,6.99520672384768e-05,0.0
vidstg/confirm/clean/order1/00009,vidstg,confirm,35,clean,order1,9,False,0.460754350147012,0.9537037037037037,0.4762000465676732,0.4599924390047545,0.9537037037037037,0.47539223415430965,0.4599924390047545,0.9537037037037037,0.47539223415430965,-0.0007619111422574876,0.0,-0.0008078124133635289,0.0,0.0007619111422574876,-0.0007619111422574876,0.0,-0.0008078124133635289,0.0,0.0007619111422574876
vidstg/confirm/clean/order1/00010,vidstg,confirm,42,clean,order1,10,False,0.6265845905207785,0.7427536231884058,0.849125199180327,0.6265541814118646,0.7427536231884058,0.849070487273216,0.6265541814118646,0.7427536231884058,0.849070487273216,-3.040910891394244e-05,0.0,-5.4711907111038016e-05,0.0,3.040910891394244e-05,-3.040910891394244e-05,0.0,-5.4711907111038016e-05,0.0,3.040910891394244e-05
vidstg/confirm/clean/order1/00011,vidstg,confirm,39,clean,order1,11,False,0.029488125831656546,0.06593406593406594,0.4810734811938336,0.02957584280638646,0.06593406593406594,0.482075660609832,0.02957584280638646,0.06593406593406594,0.482075660609832,8.771697472991294e-05,0.0,0.0010021794159983943,8.771697472991294e-05,0.0,8.771697472991294e-05,0.0,0.0010021794159983943,8.771697472991294e-05,0.0
vidstg/confirm/clean/order1/00012,vidstg,confirm,41,clean,order1,12,True,0.17133281874697617,0.805668016194332,0.24716880242865166,0.15859624995876073,0.805668016194332,0.2340894501515135,0.15859624995876073,0.805668016194332,0.2340894501515135,-0.012736568788215441,0.0,-0.013079352277138162,0.0,0.012736568788215441,-0.012736568788215441,0.0,-0.013079352277138162,0.0,0.012736568788215441
vidstg/confirm/clean/order1/00013,vidstg,confirm,47,clean,order1,13,False,0.6823544465487231,0.9323432343234324,0.7282509594188938,0.6892025629296165,0.9323432343234324,0.7355527513063884,0.6892025629296165,0.9323432343234324,0.7355527513063884,0.006848116380893332,0.0,0.00730179188749458,0.006848116380893332,0.0,0.006848116380893332,0.0,0.00730179188749458,0.006848116380893332,0.0
vidstg/confirm/clean/order1/00014,vidstg,confirm,32,clean,order1,14,False,0.8067029981478873,0.9532374100719424,0.8365604438587976,0.8058885456920515,0.9532374100719424,0.8358015996114533,0.8058885456920515,0.9532374100719424,0.8358015996114533,-0.0008144524558357791,0.0,-0.0007588442473442925,0.0,0.0008144524558357791,-0.0008144524558357791,0.0,-0.0007588442473442925,0.0,0.0008144524558357791
vidstg/confirm/clean/order1/00015,vidstg,confirm,33,clean,order1,15,False,0.045277914367229145,0.054313099041533544,0.8386895745562031,0.04393048016615691,0.054313099041533544,0.8173984938845646,0.04393048016615691,0.054313099041533544,0.8173984938845646,-0.0013474342010722368,0.0,-0.02129108067163843,0.0,0.0013474342010722368,-0.0013474342010722368,0.0,-0.02129108067163843,0.0,0.0013474342010722368
vidstg/confirm/clean/order2/00000,vidstg,confirm,45,clean,order2,0,True,0.04069686630782114,0.07681159420289856,0.523861540768266,0.04069686630782114,0.07681159420289856,0.523861540768266,0.04069686630782114,0.07681159420289856,0.523861540768266,0.0,0.0,0.0,0.0,-0.0,0.0,0.0,0.0,0.0,-0.0
vidstg/confirm/clean/order2/00001,vidstg,confirm,47,clean,order2,1,False,0.701965523333706,0.9323432343234324,0.749647125903625,0.7019656300539335,0.9323432343234324,0.7496482038535373,0.7019656300539335,0.9323432343234324,0.7496482038535373,1.0672022754398824e-07,0.0,1.0779499122204328e-06,1.0672022754398824e-07,0.0,1.0672022754398824e-07,0.0,1.0779499122204328e-06,1.0672022754398824e-07,0.0
vidstg/confirm/clean/order2/00002,vidstg,confirm,36,clean,order2,2,False,0.6018802611003279,0.8223140495867769,0.729684477829156,0.6018755431598556,0.8223140495867769,0.7296796171687107,0.6018755431598556,0.8223140495867769,0.7296796171687107,-4.717940472298565e-06,0.0,-4.860660445360487e-06,0.0,4.717940472298565e-06,-4.717940472298565e-06,0.0,-4.860660445360487e-06,0.0,4.717940472298565e-06
vidstg/confirm/clean/order2/00003,vidstg,confirm,41,clean,order2,3,False,0.1954812756326596,0.902834008097166,0.23339606548514377,0.19548342025719956,0.902834008097166,0.23339296807590118,0.19548342025719956,0.902834008097166,0.23339296807590118,2.1446245399570074e-06,0.0,-3.09740924259172e-06,2.1446245399570074e-06,0.0,2.1446245399570074e-06,0.0,-3.09740924259172e-06,2.1446245399570074e-06,0.0
vidstg/confirm/clean/order2/00004,vidstg,confirm,33,clean,order2,4,True,0.03918674447652931,0.04956268221574344,0.80109374666165,0.039182785249527424,0.04956268221574344,0.8010082072360847,0.039182785249527424,0.04956268221574344,0.8010082072360847,-3.959227001887333e-06,0.0,-8.553942556532856e-05,0.0,3.959227001887333e-06,-3.959227001887333e-06,0.0,-8.553942556532856e-05,0.0,3.959227001887333e-06
vidstg/confirm/clean/order2/00005,vidstg,confirm,38,clean,order2,5,False,0.04342460964319792,0.17674418604651163,0.24604625612049805,0.043411296524025395,0.17674418604651163,0.24597785569089609,0.043411296524025395,0.17674418604651163,0.24597785569089609,-1.3313119172526922e-05,0.0,-6.840042960196135e-05,0.0,1.3313119172526922e-05,-1.3313119172526922e-05,0.0,-6.840042960196135e-05,0.0,1.3313119172526922e-05
vidstg/confirm/clean/order2/00006,vidstg,confirm,32,clean,order2,6,False,0.7929393285149836,0.9532374100719424,0.8222757312311881,0.7929537815431889,0.9532374100719424,0.8222907688876078,0.7929537815431889,0.9532374100719424,0.8222907688876078,1.4453028205241303e-05,0.0,1.5037656419636392e-05,1.4453028205241303e-05,0.0,1.4453028205241303e-05,0.0,1.5037656419636392e-05,1.4453028205241303e-05,0.0
vidstg/confirm/clean/order2/00007,vidstg,confirm,34,clean,order2,7,False,0.1763292821451926,0.2914285714285714,0.6050514583413472,0.17633475194405204,0.2914285714285714,0.6050702272590022,0.17633475194405204,0.2914285714285714,0.6050702272590022,5.4697988594309965e-06,0.0,1.8768917654954365e-05,5.4697988594309965e-06,0.0,5.4697988594309965e-06,0.0,1.8768917654954365e-05,5.4697988594309965e-06,0.0
vidstg/confirm/clean/order2/00008,vidstg,confirm,40,clean,order2,8,True,0.4106129408083417,0.7753623188405797,0.5295755685191696,0.41063797290391446,0.7753623188405797,0.529607852904114,0.41063797290391446,0.7753623188405797,0.529607852904114,2.5032095572752322e-05,0.0,3.228438494440322e-05,2.5032095572752322e-05,0.0,2.5032095572752322e-05,0.0,3.228438494440322e-05,2.5032095572752322e-05,0.0
vidstg/confirm/clean/order2/00009,vidstg,confirm,44,clean,order2,9,False,0.6304664623435203,0.7602040816326531,0.8254604326072386,0.6304329713319373,0.7602040816326531,0.8254189194542916,0.6304329713319373,0.7602040816326531,0.8254189194542916,-3.3491011583008934e-05,0.0,-4.1513152946981435e-05,0.0,3.3491011583008934e-05,-3.3491011583008934e-05,0.0,-4.1513152946981435e-05,0.0,3.3491011583008934e-05
vidstg/confirm/clean/order2/00010,vidstg,confirm,35,clean,order2,10,False,0.43702665567864124,0.9537037037037037,0.45049104444094507,0.4602709978643809,0.9537037037037037,0.47386679099955387,0.4602709978643809,0.9537037037037037,0.47386679099955387,0.023244342185739675,0.0,0.0233757465586088,0.023244342185739675,0.0,0.023244342185739675,0.0,0.0233757465586088,0.023244342185739675,0.0
vidstg/confirm/clean/order2/00011,vidstg,confirm,42,clean,order2,11,False,0.6389130473520374,0.7427536231884058,0.8651170107516457,0.638860116906645,0.7427536231884058,0.865038932352585,0.638860116906645,0.7427536231884058,0.865038932352585,-5.293044539234071e-05,0.0,-7.807839906071035e-05,0.0,5.293044539234071e-05,-5.293044539234071e-05,0.0,-7.807839906071035e-05,0.0,5.293044539234071e-05
vidstg/confirm/clean/order2/00012,vidstg,confirm,37,clean,order2,12,True,0.390278628587707,0.873015873015873,0.4406300625588144,0.3896273021800325,0.873015873015873,0.43991112434656954,0.3896273021800325,0.873015873015873,0.43991112434656954,-0.0006513264076745129,0.0,-0.0007189382122448351,0.0,0.0006513264076745129,-0.0006513264076745129,0.0,-0.0007189382122448351,0.0,0.0006513264076745129
vidstg/confirm/clean/order2/00013,vidstg,confirm,46,clean,order2,13,False,0.1790734371423504,0.2645161290322581,0.6743522642263415,0.17908642273686376,0.2645161290322581,0.674329462745559,0.17908642273686376,0.2645161290322581,0.674329462745559,1.2985594513348353e-05,0.0,-2.2801480782486117e-05,1.2985594513348353e-05,0.0,1.2985594513348353e-05,0.0,-2.2801480782486117e-05,1.2985594513348353e-05,0.0
vidstg/confirm/clean/order2/00014,vidstg,confirm,39,clean,order2,14,False,0.031394598509569396,0.06593406593406594,0.5053591040658818,0.031415637535326627,0.06593406593406594,0.5056878588863009,0.031415637535326627,0.06593406593406594,0.5056878588863009,2.1039025757230156e-05,0.0,0.0003287548204190527,2.1039025757230156e-05,0.0,2.1039025757230156e-05,0.0,0.0003287548204190527,2.1039025757230156e-05,0.0
vidstg/confirm/clean/order2/00015,vidstg,confirm,43,clean,order2,15,False,0.017735726122907802,0.5368663594470046,0.028508537545711064,0.016404519790490117,0.5368663594470046,0.026368746626195226,0.016404519790490117,0.5368663594470046,0.026368746626195226,-0.001331206332417685,0.0,-0.0021397909195158375,0.0,0.001331206332417685,-0.001331206332417685,0.0,-0.0021397909195158375,0.0,0.001331206332417685
vidstg/confirm/frame_drop_5/order1/00000,vidstg,confirm,38,frame_drop_5,order1,0,True,0.0015377688797991577,0.02577319587628866,0.13604423433671697,0.0015377688797991577,0.02577319587628866,0.13604423433671697,0.0015377688797991577,0.02577319587628866,0.13604423433671697,0.0,0.0,0.0,0.0,-0.0,0.0,0.0,0.0,0.0,-0.0
vidstg/confirm/frame_drop_5/order1/00001,vidstg,confirm,40,frame_drop_5,order1,1,False,0.48343277055473227,0.8473895582329317,0.5736225688396551,0.4835215340884967,0.8473895582329317,0.5737258673165229,0.4835215340884967,0.8473895582329317,0.5737258673165229,8.876353376441326e-05,0.0,0.0001032984768677414,8.876353376441326e-05,0.0,8.876353376441326e-05,0.0,0.0001032984768677414,8.876353376441326e-05,0.0
vidstg/confirm/frame_drop_5/order1/00002,vidstg,confirm,43,frame_drop_5,order1,2,False,0.008572355285645004,0.544392523364486,0.013588770600948378,0.009104401808950276,0.544392523364486,0.014432162867521178,0.009104401808950276,0.544392523364486,0.014432162867521178,0.0005320465233052719,0.0,0.0008433922665728004,0.0005320465233052719,0.0,0.0005320465233052719,0.0,0.0008433922665728004,0.0005320465233052719,0.0
vidstg/confirm/frame_drop_5/order1/00003,vidstg,confirm,46,frame_drop_5,order1,3,False,0.18038117618626862,0.2645161290322581,0.6863802423461084,0.1803812692617167,0.2645161290322581,0.6863337170106589,0.1803812692617167,0.2645161290322581,0.6863337170106589,9.307544807102275e-08,0.0,-4.6525335449465466e-05,9.307544807102275e-08,0.0,9.307544807102275e-08,0.0,-4.6525335449465466e-05,9.307544807102275e-08,0.0
vidstg/confirm/frame_drop_5/order1/00004,vidstg,confirm,34,frame_drop_5,order1,4,True,0.1441921873040965,0.23699421965317918,0.6101318466040497,0.14420014898380046,0.23699421965317918,0.6101822359041962,0.14420014898380046,0.23699421965317918,0.6101822359041962,7.961679703960556e-06,0.0,5.038930014644727e-05,7.961679703960556e-06,0.0,7.961679703960556e-06,0.0,5.038930014644727e-05,7.961679703960556e-06,0.0
vidstg/confirm/frame_drop_5/order1/00005,vidstg,confirm,37,frame_drop_5,order1,5,False,0.44053555612359274,0.9649122807017544,0.45109618343157826,0.4413792889655803,0.9649122807017544,0.4519269683710472,0.4413792889655803,0.9649122807017544,0.4519269683710472,0.0008437328419875767,0.0,0.0008307849394689204,0.0008437328419875767,0.0,0.0008437328419875767,0.0,0.0008307849394689204,0.0008437328419875767,0.0
vidstg/confirm/frame_drop_5/order1/00006,vidstg,confirm,44,frame_drop_5,order1,6,False,0.4491037220007059,0.5459183673469388,0.8127934713563837,0.44906978238455336,0.5459183673469388,0.8127179272863143,0.44906978238455336,0.5459183673469388,0.8127179272863143,-3.393961615255625e-05,0.0,-7.554407006937769e-05,0.0,3.393961615255625e-05,-3.393961615255625e-05,0.0,-7.554407006937769e-05,0.0,3.393961615255625e-05
vidstg/confirm/frame_drop_5/order1/00007,vidstg,confirm,45,frame_drop_5,order1,7,False,0.04731504618616737,0.08149010477299184,0.5336406026688735,0.047303044344633095,0.08149010477299184,0.5335039073004663,0.047303044344633095,0.08149010477299184,0.5335039073004663,-1.2001841534277358e-05,0.0,-0.00013669536840721364,0.0,1.2001841534277358e-05,-1.2001841534277358e-05,0.0,-0.00013669536840721364,0.0,1.2001841534277358e-05
vidstg/confirm/frame_drop_5/order1/00008,vidstg,confirm,36,frame_drop_5,order1,8,True,0.38729650733654786,0.5247933884297521,0.6778694396686828,0.387323241684658,0.5247933884297521,0.6777112964253694,0.387323241684658,0.5247933884297521,0.6777112964253694,2.673434811012454e-05,0.0,-0.00015814324331342444,2.673434811012454e-05,0.0,2.673434811012454e-05,0.0,-0.00015814324331342444,2.673434811012454e-05,0.0
vidstg/confirm/frame_drop_5/order1/00009,vidstg,confirm,35,frame_drop_5,order1,9,False,0.44695061205894177,0.9537037037037037,0.4625181514871378,0.45601026215552926,0.9537037037037037,0.47119428535063174,0.45601026215552926,0.9537037037037037,0.47119428535063174,0.00905965009658749,0.0,0.008676133863493918,0.00905965009658749,0.0,0.00905965009658749,0.0,0.008676133863493918,0.00905965009658749,0.0
vidstg/confirm/frame_drop_5/order1/00010,vidstg,confirm,42,frame_drop_5,order1,10,False,0.6270669806060305,0.7427536231884058,0.8499114197485614,0.6271552772095289,0.7427536231884058,0.8500353002819939,0.6271552772095289,0.7427536231884058,0.8500353002819939,8.829660349840562e-05,0.0,0.0001238805334324855,8.829660349840562e-05,0.0,8.829660349840562e-05,0.0,0.0001238805334324855,8.829660349840562e-05,0.0
vidstg/confirm/frame_drop_5/order1/00011,vidstg,confirm,39,frame_drop_5,order1,11,False,0.10329279852884386,0.24,0.4741395342346725,0.10353365205272085,0.24,0.47490863288601187,0.10353365205272085,0.24,0.47490863288601187,0.00024085352387698267,0.0,0.0007690986513393949,0.00024085352387698267,0.0,0.00024085352387698267,0.0,0.0007690986513393949,0.00024085352387698267,0.0
vidstg/confirm/frame_drop_5/order1/00012,vidstg,confirm,41,frame_drop_5,order1,12,True,0.15823609024713942,0.6842105263157895,0.25782976915546746,0.1571756288023613,0.6842105263157895,0.243478304760019,0.1571756288023613,0.6842105263157895,0.243478304760019,-0.0010604614447781158,0.0,-0.01435146439544846,0.0,0.0010604614447781158,-0.0010604614447781158,0.0,-0.01435146439544846,0.0,0.0010604614447781158
vidstg/confirm/frame_drop_5/order1/00013,vidstg,confirm,47,frame_drop_5,order1,13,False,0.6601896593821198,0.8828382838283828,0.7348813945987787,0.6578579876163324,0.8828382838283828,0.7318147263799764,0.6578579876163324,0.8828382838283828,0.7318147263799764,-0.002331671765787413,0.0,-0.0030666682188023042,0.0,0.002331671765787413,-0.002331671765787413,0.0,-0.0030666682188023042,0.0,0.002331671765787413
vidstg/confirm/frame_drop_5/order1/00014,vidstg,confirm,32,frame_drop_5,order1,14,False,0.5468359814209147,0.658273381294964,0.8272465642016006,0.5504276287676811,0.658273381294964,0.8302883718030983,0.5504276287676811,0.658273381294964,0.8302883718030983,0.0035916473467664245,0.0,0.003041807601497748,0.0035916473467664245,0.0,0.0035916473467664245,0.0,0.003041807601497748,0.0035916473467664245,0.0
vidstg/confirm/frame_drop_5/order1/00015,vidstg,confirm,33,frame_drop_5,order1,15,False,0.0426453683882424,0.054313099041533544,0.795178151048468,0.04380897142610005,0.054313099041533544,0.8150745938416297,0.04380897142610005,0.054313099041533544,0.8150745938416297,0.0011636030378576537,0.0,0.019896442793161717,0.0011636030378576537,0.0,0.0011636030378576537,0.0,0.019896442793161717,0.0011636030378576537,0.0
vidstg/confirm/frame_drop_5/order2/00000,vidstg,confirm,45,frame_drop_5,order2,0,True,0.04068741435650995,0.07681159420289856,0.5237303015524823,0.04068741435650995,0.07681159420289856,0.5237303015524823,0.04068741435650995,0.07681159420289856,0.5237303015524823,0.0,0.0,0.0,0.0,-0.0,0.0,0.0,0.0,0.0,-0.0
vidstg/confirm/frame_drop_5/order2/00001,vidstg,confirm,47,frame_drop_5,order2,1,False,0.6667643897978274,0.8828382838283828,0.7424934041448824,0.6667674924619126,0.8828382838283828,0.742498277677244,0.6667674924619126,0.8828382838283828,0.742498277677244,3.1026640852083176e-06,0.0,4.873532361560073e-06,3.1026640852083176e-06,0.0,3.1026640852083176e-06,0.0,4.873532361560073e-06,3.1026640852083176e-06,0.0
vidstg/confirm/frame_drop_5/order2/00002,vidstg,confirm,36,frame_drop_5,order2,2,False,0.44874682827088924,0.6239669421487604,0.6913258939329029,0.44874663614203003,0.6239669421487604,0.6913290793643352,0.44874663614203003,0.6239669421487604,0.6913290793643352,-1.9212885921104927e-07,0.0,3.185431432295438e-06,0.0,1.9212885921104927e-07,-1.9212885921104927e-07,0.0,3.185431432295438e-06,0.0,1.9212885921104927e-07
vidstg/confirm/frame_drop_5/order2/00003,vidstg,confirm,41,frame_drop_5,order2,3,False,0.20151600781353593,0.8299595141700404,0.24645394932250972,0.20152518105930192,0.8299595141700404,0.2464597457171208,0.20152518105930192,0.8299595141700404,0.2464597457171208,9.1732457659921e-06,0.0,5.796394611068401e-06,9.1732457659921e-06,0.0,9.1732457659921e-06,0.0,5.796394611068401e-06,9.1732457659921e-06,0.0
vidstg/confirm/frame_drop_5/order2/00004,vidstg,confirm,33,frame_drop_5,order2,4,True,0.03921264187708913,0.04956268221574344,0.8015306888247318,0.039209181819306924,0.04956268221574344,0.801456513113672,0.039209181819306924,0.04956268221574344,0.801456513113672,-3.4600577822063716e-06,0.0,-7.417571105972076e-05,0.0,3.4600577822063716e-06,-3.4600577822063716e-06,0.0,-7.417571105972076e-05,0.0,3.4600577822063716e-06
vidstg/confirm/frame_drop_5/order2/00005,vidstg,confirm,38,frame_drop_5,order2,5,False,0.0,0.0,0.11974264528552016,0.0,0.0,0.11996905534780905,0.0,0.0,0.11996905534780905,0.0,0.0,0.0002264100622888926,0.0,-0.0,0.0,0.0,0.0002264100622888926,0.0,-0.0
vidstg/confirm/frame_drop_5/order2/00006,vidstg,confirm,32,frame_drop_5,order2,6,False,0.5375783833276684,0.658273381294964,0.8164633071913466,0.5375735391502968,0.658273381294964,0.8164584409590411,0.5375735391502968,0.658273381294964,0.8164584409590411,-4.844177371565728e-06,0.0,-4.86623230555594e-06,0.0,4.844177371565728e-06,-4.844177371565728e-06,0.0,-4.86623230555594e-06,0.0,4.844177371565728e-06
vidstg/confirm/frame_drop_5/order2/00007,vidstg,confirm,34,frame_drop_5,order2,7,False,0.176416695468016,0.2914285714285714,0.605351406017702,0.17641703991585359,0.2914285714285714,0.6053525879465563,0.17641703991585359,0.2914285714285714,0.6053525879465563,3.44447837585804e-07,0.0,1.1819288543435391e-06,3.44447837585804e-07,0.0,3.44447837585804e-07,0.0,1.1819288543435391e-06,3.44447837585804e-07,0.0
vidstg/confirm/frame_drop_5/order2/00008,vidstg,confirm,40,frame_drop_5,order2,8,True,0.41095319481866854,0.7753623188405797,0.5300144007941706,0.4109692544150579,0.7753623188405797,0.5300351131708223,0.4109692544150579,0.7753623188405797,0.5300351131708223,1.6059596389339514e-05,0.0,2.0712376651688125e-05,1.6059596389339514e-05,0.0,1.6059596389339514e-05,0.0,2.0712376651688125e-05,1.6059596389339514e-05,0.0
vidstg/confirm/frame_drop_5/order2/00009,vidstg,confirm,44,frame_drop_5,order2,9,False,0.4538408430551952,0.5459183673469388,0.8226726777970281,0.45382494852117616,0.5459183673469388,0.8226373831827763,0.45382494852117616,0.5459183673469388,0.8226373831827763,-1.5894534019011974e-05,0.0,-3.52946142517796e-05,0.0,1.5894534019011974e-05,-1.5894534019011974e-05,0.0,-3.52946142517796e-05,0.0,1.5894534019011974e-05
vidstg/confirm/frame_drop_5/order2/00010,vidstg,confirm,35,frame_drop_5,order2,10,False,0.44037390205140314,0.9537037037037037,0.45389212540154356,0.4621690389656692,0.9537037037037037,0.47583251567543344,0.4621690389656692,0.9537037037037037,0.47583251567543344,0.021795136914266044,0.0,0.021940390273889887,0.021795136914266044,0.0,0.021795136914266044,0.0,0.021940390273889887,0.021795136914266044,0.0
vidstg/confirm/frame_drop_5/order2/00011,vidstg,confirm,42,frame_drop_5,order2,11,False,0.6388010416770163,0.7427536231884058,0.8650055647431749,0.6387491046574904,0.7427536231884058,0.8649296878368373,0.6387491046574904,0.7427536231884058,0.8649296878368373,-5.193701952599383e-05,0.0,-7.587690633759081e-05,0.0,5.193701952599383e-05,-5.193701952599383e-05,0.0,-7.587690633759081e-05,0.0,5.193701952599383e-05
vidstg/confirm/frame_drop_5/order2/00012,vidstg,confirm,37,frame_drop_5,order2,12,True,0.39063736643628644,0.873015873015873,0.44103570788599045,0.38997256188968815,0.873015873015873,0.4402997136361471,0.38997256188968815,0.873015873015873,0.4402997136361471,-0.0006648045465982855,0.0,-0.0007359942498433303,0.0,0.0006648045465982855,-0.0006648045465982855,0.0,-0.0007359942498433303,0.0,0.0006648045465982855
vidstg/confirm/frame_drop_5/order2/00013,vidstg,confirm,46,frame_drop_5,order2,13,False,0.17862308360031467,0.2645161290322581,0.672367193442639,0.17863376029302913,0.2645161290322581,0.6724125885669039,0.17863376029302913,0.2645161290322581,0.6724125885669039,1.067669271445637e-05,0.0,4.5395124264935305e-05,1.067669271445637e-05,0.0,1.067669271445637e-05,0.0,4.5395124264935305e-05,1.067669271445637e-05,0.0
vidstg/confirm/frame_drop_5/order2/00014,vidstg,confirm,39,frame_drop_5,order2,14,False,0.11494595499431455,0.24,0.5124178274169794,0.11507776415881278,0.24,0.5128660469047247,0.11507776415881278,0.24,0.5128660469047247,0.0001318091644982311,0.0,0.00044821948774531606,0.0001318091644982311,0.0,0.0001318091644982311,0.0,0.00044821948774531606,0.0001318091644982311,0.0
vidstg/confirm/frame_drop_5/order2/00015,vidstg,confirm,43,frame_drop_5,order2,15,False,0.018672607664715336,0.544392523364486,0.02959954103888208,0.01707441540844761,0.544392523364486,0.027066110351168807,0.01707441540844761,0.544392523364486,0.027066110351168807,-0.001598192256267724,0.0,-0.002533430687713275,0.0,0.001598192256267724,-0.001598192256267724,0.0,-0.002533430687713275,0.0,0.001598192256267724
vidstg/confirm/frame_freeze_5/order1/00000,vidstg,confirm,38,frame_freeze_5,order1,0,True,0.00769635056543358,0.09595959595959595,0.14492118917535785,0.00769635056543358,0.09595959595959595,0.14492118917535785,0.00769635056543358,0.09595959595959595,0.14492118917535785,0.0,0.0,0.0,0.0,-0.0,0.0,0.0,0.0,0.0,-0.0
vidstg/confirm/frame_freeze_5/order1/00001,vidstg,confirm,40,frame_freeze_5,order1,1,False,0.4867838685167707,0.8473895582329317,0.577584365138697,0.48671981857711766,0.8473895582329317,0.5775077376035924,0.48671981857711766,0.8473895582329317,0.5775077376035924,-6.404993965303252e-05,0.0,-7.662753510462306e-05,0.0,6.404993965303252e-05,-6.404993965303252e-05,0.0,-7.662753510462306e-05,0.0,6.404993965303252e-05
vidstg/confirm/frame_freeze_5/order1/00002,vidstg,confirm,43,frame_freeze_5,order1,2,False,0.00900515433382474,0.5154867256637168,0.015075295403291786,0.009142424035540735,0.5154867256637168,0.015305095052090415,0.009142424035540735,0.5154867256637168,0.015305095052090415,0.00013726970171599497,0.0,0.00022979964879862869,0.00013726970171599497,0.0,0.00013726970171599497,0.0,0.00022979964879862869,0.00013726970171599497,0.0
vidstg/confirm/frame_freeze_5/order1/00003,vidstg,confirm,46,frame_freeze_5,order1,3,False,0.17952080742891038,0.2645161290322581,0.6847762081397574,0.1795219731190697,0.2645161290322581,0.684823939106405,0.1795219731190697,0.2645161290322581,0.684823939106405,1.1656901593160018e-06,0.0,4.77309666476744e-05,1.1656901593160018e-06,0.0,1.1656901593160018e-06,0.0,4.77309666476744e-05,1.1656901593160018e-06,0.0
vidstg/confirm/frame_freeze_5/order1/00004,vidstg,confirm,34,frame_freeze_5,order1,4,True,0.19195681564360734,0.3128834355828221,0.6135090382334901,0.19195682505466155,0.3128834355828221,0.6135090683119575,0.19195682505466155,0.3128834355828221,0.6135090683119575,9.411054213703807e-09,0.0,3.007846738345421e-08,9.411054213703807e-09,0.0,9.411054213703807e-09,0.0,3.007846738345421e-08,9.411054213703807e-09,0.0
vidstg/confirm/frame_freeze_5/order1/00005,vidstg,confirm,37,frame_freeze_5,order1,5,False,0.44551136108134054,0.9649122807017544,0.4562149149140836,0.44335613977760546,0.9649122807017544,0.45405416080659433,0.44335613977760546,0.9649122807017544,0.45405416080659433,-0.0021552213037350776,0.0,-0.002160754107489282,0.0,0.0021552213037350776,-0.0021552213037350776,0.0,-0.002160754107489282,0.0,0.0021552213037350776
vidstg/confirm/frame_freeze_5/order1/00006,vidstg,confirm,44,frame_freeze_5,order1,6,False,0.6230751544016205,0.7602040816326531,0.8155547380856325,0.6230886977058125,0.7602040816326531,0.8155746115614942,0.6230886977058125,0.7602040816326531,0.8155746115614942,1.3543304192009664e-05,0.0,1.9873475861742484e-05,1.3543304192009664e-05,0.0,1.3543304192009664e-05,0.0,1.9873475861742484e-05,1.3543304192009664e-05,0.0
vidstg/confirm/frame_freeze_5/order1/00007,vidstg,confirm,45,frame_freeze_5,order1,7,False,0.05479363273487238,0.09898762654668167,0.5338874855551289,0.054783348286097315,0.09898762654668167,0.5337882591160019,0.054783348286097315,0.09898762654668167,0.5337882591160019,-1.0284448775065014e-05,0.0,-9.922643912696483e-05,0.0,1.0284448775065014e-05,-1.0284448775065014e-05,0.0,-9.922643912696483e-05,0.0,1.0284448775065014e-05
vidstg/confirm/frame_freeze_5/order1/00008,vidstg,confirm,36,frame_freeze_5,order1,8,True,0.5623831610172894,0.8223140495867769,0.6850987331626576,0.5625180347238153,0.8223140495867769,0.6852672495805618,0.5625180347238153,0.8223140495867769,0.6852672495805618,0.00013487370652598418,0.0,0.00016851641790427418,0.00013487370652598418,0.0,0.00013487370652598418,0.0,0.00016851641790427418,0.00013487370652598418,0.0
vidstg/confirm/frame_freeze_5/order1/00009,vidstg,confirm,35,frame_freeze_5,order1,9,False,0.31883709317650694,0.7039473684210527,0.44873368669286157,0.3192456187528646,0.7039473684210527,0.44930864861514275,0.3192456187528646,0.7039473684210527,0.44930864861514275,0.0004085255763576767,0.0,0.0005749619222811808,0.0004085255763576767,0.0,0.0004085255763576767,0.0,0.0005749619222811808,0.0004085255763576767,0.0
vidstg/confirm/frame_freeze_5/order1/00010,vidstg,confirm,42,frame_freeze_5,order1,10,False,0.6265546737012385,0.7427536231884058,0.8491902802320471,0.6265092215626884,0.7427536231884058,0.84911534999743,0.6265092215626884,0.7427536231884058,0.84911534999743,-4.5452138550117205e-05,0.0,-7.493023461713211e-05,0.0,4.5452138550117205e-05,-4.5452138550117205e-05,0.0,-7.493023461713211e-05,0.0,4.5452138550117205e-05
vidstg/confirm/frame_freeze_5/order1/00011,vidstg,confirm,39,frame_freeze_5,order1,11,False,0.13475270866817324,0.3,0.4869707620402849,0.13503481763813766,0.3,0.48771034976446714,0.13503481763813766,0.3,0.48771034976446714,0.0002821089699644175,0.0,0.0007395877241822557,0.0002821089699644175,0.0,0.0002821089699644175,0.0,0.0007395877241822557,0.0002821089699644175,0.0
vidstg/confirm/frame_freeze_5/order1/00012,vidstg,confirm,41,frame_freeze_5,order1,12,True,0.21896145783451249,0.854251012145749,0.27643601705461857,0.2185296764308388,0.854251012145749,0.27585026999099993,0.2185296764308388,0.854251012145749,0.27585026999099993,-0.00043178140367369777,0.0,-0.0005857470636186357,0.0,0.00043178140367369777,-0.00043178140367369777,0.0,-0.0005857470636186357,0.0,0.00043178140367369777
vidstg/confirm/frame_freeze_5/order1/00013,vidstg,confirm,47,frame_freeze_5,order1,13,False,0.6917724858545673,0.9323432343234324,0.7383376990884057,0.6918040204005593,0.9323432343234324,0.7383666316798952,0.6918040204005593,0.9323432343234324,0.7383666316798952,3.1534545992029095e-05,0.0,2.8932591489505555e-05,3.1534545992029095e-05,0.0,3.1534545992029095e-05,0.0,2.8932591489505555e-05,3.1534545992029095e-05,0.0
vidstg/confirm/frame_freeze_5/order1/00014,vidstg,confirm,32,frame_freeze_5,order1,14,False,0.8035560351072213,0.9532374100719424,0.8334294569939686,0.8033682496324124,0.9532374100719424,0.8332353578447897,0.8033682496324124,0.9532374100719424,0.8332353578447897,-0.00018778547480891028,0.0,-0.0001940991491788946,0.0,0.00018778547480891028,-0.00018778547480891028,0.0,-0.0001940991491788946,0.0,0.00018778547480891028
vidstg/confirm/frame_freeze_5/order1/00015,vidstg,confirm,33,frame_freeze_5,order1,15,False,0.04309601702704209,0.054313099041533544,0.803220599401498,0.0429109412785809,0.054313099041533544,0.7994106582903989,0.0429109412785809,0.054313099041533544,0.7994106582903989,-0.00018507574846118868,0.0,-0.0038099411110991133,0.0,0.00018507574846118868,-0.00018507574846118868,0.0,-0.0038099411110991133,0.0,0.00018507574846118868
vidstg/confirm/frame_freeze_5/order2/00000,vidstg,confirm,45,frame_freeze_5,order2,0,True,0.040697285670845344,0.07681159420289856,0.523865141874624,0.040697285670845344,0.07681159420289856,0.523865141874624,0.040697285670845344,0.07681159420289856,0.523865141874624,0.0,0.0,0.0,0.0,-0.0,0.0,0.0,0.0,0.0,-0.0
vidstg/confirm/frame_freeze_5/order2/00001,vidstg,confirm,47,frame_freeze_5,order2,1,False,0.7024187581197544,0.9323432343234324,0.7500999958614671,0.7024181830561663,0.9323432343234324,0.7501003359579292,0.7024181830561663,0.9323432343234324,0.7501003359579292,-5.750635880819033e-07,0.0,3.400964621036451e-07,0.0,5.750635880819033e-07,-5.750635880819033e-07,0.0,3.400964621036451e-07,0.0,5.750635880819033e-07
vidstg/confirm/frame_freeze_5/order2/00002,vidstg,confirm,36,frame_freeze_5,order2,2,False,0.5149288985720826,0.7231404958677686,0.7016373202400259,0.5149246307617781,0.7231404958677686,0.7016325722622231,0.5149246307617781,0.7231404958677686,0.7016325722622231,-4.267810304492414e-06,0.0,-4.7479778028103325e-06,0.0,4.267810304492414e-06,-4.267810304492414e-06,0.0,-4.7479778028103325e-06,0.0,4.267810304492414e-06
vidstg/confirm/frame_freeze_5/order2/00003,vidstg,confirm,41,frame_freeze_5,order2,3,False,0.23886982448913743,0.902834008097166,0.27687163523017166,0.23868641099622023,0.902834008097166,0.2766819695775008,0.23868641099622023,0.902834008097166,0.2766819695775008,-0.00018341349291720044,0.0,-0.00018966565267086732,0.0,0.00018341349291720044,-0.00018341349291720044,0.0,-0.00018966565267086732,0.0,0.00018341349291720044
vidstg/confirm/frame_freeze_5/order2/00004,vidstg,confirm,33,frame_freeze_5,order2,4,True,0.03919225025628501,0.04956268221574344,0.8011890795401474,0.039188474419711024,0.04956268221574344,0.8011075884085771,0.039188474419711024,0.04956268221574344,0.8011075884085771,-3.775836573988167e-06,0.0,-8.14911315702993e-05,0.0,3.775836573988167e-06,-3.775836573988167e-06,0.0,-8.14911315702993e-05,0.0,3.775836573988167e-06
vidstg/confirm/frame_freeze_5/order2/00005,vidstg,confirm,38,frame_freeze_5,order2,5,False,0.0,0.0,0.1416758969171419,0.0,0.0,0.14168349907768985,0.0,0.0,0.14168349907768985,0.0,0.0,7.602160547931502e-06,0.0,-0.0,0.0,0.0,7.602160547931502e-06,0.0,-0.0
vidstg/confirm/frame_freeze_5/order2/00006,vidstg,confirm,32,frame_freeze_5,order2,6,False,0.7925992603726953,0.9532374100719424,0.8219296103364547,0.7926144002484814,0.9532374100719424,0.8219453331744924,0.7926144002484814,0.9532374100719424,0.8219453331744924,1.5139875786052137e-05,0.0,1.572283803763508e-05,1.5139875786052137e-05,0.0,1.5139875786052137e-05,0.0,1.572283803763508e-05,1.5139875786052137e-05,0.0
vidstg/confirm/frame_freeze_5/order2/00007,vidstg,confirm,34,frame_freeze_5,order2,7,False,0.1764089670100575,0.2914285714285714,0.6053248867992169,0.17641444512324728,0.2914285714285714,0.6053436842464367,0.17641444512324728,0.2914285714285714,0.6053436842464367,5.4781131897663204e-06,0.0,1.8797447219776053e-05,5.4781131897663204e-06,0.0,5.4781131897663204e-06,0.0,1.8797447219776053e-05,5.4781131897663204e-06,0.0
vidstg/confirm/frame_freeze_5/order2/00008,vidstg,confirm,40,frame_freeze_5,order2,8,True,0.4107448653963331,0.7753623188405797,0.5297457142494764,0.41077048991252174,0.7753623188405797,0.5297787626909158,0.41077048991252174,0.7753623188405797,0.5297787626909158,2.562451618864925e-05,0.0,3.304844143947605e-05,2.562451618864925e-05,0.0,2.562451618864925e-05,0.0,3.304844143947605e-05,2.562451618864925e-05,0.0
vidstg/confirm/frame_freeze_5/order2/00009,vidstg,confirm,44,frame_freeze_5,order2,9,False,0.6302493054147732,0.7602040816326531,0.8251975788978453,0.6302195170831824,0.7602040816326531,0.8251607305418595,0.6302195170831824,0.7602040816326531,0.8251607305418595,-2.9788331590840933e-05,0.0,-3.684835598583014e-05,0.0,2.9788331590840933e-05,-2.9788331590840933e-05,0.0,-3.684835598583014e-05,0.0,2.9788331590840933e-05
vidstg/confirm/frame_freeze_5/order2/00010,vidstg,confirm,35,frame_freeze_5,order2,10,False,0.294299385959192,0.7039473684210527,0.4141991357944183,0.31049179135110666,0.7039473684210527,0.43698844708674267,0.31049179135110666,0.7039473684210527,0.43698844708674267,0.016192405391914688,0.0,0.022789311292324366,0.016192405391914688,0.0,0.016192405391914688,0.0,0.022789311292324366,0.016192405391914688,0.0
vidstg/confirm/frame_freeze_5/order2/00011,vidstg,confirm,42,frame_freeze_5,order2,11,False,0.6391154738627719,0.7427536231884058,0.8654931717004622,0.6390589347018389,0.7427536231884058,0.8654109526593878,0.6390589347018389,0.7427536231884058,0.8654109526593878,-5.6539160932955745e-05,0.0,-8.221904107441613e-05,0.0,5.6539160932955745e-05,-5.6539160932955745e-05,0.0,-8.221904107441613e-05,0.0,5.6539160932955745e-05
vidstg/confirm/frame_freeze_5/order2/00012,vidstg,confirm,37,frame_freeze_5,order2,12,True,0.3904270963924044,0.873015873015873,0.4408011060190037,0.38975370658083225,0.873015873015873,0.4400563810505627,0.38975370658083225,0.873015873015873,0.4400563810505627,-0.000673389811572167,0.0,-0.0007447249684409685,0.0,0.000673389811572167,-0.000673389811572167,0.0,-0.0007447249684409685,0.0,0.000673389811572167
vidstg/confirm/frame_freeze_5/order2/00013,vidstg,confirm,46,frame_freeze_5,order2,13,False,0.17921984967617283,0.2645161290322581,0.6746412901168625,0.17922252447326226,0.2645161290322581,0.6745451803640347,0.17922252447326226,0.2645161290322581,0.6745451803640347,2.674797089430303e-06,0.0,-9.610975282781098e-05,2.674797089430303e-06,0.0,2.674797089430303e-06,0.0,-9.610975282781098e-05,2.674797089430303e-06,0.0
vidstg/confirm/frame_freeze_5/order2/00014,vidstg,confirm,39,frame_freeze_5,order2,14,False,0.13637697264153748,0.3,0.510679020233378,0.13646636793685973,0.3,0.5109167280964837,0.13646636793685973,0.3,0.5109167280964837,8.939529532225876e-05,0.0,0.00023770786310572944,8.939529532225876e-05,0.0,8.939529532225876e-05,0.0,0.00023770786310572944,8.939529532225876e-05,0.0
vidstg/confirm/frame_freeze_5/order2/00015,vidstg,confirm,43,frame_freeze_5,order2,15,False,0.01744254813457701,0.5154867256637168,0.02920011761788448,0.016033773240714824,0.5154867256637168,0.026841724091863337,0.016033773240714824,0.5154867256637168,0.026841724091863337,-0.0014087748938621872,0.0,-0.0023583935260211436,0.0,0.0014087748938621872,-0.0014087748938621872,0.0,-0.0023583935260211436,0.0,0.0014087748938621872
vidstg/confirm/motion_blur_5/order1/00000,vidstg,confirm,38,motion_blur_5,order1,0,True,0.007155237779969883,0.11162790697674418,0.07518427448388879,0.007155237779969883,0.11162790697674418,0.07518427448388879,0.007155237779969883,0.11162790697674418,0.07518427448388879,0.0,0.0,0.0,0.0,-0.0,0.0,0.0,0.0,0.0,-0.0
vidstg/confirm/motion_blur_5/order1/00001,vidstg,confirm,40,motion_blur_5,order1,1,False,0.48633923118310735,0.8473895582329317,0.5770283315210774,0.48628635023600275,0.8473895582329317,0.576964095332207,0.48628635023600275,0.8473895582329317,0.576964095332207,-5.2880947104594345e-05,0.0,-6.423618887030358e-05,0.0,5.2880947104594345e-05,-5.2880947104594345e-05,0.0,-6.423618887030358e-05,0.0,5.2880947104594345e-05
vidstg/confirm/motion_blur_5/order1/00002,vidstg,confirm,43,motion_blur_5,order1,2,False,0.009247078202819786,0.5368663594470046,0.0148638220000881,0.00959722406881545,0.5368663594470046,0.015426649058762612,0.00959722406881545,0.5368663594470046,0.015426649058762612,0.0003501458659956637,0.0,0.0005628270586745115,0.0003501458659956637,0.0,0.0003501458659956637,0.0,0.0005628270586745115,0.0003501458659956637,0.0
vidstg/confirm/motion_blur_5/order1/00003,vidstg,confirm,46,motion_blur_5,order1,3,False,0.18017840671573204,0.2645161290322581,0.6871446110292428,0.18017809011204383,0.2645161290322581,0.6872165628047149,0.18017809011204383,0.2645161290322581,0.6872165628047149,-3.1660368821073703e-07,0.0,7.195177547203446e-05,0.0,3.1660368821073703e-07,-3.1660368821073703e-07,0.0,7.195177547203446e-05,0.0,3.1660368821073703e-07
vidstg/confirm/motion_blur_5/order1/00004,vidstg,confirm,34,motion_blur_5,order1,4,True,0.19240477713733542,0.3128834355828221,0.6149407583016799,0.19241007735347837,0.3128834355828221,0.6149576982081759,0.19241007735347837,0.3128834355828221,0.6149576982081759,5.300216142950509e-06,0.0,1.693990649598298e-05,5.300216142950509e-06,0.0,5.300216142950509e-06,0.0,1.693990649598298e-05,5.300216142950509e-06,0.0
vidstg/confirm/motion_blur_5/order1/00005,vidstg,confirm,37,motion_blur_5,order1,5,False,0.44451186711074053,0.9649122807017544,0.4551490725745608,0.4418337054011585,0.9649122807017544,0.4524592472309497,0.4418337054011585,0.9649122807017544,0.4524592472309497,-0.0026781617095820165,0.0,-0.002689825343611063,0.0,0.0026781617095820165,-0.0026781617095820165,0.0,-0.002689825343611063,0.0,0.0026781617095820165
vidstg/confirm/motion_blur_5/order1/00006,vidstg,confirm,44,motion_blur_5,order1,6,False,0.6220745965762892,0.7602040816326531,0.8147173395957704,0.6220201047039429,0.7602040816326531,0.8146446434517296,0.6220201047039429,0.7602040816326531,0.8146446434517296,-5.4491872346296155e-05,0.0,-7.269614404081803e-05,0.0,5.4491872346296155e-05,-5.4491872346296155e-05,0.0,-7.269614404081803e-05,0.0,5.4491872346296155e-05
vidstg/confirm/motion_blur_5/order1/00007,vidstg,confirm,45,motion_blur_5,order1,7,False,0.05482096238069625,0.09898762654668167,0.5341504426172261,0.05480773471620403,0.09898762654668167,0.5340249900364762,0.05480773471620403,0.09898762654668167,0.5340249900364762,-1.3227664492222735e-05,0.0,-0.0001254525807499185,0.0,1.3227664492222735e-05,-1.3227664492222735e-05,0.0,-0.0001254525807499185,0.0,1.3227664492222735e-05
vidstg/confirm/motion_blur_5/order1/00008,vidstg,confirm,36,motion_blur_5,order1,8,True,0.4246579619340937,0.5743801652892562,0.7125185733177025,0.42466899814454834,0.5743801652892562,0.712612011268984,0.42466899814454834,0.5743801652892562,0.712612011268984,1.1036210454618e-05,0.0,9.343795128147203e-05,1.1036210454618e-05,0.0,1.1036210454618e-05,0.0,9.343795128147203e-05,1.1036210454618e-05,0.0
vidstg/confirm/motion_blur_5/order1/00009,vidstg,confirm,35,motion_blur_5,order1,9,False,0.458594810300722,0.9537037037037037,0.4749037503289165,0.45636822676361355,0.9537037037037037,0.47248958696352295,0.45636822676361355,0.9537037037037037,0.47248958696352295,-0.002226583537108473,0.0,-0.0024141633653935735,0.0,0.002226583537108473,-0.002226583537108473,0.0,-0.0024141633653935735,0.0,0.002226583537108473
vidstg/confirm/motion_blur_5/order1/00010,vidstg,confirm,42,motion_blur_5,order1,10,False,0.6274011968552706,0.7427536231884058,0.8503061356000333,0.627273738159932,0.7427536231884058,0.8501304672351273,0.627273738159932,0.7427536231884058,0.8501304672351273,-0.00012745869533858922,0.0,-0.000175668364906012,0.0,0.00012745869533858922,-0.00012745869533858922,0.0,-0.000175668364906012,0.0,0.00012745869533858922
vidstg/confirm/motion_blur_5/order1/00011,vidstg,confirm,39,motion_blur_5,order1,11,False,0.13299969207102372,0.3,0.4809148803900823,0.13360540084583708,0.3,0.482254547410488,0.13360540084583708,0.3,0.482254547410488,0.0006057087748133627,0.0,0.0013396670204057215,0.0006057087748133627,0.0,0.0006057087748133627,0.0,0.0013396670204057215,0.0006057087748133627,0.0
vidstg/confirm/motion_blur_5/order1/00012,vidstg,confirm,41,motion_blur_5,order1,12,True,0.18484918473418802,0.7813765182186235,0.2676331018729655,0.18450784739901643,0.7813765182186235,0.2670118462889507,0.18450784739901643,0.7813765182186235,0.2670118462889507,-0.00034133733517158205,0.0,-0.0006212555840148237,0.0,0.00034133733517158205,-0.00034133733517158205,0.0,-0.0006212555840148237,0.0,0.00034133733517158205
vidstg/confirm/motion_blur_5/order1/00013,vidstg,confirm,47,motion_blur_5,order1,13,False,0.6888295138777325,0.9323432343234324,0.7346540520908876,0.6872552411671277,0.9323432343234324,0.7329707499806706,0.6872552411671277,0.9323432343234324,0.7329707499806706,-0.0015742727106048404,0.0,-0.0016833021102170553,0.0,0.0015742727106048404,-0.0015742727106048404,0.0,-0.0016833021102170553,0.0,0.0015742727106048404
vidstg/confirm/motion_blur_5/order1/00014,vidstg,confirm,32,motion_blur_5,order1,14,False,0.7938221264224276,0.9532374100719424,0.8237291196735121,0.7953133649984931,0.9532374100719424,0.8252545712130597,0.7953133649984931,0.9532374100719424,0.8252545712130597,0.00149123857606559,0.0,0.0015254515395475288,0.00149123857606559,0.0,0.00149123857606559,0.0,0.0015254515395475288,0.00149123857606559,0.0
vidstg/confirm/motion_blur_5/order1/00015,vidstg,confirm,33,motion_blur_5,order1,15,False,0.04337369468928179,0.054313099041533544,0.8083238329564929,0.04383130417877164,0.054313099041533544,0.8153338879481389,0.04383130417877164,0.054313099041533544,0.8153338879481389,0.00045760948948984914,0.0,0.007010054991645975,0.00045760948948984914,0.0,0.00045760948948984914,0.0,0.007010054991645975,0.00045760948948984914,0.0
vidstg/confirm/motion_blur_5/order2/00000,vidstg,confirm,45,motion_blur_5,order2,0,True,0.04069493474734941,0.07681159420289856,0.5238280430504378,0.04069493474734941,0.07681159420289856,0.5238280430504378,0.04069493474734941,0.07681159420289856,0.5238280430504378,0.0,0.0,0.0,0.0,-0.0,0.0,0.0,0.0,0.0,-0.0
vidstg/confirm/motion_blur_5/order2/00001,vidstg,confirm,47,motion_blur_5,order2,1,False,0.6984632264645908,0.9323432343234324,0.745252156551245,0.6984650162616051,0.9323432343234324,0.7452553576420539,0.6984650162616051,0.9323432343234324,0.7452553576420539,1.7897970142621844e-06,0.0,3.2010908088686563e-06,1.7897970142621844e-06,0.0,1.7897970142621844e-06,0.0,3.2010908088686563e-06,1.7897970142621844e-06,0.0
vidstg/confirm/motion_blur_5/order2/00002,vidstg,confirm,36,motion_blur_5,order2,2,False,0.5412186477121296,0.7231404958677686,0.7285989073474443,0.5412143450003654,0.7231404958677686,0.7285956387859225,0.5412143450003654,0.7231404958677686,0.7285956387859225,-4.302711764214706e-06,0.0,-3.268561521774238e-06,0.0,4.302711764214706e-06,-4.302711764214706e-06,0.0,-3.268561521774238e-06,0.0,4.302711764214706e-06
vidstg/confirm/motion_blur_5/order2/00003,vidstg,confirm,41,motion_blur_5,order2,3,False,0.20659296408804942,0.8299595141700404,0.2704322750938502,0.20646478033779417,0.8299595141700404,0.27031083230177677,0.20646478033779417,0.8299595141700404,0.27031083230177677,-0.00012818375025525075,0.0,-0.000121442792073434,0.0,0.00012818375025525075,-0.00012818375025525075,0.0,-0.000121442792073434,0.0,0.00012818375025525075
vidstg/confirm/motion_blur_5/order2/00004,vidstg,confirm,33,motion_blur_5,order2,4,True,0.0391906982473326,0.04956268221574344,0.8011714486369802,0.03918658061112562,0.04956268221574344,0.8010829157310875,0.03918658061112562,0.04956268221574344,0.8010829157310875,-4.117636206980857e-06,0.0,-8.853290589272422e-05,0.0,4.117636206980857e-06,-4.117636206980857e-06,0.0,-8.853290589272422e-05,0.0,4.117636206980857e-06
vidstg/confirm/motion_blur_5/order2/00005,vidstg,confirm,38,motion_blur_5,order2,5,False,0.00950687098487272,0.14883720930232558,0.07699921832725835,0.009494680954559364,0.14883720930232558,0.07693765525515645,0.009494680954559364,0.14883720930232558,0.07693765525515645,-1.2190030313356456e-05,0.0,-6.156307210190837e-05,0.0,1.2190030313356456e-05,-1.2190030313356456e-05,0.0,-6.156307210190837e-05,0.0,1.2190030313356456e-05
vidstg/confirm/motion_blur_5/order2/00006,vidstg,confirm,32,motion_blur_5,order2,6,False,0.7811294455994456,0.9532374100719424,0.81046265063546,0.7811342943880407,0.9532374100719424,0.8104672708716337,0.7811342943880407,0.9532374100719424,0.8104672708716337,4.848788595079867e-06,0.0,4.620236173757952e-06,4.848788595079867e-06,0.0,4.848788595079867e-06,0.0,4.620236173757952e-06,4.848788595079867e-06,0.0
vidstg/confirm/motion_blur_5/order2/00007,vidstg,confirm,34,motion_blur_5,order2,7,False,0.17635924354496219,0.2914285714285714,0.6051542670660467,0.17635769693963668,0.2914285714285714,0.6051489600869886,0.17635769693963668,0.2914285714285714,0.6051489600869886,-1.5466053255031031e-06,0.0,-5.306979058095074e-06,0.0,1.5466053255031031e-06,-1.5466053255031031e-06,0.0,-5.306979058095074e-06,0.0,1.5466053255031031e-06
vidstg/confirm/motion_blur_5/order2/00008,vidstg,confirm,40,motion_blur_5,order2,8,True,0.41065306390367823,0.7753623188405797,0.5296273160626879,0.4106592281269227,0.7753623188405797,0.5296352661823863,0.4106592281269227,0.7753623188405797,0.5296352661823863,6.164223244453648e-06,0.0,7.950119698452163e-06,6.164223244453648e-06,0.0,6.164223244453648e-06,0.0,7.950119698452163e-06,6.164223244453648e-06,0.0
vidstg/confirm/motion_blur_5/order2/00009,vidstg,confirm,44,motion_blur_5,order2,9,False,0.6290503182476757,0.7602040816326531,0.8240452787107798,0.6290301370888606,0.7602040816326531,0.824020730970893,0.6290301370888606,0.7602040816326531,0.824020730970893,-2.0181158815080202e-05,0.0,-2.4547739886804365e-05,0.0,2.0181158815080202e-05,-2.0181158815080202e-05,0.0,-2.4547739886804365e-05,0.0,2.0181158815080202e-05
vidstg/confirm/motion_blur_5/order2/00010,vidstg,confirm,35,motion_blur_5,order2,10,False,0.43257146120129153,0.9537037037037037,0.44680217490431595,0.45808166275353157,0.9537037037037037,0.47243988901900635,0.45808166275353157,0.9537037037037037,0.47243988901900635,0.02551020155224004,0.0,0.025637714114690402,0.02551020155224004,0.0,0.02551020155224004,0.0,0.025637714114690402,0.02551020155224004,0.0
vidstg/confirm/motion_blur_5/order2/00011,vidstg,confirm,42,motion_blur_5,order2,11,False,0.6390171425321759,0.7427536231884058,0.8652992235683794,0.6389698872577488,0.7427536231884058,0.8652298016916293,0.6389698872577488,0.7427536231884058,0.8652298016916293,-4.7255274427060456e-05,0.0,-6.942187675007538e-05,0.0,4.7255274427060456e-05,-4.7255274427060456e-05,0.0,-6.942187675007538e-05,0.0,4.7255274427060456e-05
vidstg/confirm/motion_blur_5/order2/00012,vidstg,confirm,37,motion_blur_5,order2,12,True,0.3905598901588301,0.873015873015873,0.4409407633385341,0.38985057524977995,0.873015873015873,0.4401549860555891,0.38985057524977995,0.873015873015873,0.4401549860555891,-0.0007093149090501294,0.0,-0.0007857772829449883,0.0,0.0007093149090501294,-0.0007093149090501294,0.0,-0.0007857772829449883,0.0,0.0007093149090501294
vidstg/confirm/motion_blur_5/order2/00013,vidstg,confirm,46,motion_blur_5,order2,13,False,0.1791745091285009,0.2645161290322581,0.6750431409878418,0.17920518481511388,0.2645161290322581,0.6752432486700022,0.17920518481511388,0.2645161290322581,0.6752432486700022,3.067568661299647e-05,0.0,0.00020010768216038866,3.067568661299647e-05,0.0,3.067568661299647e-05,0.0,0.00020010768216038866,3.067568661299647e-05,0.0
vidstg/confirm/motion_blur_5/order2/00014,vidstg,confirm,39,motion_blur_5,order2,14,False,0.13753117305707724,0.3,0.5144194678756882,0.13789264916220006,0.3,0.5155471886842177,0.13789264916220006,0.3,0.5155471886842177,0.0003614761051228266,0.0,0.0011277208085295198,0.0003614761051228266,0.0,0.0003614761051228266,0.0,0.0011277208085295198,0.0003614761051228266,0.0
vidstg/confirm/motion_blur_5/order2/00015,vidstg,confirm,43,motion_blur_5,order2,15,False,0.018434983941883292,0.5368663594470046,0.02963252974361981,0.016861819079352573,0.5368663594470046,0.027103812890514875,0.016861819079352573,0.5368663594470046,0.027103812890514875,-0.0015731648625307189,0.0,-0.002528716853104934,0.0,0.0015731648625307189,-0.0015731648625307189,0.0,-0.002528716853104934,0.0,0.0015731648625307189
vidstg/confirm/occlusion_5/order1/00000,vidstg,confirm,38,occlusion_5,order1,0,True,0.004532512139815581,0.09767441860465116,0.07333107335081147,0.004532512139815581,0.09767441860465116,0.07333107335081147,0.004532512139815581,0.09767441860465116,0.07333107335081147,0.0,0.0,0.0,0.0,-0.0,0.0,0.0,0.0,0.0,-0.0
vidstg/confirm/occlusion_5/order1/00001,vidstg,confirm,40,occlusion_5,order1,1,False,0.4853852807278802,0.8473895582329317,0.5758724023470931,0.4856851480804398,0.8473895582329317,0.5762174860308538,0.4856851480804398,0.8473895582329317,0.5762174860308538,0.00029986735255960184,0.0,0.0003450836837606275,0.00029986735255960184,0.0,0.00029986735255960184,0.0,0.0003450836837606275,0.00029986735255960184,0.0
vidstg/confirm/occlusion_5/order1/00002,vidstg,confirm,43,occlusion_5,order1,2,False,0.009489861168316203,0.5368663594470046,0.015254073137219378,0.009356855719281564,0.5368663594470046,0.015040279193215551,0.009356855719281564,0.5368663594470046,0.015040279193215551,-0.0001330054490346396,0.0,-0.0002137939440038268,0.0,0.0001330054490346396,-0.0001330054490346396,0.0,-0.0002137939440038268,0.0,0.0001330054490346396
vidstg/confirm/occlusion_5/order1/00003,vidstg,confirm,46,occlusion_5,order1,3,False,0.1811844673493957,0.2645161290322581,0.6903487615220989,0.1811694859694277,0.2645161290322581,0.6903518284586005,0.1811694859694277,0.2645161290322581,0.6903518284586005,-1.4981379967998754e-05,0.0,3.0669365016500194e-06,0.0,1.4981379967998754e-05,-1.4981379967998754e-05,0.0,3.0669365016500194e-06,0.0,1.4981379967998754e-05
vidstg/confirm/occlusion_5/order1/00004,vidstg,confirm,34,occlusion_5,order1,4,True,0.19267058395859185,0.3128834355828221,0.6157902977500093,0.19278423520189197,0.3128834355828221,0.6161535360374194,0.19278423520189197,0.3128834355828221,0.6161535360374194,0.00011365124330012244,0.0,0.0003632382874101392,0.00011365124330012244,0.0,0.00011365124330012244,0.0,0.0003632382874101392,0.00011365124330012244,0.0
vidstg/confirm/occlusion_5/order1/00005,vidstg,confirm,37,occlusion_5,order1,5,False,0.44336766736499444,0.9649122807017544,0.45408127924033864,0.4410498770771604,0.9649122807017544,0.45160759085802954,0.4410498770771604,0.9649122807017544,0.45160759085802954,-0.0023177902878340206,0.0,-0.0024736883823091027,0.0,0.0023177902878340206,-0.0023177902878340206,0.0,-0.0024736883823091027,0.0,0.0023177902878340206
vidstg/confirm/occlusion_5/order1/00006,vidstg,confirm,44,occlusion_5,order1,6,False,0.6235540666171433,0.7602040816326531,0.8163175050878756,0.623224757802406,0.7602040816326531,0.8159230370739182,0.623224757802406,0.7602040816326531,0.8159230370739182,-0.00032930881473725027,0.0,-0.00039446801395737197,0.0,0.00032930881473725027,-0.00032930881473725027,0.0,-0.00039446801395737197,0.0,0.00032930881473725027
vidstg/confirm/occlusion_5/order1/00007,vidstg,confirm,45,occlusion_5,order1,7,False,0.05484626832924208,0.09898762654668167,0.5343273614584639,0.054773257814280524,0.09898762654668167,0.5336073949641104,0.054773257814280524,0.09898762654668167,0.5336073949641104,-7.301051496155786e-05,0.0,-0.0007199664943535744,0.0,7.301051496155786e-05,-7.301051496155786e-05,0.0,-0.0007199664943535744,0.0,7.301051496155786e-05
vidstg/confirm/occlusion_5/order1/00008,vidstg,confirm,36,occlusion_5,order1,8,True,0.5540937629007799,0.7727272727272727,0.7073792274448012,0.5546204833019324,0.7727272727272727,0.708189082992016,0.5546204833019324,0.7727272727272727,0.708189082992016,0.0005267204011524251,0.0,0.0008098555472147995,0.0005267204011524251,0.0,0.0005267204011524251,0.0,0.0008098555472147995,0.0005267204011524251,0.0
vidstg/confirm/occlusion_5/order1/00009,vidstg,confirm,35,occlusion_5,order1,9,False,0.4871882889173104,0.9537037037037037,0.5095902124005364,0.4539559775217603,0.9537037037037037,0.46978241063542825,0.4539559775217603,0.9537037037037037,0.46978241063542825,-0.03323231139555011,0.0,-0.03980780176510812,0.0,0.03323231139555011,-0.03323231139555011,0.0,-0.03980780176510812,0.0,0.03323231139555011
vidstg/confirm/occlusion_5/order1/00010,vidstg,confirm,42,occlusion_5,order1,10,False,0.6283284882708329,0.7427536231884058,0.8515940197600163,0.6283885155338764,0.7427536231884058,0.8516718276394453,0.6283885155338764,0.7427536231884058,0.8516718276394453,6.002726304354944e-05,0.0,7.78078794290149e-05,6.002726304354944e-05,0.0,6.002726304354944e-05,0.0,7.78078794290149e-05,6.002726304354944e-05,0.0
vidstg/confirm/occlusion_5/order1/00011,vidstg,confirm,39,occlusion_5,order1,11,False,0.07218141328477885,0.17647058823529413,0.4586829774279864,0.07477005419091234,0.17647058823529413,0.46984180606216935,0.07477005419091234,0.17647058823529413,0.46984180606216935,0.002588640906133491,0.0,0.011158828634182938,0.002588640906133491,0.0,0.002588640906133491,0.0,0.011158828634182938,0.002588640906133491,0.0
vidstg/confirm/occlusion_5/order1/00012,vidstg,confirm,41,occlusion_5,order1,12,True,0.17069362416574457,0.854251012145749,0.22868302924322456,0.16614231362371915,0.854251012145749,0.2229855733640563,0.16614231362371915,0.854251012145749,0.2229855733640563,-0.004551310542025427,0.0,-0.005697455879168256,0.0,0.004551310542025427,-0.004551310542025427,0.0,-0.005697455879168256,0.0,0.004551310542025427
vidstg/confirm/occlusion_5/order1/00013,vidstg,confirm,47,occlusion_5,order1,13,False,0.6292091138458367,0.8531353135313532,0.7166732925032623,0.6465286236715687,0.8531353135313532,0.738248972525232,0.6465286236715687,0.8531353135313532,0.738248972525232,0.01731950982573205,0.0,0.021575680021969745,0.01731950982573205,0.0,0.01731950982573205,0.0,0.021575680021969745,0.01731950982573205,0.0
vidstg/confirm/occlusion_5/order1/00014,vidstg,confirm,32,occlusion_5,order1,14,False,0.7844305311668639,0.935251798561151,0.8254458071597015,0.7761404827104034,0.935251798561151,0.8160007395329081,0.7761404827104034,0.935251798561151,0.8160007395329081,-0.00829004845646053,0.0,-0.009445067626793424,0.0,0.00829004845646053,-0.00829004845646053,0.0,-0.009445067626793424,0.0,0.00829004845646053
vidstg/confirm/occlusion_5/order1/00015,vidstg,confirm,33,occlusion_5,order1,15,False,0.04604173703497164,0.054313099041533544,0.8516868943208912,0.04114434175458347,0.054313099041533544,0.7698566422786005,0.04114434175458347,0.054313099041533544,0.7698566422786005,-0.00489739528038817,0.0,-0.08183025204229066,0.0,0.00489739528038817,-0.00489739528038817,0.0,-0.08183025204229066,0.0,0.00489739528038817
vidstg/confirm/occlusion_5/order2/00000,vidstg,confirm,45,occlusion_5,order2,0,True,0.04069498909541249,0.07681159420289856,0.5238273099361795,0.04069498909541249,0.07681159420289856,0.5238273099361795,0.04069498909541249,0.07681159420289856,0.5238273099361795,0.0,0.0,0.0,0.0,-0.0,0.0,0.0,0.0,0.0,-0.0
vidstg/confirm/occlusion_5/order2/00001,vidstg,confirm,47,occlusion_5,order2,1,False,0.6466693104144163,0.8531353135313532,0.7385727268417362,0.6466657099865709,0.8531353135313532,0.7385698400777104,0.6466657099865709,0.8531353135313532,0.7385698400777104,-3.6004278454182526e-06,0.0,-2.8867640258223304e-06,0.0,3.6004278454182526e-06,-3.6004278454182526e-06,0.0,-2.8867640258223304e-06,0.0,3.6004278454182526e-06
vidstg/confirm/occlusion_5/order2/00002,vidstg,confirm,36,occlusion_5,order2,2,False,0.5336323861184687,0.7231404958677686,0.7215871820172175,0.5336209814156639,0.7231404958677686,0.7215753442998164,0.5336209814156639,0.7231404958677686,0.7215753442998164,-1.1404702804806988e-05,0.0,-1.1837717401097514e-05,0.0,1.1404702804806988e-05,-1.1404702804806988e-05,0.0,-1.1837717401097514e-05,0.0,1.1404702804806988e-05
vidstg/confirm/occlusion_5/order2/00003,vidstg,confirm,41,occlusion_5,order2,3,False,0.18857030613885895,0.902834008097166,0.22651369438273106,0.18818678309507755,0.902834008097166,0.22612314925426572,0.18818678309507755,0.902834008097166,0.22612314925426572,-0.0003835230437813919,0.0,-0.0003905451284653416,0.0,0.0003835230437813919,-0.0003835230437813919,0.0,-0.0003905451284653416,0.0,0.0003835230437813919
vidstg/confirm/occlusion_5/order2/00004,vidstg,confirm,33,occlusion_5,order2,4,True,0.039220628143888575,0.04956268221574344,0.8017962341625858,0.03921509214588455,0.04956268221574344,0.8016757445770912,0.03921509214588455,0.04956268221574344,0.8016757445770912,-5.535998004027598e-06,0.0,-0.00012048958549459865,0.0,5.535998004027598e-06,-5.535998004027598e-06,0.0,-0.00012048958549459865,0.0,5.535998004027598e-06
vidstg/confirm/occlusion_5/order2/00005,vidstg,confirm,38,occlusion_5,order2,5,False,0.0,0.0,0.07293419934078435,0.0,0.0,0.07459605200088175,0.0,0.0,0.07459605200088175,0.0,0.0,0.0016618526600973987,0.0,-0.0,0.0,0.0,0.0016618526600973987,0.0,-0.0
vidstg/confirm/occlusion_5/order2/00006,vidstg,confirm,32,occlusion_5,order2,6,False,0.7719483917526838,0.935251798561151,0.8111814046446728,0.771954333687736,0.935251798561151,0.8111875578840699,0.771954333687736,0.935251798561151,0.8111875578840699,5.941935052211633e-06,0.0,6.153239397121979e-06,5.941935052211633e-06,0.0,5.941935052211633e-06,0.0,6.153239397121979e-06,5.941935052211633e-06,0.0
vidstg/confirm/occlusion_5/order2/00007,vidstg,confirm,34,occlusion_5,order2,7,False,0.17643884878254867,0.2914285714285714,0.6054274222930592,0.1764370656947526,0.2914285714285714,0.6054213038545433,0.1764370656947526,0.2914285714285714,0.6054213038545433,-1.783087796081162e-06,0.0,-6.118438515945179e-06,0.0,1.783087796081162e-06,-1.783087796081162e-06,0.0,-6.118438515945179e-06,0.0,1.783087796081162e-06
vidstg/confirm/occlusion_5/order2/00008,vidstg,confirm,40,occlusion_5,order2,8,True,0.4109033634121233,0.7753623188405797,0.5299501322511496,0.41090766894356073,0.7753623188405797,0.5299556851795456,0.41090766894356073,0.7753623188405797,0.5299556851795456,4.305531437431842e-06,0.0,5.552928395990975e-06,4.305531437431842e-06,0.0,4.305531437431842e-06,0.0,5.552928395990975e-06,4.305531437431842e-06,0.0
vidstg/confirm/occlusion_5/order2/00009,vidstg,confirm,44,occlusion_5,order2,9,False,0.6294253191197386,0.7602040816326531,0.8242683392388939,0.6294055316806673,0.7602040816326531,0.8242440868766348,0.6294055316806673,0.7602040816326531,0.8242440868766348,-1.9787439071383695e-05,0.0,-2.425236225911398e-05,0.0,1.9787439071383695e-05,-1.9787439071383695e-05,0.0,-2.425236225911398e-05,0.0,1.9787439071383695e-05
vidstg/confirm/occlusion_5/order2/00010,vidstg,confirm,35,occlusion_5,order2,10,False,0.43229300212543925,0.9537037037037037,0.44652552646609706,0.4581879054091719,0.9537037037037037,0.47257407502014,0.4581879054091719,0.9537037037037037,0.47257407502014,0.025894903283732673,0.0,0.026048548554042927,0.025894903283732673,0.0,0.025894903283732673,0.0,0.026048548554042927,0.025894903283732673,0.0
vidstg/confirm/occlusion_5/order2/00011,vidstg,confirm,42,occlusion_5,order2,11,False,0.6391564492493947,0.7427536231884058,0.8655268548486493,0.639106107219999,0.7427536231884058,0.8654522609929113,0.639106107219999,0.7427536231884058,0.8654522609929113,-5.03420293956891e-05,0.0,-7.459385573804767e-05,0.0,5.03420293956891e-05,-5.03420293956891e-05,0.0,-7.459385573804767e-05,0.0,5.03420293956891e-05
vidstg/confirm/occlusion_5/order2/00012,vidstg,confirm,37,occlusion_5,order2,12,True,0.3908479113682184,0.873015873015873,0.4412676629781433,0.3901181974784835,0.873015873015873,0.440459359590789,0.3901181974784835,0.873015873015873,0.440459359590789,-0.0007297138897349176,0.0,-0.00080830338735427,0.0,0.0007297138897349176,-0.0007297138897349176,0.0,-0.00080830338735427,0.0,0.0007297138897349176
vidstg/confirm/occlusion_5/order2/00013,vidstg,confirm,46,occlusion_5,order2,13,False,0.1787808344430569,0.2645161290322581,0.673511388374202,0.1787449921276294,0.2645161290322581,0.6733766846435151,0.1787449921276294,0.2645161290322581,0.6733766846435151,-3.584231542749783e-05,0.0,-0.00013470373068691366,0.0,3.584231542749783e-05,-3.584231542749783e-05,0.0,-0.00013470373068691366,0.0,3.584231542749783e-05
vidstg/confirm/occlusion_5/order2/00014,vidstg,confirm,39,occlusion_5,order2,14,False,0.08038158488875806,0.17647058823529413,0.487481515514032,0.08062544915412467,0.17647058823529413,0.48896250123738816,0.08062544915412467,0.17647058823529413,0.48896250123738816,0.00024386426536661399,0.0,0.001480985723356143,0.00024386426536661399,0.0,0.00024386426536661399,0.0,0.001480985723356143,0.00024386426536661399,0.0
vidstg/confirm/occlusion_5/order2/00015,vidstg,confirm,43,occlusion_5,order2,15,False,0.018726299903370155,0.5368663594470046,0.030100793178009806,0.016998986864429067,0.5368663594470046,0.0273242974043045,0.016998986864429067,0.5368663594470046,0.0273242974043045,-0.0017273130389410876,0.0,-0.002776495773705305,0.0,0.0017273130389410876,-0.0017273130389410876,0.0,-0.002776495773705305,0.0,0.0017273130389410876
vidstg/confirm/exposure_5/order1/00000,vidstg,confirm,38,exposure_5,order1,0,True,0.013805164206572346,0.1792452830188679,0.0870259270452985,0.013805164206572346,0.1792452830188679,0.0870259270452985,0.013805164206572346,0.1792452830188679,0.0870259270452985,0.0,0.0,0.0,0.0,-0.0,0.0,0.0,0.0,0.0,-0.0
vidstg/confirm/exposure_5/order1/00001,vidstg,confirm,40,exposure_5,order1,1,False,0.4865146616985848,0.8473895582329317,0.5772399510471332,0.48644357465399,0.8473895582329317,0.577154361603297,0.48644357465399,0.8473895582329317,0.577154361603297,-7.108704459479753e-05,0.0,-8.558944383618705e-05,0.0,7.108704459479753e-05,-7.108704459479753e-05,0.0,-8.558944383618705e-05,0.0,7.108704459479753e-05
vidstg/confirm/exposure_5/order1/00002,vidstg,confirm,43,exposure_5,order1,2,False,0.009306458554235295,0.5368663594470046,0.014959270416807845,0.009486478909885698,0.5368663594470046,0.01524863646996442,0.009486478909885698,0.5368663594470046,0.01524863646996442,0.0001800203556504027,0.0,0.00028936605315657386,0.0001800203556504027,0.0,0.0001800203556504027,0.0,0.00028936605315657386,0.0001800203556504027,0.0
vidstg/confirm/exposure_5/order1/00003,vidstg,confirm,46,exposure_5,order1,3,False,0.18046332224770048,0.2645161290322581,0.6874831747926098,0.18046428214562074,0.2645161290322581,0.6875593316837274,0.18046428214562074,0.2645161290322581,0.6875593316837274,9.598979202607438e-07,0.0,7.615689111761803e-05,9.598979202607438e-07,0.0,9.598979202607438e-07,0.0,7.615689111761803e-05,9.598979202607438e-07,0.0
vidstg/confirm/exposure_5/order1/00004,vidstg,confirm,34,exposure_5,order1,4,True,0.19227740899541593,0.3128834355828221,0.6145336797304469,0.1922796768452837,0.3128834355828221,0.614540927956495,0.1922796768452837,0.3128834355828221,0.614540927956495,2.2678498677597414e-06,0.0,7.248226048028883e-06,2.2678498677597414e-06,0.0,2.2678498677597414e-06,0.0,7.248226048028883e-06,2.2678498677597414e-06,0.0
vidstg/confirm/exposure_5/order1/00005,vidstg,confirm,37,exposure_5,order1,5,False,0.44626598658503835,0.9649122807017544,0.4569810605100597,0.44326607738356044,0.9649122807017544,0.45397179327104553,0.44326607738356044,0.9649122807017544,0.45397179327104553,-0.0029999092014779127,0.0,-0.0030092672390141795,0.0,0.0029999092014779127,-0.0029999092014779127,0.0,-0.0030092672390141795,0.0,0.0029999092014779127
vidstg/confirm/exposure_5/order1/00006,vidstg,confirm,44,exposure_5,order1,6,False,0.6250763256260716,0.7602040816326531,0.8178745251182374,0.6250367153200647,0.7602040816326531,0.8178204111684451,0.6250367153200647,0.7602040816326531,0.8178204111684451,-3.9610306006965246e-05,0.0,-5.411394979237816e-05,0.0,3.9610306006965246e-05,-3.9610306006965246e-05,0.0,-5.411394979237816e-05,0.0,3.9610306006965246e-05
vidstg/confirm/exposure_5/order1/00007,vidstg,confirm,45,exposure_5,order1,7,False,0.05474872256599396,0.09898762654668167,0.5333788948028618,0.05473737174328185,0.09898762654668167,0.5332753214857625,0.05473737174328185,0.09898762654668167,0.5332753214857625,-1.1350822712107023e-05,0.0,-0.00010357331709931472,0.0,1.1350822712107023e-05,-1.1350822712107023e-05,0.0,-0.00010357331709931472,0.0,1.1350822712107023e-05
vidstg/confirm/exposure_5/order1/00008,vidstg,confirm,36,exposure_5,order1,8,True,0.6197248962715548,0.871900826446281,0.7149062322051789,0.6197811452045673,0.871900826446281,0.7149665424596636,0.6197811452045673,0.871900826446281,0.7149665424596636,5.624893301248157e-05,0.0,6.031025448471894e-05,5.624893301248157e-05,0.0,5.624893301248157e-05,0.0,6.031025448471894e-05,5.624893301248157e-05,0.0
vidstg/confirm/exposure_5/order1/00009,vidstg,confirm,35,exposure_5,order1,9,False,0.458715091775682,0.9537037037037037,0.4738868440438114,0.45855582411265866,0.9537037037037037,0.4737120630955444,0.45855582411265866,0.9537037037037037,0.4737120630955444,-0.0001592676630233214,0.0,-0.00017478094826695045,0.0,0.0001592676630233214,-0.0001592676630233214,0.0,-0.00017478094826695045,0.0,0.0001592676630233214
vidstg/confirm/exposure_5/order1/00010,vidstg,confirm,42,exposure_5,order1,10,False,0.627344833231603,0.7427536231884058,0.8501722141425287,0.6271604974210211,0.7427536231884058,0.8499098654455344,0.6271604974210211,0.7427536231884058,0.8499098654455344,-0.00018433581058185933,0.0,-0.00026234869699437446,0.0,0.00018433581058185933,-0.00018433581058185933,0.0,-0.00026234869699437446,0.0,0.00018433581058185933
vidstg/confirm/exposure_5/order1/00011,vidstg,confirm,39,exposure_5,order1,11,False,0.09479964662549148,0.21428571428571427,0.4795094256131064,0.09516624698795605,0.21428571428571427,0.4808651325223812,0.09516624698795605,0.21428571428571427,0.4808651325223812,0.00036660036246456695,0.0,0.0013557069092748342,0.00036660036246456695,0.0,0.00036660036246456695,0.0,0.0013557069092748342,0.00036660036246456695,0.0
vidstg/confirm/exposure_5/order1/00012,vidstg,confirm,41,exposure_5,order1,12,True,0.1697778759348174,0.805668016194332,0.24542488723078124,0.16980179674483065,0.805668016194332,0.24519648233009536,0.16980179674483065,0.805668016194332,0.24519648233009536,2.3920810013233762e-05,0.0,-0.0002284049006858746,2.3920810013233762e-05,0.0,2.3920810013233762e-05,0.0,-0.0002284049006858746,2.3920810013233762e-05,0.0
vidstg/confirm/exposure_5/order1/00013,vidstg,confirm,47,exposure_5,order1,13,False,0.6944995671786554,0.9323432343234324,0.7413629466550795,0.6907322390824575,0.9323432343234324,0.7374379053609186,0.6907322390824575,0.9323432343234324,0.7374379053609186,-0.0037673280961978417,0.0,-0.003925041294160936,0.0,0.0037673280961978417,-0.0037673280961978417,0.0,-0.003925041294160936,0.0,0.0037673280961978417
vidstg/confirm/exposure_5/order1/00014,vidstg,confirm,32,exposure_5,order1,14,False,0.8036219712744166,0.9532374100719424,0.833509448171337,0.8057830997312868,0.9532374100719424,0.8357149850070388,0.8057830997312868,0.9532374100719424,0.8357149850070388,0.0021611284568702205,0.0,0.0022055368357017935,0.0021611284568702205,0.0,0.0021611284568702205,0.0,0.0022055368357017935,0.0021611284568702205,0.0
vidstg/confirm/exposure_5/order1/00015,vidstg,confirm,33,exposure_5,order1,15,False,0.043170292983560433,0.054313099041533544,0.8050263122274914,0.04391364563107189,0.054313099041533544,0.8163554816510536,0.04391364563107189,0.054313099041533544,0.8163554816510536,0.0007433526475114569,0.0,0.011329169423562213,0.0007433526475114569,0.0,0.0007433526475114569,0.0,0.011329169423562213,0.0007433526475114569,0.0
vidstg/confirm/exposure_5/order2/00000,vidstg,confirm,45,exposure_5,order2,0,True,0.05323091646772068,0.097669256381798,0.5237611347747435,0.05323091646772068,0.097669256381798,0.5237611347747435,0.05323091646772068,0.097669256381798,0.5237611347747435,0.0,0.0,0.0,0.0,-0.0,0.0,0.0,0.0,0.0,-0.0
vidstg/confirm/exposure_5/order2/00001,vidstg,confirm,47,exposure_5,order2,1,False,0.7018202234639561,0.9323432343234324,0.7494356436103505,0.7018240662791824,0.9323432343234324,0.7494410395235079,0.7018240662791824,0.9323432343234324,0.7494410395235079,3.842815226251517e-06,0.0,5.395913157402177e-06,3.842815226251517e-06,0.0,3.842815226251517e-06,0.0,5.395913157402177e-06,3.842815226251517e-06,0.0
vidstg/confirm/exposure_5/order2/00002,vidstg,confirm,36,exposure_5,order2,2,False,0.6021554997430293,0.8223140495867769,0.7303933194950356,0.6021519064112594,0.8223140495867769,0.7303896608001467,0.6021519064112594,0.8223140495867769,0.7303896608001467,-3.593331769913277e-06,0.0,-3.6586948889416604e-06,0.0,3.593331769913277e-06,-3.593331769913277e-06,0.0,-3.6586948889416604e-06,0.0,3.593331769913277e-06
vidstg/confirm/exposure_5/order2/00003,vidstg,confirm,41,exposure_5,order2,3,False,0.20852899424834365,0.902834008097166,0.2465647662267325,0.20837252344800186,0.902834008097166,0.24639946795144702,0.20837252344800186,0.902834008097166,0.24639946795144702,-0.00015647080034178473,0.0,-0.000165298275285497,0.0,0.00015647080034178473,-0.00015647080034178473,0.0,-0.000165298275285497,0.0,0.00015647080034178473
vidstg/confirm/exposure_5/order2/00004,vidstg,confirm,33,exposure_5,order2,4,True,0.039211589247193625,0.04956268221574344,0.8015022527120612,0.039207149025229725,0.04956268221574344,0.8014064943787905,0.039207149025229725,0.04956268221574344,0.8014064943787905,-4.440221963900037e-06,0.0,-9.575833327069017e-05,0.0,4.440221963900037e-06,-4.440221963900037e-06,0.0,-9.575833327069017e-05,0.0,4.440221963900037e-06
vidstg/confirm/exposure_5/order2/00005,vidstg,confirm,38,exposure_5,order2,5,False,0.013772545226634144,0.17674418604651163,0.08857805466924029,0.013773107096760571,0.17674418604651163,0.08857272131294502,0.013773107096760571,0.17674418604651163,0.08857272131294502,5.618701264271247e-07,0.0,-5.333356295267322e-06,5.618701264271247e-07,0.0,5.618701264271247e-07,0.0,-5.333356295267322e-06,5.618701264271247e-07,0.0
vidstg/confirm/exposure_5/order2/00006,vidstg,confirm,32,exposure_5,order2,6,False,0.7928091004459165,0.9532374100719424,0.8221852952533295,0.7928233547227272,0.9532374100719424,0.8222001093135838,0.7928233547227272,0.9532374100719424,0.8222001093135838,1.4254276810787836e-05,0.0,1.4814060254275674e-05,1.4254276810787836e-05,0.0,1.4254276810787836e-05,0.0,1.4814060254275674e-05,1.4254276810787836e-05,0.0
vidstg/confirm/exposure_5/order2/00007,vidstg,confirm,34,exposure_5,order2,7,False,0.1765424073779522,0.2914285714285714,0.605782770414542,0.17654853357288997,0.2914285714285714,0.6058037916716813,0.17654853357288997,0.2914285714285714,0.6058037916716813,6.126194937755569e-06,0.0,2.1021257139319793e-05,6.126194937755569e-06,0.0,6.126194937755569e-06,0.0,2.1021257139319793e-05,6.126194937755569e-06,0.0
vidstg/confirm/exposure_5/order2/00008,vidstg,confirm,40,exposure_5,order2,8,True,0.4112103079620675,0.7753623188405797,0.5303460046613581,0.4112371032227431,0.7753623188405797,0.5303805630349396,0.4112371032227431,0.7753623188405797,0.5303805630349396,2.6795260675616106e-05,0.0,3.455837358157243e-05,2.6795260675616106e-05,0.0,2.6795260675616106e-05,0.0,3.455837358157243e-05,2.6795260675616106e-05,0.0
vidstg/confirm/exposure_5/order2/00009,vidstg,confirm,44,exposure_5,order2,9,False,0.6313496966794225,0.7602040816326531,0.8264093151506829,0.6313175138475263,0.7602040816326531,0.8263688856869582,0.6313175138475263,0.7602040816326531,0.8263688856869582,-3.2182831896210295e-05,0.0,-4.042946372473377e-05,0.0,3.2182831896210295e-05,-3.2182831896210295e-05,0.0,-4.042946372473377e-05,0.0,3.2182831896210295e-05
vidstg/confirm/exposure_5/order2/00010,vidstg,confirm,35,exposure_5,order2,10,False,0.4418069138993182,0.9537037037037037,0.4552204643111721,0.46267221072907466,0.9537037037037037,0.47620692423586264,0.46267221072907466,0.9537037037037037,0.47620692423586264,0.020865296829756463,0.0,0.02098645992469056,0.020865296829756463,0.0,0.020865296829756463,0.0,0.02098645992469056,0.020865296829756463,0.0
vidstg/confirm/exposure_5/order2/00011,vidstg,confirm,42,exposure_5,order2,11,False,0.6389545223065649,0.7427536231884058,0.865189502848045,0.6388980009769046,0.7427536231884058,0.8651073484314606,0.6388980009769046,0.7427536231884058,0.8651073484314606,-5.652132966027512e-05,0.0,-8.215441658432354e-05,0.0,5.652132966027512e-05,-5.652132966027512e-05,0.0,-8.215441658432354e-05,0.0,5.652132966027512e-05
vidstg/confirm/exposure_5/order2/00012,vidstg,confirm,37,exposure_5,order2,12,True,0.39132729499859287,0.873015873015873,0.4418306539335165,0.3906547685847332,0.873015873015873,0.4410868239977679,0.3906547685847332,0.873015873015873,0.4410868239977679,-0.0006725264138596754,0.0,-0.0007438299357486189,0.0,0.0006725264138596754,-0.0006725264138596754,0.0,-0.0007438299357486189,0.0,0.0006725264138596754
vidstg/confirm/exposure_5/order2/00013,vidstg,confirm,46,exposure_5,order2,13,False,0.17881167032382853,0.2645161290322581,0.6733008252277329,0.17880607587928737,0.2645161290322581,0.673194377653622,0.17880607587928737,0.2645161290322581,0.673194377653622,-5.594444541151544e-06,0.0,-0.00010644757411093497,0.0,5.594444541151544e-06,-5.594444541151544e-06,0.0,-0.00010644757411093497,0.0,5.594444541151544e-06
vidstg/confirm/exposure_5/order2/00014,vidstg,confirm,39,exposure_5,order2,14,False,0.10159775622227948,0.21428571428571427,0.5038841379623998,0.1016904079340525,0.21428571428571427,0.5043900852140756,0.1016904079340525,0.21428571428571427,0.5043900852140756,9.265171177301468e-05,0.0,0.0005059472516757424,9.265171177301468e-05,0.0,9.265171177301468e-05,0.0,0.0005059472516757424,9.265171177301468e-05,0.0
vidstg/confirm/exposure_5/order2/00015,vidstg,confirm,43,exposure_5,order2,15,False,0.018263127486140236,0.5368663594470046,0.02935628640364764,0.016764102948934625,0.5368663594470046,0.02694674325865788,0.016764102948934625,0.5368663594470046,0.02694674325865788,-0.0014990245372056114,0.0,-0.00240954314498976,0.0,0.0014990245372056114,-0.0014990245372056114,0.0,-0.00240954314498976,0.0,0.0014990245372056114
hc2/search/clean/order1/00000,hc2,search,2,clean,order1,0,True,0.1719483512365783,0.3827751196172249,0.4866781728755366,0.1719483512365783,0.3827751196172249,0.4866781728755366,0.1719483512365783,0.3827751196172249,0.4866781728755366,0.0,0.0,0.0,0.0,-0.0,0.0,0.0,0.0,0.0,-0.0
hc2/search/clean/order1/00001,hc2,search,0,clean,order1,1,False,0.19009517190679653,0.3778801843317972,0.43595431954157576,0.17265889508477267,0.3778801843317972,0.3994403458790454,0.17265889508477267,0.3778801843317972,0.3994403458790454,-0.017436276822023866,0.0,-0.03651397366253034,0.0,0.017436276822023866,-0.017436276822023866,0.0,-0.03651397366253034,0.0,0.017436276822023866
hc2/search/clean/order1/00002,hc2,search,25,clean,order1,2,False,0.24833253900321872,0.6883116883116883,0.30832031276350297,0.2557010823205057,0.6883116883116883,0.31604513737772555,0.2557010823205057,0.6883116883116883,0.31604513737772555,0.00736854331728698,0.0,0.007724824614222581,0.00736854331728698,0.0,0.00736854331728698,0.0,0.007724824614222581,0.00736854331728698,0.0
hc2/search/clean/order1/00003,hc2,search,22,clean,order1,3,False,0.0743398697598623,0.24316939890710382,0.4002361959532375,0.06129766127672499,0.24316939890710382,0.3713530742575723,0.06129766127672499,0.24316939890710382,0.3713530742575723,-0.013042208483137308,0.0,-0.028883121695665204,0.0,0.013042208483137308,-0.013042208483137308,0.0,-0.028883121695665204,0.0,0.013042208483137308
hc2/search/clean/order1/00004,hc2,search,27,clean,order1,4,True,0.257698601042441,0.32987012987012987,0.758141032652889,0.2575223351233644,0.32987012987012987,0.7575757841933053,0.2575223351233644,0.32987012987012987,0.7575757841933053,-0.00017626591907660139,0.0,-0.0005652484595837226,0.0,0.00017626591907660139,-0.00017626591907660139,0.0,-0.0005652484595837226,0.0,0.00017626591907660139
hc2/search/clean/order1/00005,hc2,search,31,clean,order1,5,False,0.49090316813531326,0.8092105263157895,0.6007136196742209,0.4913049012434797,0.8092105263157895,0.6003444854109657,0.4913049012434797,0.8092105263157895,0.6003444854109657,0.0004017331081664355,0.0,-0.0003691342632551331,0.0004017331081664355,0.0,0.0004017331081664355,0.0,-0.0003691342632551331,0.0004017331081664355,0.0
hc2/search/clean/order1/00006,hc2,search,11,clean,order1,6,False,0.2469132596093794,0.8641114982578397,0.2796030710277612,0.24912842971873406,0.8641114982578397,0.2820623674132199,0.24912842971873406,0.8641114982578397,0.2820623674132199,0.0022151701093546527,0.0,0.0024592963854586647,0.0022151701093546527,0.0,0.0022151701093546527,0.0,0.0024592963854586647,0.0022151701093546527,0.0
hc2/search/clean/order1/00007,hc2,search,30,clean,order1,7,False,0.5299847306393535,0.723404255319149,0.7326714049344387,0.5315853460340009,0.723404255319149,0.7351180693637901,0.5315853460340009,0.723404255319149,0.7351180693637901,0.0016006153946473978,0.0,0.002446664429351375,0.0016006153946473978,0.0,0.0016006153946473978,0.0,0.002446664429351375,0.0016006153946473978,0.0
hc2/search/clean/order1/00008,hc2,search,26,clean,order1,8,True,0.12408215791763476,0.4473684210526316,0.2784501926175103,0.16485651997911327,0.4473684210526316,0.37090521121123793,0.16485651997911327,0.4473684210526316,0.37090521121123793,0.04077436206147851,0.0,0.09245501859372762,0.04077436206147851,0.0,0.04077436206147851,0.0,0.09245501859372762,0.04077436206147851,0.0
hc2/search/clean/order1/00009,hc2,search,24,clean,order1,9,False,0.017592931616054512,0.342911877394636,0.15780431372988743,0.1409516514250506,0.342911877394636,0.39817394503225717,0.1409516514250506,0.342911877394636,0.39817394503225717,0.12335871980899607,0.0,0.24036963130236974,0.12335871980899607,0.0,0.12335871980899607,0.0,0.24036963130236974,0.12335871980899607,0.0
hc2/search/clean/order1/00010,hc2,search,19,clean,order1,10,False,0.5873359233394453,0.8327137546468402,0.7089024128768622,0.14809311072116943,0.8327137546468402,0.19890359686679285,0.14809311072116943,0.8327137546468402,0.19890359686679285,-0.43924281261827586,0.0,-0.5099988160100694,0.0,0.43924281261827586,-0.43924281261827586,0.0,-0.5099988160100694,0.0,0.43924281261827586
hc2/search/clean/order1/00011,hc2,search,13,clean,order1,11,False,0.3527928162190368,0.5476190476190477,0.6439727888382376,0.3530904068848846,0.5476190476190477,0.6445579493852925,0.3530904068848846,0.5476190476190477,0.6445579493852925,0.00029759066584778004,0.0,0.0005851605470549304,0.00029759066584778004,0.0,0.00029759066584778004,0.0,0.0005851605470549304,0.00029759066584778004,0.0
hc2/search/clean/order1/00012,hc2,search,14,clean,order1,12,True,0.4095965101262814,0.6175115207373272,0.6639679768542852,0.4120703571814853,0.6175115207373272,0.6679673660968424,0.4120703571814853,0.6175115207373272,0.6679673660968424,0.002473847055203926,0.0,0.003999389242557161,0.002473847055203926,0.0,0.002473847055203926,0.0,0.003999389242557161,0.002473847055203926,0.0
hc2/search/clean/order1/00013,hc2,search,16,clean,order1,13,False,0.16633640861777202,0.3333333333333333,0.47662177826693014,0.15506467342700828,0.3333333333333333,0.474273723789328,0.15506467342700828,0.3333333333333333,0.474273723789328,-0.011271735190763743,0.0,-0.0023480544776021683,0.0,0.011271735190763743,-0.011271735190763743,0.0,-0.0023480544776021683,0.0,0.011271735190763743
hc2/search/clean/order1/00014,hc2,search,17,clean,order1,14,False,0.2970118914547018,0.4533678756476684,0.6537495622732883,0.2965360641146534,0.4533678756476684,0.6527057561074463,0.2965360641146534,0.4533678756476684,0.6527057561074463,-0.0004758273400484181,0.0,-0.0010438061658419873,0.0,0.0004758273400484181,-0.0004758273400484181,0.0,-0.0010438061658419873,0.0,0.0004758273400484181
hc2/search/clean/order1/00015,hc2,search,23,clean,order1,15,False,0.06449226600135811,0.5739514348785872,0.11193485248511582,0.07970561001287559,0.5739514348785872,0.1383396219763703,0.07970561001287559,0.5739514348785872,0.1383396219763703,0.015213344011517471,0.0,0.026404769491254462,0.015213344011517471,0.0,0.015213344011517471,0.0,0.026404769491254462,0.015213344011517471,0.0
hc2/search/clean/order1/00016,hc2,search,29,clean,order1,16,True,0.20678199694318772,0.3896551724137931,0.5280258534557675,0.18178349657018048,0.3896551724137931,0.4624317018013363,0.18178349657018048,0.3896551724137931,0.4624317018013363,-0.024998500373007243,0.0,-0.06559415165443117,0.0,0.024998500373007243,-0.024998500373007243,0.0,-0.06559415165443117,0.0,0.024998500373007243
hc2/search/clean/order1/00017,hc2,search,9,clean,order1,17,False,0.0,0.0,0.611965845682783,0.0,0.0,0.6230469383499315,0.0,0.0,0.6230469383499315,0.0,0.0,0.011081092667148518,0.0,-0.0,0.0,0.0,0.011081092667148518,0.0,-0.0
hc2/search/clean/order1/00018,hc2,search,5,clean,order1,18,False,0.22891580751321455,0.46996466431095407,0.48793029099500784,0.2361565429162826,0.46996466431095407,0.5034854740020533,0.2361565429162826,0.46996466431095407,0.5034854740020533,0.007240735403068049,0.0,0.015555183007045503,0.007240735403068049,0.0,0.007240735403068049,0.0,0.015555183007045503,0.007240735403068049,0.0
hc2/search/clean/order1/00019,hc2,search,8,clean,order1,19,False,0.7399432003760843,0.8688046647230321,0.8482153226649498,0.7389151521459687,0.8688046647230321,0.847002267843081,0.7389151521459687,0.8688046647230321,0.847002267843081,-0.0010280482301155969,0.0,-0.001213054821868842,0.0,0.0010280482301155969,-0.0010280482301155969,0.0,-0.001213054821868842,0.0,0.0010280482301155969
hc2/search/clean/order1/00020,hc2,search,28,clean,order1,20,True,0.38629484802066055,0.551219512195122,0.6946530161775036,0.3913262116703391,0.551219512195122,0.7037006437931536,0.3913262116703391,0.551219512195122,0.7037006437931536,0.005031363649678544,0.0,0.009047627615649922,0.005031363649678544,0.0,0.005031363649678544,0.0,0.009047627615649922,0.005031363649678544,0.0
hc2/search/clean/order1/00021,hc2,search,10,clean,order1,21,False,0.2721643090473695,0.3598326359832636,0.7419740371541249,0.27321974720706466,0.3598326359832636,0.7447194914637427,0.27321974720706466,0.3598326359832636,0.7447194914637427,0.0010554381596951656,0.0,0.002745454309617812,0.0010554381596951656,0.0,0.0010554381596951656,0.0,0.002745454309617812,0.0010554381596951656,0.0
hc2/search/clean/order1/00022,hc2,search,21,clean,order1,22,False,0.5858715086524269,0.8761329305135952,0.6709389761161428,0.5758369522848589,0.8761329305135952,0.6639931081321107,0.5758369522848589,0.8761329305135952,0.6639931081321107,-0.010034556367568004,0.0,-0.0069458679840321835,0.0,0.010034556367568004,-0.010034556367568004,0.0,-0.0069458679840321835,0.0,0.010034556367568004
hc2/search/clean/order1/00023,hc2,search,20,clean,order1,23,False,0.5372545027437563,0.890295358649789,0.6073128874095292,0.5425612797252068,0.890295358649789,0.6130449192351594,0.5425612797252068,0.890295358649789,0.6130449192351594,0.005306776981450545,0.0,0.005732031825630202,0.005306776981450545,0.0,0.005306776981450545,0.0,0.005732031825630202,0.005306776981450545,0.0
hc2/search/clean/order1/00024,hc2,search,1,clean,order1,24,True,0.4211516143275015,0.7520661157024794,0.559742654580254,0.41959862809531323,0.7520661157024794,0.5576568956359581,0.41959862809531323,0.7520661157024794,0.5576568956359581,-0.001552986232188247,0.0,-0.002085758944295857,0.0,0.001552986232188247,-0.001552986232188247,0.0,-0.002085758944295857,0.0,0.001552986232188247
hc2/search/clean/order1/00025,hc2,search,7,clean,order1,25,False,0.6467763331036581,0.9824561403508771,0.6565210504981428,0.648054781581939,0.9824561403508771,0.6577385583619608,0.648054781581939,0.9824561403508771,0.6577385583619608,0.001278448478280847,0.0,0.0012175078638180237,0.001278448478280847,0.0,0.001278448478280847,0.0,0.0012175078638180237,0.001278448478280847,0.0
hc2/search/clean/order1/00026,hc2,search,12,clean,order1,26,False,0.47071953724545923,0.8191489361702128,0.5781474509260005,0.47057078723515977,0.8191489361702128,0.5765702535846183,0.47057078723515977,0.8191489361702128,0.5765702535846183,-0.00014875001029945878,0.0,-0.001577197341382175,0.0,0.00014875001029945878,-0.00014875001029945878,0.0,-0.001577197341382175,0.0,0.00014875001029945878
hc2/search/clean/order1/00027,hc2,search,18,clean,order1,27,False,0.23342082383226637,0.35435435435435436,0.6746090816526468,0.24267187090438405,0.35435435435435436,0.6960787270630393,0.24267187090438405,0.35435435435435436,0.6960787270630393,0.009251047072117685,0.0,0.021469645410392535,0.009251047072117685,0.0,0.009251047072117685,0.0,0.021469645410392535,0.009251047072117685,0.0
hc2/search/clean/order1/00028,hc2,search,3,clean,order1,28,True,0.23796363590484376,0.5337423312883436,0.4449435579568695,0.2377863347872772,0.5337423312883436,0.44465708115726554,0.2377863347872772,0.5337423312883436,0.44465708115726554,-0.00017730111756655842,0.0,-0.0002864767996039741,0.0,0.00017730111756655842,-0.00017730111756655842,0.0,-0.0002864767996039741,0.0,0.00017730111756655842
hc2/search/clean/order1/00029,hc2,search,6,clean,order1,29,False,0.30368914614783094,0.6896551724137931,0.43993916584101883,0.2982948076719892,0.6896551724137931,0.4322024469836414,0.2982948076719892,0.6896551724137931,0.4322024469836414,-0.005394338475841753,0.0,-0.007736718857377423,0.0,0.005394338475841753,-0.005394338475841753,0.0,-0.007736718857377423,0.0,0.005394338475841753
hc2/search/clean/order1/00030,hc2,search,15,clean,order1,30,False,0.05680580535574577,0.28044280442804426,0.18381890426807002,0.06594446145626437,0.28044280442804426,0.21138011247621769,0.06594446145626437,0.28044280442804426,0.21138011247621769,0.009138656100518602,0.0,0.02756120820814767,0.009138656100518602,0.0,0.009138656100518602,0.0,0.02756120820814767,0.009138656100518602,0.0
hc2/search/clean/order1/00031,hc2,search,4,clean,order1,31,False,0.0,0.0,0.5209636981452558,0.0,0.0,0.5147673718906143,0.0,0.0,0.5147673718906143,0.0,0.0,-0.006196326254641504,0.0,-0.0,0.0,0.0,-0.006196326254641504,0.0,-0.0
hc2/search/clean/order2/00000,hc2,search,16,clean,order2,0,True,0.174351360445409,0.3723958333333333,0.43601934667225806,0.174351360445409,0.3723958333333333,0.43601934667225806,0.174351360445409,0.3723958333333333,0.43601934667225806,0.0,0.0,0.0,0.0,-0.0,0.0,0.0,0.0,0.0,-0.0
hc2/search/clean/order2/00001,hc2,search,2,clean,order2,1,False,0.15697525235908516,0.31100478468899523,0.5107067111037568,0.1567837618931024,0.31100478468899523,0.510176451697906,0.1567837618931024,0.31100478468899523,0.510176451697906,-0.00019149046598276875,0.0,-0.0005302594058507193,0.0,0.00019149046598276875,-0.00019149046598276875,0.0,-0.0005302594058507193,0.0,0.00019149046598276875
hc2/search/clean/order2/00002,hc2,search,27,clean,order2,2,False,0.5349906309325663,0.7095588235294118,0.7450584060993103,0.5347266719878027,0.7095588235294118,0.7446490975263564,0.5347266719878027,0.7095588235294118,0.7446490975263564,-0.00026395894476360926,0.0,-0.00040930857295384815,0.0,0.00026395894476360926,-0.00026395894476360926,0.0,-0.00040930857295384815,0.0,0.00026395894476360926
hc2/search/clean/order2/00003,hc2,search,22,clean,order2,3,False,0.0663011064400894,0.24316939890710382,0.3857026642000276,0.062004353613150674,0.24316939890710382,0.37556581945723505,0.062004353613150674,0.24316939890710382,0.37556581945723505,-0.00429675282693872,0.0,-0.010136844742792528,0.0,0.00429675282693872,-0.00429675282693872,0.0,-0.010136844742792528,0.0,0.00429675282693872
hc2/search/clean/order2/00004,hc2,search,23,clean,order2,4,True,0.08299304611679097,0.6132075471698113,0.13482395231233474,0.0887293569032716,0.6132075471698113,0.1441427100650849,0.0887293569032716,0.6132075471698113,0.1441427100650849,0.005736310786480639,0.0,0.00931875775275015,0.005736310786480639,0.0,0.005736310786480639,0.0,0.00931875775275015,0.005736310786480639,0.0
hc2/search/clean/order2/00005,hc2,search,26,clean,order2,5,False,0.14239622617206601,0.4473684210526316,0.32072824073584866,0.17465444777394346,0.4473684210526316,0.3928753661789192,0.17465444777394346,0.4473684210526316,0.3928753661789192,0.03225822160187744,0.0,0.07214712544307056,0.03225822160187744,0.0,0.03225822160187744,0.0,0.07214712544307056,0.03225822160187744,0.0
hc2/search/clean/order2/00006,hc2,search,15,clean,order2,6,False,0.06574733474456611,0.28044280442804426,0.21047752004497025,0.06660000129890885,0.28044280442804426,0.21299899357026392,0.06660000129890885,0.28044280442804426,0.21299899357026392,0.0008526665543427403,0.0,0.002521473525293666,0.0008526665543427403,0.0,0.0008526665543427403,0.0,0.002521473525293666,0.0008526665543427403,0.0
hc2/search/clean/order2/00007,hc2,search,12,clean,order2,7,False,0.4744471895643662,0.8191489361702128,0.5832702653068679,0.47440699550356386,0.8191489361702128,0.5830863231168825,0.47440699550356386,0.8191489361702128,0.5830863231168825,-4.0194060802356546e-05,0.0,-0.0001839421899854088,0.0,4.0194060802356546e-05,-4.0194060802356546e-05,0.0,-0.0001839421899854088,0.0,4.0194060802356546e-05
hc2/search/clean/order2/00008,hc2,search,5,clean,order2,8,True,0.2157621422018512,0.4276315789473684,0.5048506719849224,0.2161819939785263,0.4276315789473684,0.5058089970490687,0.2161819939785263,0.4276315789473684,0.5058089970490687,0.000419851776675112,0.0,0.0009583250641462815,0.000419851776675112,0.0,0.000419851776675112,0.0,0.0009583250641462815,0.000419851776675112,0.0
hc2/search/clean/order2/00009,hc2,search,17,clean,order2,9,False,0.2871629303330803,0.4533678756476684,0.6322330185139728,0.28771436371281345,0.4533678756476684,0.6334395890481818,0.28771436371281345,0.4533678756476684,0.6334395890481818,0.0005514333797331239,0.0,0.0012065705342089172,0.0005514333797331239,0.0,0.0005514333797331239,0.0,0.0012065705342089172,0.0005514333797331239,0.0
hc2/search/clean/order2/00010,hc2,search,11,clean,order2,10,False,0.281889840029076,0.8641114982578397,0.32008382260315943,0.28143750905834625,0.8641114982578397,0.31949478643946716,0.28143750905834625,0.8641114982578397,0.31949478643946716,-0.00045233097072977513,0.0,-0.0005890361636922692,0.0,0.00045233097072977513,-0.00045233097072977513,0.0,-0.0005890361636922692,0.0,0.00045233097072977513
hc2/search/clean/order2/00011,hc2,search,3,clean,order2,11,False,0.21826247843048938,0.5028901734104047,0.4329039925484661,0.21811333198519386,0.5028901734104047,0.43262237504049755,0.21811333198519386,0.5028901734104047,0.43262237504049755,-0.00014914644529551158,0.0,-0.0002816175079685679,0.0,0.00014914644529551158,-0.00014914644529551158,0.0,-0.0002816175079685679,0.0,0.00014914644529551158
hc2/search/clean/order2/00012,hc2,search,1,clean,order2,12,True,0.4205251637552805,0.7520661157024794,0.5588319148254789,0.4211642226288357,0.7520661157024794,0.5597010844311833,0.4211642226288357,0.7520661157024794,0.5597010844311833,0.0006390588735551983,0.0,0.0008691696057043785,0.0006390588735551983,0.0,0.0006390588735551983,0.0,0.0008691696057043785,0.0006390588735551983,0.0
hc2/search/clean/order2/00013,hc2,search,9,clean,order2,13,False,0.0,0.0,0.6185236467611228,0.0,0.0,0.6110416133757631,0.0,0.0,0.6110416133757631,0.0,0.0,-0.007482033385359688,0.0,-0.0,0.0,0.0,-0.007482033385359688,0.0,-0.0
hc2/search/clean/order2/00014,hc2,search,14,clean,order2,14,False,0.5131389020655738,0.7444444444444445,0.6899130033446829,0.5128156272576418,0.7444444444444445,0.6894785109236178,0.5128156272576418,0.7444444444444445,0.6894785109236178,-0.0003232748079319281,0.0,-0.00043449242106508024,0.0,0.0003232748079319281,-0.0003232748079319281,0.0,-0.00043449242106508024,0.0,0.0003232748079319281
hc2/search/clean/order2/00015,hc2,search,31,clean,order2,15,False,0.5041580396219122,0.8092105263157895,0.6174853663755063,0.5036468149922079,0.8092105263157895,0.6162085027452363,0.5036468149922079,0.8092105263157895,0.6162085027452363,-0.000511224629704321,0.0,-0.0012768636302700198,0.0,0.000511224629704321,-0.000511224629704321,0.0,-0.0012768636302700198,0.0,0.000511224629704321
hc2/search/clean/order2/00016,hc2,search,20,clean,order2,16,True,0.5004372701843331,0.8,0.631190351050216,0.49991372973365417,0.8,0.6305618531134968,0.49991372973365417,0.8,0.6305618531134968,-0.0005235404506789831,0.0,-0.0006284979367192634,0.0,0.0005235404506789831,-0.0005235404506789831,0.0,-0.0006284979367192634,0.0,0.0005235404506789831
hc2/search/clean/order2/00017,hc2,search,0,clean,order2,17,False,0.20738135993276474,0.3778801843317972,0.486114341782319,0.18046531281560327,0.3778801843317972,0.4197609805198642,0.18046531281560327,0.3778801843317972,0.4197609805198642,-0.026916047117161473,0.0,-0.06635336126245478,0.0,0.026916047117161473,-0.026916047117161473,0.0,-0.06635336126245478,0.0,0.026916047117161473
hc2/search/clean/order2/00018,hc2,search,24,clean,order2,18,False,0.01963364243479532,0.342911877394636,0.1683196538396761,0.14018708757383802,0.342911877394636,0.401036860331185,0.14018708757383802,0.342911877394636,0.401036860331185,0.1205534451390427,0.0,0.23271720649150893,0.1205534451390427,0.0,0.1205534451390427,0.0,0.23271720649150893,0.1205534451390427,0.0
hc2/search/clean/order2/00019,hc2,search,6,clean,order2,19,False,0.30782151450513356,0.6896551724137931,0.44598602540885723,0.3027286235965729,0.6896551724137931,0.4386187891303639,0.3027286235965729,0.6896551724137931,0.4386187891303639,-0.005092890908560688,0.0,-0.007367236278493339,0.0,0.005092890908560688,-0.005092890908560688,0.0,-0.007367236278493339,0.0,0.005092890908560688
hc2/search/clean/order2/00020,hc2,search,4,clean,order2,20,True,0.0,0.0,0.5089683569191369,0.0,0.0,0.5155927289745811,0.0,0.0,0.5155927289745811,0.0,0.0,0.006624372055444194,0.0,-0.0,0.0,0.0,0.006624372055444194,0.0,-0.0
hc2/search/clean/order2/00021,hc2,search,28,clean,order2,21,False,0.3989811398358037,0.5736040609137056,0.6956048933144284,0.4212842666005395,0.5736040609137056,0.7280087764939147,0.4212842666005395,0.5736040609137056,0.7280087764939147,0.022303126764735837,0.0,0.03240388317948628,0.022303126764735837,0.0,0.022303126764735837,0.0,0.03240388317948628,0.022303126764735837,0.0
hc2/search/clean/order2/00022,hc2,search,30,clean,order2,22,False,0.5027062060150256,0.723404255319149,0.6954412300642449,0.5049694901125944,0.723404255319149,0.6988717136779585,0.5049694901125944,0.723404255319149,0.6988717136779585,0.0022632840975688184,0.0,0.003430483613713675,0.0022632840975688184,0.0,0.0022632840975688184,0.0,0.003430483613713675,0.0022632840975688184,0.0
hc2/search/clean/order2/00023,hc2,search,25,clean,order2,23,False,0.23102835884050515,0.6883116883116883,0.29007932011857773,0.24989187882312755,0.6883116883116883,0.3108979345426495,0.24989187882312755,0.6883116883116883,0.3108979345426495,0.018863519982622395,0.0,0.02081861442407179,0.018863519982622395,0.0,0.018863519982622395,0.0,0.02081861442407179,0.018863519982622395,0.0
hc2/search/clean/order2/00024,hc2,search,29,clean,order2,24,True,0.21368558131938578,0.3896551724137931,0.5457941253605868,0.19248834592672695,0.3896551724137931,0.489665727225142,0.19248834592672695,0.3896551724137931,0.489665727225142,-0.02119723539265883,0.0,-0.05612839813544479,0.0,0.02119723539265883,-0.02119723539265883,0.0,-0.05612839813544479,0.0,0.02119723539265883
hc2/search/clean/order2/00025,hc2,search,21,clean,order2,25,False,0.5943563883938278,0.8761329305135952,0.6809001419396619,0.5861129610931716,0.8761329305135952,0.673607100752852,0.5861129610931716,0.8761329305135952,0.673607100752852,-0.008243427300656192,0.0,-0.0072930411868098455,0.0,0.008243427300656192,-0.008243427300656192,0.0,-0.0072930411868098455,0.0,0.008243427300656192
hc2/search/clean/order2/00026,hc2,search,19,clean,order2,26,False,0.581671323196035,0.8327137546468402,0.695682262856607,0.1409694095264457,0.8327137546468402,0.18957462977696501,0.1409694095264457,0.8327137546468402,0.18957462977696501,-0.4407019136695893,0.0,-0.5061076330796419,0.0,0.4407019136695893,-0.4407019136695893,0.0,-0.5061076330796419,0.0,0.4407019136695893
hc2/search/clean/order2/00027,hc2,search,18,clean,order2,27,False,0.2504930960185177,0.35435435435435436,0.7049620832482761,0.25488841432770215,0.35435435435435436,0.7189928573674229,0.25488841432770215,0.35435435435435436,0.7189928573674229,0.004395318309184437,0.0,0.014030774119146772,0.004395318309184437,0.0,0.004395318309184437,0.0,0.014030774119146772,0.004395318309184437,0.0
hc2/search/clean/order2/00028,hc2,search,8,clean,order2,28,True,0.8169324337973554,0.9825072886297376,0.8303837931800933,0.8220659967835516,0.9825072886297376,0.8357458639045863,0.8220659967835516,0.9825072886297376,0.8357458639045863,0.005133562986196272,0.0,0.005362070724493018,0.005133562986196272,0.0,0.005133562986196272,0.0,0.005362070724493018,0.005133562986196272,0.0
hc2/search/clean/order2/00029,hc2,search,7,clean,order2,29,False,0.658047712444789,0.9824561403508771,0.6677282145198532,0.65767835401902,0.9824561403508771,0.6673208945663903,0.65767835401902,0.9824561403508771,0.6673208945663903,-0.00036935842576901745,0.0,-0.0004073199534628813,0.0,0.00036935842576901745,-0.00036935842576901745,0.0,-0.0004073199534628813,0.0,0.00036935842576901745
hc2/search/clean/order2/00030,hc2,search,10,clean,order2,30,False,0.28083539471921526,0.3598326359832636,0.7666245595932207,0.28068653740010996,0.3598326359832636,0.7659138578886668,0.28068653740010996,0.3598326359832636,0.7659138578886668,-0.00014885731910529998,0.0,-0.0007107017045538955,0.0,0.00014885731910529998,-0.00014885731910529998,0.0,-0.0007107017045538955,0.0,0.00014885731910529998
hc2/search/clean/order2/00031,hc2,search,13,clean,order2,31,False,0.34561362922205424,0.5476190476190477,0.6315315157032094,0.35754161314962374,0.5476190476190477,0.6531145311791663,0.35754161314962374,0.5476190476190477,0.6531145311791663,0.011927983927569497,0.0,0.021583015475956868,0.011927983927569497,0.0,0.011927983927569497,0.0,0.021583015475956868,0.011927983927569497,0.0
hc2/search/frame_drop_5/order1/00000,hc2,search,2,frame_drop_5,order1,0,True,0.11034013717447065,0.2995391705069124,0.4070329405096831,0.11034013717447065,0.2995391705069124,0.4070329405096831,0.11034013717447065,0.2995391705069124,0.4070329405096831,0.0,0.0,0.0,0.0,-0.0,0.0,0.0,0.0,0.0,-0.0
hc2/search/frame_drop_5/order1/00001,hc2,search,0,frame_drop_5,order1,1,False,0.19378984384759565,0.3778801843317972,0.4411132358863535,0.17526079212045945,0.3778801843317972,0.404566818493943,0.17526079212045945,0.3778801843317972,0.404566818493943,-0.018529051727136203,0.0,-0.03654641739241049,0.0,0.018529051727136203,-0.018529051727136203,0.0,-0.03654641739241049,0.0,0.018529051727136203
hc2/search/frame_drop_5/order1/00002,hc2,search,25,frame_drop_5,order1,2,False,0.24235649474735305,0.6883116883116883,0.3021450669931493,0.2557500162976256,0.6883116883116883,0.31603144657652493,0.2557500162976256,0.6883116883116883,0.31603144657652493,0.013393521550272569,0.0,0.01388637958337563,0.013393521550272569,0.0,0.013393521550272569,0.0,0.01388637958337563,0.013393521550272569,0.0
hc2/search/frame_drop_5/order1/00003,hc2,search,22,frame_drop_5,order1,3,False,0.07865667860417365,0.24316939890710382,0.4067337626944422,0.07789280685032007,0.24316939890710382,0.40893679916238057,0.07789280685032007,0.24316939890710382,0.40893679916238057,-0.0007638717538535761,0.0,0.0022030364679383463,0.0,0.0007638717538535761,-0.0007638717538535761,0.0,0.0022030364679383463,0.0,0.0007638717538535761
hc2/search/frame_drop_5/order1/00004,hc2,search,27,frame_drop_5,order1,4,True,0.5769753032557927,0.8346774193548387,0.6977359906838858,0.5758187183588971,0.8346774193548387,0.696472846460979,0.5758187183588971,0.8346774193548387,0.696472846460979,-0.0011565848968956294,0.0,-0.0012631442229068535,0.0,0.0011565848968956294,-0.0011565848968956294,0.0,-0.0012631442229068535,0.0,0.0011565848968956294
hc2/search/frame_drop_5/order1/00005,hc2,search,31,frame_drop_5,order1,5,False,0.419828691542619,0.6885964912280702,0.5822486634822567,0.42023671081870967,0.6885964912280702,0.5829790033926622,0.42023671081870967,0.6885964912280702,0.5829790033926622,0.00040801927609068755,0.0,0.0007303399104054975,0.00040801927609068755,0.0,0.00040801927609068755,0.0,0.0007303399104054975,0.00040801927609068755,0.0
hc2/search/frame_drop_5/order1/00006,hc2,search,11,frame_drop_5,order1,6,False,0.20680677498261274,0.7013698630136986,0.29011024683738423,0.20775837326072433,0.7013698630136986,0.29144802126928016,0.20775837326072433,0.7013698630136986,0.29144802126928016,0.0009515982781115873,0.0,0.0013377744318959217,0.0009515982781115873,0.0,0.0009515982781115873,0.0,0.0013377744318959217,0.0009515982781115873,0.0
hc2/search/frame_drop_5/order1/00007,hc2,search,30,frame_drop_5,order1,7,False,0.6036291614802743,0.8242424242424242,0.7324759149288349,0.6046506300462496,0.8242424242424242,0.7338730833180281,0.6046506300462496,0.8242424242424242,0.7338730833180281,0.001021468565975292,0.0,0.0013971683891932374,0.001021468565975292,0.0,0.001021468565975292,0.0,0.0013971683891932374,0.001021468565975292,0.0
hc2/search/frame_drop_5/order1/00008,hc2,search,26,frame_drop_5,order1,8,True,0.166787780992138,0.4272300469483568,0.38822699983712955,0.24365206694467964,0.4272300469483568,0.5210742026806046,0.24365206694467964,0.4272300469483568,0.5210742026806046,0.07686428595254163,0.0,0.132847202843475,0.07686428595254163,0.0,0.07686428595254163,0.0,0.132847202843475,0.07686428595254163,0.0
hc2/search/frame_drop_5/order1/00009,hc2,search,24,frame_drop_5,order1,9,False,0.01767595317267362,0.30842911877394635,0.15704716698543827,0.14338904998581467,0.30842911877394635,0.3994283558240119,0.14338904998581467,0.30842911877394635,0.3994283558240119,0.12571309681314105,0.0,0.24238118883857365,0.12571309681314105,0.0,0.12571309681314105,0.0,0.24238118883857365,0.12571309681314105,0.0
hc2/search/frame_drop_5/order1/00010,hc2,search,19,frame_drop_5,order1,10,False,0.5929065633298619,0.8853754940711462,0.6765106252890591,0.11447357045876484,0.8853754940711462,0.1436889202834605,0.11447357045876484,0.8853754940711462,0.1436889202834605,-0.4784329928710971,0.0,-0.5328217050055987,0.0,0.4784329928710971,-0.4784329928710971,0.0,-0.5328217050055987,0.0,0.4784329928710971
hc2/search/frame_drop_5/order1/00011,hc2,search,13,frame_drop_5,order1,11,False,0.3559402791943792,0.5476190476190477,0.6496743639936208,0.35274696679109685,0.5476190476190477,0.6439613783203857,0.35274696679109685,0.5476190476190477,0.6439613783203857,-0.0031933124032823557,0.0,-0.0057129856732350826,0.0,0.0031933124032823557,-0.0031933124032823557,0.0,-0.0057129856732350826,0.0,0.0031933124032823557
hc2/search/frame_drop_5/order1/00012,hc2,search,14,frame_drop_5,order1,12,True,0.4799608136820926,0.7928994082840237,0.601768767919437,0.4886559054095955,0.7928994082840237,0.6130747081311395,0.4886559054095955,0.7928994082840237,0.6130747081311395,0.008695091727502935,0.0,0.011305940211702503,0.008695091727502935,0.0,0.008695091727502935,0.0,0.011305940211702503,0.008695091727502935,0.0
hc2/search/frame_drop_5/order1/00013,hc2,search,16,frame_drop_5,order1,13,False,0.19097733958384316,0.3803191489361702,0.49007722045021934,0.18719981358887958,0.3803191489361702,0.4781998047171204,0.18719981358887958,0.3803191489361702,0.4781998047171204,-0.0037775259949635875,0.0,-0.011877415733098917,0.0,0.0037775259949635875,-0.0037775259949635875,0.0,-0.011877415733098917,0.0,0.0037775259949635875
hc2/search/frame_drop_5/order1/00014,hc2,search,17,frame_drop_5,order1,14,False,0.2991016425545666,0.4533678756476684,0.6583321747408523,0.29616364476184254,0.4533678756476684,0.6518894802860216,0.29616364476184254,0.4533678756476684,0.6518894802860216,-0.0029379977927240786,0.0,-0.0064426944548307,0.0,0.0029379977927240786,-0.0029379977927240786,0.0,-0.0064426944548307,0.0,0.0029379977927240786
hc2/search/frame_drop_5/order1/00015,hc2,search,23,frame_drop_5,order1,15,False,0.09514920841617952,0.8538205980066446,0.11216892855005398,0.11023373584366113,0.8538205980066446,0.1306029381822151,0.11023373584366113,0.8538205980066446,0.1306029381822151,0.015084527427481606,0.0,0.01843400963216113,0.015084527427481606,0.0,0.015084527427481606,0.0,0.01843400963216113,0.015084527427481606,0.0
hc2/search/frame_drop_5/order1/00016,hc2,search,29,frame_drop_5,order1,16,True,0.21146956816474452,0.3992932862190813,0.526838493436027,0.18721326135719418,0.3992932862190813,0.46474871021128034,0.18721326135719418,0.3992932862190813,0.46474871021128034,-0.024256306807550337,0.0,-0.06208978322474662,0.0,0.024256306807550337,-0.024256306807550337,0.0,-0.06208978322474662,0.0,0.024256306807550337
hc2/search/frame_drop_5/order1/00017,hc2,search,9,frame_drop_5,order1,17,False,0.0,0.0,0.5880566253227617,0.0,0.0,0.6224038799524202,0.0,0.0,0.6224038799524202,0.0,0.0,0.034347254629658486,0.0,-0.0,0.0,0.0,0.034347254629658486,0.0,-0.0
hc2/search/frame_drop_5/order1/00018,hc2,search,5,frame_drop_5,order1,18,False,0.23156708508658186,0.46996466431095407,0.49363691110454744,0.23696379936487505,0.46996466431095407,0.5052438564833684,0.23696379936487505,0.46996466431095407,0.5052438564833684,0.005396714278293191,0.0,0.01160694537882101,0.005396714278293191,0.0,0.005396714278293191,0.0,0.01160694537882101,0.005396714278293191,0.0
hc2/search/frame_drop_5/order1/00019,hc2,search,8,frame_drop_5,order1,19,False,0.6534870786032159,0.7551020408163265,0.8430747140917699,0.6537185328449361,0.7551020408163265,0.8417521911846667,0.6537185328449361,0.7551020408163265,0.8417521911846667,0.00023145424172021922,0.0,-0.0013225229071032185,0.00023145424172021922,0.0,0.00023145424172021922,0.0,-0.0013225229071032185,0.00023145424172021922,0.0
hc2/search/frame_drop_5/order1/00020,hc2,search,28,frame_drop_5,order1,20,True,0.4569906537280785,0.653179190751445,0.693503360482084,0.46586233692847423,0.653179190751445,0.7069665288475968,0.46586233692847423,0.653179190751445,0.7069665288475968,0.008871683200395719,0.0,0.013463168365512757,0.008871683200395719,0.0,0.008871683200395719,0.0,0.013463168365512757,0.008871683200395719,0.0
hc2/search/frame_drop_5/order1/00021,hc2,search,10,frame_drop_5,order1,21,False,0.2703963321860502,0.3598326359832636,0.7368405457836076,0.27837630399917895,0.3598326359832636,0.7596882972733645,0.27837630399917895,0.3598326359832636,0.7596882972733645,0.007979971813128761,0.0,0.02284775148975693,0.007979971813128761,0.0,0.007979971813128761,0.0,0.02284775148975693,0.007979971813128761,0.0
hc2/search/frame_drop_5/order1/00022,hc2,search,21,frame_drop_5,order1,22,False,0.5866710757276893,0.8664688427299704,0.6839181467237638,0.5769168876909974,0.8664688427299704,0.6760200055221545,0.5769168876909974,0.8664688427299704,0.6760200055221545,-0.009754188036691924,0.0,-0.007898141201609366,0.0,0.009754188036691924,-0.009754188036691924,0.0,-0.007898141201609366,0.0,0.009754188036691924
hc2/search/frame_drop_5/order1/00023,hc2,search,20,frame_drop_5,order1,23,False,0.5440806782985987,0.890295358649789,0.6147851724322191,0.5577954260982085,0.890295358649789,0.63012658740581,0.5577954260982085,0.890295358649789,0.63012658740581,0.013714747799609794,0.0,0.015341414973590872,0.013714747799609794,0.0,0.013714747799609794,0.0,0.015341414973590872,0.013714747799609794,0.0
hc2/search/frame_drop_5/order1/00024,hc2,search,1,frame_drop_5,order1,24,True,0.42066052259010145,0.7520661157024794,0.559103554285639,0.41900263405915217,0.7520661157024794,0.5567887615503536,0.41900263405915217,0.7520661157024794,0.5567887615503536,-0.0016578885309492808,0.0,-0.0023147927352853426,0.0,0.0016578885309492808,-0.0016578885309492808,0.0,-0.0023147927352853426,0.0,0.0016578885309492808
hc2/search/frame_drop_5/order1/00025,hc2,search,7,frame_drop_5,order1,25,False,0.636969664856328,0.9619883040935673,0.6573447549569186,0.6396371855909025,0.9619883040935673,0.6602574497622811,0.6396371855909025,0.9619883040935673,0.6602574497622811,0.0026675207345745466,0.0,0.0029126948053624924,0.0026675207345745466,0.0,0.0026675207345745466,0.0,0.0029126948053624924,0.0026675207345745466,0.0
hc2/search/frame_drop_5/order1/00026,hc2,search,12,frame_drop_5,order1,26,False,0.469312294232951,0.8191489361702128,0.574994148421677,0.4737961429196568,0.8191489361702128,0.5826512823638827,0.4737961429196568,0.8191489361702128,0.5826512823638827,0.004483848686705816,0.0,0.007657133942205796,0.004483848686705816,0.0,0.004483848686705816,0.0,0.007657133942205796,0.004483848686705816,0.0
hc2/search/frame_drop_5/order1/00027,hc2,search,18,frame_drop_5,order1,27,False,0.13912157260860153,0.25,0.6499931653442695,0.14395885984953974,0.25,0.6610537123555114,0.14395885984953974,0.25,0.6610537123555114,0.0048372872409382095,0.0,0.011060547011241817,0.0048372872409382095,0.0,0.0048372872409382095,0.0,0.011060547011241817,0.0048372872409382095,0.0
hc2/search/frame_drop_5/order1/00028,hc2,search,3,frame_drop_5,order1,28,True,0.2383978247754423,0.5337423312883436,0.44576417672921503,0.2359580925450324,0.5337423312883436,0.4411089994323012,0.2359580925450324,0.5337423312883436,0.4411089994323012,-0.0024397322304099134,0.0,-0.004655177296913837,0.0,0.0024397322304099134,-0.0024397322304099134,0.0,-0.004655177296913837,0.0,0.0024397322304099134
hc2/search/frame_drop_5/order1/00029,hc2,search,6,frame_drop_5,order1,29,False,0.302082761760195,0.6896551724137931,0.4376860728169293,0.3012421615329006,0.6896551724137931,0.43644261263482864,0.3012421615329006,0.6896551724137931,0.43644261263482864,-0.0008406002272943747,0.0,-0.001243460182100642,0.0,0.0008406002272943747,-0.0008406002272943747,0.0,-0.001243460182100642,0.0,0.0008406002272943747
hc2/search/frame_drop_5/order1/00030,hc2,search,15,frame_drop_5,order1,30,False,0.06627665632622322,0.28044280442804426,0.2120757381962194,0.06373739831577376,0.28044280442804426,0.20511902813717556,0.06373739831577376,0.28044280442804426,0.20511902813717556,-0.0025392580104494633,0.0,-0.00695671005904383,0.0,0.0025392580104494633,-0.0025392580104494633,0.0,-0.00695671005904383,0.0,0.0025392580104494633
hc2/search/frame_drop_5/order1/00031,hc2,search,4,frame_drop_5,order1,31,False,0.0,0.0,0.5231296501631015,0.0,0.0,0.5124221796973202,0.0,0.0,0.5124221796973202,0.0,0.0,-0.010707470465781355,0.0,-0.0,0.0,0.0,-0.010707470465781355,0.0,-0.0
hc2/search/frame_drop_5/order2/00000,hc2,search,16,frame_drop_5,order2,0,True,0.19472829767177782,0.41032608695652173,0.4371062641224093,0.19472829767177782,0.41032608695652173,0.4371062641224093,0.19472829767177782,0.41032608695652173,0.4371062641224093,0.0,0.0,0.0,0.0,-0.0,0.0,0.0,0.0,0.0,-0.0
hc2/search/frame_drop_5/order2/00001,hc2,search,2,frame_drop_5,order2,1,False,0.08233207188219954,0.16129032258064516,0.40458730424042116,0.08178375507898497,0.16129032258064516,0.4166795788110117,0.08178375507898497,0.16129032258064516,0.4166795788110117,-0.0005483168032145713,0.0,0.012092274570590533,0.0,0.0005483168032145713,-0.0005483168032145713,0.0,0.012092274570590533,0.0,0.0005483168032145713
hc2/search/frame_drop_5/order2/00002,hc2,search,27,frame_drop_5,order2,2,False,0.5960826494752165,0.875,0.6864381247427557,0.5950305789247763,0.875,0.6852894734844734,0.5950305789247763,0.875,0.6852894734844734,-0.0010520705504402095,0.0,-0.0011486512582822295,0.0,0.0010520705504402095,-0.0010520705504402095,0.0,-0.0011486512582822295,0.0,0.0010520705504402095
hc2/search/frame_drop_5/order2/00003,hc2,search,22,frame_drop_5,order2,3,False,0.07871785432363394,0.24316939890710382,0.41155397597386395,0.07829975523658776,0.24316939890710382,0.412220771595604,0.07829975523658776,0.24316939890710382,0.412220771595604,-0.00041809908704618093,0.0,0.0006667956217400461,0.0,0.00041809908704618093,-0.00041809908704618093,0.0,0.0006667956217400461,0.0,0.00041809908704618093
hc2/search/frame_drop_5/order2/00004,hc2,search,23,frame_drop_5,order2,4,True,0.11299813835695557,0.8280254777070064,0.13594412047541782,0.11255678044322634,0.8280254777070064,0.13541313815775122,0.11255678044322634,0.8280254777070064,0.13541313815775122,-0.0004413579137292345,0.0,-0.0005309823176666006,0.0,0.0004413579137292345,-0.0004413579137292345,0.0,-0.0005309823176666006,0.0,0.0004413579137292345
hc2/search/frame_drop_5/order2/00005,hc2,search,26,frame_drop_5,order2,5,False,0.2065315193040855,0.4473684210526316,0.4634832550047253,0.2397170721253777,0.4473684210526316,0.5383975302904996,0.2397170721253777,0.4473684210526316,0.5383975302904996,0.03318555282129221,0.0,0.07491427528577432,0.03318555282129221,0.0,0.03318555282129221,0.0,0.07491427528577432,0.03318555282129221,0.0
hc2/search/frame_drop_5/order2/00006,hc2,search,15,frame_drop_5,order2,6,False,0.06533151010467352,0.28044280442804426,0.20923909542961341,0.06682888864149641,0.28044280442804426,0.21365293192688475,0.06682888864149641,0.28044280442804426,0.21365293192688475,0.0014973785368228992,0.0,0.0044138364972713395,0.0014973785368228992,0.0,0.0014973785368228992,0.0,0.0044138364972713395,0.0014973785368228992,0.0
hc2/search/frame_drop_5/order2/00007,hc2,search,12,frame_drop_5,order2,7,False,0.4742992754940312,0.8191489361702128,0.5831206164649858,0.47417682051098975,0.8191489361702128,0.5828043430324784,0.47417682051098975,0.8191489361702128,0.5828043430324784,-0.00012245498304147562,0.0,-0.0003162734325073968,0.0,0.00012245498304147562,-0.00012245498304147562,0.0,-0.0003162734325073968,0.0,0.00012245498304147562
hc2/search/frame_drop_5/order2/00008,hc2,search,5,frame_drop_5,order2,8,True,0.20908823237940816,0.415625,0.5039988634300194,0.20966862209473733,0.415625,0.5053835094638887,0.20966862209473733,0.415625,0.5053835094638887,0.0005803897153291715,0.0,0.0013846460338692301,0.0005803897153291715,0.0,0.0005803897153291715,0.0,0.0013846460338692301,0.0005803897153291715,0.0
hc2/search/frame_drop_5/order2/00009,hc2,search,17,frame_drop_5,order2,9,False,0.28719023087804213,0.4533678756476684,0.6322926190757405,0.287940572016791,0.4533678756476684,0.6339351251146557,0.287940572016791,0.4533678756476684,0.6339351251146557,0.000750341138748889,0.0,0.001642506038915137,0.000750341138748889,0.0,0.000750341138748889,0.0,0.001642506038915137,0.000750341138748889,0.0
hc2/search/frame_drop_5/order2/00010,hc2,search,11,frame_drop_5,order2,10,False,0.22839360153185986,0.7013698630136986,0.32100055071375383,0.22787359330515689,0.7013698630136986,0.3202319991363319,0.22787359330515689,0.7013698630136986,0.3202319991363319,-0.0005200082267029782,0.0,-0.0007685515774219498,0.0,0.0005200082267029782,-0.0005200082267029782,0.0,-0.0007685515774219498,0.0,0.0005200082267029782
hc2/search/frame_drop_5/order2/00011,hc2,search,3,frame_drop_5,order2,11,False,0.21848795843969468,0.5028901734104047,0.4333501970416418,0.21827722740811398,0.5028901734104047,0.4329501159232018,0.21827722740811398,0.5028901734104047,0.4329501159232018,-0.00021073103158070206,0.0,-0.0004000811184399766,0.0,0.00021073103158070206,-0.00021073103158070206,0.0,-0.0004000811184399766,0.0,0.00021073103158070206
hc2/search/frame_drop_5/order2/00012,hc2,search,1,frame_drop_5,order2,12,True,0.4202440915421617,0.7520661157024794,0.5584408016130331,0.4209197243373672,0.7520661157024794,0.5593698719674303,0.4209197243373672,0.7520661157024794,0.5593698719674303,0.0006756327952054941,0.0,0.0009290703543971546,0.0006756327952054941,0.0,0.0006756327952054941,0.0,0.0009290703543971546,0.0006756327952054941,0.0
hc2/search/frame_drop_5/order2/00013,hc2,search,9,frame_drop_5,order2,13,False,0.0,0.0,0.6193552918112089,0.0,0.0,0.6119733992072431,0.0,0.0,0.6119733992072431,0.0,0.0,-0.007381892603965712,0.0,-0.0,0.0,0.0,-0.007381892603965712,0.0,-0.0
hc2/search/frame_drop_5/order2/00014,hc2,search,14,frame_drop_5,order2,14,False,0.4701668696760254,0.7486033519553073,0.6246093380023073,0.47148369550607094,0.7486033519553073,0.6264456025065074,0.47148369550607094,0.7486033519553073,0.6264456025065074,0.0013168258300455538,0.0,0.001836264504200047,0.0013168258300455538,0.0,0.0013168258300455538,0.0,0.001836264504200047,0.0013168258300455538,0.0
hc2/search/frame_drop_5/order2/00015,hc2,search,31,frame_drop_5,order2,15,False,0.4324475307756506,0.6885964912280702,0.5997142704737525,0.4318926560899707,0.6885964912280702,0.5987994573162414,0.4318926560899707,0.6885964912280702,0.5987994573162414,-0.0005548746856799402,0.0,-0.0009148131575110741,0.0,0.0005548746856799402,-0.0005548746856799402,0.0,-0.0009148131575110741,0.0,0.0005548746856799402
hc2/search/frame_drop_5/order2/00016,hc2,search,20,frame_drop_5,order2,16,True,0.5013753409067807,0.8,0.6323992095756127,0.5004731171805973,0.8,0.6312733087456054,0.5004731171805973,0.8,0.6312733087456054,-0.0009022237261834265,0.0,-0.0011259008300072981,0.0,0.0009022237261834265,-0.0009022237261834265,0.0,-0.0011259008300072981,0.0,0.0009022237261834265
hc2/search/frame_drop_5/order2/00017,hc2,search,0,frame_drop_5,order2,17,False,0.21257882359869693,0.3778801843317972,0.4988401138577229,0.18229748493649184,0.3778801843317972,0.42297769374672844,0.18229748493649184,0.3778801843317972,0.42297769374672844,-0.030281338662205087,0.0,-0.07586242011099448,0.0,0.030281338662205087,-0.030281338662205087,0.0,-0.07586242011099448,0.0,0.030281338662205087
hc2/search/frame_drop_5/order2/00018,hc2,search,24,frame_drop_5,order2,18,False,0.019196715154038622,0.30842911877394635,0.1656753033182726,0.14402670783788588,0.30842911877394635,0.4059962620960883,0.14402670783788588,0.30842911877394635,0.4059962620960883,0.12482999268384726,0.0,0.2403209587778157,0.12482999268384726,0.0,0.12482999268384726,0.0,0.2403209587778157,0.12482999268384726,0.0
hc2/search/frame_drop_5/order2/00019,hc2,search,6,frame_drop_5,order2,19,False,0.30849776991754324,0.6896551724137931,0.4469790421128478,0.3030645735913351,0.6896551724137931,0.4391155784545757,0.3030645735913351,0.6896551724137931,0.4391155784545757,-0.005433196326208145,0.0,-0.007863463658272063,0.0,0.005433196326208145,-0.005433196326208145,0.0,-0.007863463658272063,0.0,0.005433196326208145
hc2/search/frame_drop_5/order2/00020,hc2,search,4,frame_drop_5,order2,20,True,0.0,0.0,0.503222193018809,0.0,0.0,0.5173454624818967,0.0,0.0,0.5173454624818967,0.0,0.0,0.014123269463087729,0.0,-0.0,0.0,0.0,0.014123269463087729,0.0,-0.0
hc2/search/frame_drop_5/order2/00021,hc2,search,28,frame_drop_5,order2,21,False,0.45440113415673444,0.6243093922651933,0.7214614498453416,0.45905730908022163,0.6243093922651933,0.7288541486273694,0.45905730908022163,0.6243093922651933,0.7288541486273694,0.0046561749234871885,0.0,0.007392698782027862,0.0046561749234871885,0.0,0.0046561749234871885,0.0,0.007392698782027862,0.0046561749234871885,0.0
hc2/search/frame_drop_5/order2/00022,hc2,search,30,frame_drop_5,order2,22,False,0.5731813093374064,0.8242424242424242,0.6959220811394485,0.5768203029020269,0.8242424242424242,0.7006294170633949,0.5768203029020269,0.8242424242424242,0.7006294170633949,0.0036389935646204963,0.0,0.004707335923946343,0.0036389935646204963,0.0,0.0036389935646204963,0.0,0.004707335923946343,0.0036389935646204963,0.0
hc2/search/frame_drop_5/order2/00023,hc2,search,25,frame_drop_5,order2,23,False,0.2306522128336626,0.6883116883116883,0.2897511668282965,0.2509654028435921,0.6883116883116883,0.3119641521676671,0.2509654028435921,0.6883116883116883,0.3119641521676671,0.020313190009929483,0.0,0.022212985339370606,0.020313190009929483,0.0,0.020313190009929483,0.0,0.022212985339370606,0.020313190009929483,0.0
hc2/search/frame_drop_5/order2/00024,hc2,search,29,frame_drop_5,order2,24,True,0.21739485378819243,0.3992932862190813,0.5417699104377005,0.19679644771258262,0.3992932862190813,0.48853855002334107,0.19679644771258262,0.3992932862190813,0.48853855002334107,-0.02059840607560981,0.0,-0.05323136041435944,0.0,0.02059840607560981,-0.02059840607560981,0.0,-0.05323136041435944,0.0,0.02059840607560981
hc2/search/frame_drop_5/order2/00025,hc2,search,21,frame_drop_5,order2,25,False,0.5979053802108574,0.8664688427299704,0.6904281071191457,0.5827416768757163,0.8664688427299704,0.6815444479627218,0.5827416768757163,0.8664688427299704,0.6815444479627218,-0.015163703335141054,0.0,-0.008883659156423862,0.0,0.015163703335141054,-0.015163703335141054,0.0,-0.008883659156423862,0.0,0.015163703335141054
hc2/search/frame_drop_5/order2/00026,hc2,search,19,frame_drop_5,order2,26,False,0.5921183283837613,0.8853754940711462,0.6692085093777745,0.11830688312368616,0.8853754940711462,0.14727299761768994,0.11830688312368616,0.8853754940711462,0.14727299761768994,-0.4738114452600752,0.0,-0.5219355117600846,0.0,0.4738114452600752,-0.4738114452600752,0.0,-0.5219355117600846,0.0,0.4738114452600752
hc2/search/frame_drop_5/order2/00027,hc2,search,18,frame_drop_5,order2,27,False,0.14840128619597906,0.25,0.6604728970835253,0.1483219454600416,0.25,0.6659250649713353,0.1483219454600416,0.25,0.6659250649713353,-7.934073593746094e-05,0.0,0.00545216788781,0.0,7.934073593746094e-05,-7.934073593746094e-05,0.0,0.00545216788781,0.0,7.934073593746094e-05
hc2/search/frame_drop_5/order2/00028,hc2,search,8,frame_drop_5,order2,28,True,0.8071748392884875,0.9770114942528736,0.825783195451336,0.8120563911899028,0.9770114942528736,0.8309310931937597,0.8120563911899028,0.9770114942528736,0.8309310931937597,0.00488155190141526,0.0,0.005147897742423635,0.00488155190141526,0.0,0.00488155190141526,0.0,0.005147897742423635,0.00488155190141526,0.0
hc2/search/frame_drop_5/order2/00029,hc2,search,7,frame_drop_5,order2,29,False,0.6474999371672208,0.9619883040935673,0.6686644505561881,0.6460104633832767,0.9619883040935673,0.6669438857479391,0.6460104633832767,0.9619883040935673,0.6669438857479391,-0.0014894737839440397,0.0,-0.0017205648082490033,0.0,0.0014894737839440397,-0.0014894737839440397,0.0,-0.0017205648082490033,0.0,0.0014894737839440397
hc2/search/frame_drop_5/order2/00030,hc2,search,10,frame_drop_5,order2,30,False,0.2789534753843917,0.3598326359832636,0.7612579944063474,0.280394928642713,0.3598326359832636,0.765056643983002,0.280394928642713,0.3598326359832636,0.765056643983002,0.0014414532583212902,0.0,0.0037986495766545447,0.0014414532583212902,0.0,0.0014414532583212902,0.0,0.0037986495766545447,0.0014414532583212902,0.0
hc2/search/frame_drop_5/order2/00031,hc2,search,13,frame_drop_5,order2,31,False,0.34979149177508323,0.5476190476190477,0.6392019059535532,0.3570099915821813,0.5476190476190477,0.6521741447751098,0.3570099915821813,0.5476190476190477,0.6521741447751098,0.007218499807098044,0.0,0.012972238821556625,0.007218499807098044,0.0,0.007218499807098044,0.0,0.012972238821556625,0.007218499807098044,0.0
hc2/search/frame_freeze_5/order1/00000,hc2,search,2,frame_freeze_5,order1,0,True,0.1834700132084291,0.3686635944700461,0.5275171727517817,0.1834700132084291,0.3686635944700461,0.5275171727517817,0.1834700132084291,0.3686635944700461,0.5275171727517817,0.0,0.0,0.0,0.0,-0.0,0.0,0.0,0.0,0.0,-0.0
hc2/search/frame_freeze_5/order1/00001,hc2,search,0,frame_freeze_5,order1,1,False,0.19437374287619003,0.3778801843317972,0.44283571857788356,0.17597357588849102,0.3778801843317972,0.4057946641544639,0.17597357588849102,0.3778801843317972,0.4057946641544639,-0.018400166987699,0.0,-0.03704105442341965,0.0,0.018400166987699,-0.018400166987699,0.0,-0.03704105442341965,0.0,0.018400166987699
hc2/search/frame_freeze_5/order1/00002,hc2,search,25,frame_freeze_5,order1,2,False,0.24424137985099537,0.6883116883116883,0.3040042995443766,0.25581813355789584,0.6883116883116883,0.31603454590540425,0.25581813355789584,0.6883116883116883,0.31603454590540425,0.011576753706900478,0.0,0.012030246361027674,0.011576753706900478,0.0,0.011576753706900478,0.0,0.012030246361027674,0.011576753706900478,0.0
hc2/search/frame_freeze_5/order1/00003,hc2,search,22,frame_freeze_5,order1,3,False,0.0711807338248652,0.2870967741935484,0.35984572619503197,0.06438939724970046,0.2870967741935484,0.35072997875785744,0.06438939724970046,0.2870967741935484,0.35072997875785744,-0.006791336575164744,0.0,-0.009115747437174526,0.0,0.006791336575164744,-0.006791336575164744,0.0,-0.009115747437174526,0.0,0.006791336575164744
hc2/search/frame_freeze_5/order1/00004,hc2,search,27,frame_freeze_5,order1,4,True,0.25691825175963273,0.32987012987012987,0.7560065886843669,0.2567729541004555,0.32987012987012987,0.755511412107448,0.2567729541004555,0.32987012987012987,0.755511412107448,-0.000145297659177257,0.0,-0.0004951765769188876,0.0,0.000145297659177257,-0.000145297659177257,0.0,-0.0004951765769188876,0.0,0.000145297659177257
hc2/search/frame_freeze_5/order1/00005,hc2,search,31,frame_freeze_5,order1,5,False,0.4897323726932354,0.8092105263157895,0.5992114836614584,0.49007152056530123,0.8092105263157895,0.5988489754265858,0.49007152056530123,0.8092105263157895,0.5988489754265858,0.00033914787206584807,0.0,-0.000362508234872605,0.00033914787206584807,0.0,0.00033914787206584807,0.0,-0.000362508234872605,0.00033914787206584807,0.0
hc2/search/frame_freeze_5/order1/00006,hc2,search,11,frame_freeze_5,order1,6,False,0.2441089981313774,0.8641114982578397,0.27663647875867314,0.2459659304975957,0.8641114982578397,0.278701118780194,0.2459659304975957,0.8641114982578397,0.278701118780194,0.0018569323662182835,0.0,0.002064640021520847,0.0018569323662182835,0.0,0.0018569323662182835,0.0,0.002064640021520847,0.0018569323662182835,0.0
hc2/search/frame_freeze_5/order1/00007,hc2,search,30,frame_freeze_5,order1,7,False,0.5299705660736331,0.723404255319149,0.7327409677255969,0.530733188826847,0.723404255319149,0.7339546024485671,0.530733188826847,0.723404255319149,0.7339546024485671,0.0007626227532138152,0.0,0.0012136347229702027,0.0007626227532138152,0.0,0.0007626227532138152,0.0,0.0012136347229702027,0.0007626227532138152,0.0
hc2/search/frame_freeze_5/order1/00008,hc2,search,26,frame_freeze_5,order1,8,True,0.11576983538376537,0.4272300469483568,0.2863895774459678,0.22370986463833575,0.4272300469483568,0.4814471287520114,0.22370986463833575,0.4272300469483568,0.4814471287520114,0.10794002925457039,0.0,0.19505755130604358,0.10794002925457039,0.0,0.10794002925457039,0.0,0.19505755130604358,0.10794002925457039,0.0
hc2/search/frame_freeze_5/order1/00009,hc2,search,24,frame_freeze_5,order1,9,False,0.01773468622248882,0.342911877394636,0.15905653126334204,0.16062323685598912,0.342911877394636,0.436489544498063,0.16062323685598912,0.342911877394636,0.436489544498063,0.1428885506335003,0.0,0.2774330132347209,0.1428885506335003,0.0,0.1428885506335003,0.0,0.2774330132347209,0.1428885506335003,0.0
hc2/search/frame_freeze_5/order1/00010,hc2,search,19,frame_freeze_5,order1,10,False,0.5680518796104347,0.8115942028985508,0.7035946616036258,0.2728244939075506,0.8115942028985508,0.37459443465980885,0.2728244939075506,0.8115942028985508,0.37459443465980885,-0.2952273857028841,0.0,-0.329000226943817,0.0,0.2952273857028841,-0.2952273857028841,0.0,-0.329000226943817,0.0,0.2952273857028841
hc2/search/frame_freeze_5/order1/00011,hc2,search,13,frame_freeze_5,order1,11,False,0.35342900175122854,0.5476190476190477,0.645151845783814,0.3521542429418892,0.5476190476190477,0.64290416011424,0.3521542429418892,0.5476190476190477,0.64290416011424,-0.0012747588093393603,0.0,-0.0022476856695740066,0.0,0.0012747588093393603,-0.0012747588093393603,0.0,-0.0022476856695740066,0.0,0.0012747588093393603
hc2/search/frame_freeze_5/order1/00012,hc2,search,14,frame_freeze_5,order1,12,True,0.41934452807021205,0.6175115207373272,0.6783042200504873,0.4208256229562773,0.6175115207373272,0.680667600407653,0.4208256229562773,0.6175115207373272,0.680667600407653,0.0014810948860652373,0.0,0.0023633803571656564,0.0014810948860652373,0.0,0.0014810948860652373,0.0,0.0023633803571656564,0.0014810948860652373,0.0
hc2/search/frame_freeze_5/order1/00013,hc2,search,16,frame_freeze_5,order1,13,False,0.17380607982308818,0.3515625,0.4793129038595036,0.1683511972309363,0.3515625,0.47546044909801016,0.1683511972309363,0.3515625,0.47546044909801016,-0.005454882592151877,0.0,-0.003852454761493429,0.0,0.005454882592151877,-0.005454882592151877,0.0,-0.003852454761493429,0.0,0.005454882592151877
hc2/search/frame_freeze_5/order1/00014,hc2,search,17,frame_freeze_5,order1,14,False,0.2969712551147095,0.4533678756476684,0.6536641216312314,0.2955371737651404,0.4533678756476684,0.6505191611290688,0.2955371737651404,0.4533678756476684,0.6505191611290688,-0.0014340813495691274,0.0,-0.0031449605021626192,0.0,0.0014340813495691274,-0.0014340813495691274,0.0,-0.0031449605021626192,0.0,0.0014340813495691274
hc2/search/frame_freeze_5/order1/00015,hc2,search,23,frame_freeze_5,order1,15,False,0.07546928207652726,0.6753246753246753,0.11132441992131414,0.0869895235888021,0.6753246753246753,0.12831787962332877,0.0869895235888021,0.6753246753246753,0.12831787962332877,0.011520241512274848,0.0,0.01699345970201463,0.011520241512274848,0.0,0.011520241512274848,0.0,0.01699345970201463,0.011520241512274848,0.0
hc2/search/frame_freeze_5/order1/00016,hc2,search,29,frame_freeze_5,order1,16,True,0.2055120620862726,0.3896551724137931,0.5246149049664394,0.18275130844968349,0.3896551724137931,0.46489367938954573,0.18275130844968349,0.3896551724137931,0.46489367938954573,-0.02276075363658911,0.0,-0.05972122557689363,0.0,0.02276075363658911,-0.02276075363658911,0.0,-0.05972122557689363,0.0,0.02276075363658911
hc2/search/frame_freeze_5/order1/00017,hc2,search,9,frame_freeze_5,order1,17,False,0.0,0.0,0.5930263394887236,0.0,0.0,0.6204999532629151,0.0,0.0,0.6204999532629151,0.0,0.0,0.02747361377419144,0.0,-0.0,0.0,0.0,0.02747361377419144,0.0,-0.0
hc2/search/frame_freeze_5/order1/00018,hc2,search,5,frame_freeze_5,order1,18,False,0.23044380036638304,0.46996466431095407,0.49122572988380575,0.23703750677409602,0.46996466431095407,0.5053951247695757,0.23703750677409602,0.46996466431095407,0.5053951247695757,0.006593706407712979,0.0,0.01416939488576996,0.006593706407712979,0.0,0.006593706407712979,0.0,0.01416939488576996,0.006593706407712979,0.0
hc2/search/frame_freeze_5/order1/00019,hc2,search,8,frame_freeze_5,order1,19,False,0.7035847199135175,0.8250728862973761,0.8446064354907014,0.7032498341621484,0.8250728862973761,0.8433959852668759,0.7032498341621484,0.8250728862973761,0.8433959852668759,-0.00033488575136908505,0.0,-0.0012104502238254877,0.0,0.00033488575136908505,-0.00033488575136908505,0.0,-0.0012104502238254877,0.0,0.00033488575136908505
hc2/search/frame_freeze_5/order1/00020,hc2,search,28,frame_freeze_5,order1,20,True,0.3993668856040262,0.5736040609137056,0.6901340040701155,0.4096056626209737,0.5736040609137056,0.7078273292660686,0.4096056626209737,0.5736040609137056,0.7078273292660686,0.010238777016947476,0.0,0.017693325195953125,0.010238777016947476,0.0,0.010238777016947476,0.0,0.017693325195953125,0.010238777016947476,0.0
hc2/search/frame_freeze_5/order1/00021,hc2,search,10,frame_freeze_5,order1,21,False,0.27190453054113106,0.3598326359832636,0.7413431576669205,0.27327777916875035,0.3598326359832636,0.7448923110466199,0.27327777916875035,0.3598326359832636,0.7448923110466199,0.0013732486276192835,0.0,0.00354915337969941,0.0013732486276192835,0.0,0.0013732486276192835,0.0,0.00354915337969941,0.0013732486276192835,0.0
hc2/search/frame_freeze_5/order1/00022,hc2,search,21,frame_freeze_5,order1,22,False,0.589644417291009,0.8761329305135952,0.6740349689952742,0.5749092636489939,0.8761329305135952,0.6630977704917569,0.5749092636489939,0.8761329305135952,0.6630977704917569,-0.014735153642015164,0.0,-0.010937198503517265,0.0,0.014735153642015164,-0.014735153642015164,0.0,-0.010937198503517265,0.0,0.014735153642015164
hc2/search/frame_freeze_5/order1/00023,hc2,search,20,frame_freeze_5,order1,23,False,0.5466643269970096,0.890295358649789,0.6177600607674129,0.5445377688247304,0.890295358649789,0.6152441241311984,0.5445377688247304,0.890295358649789,0.6152441241311984,-0.002126558172279247,0.0,-0.002515936636214411,0.0,0.002126558172279247,-0.002126558172279247,0.0,-0.002515936636214411,0.0,0.002126558172279247
hc2/search/frame_freeze_5/order1/00024,hc2,search,1,frame_freeze_5,order1,24,True,0.421289358697112,0.7520661157024794,0.559933776154719,0.41909861076960847,0.7520661157024794,0.5569710823914259,0.41909861076960847,0.7520661157024794,0.5569710823914259,-0.0021907479275035113,0.0,-0.002962693763293056,0.0,0.0021907479275035113,-0.0021907479275035113,0.0,-0.002962693763293056,0.0,0.0021907479275035113
hc2/search/frame_freeze_5/order1/00025,hc2,search,7,frame_freeze_5,order1,25,False,0.6349406523793477,0.9619883040935673,0.6551336486062339,0.6377758946942109,0.9619883040935673,0.6580893730001122,0.6377758946942109,0.9619883040935673,0.6580893730001122,0.0028352423148632067,0.0,0.0029557243938782563,0.0028352423148632067,0.0,0.0028352423148632067,0.0,0.0029557243938782563,0.0028352423148632067,0.0
hc2/search/frame_freeze_5/order1/00026,hc2,search,12,frame_freeze_5,order1,26,False,0.4692148292390674,0.8191489361702128,0.5758783492019204,0.47067741785536366,0.8191489361702128,0.5763904976166164,0.47067741785536366,0.8191489361702128,0.5763904976166164,0.0014625886162962787,0.0,0.0005121484146960453,0.0014625886162962787,0.0,0.0014625886162962787,0.0,0.0005121484146960453,0.0014625886162962787,0.0
hc2/search/frame_freeze_5/order1/00027,hc2,search,18,frame_freeze_5,order1,27,False,0.23323992231741947,0.35435435435435436,0.676109958534051,0.23764977685460453,0.35435435435435436,0.685562073241916,0.23764977685460453,0.35435435435435436,0.685562073241916,0.004409854537185065,0.0,0.009452114707865,0.004409854537185065,0.0,0.004409854537185065,0.0,0.009452114707865,0.004409854537185065,0.0
hc2/search/frame_freeze_5/order1/00028,hc2,search,3,frame_freeze_5,order1,28,True,0.23840989073041044,0.5337423312883436,0.44575399156117307,0.23814519604264178,0.5337423312883436,0.4453247798255674,0.23814519604264178,0.5337423312883436,0.4453247798255674,-0.00026469468776865734,0.0,-0.0004292117356056724,0.0,0.00026469468776865734,-0.00026469468776865734,0.0,-0.0004292117356056724,0.0,0.00026469468776865734
hc2/search/frame_freeze_5/order1/00029,hc2,search,6,frame_freeze_5,order1,29,False,0.30395531628602385,0.6896551724137931,0.44037164941879614,0.29879713560776283,0.6896551724137931,0.43293579497243007,0.29879713560776283,0.6896551724137931,0.43293579497243007,-0.005158180678261015,0.0,-0.007435854446366075,0.0,0.005158180678261015,-0.005158180678261015,0.0,-0.007435854446366075,0.0,0.005158180678261015
hc2/search/frame_freeze_5/order1/00030,hc2,search,15,frame_freeze_5,order1,30,False,0.06535948176817577,0.28044280442804426,0.20922821233529632,0.06574784771902484,0.28044280442804426,0.21091728419026662,0.06574784771902484,0.28044280442804426,0.21091728419026662,0.0003883659508490678,0.0,0.0016890718549703032,0.0003883659508490678,0.0,0.0003883659508490678,0.0,0.0016890718549703032,0.0003883659508490678,0.0
hc2/search/frame_freeze_5/order1/00031,hc2,search,4,frame_freeze_5,order1,31,False,0.0,0.0,0.5198275473206438,0.0,0.0,0.5157307526459521,0.0,0.0,0.5157307526459521,0.0,0.0,-0.004096794674691706,0.0,-0.0,0.0,0.0,-0.004096794674691706,0.0,-0.0
hc2/search/frame_freeze_5/order2/00000,hc2,search,16,frame_freeze_5,order2,0,True,0.17823281925139112,0.3803191489361702,0.4362678391162367,0.17823281925139112,0.3803191489361702,0.4362678391162367,0.17823281925139112,0.3803191489361702,0.4362678391162367,0.0,0.0,0.0,0.0,-0.0,0.0,0.0,0.0,0.0,-0.0
hc2/search/frame_freeze_5/order2/00001,hc2,search,2,frame_freeze_5,order2,1,False,0.16891600525613357,0.31100478468899523,0.5371884275383054,0.16930495625579445,0.31100478468899523,0.5412561629227112,0.16930495625579445,0.31100478468899523,0.5412561629227112,0.00038895099966088087,0.0,0.004067735384405746,0.00038895099966088087,0.0,0.00038895099966088087,0.0,0.004067735384405746,0.00038895099966088087,0.0
hc2/search/frame_freeze_5/order2/00002,hc2,search,27,frame_freeze_5,order2,2,False,0.5587149507251867,0.7426470588235294,0.7446684512235762,0.5584198733782058,0.7426470588235294,0.7442334272661817,0.5584198733782058,0.7426470588235294,0.7442334272661817,-0.00029507734698097643,0.0,-0.00043502395739447586,0.0,0.00029507734698097643,-0.00029507734698097643,0.0,-0.00043502395739447586,0.0,0.00029507734698097643
hc2/search/frame_freeze_5/order2/00003,hc2,search,22,frame_freeze_5,order2,3,False,0.06678350519354123,0.2870967741935484,0.35615301742519606,0.06505155553927128,0.2870967741935484,0.3541947621127213,0.06505155553927128,0.2870967741935484,0.3541947621127213,-0.0017319496542699542,0.0,-0.001958255312474788,0.0,0.0017319496542699542,-0.0017319496542699542,0.0,-0.001958255312474788,0.0,0.0017319496542699542
hc2/search/frame_freeze_5/order2/00004,hc2,search,23,frame_freeze_5,order2,4,True,0.0781152043529154,0.5739514348785872,0.13557926272747386,0.07635177571430993,0.5739514348785872,0.13251859922828504,0.07635177571430993,0.5739514348785872,0.13251859922828504,-0.0017634286386054715,0.0,-0.0030606634991888204,0.0,0.0017634286386054715,-0.0017634286386054715,0.0,-0.0030606634991888204,0.0,0.0017634286386054715
hc2/search/frame_freeze_5/order2/00005,hc2,search,26,frame_freeze_5,order2,5,False,0.1444687653857564,0.40476190476190477,0.35941351706867947,0.20448810829401146,0.40476190476190477,0.5073703138263833,0.20448810829401146,0.40476190476190477,0.5073703138263833,0.06001934290825506,0.0,0.14795679675770385,0.06001934290825506,0.0,0.06001934290825506,0.0,0.14795679675770385,0.06001934290825506,0.0
hc2/search/frame_freeze_5/order2/00006,hc2,search,15,frame_freeze_5,order2,6,False,0.06560829637456472,0.28044280442804426,0.2100532020225367,0.06656903527860697,0.28044280442804426,0.2128928304234064,0.06656903527860697,0.28044280442804426,0.2128928304234064,0.0009607389040422465,0.0,0.0028396284008697092,0.0009607389040422465,0.0,0.0009607389040422465,0.0,0.0028396284008697092,0.0009607389040422465,0.0
hc2/search/frame_freeze_5/order2/00007,hc2,search,12,frame_freeze_5,order2,7,False,0.47450775973625253,0.8191489361702128,0.5833898464797974,0.47444407980959885,0.8191489361702128,0.5831656860444402,0.47444407980959885,0.8191489361702128,0.5831656860444402,-6.367992665368138e-05,0.0,-0.00022416043535722352,0.0,6.367992665368138e-05,-6.367992665368138e-05,0.0,-0.00022416043535722352,0.0,6.367992665368138e-05
hc2/search/frame_freeze_5/order2/00008,hc2,search,5,frame_freeze_5,order2,8,True,0.21572557783370896,0.4276315789473684,0.5047613330977281,0.21619699479490437,0.4276315789473684,0.5058348501809106,0.21619699479490437,0.4276315789473684,0.5058348501809106,0.00047141696119540333,0.0,0.0010735170831824847,0.00047141696119540333,0.0,0.00047141696119540333,0.0,0.0010735170831824847,0.00047141696119540333,0.0
hc2/search/frame_freeze_5/order2/00009,hc2,search,17,frame_freeze_5,order2,9,False,0.28688240565343914,0.4533678756476684,0.6316195279956315,0.2875180554496521,0.4533678756476684,0.6330098389620576,0.2875180554496521,0.4533678756476684,0.6330098389620576,0.0006356497962129448,0.0,0.001390310966426167,0.0006356497962129448,0.0,0.0006356497962129448,0.0,0.001390310966426167,0.0006356497962129448,0.0
hc2/search/frame_freeze_5/order2/00010,hc2,search,11,frame_freeze_5,order2,10,False,0.27720021224708413,0.8641114982578397,0.3150343976586729,0.2764161024800898,0.8641114982578397,0.3140591321583545,0.2764161024800898,0.8641114982578397,0.3140591321583545,-0.0007841097669943342,0.0,-0.0009752655003184008,0.0,0.0007841097669943342,-0.0007841097669943342,0.0,-0.0009752655003184008,0.0,0.0007841097669943342
hc2/search/frame_freeze_5/order2/00011,hc2,search,3,frame_freeze_5,order2,11,False,0.21825372781696764,0.5028901734104047,0.43287972211873194,0.2180990176724469,0.5028901734104047,0.43259010344058263,0.2180990176724469,0.5028901734104047,0.43259010344058263,-0.00015471014452073106,0.0,-0.000289618678149306,0.0,0.00015471014452073106,-0.00015471014452073106,0.0,-0.000289618678149306,0.0,0.00015471014452073106
hc2/search/frame_freeze_5/order2/00012,hc2,search,1,frame_freeze_5,order2,12,True,0.4205132740008961,0.7520661157024794,0.5588121140470622,0.42110740149836934,0.7520661157024794,0.5596245850357648,0.42110740149836934,0.7520661157024794,0.5596245850357648,0.0005941274974732291,0.0,0.0008124709887026293,0.0005941274974732291,0.0,0.0005941274974732291,0.0,0.0008124709887026293,0.0005941274974732291,0.0
hc2/search/frame_freeze_5/order2/00013,hc2,search,9,frame_freeze_5,order2,13,False,0.0,0.0,0.6179392507325756,0.0,0.0,0.6107951694247699,0.0,0.0,0.6107951694247699,0.0,0.0,-0.00714408130780575,0.0,-0.0,0.0,0.0,-0.00714408130780575,0.0,-0.0
hc2/search/frame_freeze_5/order2/00014,hc2,search,14,frame_freeze_5,order2,14,False,0.5021588780097986,0.7175141242937854,0.6949606865922945,0.5019832712589657,0.7175141242937854,0.6948014258018521,0.5019832712589657,0.7175141242937854,0.6948014258018521,-0.0001756067508329462,0.0,-0.00015926079044237262,0.0,0.0001756067508329462,-0.0001756067508329462,0.0,-0.00015926079044237262,0.0,0.0001756067508329462
hc2/search/frame_freeze_5/order2/00015,hc2,search,31,frame_freeze_5,order2,15,False,0.5029534812088162,0.8092105263157895,0.6160080043642397,0.5023312323561081,0.8092105263157895,0.6145345625180902,0.5023312323561081,0.8092105263157895,0.6145345625180902,-0.0006222488527081182,0.0,-0.0014734418461495036,0.0,0.0006222488527081182,-0.0006222488527081182,0.0,-0.0014734418461495036,0.0,0.0006222488527081182
hc2/search/frame_freeze_5/order2/00016,hc2,search,20,frame_freeze_5,order2,16,True,0.5011473603890296,0.8,0.632078729557257,0.5002823154911552,0.8,0.6310240340805419,0.5002823154911552,0.8,0.6310240340805419,-0.000865044897874423,0.0,-0.0010546954767151062,0.0,0.000865044897874423,-0.000865044897874423,0.0,-0.0010546954767151062,0.0,0.000865044897874423
hc2/search/frame_freeze_5/order2/00017,hc2,search,0,frame_freeze_5,order2,17,False,0.21128401393694377,0.3778801843317972,0.49589980617030804,0.18318669047736125,0.3778801843317972,0.4245851267835426,0.18318669047736125,0.3778801843317972,0.4245851267835426,-0.02809732345958252,0.0,-0.07131467938676544,0.0,0.02809732345958252,-0.02809732345958252,0.0,-0.07131467938676544,0.0,0.02809732345958252
hc2/search/frame_freeze_5/order2/00018,hc2,search,24,frame_freeze_5,order2,18,False,0.019599486462412417,0.342911877394636,0.16824608068141544,0.16162852865560523,0.342911877394636,0.4425974531855405,0.16162852865560523,0.342911877394636,0.4425974531855405,0.14202904219319282,0.0,0.27435137250412506,0.14202904219319282,0.0,0.14202904219319282,0.0,0.27435137250412506,0.14202904219319282,0.0
hc2/search/frame_freeze_5/order2/00019,hc2,search,6,frame_freeze_5,order2,19,False,0.3060131001475064,0.6896551724137931,0.4433689529532888,0.302858907559717,0.6896551724137931,0.43880787924252074,0.302858907559717,0.6896551724137931,0.43880787924252074,-0.003154192587789373,0.0,-0.004561073710768082,0.0,0.003154192587789373,-0.003154192587789373,0.0,-0.004561073710768082,0.0,0.003154192587789373
hc2/search/frame_freeze_5/order2/00020,hc2,search,4,frame_freeze_5,order2,20,True,0.0,0.0,0.5014096759637882,0.0,0.0,0.5159594649677276,0.0,0.0,0.5159594649677276,0.0,0.0,0.01454978900393944,0.0,-0.0,0.0,0.0,0.01454978900393944,0.0,-0.0
hc2/search/frame_freeze_5/order2/00021,hc2,search,28,frame_freeze_5,order2,21,False,0.42648677618200204,0.6243093922651933,0.6845367908844431,0.45927342392046866,0.6243093922651933,0.7291972783298669,0.45927342392046866,0.6243093922651933,0.7291972783298669,0.03278664773846662,0.0,0.044660487445423835,0.03278664773846662,0.0,0.03278664773846662,0.0,0.044660487445423835,0.03278664773846662,0.0
hc2/search/frame_freeze_5/order2/00022,hc2,search,30,frame_freeze_5,order2,22,False,0.5023014653734664,0.723404255319149,0.6948694178595595,0.5055204184630142,0.723404255319149,0.6996241898614142,0.5055204184630142,0.723404255319149,0.6996241898614142,0.0032189530895477825,0.0,0.004754772001854701,0.0032189530895477825,0.0,0.0032189530895477825,0.0,0.004754772001854701,0.0032189530895477825,0.0
hc2/search/frame_freeze_5/order2/00023,hc2,search,25,frame_freeze_5,order2,23,False,0.23132797562515178,0.6883116883116883,0.29016955035437275,0.250189412669714,0.6883116883116883,0.31132832925771403,0.250189412669714,0.6883116883116883,0.31132832925771403,0.018861437044562224,0.0,0.02115877890334128,0.018861437044562224,0.0,0.018861437044562224,0.0,0.02115877890334128,0.018861437044562224,0.0
hc2/search/frame_freeze_5/order2/00024,hc2,search,29,frame_freeze_5,order2,24,True,0.21183309659809973,0.3896551724137931,0.5410007313829496,0.19232549556900333,0.3896551724137931,0.4892490676755348,0.19232549556900333,0.3896551724137931,0.4892490676755348,-0.019507601029096405,0.0,-0.0517516637074148,0.0,0.019507601029096405,-0.019507601029096405,0.0,-0.0517516637074148,0.0,0.019507601029096405
hc2/search/frame_freeze_5/order2/00025,hc2,search,21,frame_freeze_5,order2,25,False,0.5861884719045253,0.8761329305135952,0.6665824608662352,0.5870275437522587,0.8761329305135952,0.674624755799548,0.5870275437522587,0.8761329305135952,0.674624755799548,0.0008390718477334635,0.0,0.008042294933312766,0.0008390718477334635,0.0,0.0008390718477334635,0.0,0.008042294933312766,0.0008390718477334635,0.0
hc2/search/frame_freeze_5/order2/00026,hc2,search,19,frame_freeze_5,order2,26,False,0.5625628904990865,0.8115942028985508,0.6911778918021771,0.2740447354374946,0.8115942028985508,0.37125769783534246,0.2740447354374946,0.8115942028985508,0.37125769783534246,-0.2885181550615919,0.0,-0.3199201939668347,0.0,0.2885181550615919,-0.2885181550615919,0.0,-0.3199201939668347,0.0,0.2885181550615919
hc2/search/frame_freeze_5/order2/00027,hc2,search,18,frame_freeze_5,order2,27,False,0.24482361274467843,0.35435435435435436,0.6936625502015077,0.24695758687571054,0.35435435435435436,0.7019805339053367,0.24695758687571054,0.35435435435435436,0.7019805339053367,0.0021339741310321125,0.0,0.008317983703828968,0.0021339741310321125,0.0,0.0021339741310321125,0.0,0.008317983703828968,0.0021339741310321125,0.0
hc2/search/frame_freeze_5/order2/00028,hc2,search,8,frame_freeze_5,order2,28,True,0.8121030927500477,0.9825072886297376,0.8254621115206596,0.8171028726772169,0.9825072886297376,0.830719064917451,0.8171028726772169,0.9825072886297376,0.830719064917451,0.004999779927169268,0.0,0.005256953396791331,0.004999779927169268,0.0,0.004999779927169268,0.0,0.005256953396791331,0.004999779927169268,0.0
hc2/search/frame_freeze_5/order2/00029,hc2,search,7,frame_freeze_5,order2,29,False,0.6428890413290212,0.9619883040935673,0.6635233550838371,0.6461509689655103,0.9619883040935673,0.6669086246544172,0.6461509689655103,0.9619883040935673,0.6669086246544172,0.003261927636489026,0.0,0.0033852695705801628,0.003261927636489026,0.0,0.003261927636489026,0.0,0.0033852695705801628,0.003261927636489026,0.0
hc2/search/frame_freeze_5/order2/00030,hc2,search,10,frame_freeze_5,order2,30,False,0.2784120094649783,0.3598326359832636,0.7598286323917135,0.28094900418418817,0.3598326359832636,0.7667449967281926,0.28094900418418817,0.3598326359832636,0.7667449967281926,0.002536994719209873,0.0,0.0069163643364791305,0.002536994719209873,0.0,0.002536994719209873,0.0,0.0069163643364791305,0.002536994719209873,0.0
hc2/search/frame_freeze_5/order2/00031,hc2,search,13,frame_freeze_5,order2,31,False,0.34846193490892863,0.5476190476190477,0.6367974529429983,0.35761454405616333,0.5476190476190477,0.653262492627811,0.35761454405616333,0.5476190476190477,0.653262492627811,0.009152609147234703,0.0,0.01646503968481272,0.009152609147234703,0.0,0.009152609147234703,0.0,0.01646503968481272,0.009152609147234703,0.0
hc2/search/motion_blur_5/order1/00000,hc2,search,2,motion_blur_5,order1,0,True,0.1329419147079822,0.2995391705069124,0.45657362323973477,0.1329419147079822,0.2995391705069124,0.45657362323973477,0.1329419147079822,0.2995391705069124,0.45657362323973477,0.0,0.0,0.0,0.0,-0.0,0.0,0.0,0.0,0.0,-0.0
hc2/search/motion_blur_5/order1/00001,hc2,search,0,motion_blur_5,order1,1,False,0.19426964393792676,0.3778801843317972,0.44383866820386303,0.16970515160906277,0.3778801843317972,0.39479250245362746,0.16970515160906277,0.3778801843317972,0.39479250245362746,-0.024564492328863985,0.0,-0.04904616575023557,0.0,0.024564492328863985,-0.024564492328863985,0.0,-0.04904616575023557,0.0,0.024564492328863985
hc2/search/motion_blur_5/order1/00002,hc2,search,25,motion_blur_5,order1,2,False,0.24830588642661383,0.6883116883116883,0.308204215409279,0.25264277684352643,0.6883116883116883,0.3127981683310473,0.25264277684352643,0.6883116883116883,0.3127981683310473,0.004336890416912598,0.0,0.004593952921768285,0.004336890416912598,0.0,0.004336890416912598,0.0,0.004593952921768285,0.004336890416912598,0.0
hc2/search/motion_blur_5/order1/00003,hc2,search,22,motion_blur_5,order1,3,False,0.06613831398600373,0.22084367245657568,0.38812303337917753,0.06424712152813594,0.22084367245657568,0.3861537215395701,0.06424712152813594,0.22084367245657568,0.3861537215395701,-0.0018911924578677852,0.0,-0.0019693118396074127,0.0,0.0018911924578677852,-0.0018911924578677852,0.0,-0.0019693118396074127,0.0,0.0018911924578677852
hc2/search/motion_blur_5/order1/00004,hc2,search,27,motion_blur_5,order1,4,True,0.5908090575102903,0.7984189723320159,0.7367678649378976,0.5902912338126722,0.7984189723320159,0.7361309646989791,0.5902912338126722,0.7984189723320159,0.7361309646989791,-0.0005178236976181028,0.0,-0.0006369002389184919,0.0,0.0005178236976181028,-0.0005178236976181028,0.0,-0.0006369002389184919,0.0,0.0005178236976181028
hc2/search/motion_blur_5/order1/00005,hc2,search,31,motion_blur_5,order1,5,False,0.4687608940952706,0.7741228070175439,0.597732088093712,0.4694084682172241,0.7741228070175439,0.5977938827820557,0.4694084682172241,0.7741228070175439,0.5977938827820557,0.000647574121953487,0.0,6.179468834366375e-05,0.000647574121953487,0.0,0.000647574121953487,0.0,6.179468834366375e-05,0.000647574121953487,0.0
hc2/search/motion_blur_5/order1/00006,hc2,search,11,motion_blur_5,order1,6,False,0.1851266526011327,0.6794520547945205,0.26709524955158237,0.1856709883140125,0.6794520547945205,0.2678796210588153,0.1856709883140125,0.6794520547945205,0.2678796210588153,0.0005443357128797899,0.0,0.0007843715072329283,0.0005443357128797899,0.0,0.0005443357128797899,0.0,0.0007843715072329283,0.0005443357128797899,0.0
hc2/search/motion_blur_5/order1/00007,hc2,search,30,motion_blur_5,order1,7,False,0.5755813063864014,0.7861271676300579,0.7322134743369854,0.5774409564777259,0.7861271676300579,0.7348213705408042,0.5774409564777259,0.7861271676300579,0.7348213705408042,0.001859650091324494,0.0,0.002607896203818849,0.001859650091324494,0.0,0.001859650091324494,0.0,0.002607896203818849,0.001859650091324494,0.0
hc2/search/motion_blur_5/order1/00008,hc2,search,26,motion_blur_5,order1,8,True,0.15465497463544192,0.4272300469483568,0.3610095036614472,0.21571210324615053,0.4272300469483568,0.4654404701952002,0.21571210324615053,0.4272300469483568,0.4654404701952002,0.06105712861070861,0.0,0.104430966533753,0.06105712861070861,0.0,0.06105712861070861,0.0,0.104430966533753,0.06105712861070861,0.0
hc2/search/motion_blur_5/order1/00009,hc2,search,24,motion_blur_5,order1,9,False,0.01768212934848272,0.342911877394636,0.1588607768791875,0.13650904233657304,0.342911877394636,0.3907189680354329,0.13650904233657304,0.342911877394636,0.3907189680354329,0.11882691298809032,0.0,0.23185819115624537,0.11882691298809032,0.0,0.11882691298809032,0.0,0.23185819115624537,0.11882691298809032,0.0
hc2/search/motion_blur_5/order1/00010,hc2,search,19,motion_blur_5,order1,10,False,0.6040721106790734,0.8582375478927203,0.7072030224810697,0.19086131917601204,0.8582375478927203,0.2392619798124837,0.19086131917601204,0.8582375478927203,0.2392619798124837,-0.4132107915030614,0.0,-0.467941042668586,0.0,0.4132107915030614,-0.4132107915030614,0.0,-0.467941042668586,0.0,0.4132107915030614
hc2/search/motion_blur_5/order1/00011,hc2,search,13,motion_blur_5,order1,11,False,0.35321565220301104,0.5476190476190477,0.6447551917160548,0.3487320637765468,0.5476190476190477,0.6367595437284529,0.3487320637765468,0.5476190476190477,0.6367595437284529,-0.004483588426464236,0.0,-0.007995647987601884,0.0,0.004483588426464236,-0.004483588426464236,0.0,-0.007995647987601884,0.0,0.004483588426464236
hc2/search/motion_blur_5/order1/00012,hc2,search,14,motion_blur_5,order1,12,True,0.5009546029836671,0.7486033519553073,0.6703583782479607,0.5028540023673572,0.7486033519553073,0.6729666261959178,0.5028540023673572,0.7486033519553073,0.6729666261959178,0.0018993993836901035,0.0,0.0026082479479571097,0.0018993993836901035,0.0,0.0018993993836901035,0.0,0.0026082479479571097,0.0018993993836901035,0.0
hc2/search/motion_blur_5/order1/00013,hc2,search,16,motion_blur_5,order1,13,False,0.19484830752426366,0.38858695652173914,0.48163236711101604,0.18998633309312987,0.38858695652173914,0.4715392503279561,0.18998633309312987,0.38858695652173914,0.4715392503279561,-0.0048619744311337865,0.0,-0.010093116783059908,0.0,0.0048619744311337865,-0.0048619744311337865,0.0,-0.010093116783059908,0.0,0.0048619744311337865
hc2/search/motion_blur_5/order1/00014,hc2,search,17,motion_blur_5,order1,14,False,0.2965640037969616,0.4533678756476684,0.6527688103736847,0.2936815948674888,0.4533678756476684,0.6464570743537116,0.2936815948674888,0.4533678756476684,0.6464570743537116,-0.0028824089294727795,0.0,-0.0063117360199731465,0.0,0.0028824089294727795,-0.0028824089294727795,0.0,-0.0063117360199731465,0.0,0.0028824089294727795
hc2/search/motion_blur_5/order1/00015,hc2,search,23,motion_blur_5,order1,15,False,0.09193612892493874,0.8074534161490683,0.11342311691122711,0.11114160883312567,0.8074534161490683,0.1371172338860784,0.11114160883312567,0.8074534161490683,0.1371172338860784,0.019205479908186926,0.0,0.023694116974851298,0.019205479908186926,0.0,0.019205479908186926,0.0,0.023694116974851298,0.019205479908186926,0.0
hc2/search/motion_blur_5/order1/00016,hc2,search,29,motion_blur_5,order1,16,True,0.18429189952958352,0.3434650455927052,0.5341366383390018,0.16402704923483438,0.3434650455927052,0.47337630875667114,0.16402704923483438,0.3434650455927052,0.47337630875667114,-0.020264850294749143,0.0,-0.060760329582330685,0.0,0.020264850294749143,-0.020264850294749143,0.0,-0.060760329582330685,0.0,0.020264850294749143
hc2/search/motion_blur_5/order1/00017,hc2,search,9,motion_blur_5,order1,17,False,0.0,0.0,0.621789863372186,0.0,0.0,0.6214246608403147,0.0,0.0,0.6214246608403147,0.0,0.0,-0.00036520253187133367,0.0,-0.0,0.0,0.0,-0.00036520253187133367,0.0,-0.0
hc2/search/motion_blur_5/order1/00018,hc2,search,5,motion_blur_5,order1,18,False,0.230155609588202,0.46996466431095407,0.4905616065809829,0.23620904644971785,0.46996466431095407,0.5035620276163937,0.23620904644971785,0.46996466431095407,0.5035620276163937,0.006053436861515854,0.0,0.01300042103541077,0.006053436861515854,0.0,0.006053436861515854,0.0,0.01300042103541077,0.006053436861515854,0.0
hc2/search/motion_blur_5/order1/00019,hc2,search,8,motion_blur_5,order1,19,False,0.6925102115834736,0.7988338192419825,0.8485153481532571,0.6915477930713012,0.7988338192419825,0.8474428898237415,0.6915477930713012,0.7988338192419825,0.8474428898237415,-0.0009624185121723805,0.0,-0.0010724583295156354,0.0,0.0009624185121723805,-0.0009624185121723805,0.0,-0.0010724583295156354,0.0,0.0009624185121723805
hc2/search/motion_blur_5/order1/00020,hc2,search,28,motion_blur_5,order1,20,True,0.42338767772643887,0.5978835978835979,0.7019322025464644,0.42634540082749556,0.5978835978835979,0.7068357961087426,0.42634540082749556,0.5978835978835979,0.7068357961087426,0.0029577231010566862,0.0,0.004903593562278208,0.0029577231010566862,0.0,0.0029577231010566862,0.0,0.004903593562278208,0.0029577231010566862,0.0
hc2/search/motion_blur_5/order1/00021,hc2,search,10,motion_blur_5,order1,21,False,0.27433694489857474,0.3598326359832636,0.7484688012689235,0.27844215056380567,0.3598326359832636,0.7599324067348345,0.27844215056380567,0.3598326359832636,0.7599324067348345,0.0041052056652309266,0.0,0.011463605465911075,0.0041052056652309266,0.0,0.0041052056652309266,0.0,0.011463605465911075,0.0041052056652309266,0.0
hc2/search/motion_blur_5/order1/00022,hc2,search,21,motion_blur_5,order1,22,False,0.5890380956217288,0.8664688427299704,0.6842913907498385,0.5824647011161176,0.8664688427299704,0.681732593922697,0.5824647011161176,0.8664688427299704,0.681732593922697,-0.00657339450561123,0.0,-0.0025587968271414407,0.0,0.00657339450561123,-0.00657339450561123,0.0,-0.0025587968271414407,0.0,0.00657339450561123
hc2/search/motion_blur_5/order1/00023,hc2,search,20,motion_blur_5,order1,23,False,0.544654901612827,0.890295358649789,0.6156138485141307,0.5574970808672824,0.890295358649789,0.6299638690872726,0.5574970808672824,0.890295358649789,0.6299638690872726,0.01284217925445541,0.0,0.014350020573141942,0.01284217925445541,0.0,0.01284217925445541,0.0,0.014350020573141942,0.01284217925445541,0.0
hc2/search/motion_blur_5/order1/00024,hc2,search,1,motion_blur_5,order1,24,True,0.42130810419656656,0.7520661157024794,0.5599261397547153,0.41999926433376106,0.7520661157024794,0.5581395786400171,0.41999926433376106,0.7520661157024794,0.5581395786400171,-0.0013088398628054998,0.0,-0.0017865611146982152,0.0,0.0013088398628054998,-0.0013088398628054998,0.0,-0.0017865611146982152,0.0,0.0013088398628054998
hc2/search/motion_blur_5/order1/00025,hc2,search,7,motion_blur_5,order1,25,False,0.6358314398275307,0.9619883040935673,0.656483557501324,0.6408967220042996,0.9619883040935673,0.661481251733991,0.6408967220042996,0.9619883040935673,0.661481251733991,0.005065282176768937,0.0,0.004997694232666938,0.005065282176768937,0.0,0.005065282176768937,0.0,0.004997694232666938,0.005065282176768937,0.0
hc2/search/motion_blur_5/order1/00026,hc2,search,12,motion_blur_5,order1,26,False,0.47275832490899006,0.8191489361702128,0.5823792634374522,0.47410324654127395,0.8191489361702128,0.5829015735240873,0.47410324654127395,0.8191489361702128,0.5829015735240873,0.0013449216322838908,0.0,0.0005223100866351693,0.0013449216322838908,0.0,0.0013449216322838908,0.0,0.0005223100866351693,0.0013449216322838908,0.0
hc2/search/motion_blur_5/order1/00027,hc2,search,18,motion_blur_5,order1,27,False,0.17795533232104857,0.27298850574712646,0.6902662749644208,0.1837533290875594,0.27298850574712646,0.7070677007542538,0.1837533290875594,0.27298850574712646,0.7070677007542538,0.005797996766510827,0.0,0.016801425789833013,0.005797996766510827,0.0,0.005797996766510827,0.0,0.016801425789833013,0.005797996766510827,0.0
hc2/search/motion_blur_5/order1/00028,hc2,search,3,motion_blur_5,order1,28,True,0.23740929074081765,0.5337423312883436,0.4438182605645676,0.23591822381314523,0.5337423312883436,0.44100658093090744,0.23591822381314523,0.5337423312883436,0.44100658093090744,-0.0014910669276724242,0.0,-0.0028116796336601357,0.0,0.0014910669276724242,-0.0014910669276724242,0.0,-0.0028116796336601357,0.0,0.0014910669276724242
hc2/search/motion_blur_5/order1/00029,hc2,search,6,motion_blur_5,order1,29,False,0.30497063045855366,0.6896551724137931,0.44178380116427374,0.30150297369845924,0.6896551724137931,0.4368023044013003,0.30150297369845924,0.6896551724137931,0.4368023044013003,-0.0034676567600944175,0.0,-0.004981496762973436,0.0,0.0034676567600944175,-0.0034676567600944175,0.0,-0.004981496762973436,0.0,0.0034676567600944175
hc2/search/motion_blur_5/order1/00030,hc2,search,15,motion_blur_5,order1,30,False,0.0542873901397707,0.28044280442804426,0.17658845622761227,0.06424017636134317,0.28044280442804426,0.20634544371366897,0.06424017636134317,0.28044280442804426,0.20634544371366897,0.009952786221572474,0.0,0.029756987486056707,0.009952786221572474,0.0,0.009952786221572474,0.0,0.029756987486056707,0.009952786221572474,0.0
hc2/search/motion_blur_5/order1/00031,hc2,search,4,motion_blur_5,order1,31,False,0.0,0.0,0.5113958098754595,0.0,0.0,0.512136549838608,0.0,0.0,0.512136549838608,0.0,0.0,0.0007407399631484957,0.0,-0.0,0.0,0.0,0.0007407399631484957,0.0,-0.0
hc2/search/motion_blur_5/order2/00000,hc2,search,16,motion_blur_5,order2,0,True,0.19445586209986046,0.41032608695652173,0.4367980126483979,0.19445586209986046,0.41032608695652173,0.4367980126483979,0.19445586209986046,0.41032608695652173,0.4367980126483979,0.0,0.0,0.0,0.0,-0.0,0.0,0.0,0.0,0.0,-0.0
hc2/search/motion_blur_5/order2/00001,hc2,search,2,motion_blur_5,order2,1,False,0.11704280588673315,0.23923444976076555,0.45430679203927776,0.11714897719344837,0.23923444976076555,0.4624511600441104,0.11714897719344837,0.23923444976076555,0.4624511600441104,0.00010617130671522479,0.0,0.008144368004832647,0.00010617130671522479,0.0,0.00010617130671522479,0.0,0.008144368004832647,0.00010617130671522479,0.0
hc2/search/motion_blur_5/order2/00002,hc2,search,27,motion_blur_5,order2,2,False,0.5843683134367902,0.8022813688212928,0.7256186053774499,0.5839842997055505,0.8022813688212928,0.7251239255140424,0.5839842997055505,0.8022813688212928,0.7251239255140424,-0.0003840137312396408,0.0,-0.0004946798634075655,0.0,0.0003840137312396408,-0.0003840137312396408,0.0,-0.0004946798634075655,0.0,0.0003840137312396408
hc2/search/motion_blur_5/order2/00003,hc2,search,22,motion_blur_5,order2,3,False,0.06487569204503088,0.22084367245657568,0.3885768642359877,0.06480578315138068,0.22084367245657568,0.3900323939297093,0.06480578315138068,0.22084367245657568,0.3900323939297093,-6.990889365020292e-05,0.0,0.0014555296937215911,0.0,6.990889365020292e-05,-6.990889365020292e-05,0.0,0.0014555296937215911,0.0,6.990889365020292e-05
hc2/search/motion_blur_5/order2/00004,hc2,search,23,motion_blur_5,order2,4,True,0.09001924227195467,0.6666666666666666,0.1345115114408518,0.09460734210635474,0.6666666666666666,0.14136729280259905,0.09460734210635474,0.6666666666666666,0.14136729280259905,0.004588099834400075,0.0,0.0068557813617472485,0.004588099834400075,0.0,0.004588099834400075,0.0,0.0068557813617472485,0.004588099834400075,0.0
hc2/search/motion_blur_5/order2/00005,hc2,search,26,motion_blur_5,order2,5,False,0.173778400891686,0.40476190476190477,0.4312275736308549,0.19444902724742433,0.40476190476190477,0.4829638587634468,0.19444902724742433,0.40476190476190477,0.4829638587634468,0.020670626355738325,0.0,0.051736285132591875,0.020670626355738325,0.0,0.020670626355738325,0.0,0.051736285132591875,0.020670626355738325,0.0
hc2/search/motion_blur_5/order2/00006,hc2,search,15,motion_blur_5,order2,6,False,0.06556586766922537,0.28044280442804426,0.20992099578435414,0.06671428529372671,0.28044280442804426,0.21331101077018777,0.06671428529372671,0.28044280442804426,0.21331101077018777,0.0011484176245013383,0.0,0.0033900149858336337,0.0011484176245013383,0.0,0.0011484176245013383,0.0,0.0033900149858336337,0.0011484176245013383,0.0
hc2/search/motion_blur_5/order2/00007,hc2,search,12,motion_blur_5,order2,7,False,0.47423618383574717,0.8191489361702128,0.5829836890862178,0.47414934278648246,0.8191489361702128,0.5827322698451315,0.47414934278648246,0.8191489361702128,0.5827322698451315,-8.684104926470759e-05,0.0,-0.00025141924108629254,0.0,8.684104926470759e-05,-8.684104926470759e-05,0.0,-0.00025141924108629254,0.0,8.684104926470759e-05
hc2/search/motion_blur_5/order2/00008,hc2,search,5,motion_blur_5,order2,8,True,0.20910483035507985,0.415625,0.5040360589768662,0.2095908901331553,0.415625,0.5051962719711058,0.2095908901331553,0.415625,0.5051962719711058,0.0004860597780754483,0.0,0.0011602129942396289,0.0004860597780754483,0.0,0.0004860597780754483,0.0,0.0011602129942396289,0.0004860597780754483,0.0
hc2/search/motion_blur_5/order2/00009,hc2,search,17,motion_blur_5,order2,9,False,0.2870421422356565,0.4533678756476684,0.6319676753164957,0.28770663837129506,0.4533678756476684,0.6334213451291113,0.28770663837129506,0.4533678756476684,0.6334213451291113,0.0006644961356385704,0.0,0.0014536698126156322,0.0006644961356385704,0.0,0.0006644961356385704,0.0,0.0014536698126156322,0.0006644961356385704,0.0
hc2/search/motion_blur_5/order2/00010,hc2,search,11,motion_blur_5,order2,10,False,0.2099610478059358,0.6794520547945205,0.30385292595847907,0.20828239227571121,0.6794520547945205,0.30138997054866423,0.20828239227571121,0.6794520547945205,0.30138997054866423,-0.0016786555302245876,0.0,-0.0024629554098148376,0.0,0.0016786555302245876,-0.0016786555302245876,0.0,-0.0024629554098148376,0.0,0.0016786555302245876
hc2/search/motion_blur_5/order2/00011,hc2,search,3,motion_blur_5,order2,11,False,0.21829549651839095,0.5028901734104047,0.4329693184585318,0.21812497589149094,0.5028901734104047,0.43264843086113575,0.21812497589149094,0.5028901734104047,0.43264843086113575,-0.00017052062690001146,0.0,-0.000320887597396069,0.0,0.00017052062690001146,-0.00017052062690001146,0.0,-0.000320887597396069,0.0,0.00017052062690001146
hc2/search/motion_blur_5/order2/00012,hc2,search,1,motion_blur_5,order2,12,True,0.42039439389934335,0.7520661157024794,0.5586516578551541,0.4209524798524211,0.7520661157024794,0.5594193172223604,0.4209524798524211,0.7520661157024794,0.5594193172223604,0.0005580859530777693,0.0,0.0007676593672062415,0.0005580859530777693,0.0,0.0005580859530777693,0.0,0.0007676593672062415,0.0005580859530777693,0.0
hc2/search/motion_blur_5/order2/00013,hc2,search,9,motion_blur_5,order2,13,False,0.0,0.0,0.6197074679907795,0.0,0.0,0.6129060429896226,0.0,0.0,0.6129060429896226,0.0,0.0,-0.00680142500115688,0.0,-0.0,0.0,0.0,-0.00680142500115688,0.0,-0.0
hc2/search/motion_blur_5/order2/00014,hc2,search,14,motion_blur_5,order2,14,False,0.5490388090918733,0.7928994082840237,0.6936287241512379,0.548558072621019,0.7928994082840237,0.6930271244701557,0.548558072621019,0.7928994082840237,0.6930271244701557,-0.00048073647085433713,0.0,-0.0006015996810821989,0.0,0.00048073647085433713,-0.00048073647085433713,0.0,-0.0006015996810821989,0.0,0.00048073647085433713
hc2/search/motion_blur_5/order2/00015,hc2,search,31,motion_blur_5,order2,15,False,0.4814861939214562,0.7741228070175439,0.6147858792619726,0.4812102915914293,0.7741228070175439,0.6135904565018989,0.4812102915914293,0.7741228070175439,0.6135904565018989,-0.00027590233002688924,0.0,-0.0011954227600736722,0.0,0.00027590233002688924,-0.00027590233002688924,0.0,-0.0011954227600736722,0.0,0.00027590233002688924
hc2/search/motion_blur_5/order2/00016,hc2,search,20,motion_blur_5,order2,16,True,0.5001648173362158,0.8,0.630858122000572,0.499426980167874,0.8,0.6299527101527105,0.499426980167874,0.8,0.6299527101527105,-0.0007378371683417484,0.0,-0.0009054118478615258,0.0,0.0007378371683417484,-0.0007378371683417484,0.0,-0.0009054118478615258,0.0,0.0007378371683417484
hc2/search/motion_blur_5/order2/00017,hc2,search,0,motion_blur_5,order2,17,False,0.2100788148471443,0.3778801843317972,0.4926222583937884,0.17656577678894586,0.3778801843317972,0.4125476622545129,0.17656577678894586,0.3778801843317972,0.4125476622545129,-0.03351303805819844,0.0,-0.08007459613927553,0.0,0.03351303805819844,-0.03351303805819844,0.0,-0.08007459613927553,0.0,0.03351303805819844
hc2/search/motion_blur_5/order2/00018,hc2,search,24,motion_blur_5,order2,18,False,0.019678440174331138,0.342911877394636,0.16865358361842384,0.13533853737127857,0.342911877394636,0.3918841614547287,0.13533853737127857,0.342911877394636,0.3918841614547287,0.11566009719694743,0.0,0.22323057783630487,0.11566009719694743,0.0,0.11566009719694743,0.0,0.22323057783630487,0.11566009719694743,0.0
hc2/search/motion_blur_5/order2/00019,hc2,search,6,motion_blur_5,order2,19,False,0.30812966946578996,0.6896551724137931,0.4464368761556095,0.3027088518796928,0.6896551724137931,0.4385934294471694,0.3027088518796928,0.6896551724137931,0.4385934294471694,-0.0054208175860971375,0.0,-0.007843446708440116,0.0,0.0054208175860971375,-0.0054208175860971375,0.0,-0.007843446708440116,0.0,0.0054208175860971375
hc2/search/motion_blur_5/order2/00020,hc2,search,4,motion_blur_5,order2,20,True,0.0,0.0,0.506477018089228,0.0,0.0,0.5163897574522409,0.0,0.0,0.5163897574522409,0.0,0.0,0.009912739363012957,0.0,-0.0,0.0,0.0,0.009912739363012957,0.0,-0.0
hc2/search/motion_blur_5/order2/00021,hc2,search,28,motion_blur_5,order2,21,False,0.4589152508518201,0.6243093922651933,0.7286286000366617,0.4594071493408323,0.6243093922651933,0.7294095967604444,0.4594071493408323,0.6243093922651933,0.7294095967604444,0.0004918984890122102,0.0,0.0007809967237826232,0.0004918984890122102,0.0,0.0004918984890122102,0.0,0.0007809967237826232,0.0004918984890122102,0.0
hc2/search/motion_blur_5/order2/00022,hc2,search,30,motion_blur_5,order2,22,False,0.5468791934061381,0.7861271676300579,0.6961799681043467,0.550022504730101,0.7861271676300579,0.7004734629184934,0.550022504730101,0.7861271676300579,0.7004734629184934,0.0031433113239628385,0.0,0.004293494814146759,0.0031433113239628385,0.0,0.0031433113239628385,0.0,0.004293494814146759,0.0031433113239628385,0.0
hc2/search/motion_blur_5/order2/00023,hc2,search,25,motion_blur_5,order2,23,False,0.23219437814668709,0.6883116883116883,0.2911798835772492,0.2466987863474109,0.6883116883116883,0.3074417521799499,0.2466987863474109,0.6883116883116883,0.3074417521799499,0.014504408200723823,0.0,0.01626186860270068,0.014504408200723823,0.0,0.014504408200723823,0.0,0.01626186860270068,0.014504408200723823,0.0
hc2/search/motion_blur_5/order2/00024,hc2,search,29,motion_blur_5,order2,24,True,0.1885022179727168,0.3434650455927052,0.5464723537983227,0.17156270910648044,0.3434650455927052,0.495162497998686,0.17156270910648044,0.3434650455927052,0.495162497998686,-0.016939508866236352,0.0,-0.051309855799636706,0.0,0.016939508866236352,-0.016939508866236352,0.0,-0.051309855799636706,0.0,0.016939508866236352
hc2/search/motion_blur_5/order2/00025,hc2,search,21,motion_blur_5,order2,25,False,0.596789920167927,0.8664688427299704,0.6945406468678882,0.5877116452887335,0.8664688427299704,0.6864498768340952,0.5877116452887335,0.8664688427299704,0.6864498768340952,-0.009078274879193438,0.0,-0.008090770033792993,0.0,0.009078274879193438,-0.009078274879193438,0.0,-0.008090770033792993,0.0,0.009078274879193438
hc2/search/motion_blur_5/order2/00026,hc2,search,19,motion_blur_5,order2,26,False,0.5989694894323686,0.8582375478927203,0.6952390281735368,0.1914372474295567,0.8582375478927203,0.23814292128689862,0.1914372474295567,0.8582375478927203,0.23814292128689862,-0.4075322420028119,0.0,-0.45709610688663815,0.0,0.4075322420028119,-0.4075322420028119,0.0,-0.45709610688663815,0.0,0.4075322420028119
hc2/search/motion_blur_5/order2/00027,hc2,search,18,motion_blur_5,order2,27,False,0.18794049373394028,0.27298850574712646,0.7077152261409576,0.1894792859358529,0.27298850574712646,0.7171028265022106,0.1894792859358529,0.27298850574712646,0.7171028265022106,0.0015387922019126088,0.0,0.009387600361252968,0.0015387922019126088,0.0,0.0015387922019126088,0.0,0.009387600361252968,0.0015387922019126088,0.0
hc2/search/motion_blur_5/order2/00028,hc2,search,8,motion_blur_5,order2,28,True,0.8183789788482869,0.9825072886297376,0.831839515206029,0.823836707252322,0.9825072886297376,0.8375543198736395,0.823836707252322,0.9825072886297376,0.8375543198736395,0.005457728404035134,0.0,0.00571480466761054,0.005457728404035134,0.0,0.005457728404035134,0.0,0.00571480466761054,0.005457728404035134,0.0
hc2/search/motion_blur_5/order2/00029,hc2,search,7,motion_blur_5,order2,29,False,0.647868848875091,0.9619883040935673,0.668826648791778,0.6459475825263447,0.9619883040935673,0.6667270952296337,0.6459475825263447,0.9619883040935673,0.6667270952296337,-0.0019212663487463422,0.0,-0.0020995535621443073,0.0,0.0019212663487463422,-0.0019212663487463422,0.0,-0.0020995535621443073,0.0,0.0019212663487463422
hc2/search/motion_blur_5/order2/00030,hc2,search,10,motion_blur_5,order2,30,False,0.2802749558679616,0.3598326359832636,0.7650488457333217,0.2800068906605227,0.3598326359832636,0.7639501764479106,0.2800068906605227,0.3598326359832636,0.7639501764479106,-0.0002680652074388834,0.0,-0.0010986692854110247,0.0,0.0002680652074388834,-0.0002680652074388834,0.0,-0.0010986692854110247,0.0,0.0002680652074388834
hc2/search/motion_blur_5/order2/00031,hc2,search,13,motion_blur_5,order2,31,False,0.3466202486184246,0.5476190476190477,0.6333719918490687,0.3570036427971085,0.5476190476190477,0.6521260934337071,0.3570036427971085,0.5476190476190477,0.6521260934337071,0.010383394178683891,0.0,0.018754101584638416,0.010383394178683891,0.0,0.010383394178683891,0.0,0.018754101584638416,0.010383394178683891,0.0
hc2/search/occlusion_5/order1/00000,hc2,search,2,occlusion_5,order1,0,True,0.16975747517562523,0.3686635944700461,0.49806474914135346,0.16975747517562523,0.3686635944700461,0.49806474914135346,0.16975747517562523,0.3686635944700461,0.49806474914135346,0.0,0.0,0.0,0.0,-0.0,0.0,0.0,0.0,0.0,-0.0
hc2/search/occlusion_5/order1/00001,hc2,search,0,occlusion_5,order1,1,False,0.19479513473360757,0.3778801843317972,0.44390494708351785,0.17364236505318945,0.3778801843317972,0.4015765134271579,0.17364236505318945,0.3778801843317972,0.4015765134271579,-0.021152769680418126,0.0,-0.042328433656359965,0.0,0.021152769680418126,-0.021152769680418126,0.0,-0.042328433656359965,0.0,0.021152769680418126
hc2/search/occlusion_5/order1/00002,hc2,search,25,occlusion_5,order1,2,False,0.24813965924175177,0.6883116883116883,0.3080399161634637,0.25470398124685967,0.6883116883116883,0.31486815956288183,0.25470398124685967,0.6883116883116883,0.31486815956288183,0.006564322005107898,0.0,0.006828243399418121,0.006564322005107898,0.0,0.006564322005107898,0.0,0.006828243399418121,0.006564322005107898,0.0
hc2/search/occlusion_5/order1/00003,hc2,search,22,occlusion_5,order1,3,False,0.062142842185604744,0.24316939890710382,0.3685986573060427,0.05755107749289771,0.24316939890710382,0.35982525785744474,0.05755107749289771,0.24316939890710382,0.35982525785744474,-0.004591764692707036,0.0,-0.008773399448597952,0.0,0.004591764692707036,-0.004591764692707036,0.0,-0.008773399448597952,0.0,0.004591764692707036
hc2/search/occlusion_5/order1/00004,hc2,search,27,occlusion_5,order1,4,True,0.2589291131654658,0.32987012987012987,0.7595621080363623,0.2587867970276912,0.32987012987012987,0.7590534533782711,0.2587867970276912,0.32987012987012987,0.7590534533782711,-0.00014231613777460073,0.0,-0.0005086546580911344,0.0,0.00014231613777460073,-0.00014231613777460073,0.0,-0.0005086546580911344,0.0,0.00014231613777460073
hc2/search/occlusion_5/order1/00005,hc2,search,31,occlusion_5,order1,5,False,0.48484611751791884,0.8092105263157895,0.5945912773387457,0.48551529155892004,0.8092105263157895,0.5944992944046663,0.48551529155892004,0.8092105263157895,0.5944992944046663,0.000669174041001197,0.0,-9.198293407941538e-05,0.000669174041001197,0.0,0.000669174041001197,0.0,-9.198293407941538e-05,0.000669174041001197,0.0
hc2/search/occlusion_5/order1/00006,hc2,search,11,occlusion_5,order1,6,False,0.19271697200581578,0.7013698630136986,0.27051225829419545,0.1938199920425643,0.7013698630136986,0.272046490421383,0.1938199920425643,0.7013698630136986,0.272046490421383,0.001103020036748531,0.0,0.0015342321271875625,0.001103020036748531,0.0,0.001103020036748531,0.0,0.0015342321271875625,0.001103020036748531,0.0
hc2/search/occlusion_5/order1/00007,hc2,search,30,occlusion_5,order1,7,False,0.5750715011757646,0.7861271676300579,0.7316099475490215,0.5766486522070354,0.7861271676300579,0.7338225998660994,0.5766486522070354,0.7861271676300579,0.7338225998660994,0.0015771510312708736,0.0,0.002212652317077901,0.0015771510312708736,0.0,0.0015771510312708736,0.0,0.002212652317077901,0.0015771510312708736,0.0
hc2/search/occlusion_5/order1/00008,hc2,search,26,occlusion_5,order1,8,True,0.18235405745344374,0.4473684210526316,0.4085988884006838,0.21338256227384808,0.4473684210526316,0.4797098386529087,0.21338256227384808,0.4473684210526316,0.4797098386529087,0.03102850482040434,0.0,0.07111095025222491,0.03102850482040434,0.0,0.03102850482040434,0.0,0.07111095025222491,0.03102850482040434,0.0
hc2/search/occlusion_5/order1/00009,hc2,search,24,occlusion_5,order1,9,False,0.01778116093951791,0.342911877394636,0.15537381094230351,0.14308509740791098,0.342911877394636,0.40063870707196975,0.14308509740791098,0.342911877394636,0.40063870707196975,0.12530393646839308,0.0,0.24526489612966623,0.12530393646839308,0.0,0.12530393646839308,0.0,0.24526489612966623,0.12530393646839308,0.0
hc2/search/occlusion_5/order1/00010,hc2,search,19,occlusion_5,order1,10,False,0.5810419601076383,0.8327137546468402,0.7014826506868612,0.0461684619903855,0.8327137546468402,0.07717506611389234,0.0461684619903855,0.8327137546468402,0.07717506611389234,-0.5348734981172528,0.0,-0.6243075845729689,0.0,0.5348734981172528,-0.5348734981172528,0.0,-0.6243075845729689,0.0,0.5348734981172528
hc2/search/occlusion_5/order1/00011,hc2,search,13,occlusion_5,order1,11,False,0.35468079988009593,0.5476190476190477,0.6474299261923498,0.34836479673524257,0.5476190476190477,0.6361113732086643,0.34836479673524257,0.5476190476190477,0.6361113732086643,-0.006316003144853366,0.0,-0.01131855298368556,0.0,0.006316003144853366,-0.006316003144853366,0.0,-0.01131855298368556,0.0,0.006316003144853366
hc2/search/occlusion_5/order1/00012,hc2,search,14,occlusion_5,order1,12,True,0.34525506707664555,0.5275590551181102,0.65488813540021,0.34654284589553386,0.5275590551181102,0.657499028479976,0.34654284589553386,0.5275590551181102,0.657499028479976,0.0012877788188883077,0.0,0.00261089307976603,0.0012877788188883077,0.0,0.0012877788188883077,0.0,0.00261089307976603,0.0012877788188883077,0.0
hc2/search/occlusion_5/order1/00013,hc2,search,16,occlusion_5,order1,13,False,0.17981477659949557,0.35904255319148937,0.4855167218251812,0.17145988900731624,0.35904255319148937,0.47063439565592546,0.17145988900731624,0.35904255319148937,0.47063439565592546,-0.008354887592179339,0.0,-0.014882326169255722,0.0,0.008354887592179339,-0.008354887592179339,0.0,-0.014882326169255722,0.0,0.008354887592179339
hc2/search/occlusion_5/order1/00014,hc2,search,17,occlusion_5,order1,14,False,0.2975720780603986,0.4533678756476684,0.6549844174551182,0.2933320675027523,0.4533678756476684,0.6456925798058264,0.2933320675027523,0.4533678756476684,0.6456925798058264,-0.004240010557646279,0.0,-0.009291837649291756,0.0,0.004240010557646279,-0.004240010557646279,0.0,-0.009291837649291756,0.0,0.004240010557646279
hc2/search/occlusion_5/order1/00015,hc2,search,23,occlusion_5,order1,15,False,0.09238703130569666,0.8074534161490683,0.11397940260702806,0.10683211262965817,0.8074534161490683,0.13180053742049783,0.10683211262965817,0.8074534161490683,0.13180053742049783,0.014445081323961509,0.0,0.017821134813469766,0.014445081323961509,0.0,0.014445081323961509,0.0,0.017821134813469766,0.014445081323961509,0.0
hc2/search/occlusion_5/order1/00016,hc2,search,29,occlusion_5,order1,16,True,0.20760364288221417,0.3896551724137931,0.5300013118491208,0.18303395663659686,0.3896551724137931,0.4656126967071324,0.18303395663659686,0.3896551724137931,0.4656126967071324,-0.02456968624561731,0.0,-0.0643886151419884,0.0,0.02456968624561731,-0.02456968624561731,0.0,-0.0643886151419884,0.0,0.02456968624561731
hc2/search/occlusion_5/order1/00017,hc2,search,9,occlusion_5,order1,17,False,0.0,0.0,0.5911575671359841,0.0,0.0,0.6187994528255746,0.0,0.0,0.6187994528255746,0.0,0.0,0.027641885689590473,0.0,-0.0,0.0,0.0,0.027641885689590473,0.0,-0.0
hc2/search/occlusion_5/order1/00018,hc2,search,5,occlusion_5,order1,18,False,0.23186747514849396,0.46996466431095407,0.4942803774302062,0.23714686019644698,0.46996466431095407,0.5055850082325607,0.23714686019644698,0.46996466431095407,0.5055850082325607,0.005279385047953028,0.0,0.011304630802354498,0.005279385047953028,0.0,0.005279385047953028,0.0,0.011304630802354498,0.005279385047953028,0.0
hc2/search/occlusion_5/order1/00019,hc2,search,8,occlusion_5,order1,19,False,0.7404008130652023,0.8688046647230321,0.8495474462151109,0.7400693378048615,0.8688046647230321,0.8484637739815944,0.7400693378048615,0.8688046647230321,0.8484637739815944,-0.00033147526034082997,0.0,-0.001083672233516464,0.0,0.00033147526034082997,-0.00033147526034082997,0.0,-0.001083672233516464,0.0,0.00033147526034082997
hc2/search/occlusion_5/order1/00020,hc2,search,28,occlusion_5,order1,20,True,0.4020989587106718,0.5736040609137056,0.6948552181228276,0.4093643232217528,0.5736040609137056,0.7074102778481167,0.4093643232217528,0.5736040609137056,0.7074102778481167,0.007265364511081007,0.0,0.012555059725289142,0.007265364511081007,0.0,0.007265364511081007,0.0,0.012555059725289142,0.007265364511081007,0.0
hc2/search/occlusion_5/order1/00021,hc2,search,10,occlusion_5,order1,21,False,0.27165854150692964,0.3598326359832636,0.7405098200793051,0.2792700251228608,0.3598326359832636,0.7624071430205785,0.2792700251228608,0.3598326359832636,0.7624071430205785,0.007611483615931169,0.0,0.021897322941273445,0.007611483615931169,0.0,0.007611483615931169,0.0,0.021897322941273445,0.007611483615931169,0.0
hc2/search/occlusion_5/order1/00022,hc2,search,21,occlusion_5,order1,22,False,0.6322674139862998,0.9244712990936556,0.6788995504785362,0.6240372050714241,0.9244712990936556,0.6731828687121374,0.6240372050714241,0.9244712990936556,0.6731828687121374,-0.008230208914875692,0.0,-0.0057166817663988345,0.0,0.008230208914875692,-0.008230208914875692,0.0,-0.0057166817663988345,0.0,0.008230208914875692
hc2/search/occlusion_5/order1/00023,hc2,search,20,occlusion_5,order1,23,False,0.5472913449924983,0.890295358649789,0.6184548114363023,0.5609350873583765,0.890295358649789,0.6338108815485942,0.5609350873583765,0.890295358649789,0.6338108815485942,0.013643742365878175,0.0,0.015356070112291897,0.013643742365878175,0.0,0.013643742365878175,0.0,0.015356070112291897,0.013643742365878175,0.0
hc2/search/occlusion_5/order1/00024,hc2,search,1,occlusion_5,order1,24,True,0.42095754984854583,0.7520661157024794,0.5594977089929084,0.419923281281145,0.7520661157024794,0.5580245192461004,0.419923281281145,0.7520661157024794,0.5580245192461004,-0.0010342685674008534,0.0,-0.0014731897468079902,0.0,0.0010342685674008534,-0.0010342685674008534,0.0,-0.0014731897468079902,0.0,0.0010342685674008534
hc2/search/occlusion_5/order1/00025,hc2,search,7,occlusion_5,order1,25,False,0.6479893883512909,0.9824561403508771,0.6576023258540743,0.6525014833528319,0.9824561403508771,0.6620560829811902,0.6525014833528319,0.9824561403508771,0.6620560829811902,0.004512095001540928,0.0,0.0044537571271159315,0.004512095001540928,0.0,0.004512095001540928,0.0,0.0044537571271159315,0.004512095001540928,0.0
hc2/search/occlusion_5/order1/00026,hc2,search,12,occlusion_5,order1,26,False,0.4699993624575279,0.8191489361702128,0.5764067753476071,0.4747426687477027,0.8191489361702128,0.5840678757884936,0.4747426687477027,0.8191489361702128,0.5840678757884936,0.004743306290174831,0.0,0.007661100440886526,0.004743306290174831,0.0,0.004743306290174831,0.0,0.007661100440886526,0.004743306290174831,0.0
hc2/search/occlusion_5/order1/00027,hc2,search,18,occlusion_5,order1,27,False,0.2249248663243499,0.3390804597701149,0.6798168857860354,0.22959511755599604,0.3390804597701149,0.6881386850206958,0.22959511755599604,0.3390804597701149,0.6881386850206958,0.004670251231646133,0.0,0.008321799234660365,0.004670251231646133,0.0,0.004670251231646133,0.0,0.008321799234660365,0.004670251231646133,0.0
hc2/search/occlusion_5/order1/00028,hc2,search,3,occlusion_5,order1,28,True,0.2382497872940231,0.5337423312883436,0.4454538125962189,0.2352765625819417,0.5337423312883436,0.43978467416003825,0.2352765625819417,0.5337423312883436,0.43978467416003825,-0.0029732247120813904,0.0,-0.005669138436180665,0.0,0.0029732247120813904,-0.0029732247120813904,0.0,-0.005669138436180665,0.0,0.0029732247120813904
hc2/search/occlusion_5/order1/00029,hc2,search,6,occlusion_5,order1,29,False,0.3039789147310619,0.6896551724137931,0.440424263241225,0.3018981582098859,0.6896551724137931,0.43737007446358384,0.3018981582098859,0.6896551724137931,0.43737007446358384,-0.002080756521176008,0.0,-0.003054188777641187,0.0,0.002080756521176008,-0.002080756521176008,0.0,-0.003054188777641187,0.0,0.002080756521176008
hc2/search/occlusion_5/order1/00030,hc2,search,15,occlusion_5,order1,30,False,0.06545273278402829,0.28044280442804426,0.20965988314994147,0.06367395829147807,0.28044280442804426,0.20473390045590417,0.06367395829147807,0.28044280442804426,0.20473390045590417,-0.0017787744925502197,0.0,-0.004925982694037295,0.0,0.0017787744925502197,-0.0017787744925502197,0.0,-0.004925982694037295,0.0,0.0017787744925502197
hc2/search/occlusion_5/order1/00031,hc2,search,4,occlusion_5,order1,31,False,0.0,0.0,0.5214555712602998,0.0,0.0,0.5090833757854774,0.0,0.0,0.5090833757854774,0.0,0.0,-0.01237219547482249,0.0,-0.0,0.0,0.0,-0.01237219547482249,0.0,-0.0
hc2/search/occlusion_5/order2/00000,hc2,search,16,occlusion_5,order2,0,True,0.1902318483813199,0.4015957446808511,0.436564222342042,0.1902318483813199,0.4015957446808511,0.436564222342042,0.1902318483813199,0.4015957446808511,0.436564222342042,0.0,0.0,0.0,0.0,-0.0,0.0,0.0,0.0,0.0,-0.0
hc2/search/occlusion_5/order2/00001,hc2,search,2,occlusion_5,order2,1,False,0.16296892450983408,0.31100478468899523,0.5188296657261563,0.16163928020320126,0.31100478468899523,0.5205091680653805,0.16163928020320126,0.31100478468899523,0.5205091680653805,-0.0013296443066328212,0.0,0.0016795023392242037,0.0,0.0013296443066328212,-0.0013296443066328212,0.0,0.0016795023392242037,0.0,0.0013296443066328212
hc2/search/occlusion_5/order2/00002,hc2,search,27,occlusion_5,order2,2,False,0.6081893540528638,0.8022813688212928,0.7506644861972029,0.60787025688919,0.8022813688212928,0.7502321985044976,0.60787025688919,0.8022813688212928,0.7502321985044976,-0.00031909716367373164,0.0,-0.0004322876927053132,0.0,0.00031909716367373164,-0.00031909716367373164,0.0,-0.0004322876927053132,0.0,0.00031909716367373164
hc2/search/occlusion_5/order2/00003,hc2,search,22,occlusion_5,order2,3,False,0.06047322578328677,0.24316939890710382,0.3684562914561674,0.05827048677140272,0.24316939890710382,0.36395618192486906,0.05827048677140272,0.24316939890710382,0.36395618192486906,-0.0022027390118840445,0.0,-0.004500109531298313,0.0,0.0022027390118840445,-0.0022027390118840445,0.0,-0.004500109531298313,0.0,0.0022027390118840445
hc2/search/occlusion_5/order2/00004,hc2,search,23,occlusion_5,order2,4,True,0.09188866861520165,0.6666666666666666,0.1373049071261634,0.0911684938476747,0.6666666666666666,0.1362287839103185,0.0911684938476747,0.6666666666666666,0.1362287839103185,-0.0007201747675269488,0.0,-0.001076123215844882,0.0,0.0007201747675269488,-0.0007201747675269488,0.0,-0.001076123215844882,0.0,0.0007201747675269488
hc2/search/occlusion_5/order2/00005,hc2,search,26,occlusion_5,order2,5,False,0.19176908668601025,0.4180327868852459,0.4603918610694263,0.20858738699984436,0.4180327868852459,0.5017316544775359,0.20858738699984436,0.4180327868852459,0.5017316544775359,0.016818300313834106,0.0,0.04133979340810956,0.016818300313834106,0.0,0.016818300313834106,0.0,0.04133979340810956,0.016818300313834106,0.0
hc2/search/occlusion_5/order2/00006,hc2,search,15,occlusion_5,order2,6,False,0.06535395325613724,0.28044280442804426,0.20930500110026207,0.06659336465281174,0.28044280442804426,0.21296409370445277,0.06659336465281174,0.28044280442804426,0.21296409370445277,0.0012394113966744946,0.0,0.0036590926041907,0.0012394113966744946,0.0,0.0012394113966744946,0.0,0.0036590926041907,0.0012394113966744946,0.0
hc2/search/occlusion_5/order2/00007,hc2,search,12,occlusion_5,order2,7,False,0.4744189426409923,0.8191489361702128,0.5833293580699088,0.4743892720345502,0.8191489361702128,0.5831117988954514,0.4743892720345502,0.8191489361702128,0.5831117988954514,-2.96706064421004e-05,0.0,-0.00021755917445742678,0.0,2.96706064421004e-05,-2.96706064421004e-05,0.0,-0.00021755917445742678,0.0,2.96706064421004e-05
hc2/search/occlusion_5/order2/00008,hc2,search,5,occlusion_5,order2,8,True,0.2093517479678168,0.415625,0.5046390279212094,0.20988202040276027,0.415625,0.5059045991218513,0.20988202040276027,0.415625,0.5059045991218513,0.0005302724349434684,0.0,0.0012655712006418574,0.0005302724349434684,0.0,0.0005302724349434684,0.0,0.0012655712006418574,0.0005302724349434684,0.0
hc2/search/occlusion_5/order2/00009,hc2,search,17,occlusion_5,order2,9,False,0.2867760303218239,0.4533678756476684,0.6313861211013724,0.2875653026587918,0.4533678756476684,0.6331130248372118,0.2875653026587918,0.4533678756476684,0.6331130248372118,0.0007892723369679056,0.0,0.0017269037358393913,0.0007892723369679056,0.0,0.0007892723369679056,0.0,0.0017269037358393913,0.0007892723369679056,0.0
hc2/search/occlusion_5/order2/00010,hc2,search,11,occlusion_5,order2,10,False,0.21964780449625604,0.7013698630136986,0.30883178821985724,0.2183296578418126,0.7013698630136986,0.306948199501727,0.2183296578418126,0.7013698630136986,0.306948199501727,-0.0013181466544434361,0.0,-0.0018835887181302136,0.0,0.0013181466544434361,-0.0013181466544434361,0.0,-0.0018835887181302136,0.0,0.0013181466544434361
hc2/search/occlusion_5/order2/00011,hc2,search,3,occlusion_5,order2,11,False,0.21823122255574529,0.5028901734104047,0.4328353516562356,0.21795306717257104,0.5028901734104047,0.4323037293865815,0.21795306717257104,0.5028901734104047,0.4323037293865815,-0.0002781553831742445,0.0,-0.0005316222696540862,0.0,0.0002781553831742445,-0.0002781553831742445,0.0,-0.0005316222696540862,0.0,0.0002781553831742445
hc2/search/occlusion_5/order2/00012,hc2,search,1,occlusion_5,order2,12,True,0.4204589765836967,0.7520661157024794,0.5587374750293898,0.421007757838574,0.7520661157024794,0.5594940196164998,0.421007757838574,0.7520661157024794,0.5594940196164998,0.0005487812548773396,0.0,0.0007565445871100529,0.0005487812548773396,0.0,0.0005487812548773396,0.0,0.0007565445871100529,0.0005487812548773396,0.0
hc2/search/occlusion_5/order2/00013,hc2,search,9,occlusion_5,order2,13,False,0.0,0.0,0.6180717193874663,0.0,0.0,0.6108533064860175,0.0,0.0,0.6108533064860175,0.0,0.0,-0.007218412901448756,0.0,-0.0,0.0,0.0,-0.007218412901448756,0.0,-0.0
hc2/search/occlusion_5/order2/00014,hc2,search,14,occlusion_5,order2,14,False,0.5338787624185811,0.788235294117647,0.6778807665286778,0.5333427766599426,0.788235294117647,0.6772024181283307,0.5333427766599426,0.788235294117647,0.6772024181283307,-0.0005359857586385575,0.0,-0.0006783484003470841,0.0,0.0005359857586385575,-0.0005359857586385575,0.0,-0.0006783484003470841,0.0,0.0005359857586385575
hc2/search/occlusion_5/order2/00015,hc2,search,31,occlusion_5,order2,15,False,0.4982950591126799,0.8092105263157895,0.6116966542058919,0.4978622689974694,0.8092105263157895,0.6102887736477473,0.4978622689974694,0.8092105263157895,0.6102887736477473,-0.000432790115210524,0.0,-0.0014078805581446696,0.0,0.000432790115210524,-0.000432790115210524,0.0,-0.0014078805581446696,0.0,0.000432790115210524
hc2/search/occlusion_5/order2/00016,hc2,search,20,occlusion_5,order2,16,True,0.5011060867827,0.8,0.6320539475064413,0.5000021376022018,0.8,0.6306837240423473,0.5000021376022018,0.8,0.6306837240423473,-0.001103949180498165,0.0,-0.0013702234640939892,0.0,0.001103949180498165,-0.001103949180498165,0.0,-0.0013702234640939892,0.0,0.001103949180498165
hc2/search/occlusion_5/order2/00017,hc2,search,0,occlusion_5,order2,17,False,0.21325161057691444,0.3778801843317972,0.5004489979171086,0.18131101326498733,0.3778801843317972,0.4212898317291236,0.18131101326498733,0.3778801843317972,0.4212898317291236,-0.03194059731192711,0.0,-0.07915916618798502,0.0,0.03194059731192711,-0.03194059731192711,0.0,-0.07915916618798502,0.0,0.03194059731192711
hc2/search/occlusion_5/order2/00018,hc2,search,24,occlusion_5,order2,18,False,0.019430443801884398,0.342911877394636,0.16383573256051348,0.1431343372273259,0.342911877394636,0.40409708581782305,0.1431343372273259,0.342911877394636,0.40409708581782305,0.12370389342544151,0.0,0.24026135325730957,0.12370389342544151,0.0,0.12370389342544151,0.0,0.24026135325730957,0.12370389342544151,0.0
hc2/search/occlusion_5/order2/00019,hc2,search,6,occlusion_5,order2,19,False,0.30527961538055914,0.6896551724137931,0.4423133627132435,0.30176996738056405,0.6896551724137931,0.4372329659856424,0.30176996738056405,0.6896551724137931,0.4372329659856424,-0.0035096479999950914,0.0,-0.005080396727601133,0.0,0.0035096479999950914,-0.0035096479999950914,0.0,-0.005080396727601133,0.0,0.0035096479999950914
hc2/search/occlusion_5/order2/00020,hc2,search,4,occlusion_5,order2,20,True,0.0,0.0,0.5028522116576827,0.0,0.0,0.5143239352616454,0.0,0.0,0.5143239352616454,0.0,0.0,0.011471723603962758,0.0,-0.0,0.0,0.0,0.011471723603962758,0.0,-0.0
hc2/search/occlusion_5/order2/00021,hc2,search,28,occlusion_5,order2,21,False,0.41205634052082224,0.5978835978835979,0.6905555996745487,0.43987639645977883,0.5978835978835979,0.7292687625517386,0.43987639645977883,0.5978835978835979,0.7292687625517386,0.02782005593895659,0.0,0.038713162877189844,0.02782005593895659,0.0,0.02782005593895659,0.0,0.038713162877189844,0.02782005593895659,0.0
hc2/search/occlusion_5/order2/00022,hc2,search,30,occlusion_5,order2,22,False,0.5406932498019754,0.7861271676300579,0.6883664989355043,0.5459476227947425,0.7861271676300579,0.6953321434810708,0.5459476227947425,0.7861271676300579,0.6953321434810708,0.005254372992767098,0.0,0.006965644545566474,0.005254372992767098,0.0,0.005254372992767098,0.0,0.006965644545566474,0.005254372992767098,0.0
hc2/search/occlusion_5/order2/00023,hc2,search,25,occlusion_5,order2,23,False,0.23217193702614503,0.6883116883116883,0.28984166681500245,0.24805628314115827,0.6883116883116883,0.30835644338527785,0.24805628314115827,0.6883116883116883,0.30835644338527785,0.015884346115013243,0.0,0.018514776570275393,0.015884346115013243,0.0,0.015884346115013243,0.0,0.018514776570275393,0.015884346115013243,0.0
hc2/search/occlusion_5/order2/00024,hc2,search,29,occlusion_5,order2,24,True,0.21004590416962154,0.3896551724137931,0.5364491238790497,0.19165746391739652,0.3896551724137931,0.48756141149769805,0.19165746391739652,0.3896551724137931,0.48756141149769805,-0.018388440252225025,0.0,-0.0488877123813517,0.0,0.018388440252225025,-0.018388440252225025,0.0,-0.0488877123813517,0.0,0.018388440252225025
hc2/search/occlusion_5/order2/00025,hc2,search,21,occlusion_5,order2,25,False,0.6314165077948539,0.9244712990936556,0.6760238950901852,0.6278136415210716,0.9244712990936556,0.6762375584759274,0.6278136415210716,0.9244712990936556,0.6762375584759274,-0.003602866273782368,0.0,0.0002136633857421355,0.0,0.003602866273782368,-0.003602866273782368,0.0,0.0002136633857421355,0.0,0.003602866273782368
hc2/search/occlusion_5/order2/00026,hc2,search,19,occlusion_5,order2,26,False,0.5775220286289426,0.8327137546468402,0.6907213831619902,0.045367972615050815,0.8327137546468402,0.07560714282061101,0.045367972615050815,0.8327137546468402,0.07560714282061101,-0.5321540560138919,0.0,-0.6151142403413792,0.0,0.5321540560138919,-0.5321540560138919,0.0,-0.6151142403413792,0.0,0.5321540560138919
hc2/search/occlusion_5/order2/00027,hc2,search,18,occlusion_5,order2,27,False,0.24004291518593487,0.3390804597701149,0.7030964310598923,0.23965156160988235,0.3390804597701149,0.7075252364864811,0.23965156160988235,0.3390804597701149,0.7075252364864811,-0.0003913535760525222,0.0,0.0044288054265888555,0.0,0.0003913535760525222,-0.0003913535760525222,0.0,0.0044288054265888555,0.0,0.0003913535760525222
hc2/search/occlusion_5/order2/00028,hc2,search,8,occlusion_5,order2,28,True,0.8104717210720697,0.9825072886297376,0.8237145881698715,0.8191223736678385,0.9825072886297376,0.8327012616413202,0.8191223736678385,0.9825072886297376,0.8327012616413202,0.008650652595768804,0.0,0.008986673471448658,0.008650652595768804,0.0,0.008650652595768804,0.0,0.008986673471448658,0.008650652595768804,0.0
hc2/search/occlusion_5/order2/00029,hc2,search,7,occlusion_5,order2,29,False,0.6546800693076119,0.9824561403508771,0.664238584466969,0.656710941904753,0.9824561403508771,0.6662964873910187,0.656710941904753,0.9824561403508771,0.6662964873910187,0.0020308725971410757,0.0,0.002057902924049615,0.0020308725971410757,0.0,0.0020308725971410757,0.0,0.002057902924049615,0.0020308725971410757,0.0
hc2/search/occlusion_5/order2/00030,hc2,search,10,occlusion_5,order2,30,False,0.2791496971311768,0.3598326359832636,0.7620017941805141,0.28101087790836426,0.3598326359832636,0.7669721932080062,0.28101087790836426,0.3598326359832636,0.7669721932080062,0.0018611807771874433,0.0,0.004970399027492189,0.0018611807771874433,0.0,0.0018611807771874433,0.0,0.004970399027492189,0.0018611807771874433,0.0
hc2/search/occlusion_5/order2/00031,hc2,search,13,occlusion_5,order2,31,False,0.34345586610153583,0.5476190476190477,0.627657860381424,0.3546633100116235,0.5476190476190477,0.6479844747168949,0.3546633100116235,0.5476190476190477,0.6479844747168949,0.011207443910087656,0.0,0.020326614335470894,0.011207443910087656,0.0,0.011207443910087656,0.0,0.020326614335470894,0.011207443910087656,0.0
hc2/search/exposure_5/order1/00000,hc2,search,2,exposure_5,order1,0,True,0.16293801230959679,0.33505154639175255,0.48553917099523203,0.16293801230959679,0.33505154639175255,0.48553917099523203,0.16293801230959679,0.33505154639175255,0.48553917099523203,0.0,0.0,0.0,0.0,-0.0,0.0,0.0,0.0,0.0,-0.0
hc2/search/exposure_5/order1/00001,hc2,search,0,exposure_5,order1,1,False,0.1810837200683535,0.3778801843317972,0.4205949356517461,0.15284293629309229,0.3778801843317972,0.36442829310543084,0.15284293629309229,0.3778801843317972,0.36442829310543084,-0.028240783775261208,0.0,-0.05616664254631526,0.0,0.028240783775261208,-0.028240783775261208,0.0,-0.05616664254631526,0.0,0.028240783775261208
hc2/search/exposure_5/order1/00002,hc2,search,25,exposure_5,order1,2,False,0.24635767396770766,0.6883116883116883,0.30626165282257506,0.2560862928691352,0.6883116883116883,0.31640326461478685,0.2560862928691352,0.6883116883116883,0.31640326461478685,0.009728618901427538,0.0,0.010141611792211791,0.009728618901427538,0.0,0.009728618901427538,0.0,0.010141611792211791,0.009728618901427538,0.0
hc2/search/exposure_5/order1/00003,hc2,search,22,exposure_5,order1,3,False,0.07586302731765725,0.24316939890710382,0.4015428616174993,0.06476695791636755,0.24316939890710382,0.378621611892423,0.06476695791636755,0.24316939890710382,0.378621611892423,-0.011096069401289696,0.0,-0.02292124972507631,0.0,0.011096069401289696,-0.011096069401289696,0.0,-0.02292124972507631,0.0,0.011096069401289696
hc2/search/exposure_5/order1/00004,hc2,search,27,exposure_5,order1,4,True,0.2717853162265047,0.35324675324675325,0.7583868020006067,0.27153438473121894,0.35324675324675325,0.7576957833807522,0.27153438473121894,0.35324675324675325,0.7576957833807522,-0.00025093149528576664,0.0,-0.0006910186198545443,0.0,0.00025093149528576664,-0.00025093149528576664,0.0,-0.0006910186198545443,0.0,0.00025093149528576664
hc2/search/exposure_5/order1/00005,hc2,search,31,exposure_5,order1,5,False,0.48756433434409785,0.8092105263157895,0.5991736287964976,0.4878966382750144,0.8092105263157895,0.5985803396643019,0.4878966382750144,0.8092105263157895,0.5985803396643019,0.0003323039309165443,0.0,-0.0005932891321956957,0.0003323039309165443,0.0,0.0003323039309165443,0.0,-0.0005932891321956957,0.0003323039309165443,0.0
hc2/search/exposure_5/order1/00006,hc2,search,11,exposure_5,order1,6,False,0.22649194375039094,0.779874213836478,0.28411895167818485,0.22883026832836356,0.779874213836478,0.28696610281887514,0.22883026832836356,0.779874213836478,0.28696610281887514,0.002338324577972617,0.0,0.002847151140690285,0.002338324577972617,0.0,0.002338324577972617,0.0,0.002847151140690285,0.002338324577972617,0.0
hc2/search/exposure_5/order1/00007,hc2,search,30,exposure_5,order1,7,False,0.5301764275166667,0.723404255319149,0.7328491933600249,0.5325474629493913,0.723404255319149,0.7364443406418987,0.5325474629493913,0.723404255319149,0.7364443406418987,0.002371035432724544,0.0,0.003595147281873823,0.002371035432724544,0.0,0.002371035432724544,0.0,0.003595147281873823,0.002371035432724544,0.0
hc2/search/exposure_5/order1/00008,hc2,search,26,exposure_5,order1,8,True,0.12472370041690334,0.4272300469483568,0.3240469408018227,0.20770814030015539,0.4272300469483568,0.4557991661296531,0.20770814030015539,0.4272300469483568,0.4557991661296531,0.08298443988325205,0.0,0.13175222532783037,0.08298443988325205,0.0,0.08298443988325205,0.0,0.13175222532783037,0.08298443988325205,0.0
hc2/search/exposure_5/order1/00009,hc2,search,24,exposure_5,order1,9,False,0.05649275439969286,0.4521072796934866,0.15861872855965925,0.18185669744151647,0.4521072796934866,0.3982531503495055,0.18185669744151647,0.4521072796934866,0.3982531503495055,0.1253639430418236,0.0,0.23963442178984623,0.1253639430418236,0.0,0.1253639430418236,0.0,0.23963442178984623,0.1253639430418236,0.0
hc2/search/exposure_5/order1/00010,hc2,search,19,exposure_5,order1,10,False,0.5879517601426385,0.8327137546468402,0.7093312633421421,0.11979734269427711,0.8327137546468402,0.15628275415388984,0.11979734269427711,0.8327137546468402,0.15628275415388984,-0.4681544174483614,0.0,-0.5530485091882523,0.0,0.4681544174483614,-0.4681544174483614,0.0,-0.5530485091882523,0.0,0.4681544174483614
hc2/search/exposure_5/order1/00011,hc2,search,13,exposure_5,order1,11,False,0.35235676754342055,0.5476190476190477,0.6432100480030666,0.35169509214704747,0.5476190476190477,0.6420730886435027,0.35169509214704747,0.5476190476190477,0.6420730886435027,-0.0006616753963730737,0.0,-0.0011369593595639271,0.0,0.0006616753963730737,-0.0006616753963730737,0.0,-0.0011369593595639271,0.0,0.0006616753963730737
hc2/search/exposure_5/order1/00012,hc2,search,14,exposure_5,order1,12,True,0.4096605699186719,0.6175115207373272,0.6640468415582369,0.4121915921045203,0.6175115207373272,0.6681425481642104,0.4121915921045203,0.6175115207373272,0.6681425481642104,0.002531022185848386,0.0,0.00409570660597347,0.002531022185848386,0.0,0.002531022185848386,0.0,0.00409570660597347,0.002531022185848386,0.0
hc2/search/exposure_5/order1/00013,hc2,search,16,exposure_5,order1,13,False,0.17946259199070747,0.35904255319148937,0.47796555452913975,0.1717254346883896,0.35904255319148937,0.47440578689500906,0.1717254346883896,0.35904255319148937,0.47440578689500906,-0.00773715730231786,0.0,-0.003559767634130684,0.0,0.00773715730231786,-0.00773715730231786,0.0,-0.003559767634130684,0.0,0.00773715730231786
hc2/search/exposure_5/order1/00014,hc2,search,17,exposure_5,order1,14,False,0.29644381243394297,0.4533678756476684,0.6525064620525096,0.2954786017119253,0.4533678756476684,0.6503903801388577,0.2954786017119253,0.4533678756476684,0.6503903801388577,-0.000965210722017662,0.0,-0.0021160819136518683,0.0,0.000965210722017662,-0.000965210722017662,0.0,-0.0021160819136518683,0.0,0.000965210722017662
hc2/search/exposure_5/order1/00015,hc2,search,23,exposure_5,order1,15,False,0.06781397138730721,0.5739514348785872,0.11770011125842976,0.07909743380041766,0.5739514348785872,0.137284051768541,0.07909743380041766,0.5739514348785872,0.137284051768541,0.011283462413110443,0.0,0.01958394051011124,0.011283462413110443,0.0,0.011283462413110443,0.0,0.01958394051011124,0.011283462413110443,0.0
hc2/search/exposure_5/order1/00016,hc2,search,29,exposure_5,order1,16,True,0.20629123211301603,0.3896551724137931,0.526655554155632,0.18222009659219804,0.3896551724137931,0.4635423509801529,0.18222009659219804,0.3896551724137931,0.4635423509801529,-0.024071135520817993,0.0,-0.06311320317547914,0.0,0.024071135520817993,-0.024071135520817993,0.0,-0.06311320317547914,0.0,0.024071135520817993
hc2/search/exposure_5/order1/00017,hc2,search,9,exposure_5,order1,17,False,0.0,0.0,0.6133263204503379,0.0,0.0,0.6221637733255251,0.0,0.0,0.6221637733255251,0.0,0.0,0.008837452875187224,0.0,-0.0,0.0,0.0,0.008837452875187224,0.0,-0.0
hc2/search/exposure_5/order1/00018,hc2,search,5,exposure_5,order1,18,False,0.23075674760665543,0.46996466431095407,0.49185385761514944,0.2366423038383634,0.46996466431095407,0.5045337768262625,0.2366423038383634,0.46996466431095407,0.5045337768262625,0.005885556231707972,0.0,0.012679919211113111,0.005885556231707972,0.0,0.005885556231707972,0.0,0.012679919211113111,0.005885556231707972,0.0
hc2/search/exposure_5/order1/00019,hc2,search,8,exposure_5,order1,19,False,0.7052846175264249,0.8250728862973761,0.8490976476469461,0.7045338155973175,0.8250728862973761,0.8475875694159285,0.7045338155973175,0.8250728862973761,0.8475875694159285,-0.0007508019291073698,0.0,-0.0015100782310175642,0.0,0.0007508019291073698,-0.0007508019291073698,0.0,-0.0015100782310175642,0.0,0.0007508019291073698
hc2/search/exposure_5/order1/00020,hc2,search,28,exposure_5,order1,20,True,0.4061219012995811,0.5736040609137056,0.7018071452282235,0.4084455555476048,0.5736040609137056,0.7058225828322644,0.4084455555476048,0.5736040609137056,0.7058225828322644,0.002323654248023721,0.0,0.0040154376040408835,0.002323654248023721,0.0,0.002323654248023721,0.0,0.0040154376040408835,0.002323654248023721,0.0
hc2/search/exposure_5/order1/00021,hc2,search,10,exposure_5,order1,21,False,0.2721326799847001,0.3598326359832636,0.7419711182233332,0.27288751562805746,0.3598326359832636,0.7438013877561211,0.27288751562805746,0.3598326359832636,0.7438013877561211,0.0007548356433573766,0.0,0.0018302695327879759,0.0007548356433573766,0.0,0.0007548356433573766,0.0,0.0018302695327879759,0.0007548356433573766,0.0
hc2/search/exposure_5/order1/00022,hc2,search,21,exposure_5,order1,22,False,0.5888415898846474,0.8761329305135952,0.6738016394121145,0.5786755482876758,0.8761329305135952,0.6668630245105418,0.5786755482876758,0.8761329305135952,0.6668630245105418,-0.010166041596971653,0.0,-0.0069386149015726595,0.0,0.010166041596971653,-0.010166041596971653,0.0,-0.0069386149015726595,0.0,0.010166041596971653
hc2/search/exposure_5/order1/00023,hc2,search,20,exposure_5,order1,23,False,0.5375321434740644,0.890295358649789,0.6075373703692155,0.5424565794244072,0.890295358649789,0.6129449228442503,0.5424565794244072,0.890295358649789,0.6129449228442503,0.004924435950342754,0.0,0.005407552475034771,0.004924435950342754,0.0,0.004924435950342754,0.0,0.005407552475034771,0.004924435950342754,0.0
hc2/search/exposure_5/order1/00024,hc2,search,1,exposure_5,order1,24,True,0.420413975903541,0.7520661157024794,0.5587402093791046,0.4193470655222526,0.7520661157024794,0.5573257946681728,0.4193470655222526,0.7520661157024794,0.5573257946681728,-0.0010669103812884217,0.0,-0.001414414710931844,0.0,0.0010669103812884217,-0.0010669103812884217,0.0,-0.001414414710931844,0.0,0.0010669103812884217
hc2/search/exposure_5/order1/00025,hc2,search,7,exposure_5,order1,25,False,0.6451294890210708,0.9824561403508771,0.6548941666987829,0.6478245786737339,0.9824561403508771,0.6575070950434031,0.6478245786737339,0.9824561403508771,0.6575070950434031,0.002695089652663074,0.0,0.0026129283446202356,0.002695089652663074,0.0,0.002695089652663074,0.0,0.0026129283446202356,0.002695089652663074,0.0
hc2/search/exposure_5/order1/00026,hc2,search,12,exposure_5,order1,26,False,0.4700521466678931,0.8191489361702128,0.5776587140625923,0.4701010981552798,0.8191489361702128,0.5758645121769685,0.4701010981552798,0.8191489361702128,0.5758645121769685,4.895148738670585e-05,0.0,-0.0017942018856237363,4.895148738670585e-05,0.0,4.895148738670585e-05,0.0,-0.0017942018856237363,4.895148738670585e-05,0.0
hc2/search/exposure_5/order1/00027,hc2,search,18,exposure_5,order1,27,False,0.2358699982259284,0.35435435435435436,0.6800477316946542,0.24353936121747094,0.35435435435435436,0.6975833424363482,0.24353936121747094,0.35435435435435436,0.6975833424363482,0.007669362991542528,0.0,0.017535610741694074,0.007669362991542528,0.0,0.007669362991542528,0.0,0.017535610741694074,0.007669362991542528,0.0
hc2/search/exposure_5/order1/00028,hc2,search,3,exposure_5,order1,28,True,0.2380154683458564,0.5337423312883436,0.44504494657320753,0.23769051977484515,0.5337423312883436,0.44447175407073325,0.23769051977484515,0.5337423312883436,0.44447175407073325,-0.0003249485710112576,0.0,-0.0005731925024742845,0.0,0.0003249485710112576,-0.0003249485710112576,0.0,-0.0005731925024742845,0.0,0.0003249485710112576
hc2/search/exposure_5/order1/00029,hc2,search,6,exposure_5,order1,29,False,0.303788022163885,0.6896551724137931,0.44009034681105996,0.29797593504976033,0.6896551724137931,0.4317426551057263,0.29797593504976033,0.6896551724137931,0.4317426551057263,-0.0058120871141246755,0.0,-0.00834769170533367,0.0,0.0058120871141246755,-0.0058120871141246755,0.0,-0.00834769170533367,0.0,0.0058120871141246755
hc2/search/exposure_5/order1/00030,hc2,search,15,exposure_5,order1,30,False,0.056933468063146475,0.28044280442804426,0.18431219486209055,0.0660153277127302,0.28044280442804426,0.2115779905647769,0.0660153277127302,0.28044280442804426,0.2115779905647769,0.009081859649583732,0.0,0.027265795702686363,0.009081859649583732,0.0,0.009081859649583732,0.0,0.027265795702686363,0.009081859649583732,0.0
hc2/search/exposure_5/order1/00031,hc2,search,4,exposure_5,order1,31,False,0.0,0.0,0.5187186405642149,0.0,0.0,0.5127087929876052,0.0,0.0,0.5127087929876052,0.0,0.0,-0.006009847576609717,0.0,-0.0,0.0,0.0,-0.006009847576609717,0.0,-0.0
hc2/search/exposure_5/order2/00000,hc2,search,16,exposure_5,order2,0,True,0.1782922477924347,0.3803191489361702,0.4364555037470745,0.1782922477924347,0.3803191489361702,0.4364555037470745,0.1782922477924347,0.3803191489361702,0.4364555037470745,0.0,0.0,0.0,0.0,-0.0,0.0,0.0,0.0,0.0,-0.0
hc2/search/exposure_5/order2/00001,hc2,search,2,exposure_5,order2,1,False,0.14590813214452827,0.2727272727272727,0.5193727172501402,0.14370343645663677,0.2727272727272727,0.5112464263676028,0.14370343645663677,0.2727272727272727,0.5112464263676028,-0.0022046956878915003,0.0,-0.008126290882537468,0.0,0.0022046956878915003,-0.0022046956878915003,0.0,-0.008126290882537468,0.0,0.0022046956878915003
hc2/search/exposure_5/order2/00002,hc2,search,27,exposure_5,order2,2,False,0.6035357992556902,0.8022813688212928,0.7457226829684865,0.60313673063805,0.8022813688212928,0.7451977754487441,0.60313673063805,0.8022813688212928,0.7451977754487441,-0.0003990686176402747,0.0,-0.0005249075197424347,0.0,0.0003990686176402747,-0.0003990686176402747,0.0,-0.0005249075197424347,0.0,0.0003990686176402747
hc2/search/exposure_5/order2/00003,hc2,search,22,exposure_5,order2,3,False,0.07315611954936338,0.24316939890710382,0.40124523162124026,0.06536591892405882,0.24316939890710382,0.38239742042883634,0.06536591892405882,0.24316939890710382,0.38239742042883634,-0.007790200625304555,0.0,-0.018847811192403918,0.0,0.007790200625304555,-0.007790200625304555,0.0,-0.018847811192403918,0.0,0.007790200625304555
hc2/search/exposure_5/order2/00004,hc2,search,23,exposure_5,order2,4,True,0.08389745940022629,0.6132075471698113,0.1362931907497929,0.08762991590761049,0.6132075471698113,0.1423566449993366,0.08762991590761049,0.6132075471698113,0.1423566449993366,0.003732456507384199,0.0,0.006063454249543687,0.003732456507384199,0.0,0.003732456507384199,0.0,0.006063454249543687,0.003732456507384199,0.0
hc2/search/exposure_5/order2/00005,hc2,search,26,exposure_5,order2,5,False,0.16396234648803706,0.4473684210526316,0.36918306360069886,0.21345790551613364,0.4473684210526316,0.48030253030168685,0.21345790551613364,0.4473684210526316,0.48030253030168685,0.049495559028096575,0.0,0.11111946670098799,0.049495559028096575,0.0,0.049495559028096575,0.0,0.11111946670098799,0.049495559028096575,0.0
hc2/search/exposure_5/order2/00006,hc2,search,15,exposure_5,order2,6,False,0.06551828228254586,0.28044280442804426,0.20978958340756854,0.06656953684891569,0.28044280442804426,0.2128949315749101,0.06656953684891569,0.28044280442804426,0.2128949315749101,0.0010512545663698275,0.0,0.003105348167341565,0.0010512545663698275,0.0,0.0010512545663698275,0.0,0.003105348167341565,0.0010512545663698275,0.0
hc2/search/exposure_5/order2/00007,hc2,search,12,exposure_5,order2,7,False,0.47441363705351886,0.8191489361702128,0.5832967047602068,0.47435631261796063,0.8191489361702128,0.58307434440538,0.47435631261796063,0.8191489361702128,0.58307434440538,-5.732443555822586e-05,0.0,-0.0002223603548268116,0.0,5.732443555822586e-05,-5.732443555822586e-05,0.0,-0.0002223603548268116,0.0,5.732443555822586e-05
hc2/search/exposure_5/order2/00008,hc2,search,5,exposure_5,order2,8,True,0.20946704491080217,0.415625,0.5049187931520264,0.20993378604677182,0.415625,0.5060337871664659,0.20993378604677182,0.415625,0.5060337871664659,0.00046674113596964495,0.0,0.0011149940144394854,0.00046674113596964495,0.0,0.00046674113596964495,0.0,0.0011149940144394854,0.00046674113596964495,0.0
hc2/search/exposure_5/order2/00009,hc2,search,17,exposure_5,order2,9,False,0.2869104754375095,0.4533678756476684,0.6316790643144138,0.2875240166858504,0.4533678756476684,0.6330209878884951,0.2875240166858504,0.4533678756476684,0.6330209878884951,0.0006135412483408986,0.0,0.0013419235740813606,0.0006135412483408986,0.0,0.0006135412483408986,0.0,0.0013419235740813606,0.0006135412483408986,0.0
hc2/search/exposure_5/order2/00010,hc2,search,11,exposure_5,order2,10,False,0.25735515155249433,0.779874213836478,0.32371436526700326,0.2567553726180686,0.779874213836478,0.3228650599216213,0.2567553726180686,0.779874213836478,0.3228650599216213,-0.0005997789344257543,0.0,-0.0008493053453819677,0.0,0.0005997789344257543,-0.0005997789344257543,0.0,-0.0008493053453819677,0.0,0.0005997789344257543
hc2/search/exposure_5/order2/00011,hc2,search,3,exposure_5,order2,11,False,0.21826769522956496,0.5028901734104047,0.432912248916065,0.21813435575259635,0.5028901734104047,0.4326649977024921,0.21813435575259635,0.5028901734104047,0.4326649977024921,-0.0001333394769686136,0.0,-0.0002472512135728855,0.0,0.0001333394769686136,-0.0001333394769686136,0.0,-0.0002472512135728855,0.0,0.0001333394769686136
hc2/search/exposure_5/order2/00012,hc2,search,1,exposure_5,order2,12,True,0.4203074846628974,0.7520661157024794,0.5585392626548654,0.42092275046663225,0.7520661157024794,0.559382445802077,0.42092275046663225,0.7520661157024794,0.559382445802077,0.0006152658037348324,0.0,0.0008431831472115459,0.0006152658037348324,0.0,0.0006152658037348324,0.0,0.0008431831472115459,0.0006152658037348324,0.0
hc2/search/exposure_5/order2/00013,hc2,search,9,exposure_5,order2,13,False,0.0,0.0,0.6186667498603451,0.0,0.0,0.6111014527688612,0.0,0.0,0.6111014527688612,0.0,0.0,-0.007565297091483902,0.0,-0.0,0.0,0.0,-0.007565297091483902,0.0,-0.0
hc2/search/exposure_5/order2/00014,hc2,search,14,exposure_5,order2,14,False,0.4880203368087354,0.708994708994709,0.6889257562743443,0.4874987162754857,0.708994708994709,0.688191153306163,0.4874987162754857,0.708994708994709,0.688191153306163,-0.0005216205332497226,0.0,-0.000734602968181286,0.0,0.0005216205332497226,-0.0005216205332497226,0.0,-0.000734602968181286,0.0,0.0005216205332497226
hc2/search/exposure_5/order2/00015,hc2,search,31,exposure_5,order2,15,False,0.5004772053468942,0.8092105263157895,0.6155311212750306,0.4998213829590405,0.8092105263157895,0.6139105046589161,0.4998213829590405,0.8092105263157895,0.6139105046589161,-0.0006558223878537217,0.0,-0.0016206166161145674,0.0,0.0006558223878537217,-0.0006558223878537217,0.0,-0.0016206166161145674,0.0,0.0006558223878537217
hc2/search/exposure_5/order2/00016,hc2,search,20,exposure_5,order2,16,True,0.5003322835756496,0.8,0.6310577480947698,0.4993733132657442,0.8,0.6298827355358196,0.4993733132657442,0.8,0.6298827355358196,-0.0009589703099054381,0.0,-0.0011750125589501392,0.0,0.0009589703099054381,-0.0009589703099054381,0.0,-0.0011750125589501392,0.0,0.0009589703099054381
hc2/search/exposure_5/order2/00017,hc2,search,0,exposure_5,order2,17,False,0.20616812626794817,0.3778801843317972,0.48571168993517455,0.16135562993117655,0.3778801843317972,0.3857517861797017,0.16135562993117655,0.3778801843317972,0.3857517861797017,-0.04481249633677162,0.0,-0.09995990375547287,0.0,0.04481249633677162,-0.04481249633677162,0.0,-0.09995990375547287,0.0,0.04481249633677162
hc2/search/exposure_5/order2/00018,hc2,search,24,exposure_5,order2,18,False,0.059913721549357445,0.4521072796934866,0.16819720678411823,0.18048548250533084,0.4521072796934866,0.39705934652145763,0.18048548250533084,0.4521072796934866,0.39705934652145763,0.12057176095597338,0.0,0.2288621397373394,0.12057176095597338,0.0,0.12057176095597338,0.0,0.2288621397373394,0.12057176095597338,0.0
hc2/search/exposure_5/order2/00019,hc2,search,6,exposure_5,order2,19,False,0.30546390649915367,0.6896551724137931,0.4425792516399872,0.30245084320241444,0.6896551724137931,0.43821660946105084,0.30245084320241444,0.6896551724137931,0.43821660946105084,-0.003013063296739227,0.0,-0.004362642178936338,0.0,0.003013063296739227,-0.003013063296739227,0.0,-0.004362642178936338,0.0,0.003013063296739227
hc2/search/exposure_5/order2/00020,hc2,search,4,exposure_5,order2,20,True,0.10545641588188101,0.21603563474387527,0.5005500592326979,0.09743777106176821,0.21603563474387527,0.5135099143642116,0.09743777106176821,0.21603563474387527,0.5135099143642116,-0.008018644820112802,0.0,0.012959855131513653,0.0,0.008018644820112802,-0.008018644820112802,0.0,0.012959855131513653,0.0,0.008018644820112802
hc2/search/exposure_5/order2/00021,hc2,search,28,exposure_5,order2,21,False,0.39130418064585654,0.5736040609137056,0.6835423492254121,0.42126603555263603,0.5736040609137056,0.7279772719637658,0.42126603555263603,0.5736040609137056,0.7279772719637658,0.029961854906779495,0.0,0.0444349227383537,0.029961854906779495,0.0,0.029961854906779495,0.0,0.0444349227383537,0.029961854906779495,0.0
hc2/search/exposure_5/order2/00022,hc2,search,30,exposure_5,order2,22,False,0.5022941795918807,0.723404255319149,0.6948659787528565,0.505155833015938,0.723404255319149,0.699124157968483,0.505155833015938,0.723404255319149,0.699124157968483,0.002861653424057309,0.0,0.004258179215626545,0.002861653424057309,0.0,0.002861653424057309,0.0,0.004258179215626545,0.002861653424057309,0.0
hc2/search/exposure_5/order2/00023,hc2,search,25,exposure_5,order2,23,False,0.23136890263356003,0.6883116883116883,0.29031440184866775,0.2500932060342467,0.6883116883116883,0.3110105527807876,0.2500932060342467,0.6883116883116883,0.3110105527807876,0.018724303400686648,0.0,0.02069615093211985,0.018724303400686648,0.0,0.018724303400686648,0.0,0.02069615093211985,0.018724303400686648,0.0
hc2/search/exposure_5/order2/00024,hc2,search,29,exposure_5,order2,24,True,0.21257899981734604,0.3896551724137931,0.5429363962221634,0.19204167965466667,0.3896551724137931,0.48852871488101,0.19204167965466667,0.3896551724137931,0.48852871488101,-0.020537320162679368,0.0,-0.05440768134115337,0.0,0.020537320162679368,-0.020537320162679368,0.0,-0.05440768134115337,0.0,0.020537320162679368
hc2/search/exposure_5/order2/00025,hc2,search,21,exposure_5,order2,25,False,0.5868898251845787,0.8761329305135952,0.6666306601268529,0.5894141171396378,0.8761329305135952,0.6770109354843139,0.5894141171396378,0.8761329305135952,0.6770109354843139,0.002524291955059099,0.0,0.010380275357461,0.002524291955059099,0.0,0.002524291955059099,0.0,0.010380275357461,0.002524291955059099,0.0
hc2/search/exposure_5/order2/00026,hc2,search,19,exposure_5,order2,26,False,0.5823319672728698,0.8327137546468402,0.6966418365864938,0.113322201131271,0.8327137546468402,0.14872978870138967,0.113322201131271,0.8327137546468402,0.14872978870138967,-0.46900976614159884,0.0,-0.5479120478851042,0.0,0.46900976614159884,-0.46900976614159884,0.0,-0.5479120478851042,0.0,0.46900976614159884
hc2/search/exposure_5/order2/00027,hc2,search,18,exposure_5,order2,27,False,0.2530301304646689,0.35435435435435436,0.7105863573431335,0.2554321493500027,0.35435435435435436,0.7197298165117914,0.2554321493500027,0.35435435435435436,0.7197298165117914,0.002402018885333812,0.0,0.009143459168657886,0.002402018885333812,0.0,0.002402018885333812,0.0,0.009143459168657886,0.002402018885333812,0.0
hc2/search/exposure_5/order2/00028,hc2,search,8,exposure_5,order2,28,True,0.8110014531835894,0.9770114942528736,0.8296386521661089,0.8165831443957272,0.9770114942528736,0.8355022272523964,0.8165831443957272,0.9770114942528736,0.8355022272523964,0.005581691212137807,0.0,0.005863575086287542,0.005581691212137807,0.0,0.005581691212137807,0.0,0.005863575086287542,0.005581691212137807,0.0
hc2/search/exposure_5/order2/00029,hc2,search,7,exposure_5,order2,29,False,0.6536629300440017,0.9824561403508771,0.6632595407428945,0.6573383141440429,0.9824561403508771,0.6669625601892258,0.6573383141440429,0.9824561403508771,0.6669625601892258,0.0036753841000412013,0.0,0.003703019446331335,0.0036753841000412013,0.0,0.0036753841000412013,0.0,0.003703019446331335,0.0036753841000412013,0.0
hc2/search/exposure_5/order2/00030,hc2,search,10,exposure_5,order2,30,False,0.2782985989431986,0.3598326359832636,0.7594844404647256,0.2807224936803326,0.3598326359832636,0.7660405560542408,0.2807224936803326,0.3598326359832636,0.7660405560542408,0.0024238947371340025,0.0,0.006556115589515188,0.0024238947371340025,0.0,0.0024238947371340025,0.0,0.006556115589515188,0.0024238947371340025,0.0
hc2/search/exposure_5/order2/00031,hc2,search,13,exposure_5,order2,31,False,0.3481552609783231,0.5476190476190477,0.6362508473031854,0.35732102190099024,0.5476190476190477,0.6527132231159946,0.35732102190099024,0.5476190476190477,0.6527132231159946,0.009165760922667132,0.0,0.016462375812809182,0.009165760922667132,0.0,0.009165760922667132,0.0,0.016462375812809182,0.009165760922667132,0.0
hc2/confirm/clean/order1/00000,hc2,confirm,33,clean,order1,0,True,0.4835559477830939,0.8469656992084432,0.5728188570685501,0.4835559477830939,0.8469656992084432,0.5728188570685501,0.4835559477830939,0.8469656992084432,0.5728188570685501,0.0,0.0,0.0,0.0,-0.0,0.0,0.0,0.0,0.0,-0.0
hc2/confirm/clean/order1/00001,hc2,confirm,45,clean,order1,1,False,0.0,0.43312101910828027,0.0,0.0,0.43312101910828027,0.0,0.0,0.43312101910828027,0.0,0.0,0.0,0.0,0.0,-0.0,0.0,0.0,0.0,0.0,-0.0
hc2/confirm/clean/order1/00002,hc2,confirm,46,clean,order1,2,False,0.2829022122716489,0.4492753623188406,0.6298915353389236,0.28271570585751143,0.4492753623188406,0.6294779088915405,0.28271570585751143,0.4492753623188406,0.6294779088915405,-0.00018650641413747726,0.0,-0.0004136264473830753,0.0,0.00018650641413747726,-0.00018650641413747726,0.0,-0.0004136264473830753,0.0,0.00018650641413747726
hc2/confirm/clean/order1/00003,hc2,confirm,43,clean,order1,3,False,0.28860055072429436,0.7142857142857143,0.3986457273012428,0.28959482204392567,0.7142857142857143,0.40009163634593714,0.28959482204392567,0.7142857142857143,0.40009163634593714,0.0009942713196313124,0.0,0.0014459090446943268,0.0009942713196313124,0.0,0.0009942713196313124,0.0,0.0014459090446943268,0.0009942713196313124,0.0
hc2/confirm/clean/order1/00004,hc2,confirm,47,clean,order1,4,True,0.2377823263276059,0.34935897435897434,0.6986521009992238,0.23778027337615085,0.34935897435897434,0.6987670646626752,0.23778027337615085,0.34935897435897434,0.6987670646626752,-2.052951455056018e-06,0.0,0.00011496366345142839,0.0,2.052951455056018e-06,-2.052951455056018e-06,0.0,0.00011496366345142839,0.0,2.052951455056018e-06
hc2/confirm/clean/order1/00005,hc2,confirm,37,clean,order1,5,False,0.007464202635339932,0.3194888178913738,0.023131637869914838,0.0065768435500060925,0.3194888178913738,0.020381703278731754,0.0065768435500060925,0.3194888178913738,0.020381703278731754,-0.0008873590853338397,0.0,-0.002749934591183084,0.0,0.0008873590853338397,-0.0008873590853338397,0.0,-0.002749934591183084,0.0,0.0008873590853338397
hc2/confirm/clean/order1/00006,hc2,confirm,41,clean,order1,6,False,0.4630343586349436,0.7,0.6789135188662244,0.46288824502324266,0.7,0.6787235986785106,0.46288824502324266,0.7,0.6787235986785106,-0.0001461136117009154,0.0,-0.00018992018771379904,0.0,0.0001461136117009154,-0.0001461136117009154,0.0,-0.00018992018771379904,0.0,0.0001461136117009154
hc2/confirm/clean/order1/00007,hc2,confirm,35,clean,order1,7,False,0.4349473714650525,0.6473988439306358,0.673193002107699,0.43489858565754136,0.6473988439306358,0.673116197336328,0.43489858565754136,0.6473988439306358,0.673116197336328,-4.878580751116468e-05,0.0,-7.680477137095298e-05,0.0,4.878580751116468e-05,-4.878580751116468e-05,0.0,-7.680477137095298e-05,0.0,4.878580751116468e-05
hc2/confirm/clean/order1/00008,hc2,confirm,42,clean,order1,8,True,0.14453100422772017,0.6368715083798883,0.22914788046734877,0.14457985733296197,0.6368715083798883,0.2292230528681255,0.14457985733296197,0.6368715083798883,0.2292230528681255,4.885310524180286e-05,0.0,7.51724007767296e-05,4.885310524180286e-05,0.0,4.885310524180286e-05,0.0,7.51724007767296e-05,4.885310524180286e-05,0.0
hc2/confirm/clean/order1/00009,hc2,confirm,44,clean,order1,9,False,0.19768644521346673,0.88,0.21284947225083542,0.21663241785322634,0.88,0.2338059622630095,0.21663241785322634,0.88,0.2338059622630095,0.018945972639759612,0.0,0.02095649001217409,0.018945972639759612,0.0,0.018945972639759612,0.0,0.02095649001217409,0.018945972639759612,0.0
hc2/confirm/clean/order1/00010,hc2,confirm,36,clean,order1,10,False,0.15255778502260603,0.3788546255506608,0.40543271725171215,0.15311565037412628,0.3788546255506608,0.4068892575196336,0.15311565037412628,0.3788546255506608,0.4068892575196336,0.0005578653515202481,0.0,0.001456540267921469,0.0005578653515202481,0.0,0.0005578653515202481,0.0,0.001456540267921469,0.0005578653515202481,0.0
hc2/confirm/clean/order1/00011,hc2,confirm,38,clean,order1,11,False,0.42410957698656293,0.5458333333333333,0.7770503326002497,0.42414326635092164,0.5458333333333333,0.7771121545136711,0.42414326635092164,0.5458333333333333,0.7771121545136711,3.368936435871328e-05,0.0,6.182191342141152e-05,3.368936435871328e-05,0.0,3.368936435871328e-05,0.0,6.182191342141152e-05,3.368936435871328e-05,0.0
hc2/confirm/clean/order1/00012,hc2,confirm,34,clean,order1,12,True,0.45905017182101016,0.6134663341645885,0.7497291573060431,0.45868887002308817,0.6134663341645885,0.7491945019639618,0.45868887002308817,0.6134663341645885,0.7491945019639618,-0.0003613017979219868,0.0,-0.0005346553420813027,0.0,0.0003613017979219868,-0.0003613017979219868,0.0,-0.0005346553420813027,0.0,0.0003613017979219868
hc2/confirm/clean/order1/00013,hc2,confirm,40,clean,order1,13,False,0.3951386225540649,0.6320754716981132,0.6724672615866042,0.3950572413111171,0.6320754716981132,0.6723518007439498,0.3950572413111171,0.6320754716981132,0.6723518007439498,-8.138124294782001e-05,0.0,-0.00011546084265434686,0.0,8.138124294782001e-05,-8.138124294782001e-05,0.0,-0.00011546084265434686,0.0,8.138124294782001e-05
hc2/confirm/clean/order1/00014,hc2,confirm,39,clean,order1,14,False,0.006778826242337238,0.8840579710144928,0.007626179522629392,0.0066997019007289365,0.8840579710144928,0.007537164638320054,0.0066997019007289365,0.8840579710144928,0.007537164638320054,-7.91243416083014e-05,0.0,-8.901488430933854e-05,0.0,7.91243416083014e-05,-7.91243416083014e-05,0.0,-8.901488430933854e-05,0.0,7.91243416083014e-05
hc2/confirm/clean/order1/00015,hc2,confirm,32,clean,order1,15,False,0.1353220538660425,0.3372093023255814,0.3413960391031733,0.1374767575495486,0.3372093023255814,0.3457928020347517,0.1374767575495486,0.3372093023255814,0.3457928020347517,0.002154703683506093,0.0,0.004396762931578424,0.002154703683506093,0.0,0.002154703683506093,0.0,0.004396762931578424,0.002154703683506093,0.0
hc2/confirm/clean/order2/00000,hc2,confirm,43,clean,order2,0,True,0.33436865407454686,0.8,0.41213712586528345,0.33436865407454686,0.8,0.41213712586528345,0.33436865407454686,0.8,0.41213712586528345,0.0,0.0,0.0,0.0,-0.0,0.0,0.0,0.0,0.0,-0.0
hc2/confirm/clean/order2/00001,hc2,confirm,46,clean,order2,1,False,0.27873967003834443,0.4492753623188406,0.620844730531163,0.27887502154851757,0.4492753623188406,0.6211436492539705,0.27887502154851757,0.4492753623188406,0.6211436492539705,0.00013535151017313174,0.0,0.0002989187228075174,0.00013535151017313174,0.0,0.00013535151017313174,0.0,0.0002989187228075174,0.00013535151017313174,0.0
hc2/confirm/clean/order2/00002,hc2,confirm,38,clean,order2,2,False,0.41229136726978893,0.5458333333333333,0.7553781192468676,0.4122056361264237,0.5458333333333333,0.7552216915917912,0.4122056361264237,0.5458333333333333,0.7552216915917912,-8.57311433652419e-05,0.0,-0.00015642765507639655,0.0,8.57311433652419e-05,-8.57311433652419e-05,0.0,-0.00015642765507639655,0.0,8.57311433652419e-05
hc2/confirm/clean/order2/00003,hc2,confirm,40,clean,order2,3,False,0.39686489061665087,0.6320754716981132,0.6745594271375913,0.39681212042267294,0.6320754716981132,0.6745734814235509,0.39681212042267294,0.6320754716981132,0.6745734814235509,-5.2770193977924595e-05,0.0,1.405428595957492e-05,0.0,5.2770193977924595e-05,-5.2770193977924595e-05,0.0,1.405428595957492e-05,0.0,5.2770193977924595e-05
hc2/confirm/clean/order2/00004,hc2,confirm,34,clean,order2,4,True,0.45429851505250274,0.6134663341645885,0.7409096394226283,0.45435776334369576,0.6134663341645885,0.741018053692973,0.45435776334369576,0.6134663341645885,0.741018053692973,5.924829119302588e-05,0.0,0.0001084142703446922,5.924829119302588e-05,0.0,5.924829119302588e-05,0.0,0.0001084142703446922,5.924829119302588e-05,0.0
hc2/confirm/clean/order2/00005,hc2,confirm,36,clean,order2,5,False,0.1446012917810913,0.3788546255506608,0.3844853282618904,0.14366038991653998,0.3788546255506608,0.3820290323964083,0.14366038991653998,0.3788546255506608,0.3820290323964083,-0.0009409018645513134,0.0,-0.0024562958654821276,0.0,0.0009409018645513134,-0.0009409018645513134,0.0,-0.0024562958654821276,0.0,0.0009409018645513134
hc2/confirm/clean/order2/00006,hc2,confirm,42,clean,order2,6,False,0.14559932415808416,0.6368715083798883,0.23064119725488125,0.14475478368962721,0.6368715083798883,0.2293245673915884,0.14475478368962721,0.6368715083798883,0.2293245673915884,-0.0008445404684569446,0.0,-0.0013166298632928397,0.0,0.0008445404684569446,-0.0008445404684569446,0.0,-0.0013166298632928397,0.0,0.0008445404684569446
hc2/confirm/clean/order2/00007,hc2,confirm,33,clean,order2,7,False,0.48677452199215937,0.8660714285714286,0.5708235353980712,0.48674739778540027,0.8660714285714286,0.570812872604968,0.48674739778540027,0.8660714285714286,0.570812872604968,-2.7124206759099323e-05,0.0,-1.0662793103133339e-05,0.0,2.7124206759099323e-05,-2.7124206759099323e-05,0.0,-1.0662793103133339e-05,0.0,2.7124206759099323e-05
hc2/confirm/clean/order2/00008,hc2,confirm,41,clean,order2,8,True,0.5492973711121087,0.8423236514522822,0.6541751857793964,0.5492488039750363,0.8423236514522822,0.6541161519736172,0.5492488039750363,0.8423236514522822,0.6541161519736172,-4.856713707246385e-05,0.0,-5.903380577920725e-05,0.0,4.856713707246385e-05,-4.856713707246385e-05,0.0,-5.903380577920725e-05,0.0,4.856713707246385e-05
hc2/confirm/clean/order2/00009,hc2,confirm,47,clean,order2,9,False,0.27621206412578,0.40064102564102566,0.7015628093407236,0.27604620506835814,0.40064102564102566,0.7012100182191601,0.27604620506835814,0.40064102564102566,0.7012100182191601,-0.0001658590574218355,0.0,-0.00035279112156350045,0.0,0.0001658590574218355,-0.0001658590574218355,0.0,-0.00035279112156350045,0.0,0.0001658590574218355
hc2/confirm/clean/order2/00010,hc2,confirm,37,clean,order2,10,False,0.007229493266245748,0.3194888178913738,0.022404271211236823,0.007627568969838718,0.3194888178913738,0.023637911758015037,0.007627568969838718,0.3194888178913738,0.023637911758015037,0.0003980757035929707,0.0,0.0012336405467782141,0.0003980757035929707,0.0,0.0003980757035929707,0.0,0.0012336405467782141,0.0003980757035929707,0.0
hc2/confirm/clean/order2/00011,hc2,confirm,39,clean,order2,11,False,0.006875115874780462,0.8840579710144928,0.00773450535912802,0.006869598163340641,0.8840579710144928,0.00772829793375822,0.006869598163340641,0.8840579710144928,0.00772829793375822,-5.517711439821139e-06,0.0,-6.207425369799541e-06,0.0,5.517711439821139e-06,-5.517711439821139e-06,0.0,-6.207425369799541e-06,0.0,5.517711439821139e-06
hc2/confirm/clean/order2/00012,hc2,confirm,44,clean,order2,12,True,0.22719617596271552,0.9411764705882353,0.23097019881923903,0.22055146589417593,0.9411764705882353,0.2247003359423944,0.22055146589417593,0.9411764705882353,0.2247003359423944,-0.006644710068539589,0.0,-0.006269862876844612,0.0,0.006644710068539589,-0.006644710068539589,0.0,-0.006269862876844612,0.0,0.006644710068539589
hc2/confirm/clean/order2/00013,hc2,confirm,32,clean,order2,13,False,0.13489195904192997,0.3372093023255814,0.3367268613800981,0.14199130446858596,0.3372093023255814,0.35107739770440366,0.14199130446858596,0.3372093023255814,0.35107739770440366,0.007099345426655995,0.0,0.014350536324305552,0.007099345426655995,0.0,0.007099345426655995,0.0,0.014350536324305552,0.007099345426655995,0.0
hc2/confirm/clean/order2/00014,hc2,confirm,45,clean,order2,14,False,0.00046073065612108055,0.43312101910828027,0.0010559812118395569,0.0,0.43312101910828027,0.0,0.0,0.43312101910828027,0.0,-0.00046073065612108055,0.0,-0.0010559812118395569,0.0,0.00046073065612108055,-0.00046073065612108055,0.0,-0.0010559812118395569,0.0,0.00046073065612108055
hc2/confirm/clean/order2/00015,hc2,confirm,35,clean,order2,15,False,0.44099669399695846,0.6473988439306358,0.6825468466197352,0.44038833600714833,0.6473988439306358,0.6816042342500822,0.44038833600714833,0.6473988439306358,0.6816042342500822,-0.0006083579898101266,0.0,-0.0009426123696529842,0.0,0.0006083579898101266,-0.0006083579898101266,0.0,-0.0009426123696529842,0.0,0.0006083579898101266
hc2/confirm/frame_drop_5/order1/00000,hc2,confirm,33,frame_drop_5,order1,0,True,0.5132494521225921,0.9,0.5791407164422535,0.5132494521225921,0.9,0.5791407164422535,0.5132494521225921,0.9,0.5791407164422535,0.0,0.0,0.0,0.0,-0.0,0.0,0.0,0.0,0.0,-0.0
hc2/confirm/frame_drop_5/order1/00001,hc2,confirm,45,frame_drop_5,order1,1,False,0.0,0.34782608695652173,0.0,0.0,0.34782608695652173,0.0,0.0,0.34782608695652173,0.0,0.0,0.0,0.0,0.0,-0.0,0.0,0.0,0.0,0.0,-0.0
hc2/confirm/frame_drop_5/order1/00002,hc2,confirm,46,frame_drop_5,order1,2,False,0.4986833006259963,0.7908163265306123,0.6308036186839646,0.4985748732029275,0.7908163265306123,0.6306664917288509,0.4985748732029275,0.7908163265306123,0.6306664917288509,-0.00010842742306882425,0.0,-0.00013712695511369777,0.0,0.00010842742306882425,-0.00010842742306882425,0.0,-0.00013712695511369777,0.0,0.00010842742306882425
hc2/confirm/frame_drop_5/order1/00003,hc2,confirm,43,frame_drop_5,order1,3,False,0.2559525693061658,0.6071428571428571,0.3983739116684877,0.2564369155133431,0.6071428571428571,0.39964005091010685,0.2564369155133431,0.6071428571428571,0.39964005091010685,0.0004843462071772997,0.0,0.0012661392416191686,0.0004843462071772997,0.0,0.0004843462071772997,0.0,0.0012661392416191686,0.0004843462071772997,0.0
hc2/confirm/frame_drop_5/order1/00004,hc2,confirm,47,frame_drop_5,order1,4,True,0.0,0.0,0.6474195478076401,0.0,0.0,0.6475882755448771,0.0,0.0,0.6475882755448771,0.0,0.0,0.00016872773723697332,0.0,-0.0,0.0,0.0,0.00016872773723697332,0.0,-0.0
hc2/confirm/frame_drop_5/order1/00005,hc2,confirm,37,frame_drop_5,order1,5,False,0.0077395817118480256,0.3194888178913738,0.023985040354538932,0.00688093878888759,0.3194888178913738,0.02132409743486946,0.00688093878888759,0.3194888178913738,0.02132409743486946,-0.0008586429229604352,0.0,-0.002660942919669472,0.0,0.0008586429229604352,-0.0008586429229604352,0.0,-0.002660942919669472,0.0,0.0008586429229604352
hc2/confirm/frame_drop_5/order1/00006,hc2,confirm,41,frame_drop_5,order1,6,False,0.4737967278618264,0.7,0.6925232197601358,0.4737161812061523,0.7,0.6924282306929086,0.4737161812061523,0.7,0.6924282306929086,-8.054665567414077e-05,0.0,-9.498906722715805e-05,0.0,8.054665567414077e-05,-8.054665567414077e-05,0.0,-9.498906722715805e-05,0.0,8.054665567414077e-05
hc2/confirm/frame_drop_5/order1/00007,hc2,confirm,35,frame_drop_5,order1,7,False,0.42779294279978747,0.7133757961783439,0.6017294328454813,0.42799128356105487,0.7133757961783439,0.6020027463697409,0.42799128356105487,0.7133757961783439,0.6020027463697409,0.00019834076126740152,0.0,0.00027331352425963296,0.00019834076126740152,0.0,0.00019834076126740152,0.0,0.00027331352425963296,0.00019834076126740152,0.0
hc2/confirm/frame_drop_5/order1/00008,hc2,confirm,42,frame_drop_5,order1,8,True,0.11817968705440177,0.5253456221198156,0.22714893983865012,0.11825255306987152,0.5253456221198156,0.2272853405521697,0.11825255306987152,0.5253456221198156,0.2272853405521697,7.286601546975524e-05,0.0,0.0001364007135195855,7.286601546975524e-05,0.0,7.286601546975524e-05,0.0,0.0001364007135195855,7.286601546975524e-05,0.0
hc2/confirm/frame_drop_5/order1/00009,hc2,confirm,44,frame_drop_5,order1,9,False,0.19416330508987228,0.83,0.20840241496002518,0.21103425829613565,0.83,0.224902406560349,0.21103425829613565,0.83,0.224902406560349,0.01687095320626336,0.0,0.01649999160032381,0.01687095320626336,0.0,0.01687095320626336,0.0,0.01649999160032381,0.01687095320626336,0.0
hc2/confirm/frame_drop_5/order1/00010,hc2,confirm,36,frame_drop_5,order1,10,False,0.19024818583313086,0.35390946502057613,0.5388188542127123,0.18929019822448423,0.35390946502057613,0.5361443412782898,0.18929019822448423,0.35390946502057613,0.5361443412782898,-0.0009579876086466266,0.0,-0.002674512934422446,0.0,0.0009579876086466266,-0.0009579876086466266,0.0,-0.002674512934422446,0.0,0.0009579876086466266
hc2/confirm/frame_drop_5/order1/00011,hc2,confirm,38,frame_drop_5,order1,11,False,0.3863031049036364,0.5346938775510204,0.7227135523988072,0.38583340994670456,0.5346938775510204,0.7218388327367347,0.38583340994670456,0.5346938775510204,0.7218388327367347,-0.00046969495693183205,0.0,-0.0008747196620725317,0.0,0.00046969495693183205,-0.00046969495693183205,0.0,-0.0008747196620725317,0.0,0.00046969495693183205
hc2/confirm/frame_drop_5/order1/00012,hc2,confirm,34,frame_drop_5,order1,12,True,0.5050426581862404,0.6805194805194805,0.7423866761174454,0.5046183960765106,0.6805194805194805,0.7417904498876847,0.5046183960765106,0.6805194805194805,0.7417904498876847,-0.0004242621097297894,0.0,-0.0005962262297606324,0.0,0.0004242621097297894,-0.0004242621097297894,0.0,-0.0005962262297606324,0.0,0.0004242621097297894
hc2/confirm/frame_drop_5/order1/00013,hc2,confirm,40,frame_drop_5,order1,13,False,0.322027026699203,0.5329341317365269,0.6522506588093688,0.32205318651868897,0.5329341317365269,0.6532488641379552,0.32205318651868897,0.5329341317365269,0.6532488641379552,2.6159819485949143e-05,0.0,0.00099820532858641,2.6159819485949143e-05,0.0,2.6159819485949143e-05,0.0,0.00099820532858641,2.6159819485949143e-05,0.0
hc2/confirm/frame_drop_5/order1/00014,hc2,confirm,39,frame_drop_5,order1,14,False,0.006406467013821251,0.8097345132743363,0.007868812745236972,0.006484473397114609,0.8097345132743363,0.007964624933412509,0.006484473397114609,0.8097345132743363,0.007964624933412509,7.800638329335738e-05,0.0,9.581218817553659e-05,7.800638329335738e-05,0.0,7.800638329335738e-05,0.0,9.581218817553659e-05,7.800638329335738e-05,0.0
hc2/confirm/frame_drop_5/order1/00015,hc2,confirm,32,frame_drop_5,order1,15,False,0.11203600536424405,0.224,0.41351039799836115,0.11330238583914513,0.224,0.42196099339280396,0.11330238583914513,0.224,0.42196099339280396,0.0012663804749010882,0.0,0.008450595394442817,0.0012663804749010882,0.0,0.0012663804749010882,0.0,0.008450595394442817,0.0012663804749010882,0.0
hc2/confirm/frame_drop_5/order2/00000,hc2,confirm,43,frame_drop_5,order2,0,True,0.277762520562276,0.6390977443609023,0.4104681794394244,0.277762520562276,0.6390977443609023,0.4104681794394244,0.277762520562276,0.6390977443609023,0.4104681794394244,0.0,0.0,0.0,0.0,-0.0,0.0,0.0,0.0,0.0,-0.0
hc2/confirm/frame_drop_5/order2/00001,hc2,confirm,46,frame_drop_5,order2,1,False,0.4906887733282289,0.7908163265306123,0.620912397701921,0.49078183969229155,0.7908163265306123,0.6210281302814177,0.49078183969229155,0.7908163265306123,0.6210281302814177,9.30663640626439e-05,0.0,0.0001157325794967079,9.30663640626439e-05,0.0,9.30663640626439e-05,0.0,0.0001157325794967079,9.30663640626439e-05,0.0
hc2/confirm/frame_drop_5/order2/00002,hc2,confirm,38,frame_drop_5,order2,2,False,0.3782162263424916,0.5346938775510204,0.7075687051772387,0.3783294138894156,0.5346938775510204,0.7077794496254077,0.3783294138894156,0.5346938775510204,0.7077794496254077,0.00011318754692402067,0.0,0.00021074444816904236,0.00011318754692402067,0.0,0.00011318754692402067,0.0,0.00021074444816904236,0.00011318754692402067,0.0
hc2/confirm/frame_drop_5/order2/00003,hc2,confirm,40,frame_drop_5,order2,3,False,0.322943097796301,0.5329341317365269,0.6565040744231099,0.3228830556539632,0.5329341317365269,0.6560847965073104,0.3228830556539632,0.5329341317365269,0.6560847965073104,-6.0042142337790594e-05,0.0,-0.00041927791579943197,0.0,6.0042142337790594e-05,-6.0042142337790594e-05,0.0,-0.00041927791579943197,0.0,6.0042142337790594e-05
hc2/confirm/frame_drop_5/order2/00004,hc2,confirm,34,frame_drop_5,order2,4,True,0.5032094031357772,0.6805194805194805,0.7398401761760862,0.5032401901106093,0.6805194805194805,0.739898391564163,0.5032401901106093,0.6805194805194805,0.739898391564163,3.078697483205328e-05,0.0,5.821538807682103e-05,3.078697483205328e-05,0.0,3.078697483205328e-05,0.0,5.821538807682103e-05,3.078697483205328e-05,0.0
hc2/confirm/frame_drop_5/order2/00005,hc2,confirm,36,frame_drop_5,order2,5,False,0.17906881886393286,0.35390946502057613,0.507346052664986,0.17904632485190083,0.35390946502057613,0.5072839170892771,0.17904632485190083,0.35390946502057613,0.5072839170892771,-2.2494012032026056e-05,0.0,-6.213557570888817e-05,0.0,2.2494012032026056e-05,-2.2494012032026056e-05,0.0,-6.213557570888817e-05,0.0,2.2494012032026056e-05
hc2/confirm/frame_drop_5/order2/00006,hc2,confirm,42,frame_drop_5,order2,6,False,0.143386437549286,0.6368715083798883,0.2272009610936172,0.14268107689185222,0.6368715083798883,0.22610067193197755,0.14268107689185222,0.6368715083798883,0.22610067193197755,-0.0007053606574337901,0.0,-0.0011002891616396504,0.0,0.0007053606574337901,-0.0007053606574337901,0.0,-0.0011002891616396504,0.0,0.0007053606574337901
hc2/confirm/frame_drop_5/order2/00007,hc2,confirm,33,frame_drop_5,order2,7,False,0.4428436188706371,0.7911764705882353,0.5792199986973251,0.44280813797260055,0.7911764705882353,0.5792677725930919,0.44280813797260055,0.7911764705882353,0.5792677725930919,-3.548089803656618e-05,0.0,4.777389576682278e-05,0.0,3.548089803656618e-05,-3.548089803656618e-05,0.0,4.777389576682278e-05,0.0,3.548089803656618e-05
hc2/confirm/frame_drop_5/order2/00008,hc2,confirm,41,frame_drop_5,order2,8,True,0.5499961587916906,0.8423236514522822,0.6549993660258501,0.5503227398058067,0.8423236514522822,0.6553864776552114,0.5503227398058067,0.8423236514522822,0.6553864776552114,0.00032658101411608964,0.0,0.00038711162936133636,0.00032658101411608964,0.0,0.00032658101411608964,0.0,0.00038711162936133636,0.00032658101411608964,0.0
hc2/confirm/frame_drop_5/order2/00009,hc2,confirm,47,frame_drop_5,order2,9,False,0.18999231047090775,0.31054131054131057,0.6513477290636179,0.1899709099414445,0.31054131054131057,0.6511730788093475,0.1899709099414445,0.31054131054131057,0.6511730788093475,-2.140052946325577e-05,0.0,-0.00017465025427043646,0.0,2.140052946325577e-05,-2.140052946325577e-05,0.0,-0.00017465025427043646,0.0,2.140052946325577e-05
hc2/confirm/frame_drop_5/order2/00010,hc2,confirm,37,frame_drop_5,order2,10,False,0.007304792368948336,0.3194888178913738,0.022637623876047813,0.007649462699415169,0.3194888178913738,0.02370576064274206,0.007649462699415169,0.3194888178913738,0.02370576064274206,0.00034467033046683276,0.0,0.001068136766694247,0.00034467033046683276,0.0,0.00034467033046683276,0.0,0.001068136766694247,0.00034467033046683276,0.0
hc2/confirm/frame_drop_5/order2/00011,hc2,confirm,39,frame_drop_5,order2,11,False,0.006988220276579069,0.8097345132743363,0.008583357513624292,0.006943766185609551,0.8097345132743363,0.008528756293194339,0.006943766185609551,0.8097345132743363,0.008528756293194339,-4.445409096951857e-05,0.0,-5.460122042995341e-05,0.0,4.445409096951857e-05,-4.445409096951857e-05,0.0,-5.460122042995341e-05,0.0,4.445409096951857e-05
hc2/confirm/frame_drop_5/order2/00012,hc2,confirm,44,frame_drop_5,order2,12,True,0.2011713637346972,0.83,0.2316351836883256,0.204605545248694,0.83,0.21756173347389424,0.204605545248694,0.83,0.21756173347389424,0.003434181513996798,0.0,-0.014073450214431377,0.003434181513996798,0.0,0.003434181513996798,0.0,-0.014073450214431377,0.003434181513996798,0.0
hc2/confirm/frame_drop_5/order2/00013,hc2,confirm,32,frame_drop_5,order2,13,False,0.11412100592607907,0.224,0.4146048685176837,0.11556576668344279,0.224,0.4214312732543549,0.11556576668344279,0.224,0.4214312732543549,0.0014447607573637167,0.0,0.006826404736671232,0.0014447607573637167,0.0,0.0014447607573637167,0.0,0.006826404736671232,0.0014447607573637167,0.0
hc2/confirm/frame_drop_5/order2/00014,hc2,confirm,45,frame_drop_5,order2,14,False,7.356467988790463e-05,0.34782608695652173,0.00020995467033701248,0.0,0.34782608695652173,0.0,0.0,0.34782608695652173,0.0,-7.356467988790463e-05,0.0,-0.00020995467033701248,0.0,7.356467988790463e-05,-7.356467988790463e-05,0.0,-0.00020995467033701248,0.0,7.356467988790463e-05
hc2/confirm/frame_drop_5/order2/00015,hc2,confirm,35,frame_drop_5,order2,15,False,0.4285235002123405,0.7133757961783439,0.6028259505317312,0.42843331885841673,0.7133757961783439,0.6027142630825545,0.42843331885841673,0.7133757961783439,0.6027142630825545,-9.018135392374615e-05,0.0,-0.00011168744917666729,0.0,9.018135392374615e-05,-9.018135392374615e-05,0.0,-0.00011168744917666729,0.0,9.018135392374615e-05
hc2/confirm/frame_freeze_5/order1/00000,hc2,confirm,33,frame_freeze_5,order1,0,True,0.4910743634988857,0.8629032258064516,0.5710711632523275,0.4910743634988857,0.8629032258064516,0.5710711632523275,0.4910743634988857,0.8629032258064516,0.5710711632523275,0.0,0.0,0.0,0.0,-0.0,0.0,0.0,0.0,0.0,-0.0
hc2/confirm/frame_freeze_5/order1/00001,hc2,confirm,45,frame_freeze_5,order1,1,False,0.0,0.4133738601823708,0.0,0.0,0.4133738601823708,0.0,0.0,0.4133738601823708,0.0,0.0,0.0,0.0,0.0,-0.0,0.0,0.0,0.0,0.0,-0.0
hc2/confirm/frame_freeze_5/order1/00002,hc2,confirm,46,frame_freeze_5,order1,2,False,0.32751492857771036,0.5201342281879194,0.6298750511921107,0.3273178001915597,0.5201342281879194,0.6294981065871104,0.3273178001915597,0.5201342281879194,0.6294981065871104,-0.00019712838615065786,0.0,-0.0003769446050003733,0.0,0.00019712838615065786,-0.00019712838615065786,0.0,-0.0003769446050003733,0.0,0.00019712838615065786
hc2/confirm/frame_freeze_5/order1/00003,hc2,confirm,43,frame_freeze_5,order1,3,False,0.2882722750473291,0.7142857142857143,0.39821997397032954,0.2891584301732647,0.7142857142857143,0.39951958418522143,0.2891584301732647,0.7142857142857143,0.39951958418522143,0.0008861551259355949,0.0,0.0012996102148918887,0.0008861551259355949,0.0,0.0008861551259355949,0.0,0.0012996102148918887,0.0008861551259355949,0.0
hc2/confirm/frame_freeze_5/order1/00004,hc2,confirm,47,frame_freeze_5,order1,4,True,0.2434818148613472,0.35855263157894735,0.6972695864492453,0.24348663776030152,0.35855263157894735,0.6972870327690657,0.24348663776030152,0.35855263157894735,0.6972870327690657,4.822898954315313e-06,0.0,1.7446319820368927e-05,4.822898954315313e-06,0.0,4.822898954315313e-06,0.0,1.7446319820368927e-05,4.822898954315313e-06,0.0
hc2/confirm/frame_freeze_5/order1/00005,hc2,confirm,37,frame_freeze_5,order1,5,False,0.00814535064156274,0.33557046979865773,0.024032816744412835,0.007169637936617132,0.33557046979865773,0.021153981238731738,0.007169637936617132,0.33557046979865773,0.021153981238731738,-0.0009757127049456072,0.0,-0.0028788355056810974,0.0,0.0009757127049456072,-0.0009757127049456072,0.0,-0.0028788355056810974,0.0,0.0009757127049456072
hc2/confirm/frame_freeze_5/order1/00006,hc2,confirm,41,frame_freeze_5,order1,6,False,0.47236299550617733,0.7,0.6908199027164561,0.471748759477199,0.7,0.6900785031449914,0.471748759477199,0.7,0.6900785031449914,-0.00061423602897831,0.0,-0.0007413995714646848,0.0,0.00061423602897831,-0.00061423602897831,0.0,-0.0007413995714646848,0.0,0.00061423602897831
hc2/confirm/frame_freeze_5/order1/00007,hc2,confirm,35,frame_freeze_5,order1,7,False,0.43964674143736876,0.6473988439306358,0.6804342348779479,0.439397913687474,0.6473988439306358,0.6800473137156858,0.439397913687474,0.6473988439306358,0.6800473137156858,-0.0002488277498947644,0.0,-0.00038692116226202167,0.0,0.0002488277498947644,-0.0002488277498947644,0.0,-0.00038692116226202167,0.0,0.0002488277498947644
hc2/confirm/frame_freeze_5/order1/00008,hc2,confirm,42,frame_freeze_5,order1,8,True,0.1453811335537599,0.6368715083798883,0.2304619508844992,0.14533825157344835,0.6368715083798883,0.23039386671284678,0.14533825157344835,0.6368715083798883,0.23039386671284678,-4.288198031154877e-05,0.0,-6.808417165241054e-05,0.0,4.288198031154877e-05,-4.288198031154877e-05,0.0,-6.808417165241054e-05,0.0,4.288198031154877e-05
hc2/confirm/frame_freeze_5/order1/00009,hc2,confirm,44,frame_freeze_5,order1,9,False,0.19728692123096503,0.88,0.21197736795532895,0.2188931377707658,0.88,0.23538503953241985,0.2188931377707658,0.88,0.23538503953241985,0.02160621653980077,0.0,0.023407671577090894,0.02160621653980077,0.0,0.02160621653980077,0.0,0.023407671577090894,0.02160621653980077,0.0
hc2/confirm/frame_freeze_5/order1/00010,hc2,confirm,36,frame_freeze_5,order1,10,False,0.16717227107428265,0.3788546255506608,0.4436256766315537,0.16767639550537067,0.3788546255506608,0.44493766644834004,0.16767639550537067,0.3788546255506608,0.44493766644834004,0.0005041244310880211,0.0,0.0013119898167863187,0.0005041244310880211,0.0,0.0005041244310880211,0.0,0.0013119898167863187,0.0005041244310880211,0.0
hc2/confirm/frame_freeze_5/order1/00011,hc2,confirm,38,frame_freeze_5,order1,11,False,0.42152052516121075,0.5458333333333333,0.772307259825444,0.42169794237273106,0.5458333333333333,0.7726325691783832,0.42169794237273106,0.5458333333333333,0.7726325691783832,0.0001774172115203143,0.0,0.00032530935293917373,0.0001774172115203143,0.0,0.0001774172115203143,0.0,0.00032530935293917373,0.0001774172115203143,0.0
hc2/confirm/frame_freeze_5/order1/00012,hc2,confirm,34,frame_freeze_5,order1,12,True,0.4651955104384242,0.6259541984732825,0.7434926751919367,0.46500829255843074,0.6259541984732825,0.7432730470532899,0.46500829255843074,0.6259541984732825,0.7432730470532899,-0.00018721787999348427,0.0,-0.0002196281386468435,0.0,0.00018721787999348427,-0.00018721787999348427,0.0,-0.0002196281386468435,0.0,0.00018721787999348427
hc2/confirm/frame_freeze_5/order1/00013,hc2,confirm,40,frame_freeze_5,order1,13,False,0.3956501102870612,0.6320754716981132,0.6715109802162986,0.395616198088095,0.6320754716981132,0.6714462035832339,0.395616198088095,0.6320754716981132,0.6714462035832339,-3.391219896620168e-05,0.0,-6.477663306470038e-05,0.0,3.391219896620168e-05,-3.391219896620168e-05,0.0,-6.477663306470038e-05,0.0,3.391219896620168e-05
hc2/confirm/frame_freeze_5/order1/00014,hc2,confirm,39,frame_freeze_5,order1,14,False,0.005550980005647191,0.8840579710144928,0.00624485250635309,0.007839874181386345,0.8840579710144928,0.008819858454059639,0.007839874181386345,0.8840579710144928,0.008819858454059639,0.0022888941757391547,0.0,0.0025750059477065487,0.0022888941757391547,0.0,0.0022888941757391547,0.0,0.0025750059477065487,0.0022888941757391547,0.0
hc2/confirm/frame_freeze_5/order1/00015,hc2,confirm,32,frame_freeze_5,order1,15,False,0.12526346963237195,0.30933333333333335,0.344216107208888,0.12620724804034278,0.30933333333333335,0.3462107015480469,0.12620724804034278,0.30933333333333335,0.3462107015480469,0.00094377840797083,0.0,0.001994594339158884,0.00094377840797083,0.0,0.00094377840797083,0.0,0.001994594339158884,0.00094377840797083,0.0
hc2/confirm/frame_freeze_5/order2/00000,hc2,confirm,43,frame_freeze_5,order2,0,True,0.31378250838503535,0.7518796992481203,0.4115536882587758,0.31378250838503535,0.7518796992481203,0.4115536882587758,0.31378250838503535,0.7518796992481203,0.4115536882587758,0.0,0.0,0.0,0.0,-0.0,0.0,0.0,0.0,0.0,-0.0
hc2/confirm/frame_freeze_5/order2/00001,hc2,confirm,46,frame_freeze_5,order2,1,False,0.32273695568597427,0.5201342281879194,0.6209047358437094,0.3228861638613702,0.5201342281879194,0.6211898288834865,0.3228861638613702,0.5201342281879194,0.6211898288834865,0.00014920817539593179,0.0,0.00028509303977708456,0.00014920817539593179,0.0,0.00014920817539593179,0.0,0.00028509303977708456,0.00014920817539593179,0.0
hc2/confirm/frame_freeze_5/order2/00002,hc2,confirm,38,frame_freeze_5,order2,2,False,0.41401021994502213,0.5458333333333333,0.7585206495740917,0.41393945237696655,0.5458333333333333,0.758391458569968,0.41393945237696655,0.5458333333333333,0.758391458569968,-7.076756805557416e-05,0.0,-0.00012919100412367435,0.0,7.076756805557416e-05,-7.076756805557416e-05,0.0,-0.00012919100412367435,0.0,7.076756805557416e-05
hc2/confirm/frame_freeze_5/order2/00003,hc2,confirm,40,frame_freeze_5,order2,3,False,0.39647881956998066,0.6320754716981132,0.6732095566124761,0.39642620948496315,0.6320754716981132,0.673219261980962,0.39642620948496315,0.6320754716981132,0.673219261980962,-5.261008501750153e-05,0.0,9.705368485990462e-06,0.0,5.261008501750153e-05,-5.261008501750153e-05,0.0,9.705368485990462e-06,0.0,5.261008501750153e-05
hc2/confirm/frame_freeze_5/order2/00004,hc2,confirm,34,frame_freeze_5,order2,4,True,0.46384532412375024,0.6259541984732825,0.7414483650216123,0.4638957137812007,0.6259541984732825,0.7415406246261553,0.4638957137812007,0.6259541984732825,0.7415406246261553,5.0389657450466974e-05,0.0,9.22596045430657e-05,5.0389657450466974e-05,0.0,5.0389657450466974e-05,0.0,9.22596045430657e-05,5.0389657450466974e-05,0.0
hc2/confirm/frame_freeze_5/order2/00005,hc2,confirm,36,frame_freeze_5,order2,5,False,0.1567801105468721,0.3788546255506608,0.41626210387691115,0.15620839137691866,0.3788546255506608,0.41476886291497045,0.15620839137691866,0.3788546255506608,0.41476886291497045,-0.0005717191699534385,0.0,-0.0014932409619407006,0.0,0.0005717191699534385,-0.0005717191699534385,0.0,-0.0014932409619407006,0.0,0.0005717191699534385
hc2/confirm/frame_freeze_5/order2/00006,hc2,confirm,42,frame_freeze_5,order2,6,False,0.14576985927559785,0.6368715083798883,0.23090601830797838,0.14489293743837645,0.6368715083798883,0.22953890295309257,0.14489293743837645,0.6368715083798883,0.22953890295309257,-0.000876921837221406,0.0,-0.0013671153548858173,0.0,0.000876921837221406,-0.000876921837221406,0.0,-0.0013671153548858173,0.0,0.000876921837221406
hc2/confirm/frame_freeze_5/order2/00007,hc2,confirm,33,frame_freeze_5,order2,7,False,0.5401843155353738,0.9523809523809523,0.5696034027962108,0.5401686723115214,0.9523809523809523,0.5695846268084572,0.5401686723115214,0.9523809523809523,0.5695846268084572,-1.5643223852390697e-05,0.0,-1.8775987753572032e-05,0.0,1.5643223852390697e-05,-1.5643223852390697e-05,0.0,-1.8775987753572032e-05,0.0,1.5643223852390697e-05
hc2/confirm/frame_freeze_5/order2/00008,hc2,confirm,41,frame_freeze_5,order2,8,True,0.5490396899272731,0.8423236514522822,0.6538655902465796,0.549076880098381,0.8423236514522822,0.6539086626474714,0.549076880098381,0.8423236514522822,0.6539086626474714,3.719017110781486e-05,0.0,4.307240089174158e-05,3.719017110781486e-05,0.0,3.719017110781486e-05,0.0,4.307240089174158e-05,3.719017110781486e-05,0.0
hc2/confirm/frame_freeze_5/order2/00009,hc2,confirm,47,frame_freeze_5,order2,9,False,0.2826502877762178,0.41118421052631576,0.6997295559082669,0.28248349018456237,0.41118421052631576,0.6993982788448191,0.28248349018456237,0.41118421052631576,0.6993982788448191,-0.00016679759165544317,0.0,-0.00033127706344782126,0.0,0.00016679759165544317,-0.00016679759165544317,0.0,-0.00033127706344782126,0.0,0.00016679759165544317
hc2/confirm/frame_freeze_5/order2/00010,hc2,confirm,37,frame_freeze_5,order2,10,False,0.007603844368750052,0.33557046979865773,0.022435105167203123,0.007993295304452546,0.33557046979865773,0.0235841782250184,0.007993295304452546,0.33557046979865773,0.0235841782250184,0.0003894509357024933,0.0,0.0011490730578152773,0.0003894509357024933,0.0,0.0003894509357024933,0.0,0.0011490730578152773,0.0003894509357024933,0.0
hc2/confirm/frame_freeze_5/order2/00011,hc2,confirm,39,frame_freeze_5,order2,11,False,0.008572904269308653,0.8840579710144928,0.009644517302972234,0.0087853410488535,0.8840579710144928,0.009883508679960186,0.0087853410488535,0.8840579710144928,0.009883508679960186,0.00021243677954484695,0.0,0.00023899137698795217,0.00021243677954484695,0.0,0.00021243677954484695,0.0,0.00023899137698795217,0.00021243677954484695,0.0
hc2/confirm/frame_freeze_5/order2/00012,hc2,confirm,44,frame_freeze_5,order2,12,True,0.23122259170189668,0.9411764705882353,0.2350634985407986,0.22269764945817475,0.9411764705882353,0.22695234774456477,0.22269764945817475,0.9411764705882353,0.22695234774456477,-0.008524942243721939,0.0,-0.00811115079623384,0.0,0.008524942243721939,-0.008524942243721939,0.0,-0.00811115079623384,0.0,0.008524942243721939
hc2/confirm/frame_freeze_5/order2/00013,hc2,confirm,32,frame_freeze_5,order2,13,False,0.1320256266688347,0.30933333333333335,0.3559832106320875,0.13076658370508118,0.30933333333333335,0.3521915300642925,0.13076658370508118,0.30933333333333335,0.3521915300642925,-0.0012590429637535094,0.0,-0.003791680567794997,0.0,0.0012590429637535094,-0.0012590429637535094,0.0,-0.003791680567794997,0.0,0.0012590429637535094
hc2/confirm/frame_freeze_5/order2/00014,hc2,confirm,45,frame_freeze_5,order2,14,False,0.0005557938713144816,0.4133738601823708,0.0013347166690690835,0.0,0.4133738601823708,0.0,0.0,0.4133738601823708,0.0,-0.0005557938713144816,0.0,-0.0013347166690690835,0.0,0.0005557938713144816,-0.0005557938713144816,0.0,-0.0013347166690690835,0.0,0.0005557938713144816
hc2/confirm/frame_freeze_5/order2/00015,hc2,confirm,35,frame_freeze_5,order2,15,False,0.44421346095290604,0.6473988439306358,0.6875096733556502,0.4434793730830748,0.6473988439306358,0.6863732197055337,0.4434793730830748,0.6473988439306358,0.6863732197055337,-0.000734087869831257,0.0,-0.001136453650116498,0.0,0.000734087869831257,-0.000734087869831257,0.0,-0.001136453650116498,0.0,0.000734087869831257
hc2/confirm/motion_blur_5/order1/00000,hc2,confirm,33,motion_blur_5,order1,0,True,0.5383680324566191,0.9294117647058824,0.5849500345716173,0.5383680324566191,0.9294117647058824,0.5849500345716173,0.5383680324566191,0.9294117647058824,0.5849500345716173,0.0,0.0,0.0,0.0,-0.0,0.0,0.0,0.0,0.0,-0.0
hc2/confirm/motion_blur_5/order1/00001,hc2,confirm,45,motion_blur_5,order1,1,False,0.0,0.3617021276595745,0.0,0.0,0.3617021276595745,0.0,0.0,0.3617021276595745,0.0,0.0,0.0,0.0,0.0,-0.0,0.0,0.0,0.0,0.0,-0.0
hc2/confirm/motion_blur_5/order1/00002,hc2,confirm,46,motion_blur_5,order1,2,False,0.49864620053966485,0.7908163265306123,0.630752190040625,0.49854159425542294,0.7908163265306123,0.6306198767260345,0.49854159425542294,0.7908163265306123,0.6306198767260345,-0.00010460628424191487,0.0,-0.00013231331459051532,0.0,0.00010460628424191487,-0.00010460628424191487,0.0,-0.00013231331459051532,0.0,0.00010460628424191487
hc2/confirm/motion_blur_5/order1/00003,hc2,confirm,43,motion_blur_5,order1,3,False,0.2888678097475903,0.7142857142857143,0.3990942637760781,0.28982806629440194,0.7142857142857143,0.40047663127364447,0.28982806629440194,0.7142857142857143,0.40047663127364447,0.0009602565468116442,0.0,0.0013823674975663724,0.0009602565468116442,0.0,0.0009602565468116442,0.0,0.0013823674975663724,0.0009602565468116442,0.0
hc2/confirm/motion_blur_5/order1/00004,hc2,confirm,47,motion_blur_5,order1,4,True,0.0,0.0,0.6939086382027311,0.0,0.0,0.6941089134446342,0.0,0.0,0.6941089134446342,0.0,0.0,0.00020027524190313617,0.0,-0.0,0.0,0.0,0.00020027524190313617,0.0,-0.0
hc2/confirm/motion_blur_5/order1/00005,hc2,confirm,37,motion_blur_5,order1,5,False,0.007508534056537692,0.3194888178913738,0.02326902138313166,0.0066859489212246735,0.3194888178913738,0.020719821904389334,0.0066859489212246735,0.3194888178913738,0.020719821904389334,-0.0008225851353130184,0.0,-0.0025491994787423256,0.0,0.0008225851353130184,-0.0008225851353130184,0.0,-0.0025491994787423256,0.0,0.0008225851353130184
hc2/confirm/motion_blur_5/order1/00006,hc2,confirm,41,motion_blur_5,order1,6,False,0.48637301152426743,0.7261410788381742,0.6863799011889394,0.48525894627899246,0.7261410788381742,0.6849920866602732,0.48525894627899246,0.7261410788381742,0.6849920866602732,-0.0011140652452749644,0.0,-0.0013878145286662091,0.0,0.0011140652452749644,-0.0011140652452749644,0.0,-0.0013878145286662091,0.0,0.0011140652452749644
hc2/confirm/motion_blur_5/order1/00007,hc2,confirm,35,motion_blur_5,order1,7,False,0.44688763986802615,0.6473988439306358,0.6914958538549123,0.4466286513976913,0.6473988439306358,0.6910942033592742,0.4466286513976913,0.6473988439306358,0.6910942033592742,-0.0002589884703348422,0.0,-0.0004016504956381173,0.0,0.0002589884703348422,-0.0002589884703348422,0.0,-0.0004016504956381173,0.0,0.0002589884703348422
hc2/confirm/motion_blur_5/order1/00008,hc2,confirm,42,motion_blur_5,order1,8,True,0.1182834926568364,0.5253456221198156,0.2273397143157809,0.11831630303492174,0.5253456221198156,0.2274014228132128,0.11831630303492174,0.5253456221198156,0.2274014228132128,3.2810378085348924e-05,0.0,6.170849743189488e-05,3.2810378085348924e-05,0.0,3.2810378085348924e-05,0.0,6.170849743189488e-05,3.2810378085348924e-05,0.0
hc2/confirm/motion_blur_5/order1/00009,hc2,confirm,44,motion_blur_5,order1,9,False,0.19396192019256472,0.83,0.20832425755648792,0.21072190954513187,0.83,0.22710434876760646,0.21072190954513187,0.83,0.22710434876760646,0.016759989352567145,0.0,0.018780091211118538,0.016759989352567145,0.0,0.016759989352567145,0.0,0.018780091211118538,0.016759989352567145,0.0
hc2/confirm/motion_blur_5/order1/00010,hc2,confirm,36,motion_blur_5,order1,10,False,0.16908818816297422,0.35390946502057613,0.4796830031008411,0.16945279704801752,0.35390946502057613,0.4806946900633806,0.16945279704801752,0.35390946502057613,0.4806946900633806,0.0003646088850433049,0.0,0.0010116869625395042,0.0003646088850433049,0.0,0.0003646088850433049,0.0,0.0010116869625395042,0.0003646088850433049,0.0
hc2/confirm/motion_blur_5/order1/00011,hc2,confirm,38,motion_blur_5,order1,11,False,0.43070516557605926,0.5670995670995671,0.7595933272688841,0.43105957927669936,0.5670995670995671,0.7602183956947249,0.43105957927669936,0.5670995670995671,0.7602183956947249,0.00035441370064009936,0.0,0.000625068425840869,0.00035441370064009936,0.0,0.00035441370064009936,0.0,0.000625068425840869,0.00035441370064009936,0.0
hc2/confirm/motion_blur_5/order1/00012,hc2,confirm,34,motion_blur_5,order1,12,True,0.5070925973177497,0.6805194805194805,0.7458038629200991,0.5071531895394249,0.6805194805194805,0.7460168239803094,0.5071531895394249,0.6805194805194805,0.7460168239803094,6.059222167520417e-05,0.0,0.0002129610602102927,6.059222167520417e-05,0.0,6.059222167520417e-05,0.0,0.0002129610602102927,6.059222167520417e-05,0.0
hc2/confirm/motion_blur_5/order1/00013,hc2,confirm,40,motion_blur_5,order1,13,False,0.35721410876668225,0.5778443113772455,0.6626812879703461,0.3571510048762498,0.5778443113772455,0.6627261435517469,0.3571510048762498,0.5778443113772455,0.6627261435517469,-6.310389043245879e-05,0.0,4.485558140077117e-05,0.0,6.310389043245879e-05,-6.310389043245879e-05,0.0,4.485558140077117e-05,0.0,6.310389043245879e-05
hc2/confirm/motion_blur_5/order1/00014,hc2,confirm,39,motion_blur_5,order1,14,False,0.005486034727558632,0.8097345132743363,0.006738281784936145,0.005599268326583967,0.8097345132743363,0.006877362183739003,0.005599268326583967,0.8097345132743363,0.006877362183739003,0.00011323359902533445,0.0,0.00013908039880285768,0.00011323359902533445,0.0,0.00011323359902533445,0.0,0.00013908039880285768,0.00011323359902533445,0.0
hc2/confirm/motion_blur_5/order1/00015,hc2,confirm,32,motion_blur_5,order1,15,False,0.12388905239201012,0.26666666666666666,0.3866045528929413,0.12262219245067399,0.26666666666666666,0.3800835930853663,0.12262219245067399,0.26666666666666666,0.3800835930853663,-0.0012668599413361292,0.0,-0.006520959807575,0.0,0.0012668599413361292,-0.0012668599413361292,0.0,-0.006520959807575,0.0,0.0012668599413361292
hc2/confirm/motion_blur_5/order2/00000,hc2,confirm,43,motion_blur_5,order2,0,True,0.3337373259837614,0.8,0.4114099972335949,0.3337373259837614,0.8,0.4114099972335949,0.3337373259837614,0.8,0.4114099972335949,0.0,0.0,0.0,0.0,-0.0,0.0,0.0,0.0,0.0,-0.0
hc2/confirm/motion_blur_5/order2/00001,hc2,confirm,46,motion_blur_5,order2,1,False,0.4907817862428255,0.7908163265306123,0.6210244009600845,0.4909194944979437,0.7908163265306123,0.6211966900857941,0.4909194944979437,0.7908163265306123,0.6211966900857941,0.0001377082551182185,0.0,0.00017228912570965704,0.0001377082551182185,0.0,0.0001377082551182185,0.0,0.00017228912570965704,0.0001377082551182185,0.0
hc2/confirm/motion_blur_5/order2/00002,hc2,confirm,38,motion_blur_5,order2,2,False,0.4209297413902541,0.5670995670995671,0.742334918554117,0.4208354966641765,0.5670995670995671,0.7421692302276713,0.4208354966641765,0.5670995670995671,0.7421692302276713,-9.424472607755252e-05,0.0,-0.00016568832644570097,0.0,9.424472607755252e-05,-9.424472607755252e-05,0.0,-0.00016568832644570097,0.0,9.424472607755252e-05
hc2/confirm/motion_blur_5/order2/00003,hc2,confirm,40,motion_blur_5,order2,3,False,0.3588354574703707,0.5778443113772455,0.6651901335327718,0.3587731964792289,0.5778443113772455,0.6651304368792341,0.3587731964792289,0.5778443113772455,0.6651304368792341,-6.226099114181594e-05,0.0,-5.96966535376664e-05,0.0,6.226099114181594e-05,-6.226099114181594e-05,0.0,-5.96966535376664e-05,0.0,6.226099114181594e-05
hc2/confirm/motion_blur_5/order2/00004,hc2,confirm,34,motion_blur_5,order2,4,True,0.5034506992517647,0.6805194805194805,0.7402461766936731,0.5035003811397476,0.6805194805194805,0.740332522889334,0.5035003811397476,0.6805194805194805,0.740332522889334,4.968188798293305e-05,0.0,8.634619566094681e-05,4.968188798293305e-05,0.0,4.968188798293305e-05,0.0,8.634619566094681e-05,4.968188798293305e-05,0.0
hc2/confirm/motion_blur_5/order2/00005,hc2,confirm,36,motion_blur_5,order2,5,False,0.16074125821024793,0.35390946502057613,0.4561583843042886,0.1601103605794893,0.35390946502057613,0.4543959517199568,0.1601103605794893,0.35390946502057613,0.4543959517199568,-0.0006308976307586311,0.0,-0.0017624325843318411,0.0,0.0006308976307586311,-0.0006308976307586311,0.0,-0.0017624325843318411,0.0,0.0006308976307586311
hc2/confirm/motion_blur_5/order2/00006,hc2,confirm,42,motion_blur_5,order2,6,False,0.14427026299878146,0.6368715083798883,0.22857061814969248,0.14337165489612327,0.6368715083798883,0.22716939343140696,0.14337165489612327,0.6368715083798883,0.22716939343140696,-0.0008986081026581827,0.0,-0.0014012247182855209,0.0,0.0008986081026581827,-0.0008986081026581827,0.0,-0.0014012247182855209,0.0,0.0008986081026581827
hc2/confirm/motion_blur_5/order2/00007,hc2,confirm,33,motion_blur_5,order2,7,False,0.4427864210248183,0.7911764705882353,0.583410025185948,0.4427354280166224,0.7911764705882353,0.5833248475089499,0.4427354280166224,0.7911764705882353,0.5833248475089499,-5.099300819588759e-05,0.0,-8.517767699811607e-05,0.0,5.099300819588759e-05,-5.099300819588759e-05,0.0,-8.517767699811607e-05,0.0,5.099300819588759e-05
hc2/confirm/motion_blur_5/order2/00008,hc2,confirm,41,motion_blur_5,order2,8,True,0.5494911844891555,0.8423236514522822,0.6544036953483751,0.5497277753351602,0.8423236514522822,0.6546834438568477,0.5497277753351602,0.8423236514522822,0.6546834438568477,0.0002365908460046917,0.0,0.00027974850847267696,0.0002365908460046917,0.0,0.0002365908460046917,0.0,0.00027974850847267696,0.0002365908460046917,0.0
hc2/confirm/motion_blur_5/order2/00009,hc2,confirm,47,motion_blur_5,order2,9,False,0.20802552199317081,0.31054131054131057,0.6956467220565773,0.20790863422966702,0.31054131054131057,0.6952030910007377,0.20790863422966702,0.31054131054131057,0.6952030910007377,-0.00011688776350379793,0.0,-0.0004436310558395551,0.0,0.00011688776350379793,-0.00011688776350379793,0.0,-0.0004436310558395551,0.0,0.00011688776350379793
hc2/confirm/motion_blur_5/order2/00010,hc2,confirm,37,motion_blur_5,order2,10,False,0.007212309539425743,0.3194888178913738,0.022351018671685718,0.007639727675460459,0.3194888178913738,0.023675591707120035,0.007639727675460459,0.3194888178913738,0.023675591707120035,0.0004274181360347162,0.0,0.0013245730354343177,0.0004274181360347162,0.0,0.0004274181360347162,0.0,0.0013245730354343177,0.0004274181360347162,0.0
hc2/confirm/motion_blur_5/order2/00011,hc2,confirm,39,motion_blur_5,order2,11,False,0.0064521826201208035,0.8097345132743363,0.007924963435583162,0.006266139306744366,0.8097345132743363,0.007696453713718623,0.006266139306744366,0.8097345132743363,0.007696453713718623,-0.00018604331337643797,0.0,-0.00022850972186453863,0.0,0.00018604331337643797,-0.00018604331337643797,0.0,-0.00022850972186453863,0.0,0.00018604331337643797
hc2/confirm/motion_blur_5/order2/00012,hc2,confirm,44,motion_blur_5,order2,12,True,0.21117210619536478,0.88,0.232518068940207,0.20537610905120174,0.88,0.2197611605860542,0.20537610905120174,0.88,0.2197611605860542,-0.00579599714416304,0.0,-0.012756908354152802,0.0,0.00579599714416304,-0.00579599714416304,0.0,-0.012756908354152802,0.0,0.00579599714416304
hc2/confirm/motion_blur_5/order2/00013,hc2,confirm,32,motion_blur_5,order2,13,False,0.11122231974302986,0.26666666666666666,0.334600422173866,0.12492557087307544,0.26666666666666666,0.3774839979100787,0.12492557087307544,0.26666666666666666,0.3774839979100787,0.013703251130045585,0.0,0.04288357573621271,0.013703251130045585,0.0,0.013703251130045585,0.0,0.04288357573621271,0.013703251130045585,0.0
hc2/confirm/motion_blur_5/order2/00014,hc2,confirm,45,motion_blur_5,order2,14,False,6.644213863535917e-05,0.3617021276595745,0.00018235214691164267,0.0,0.3617021276595745,0.0,0.0,0.3617021276595745,0.0,-6.644213863535917e-05,0.0,-0.00018235214691164267,0.0,6.644213863535917e-05,-6.644213863535917e-05,0.0,-0.00018235214691164267,0.0,6.644213863535917e-05
hc2/confirm/motion_blur_5/order2/00015,hc2,confirm,35,motion_blur_5,order2,15,False,0.4536060805362419,0.6473988439306358,0.7018995791580702,0.4528732588725934,0.6473988439306358,0.7007618702912953,0.4528732588725934,0.6473988439306358,0.7007618702912953,-0.0007328216636485196,0.0,-0.0011377088667748891,0.0,0.0007328216636485196,-0.0007328216636485196,0.0,-0.0011377088667748891,0.0,0.0007328216636485196
hc2/confirm/occlusion_5/order1/00000,hc2,confirm,33,occlusion_5,order1,0,True,0.47995124733290057,0.8469656992084432,0.568746542487432,0.47995124733290057,0.8469656992084432,0.568746542487432,0.47995124733290057,0.8469656992084432,0.568746542487432,0.0,0.0,0.0,0.0,-0.0,0.0,0.0,0.0,0.0,-0.0
hc2/confirm/occlusion_5/order1/00001,hc2,confirm,45,occlusion_5,order1,1,False,0.0,0.422360248447205,0.0,0.0,0.422360248447205,0.0,0.0,0.422360248447205,0.0,0.0,0.0,0.0,0.0,-0.0,0.0,0.0,0.0,0.0,-0.0
hc2/confirm/occlusion_5/order1/00002,hc2,confirm,46,occlusion_5,order1,2,False,0.4788465232280606,0.7598039215686274,0.6304301128886831,0.4786961800163857,0.7598039215686274,0.630231953186223,0.4786961800163857,0.7598039215686274,0.630231953186223,-0.00015034321167489706,0.0,-0.00019815970246006565,0.0,0.00015034321167489706,-0.00015034321167489706,0.0,-0.00019815970246006565,0.0,0.00015034321167489706
hc2/confirm/occlusion_5/order1/00003,hc2,confirm,43,occlusion_5,order1,3,False,0.2894076599438449,0.7142857142857143,0.39972013072382634,0.2902528652180289,0.7142857142857143,0.4009975800766125,0.2902528652180289,0.7142857142857143,0.4009975800766125,0.0008452052741840244,0.0,0.0012774493527861752,0.0008452052741840244,0.0,0.0008452052741840244,0.0,0.0012774493527861752,0.0008452052741840244,0.0
hc2/confirm/occlusion_5/order1/00004,hc2,confirm,47,occlusion_5,order1,4,True,0.23753136278339837,0.34935897435897434,0.6982643348019042,0.2377183555029505,0.34935897435897434,0.6987395546126384,0.2377183555029505,0.34935897435897434,0.6987395546126384,0.00018699271955213703,0.0,0.0004752198107341732,0.00018699271955213703,0.0,0.00018699271955213703,0.0,0.0004752198107341732,0.00018699271955213703,0.0
hc2/confirm/occlusion_5/order1/00005,hc2,confirm,37,occlusion_5,order1,5,False,0.008240233887413887,0.26595744680851063,0.030676514273936847,0.005562929083262479,0.26595744680851063,0.020709518171353386,0.005562929083262479,0.26595744680851063,0.020709518171353386,-0.002677304804151408,0.0,-0.009966996102583461,0.0,0.002677304804151408,-0.002677304804151408,0.0,-0.009966996102583461,0.0,0.002677304804151408
hc2/confirm/occlusion_5/order1/00006,hc2,confirm,41,occlusion_5,order1,6,False,0.4666495966848323,0.7,0.6834736050331321,0.4647829660577482,0.7,0.6810705188315798,0.4647829660577482,0.7,0.6810705188315798,-0.0018666306270840871,0.0,-0.0024030862015523846,0.0,0.0018666306270840871,-0.0018666306270840871,0.0,-0.0024030862015523846,0.0,0.0018666306270840871
hc2/confirm/occlusion_5/order1/00007,hc2,confirm,35,occlusion_5,order1,7,False,0.43631624751423986,0.6473988439306358,0.6752854590641283,0.43577774764092275,0.6473988439306358,0.6744513742310879,0.43577774764092275,0.6473988439306358,0.6744513742310879,-0.0005384998733171109,0.0,-0.0008340848330403716,0.0,0.0005384998733171109,-0.0005384998733171109,0.0,-0.0008340848330403716,0.0,0.0005384998733171109
hc2/confirm/occlusion_5/order1/00008,hc2,confirm,42,occlusion_5,order1,8,True,0.14415084046031654,0.6368715083798883,0.22854913197710355,0.14407609921417197,0.6368715083798883,0.2284316308130418,0.14407609921417197,0.6368715083798883,0.2284316308130418,-7.474124614456623e-05,0.0,-0.00011750116406175626,0.0,7.474124614456623e-05,-7.474124614456623e-05,0.0,-0.00011750116406175626,0.0,7.474124614456623e-05
hc2/confirm/occlusion_5/order1/00009,hc2,confirm,44,occlusion_5,order1,9,False,0.1973090864390106,0.83,0.212237648525909,0.21653168703999928,0.83,0.24320392818503778,0.21653168703999928,0.83,0.24320392818503778,0.019222600600988682,0.0,0.030966279659128765,0.019222600600988682,0.0,0.019222600600988682,0.0,0.030966279659128765,0.019222600600988682,0.0
hc2/confirm/occlusion_5/order1/00010,hc2,confirm,36,occlusion_5,order1,10,False,0.18159133445713152,0.3788546255506608,0.4812035840200146,0.18191963999931993,0.3788546255506608,0.48204688049444677,0.18191963999931993,0.3788546255506608,0.48204688049444677,0.00032830554218840624,0.0,0.0008432964744321536,0.00032830554218840624,0.0,0.00032830554218840624,0.0,0.0008432964744321536,0.00032830554218840624,0.0
hc2/confirm/occlusion_5/order1/00011,hc2,confirm,38,occlusion_5,order1,11,False,0.42503850350125655,0.5458333333333333,0.7787367823570778,0.4255344573670502,0.5458333333333333,0.7796462017802739,0.4255344573670502,0.5458333333333333,0.7796462017802739,0.0004959538657936524,0.0,0.0009094194231961117,0.0004959538657936524,0.0,0.0004959538657936524,0.0,0.0009094194231961117,0.0004959538657936524,0.0
hc2/confirm/occlusion_5/order1/00012,hc2,confirm,34,occlusion_5,order1,12,True,0.5075722567855169,0.6805194805194805,0.7466868054364028,0.5077710145838892,0.6805194805194805,0.7472167007346808,0.5077710145838892,0.6805194805194805,0.7472167007346808,0.00019875779837230656,0.0,0.0005298952982780714,0.00019875779837230656,0.0,0.00019875779837230656,0.0,0.0005298952982780714,0.00019875779837230656,0.0
hc2/confirm/occlusion_5/order1/00013,hc2,confirm,40,occlusion_5,order1,13,False,0.34098664939122825,0.5568862275449101,0.6634969448750175,0.3408418775341211,0.5568862275449101,0.6631212564089873,0.3408418775341211,0.5568862275449101,0.6631212564089873,-0.00014477185710715101,0.0,-0.00037568846603019956,0.0,0.00014477185710715101,-0.00014477185710715101,0.0,-0.00037568846603019956,0.0,0.00014477185710715101
hc2/confirm/occlusion_5/order1/00014,hc2,confirm,39,occlusion_5,order1,14,False,0.02494970455602863,0.8840579710144928,0.028068417625532204,0.024310031536995052,0.8840579710144928,0.027348785479119432,0.024310031536995052,0.8840579710144928,0.027348785479119432,-0.0006396730190335771,0.0,-0.0007196321464127721,0.0,0.0006396730190335771,-0.0006396730190335771,0.0,-0.0007196321464127721,0.0,0.0006396730190335771
hc2/confirm/occlusion_5/order1/00015,hc2,confirm,32,occlusion_5,order1,15,False,0.13416897333478753,0.3372093023255814,0.33900575396703947,0.13514832318227074,0.3372093023255814,0.3408859669069736,0.13514832318227074,0.3372093023255814,0.3408859669069736,0.000979349847483213,0.0,0.0018802129399341228,0.000979349847483213,0.0,0.000979349847483213,0.0,0.0018802129399341228,0.000979349847483213,0.0
hc2/confirm/occlusion_5/order2/00000,hc2,confirm,43,occlusion_5,order2,0,True,0.27945537590619035,0.6390977443609023,0.4130869047081356,0.27945537590619035,0.6390977443609023,0.4130869047081356,0.27945537590619035,0.6390977443609023,0.4130869047081356,0.0,0.0,0.0,0.0,-0.0,0.0,0.0,0.0,0.0,-0.0
hc2/confirm/occlusion_5/order2/00001,hc2,confirm,46,occlusion_5,order2,1,False,0.47175968545074476,0.7598039215686274,0.6213207508808674,0.4718813703999359,0.7598039215686274,0.6214787617705132,0.4718813703999359,0.7598039215686274,0.6214787617705132,0.00012168494919112538,0.0,0.0001580108896458432,0.00012168494919112538,0.0,0.00012168494919112538,0.0,0.0001580108896458432,0.00012168494919112538,0.0
hc2/confirm/occlusion_5/order2/00002,hc2,confirm,38,occlusion_5,order2,2,False,0.4165192773985914,0.5458333333333333,0.7630928073846326,0.416433077149361,0.5458333333333333,0.7629354051681705,0.416433077149361,0.5458333333333333,0.7629354051681705,-8.620024923039482e-05,0.0,-0.00015740221646209918,0.0,8.620024923039482e-05,-8.620024923039482e-05,0.0,-0.00015740221646209918,0.0,8.620024923039482e-05
hc2/confirm/occlusion_5/order2/00003,hc2,confirm,40,occlusion_5,order2,3,False,0.34206371654789636,0.5568862275449101,0.6652458930628816,0.3420151826415474,0.5568862275449101,0.6651595927322442,0.3420151826415474,0.5568862275449101,0.6651595927322442,-4.85339063489576e-05,0.0,-8.630033063738995e-05,0.0,4.85339063489576e-05,-4.85339063489576e-05,0.0,-8.630033063738995e-05,0.0,4.85339063489576e-05
hc2/confirm/occlusion_5/order2/00004,hc2,confirm,34,occlusion_5,order2,4,True,0.5037761187146057,0.6805194805194805,0.7407651744978639,0.5037825481175571,0.6805194805194805,0.7407865740284127,0.5037825481175571,0.6805194805194805,0.7407865740284127,6.4294029513689566e-06,0.0,2.1399530548804613e-05,6.4294029513689566e-06,0.0,6.4294029513689566e-06,0.0,2.1399530548804613e-05,6.4294029513689566e-06,0.0
hc2/confirm/occlusion_5/order2/00005,hc2,confirm,36,occlusion_5,order2,5,False,0.1724257500500756,0.3788546255506608,0.4570793270259855,0.1718420063724406,0.3788546255506608,0.45555490915175606,0.1718420063724406,0.3788546255506608,0.45555490915175606,-0.0005837436776350013,0.0,-0.0015244178742294667,0.0,0.0005837436776350013,-0.0005837436776350013,0.0,-0.0015244178742294667,0.0,0.0005837436776350013
hc2/confirm/occlusion_5/order2/00006,hc2,confirm,42,occlusion_5,order2,6,False,0.1528982831027136,0.6705882352941176,0.2300373867176861,0.15208750509228774,0.6705882352941176,0.2288368089942716,0.15208750509228774,0.6705882352941176,0.2288368089942716,-0.0008107780104258666,0.0,-0.0012005777234144754,0.0,0.0008107780104258666,-0.0008107780104258666,0.0,-0.0012005777234144754,0.0,0.0008107780104258666
hc2/confirm/occlusion_5/order2/00007,hc2,confirm,33,occlusion_5,order2,7,False,0.48412443019757656,0.8660714285714286,0.5660696537750913,0.48405389923252684,0.8660714285714286,0.5660155521987179,0.48405389923252684,0.8660714285714286,0.5660155521987179,-7.05309650497199e-05,0.0,-5.4101576373422056e-05,0.0,7.05309650497199e-05,-7.05309650497199e-05,0.0,-5.4101576373422056e-05,0.0,7.05309650497199e-05
hc2/confirm/occlusion_5/order2/00008,hc2,confirm,41,occlusion_5,order2,8,True,0.5496660255728406,0.8423236514522822,0.6546031362875563,0.5496368000279038,0.8423236514522822,0.6545673167469903,0.5496368000279038,0.8423236514522822,0.6545673167469903,-2.9225544936783976e-05,0.0,-3.581954056597336e-05,0.0,2.9225544936783976e-05,-2.9225544936783976e-05,0.0,-3.581954056597336e-05,0.0,2.9225544936783976e-05
hc2/confirm/occlusion_5/order2/00009,hc2,confirm,47,occlusion_5,order2,9,False,0.22215825924436078,0.3253731343283582,0.7040618283234373,0.22200062147305424,0.3253731343283582,0.7035553258584878,0.22200062147305424,0.3253731343283582,0.7035553258584878,-0.00015763777130653467,0.0,-0.0005065024649495431,0.0,0.00015763777130653467,-0.00015763777130653467,0.0,-0.0005065024649495431,0.0,0.00015763777130653467
hc2/confirm/occlusion_5/order2/00010,hc2,confirm,37,occlusion_5,order2,10,False,0.006101096195772071,0.26595744680851063,0.02271299177831979,0.006416422343165884,0.26595744680851063,0.0238868792181225,0.006416422343165884,0.26595744680851063,0.0238868792181225,0.0003153261473938136,0.0,0.00117388743980271,0.0003153261473938136,0.0,0.0003153261473938136,0.0,0.00117388743980271,0.0003153261473938136,0.0
hc2/confirm/occlusion_5/order2/00011,hc2,confirm,39,occlusion_5,order2,11,False,0.023050547267433552,0.8840579710144928,0.025931865675862746,0.023121433959581307,0.8840579710144928,0.026011613204528973,0.023121433959581307,0.8840579710144928,0.026011613204528973,7.088669214775495e-05,0.0,7.974752866622692e-05,7.088669214775495e-05,0.0,7.088669214775495e-05,0.0,7.974752866622692e-05,7.088669214775495e-05,0.0
hc2/confirm/occlusion_5/order2/00012,hc2,confirm,44,occlusion_5,order2,12,True,0.21599042966086632,0.88,0.2415927294608345,0.2129032756361387,0.88,0.23448729633489185,0.2129032756361387,0.88,0.23448729633489185,-0.0030871540247276175,0.0,-0.0071054331259426395,0.0,0.0030871540247276175,-0.0030871540247276175,0.0,-0.0071054331259426395,0.0,0.0030871540247276175
hc2/confirm/occlusion_5/order2/00013,hc2,confirm,32,occlusion_5,order2,13,False,0.14550859864591317,0.3372093023255814,0.35892688181158156,0.1402099630490292,0.3372093023255814,0.34737701853687536,0.1402099630490292,0.3372093023255814,0.34737701853687536,-0.005298635596883983,0.0,-0.011549863274706196,0.0,0.005298635596883983,-0.005298635596883983,0.0,-0.011549863274706196,0.0,0.005298635596883983
hc2/confirm/occlusion_5/order2/00014,hc2,confirm,45,occlusion_5,order2,14,False,0.00019760721660261175,0.422360248447205,0.0004644490784382554,0.0,0.422360248447205,0.0,0.0,0.422360248447205,0.0,-0.00019760721660261175,0.0,-0.0004644490784382554,0.0,0.00019760721660261175,-0.00019760721660261175,0.0,-0.0004644490784382554,0.0,0.00019760721660261175
hc2/confirm/occlusion_5/order2/00015,hc2,confirm,35,occlusion_5,order2,15,False,0.44338852962987524,0.6473988439306358,0.6862329773572006,0.44247089184495514,0.6473988439306358,0.6848109909323326,0.44247089184495514,0.6473988439306358,0.6848109909323326,-0.0009176377849201001,0.0,-0.0014219864248680159,0.0,0.0009176377849201001,-0.0009176377849201001,0.0,-0.0014219864248680159,0.0,0.0009176377849201001
hc2/confirm/exposure_5/order1/00000,hc2,confirm,33,exposure_5,order1,0,True,0.491976330111642,0.8629032258064516,0.5720607579561815,0.491976330111642,0.8629032258064516,0.5720607579561815,0.491976330111642,0.8629032258064516,0.5720607579561815,0.0,0.0,0.0,0.0,-0.0,0.0,0.0,0.0,0.0,-0.0
hc2/confirm/exposure_5/order1/00001,hc2,confirm,45,exposure_5,order1,1,False,0.0,0.422360248447205,0.0,0.0,0.422360248447205,0.0,0.0,0.422360248447205,0.0,0.0,0.0,0.0,0.0,-0.0,0.0,0.0,0.0,0.0,-0.0
hc2/confirm/exposure_5/order1/00002,hc2,confirm,46,exposure_5,order1,2,False,0.32761606237568136,0.5201342281879194,0.6300775542239427,0.3274236035023304,0.5201342281879194,0.6297085586045595,0.3274236035023304,0.5201342281879194,0.6297085586045595,-0.00019245887335095357,0.0,-0.0003689956193831945,0.0,0.00019245887335095357,-0.00019245887335095357,0.0,-0.0003689956193831945,0.0,0.00019245887335095357
hc2/confirm/exposure_5/order1/00003,hc2,confirm,43,exposure_5,order1,3,False,0.30340887721222454,0.7518796992481203,0.3981559766917233,0.3043832561630086,0.7518796992481203,0.399502439906782,0.3043832561630086,0.7518796992481203,0.399502439906782,0.0009743789507840606,0.0,0.001346463215058713,0.0009743789507840606,0.0,0.0009743789507840606,0.0,0.001346463215058713,0.0009743789507840606,0.0
hc2/confirm/exposure_5/order1/00004,hc2,confirm,47,exposure_5,order1,4,True,0.23971355752868198,0.34935897435897434,0.6996148319513869,0.23985855884918933,0.34935897435897434,0.7020460495205609,0.23985855884918933,0.34935897435897434,0.7020460495205609,0.0001450013205073486,0.0,0.0024312175691740823,0.0001450013205073486,0.0,0.0001450013205073486,0.0,0.0024312175691740823,0.0001450013205073486,0.0
hc2/confirm/exposure_5/order1/00005,hc2,confirm,37,exposure_5,order1,5,False,0.007609030571129527,0.3194888178913738,0.02358046107686675,0.006875785676680256,0.3194888178913738,0.021308127889118022,0.006875785676680256,0.3194888178913738,0.021308127889118022,-0.0007332448944492708,0.0,-0.0022723331877487277,0.0,0.0007332448944492708,-0.0007332448944492708,0.0,-0.0022723331877487277,0.0,0.0007332448944492708
hc2/confirm/exposure_5/order1/00006,hc2,confirm,41,exposure_5,order1,6,False,0.472419212988772,0.7,0.6907953383088453,0.4727084706813652,0.7,0.6911712727219916,0.4727084706813652,0.7,0.6911712727219916,0.00028925769259319223,0.0,0.00037593441314631715,0.00028925769259319223,0.0,0.00028925769259319223,0.0,0.00037593441314631715,0.00028925769259319223,0.0
hc2/confirm/exposure_5/order1/00007,hc2,confirm,35,exposure_5,order1,7,False,0.43741813578776684,0.6473988439306358,0.6769915936059617,0.4373547388637095,0.6473988439306358,0.6768907334336641,0.4373547388637095,0.6473988439306358,0.6768907334336641,-6.3396924057324e-05,0.0,-0.00010086017229760103,0.0,6.3396924057324e-05,-6.3396924057324e-05,0.0,-0.00010086017229760103,0.0,6.3396924057324e-05
hc2/confirm/exposure_5/order1/00008,hc2,confirm,42,exposure_5,order1,8,True,0.1184244742492316,0.5253456221198156,0.22762282514479615,0.11834562117550519,0.5253456221198156,0.22747135494565446,0.11834562117550519,0.5253456221198156,0.22747135494565446,-7.885307372640371e-05,0.0,-0.00015147019914169002,0.0,7.885307372640371e-05,-7.885307372640371e-05,0.0,-0.00015147019914169002,0.0,7.885307372640371e-05
hc2/confirm/exposure_5/order1/00009,hc2,confirm,44,exposure_5,order1,9,False,0.1703468119970737,0.8571428571428571,0.20501270624629422,0.22131690648520422,0.8571428571428571,0.2481999129004939,0.22131690648520422,0.8571428571428571,0.2481999129004939,0.05097009448813053,0.0,0.04318720665419967,0.05097009448813053,0.0,0.05097009448813053,0.0,0.04318720665419967,0.05097009448813053,0.0
hc2/confirm/exposure_5/order1/00010,hc2,confirm,36,exposure_5,order1,10,False,0.16305502138891587,0.3788546255506608,0.4328767888619457,0.16301532409487174,0.3788546255506608,0.4327748344909233,0.16301532409487174,0.3788546255506608,0.4327748344909233,-3.9697294044127585e-05,0.0,-0.00010195437102239469,0.0,3.9697294044127585e-05,-3.9697294044127585e-05,0.0,-0.00010195437102239469,0.0,3.9697294044127585e-05
hc2/confirm/exposure_5/order1/00011,hc2,confirm,38,exposure_5,order1,11,False,0.434956377818331,0.5683297180043384,0.7654031324590926,0.43465909645248624,0.5683297180043384,0.7648806734650809,0.43465909645248624,0.5683297180043384,0.7648806734650809,-0.0002972813658447815,0.0,-0.0005224589940117097,0.0,0.0002972813658447815,-0.0002972813658447815,0.0,-0.0005224589940117097,0.0,0.0002972813658447815
hc2/confirm/exposure_5/order1/00012,hc2,confirm,34,exposure_5,order1,12,True,0.45566515509693034,0.6134663341645885,0.7430235670644474,0.45499886151772184,0.6134663341645885,0.7419350195702559,0.45499886151772184,0.6134663341645885,0.7419350195702559,-0.000666293579208499,0.0,-0.0010885474941915163,0.0,0.000666293579208499,-0.000666293579208499,0.0,-0.0010885474941915163,0.0,0.000666293579208499
hc2/confirm/exposure_5/order1/00013,hc2,confirm,40,exposure_5,order1,13,False,0.39594281493456884,0.6320754716981132,0.672325631009302,0.3959145603969512,0.6320754716981132,0.6722489937445865,0.3959145603969512,0.6320754716981132,0.6722489937445865,-2.825453761762242e-05,0.0,-7.66372647155178e-05,0.0,2.825453761762242e-05,-2.825453761762242e-05,0.0,-7.66372647155178e-05,0.0,2.825453761762242e-05
hc2/confirm/exposure_5/order1/00014,hc2,confirm,39,exposure_5,order1,14,False,0.007080844719466459,0.8840579710144928,0.007965950309399766,0.006767639200651466,0.8840579710144928,0.007613594100732899,0.006767639200651466,0.8840579710144928,0.007613594100732899,-0.00031320551881499313,0.0,-0.0003523562086668666,0.0,0.00031320551881499313,-0.00031320551881499313,0.0,-0.0003523562086668666,0.0,0.00031320551881499313
hc2/confirm/exposure_5/order1/00015,hc2,confirm,32,exposure_5,order1,15,False,0.14578890336302555,0.3372093023255814,0.3633594242889855,0.15009025019122488,0.3372093023255814,0.3722903041364198,0.15009025019122488,0.3372093023255814,0.3722903041364198,0.004301346828199326,0.0,0.008930879847434292,0.004301346828199326,0.0,0.004301346828199326,0.0,0.008930879847434292,0.004301346828199326,0.0
hc2/confirm/exposure_5/order2/00000,hc2,confirm,43,exposure_5,order2,0,True,0.36299344045777177,0.875,0.41101140125651536,0.36299344045777177,0.875,0.41101140125651536,0.36299344045777177,0.875,0.41101140125651536,0.0,0.0,0.0,0.0,-0.0,0.0,0.0,0.0,0.0,-0.0
hc2/confirm/exposure_5/order2/00001,hc2,confirm,46,exposure_5,order2,1,False,0.32252629422301504,0.5201342281879194,0.6205094034838284,0.3226986231691834,0.5201342281879194,0.6208380027518212,0.3226986231691834,0.5201342281879194,0.6208380027518212,0.00017232894616836525,0.0,0.0003285992679927796,0.00017232894616836525,0.0,0.00017232894616836525,0.0,0.0003285992679927796,0.00017232894616836525,0.0
hc2/confirm/exposure_5/order2/00002,hc2,confirm,38,exposure_5,order2,2,False,0.42659731669437667,0.5683297180043384,0.7506689170431271,0.42650534772805143,0.5683297180043384,0.7505077811283186,0.42650534772805143,0.5683297180043384,0.7505077811283186,-9.196896632523988e-05,0.0,-0.00016113591480848566,0.0,9.196896632523988e-05,-9.196896632523988e-05,0.0,-0.00016113591480848566,0.0,9.196896632523988e-05
hc2/confirm/exposure_5/order2/00003,hc2,confirm,40,exposure_5,order2,3,False,0.3970875537498289,0.6320754716981132,0.6743367700515668,0.39701674781340207,0.6320754716981132,0.6743414465921655,0.39701674781340207,0.6320754716981132,0.6743414465921655,-7.080593642683208e-05,0.0,4.676540598769208e-06,0.0,7.080593642683208e-05,-7.080593642683208e-05,0.0,4.676540598769208e-06,0.0,7.080593642683208e-05
hc2/confirm/exposure_5/order2/00004,hc2,confirm,34,exposure_5,order2,4,True,0.4540308121599101,0.6134663341645885,0.7404581878094376,0.45409539019991746,0.6134663341645885,0.7405772131514647,0.45409539019991746,0.6134663341645885,0.7405772131514647,6.457804000736811e-05,0.0,0.00011902534202712367,6.457804000736811e-05,0.0,6.457804000736811e-05,0.0,0.00011902534202712367,6.457804000736811e-05,0.0
hc2/confirm/exposure_5/order2/00005,hc2,confirm,36,exposure_5,order2,5,False,0.15042821000378273,0.3788546255506608,0.399683770399794,0.15177048781535377,0.3788546255506608,0.40318710736346036,0.15177048781535377,0.3788546255506608,0.40318710736346036,0.0013422778115710354,0.0,0.003503336963666337,0.0013422778115710354,0.0,0.0013422778115710354,0.0,0.003503336963666337,0.0013422778115710354,0.0
hc2/confirm/exposure_5/order2/00006,hc2,confirm,42,exposure_5,order2,6,False,0.14395235984596302,0.6368715083798883,0.2280728562666437,0.14297257730564514,0.6368715083798883,0.22654513133384363,0.14297257730564514,0.6368715083798883,0.22654513133384363,-0.0009797825403178861,0.0,-0.0015277249328000675,0.0,0.0009797825403178861,-0.0009797825403178861,0.0,-0.0015277249328000675,0.0,0.0009797825403178861
hc2/confirm/exposure_5/order2/00007,hc2,confirm,33,exposure_5,order2,7,False,0.48652904845782513,0.8660714285714286,0.5701011073405678,0.4866305527057466,0.8660714285714286,0.5702593118772816,0.4866305527057466,0.8660714285714286,0.5702593118772816,0.00010150424792149115,0.0,0.00015820453671377965,0.00010150424792149115,0.0,0.00010150424792149115,0.0,0.00015820453671377965,0.00010150424792149115,0.0
hc2/confirm/exposure_5/order2/00008,hc2,confirm,41,exposure_5,order2,8,True,0.6380682712978609,0.9666666666666667,0.6540237730853459,0.6387182178486583,0.9666666666666667,0.654692799185233,0.6387182178486583,0.9666666666666667,0.654692799185233,0.00064994655079742,0.0,0.0006690260998871711,0.00064994655079742,0.0,0.00064994655079742,0.0,0.0006690260998871711,0.00064994655079742,0.0
hc2/confirm/exposure_5/order2/00009,hc2,confirm,47,exposure_5,order2,9,False,0.22317929874533105,0.3253731343283582,0.7075450058817926,0.22288371258711617,0.3253731343283582,0.7059708505105641,0.22288371258711617,0.3253731343283582,0.7059708505105641,-0.0002955861582148722,0.0,-0.001574155371228514,0.0,0.0002955861582148722,-0.0002955861582148722,0.0,-0.001574155371228514,0.0,0.0002955861582148722
hc2/confirm/exposure_5/order2/00010,hc2,confirm,37,exposure_5,order2,10,False,0.00720876546571898,0.3194888178913738,0.02234003555217862,0.007656137252564937,0.3194888178913738,0.023726445149037875,0.007656137252564937,0.3194888178913738,0.023726445149037875,0.00044737178684595754,0.0,0.0013864095968592546,0.00044737178684595754,0.0,0.00044737178684595754,0.0,0.0013864095968592546,0.00044737178684595754,0.0
hc2/confirm/exposure_5/order2/00011,hc2,confirm,39,exposure_5,order2,11,False,0.006523040672742146,0.8840579710144928,0.007338420756834913,0.006750962188853949,0.8840579710144928,0.007594832462460692,0.006750962188853949,0.8840579710144928,0.007594832462460692,0.00022792151611180332,0.0,0.00025641170562577895,0.00022792151611180332,0.0,0.00022792151611180332,0.0,0.00025641170562577895,0.00022792151611180332,0.0
hc2/confirm/exposure_5/order2/00012,hc2,confirm,44,exposure_5,order2,12,True,0.23733255684593357,0.9411764705882353,0.2412749581224441,0.23490198199231724,0.9411764705882353,0.2397873755177157,0.23490198199231724,0.9411764705882353,0.2397873755177157,-0.002430574853616335,0.0,-0.0014875826047283935,0.0,0.002430574853616335,-0.002430574853616335,0.0,-0.0014875826047283935,0.0,0.002430574853616335
hc2/confirm/exposure_5/order2/00013,hc2,confirm,32,exposure_5,order2,13,False,0.14201853967756292,0.3372093023255814,0.35170019012609305,0.15322967115946692,0.3372093023255814,0.37462620431932286,0.15322967115946692,0.3372093023255814,0.37462620431932286,0.011211131481904002,0.0,0.022926014193229816,0.011211131481904002,0.0,0.011211131481904002,0.0,0.022926014193229816,0.011211131481904002,0.0
hc2/confirm/exposure_5/order2/00014,hc2,confirm,45,exposure_5,order2,14,False,7.708854406123678e-05,0.422360248447205,0.00018118621304903827,0.0,0.422360248447205,0.0,0.0,0.422360248447205,0.0,-7.708854406123678e-05,0.0,-0.00018118621304903827,0.0,7.708854406123678e-05,-7.708854406123678e-05,0.0,-0.00018118621304903827,0.0,7.708854406123678e-05
hc2/confirm/exposure_5/order2/00015,hc2,confirm,35,exposure_5,order2,15,False,0.44304919058751696,0.6473988439306358,0.6857084095762003,0.4427338036070881,0.6473988439306358,0.6852200554043236,0.4427338036070881,0.6473988439306358,0.6852200554043236,-0.0003153869804288778,0.0,-0.0004883541718766482,0.0,0.0003153869804288778,-0.0003153869804288778,0.0,-0.0004883541718766482,0.0,0.0003153869804288778
