parent,order,condition,arrival,expert_scheduled,quartile,query_type,updated,drift,Frozen_m_tIoU,Frozen_m_vIoU,Frozen_vIoU@0.3,Frozen_vIoU@0.5,Frozen_sIoU_dense_GT,Frozen_sIoU_sampled,Frozen_vIoU_sampled,Ours_m_tIoU,Ours_m_vIoU,Ours_vIoU@0.3,Ours_vIoU@0.5,Ours_sIoU_dense_GT,Ours_sIoU_sampled,Ours_vIoU_sampled,delta_m_tIoU,delta_m_vIoU,delta_vIoU@0.3,delta_vIoU@0.5,delta_sIoU_dense_GT,delta_sIoU_sampled,delta_vIoU_sampled
550,order1,clean,0,True,0,caption,True,0.008446701802313328,0.43902439024390244,0.24781743021071595,0.0,0.0,0.5666442747298434,0.5620458374224855,0.24525636542072093,0.43902439024390244,0.24781743021071595,0.0,0.0,0.5666442747298434,0.5620458374224855,0.24525636542072093,0.0,0.0,0.0,0.0,0.0,0.0,0.0
12,order1,clean,1,False,0,question,False,0.008446701802313328,0.29545454545454547,0.14681308613353952,0.0,0.0,0.4924347845276226,0.48827441602804156,0.1462036849223001,0.29545454545454547,0.14690093631507342,0.0,0.0,0.49265947928229614,0.48849636935987417,0.1462873674846466,0.0,8.785018153389945e-05,0.0,0.0,0.00022469475467351563,0.0002219533318326139,8.368256234650429e-05
24,order1,clean,2,False,0,caption,False,0.008446701802313328,0.36283185840707965,0.34507760569431395,1.0,0.0,0.9206334003266303,0.9157627667546605,0.35418920334885035,0.36283185840707965,0.34508407312066536,1.0,0.0,0.9207061045570849,0.9158431620682883,0.35420413010794216,0.0,6.467426351408623e-06,0.0,0.0,7.270423045457886e-05,8.039531362780128e-05,1.4926759091815622e-05
41,order1,clean,3,False,0,caption,False,0.008446701802313328,0.0,0.0,0.0,0.0,0.21969643583269244,0.2215582337824965,0.0,0.0,0.0,0.0,0.0,0.21962557685278644,0.22147107653238904,0.0,0.0,0.0,0.0,0.0,-7.085897990599666e-05,-8.715725010746689e-05,0.0
371,order1,clean,4,True,0,caption,True,0.019847925752401352,0.675,0.0002937924063547062,0.0,0.0,0.000427334409243209,0.0,0.0,0.8709677419354839,0.0003792500961039161,0.0,0.0,0.00042751829015350544,0.0,0.0,0.19596774193548383,8.545768974920989e-05,0.0,0.0,1.8388091029643066e-07,0.0,0.0
312,order1,clean,5,False,0,question,False,0.019847925752401352,0.6337962962962963,0.4064035139566178,1.0,0.0,0.6210699216420424,0.6220750434133869,0.40805515327717506,0.6337962962962963,0.40643188750432785,1.0,0.0,0.621121044511042,0.6221104430547572,0.40807106625678125,0.0,2.8373547710069946e-05,0.0,0.0,5.112286899955354e-05,3.539964137022622e-05,1.5912979606180766e-05
83,order1,clean,6,False,0,question,False,0.019847925752401352,0.6307692307692307,0.4812247330487694,1.0,0.0,0.7689046115236254,0.7673520770963299,0.4795932459159542,0.6307692307692307,0.4815980530633883,1.0,0.0,0.7694572454570172,0.7679045923878839,0.4799648683985999,0.0,0.0003733200146189275,0.0,0.0,0.0005526339333917774,0.0005525152915539788,0.00037162248264571707
582,order1,clean,7,False,0,question,False,0.019847925752401352,0.5507246376811594,0.39632022694542723,1.0,0.0,0.6752122384996168,0.7188264372158314,0.4062932036437308,0.5507246376811594,0.39642466603121457,1.0,0.0,0.675390171756884,0.7190128014368594,0.40639853994257275,0.0,0.00010443908578733341,0.0,0.0,0.00017793325726722653,0.00018636422102802364,0.0001053362988419626
1,order1,clean,8,True,0,caption,True,0.02410435862839222,0.7910447761194029,0.4288288730325635,1.0,0.0,0.53206545357744,0.5249160488714408,0.39368703665358057,0.6708860759493671,0.363066423682236,1.0,0.0,0.5311527309425305,0.5239489084068546,0.33682429826154936,-0.12015870017003583,-0.06576244935032749,0.0,0.0,-0.0009127226349094908,-0.0009671404645862358,-0.05686273839203121
562,order1,clean,9,False,0,caption,False,0.02410435862839222,0.3023255813953488,0.2038402634010472,0.0,0.0,0.6847041319925602,0.6652576401700446,0.21996561411288032,0.3023255813953488,0.20416294504643584,0.0,0.0,0.6859238211418003,0.6661040833710906,0.22019900243368376,0.0,0.0003226816453886505,0.0,0.0,0.0012196891492400885,0.0008464432010459877,0.0002333883208034404
180,order1,clean,10,False,0,question,False,0.02410435862839222,0.8137931034482758,0.0,0.0,0.0,0.0,0.0,0.0,0.8137931034482758,0.0,0.0,0.0,0.0,0.0,0.0,0.0,0.0,0.0,0.0,0.0,0.0,0.0
159,order1,clean,11,False,0,question,False,0.02410435862839222,0.0,0.0,0.0,0.0,0.04281797516185004,0.03783374893142454,0.0,0.0,0.0,0.0,0.0,0.03880825183320976,0.035328533051882056,0.0,0.0,0.0,0.0,0.0,-0.004009723328640281,-0.0025052158795424856,0.0
507,order1,clean,12,True,0,caption,True,0.05185746029019356,0.0,0.0,0.0,0.0,0.2554607755483817,0.29480708105114056,0.0,0.0,0.0,0.0,0.0,0.2580085213708781,0.29820653933382824,0.0,0.0,0.0,0.0,0.0,0.0025477458224963945,0.003399458282687673,0.0
143,order1,clean,13,False,0,caption,False,0.05185746029019356,0.0,0.0,0.0,0.0,0.6309845440236779,0.6304173341502299,0.0,0.0,0.0,0.0,0.0,0.6347723430769685,0.6341759532123622,0.0,0.0,0.0,0.0,0.0,0.0037877990532906303,0.0037586190621322624,0.0
171,order1,clean,14,False,0,question,False,0.05185746029019356,0.0,0.0,0.0,0.0,0.23443325201914245,0.24385776413581955,0.0,0.0,0.0,0.0,0.0,0.23528733231464882,0.24531946499381557,0.0,0.0,0.0,0.0,0.0,0.0008540802955063764,0.0014617008579960178,0.0
617,order1,clean,15,False,0,question,False,0.05185746029019356,0.9842105263157894,0.01864248549134384,0.0,0.0,0.01864248549134384,0.01941571894778582,0.01941571894778582,0.9842105263157894,0.01877562027755559,0.0,0.0,0.01877562027755559,0.019556313251409066,0.019556313251409066,0.0,0.0001331347862117485,0.0,0.0,0.0001331347862117485,0.00014059430362324543,0.00014059430362324543
3,order1,clean,16,True,1,caption,True,0.05185292288661003,0.0,0.0,0.0,0.0,0.050894170964146127,0.08921442851975057,0.0,0.0,0.0,0.0,0.0,0.05109887513791608,0.08923921546927109,0.0,0.0,0.0,0.0,0.0,0.00020470417376995675,2.4786949520516632e-05,0.0
332,order1,clean,17,False,1,caption,False,0.05185292288661003,0.20224719101123595,0.01958676959981985,0.0,0.0,0.034736707665167295,0.03321348308610125,0.019228858628795465,0.20224719101123595,0.019543960475339968,0.0,0.0,0.03465712847763165,0.033142051281697366,0.019187503373614266,0.0,-4.2809124479882554e-05,0.0,0.0,-7.957918753564303e-05,-7.143180440388752e-05,-4.135525518119895e-05
534,order1,clean,18,False,1,question,False,0.05185292288661003,0.6267605633802817,0.0,0.0,0.0,0.014490483908553706,0.02099608622553573,0.0,0.6267605633802817,0.0,0.0,0.0,0.014558903705168835,0.021127847261358846,0.0,0.0,0.0,0.0,0.0,6.841979661512815e-05,0.00013176103582311638,0.0
356,order1,clean,19,False,1,caption,False,0.05185292288661003,0.6051167964404894,0.0,0.0,0.0,0.0,0.0,0.0,0.6051167964404894,0.0,0.0,0.0,0.0,0.0,0.0,0.0,0.0,0.0,0.0,0.0,0.0,0.0
133,order1,clean,20,True,1,question,True,0.052666082978248596,0.6337817638266069,0.5449475846298645,1.0,1.0,0.8137987314650116,0.816959477109529,0.5503115844922347,0.260587942202292,0.1916572808515234,0.0,0.0,0.8141311961629843,0.8172830756087501,0.19473314094013575,-0.3731938216243149,-0.3532903037783411,-1.0,-1.0,0.00033246469797276745,0.0003235984992211449,-0.355578443552099
68,order1,clean,21,False,1,question,False,0.052666082978248596,0.703125,0.43848851129737815,1.0,0.0,0.6181989666769283,0.6166988943684355,0.44850828681340765,0.703125,0.44130396019134427,1.0,0.0,0.6221406184764801,0.6207217269298584,0.4514339832217152,0.0,0.0028154488939661215,0.0,0.0,0.003941651799551749,0.004022832561422884,0.002925696408307532
324,order1,clean,22,False,1,question,False,0.052666082978248596,0.16058394160583941,0.10157967240690323,0.0,0.0,0.6336312933160916,0.6250898207372443,0.10853223285425256,0.16058394160583941,0.10200316623041267,0.0,0.0,0.6361195444246671,0.6276260588876866,0.10898904922375206,0.0,0.0004234938235094382,0.0,0.0,0.0024882511085755343,0.0025362381504423492,0.0004568163694994992
642,order1,clean,23,False,1,question,False,0.052666082978248596,0.4623115577889447,0.023868259295317697,0.0,0.0,0.1079915230561473,0.11758705712602154,0.028875601266458037,0.4623115577889447,0.02107397523359181,0.0,0.0,0.10198297464712518,0.11149103584043363,0.02571023016187969,0.0,-0.002794284061725886,0.0,0.0,-0.006008548409022124,-0.006096021285587908,-0.003165371104578346
543,order1,clean,24,True,1,caption,True,0.05263211205601692,0.0,0.0,0.0,0.0,0.6403526708948329,0.6402049976067238,0.0,0.0,0.0,0.0,0.0,0.6403755158997709,0.6400383648758284,0.0,0.0,0.0,0.0,0.0,2.2845004937988023e-05,-0.00016663273089534414,0.0
567,order1,clean,25,False,1,caption,False,0.05263211205601692,0.8048780487804879,0.0,0.0,0.0,0.0,0.0,0.0,0.8048780487804879,0.0,0.0,0.0,0.0,0.0,0.0,0.0,0.0,0.0,0.0,0.0,0.0,0.0
40,order1,clean,26,False,1,caption,False,0.05263211205601692,0.9459459459459459,0.8322417576724406,1.0,1.0,0.8630071396289419,0.8800242307924381,0.8505297402873911,0.9459459459459459,0.833163018917822,1.0,1.0,0.8639600239611792,0.8810035393864779,0.8514853859750253,0.0,0.0009212612453813884,0.0,0.0,0.0009528843322372804,0.0009793085940398294,0.0009556456876341768
401,order1,clean,27,False,1,caption,False,0.05263211205601692,0.6296296296296297,0.3695570302137992,1.0,0.0,0.5915387576617288,0.5935141963655425,0.371394343086427,0.6296296296296297,0.3706610498106705,1.0,0.0,0.5933610973848151,0.5953470273409598,0.3725086141104667,0.0,0.0011040195968712863,0.0,0.0,0.0018223397230863192,0.00183283097541731,0.0011142710240397147
34,order1,clean,28,True,1,caption,True,0.05342717841267586,0.5294117647058824,0.4297109663974504,1.0,0.0,0.8057253225938951,0.8138113670903866,0.4451002827629635,0.5454545454545454,0.44449798969201604,1.0,0.0,0.8062916571597246,0.8143315699345149,0.4584247705880785,0.016042780748663055,0.01478702329456566,0.0,0.0,0.0005663345658295516,0.0005202028441283479,0.013324487825115028
485,order1,clean,29,False,1,question,False,0.05342717841267586,0.8975308641975308,0.34533516398119357,1.0,0.0,0.39732898862743005,0.3935356203219111,0.34630919999931126,0.8975308641975308,0.3474252491774109,1.0,0.0,0.3996862880902405,0.3959344897461986,0.34847099928383696,0.0,0.0020900851962173395,0.0,0.0,0.002357299462810436,0.0023988694242875197,0.0021617992845257006
377,order1,clean,30,False,1,caption,False,0.05342717841267586,0.07586206896551724,0.04011851935766786,0.0,0.0,0.4645020234850833,0.45598078119633545,0.04114794715320314,0.07586206896551724,0.040082403517100365,0.0,0.0,0.46451377260661386,0.45482063137609935,0.041062964055969466,0.0,-3.611584056749384e-05,0.0,0.0,1.1749121530568729e-05,-0.0011601498202361005,-8.498309723367625e-05
609,order1,clean,31,False,1,caption,False,0.05342717841267586,0.0,0.0,0.0,0.0,0.7441615653640878,0.7466816018099087,0.0,0.0,0.0,0.0,0.0,0.7441139085428157,0.7466401016787376,0.0,0.0,0.0,0.0,0.0,-4.7656821272168415e-05,-4.150013117110163e-05,0.0
620,order1,clean,32,True,2,caption,True,0.056690096855163574,0.345679012345679,0.2790872214933736,0.0,0.0,0.7999528102521051,0.7829747751959908,0.27963384828428245,0.32967032967032966,0.2640760106355041,0.0,0.0,0.8010305655943625,0.7841787932591787,0.24505587289349334,-0.01600868267534933,-0.015011210857869495,0.0,0.0,0.0010777553422574027,0.0012040180631879283,-0.034577975390789106
65,order1,clean,33,False,2,caption,False,0.056690096855163574,0.08237547892720307,0.02787744210787474,0.0,0.0,0.3163483647893612,0.3333223544459308,0.02752202926617777,0.08237547892720307,0.027923312068761103,0.0,0.0,0.3168688891281151,0.33383069910899227,0.027564002678724133,0.0,4.5869960886364e-05,0.0,0.0,0.000520524338753936,0.0005083446630614885,4.197341254636236e-05
238,order1,clean,34,False,2,question,False,0.056690096855163574,0.0,0.0,0.0,0.0,0.8861363106177821,0.877404441168681,0.0,0.0,0.0,0.0,0.0,0.885567789474169,0.8788148117404678,0.0,0.0,0.0,0.0,0.0,-0.0005685211436130544,0.0014103705717868342,0.0
94,order1,clean,35,False,2,caption,False,0.056690096855163574,0.6098457016899339,0.31210127396245524,1.0,0.0,0.5044873337950759,0.5056436509484421,0.3138667494463643,0.6098457016899339,0.3129878811554021,1.0,0.0,0.5057884146702389,0.506868973962016,0.31471878333528336,0.0,0.0008866071929468644,0.0,0.0,0.0013010808751630076,0.0012253230135739202,0.0008520338889190793
588,order1,clean,36,True,2,question,True,0.05667785927653313,0.0,0.0,0.0,0.0,0.0,0.0,0.0,0.0,0.0,0.0,0.0,0.0,0.0,0.0,0.0,0.0,0.0,0.0,0.0,0.0,0.0
544,order1,clean,37,False,2,question,False,0.05667785927653313,0.8359375,0.45528802269221996,1.0,0.0,0.5396006194870755,0.515977016843533,0.4299808473696109,0.8359375,0.4562891957724667,1.0,0.0,0.5407871949895902,0.5171478689230229,0.4309565574358524,0.0,0.00100117308024672,0.0,0.0,0.001186575502514664,0.0011708520794898591,0.0009757100662415308
138,order1,clean,38,False,2,question,False,0.05667785927653313,0.7581069237510956,0.5847333498258829,1.0,1.0,0.7901530699980611,0.7882832592754581,0.5836654472484757,0.7581069237510956,0.5843271991198575,1.0,1.0,0.789698411833897,0.7877821914634656,0.5832321455272778,0.0,-0.0004061507060253433,0.0,0.0,-0.0004546581641641234,-0.0005010678119924394,-0.00043330172119793176
650,order1,clean,39,False,2,caption,False,0.05667785927653313,0.7376093294460642,0.0052478954572548805,0.0,0.0,0.005257226458285546,0.007412233496882514,0.007412233496882515,0.7376093294460642,0.005052166206113867,0.0,0.0,0.005052166206113867,0.007167134656009795,0.007167134656009795,0.0,-0.00019572925114101376,0.0,0.0,-0.00020506025217167934,-0.00024509884087271956,-0.00024509884087272043
169,order1,clean,40,True,2,question,True,0.05673719197511673,0.0,0.0,0.0,0.0,0.24794396658442366,0.37027780088782003,0.0,0.0,0.0,0.0,0.0,0.25096148025097936,0.37491086988901723,0.0,0.0,0.0,0.0,0.0,0.003017513666555699,0.004633069001197199,0.0
663,order1,clean,41,False,2,question,False,0.05673719197511673,0.8663426488456865,0.3405401447493949,1.0,0.0,0.39028834913748717,0.3870234191135961,0.33559660267796965,0.8663426488456865,0.34086992836991925,1.0,0.0,0.390694344074579,0.3874088211649841,0.33590105458798086,0.0,0.0003297836205243265,0.0,0.0,0.00040599493709181367,0.0003854020513879841,0.0003044519100112164
623,order1,clean,42,False,2,caption,False,0.05673719197511673,0.7858942065491183,0.08761806056923738,0.0,0.0,0.14957353617970084,0.14440016907299308,0.08472700716476371,0.7858942065491183,0.08120069056863252,0.0,0.0,0.14284981127610022,0.136711955931823,0.07704235453431767,0.0,-0.006417370000604855,0.0,0.0,-0.006723724903600625,-0.007688213141170075,-0.007684652630446043
44,order1,clean,43,False,2,question,False,0.05673719197511673,0.9624664879356568,0.0,0.0,0.0,0.0,0.0,0.0,0.9624664879356568,0.0,0.0,0.0,0.0,0.0,0.0,0.0,0.0,0.0,0.0,0.0,0.0,0.0
119,order1,clean,44,True,2,caption,True,0.05722622945904732,0.10743801652892562,0.0034246452460038428,0.0,0.0,0.015037236446225594,0.0715705774747124,0.019732479750784054,0.016029593094944512,0.0005252322525698522,0.0,0.0,0.01554047257737218,0.07393594611585295,0.0031320835061334606,-0.09140842343398112,-0.0028994129934339905,0.0,0.0,0.0005032361311465856,0.00236536864114055,-0.016600396244650595
648,order1,clean,45,False,2,question,False,0.05722622945904732,0.0423728813559322,0.0,0.0,0.0,0.0,0.0,0.0,0.0423728813559322,0.0,0.0,0.0,0.0,0.0,0.0,0.0,0.0,0.0,0.0,0.0,0.0,0.0
418,order1,clean,46,False,2,question,False,0.05722622945904732,0.0,0.0,0.0,0.0,0.9253690942193411,0.9253660460710709,0.0,0.0,0.0,0.0,0.0,0.9265052634057331,0.9265429403419235,0.0,0.0,0.0,0.0,0.0,0.0011361691863920331,0.0011768942708526575,0.0
447,order1,clean,47,False,2,question,False,0.05722622945904732,0.6240437158469946,0.5207571002751165,1.0,1.0,0.8411919175985345,0.8464197663338916,0.5261321057022355,0.6240437158469946,0.5215566444962079,1.0,1.0,0.8427585654474417,0.8479728332063956,0.5269418833271121,0.0,0.0007995442210914083,0.0,0.0,0.0015666478489071434,0.0015530668725040053,0.0008097776248766619
400,order1,clean,48,True,3,question,True,0.05722591280937195,0.8530864197530864,0.5719111697081775,1.0,1.0,0.6543233268020081,0.6547776401008512,0.5749933774600384,0.920332936979786,0.6080031975986269,1.0,1.0,0.6591163638624759,0.6595834179718578,0.6049686800628847,0.06724651722669961,0.03609202789044941,0.0,0.0,0.004793037060467742,0.004805777871006667,0.02997530260284631
339,order1,clean,49,False,3,caption,False,0.05722591280937195,0.10888252148997135,0.0,0.0,0.0,0.036358817949843,0.08812936955504513,0.0,0.10888252148997135,0.0,0.0,0.0,0.036775219123679447,0.08715259338313815,0.0,0.0,0.0,0.0,0.0,0.000416401173836449,-0.0009767761719069873,0.0
512,order1,clean,50,False,3,caption,False,0.05722591280937195,0.0,0.0,0.0,0.0,0.594589301754627,0.5960719860392393,0.0,0.0,0.0,0.0,0.0,0.5970838479668568,0.5986346608781135,0.0,0.0,0.0,0.0,0.0,0.0024945462122297757,0.0025626748388741794,0.0
600,order1,clean,51,False,3,caption,False,0.05722591280937195,0.0,0.0,0.0,0.0,0.29876642392699354,0.2910967197220513,0.0,0.0,0.0,0.0,0.0,0.29802581627465363,0.28681563132477994,0.0,0.0,0.0,0.0,0.0,-0.0007406076523399086,-0.004281088397271371,0.0
346,order1,clean,52,True,3,caption,True,0.05721588060259819,0.18859649122807018,0.15057347236490168,0.0,0.0,0.7935100819136883,0.7940602213310187,0.16795221653488354,0.17916666666666667,0.1429349660387486,0.0,0.0,0.7928117098286249,0.7934134694886638,0.1594358436814653,-0.00942982456140351,-0.007638506326153066,0.0,0.0,-0.0006983720850634034,-0.0006467518423549645,-0.008516372853418247
258,order1,clean,53,False,3,caption,False,0.05721588060259819,0.0,0.0,0.0,0.0,0.8019502545152142,0.7922180807652912,0.0,0.0,0.0,0.0,0.0,0.8048770740917873,0.79555582393528,0.0,0.0,0.0,0.0,0.0,0.0029268195765731475,0.003337743169988805,0.0
564,order1,clean,54,False,3,question,False,0.05721588060259819,0.5592592592592592,0.0,0.0,0.0,0.0,0.0,0.0,0.5592592592592592,0.0,0.0,0.0,0.0,0.0,0.0,0.0,0.0,0.0,0.0,0.0,0.0,0.0
206,order1,clean,55,False,3,caption,False,0.05721588060259819,0.9715394566623544,0.5655817599034435,1.0,1.0,0.5771638704931449,0.5793544355735308,0.5680707538660199,0.9715394566623544,0.5644110555695384,1.0,1.0,0.5759571720404688,0.5781498157381064,0.5669005471429686,0.0,-0.0011707043339050927,0.0,0.0,-0.0012066984526760693,-0.0012046198354244142,-0.001170206723051348
492,order1,clean,56,True,3,question,True,0.057890743017196655,0.8473895582329317,0.4631795659638544,1.0,0.0,0.549317710307062,0.5406823851471848,0.4634420444118727,0.7753623188405797,0.4254112473462814,1.0,0.0,0.548661234895204,0.5398516193350174,0.4135033680012899,-0.072027239392352,-0.037768318617573016,0.0,0.0,-0.0006564754118579819,-0.0008307658121674555,-0.049938676410582805
243,order1,clean,57,False,3,caption,False,0.057890743017196655,0.9403973509933775,0.7696995376977892,1.0,1.0,0.8166957215936284,0.8152838326915112,0.7634608540910873,0.9403973509933775,0.770091508506079,1.0,1.0,0.8171301055524853,0.8157104577551463,0.7638451753001841,0.0,0.0003919708082897877,0.0,0.0,0.00043438395885697645,0.000426625063635111,0.0003843212090968162
359,order1,clean,58,False,3,question,False,0.057890743017196655,0.8743961352657005,0.6320528588349499,1.0,1.0,0.723739728124252,0.7320746024778292,0.640406745802108,0.8743961352657005,0.6335254109732986,1.0,1.0,0.7252704058639452,0.7330610430493112,0.6416256832078568,0.0,0.0014725521383487372,0.0,0.0,0.0015306777396931759,0.0009864405714820057,0.0012189374057488545
132,order1,clean,59,False,3,question,False,0.057890743017196655,0.0,0.0,0.0,0.0,0.07654127917891214,0.08540937095776215,0.0,0.0,0.0,0.0,0.0,0.07614863132614047,0.0848638509627432,0.0,0.0,0.0,0.0,0.0,-0.0003926478527716687,-0.0005455199950189504,0.0
419,order1,clean,60,True,3,question,True,0.0686495378613472,0.27807486631016043,0.08371177682462926,0.0,0.0,0.11591132221683334,0.11357471049751862,0.08135964708305442,0.3422459893048128,0.08763588637804698,0.0,0.0,0.11612416478084882,0.11372725500289123,0.08585204423952855,0.06417112299465239,0.003924109553417723,0.0,0.0,0.00021284256401547796,0.00015254450537260933,0.004492397156474134
490,order1,clean,61,False,3,question,False,0.0686495378613472,0.9473684210526315,0.7696078104619404,1.0,1.0,0.7987299518021904,0.8064017614438804,0.8064017614438804,0.9473684210526315,0.7758571565404143,1.0,1.0,0.8051446403798928,0.8128279981371849,0.8128279981371849,0.0,0.0062493460784739385,0.0,0.0,0.006414688577702332,0.0064262366933044435,0.0064262366933044435
441,order1,clean,62,False,3,caption,False,0.0686495378613472,0.0,0.0,0.0,0.0,0.4133042093381248,0.4251239367905453,0.0,0.0,0.0,0.0,0.0,0.4243535094314674,0.4346869784949037,0.0,0.0,0.0,0.0,0.0,0.011049300093342596,0.0095630417043584,0.0
538,order1,clean,63,False,3,caption,False,0.0686495378613472,0.3730769230769231,0.14092038194050496,0.0,0.0,0.37772473509826077,0.37863803457499945,0.13768655802727253,0.3730769230769231,0.14054227052876478,0.0,0.0,0.37671124059256544,0.37847367466419324,0.13762679078697937,0.0,-0.00037811141174018403,0.0,0.0,-0.0010134945056953226,-0.00016435991080621104,-5.9767240293162605e-05
44,order2,clean,0,True,0,question,True,3.19279424729757e-05,0.9624664879356568,0.0,0.0,0.0,0.0,0.0,0.0,0.9088471849865952,0.0,0.0,0.0,0.0,0.0,0.0,-0.05361930294906159,0.0,0.0,0.0,0.0,0.0,0.0
180,order2,clean,1,False,0,question,False,3.19279424729757e-05,0.8137931034482758,0.0,0.0,0.0,0.0,0.0,0.0,0.8137931034482758,0.0,0.0,0.0,0.0,0.0,0.0,0.0,0.0,0.0,0.0,0.0,0.0,0.0
642,order2,clean,2,False,0,question,False,3.19279424729757e-05,0.4623115577889447,0.023868259295317697,0.0,0.0,0.1079915230561473,0.11758705712602154,0.028875601266458037,0.4623115577889447,0.02386829470828806,0.0,0.0,0.10799146806442313,0.11758706402130896,0.028875686417077686,0.0,3.541297036169233e-08,0.0,0.0,-5.499172417433584e-08,6.8952874243688456e-09,8.515061964906034e-08
138,order2,clean,3,False,0,question,False,3.19279424729757e-05,0.7581069237510956,0.5847333498258829,1.0,1.0,0.7901530699980611,0.7882832592754581,0.5836654472484757,0.7581069237510956,0.5847331110450671,1.0,1.0,0.7901528074583286,0.7882829589330399,0.5836651780611944,0.0,-2.3878081578665444e-07,0.0,0.0,-2.625397325095591e-07,-3.003424181580172e-07,-2.6918728124325497e-07
159,order2,clean,4,True,0,question,True,0.003697047010064125,0.0,0.0,0.0,0.0,0.04281797516185004,0.03783374893142454,0.0,0.2616279069767442,0.011203229280810642,0.0,0.0,0.04282123191776512,0.03783690076205297,0.009909664485299587,0.2616279069767442,0.011203229280810642,0.0,0.0,3.2567559150806225e-06,3.1518306284269992e-06,0.009909664485299587
12,order2,clean,5,False,0,question,False,0.003697047010064125,0.29545454545454547,0.14681308613353952,0.0,0.0,0.4924347845276226,0.48827441602804156,0.1462036849223001,0.29545454545454547,0.14684145309017185,0.0,0.0,0.49252546471606634,0.48836322942448895,0.14623188012431382,0.0,2.8366956632330798e-05,0.0,0.0,9.068018844371473e-05,8.881339644739583e-05,2.8195202013719944e-05
1,order2,clean,6,False,0,caption,False,0.003697047010064125,0.7910447761194029,0.4288288730325635,1.0,0.0,0.53206545357744,0.5249160488714408,0.39368703665358057,0.7910447761194029,0.42889004732954233,1.0,0.0,0.5321413550199877,0.5249974647563976,0.39374809856729825,0.0,6.117429697882759e-05,0.0,0.0,7.590144254776554e-05,8.141588495680363e-05,6.106191371768599e-05
507,order2,clean,7,False,0,caption,False,0.003697047010064125,0.0,0.0,0.0,0.0,0.2554607755483817,0.29480708105114056,0.0,0.0,0.0,0.0,0.0,0.2602608467529163,0.3007665789195336,0.0,0.0,0.0,0.0,0.0,0.004800071204534573,0.00595949786839306,0.0
206,order2,clean,8,True,0,caption,True,0.00823188479989767,0.9715394566623544,0.5655817599034435,1.0,1.0,0.5771638704931449,0.5793544355735308,0.5680707538660199,0.9560155239327296,0.5588570950585124,1.0,1.0,0.5772409905744518,0.5794317923143623,0.5612712640858466,-0.015523932729624823,-0.006724664844931061,0.0,0.0,7.712008130689174e-05,7.735674083142463e-05,-0.006799489780173307
68,order2,clean,9,False,0,question,False,0.00823188479989767,0.703125,0.43848851129737815,1.0,0.0,0.6181989666769283,0.6166988943684355,0.44850828681340765,0.703125,0.4400134319871986,1.0,0.0,0.6203461675501443,0.618866902113973,0.4500850197192531,0.0,0.0015249206898204637,0.0,0.0,0.0021472008732159598,0.0021680077455374924,0.0015767329058454238
169,order2,clean,10,False,0,question,False,0.00823188479989767,0.0,0.0,0.0,0.0,0.24794396658442366,0.37027780088782003,0.0,0.0,0.0,0.0,0.0,0.24773461602156194,0.36996983872788225,0.0,0.0,0.0,0.0,0.0,-0.00020935056286172649,-0.0003079621599377802,0.0
418,order2,clean,11,False,0,question,False,0.00823188479989767,0.0,0.0,0.0,0.0,0.9253690942193411,0.9253660460710709,0.0,0.0,0.0,0.0,0.0,0.9251645115522459,0.9251642549752649,0.0,0.0,0.0,0.0,0.0,-0.0002045826670952211,-0.00020179109580598098,0.0
567,order2,clean,12,True,0,caption,True,0.024508871138095856,0.8048780487804879,0.0,0.0,0.0,0.0,0.0,0.0,0.6226415094339622,0.0,0.0,0.0,0.0,0.0,0.0,-0.18223653934652562,0.0,0.0,0.0,0.0,0.0,0.0
332,order2,clean,13,False,0,caption,False,0.024508871138095856,0.20224719101123595,0.01958676959981985,0.0,0.0,0.034736707665167295,0.03321348308610125,0.019228858628795465,0.20224719101123595,0.01947865273178948,0.0,0.0,0.034535955796341784,0.03302861027037668,0.01912182699863913,0.0,-0.00010811686803037165,0.0,0.0,-0.00020075186882551055,-0.0001848728157245738,-0.00010703163015633385
324,order2,clean,14,False,0,question,False,0.024508871138095856,0.16058394160583941,0.10157967240690323,0.0,0.0,0.6336312933160916,0.6250898207372443,0.10853223285425256,0.16058394160583941,0.1017660588105713,0.0,0.0,0.6347160656541192,0.6264158731858993,0.10877361842676005,0.0,0.0001863864036680679,0.0,0.0,0.0010847723380276175,0.001326052448655024,0.0002413855725074826
346,order2,clean,15,False,0,caption,False,0.024508871138095856,0.18859649122807018,0.15057347236490168,0.0,0.0,0.7935100819136883,0.7940602213310187,0.16795221653488354,0.18859649122807018,0.15052369957642447,0.0,0.0,0.7932652692809287,0.7938158912717463,0.16789680474203367,0.0,-4.977278847720368e-05,0.0,0.0,-0.00024481263275966114,-0.0002443300592723796,-5.54117928498743e-05
3,order2,clean,16,True,1,caption,True,0.024504633620381355,0.0,0.0,0.0,0.0,0.050894170964146127,0.08921442851975057,0.0,0.0,0.0,0.0,0.0,0.05117225669526109,0.08978679222397623,0.0,0.0,0.0,0.0,0.0,0.00027808573111496454,0.0005723637042256563,0.0
490,order2,clean,17,False,1,question,False,0.024504633620381355,0.9473684210526315,0.7696078104619404,1.0,1.0,0.7987299518021904,0.8064017614438804,0.8064017614438804,0.9473684210526315,0.7709174060219728,1.0,1.0,0.8000569701465224,0.8077321487774255,0.8077321487774255,0.0,0.001309595560032406,0.0,0.0,0.0013270183443320205,0.0013303873335450689,0.0013303873335450689
359,order2,clean,18,False,1,question,False,0.024504633620381355,0.8743961352657005,0.6320528588349499,1.0,1.0,0.723739728124252,0.7320746024778292,0.640406745802108,0.8743961352657005,0.6320362358544511,1.0,1.0,0.7237038026275123,0.7320045668465678,0.64039840455032,0.0,-1.6622980498759432e-05,0.0,0.0,-3.592549673969714e-05,-7.003563126140033e-05,-8.341251787946646e-06
588,order2,clean,19,False,1,question,False,0.024504633620381355,0.0,0.0,0.0,0.0,0.0,0.0,0.0,0.0,0.0,0.0,0.0,0.0,0.0,0.0,0.0,0.0,0.0,0.0,0.0,0.0,0.0
650,order2,clean,20,True,1,caption,True,0.04119526967406273,0.7376093294460642,0.0052478954572548805,0.0,0.0,0.005257226458285546,0.007412233496882514,0.007412233496882515,0.8775510204081632,0.005262928437782281,0.0,0.0,0.005267257982641897,0.007432846237820471,0.007432846237820471,0.13994169096209907,1.5032980527400486e-05,0.0,0.0,1.003152435635063e-05,2.0612740937956536e-05,2.061274093795567e-05
356,order2,clean,21,False,1,caption,False,0.04119526967406273,0.6051167964404894,0.0,0.0,0.0,0.0,0.0,0.0,0.6051167964404894,0.0,0.0,0.0,0.0,0.0,0.0,0.0,0.0,0.0,0.0,0.0,0.0,0.0
485,order2,clean,22,False,1,question,False,0.04119526967406273,0.8975308641975308,0.34533516398119357,1.0,0.0,0.39732898862743005,0.3935356203219111,0.34630919999931126,0.8975308641975308,0.3442517414804942,1.0,0.0,0.3962611468710991,0.3925835137376447,0.3453335686256374,0.0,-0.0010834225006993714,0.0,0.0,-0.0010678417563309561,-0.0009521065842663656,-0.0009756313736738464
132,order2,clean,23,False,1,question,False,0.04119526967406273,0.0,0.0,0.0,0.0,0.07654127917891214,0.08540937095776215,0.0,0.0,0.0,0.0,0.0,0.07509086881668031,0.08394552608400295,0.0,0.0,0.0,0.0,0.0,-0.001450410362231827,-0.0014638448737591958,0.0
600,order2,clean,24,True,1,caption,True,0.04567641392350197,0.0,0.0,0.0,0.0,0.29876642392699354,0.2910967197220513,0.0,0.0,0.0,0.0,0.0,0.2979573200092539,0.29063091845613653,0.0,0.0,0.0,0.0,0.0,-0.0008091039177396397,-0.0004658012659147781,0.0
41,order2,clean,25,False,1,caption,False,0.04567641392350197,0.0,0.0,0.0,0.0,0.21969643583269244,0.2215582337824965,0.0,0.0,0.0,0.0,0.0,0.22878791573176066,0.23060387206530902,0.0,0.0,0.0,0.0,0.0,0.009091479899068222,0.009045638282812518,0.0
617,order2,clean,26,False,1,question,False,0.04567641392350197,0.9842105263157894,0.01864248549134384,0.0,0.0,0.01864248549134384,0.01941571894778582,0.01941571894778582,0.9842105263157894,0.01901629991384801,0.0,0.0,0.01901629991384801,0.019826132780209914,0.019826132780209914,0.0,0.00037381442250417063,0.0,0.0,0.00037381442250417063,0.0004104138324240933,0.0004104138324240933
34,order2,clean,27,False,1,caption,False,0.04567641392350197,0.5294117647058824,0.4297109663974504,1.0,0.0,0.8057253225938951,0.8138113670903866,0.4451002827629635,0.5294117647058824,0.4306686772711059,1.0,0.0,0.8066391116796412,0.8145978773138577,0.4459988310675948,0.0,0.0009577108736555373,0.0,0.0,0.0009137890857461306,0.000786510223471093,0.0008985483046313192
312,order2,clean,28,True,1,question,True,0.049839213490486145,0.6337962962962963,0.4064035139566178,1.0,0.0,0.6210699216420424,0.6220750434133869,0.40805515327717506,0.624537037037037,0.4018381332010628,1.0,0.0,0.6207135625072325,0.6217146308213897,0.4030498086933539,-0.0092592592592593,-0.00456538075555496,0.0,0.0,-0.00035635913480991377,-0.00036041259199726117,-0.005005344583821181
94,order2,clean,29,False,1,caption,False,0.049839213490486145,0.6098457016899339,0.31210127396245524,1.0,0.0,0.5044873337950759,0.5056436509484421,0.3138667494463643,0.6098457016899339,0.31407658368719676,1.0,0.0,0.5076555608596303,0.5088373265345559,0.31587875232977286,0.0,0.0019753097247415252,0.0,0.0,0.00316822706455433,0.003193675586113831,0.0020120028834085812
544,order2,clean,30,False,1,question,False,0.049839213490486145,0.8359375,0.45528802269221996,1.0,0.0,0.5396006194870755,0.515977016843533,0.4299808473696109,0.8359375,0.4568490332443422,1.0,0.0,0.5414507060673684,0.5177934618105707,0.43149455150880894,0.0,0.0015610105521222106,0.0,0.0,0.0018500865802929534,0.0018164449670377003,0.0015137041391980466
83,order2,clean,31,False,1,question,False,0.049839213490486145,0.6307692307692307,0.4812247330487694,1.0,0.0,0.7689046115236254,0.7673520770963299,0.4795932459159542,0.6307692307692307,0.4806612708544693,1.0,0.0,0.7680839989302642,0.766547084059267,0.4790491935723024,0.0,-0.0005634621943000906,0.0,0.0,-0.0008206125933611919,-0.0008049930370629399,-0.0005440523436517908
171,order2,clean,32,True,2,question,True,0.05170072615146637,0.0,0.0,0.0,0.0,0.23443325201914245,0.24385776413581955,0.0,0.0,0.0,0.0,0.0,0.24000741460135766,0.24762013610124595,0.0,0.0,0.0,0.0,0.0,0.005574162582215214,0.003762371965426392,0.0
339,order2,clean,33,False,2,caption,False,0.05170072615146637,0.10888252148997135,0.0,0.0,0.0,0.036358817949843,0.08812936955504513,0.0,0.10888252148997135,0.0,0.0,0.0,0.03601181960790009,0.08769676101024916,0.0,0.0,0.0,0.0,0.0,-0.0003469983419429057,-0.0004326085447959732,0.0
258,order2,clean,34,False,2,caption,False,0.05170072615146637,0.0,0.0,0.0,0.0,0.8019502545152142,0.7922180807652912,0.0,0.0,0.0,0.0,0.0,0.8013540237127736,0.7915924786182891,0.0,0.0,0.0,0.0,0.0,-0.0005962308024405338,-0.0006256021470021356,0.0
24,order2,clean,35,False,2,caption,False,0.05170072615146637,0.36283185840707965,0.34507760569431395,1.0,0.0,0.9206334003266303,0.9157627667546605,0.35418920334885035,0.36283185840707965,0.34528199510072577,1.0,0.0,0.9211563302936638,0.9164819243169444,0.3545587857292625,0.0,0.00020438940641182013,0.0,0.0,0.0005229299670335141,0.0007191575622839119,0.00036958238041218117
538,order2,clean,36,True,2,caption,True,0.059767238795757294,0.3730769230769231,0.14092038194050496,0.0,0.0,0.37772473509826077,0.37863803457499945,0.13768655802727253,0.27953890489913547,0.10530989044584892,0.0,0.0,0.37672713386298534,0.3772018932227018,0.10334298444457585,-0.09353801817778762,-0.035610491494656046,0.0,0.0,-0.0009976012352754249,-0.0014361413522976374,-0.034343573582696685
564,order2,clean,37,False,2,question,False,0.059767238795757294,0.5592592592592592,0.0,0.0,0.0,0.0,0.0,0.0,0.5592592592592592,0.0,0.0,0.0,0.0,0.0,0.0,0.0,0.0,0.0,0.0,0.0,0.0,0.0
243,order2,clean,38,False,2,caption,False,0.059767238795757294,0.9403973509933775,0.7696995376977892,1.0,1.0,0.8166957215936284,0.8152838326915112,0.7634608540910873,0.9403973509933775,0.7687417172286382,1.0,1.0,0.8156392410498083,0.8142956587622034,0.7625724080774198,0.0,-0.0009578204691510495,0.0,0.0,-0.0010564805438200153,-0.000988173929307723,-0.0008884460136675543
400,order2,clean,39,False,2,question,False,0.059767238795757294,0.8530864197530864,0.5719111697081775,1.0,1.0,0.6543233268020081,0.6547776401008512,0.5749933774600384,0.8530864197530864,0.5761943242177542,1.0,1.0,0.6592975434344207,0.6597240617748672,0.5792749903929585,0.0,0.004283154509576725,0.0,0.0,0.004974216632412598,0.004946421674016044,0.004281612932920065
623,order2,clean,40,True,2,caption,True,0.08204252272844315,0.7858942065491183,0.08761806056923738,0.0,0.0,0.14957353617970084,0.14440016907299308,0.08472700716476371,0.8286445012787724,0.10548302871204612,0.0,0.0,0.1548508633431766,0.1493786628332132,0.1023733472617811,0.04275029472965408,0.017864968142808746,0.0,0.0,0.005277327163475759,0.00497849376022011,0.01764634009701739
512,order2,clean,41,False,2,caption,False,0.08204252272844315,0.0,0.0,0.0,0.0,0.594589301754627,0.5960719860392393,0.0,0.0,0.0,0.0,0.0,0.5965136899290282,0.5980350247010542,0.0,0.0,0.0,0.0,0.0,0.0019243881744012148,0.0019630386618149087,0.0
562,order2,clean,42,False,2,caption,False,0.08204252272844315,0.3023255813953488,0.2038402634010472,0.0,0.0,0.6847041319925602,0.6652576401700446,0.21996561411288032,0.3023255813953488,0.20566049891520458,0.0,0.0,0.6901177851606841,0.6689250640007424,0.2212482606676108,0.0,0.0018202355141573867,0.0,0.0,0.005413653168123922,0.003667423830697736,0.0012826465547304822
65,order2,clean,43,False,2,caption,False,0.08204252272844315,0.08237547892720307,0.02787744210787474,0.0,0.0,0.3163483647893612,0.3333223544459308,0.02752202926617777,0.08237547892720307,0.027969899275753236,0.0,0.0,0.3173975526509389,0.33439676013224245,0.027610741662295248,0.0,9.245716787849648e-05,0.0,0.0,0.001049187861577705,0.0010744056863116747,8.871239611747683e-05
371,order2,clean,44,True,2,caption,True,0.08208110183477402,0.675,0.0002937924063547062,0.0,0.0,0.000427334409243209,0.0,0.0,0.8709677419354839,0.0003109685142105846,0.0,0.0,0.00035054632511011355,0.0,0.0,0.19596774193548383,1.7176107855878403e-05,0.0,0.0,-7.678808413309545e-05,0.0,0.0
119,order2,clean,45,False,2,caption,False,0.08208110183477402,0.10743801652892562,0.0034246452460038428,0.0,0.0,0.015037236446225594,0.0715705774747124,0.019732479750784054,0.10743801652892562,0.0032509258250603486,0.0,0.0,0.014159171811223488,0.0679447177905809,0.0187315249920144,0.0,-0.00017371942094349417,0.0,0.0,-0.000878064635002106,-0.0036258596841315105,-0.001000954758769653
582,order2,clean,46,False,2,question,False,0.08208110183477402,0.5507246376811594,0.39632022694542723,1.0,0.0,0.6752122384996168,0.7188264372158314,0.4062932036437308,0.5507246376811594,0.3984146767051664,1.0,0.0,0.6787805603125057,0.7227281780691808,0.40849853543040654,0.0,0.0020944497597391587,0.0,0.0,0.0035683218128889083,0.003901740853349378,0.002205331786675757
377,order2,clean,47,False,2,caption,False,0.08208110183477402,0.07586206896551724,0.04011851935766786,0.0,0.0,0.4645020234850833,0.45598078119633545,0.04114794715320314,0.07586206896551724,0.04083325804708198,0.0,0.0,0.479261893389935,0.47330390759780744,0.04224268504509391,0.0,0.0007147386894141225,0.0,0.0,0.01475986990485173,0.01732312640147199,0.001094737891890768
419,order2,clean,48,True,3,question,True,0.07013813406229019,0.27807486631016043,0.08371177682462926,0.0,0.0,0.11591132221683334,0.11357471049751862,0.08135964708305442,0.3422459893048128,0.0864859881614995,0.0,0.0,0.11454901215342707,0.11209699710290133,0.0846984147115784,0.06417112299465239,0.0027742113368702387,0.0,0.0,-0.0013623100634062718,-0.0014777133946172888,0.0033387676285239754
648,order2,clean,49,False,3,question,False,0.07013813406229019,0.0423728813559322,0.0,0.0,0.0,0.0,0.0,0.0,0.0423728813559322,0.0,0.0,0.0,0.0,0.0,0.0,0.0,0.0,0.0,0.0,0.0,0.0,0.0
133,order2,clean,50,False,3,question,False,0.07013813406229019,0.6337817638266069,0.5449475846298645,1.0,1.0,0.8137987314650116,0.816959477109529,0.5503115844922347,0.6337817638266069,0.5448331402924232,1.0,1.0,0.8141837944625553,0.8173081905010057,0.5501640456175676,0.0,-0.00011444433744123295,0.0,0.0,0.0003850629975437059,0.0003487133914766849,-0.00014753887466711912
238,order2,clean,51,False,3,question,False,0.07013813406229019,0.0,0.0,0.0,0.0,0.8861363106177821,0.877404441168681,0.0,0.0,0.0,0.0,0.0,0.8841164034492421,0.8724767012566295,0.0,0.0,0.0,0.0,0.0,-0.0020199071685399472,-0.004927739912051532,0.0
401,order2,clean,52,True,3,caption,True,0.07953087240457535,0.6296296296296297,0.3695570302137992,1.0,0.0,0.5915387576617288,0.5935141963655425,0.371394343086427,0.700462962962963,0.43077393849206297,1.0,0.0,0.5975058306228872,0.5994938394887395,0.43124830238678913,0.0708333333333333,0.06121690827826376,0.0,0.0,0.005967072961158393,0.005979643123196987,0.059853959300362136
447,order2,clean,53,False,3,question,False,0.07953087240457535,0.6240437158469946,0.5207571002751165,1.0,1.0,0.8411919175985345,0.8464197663338916,0.5261321057022355,0.6240437158469946,0.5214301859260344,1.0,1.0,0.8414054329272381,0.8466719131055549,0.5268264033648206,0.0,0.0006730856509179484,0.0,0.0,0.00021351532870361734,0.00025214677166329746,0.0006942976625851083
620,order2,clean,54,False,3,caption,False,0.07953087240457535,0.345679012345679,0.2790872214933736,0.0,0.0,0.7999528102521051,0.7829747751959908,0.27963384828428245,0.345679012345679,0.2795570635896368,0.0,0.0,0.8017029066923607,0.7852505411233556,0.2804466218297698,0.0,0.0004698420962631622,0.0,0.0,0.0017500964402555885,0.0022757659273647812,0.0008127735454873664
663,order2,clean,55,False,3,question,False,0.07953087240457535,0.8663426488456865,0.3405401447493949,1.0,0.0,0.39028834913748717,0.3870234191135961,0.33559660267796965,0.8663426488456865,0.34631290434494605,1.0,0.0,0.39694905598291025,0.39366834873915735,0.3413287732393036,0.0,0.005772759595551125,0.0,0.0,0.006660706845423081,0.0066449296255612356,0.00573217056133396
534,order2,clean,56,True,3,question,True,0.08318872004747391,0.6267605633802817,0.0,0.0,0.0,0.014490483908553706,0.02099608622553573,0.0,0.11840796019900497,0.0,0.0,0.0,0.014622657906301658,0.021473142128235614,0.0,-0.5083526031812767,0.0,0.0,0.0,0.00013217399774795129,0.0004770559026998841,0.0
143,order2,clean,57,False,3,caption,False,0.08318872004747391,0.0,0.0,0.0,0.0,0.6309845440236779,0.6304173341502299,0.0,0.0,0.0,0.0,0.0,0.6448605567954437,0.6442069951650594,0.0,0.0,0.0,0.0,0.0,0.013876012771765867,0.01378966101482948,0.0
543,order2,clean,58,False,3,caption,False,0.08318872004747391,0.0,0.0,0.0,0.0,0.6403526708948329,0.6402049976067238,0.0,0.0,0.0,0.0,0.0,0.6420802810623597,0.641926346242332,0.0,0.0,0.0,0.0,0.0,0.0017276101675267608,0.0017213486356082441,0.0
550,order2,clean,59,False,3,caption,False,0.08318872004747391,0.43902439024390244,0.24781743021071595,0.0,0.0,0.5666442747298434,0.5620458374224855,0.24525636542072093,0.43902439024390244,0.24794321995661298,0.0,0.0,0.5669413143278185,0.5625742377887741,0.24548694012601052,0.0,0.00012578974589702585,0.0,0.0,0.0002970395979751128,0.0005284003662886505,0.0002305747052895879
40,order2,clean,60,True,3,caption,True,0.08194176852703094,0.9459459459459459,0.8322417576724406,1.0,1.0,0.8630071396289419,0.8800242307924381,0.8505297402873911,0.9797297297297297,0.8608047847088545,1.0,1.0,0.8608047847088545,0.8777245129201564,0.8777245129201564,0.03378378378378377,0.02856302703641389,0.0,0.0,-0.002202354920087468,-0.0022997178722816702,0.027194772632765263
609,order2,clean,61,False,3,caption,False,0.08194176852703094,0.0,0.0,0.0,0.0,0.7441615653640878,0.7466816018099087,0.0,0.0,0.0,0.0,0.0,0.7577826338508752,0.7609332108967027,0.0,0.0,0.0,0.0,0.0,0.013621068486787347,0.014251609086794015,0.0
492,order2,clean,62,False,3,question,False,0.08194176852703094,0.8473895582329317,0.4631795659638544,1.0,0.0,0.549317710307062,0.5406823851471848,0.4634420444118727,0.8473895582329317,0.47092625931201065,1.0,0.0,0.5585035705026237,0.5500509883163132,0.47147227569969696,0.0,0.007746693348156253,0.0,0.0,0.009185860195561668,0.009368603169128353,0.008030231287824263
441,order2,clean,63,False,3,caption,False,0.08194176852703094,0.0,0.0,0.0,0.0,0.4133042093381248,0.4251239367905453,0.0,0.0,0.0,0.0,0.0,0.40868415416716625,0.4201949238934203,0.0,0.0,0.0,0.0,0.0,-0.004620055170958537,-0.004929012897124996,0.0
550,order1,frame_drop_5,0,True,0,caption,True,0.008726497180759907,0.4931506849315068,0.278032556938443,0.0,0.0,0.565947198746263,0.5613421267548189,0.27494308249215615,0.4883720930232558,0.276392817992361,0.0,0.0,0.565947198746263,0.5613421267548189,0.26416100082579713,-0.004778591908251029,-0.0016397389460819922,0.0,0.0,0.0,0.0,-0.010782081666359022
12,order1,frame_drop_5,1,False,0,question,False,0.008726497180759907,0.37142857142857144,0.17874770087704953,0.0,0.0,0.47773590184836634,0.47485992876181077,0.17756396458770843,0.37142857142857144,0.17885602233482067,0.0,0.0,0.4779730198463066,0.4750925850035834,0.1776657655538234,0.0,0.00010832145777114888,0.0,0.0,0.00023711799794023936,0.0002326562417726552,0.0001018009661149788
24,order1,frame_drop_5,2,False,0,caption,False,0.008726497180759907,0.36283185840707965,0.3450325896347605,1.0,0.0,0.9207617273460583,0.9159203789152093,0.3541614481974979,0.36283185840707965,0.34505788017635225,1.0,0.0,0.9208517651450825,0.9160176451293834,0.35419665218724555,0.0,2.5290541591727056e-05,0.0,0.0,9.003779902416742e-05,9.726621417416315e-05,3.520398974765637e-05
41,order1,frame_drop_5,3,False,0,caption,False,0.008726497180759907,0.06842105263157895,0.008596452788920848,0.0,0.0,0.2187016673253777,0.22049673332533895,0.014889410294825139,0.06842105263157895,0.008588565661404009,0.0,0.0,0.2186728401561167,0.22045065198593114,0.014876546152935727,0.0,-7.887127516838927e-06,0.0,0.0,-2.882716926100315e-05,-4.6081339407810784e-05,-1.2864141889411262e-05
371,order1,frame_drop_5,4,True,0,caption,True,0.019187796860933304,0.675,0.0002937924063547062,0.0,0.0,0.000427334409243209,0.0,0.0,0.8709677419354839,0.0003791863947595698,0.0,0.0,0.00042744648136533323,0.0,0.0,0.19596774193548383,8.539398840486361e-05,0.0,0.0,1.1207212212421954e-07,0.0,0.0
312,order1,frame_drop_5,5,False,0,question,False,0.019187796860933304,0.6138888888888889,0.3746231733909883,1.0,0.0,0.6023554737115625,0.6028005144120295,0.3761726646658261,0.6138888888888889,0.3746516738837729,1.0,0.0,0.6024198721870587,0.60285689835367,0.3761978920707573,0.0,2.850049278463329e-05,0.0,0.0,6.439847549621902e-05,5.6383941640425483e-05,2.5227404931216224e-05
83,order1,frame_drop_5,6,False,0,question,False,0.019187796860933304,0.5846153846153846,0.4464398223635428,1.0,0.0,0.7680238372879137,0.7665091766359763,0.4456939638716949,0.5846153846153846,0.44678076806879546,1.0,0.0,0.7685542957956712,0.7670390033644641,0.44603336278141476,0.0,0.000340945705252671,0.0,0.0,0.0005304585077575696,0.0005298267284877811,0.00033939890971984576
582,order1,frame_drop_5,7,False,0,question,False,0.019187796860933304,0.4393939393939394,0.31631723921871074,1.0,0.0,0.6735913185861618,0.7162017735351749,0.3262384833355203,0.4393939393939394,0.3164323384777904,1.0,0.0,0.6738697858885075,0.7164963568223507,0.32636053522812386,0.0,0.00011509925907965401,0.0,0.0,0.0002784673023457085,0.00029458328717579807,0.00012205189260355853
1,order1,frame_drop_5,8,True,0,caption,True,0.023668883368372917,0.7910447761194029,0.4288288730325635,1.0,0.0,0.53206545357744,0.5249160488714408,0.39368703665358057,0.6708860759493671,0.3631113594226178,1.0,0.0,0.5312184702664223,0.5240185464335633,0.3368690655644335,-0.12015870017003583,-0.06571751360994571,0.0,0.0,-0.0008469833110176239,-0.000897502437877562,-0.056817971089147046
562,order1,frame_drop_5,9,False,0,caption,False,0.023668883368372917,0.3023255813953488,0.2038402634010472,0.0,0.0,0.6847041319925602,0.6652576401700446,0.21996561411288032,0.3023255813953488,0.20418653195276848,0.0,0.0,0.6859859835051713,0.6661616385404506,0.22021996336386693,0.0,0.00034626855172129045,0.0,0.0,0.0012818515126110652,0.0009039983704060006,0.00025434925098660743
180,order1,frame_drop_5,10,False,0,question,False,0.023668883368372917,0.8137931034482758,0.0,0.0,0.0,0.0,0.0,0.0,0.8137931034482758,0.0,0.0,0.0,0.0,0.0,0.0,0.0,0.0,0.0,0.0,0.0,0.0,0.0
159,order1,frame_drop_5,11,False,0,question,False,0.023668883368372917,0.0,0.0,0.0,0.0,0.04396916754586041,0.04133592294797103,0.0,0.0,0.0,0.0,0.0,0.0378323942960865,0.03595807484436321,0.0,0.0,0.0,0.0,0.0,-0.006136773249773908,-0.005377848103607821,0.0
507,order1,frame_drop_5,12,True,0,caption,True,0.05821370333433151,0.0,0.0,0.0,0.0,0.2505409305091652,0.28885035573032264,0.0,0.0,0.0,0.0,0.0,0.2526731081827449,0.29166151580484595,0.0,0.0,0.0,0.0,0.0,0.002132177673579705,0.002811160074523311,0.0
143,order1,frame_drop_5,13,False,0,caption,False,0.05821370333433151,0.0,0.0,0.0,0.0,0.6330189229096419,0.6326506826345796,0.0,0.0,0.0,0.0,0.0,0.6369828707604825,0.6366189764178332,0.0,0.0,0.0,0.0,0.0,0.003963947850840643,0.003968293783253585,0.0
171,order1,frame_drop_5,14,False,0,question,False,0.05821370333433151,0.05434782608695652,0.017981109465188858,0.0,0.0,0.330852414159475,0.3204153537920937,0.017226631924306113,0.05434782608695652,0.017656920705845822,0.0,0.0,0.3248873409875631,0.316113484226966,0.01699534861435301,0.0,-0.0003241887593430359,0.0,0.0,-0.005965073171911861,-0.004301869565127681,-0.00023128330995310364
617,order1,frame_drop_5,15,False,0,question,False,0.05821370333433151,0.9842105263157894,0.018779107138111477,0.0,0.0,0.018779107138111477,0.019564007015261183,0.019564007015261183,0.9842105263157894,0.018934755188970993,0.0,0.0,0.018934755188970993,0.0197316811539143,0.0197316811539143,0.0,0.0001556480508595158,0.0,0.0,0.0001556480508595158,0.00016767413865311637,0.00016767413865311637
3,order1,frame_drop_5,16,True,1,caption,True,0.05823114514350891,0.0,0.0,0.0,0.0,0.05225489674125184,0.09128540687347282,0.0,0.0,0.0,0.0,0.0,0.052414005358285706,0.0913967759682075,0.0,0.0,0.0,0.0,0.0,0.00015910861703386653,0.00011136909473467849,0.0
332,order1,frame_drop_5,17,False,1,caption,False,0.05823114514350891,0.20224719101123595,0.019647254270494387,0.0,0.0,0.034834668382326774,0.03330488860370326,0.019281777612670307,0.20224719101123595,0.019616227584672078,0.0,0.0,0.03477776441714422,0.03325378210767666,0.01925218964128649,0.0,-3.1026685822308636e-05,0.0,0.0,-5.6903965182555916e-05,-5.110649602659695e-05,-2.958797138381819e-05
534,order1,frame_drop_5,18,False,1,question,False,0.05823114514350891,0.795774647887324,0.0,0.0,0.0,0.014637170920592938,0.021214097375174563,0.0,0.795774647887324,0.0,0.0,0.0,0.014709110012821358,0.02136740889447369,0.0,0.0,0.0,0.0,0.0,7.193909222841938e-05,0.00015331151929912773,0.0
356,order1,frame_drop_5,19,False,1,caption,False,0.05823114514350891,0.13162773451983686,0.0,0.0,0.0,0.0,0.0,0.0,0.13162773451983686,0.0,0.0,0.0,0.0,0.0,0.0,0.0,0.0,0.0,0.0,0.0,0.0,0.0
133,order1,frame_drop_5,20,True,1,question,True,0.05917534604668617,0.624813153961136,0.5377501865529943,1.0,1.0,0.8162803614242661,0.8186887609132958,0.5422471827368307,0.6337817638266069,0.5453007821712801,1.0,1.0,0.8164709330934172,0.8188784305086849,0.550666849055926,0.008968609865470878,0.007550595618285749,0.0,0.0,0.00019057166915115165,0.0001896695953891303,0.008419666319095298
68,order1,frame_drop_5,21,False,1,question,False,0.05917534604668617,0.703125,0.43735857606548834,1.0,0.0,0.6166311429690697,0.6151034237956258,0.4473479445786369,0.703125,0.44042398031562363,1.0,0.0,0.6209242542395678,0.6194926646404461,0.4505401197385062,0.0,0.003065404250135295,0.0,0.0,0.004293111270498029,0.004389240844820286,0.0031921751598693038
324,order1,frame_drop_5,22,False,1,question,False,0.05917534604668617,0.16058394160583941,0.10157967240690323,0.0,0.0,0.6336312933160916,0.6250898207372443,0.10853223285425256,0.16058394160583941,0.1019786633490286,0.0,0.0,0.6359983704000232,0.6274717630648853,0.1089585567927772,0.0,0.0003989909421253657,0.0,0.0,0.002367077083931579,0.0023819423276409957,0.00042632393852463923
642,order1,frame_drop_5,23,False,1,question,False,0.05917534604668617,0.3756906077348066,0.010969711202988041,0.0,0.0,0.10278707834881082,0.11449146395515127,0.015590550858897604,0.3756906077348066,0.009544884446238617,0.0,0.0,0.09757734237706682,0.10886337123234616,0.013500058720659052,0.0,-0.001424826756749424,0.0,0.0,-0.005209735971743998,-0.005628092722805109,-0.002090492138238552
543,order1,frame_drop_5,24,True,1,caption,True,0.057763367891311646,0.0,0.0,0.0,0.0,0.6074101651218524,0.609245799506232,0.0,0.2867132867132867,0.17367587811563076,0.0,0.0,0.6050992364847531,0.6067768681778135,0.1746983420301879,0.2867132867132867,0.17367587811563076,0.0,0.0,-0.002310928637099363,-0.002468931328418522,0.1746983420301879
567,order1,frame_drop_5,25,False,1,caption,False,0.057763367891311646,0.6756756756756757,0.0,0.0,0.0,0.0,0.0,0.0,0.6756756756756757,0.0,0.0,0.0,0.0,0.0,0.0,0.0,0.0,0.0,0.0,0.0,0.0,0.0
40,order1,frame_drop_5,26,False,1,caption,False,0.057763367891311646,0.918918918918919,0.8059289860854927,1.0,1.0,0.8607511076479133,0.8773024090604163,0.8191395779808511,0.918918918918919,0.8068708934316643,1.0,1.0,0.8617843547253408,0.8783714775715118,0.8201114027781342,0.0,0.000941907346171611,0.0,0.0,0.0010332470774274682,0.00106906851109545,0.0009718247972830829
401,order1,frame_drop_5,27,False,1,caption,False,0.057763367891311646,0.6046296296296296,0.351535423028795,1.0,0.0,0.5880691810729901,0.5898912823733289,0.3530770668428637,0.6046296296296296,0.3526863581207708,1.0,0.0,0.5899811011913336,0.5918222245460767,0.3542426120255837,0.0,0.0011509350919758354,0.0,0.0,0.001911920118343513,0.001930942172747807,0.0011655451827199959
34,order1,frame_drop_5,28,True,1,caption,True,0.05844574049115181,0.45187165775401067,0.3813030772921877,1.0,0.0,0.7887123925398225,0.7973110199253279,0.3939556169011966,0.516042780748663,0.4364510856385122,1.0,0.0,0.7895897388212199,0.7981402989516101,0.449734077904339,0.06417112299465239,0.055148008346324495,0.0,0.0,0.0008773462813973509,0.0008292790262821592,0.05577846100314238
485,order1,frame_drop_5,29,False,1,question,False,0.05844574049115181,0.8975308641975308,0.34543257499849306,1.0,0.0,0.39709250740372287,0.39332028453651063,0.34640995938278035,0.8975308641975308,0.34762260579138876,1.0,0.0,0.39956441942562865,0.3958402427444978,0.3486763143303196,0.0,0.002190030792895703,0.0,0.0,0.0024719120219057755,0.002519958207987172,0.0022663549475392397
377,order1,frame_drop_5,30,False,1,caption,False,0.05844574049115181,0.05365853658536585,0.028152846528592023,0.0,0.0,0.4610789815137424,0.45121372606096416,0.029037934487951146,0.05365853658536585,0.02814641682112008,0.0,0.0,0.4616518252766963,0.450608817867471,0.02899903133354927,0.0,-6.429707471944379e-06,0.0,0.0,0.0005728437629539118,-0.000604908193493181,-3.8903154401876555e-05
609,order1,frame_drop_5,31,False,1,caption,False,0.05844574049115181,0.0,0.0,0.0,0.0,0.74441763569341,0.74689838844363,0.0,0.0,0.0,0.0,0.0,0.7448367837069125,0.7473335029547573,0.0,0.0,0.0,0.0,0.0,0.00041914801350251274,0.00043511451112732136,0.0
620,order1,frame_drop_5,32,True,2,caption,True,0.06119009479880333,0.345679012345679,0.2790872214933736,0.0,0.0,0.7999528102521051,0.7829747751959908,0.27963384828428245,0.32967032967032966,0.26415062092868097,0.0,0.0,0.8012568834836656,0.7843955077144358,0.24512359616076118,-0.01600868267534933,-0.014936600564692648,0.0,0.0,0.0013040732315605652,0.0014207325184449893,-0.03451025212352127
65,order1,frame_drop_5,33,False,2,caption,False,0.06119009479880333,0.08237547892720307,0.02787744210787474,0.0,0.0,0.3163483647893612,0.3333223544459308,0.02752202926617777,0.08237547892720307,0.02792319773352849,0.0,0.0,0.3168675916717798,0.33383009251333007,0.02756395259284377,0.0,4.575562565375252e-05,0.0,0.0,0.0005192268824186219,0.0005077380673992882,4.192332666599907e-05
238,order1,frame_drop_5,34,False,2,question,False,0.06119009479880333,0.0,0.0,0.0,0.0,0.8861363106177821,0.877404441168681,0.0,0.0,0.0,0.0,0.0,0.8857207290812653,0.8787821987369263,0.0,0.0,0.0,0.0,0.0,-0.00041558153651677365,0.0013777575682453191,0.0
94,order1,frame_drop_5,35,False,2,caption,False,0.06119009479880333,0.3776634827332844,0.19489361665347288,0.0,0.0,0.48656088708493744,0.4876826296694778,0.1986621995764087,0.3776634827332844,0.19554951469918283,0.0,0.0,0.4879563044473323,0.48898128524139534,0.19928472261232655,0.0,0.0006558980457099517,0.0,0.0,0.0013954173623948463,0.0012986555719175508,0.000622523035917838
588,order1,frame_drop_5,36,True,2,question,True,0.06118122115731239,0.0,0.0,0.0,0.0,0.0,0.0,0.0,0.0,0.0,0.0,0.0,0.0,0.0,0.0,0.0,0.0,0.0,0.0,0.0,0.0,0.0
544,order1,frame_drop_5,37,False,2,question,False,0.06118122115731239,0.7769784172661871,0.4170049157320818,1.0,0.0,0.5367007711736979,0.5131524032732653,0.39473261790251174,0.7769784172661871,0.41828616131706725,1.0,0.0,0.5383497816951144,0.514723812614504,0.39594139431884917,0.0,0.0012812455849854354,0.0,0.0,0.0016490105214165274,0.001571409341238672,0.0012087764163374315
138,order1,frame_drop_5,38,False,2,question,False,0.06118122115731239,0.7160385626643295,0.5475342234876314,1.0,1.0,0.7872041671747554,0.7853797625026612,0.547604935716847,0.7160385626643295,0.5472450740048086,1.0,1.0,0.7866736530833729,0.7848334023591867,0.547302806662462,0.0,-0.0002891494828227703,0.0,0.0,-0.0005305140913824946,-0.0005463601434744225,-0.00030212905438498083
650,order1,frame_drop_5,39,False,2,caption,False,0.06118122115731239,0.3177842565597668,0.0024309802229784106,0.0,0.0,0.0024407249400188054,0.003569874857119687,0.003569874857119687,0.3177842565597668,0.0023475897058471973,0.0,0.0,0.0023475897058471973,0.003424199980072892,0.0034241999800728915,0.0,-8.339051713121331e-05,0.0,0.0,-9.313523417160815e-05,-0.00014567487704679515,-0.00014567487704679558
169,order1,frame_drop_5,40,True,2,question,True,0.062153588980436325,0.0,0.0,0.0,0.0,0.24794396658442366,0.37027780088782003,0.0,0.0,0.0,0.0,0.0,0.25084702576642715,0.37469656153140085,0.0,0.0,0.0,0.0,0.0,0.0029030591820034812,0.004418760643580821,0.0
663,order1,frame_drop_5,41,False,2,question,False,0.062153588980436325,0.8517618469015796,0.35124780114610754,1.0,0.0,0.40692721805627896,0.4026196542110811,0.3457822689573244,0.8517618469015796,0.35166790185755653,1.0,0.0,0.4074456158288813,0.40307566493790675,0.34614354497926014,0.0,0.00042010071144898964,0.0,0.0,0.0005183977726023192,0.0004560107268256619,0.0003612760219357525
623,order1,frame_drop_5,42,False,2,caption,False,0.062153588980436325,0.8161209068010076,0.09946066249002632,0.0,0.0,0.14001421581092033,0.13780660820714175,0.09632298975310273,0.8161209068010076,0.09190452606036244,0.0,0.0,0.1316236969967989,0.12818360094944106,0.087328023360236,0.0,-0.007556136429663879,0.0,0.0,-0.008390518814121423,-0.009623007257700683,-0.008994966392866732
44,order1,frame_drop_5,43,False,2,question,False,0.062153588980436325,0.8921832884097035,0.0,0.0,0.0,0.0,0.0,0.0,0.8921832884097035,0.0,0.0,0.0,0.0,0.0,0.0,0.0,0.0,0.0,0.0,0.0,0.0,0.0
119,order1,frame_drop_5,44,True,2,caption,True,0.06434203684329987,0.10236220472440945,0.0032899152427704487,0.0,0.0,0.015183773550104893,0.07265786910961894,0.018991783446902152,0.016149068322981366,0.000535541732752853,0.0,0.0,0.015726377077161124,0.07541944214955135,0.0031934155175262734,-0.08621313640142808,-0.002754373510017596,0.0,0.0,0.0005426035270562311,0.002761573039932408,-0.01579836792937588
648,order1,frame_drop_5,45,False,2,question,False,0.06434203684329987,0.11023622047244094,0.0,0.0,0.0,0.0,0.0,0.0,0.11023622047244094,0.0,0.0,0.0,0.0,0.0,0.0,0.0,0.0,0.0,0.0,0.0,0.0,0.0
418,order1,frame_drop_5,46,False,2,question,False,0.06434203684329987,0.0,0.0,0.0,0.0,0.9083872447260742,0.9084664006456594,0.0,0.0,0.0,0.0,0.0,0.9098116452447645,0.9099746489096804,0.0,0.0,0.0,0.0,0.0,0.0014244005186903053,0.0015082482640209616,0.0
447,order1,frame_drop_5,47,False,2,question,False,0.06434203684329987,0.6338797814207651,0.5287337576421265,1.0,1.0,0.8363539927638844,0.8413870003808838,0.5344661908916126,0.6338797814207651,0.5299561235130714,1.0,1.0,0.8382818999205673,0.8433141690636441,0.5357132650557961,0.0,0.0012223658709449303,0.0,0.0,0.0019279071566828954,0.0019271686827603274,0.0012470741641834593
400,order1,frame_drop_5,48,True,3,question,True,0.06434496492147446,0.37160493827160496,0.2568504416278933,0.0,0.0,0.6470344649441296,0.6468998196020962,0.2607572264363015,0.45308641975308644,0.3127840213102658,1.0,0.0,0.652002857484812,0.6519590050382703,0.3151972978780391,0.08148148148148149,0.0559335796823725,1.0,0.0,0.004968392540682376,0.005059185436174118,0.05444007144173757
339,order1,frame_drop_5,49,False,3,caption,False,0.06434496492147446,0.1461794019933555,0.0,0.0,0.0,0.035687952306709285,0.08802328901906029,0.0,0.1461794019933555,0.0,0.0,0.0,0.03635491854427175,0.08716006143850563,0.0,0.0,0.0,0.0,0.0,0.0006669662375624677,-0.0008632275805546541,0.0
512,order1,frame_drop_5,50,False,3,caption,False,0.06434496492147446,0.0,0.0,0.0,0.0,0.5965770879402217,0.5979964782957151,0.0,0.0,0.0,0.0,0.0,0.599690906841321,0.6011702781576167,0.0,0.0,0.0,0.0,0.0,0.0031138189010992967,0.003173799861901583,0.0
600,order1,frame_drop_5,51,False,3,caption,False,0.06434496492147446,0.0,0.0,0.0,0.0,0.31035763508571895,0.30012035757860395,0.0,0.0,0.0,0.0,0.0,0.3104711560170258,0.3010368414833287,0.0,0.0,0.0,0.0,0.0,0.00011352093130684304,0.000916483904724763,0.0
346,order1,frame_drop_5,52,True,3,caption,True,0.06433750689029694,0.18859649122807018,0.15057347236490168,0.0,0.0,0.7935100819136883,0.7940602213310187,0.16795221653488354,0.17916666666666667,0.14302048454118516,0.0,0.0,0.7932953567422073,0.7938816704707076,0.15952972451103076,-0.00942982456140351,-0.007552987823716523,0.0,0.0,-0.00021472517148102277,-0.0001785508603111552,-0.008422492023852785
258,order1,frame_drop_5,53,False,3,caption,False,0.06433750689029694,0.0,0.0,0.0,0.0,0.7913396196546368,0.7773530287941726,0.0,0.0,0.0,0.0,0.0,0.7944102787456785,0.7807557939176842,0.0,0.0,0.0,0.0,0.0,0.00307065909104165,0.003402765123511675,0.0
564,order1,frame_drop_5,54,False,3,question,False,0.06433750689029694,0.7592592592592593,0.0,0.0,0.0,0.0,0.0,0.0,0.7592592592592593,0.0,0.0,0.0,0.0,0.0,0.0,0.0,0.0,0.0,0.0,0.0,0.0,0.0
206,order1,frame_drop_5,55,False,3,caption,False,0.06433750689029694,0.9172056921086675,0.5399674390411061,1.0,1.0,0.5730621214539727,0.575470086323483,0.543258978644478,0.9172056921086675,0.5389960823332781,1.0,1.0,0.572003504788952,0.5744138929198217,0.542284576241731,0.0,-0.0009713567078279972,0.0,0.0,-0.0010586166650207174,-0.0010561934036612541,-0.0009744024027470433
492,order1,frame_drop_5,56,True,3,question,True,0.06629666686058044,0.8473895582329317,0.4631795659638544,1.0,0.0,0.549317710307062,0.5406823851471848,0.4634420444118727,0.7753623188405797,0.4259354123709469,1.0,0.0,0.5493372608148661,0.5404667989726802,0.41397456942588273,-0.072027239392352,-0.0372441535929075,0.0,0.0,1.9550507804111383e-05,-0.0002155861745045673,-0.04946747498598997
243,order1,frame_drop_5,57,False,3,caption,False,0.06629666686058044,0.9668874172185431,0.79134027860329,1.0,1.0,0.8169193228914647,0.8155311341123458,0.784984770870809,0.9668874172185431,0.7919561093248234,1.0,1.0,0.8175677946699205,0.8161818176805851,0.7855972016842663,0.0,0.0006158307215333725,0.0,0.0,0.0006484717784557281,0.0006506835682392742,0.0006124308134572987
359,order1,frame_drop_5,58,False,3,question,False,0.06629666686058044,0.7004830917874396,0.48202811243106597,1.0,0.0,0.7028560508124894,0.707375344096621,0.4886106021425118,0.7004830917874396,0.48214737388217266,1.0,0.0,0.7036536259524768,0.7082502377723221,0.48906871237388855,0.0,0.00011926145110668918,0.0,0.0,0.0007975751399874609,0.0008748936757011494,0.00045811023137676266
132,order1,frame_drop_5,59,False,3,question,False,0.06629666686058044,0.0,0.0,0.0,0.0,0.07697198541469791,0.08574305841072585,0.0,0.0,0.0,0.0,0.0,0.07677421763790791,0.08533796124725371,0.0,0.0,0.0,0.0,0.0,-0.0001977677767899949,-0.00040509716347214564,0.0
419,order1,frame_drop_5,60,True,3,question,True,0.07643973082304001,0.27807486631016043,0.0837757702088745,0.0,0.0,0.11608564396858531,0.11372440650288843,0.08139366751690695,0.3422459893048128,0.08799884147609484,0.0,0.0,0.11694243517945131,0.11450465717999425,0.08619626831137722,0.06417112299465239,0.004223071267220338,0.0,0.0,0.0008567912108660009,0.000780250677105826,0.0048026007944702714
490,order1,frame_drop_5,61,False,3,question,False,0.07643973082304001,0.9473684210526315,0.7696078104619404,1.0,1.0,0.7987299518021904,0.8064017614438804,0.8064017614438804,0.9473684210526315,0.7779517164434185,1.0,1.0,0.8072349792207569,0.8148882127563064,0.8148882127563064,0.0,0.008343905981478161,0.0,0.0,0.008505027418566513,0.00848645131242598,0.00848645131242598
441,order1,frame_drop_5,62,False,3,caption,False,0.07643973082304001,0.0,0.0,0.0,0.0,0.4135514523588121,0.4245430129841238,0.0,0.0,0.0,0.0,0.0,0.42505860857979966,0.4346608139685293,0.0,0.0,0.0,0.0,0.0,0.01150715622098758,0.010117800984405512,0.0
538,order1,frame_drop_5,63,False,3,caption,False,0.07643973082304001,0.37890625,0.150053050888555,0.0,0.0,0.3960162992522689,0.3961527574485083,0.14672324349944754,0.37890625,0.1495490618656602,0.0,0.0,0.3946861838928764,0.3951462057262716,0.14635044656528579,0.0,-0.0005039890228948074,0.0,0.0,-0.0013301153593924808,-0.0010065517222366815,-0.0003727969341617565
44,order2,frame_drop_5,0,True,0,question,True,8.373403397854418e-05,0.8921832884097035,0.0,0.0,0.0,0.0,0.0,0.0,0.8652291105121294,0.0,0.0,0.0,0.0,0.0,0.0,-0.02695417789757415,0.0,0.0,0.0,0.0,0.0,0.0
180,order2,frame_drop_5,1,False,0,question,False,8.373403397854418e-05,0.8137931034482758,0.0,0.0,0.0,0.0,0.0,0.0,0.8137931034482758,0.0,0.0,0.0,0.0,0.0,0.0,0.0,0.0,0.0,0.0,0.0,0.0,0.0
642,order2,frame_drop_5,2,False,0,question,False,8.373403397854418e-05,0.3756906077348066,0.010969711202988041,0.0,0.0,0.10278707834881082,0.11449146395515127,0.015590550858897604,0.3756906077348066,0.010970374548405942,0.0,0.0,0.10278917012119212,0.1144938847875561,0.015591494195379887,0.0,6.633454179005849e-07,0.0,0.0,2.091772381307422e-06,2.420832404828599e-06,9.433364822827861e-07
138,order2,frame_drop_5,3,False,0,question,False,8.373403397854418e-05,0.7160385626643295,0.5475342234876314,1.0,1.0,0.7872041671747554,0.7853797625026612,0.547604935716847,0.7160385626643295,0.5475342664946895,1.0,1.0,0.7872045647508886,0.7853801399139483,0.5476049512578757,0.0,4.3007058136979026e-08,0.0,0.0,3.975761332375427e-07,3.774112871113289e-07,1.5541028686172353e-08
159,order2,frame_drop_5,4,True,0,question,True,0.003864917904138565,0.0,0.0,0.0,0.0,0.04396916754586041,0.04133592294797103,0.0,0.2616279069767442,0.011510923718339353,0.0,0.0,0.04399730843454153,0.04136305133825719,0.010833180112400692,0.2616279069767442,0.011510923718339353,0.0,0.0,2.8140888681117693e-05,2.712839028615882e-05,0.010833180112400692
12,order2,frame_drop_5,5,False,0,question,False,0.003864917904138565,0.37142857142857144,0.17874770087704953,0.0,0.0,0.47773590184836634,0.47485992876181077,0.17756396458770843,0.37142857142857144,0.17873933515776716,0.0,0.0,0.47771148633390803,0.47483846690179554,0.17755696759467332,0.0,-8.365719282366069e-06,0.0,0.0,-2.441551445830914e-05,-2.1461860015226097e-05,-6.9969930351077014e-06
1,order2,frame_drop_5,6,False,0,caption,False,0.003864917904138565,0.7910447761194029,0.4288288730325635,1.0,0.0,0.53206545357744,0.5249160488714408,0.39368703665358057,0.7910447761194029,0.4288026630836369,1.0,0.0,0.5320329338259939,0.5248837475604572,0.39366281067034287,0.0,-2.620994892660322e-05,0.0,0.0,-3.251975144602515e-05,-3.2301310983640086e-05,-2.422598323770231e-05
507,order2,frame_drop_5,7,False,0,caption,False,0.003864917904138565,0.0,0.0,0.0,0.0,0.2505409305091652,0.28885035573032264,0.0,0.0,0.0,0.0,0.0,0.2454597975491006,0.2827917876217987,0.0,0.0,0.0,0.0,0.0,-0.005081132960064599,-0.006058568108523954,0.0
206,order2,frame_drop_5,8,True,0,caption,True,0.008900669403374195,0.9172056921086675,0.5399674390411061,1.0,1.0,0.5730621214539727,0.575470086323483,0.543258978644478,0.9016817593790427,0.5315591882730365,1.0,1.0,0.573104383151061,0.5755126202639016,0.5344605146828548,-0.015523932729624823,-0.008408250768069614,0.0,0.0,4.2261697088319394e-05,4.253394041864311e-05,-0.008798463961623204
68,order2,frame_drop_5,9,False,0,question,False,0.008900669403374195,0.703125,0.43735857606548834,1.0,0.0,0.6166311429690697,0.6151034237956258,0.4473479445786369,0.703125,0.4389938955905722,1.0,0.0,0.618935276838134,0.6174371224325571,0.4490451799509506,0.0,0.0016353195250838892,0.0,0.0,0.002304133869064251,0.002333698636931336,0.001697235372313699
169,order2,frame_drop_5,10,False,0,question,False,0.008900669403374195,0.0,0.0,0.0,0.0,0.24794396658442366,0.37027780088782003,0.0,0.0,0.0,0.0,0.0,0.2477800449995017,0.370022331173657,0.0,0.0,0.0,0.0,0.0,-0.00016392158492195552,-0.00025546971416301467,0.0
418,order2,frame_drop_5,11,False,0,question,False,0.008900669403374195,0.0,0.0,0.0,0.0,0.9083872447260742,0.9084664006456594,0.0,0.0,0.0,0.0,0.0,0.9080602661432682,0.9081212515123683,0.0,0.0,0.0,0.0,0.0,-0.00032697858280605896,-0.00034514913329108943,0.0
567,order2,frame_drop_5,12,True,0,caption,True,0.026346787810325623,0.6756756756756757,0.0,0.0,0.0,0.0,0.0,0.0,0.6226415094339622,0.0,0.0,0.0,0.0,0.0,0.0,-0.05303416624171342,0.0,0.0,0.0,0.0,0.0,0.0
332,order2,frame_drop_5,13,False,0,caption,False,0.026346787810325623,0.20224719101123595,0.019647254270494387,0.0,0.0,0.034834668382326774,0.03330488860370326,0.019281777612670307,0.20224719101123595,0.019557919877997407,0.0,0.0,0.034678310941970526,0.03315732273459634,0.01919634474108209,0.0,-8.93343924969793e-05,0.0,0.0,-0.00015635744035624732,-0.00014756586910692066,-8.543287158821813e-05
324,order2,frame_drop_5,14,False,0,question,False,0.026346787810325623,0.16058394160583941,0.10157967240690323,0.0,0.0,0.6336312933160916,0.6250898207372443,0.10853223285425256,0.16058394160583941,0.10169654562159132,0.0,0.0,0.6342889188297592,0.6258346632145798,0.108669228556527,0.0,0.0001168732146880902,0.0,0.0,0.000657625513667659,0.0007448424773355278,0.00013699570227443392
346,order2,frame_drop_5,15,False,0,caption,False,0.026346787810325623,0.18859649122807018,0.15057347236490168,0.0,0.0,0.7935100819136883,0.7940602213310187,0.16795221653488354,0.18859649122807018,0.1505892122273467,0.0,0.0,0.7936317123178116,0.7941695681859056,0.1679686886109872,0.0,1.5739862445018904e-05,0.0,0.0,0.00012163040412327408,0.00010934685488683815,1.647207610366852e-05
3,order2,frame_drop_5,16,True,1,caption,True,0.026349935680627823,0.0,0.0,0.0,0.0,0.05225489674125184,0.09128540687347282,0.0,0.0,0.0,0.0,0.0,0.05246156711600908,0.09143259918747093,0.0,0.0,0.0,0.0,0.0,0.0002066703747572382,0.00014719231399810961,0.0
490,order2,frame_drop_5,17,False,1,question,False,0.026349935680627823,0.9473684210526315,0.7696078104619404,1.0,1.0,0.7987299518021904,0.8064017614438804,0.8064017614438804,0.9473684210526315,0.7707004783260862,1.0,1.0,0.7998228938444395,0.807516873220485,0.807516873220485,0.0,0.0010926678641458576,0.0,0.0,0.0010929420422490788,0.001115111776604616,0.001115111776604616
359,order2,frame_drop_5,18,False,1,question,False,0.026349935680627823,0.7004830917874396,0.48202811243106597,1.0,0.0,0.7028560508124894,0.707375344096621,0.4886106021425118,0.7004830917874396,0.48209020235953015,1.0,0.0,0.7029380128023515,0.7074957170175372,0.48868292890953546,0.0,6.208992846418182e-05,0.0,0.0,8.196198986210046e-05,0.00012037292091626739,7.232676702367824e-05
588,order2,frame_drop_5,19,False,1,question,False,0.026349935680627823,0.0,0.0,0.0,0.0,0.0,0.0,0.0,0.0,0.0,0.0,0.0,0.0,0.0,0.0,0.0,0.0,0.0,0.0,0.0,0.0,0.0
650,order2,frame_drop_5,20,True,1,caption,True,0.04174679517745972,0.3177842565597668,0.0024309802229784106,0.0,0.0,0.0024407249400188054,0.003569874857119687,0.003569874857119687,0.7376093294460642,0.0024636472290222935,0.0,0.0,0.002474866664117516,0.0036275795142630017,0.003567088239664372,0.4198250728862974,3.2667006043882955e-05,0.0,0.0,3.4141724098710365e-05,5.770465714331459e-05,-2.7866174553150234e-06
356,order2,frame_drop_5,21,False,1,caption,False,0.04174679517745972,0.13162773451983686,0.0,0.0,0.0,0.0,0.0,0.0,0.13162773451983686,0.0,0.0,0.0,0.0,0.0,0.0,0.0,0.0,0.0,0.0,0.0,0.0,0.0
485,order2,frame_drop_5,22,False,1,question,False,0.04174679517745972,0.8975308641975308,0.34543257499849306,1.0,0.0,0.39709250740372287,0.39332028453651063,0.34640995938278035,0.8975308641975308,0.344241003205419,1.0,0.0,0.39588889535741856,0.3922241728991049,0.34531020172528626,0.0,-0.0011915717930740533,0.0,0.0,-0.0012036120463043143,-0.00109611163740575,-0.0010997576574940937
132,order2,frame_drop_5,23,False,1,question,False,0.04174679517745972,0.0,0.0,0.0,0.0,0.07697198541469791,0.08574305841072585,0.0,0.0,0.0,0.0,0.0,0.07559797787328243,0.08437103096218672,0.0,0.0,0.0,0.0,0.0,-0.0013740075414154784,-0.0013720274485391343,0.0
600,order2,frame_drop_5,24,True,1,caption,True,0.04641944169998169,0.0,0.0,0.0,0.0,0.31035763508571895,0.30012035757860395,0.0,0.017326732673267328,0.0023297752213481235,0.0,0.0,0.3091318146141521,0.29894919924870367,0.006613344998900074,0.017326732673267328,0.0023297752213481235,0.0,0.0,-0.0012258204715668297,-0.0011711583299002792,0.006613344998900074
41,order2,frame_drop_5,25,False,1,caption,False,0.04641944169998169,0.06842105263157895,0.008596452788920848,0.0,0.0,0.2187016673253777,0.22049673332533895,0.014889410294825139,0.06842105263157895,0.008915513696203763,0.0,0.0,0.22761248246035984,0.2293691021168563,0.015429339869568442,0.0,0.00031906090728291495,0.0,0.0,0.008910815134982125,0.008872368791517343,0.000539929574743303
617,order2,frame_drop_5,26,False,1,question,False,0.04641944169998169,0.9842105263157894,0.018779107138111477,0.0,0.0,0.018779107138111477,0.019564007015261183,0.019564007015261183,0.9842105263157894,0.019207554043782826,0.0,0.0,0.019207554043782826,0.020040775269975032,0.020040775269975032,0.0,0.0004284469056713494,0.0,0.0,0.0004284469056713494,0.00047676825471384965,0.00047676825471384965
34,order2,frame_drop_5,27,False,1,caption,False,0.04641944169998169,0.45187165775401067,0.3813030772921877,1.0,0.0,0.7887123925398225,0.7973110199253279,0.3939556169011966,0.45187165775401067,0.38206824407564655,1.0,0.0,0.7902827617990306,0.7987251484040476,0.3946261572265016,0.0,0.0007651667834588372,0.0,0.0,0.0015703692592080598,0.0014141284787196895,0.0006705403253049469
312,order2,frame_drop_5,28,True,1,question,True,0.047764893621206284,0.6138888888888889,0.3746231733909883,1.0,0.0,0.6023554737115625,0.6028005144120295,0.3761726646658261,0.6652777777777777,0.40601670712599297,1.0,0.0,0.6022367220551339,0.6026351462099123,0.40636662768256315,0.05138888888888882,0.0313935337350047,0.0,0.0,-0.00011875165642860619,-0.00016536820211721093,0.030193963016737047
94,order2,frame_drop_5,29,False,1,caption,False,0.047764893621206284,0.3776634827332844,0.19489361665347288,0.0,0.0,0.48656088708493744,0.4876826296694778,0.1986621995764087,0.3776634827332844,0.19581082993210894,0.0,0.0,0.4893382429794961,0.49046962459194776,0.19962506544892644,0.0,0.0009172132786360587,0.0,0.0,0.0027773558945586307,0.0027869949224699764,0.0009628658725177319
544,order2,frame_drop_5,30,False,1,question,False,0.047764893621206284,0.7769784172661871,0.4170049157320818,1.0,0.0,0.5367007711736979,0.5131524032732653,0.39473261790251174,0.7769784172661871,0.41869936372895245,1.0,0.0,0.5388815885030036,0.5152473268122233,0.39634409754786404,0.0,0.0016944479968706294,0.0,0.0,0.002180817329305751,0.0020949235389580156,0.0016114796453522984
83,order2,frame_drop_5,31,False,1,question,False,0.047764893621206284,0.5846153846153846,0.4464398223635428,1.0,0.0,0.7680238372879137,0.7665091766359763,0.4456939638716949,0.5846153846153846,0.4458874464843143,1.0,0.0,0.7671484662054366,0.7656453518704506,0.4451560053132,0.0,-0.0005523758792285172,0.0,0.0,-0.0008753710824770389,-0.0008638247655257114,-0.000537958558494922
171,order2,frame_drop_5,32,True,2,question,True,0.04915938153862953,0.05434782608695652,0.017981109465188858,0.0,0.0,0.330852414159475,0.3204153537920937,0.017226631924306113,0.0,0.0,0.0,0.0,0.3414818310547674,0.3301166593926997,0.0,-0.05434782608695652,-0.017981109465188858,0.0,0.0,0.010629416895292454,0.009701305600606003,-0.017226631924306113
339,order2,frame_drop_5,33,False,2,caption,False,0.04915938153862953,0.1461794019933555,0.0,0.0,0.0,0.035687952306709285,0.08802328901906029,0.0,0.1461794019933555,0.0,0.0,0.0,0.03516873558448756,0.08780348507508524,0.0,0.0,0.0,0.0,0.0,-0.0005192167222217228,-0.00021980394397504155,0.0
258,order2,frame_drop_5,34,False,2,caption,False,0.04915938153862953,0.0,0.0,0.0,0.0,0.7913396196546368,0.7773530287941726,0.0,0.0,0.0,0.0,0.0,0.7903863835394802,0.7762978803506084,0.0,0.0,0.0,0.0,0.0,-0.0009532361151566304,-0.0010551484435641356,0.0
24,order2,frame_drop_5,35,False,2,caption,False,0.04915938153862953,0.36283185840707965,0.3450325896347605,1.0,0.0,0.9207617273460583,0.9159203789152093,0.3541614481974979,0.36283185840707965,0.3453501783675761,1.0,0.0,0.921274952672855,0.9166177797295456,0.35463563952342475,0.0,0.00031758873281556577,0.0,0.0,0.0005132253267966513,0.0006974008143363353,0.00047419132592685376
538,order2,frame_drop_5,36,True,2,caption,True,0.056515250355005264,0.37890625,0.150053050888555,0.0,0.0,0.3960162992522689,0.3961527574485083,0.14672324349944754,0.3716475095785441,0.14677623774082307,0.0,0.0,0.3949340005191219,0.39493757686113823,0.14361366431314118,-0.0072587404214559115,-0.0032768131477319273,0.0,0.0,-0.0010822987331469691,-0.0012151805873700794,-0.0031095791863063604
564,order2,frame_drop_5,37,False,2,question,False,0.056515250355005264,0.7592592592592593,0.0,0.0,0.0,0.0,0.0,0.0,0.7592592592592593,0.0,0.0,0.0,0.0,0.0,0.0,0.0,0.0,0.0,0.0,0.0,0.0,0.0
243,order2,frame_drop_5,38,False,2,caption,False,0.056515250355005264,0.9668874172185431,0.79134027860329,1.0,1.0,0.8169193228914647,0.8155311341123458,0.784984770870809,0.9668874172185431,0.7905546281310307,1.0,1.0,0.816085777613073,0.8147683841970402,0.7842695009262005,0.0,-0.0007856504722593138,0.0,0.0,-0.0008335452783917452,-0.0007627499153055606,-0.0007152699446084654
400,order2,frame_drop_5,39,False,2,question,False,0.056515250355005264,0.37160493827160496,0.2568504416278933,0.0,0.0,0.6470344649441296,0.6468998196020962,0.2607572264363015,0.37160493827160496,0.2580551052040518,0.0,0.0,0.6511071954830899,0.6509106037954377,0.2620203662385021,0.0,0.0012046635761585045,0.0,0.0,0.00407273053896029,0.0040107841933415544,0.001263139802200608
623,order2,frame_drop_5,40,True,2,caption,True,0.08065887540578842,0.8161209068010076,0.09946066249002632,0.0,0.0,0.14001421581092033,0.13780660820714175,0.09632298975310273,0.8463476070528967,0.11303488145024829,0.0,0.0,0.14606545711256264,0.14360528907078823,0.10893136885902559,0.030226700251889116,0.01357421896022197,0.0,0.0,0.006051241301642307,0.005798680863646488,0.012608379105922857
512,order2,frame_drop_5,41,False,2,caption,False,0.08065887540578842,0.0,0.0,0.0,0.0,0.5965770879402217,0.5979964782957151,0.0,0.0,0.0,0.0,0.0,0.5983287656325145,0.599725063125595,0.0,0.0,0.0,0.0,0.0,0.0017516776922927857,0.00172858482987992,0.0
562,order2,frame_drop_5,42,False,2,caption,False,0.08065887540578842,0.3023255813953488,0.2038402634010472,0.0,0.0,0.6847041319925602,0.6652576401700446,0.21996561411288032,0.3023255813953488,0.2057268021910916,0.0,0.0,0.6901412907571943,0.6692137021008724,0.22142143880308235,0.0,0.001886538790044412,0.0,0.0,0.005437158764634131,0.003956061930827759,0.0014558246902020289
65,order2,frame_drop_5,43,False,2,caption,False,0.08065887540578842,0.08237547892720307,0.02787744210787474,0.0,0.0,0.3163483647893612,0.3333223544459308,0.02752202926617777,0.08237547892720307,0.027996626456077697,0.0,0.0,0.3177008480450556,0.33473796722326843,0.02763891472485703,0.0,0.0001191843482029574,0.0,0.0,0.0013524832556944255,0.0014156127773376492,0.00011688545867925837
371,order2,frame_drop_5,44,True,2,caption,True,0.08148203045129776,0.675,0.0002937924063547062,0.0,0.0,0.000427334409243209,0.0,0.0,0.8709677419354839,0.0003253598183373478,0.0,0.0,0.00036676924976210116,0.0,0.0,0.19596774193548383,3.156741198264161e-05,0.0,0.0,-6.0565159481107845e-05,0.0,0.0
119,order2,frame_drop_5,45,False,2,caption,False,0.08148203045129776,0.10236220472440945,0.0032899152427704487,0.0,0.0,0.015183773550104893,0.07265786910961894,0.018991783446902152,0.10236220472440945,0.003103222742918509,0.0,0.0,0.014158836176440424,0.06844727247025408,0.01791405856139323,0.0,-0.0001866924998519398,0.0,0.0,-0.0010249373736644692,-0.004210596639364864,-0.0010777248855089218
582,order2,frame_drop_5,46,False,2,question,False,0.08148203045129776,0.4393939393939394,0.31631723921871074,1.0,0.0,0.6735913185861618,0.7162017735351749,0.3262384833355203,0.4393939393939394,0.3175887949404133,1.0,0.0,0.6765101998255303,0.7192838534054289,0.32760104695357184,0.0,0.0012715557217025664,0.0,0.0,0.002918881239368454,0.0030820798702539953,0.0013625636180515377
377,order2,frame_drop_5,47,False,2,caption,False,0.08148203045129776,0.05365853658536585,0.028152846528592023,0.0,0.0,0.4610789815137424,0.45121372606096416,0.029037934487951146,0.05365853658536585,0.028644748118923338,0.0,0.0,0.47531193314244313,0.4685548787754203,0.029811053995570283,0.0,0.0004919015903313145,0.0,0.0,0.014232951628700752,0.01734115271445613,0.0007731195076191369
419,order2,frame_drop_5,48,True,3,question,True,0.07011707127094269,0.27807486631016043,0.0837757702088745,0.0,0.0,0.11608564396858531,0.11372440650288843,0.08139366751690695,0.3422459893048128,0.08685255999027405,0.0,0.0,0.11526924722572941,0.11273272804187191,0.08500161817919547,0.06417112299465239,0.0030767897813995526,0.0,0.0,-0.0008163967428558988,-0.0009916784610165125,0.0036079506622885144
648,order2,frame_drop_5,49,False,3,question,False,0.07011707127094269,0.11023622047244094,0.0,0.0,0.0,0.0,0.0,0.0,0.11023622047244094,0.0,0.0,0.0,0.0,0.0,0.0,0.0,0.0,0.0,0.0,0.0,0.0,0.0
133,order2,frame_drop_5,50,False,3,question,False,0.07011707127094269,0.624813153961136,0.5377501865529943,1.0,1.0,0.8162803614242661,0.8186887609132958,0.5422471827368307,0.624813153961136,0.537759048665217,1.0,1.0,0.8165482740307871,0.8189350702160487,0.5422229032924446,0.0,8.862112222618457e-06,0.0,0.0,0.0002679126065210369,0.00024630930275293395,-2.4279444386099414e-05
238,order2,frame_drop_5,51,False,3,question,False,0.07011707127094269,0.0,0.0,0.0,0.0,0.8861363106177821,0.877404441168681,0.0,0.0,0.0,0.0,0.0,0.8848076110574382,0.872754694868816,0.0,0.0,0.0,0.0,0.0,-0.0013286995603438712,-0.004649746299865032,0.0
401,order2,frame_drop_5,52,True,3,caption,True,0.08007391542196274,0.6046296296296296,0.351535423028795,1.0,0.0,0.5880691810729901,0.5898912823733289,0.3530770668428637,0.649074074074074,0.398099087898152,1.0,0.0,0.5938534544886654,0.5956680485678124,0.3998625221754477,0.0444444444444444,0.046563664869357035,0.0,0.0,0.005784273415675334,0.005776766194483529,0.04678545533258399
447,order2,frame_drop_5,53,False,3,question,False,0.08007391542196274,0.6338797814207651,0.5287337576421265,1.0,1.0,0.8363539927638844,0.8413870003808838,0.5344661908916126,0.6338797814207651,0.529380980707899,1.0,1.0,0.836712418329448,0.8418106297296662,0.5351363573005952,0.0,0.0006472230657724731,0.0,0.0,0.000358425565563536,0.0004236293487824838,0.0006701664089825421
620,order2,frame_drop_5,54,False,3,caption,False,0.08007391542196274,0.345679012345679,0.2790872214933736,0.0,0.0,0.7999528102521051,0.7829747751959908,0.27963384828428245,0.345679012345679,0.27959412667927025,0.0,0.0,0.8018805287640439,0.7856540158288753,0.280590719938884,0.0,0.0005069051858966334,0.0,0.0,0.0019277185119388474,0.002679240632884494,0.0009568716546015654
663,order2,frame_drop_5,55,False,3,question,False,0.08007391542196274,0.8517618469015796,0.35124780114610754,1.0,0.0,0.40692721805627896,0.4026196542110811,0.3457822689573244,0.8517618469015796,0.3574415661434946,1.0,0.0,0.4142171205890288,0.40988052547904913,0.3519200482102652,0.0,0.006193764997387052,0.0,0.0,0.007289902532749859,0.007260871267968039,0.006137779252940789
534,order2,frame_drop_5,56,True,3,question,True,0.08386101573705673,0.795774647887324,0.0,0.0,0.0,0.014637170920592938,0.021214097375174563,0.0,0.10610328638497653,0.0,0.0,0.0,0.014730507207548729,0.021687306058516962,0.0,-0.6896713615023474,0.0,0.0,0.0,9.333628695579015e-05,0.0004732086833423993,0.0
143,order2,frame_drop_5,57,False,3,caption,False,0.08386101573705673,0.0,0.0,0.0,0.0,0.6330189229096419,0.6326506826345796,0.0,0.0,0.0,0.0,0.0,0.6468113143286452,0.6464888803723349,0.0,0.0,0.0,0.0,0.0,0.013792391419003347,0.013838197737755298,0.0
543,order2,frame_drop_5,58,False,3,caption,False,0.08386101573705673,0.0,0.0,0.0,0.0,0.6074101651218524,0.609245799506232,0.0,0.0,0.0,0.0,0.0,0.6074640396413138,0.6095624476391643,0.0,0.0,0.0,0.0,0.0,5.387451946137212e-05,0.00031664813293230676,0.0
550,order2,frame_drop_5,59,False,3,caption,False,0.08386101573705673,0.4931506849315068,0.278032556938443,0.0,0.0,0.565947198746263,0.5613421267548189,0.27494308249215615,0.4931506849315068,0.27814671495621046,0.0,0.0,0.5661871626703165,0.5617973980544337,0.27516607251645736,0.0,0.00011415801776748502,0.0,0.0,0.0002399639240535656,0.0004552712996148678,0.00022299002430120618
40,order2,frame_drop_5,60,True,3,caption,True,0.08228828012943268,0.918918918918919,0.8059289860854927,1.0,1.0,0.8607511076479133,0.8773024090604163,0.8191395779808511,0.918918918918919,0.8033148315648276,1.0,1.0,0.8580933287814543,0.8746222314528622,0.8164868157024042,0.0,-0.0026141545206650463,0.0,0.0,-0.002657778866459015,-0.002680177607554124,-0.0026527622784469074
609,order2,frame_drop_5,61,False,3,caption,False,0.08228828012943268,0.0,0.0,0.0,0.0,0.74441763569341,0.74689838844363,0.0,0.0,0.0,0.0,0.0,0.758533810187604,0.761708567657433,0.0,0.0,0.0,0.0,0.0,0.014116174494194,0.01481017921380301,0.0
492,order2,frame_drop_5,62,False,3,question,False,0.08228828012943268,0.8473895582329317,0.4631795659638544,1.0,0.0,0.549317710307062,0.5406823851471848,0.4634420444118727,0.8473895582329317,0.4708471721814784,1.0,0.0,0.5584184248907701,0.5499658175761435,0.47139927220812294,0.0,0.007667606217624023,0.0,0.0,0.009100714583708092,0.009283432428958682,0.007957227796250244
441,order2,frame_drop_5,63,False,3,caption,False,0.08228828012943268,0.0,0.0,0.0,0.0,0.4135514523588121,0.4245430129841238,0.0,0.0,0.0,0.0,0.0,0.40840206919772426,0.4197440484036544,0.0,0.0,0.0,0.0,0.0,-0.005149383161087817,-0.004798964580469356,0.0
550,order1,frame_freeze_5,0,True,0,caption,True,0.0086276950314641,0.4311377245508982,0.24257046870205398,0.0,0.0,0.5647959444402679,0.5602863052118976,0.2401227022336704,0.4311377245508982,0.24257046870205398,0.0,0.0,0.5647959444402679,0.5602863052118976,0.2401227022336704,0.0,0.0,0.0,0.0,0.0,0.0,0.0
12,order1,frame_freeze_5,1,False,0,question,False,0.0086276950314641,0.45,0.222895858277297,0.0,0.0,0.4930021118780069,0.4894287540583842,0.21910927693540325,0.45,0.2230195130821357,0.0,0.0,0.4932481770363539,0.48967275371710584,0.2192305124623301,0.0,0.0001236548048386965,0.0,0.0,0.0002460651583469642,0.00024399965872162754,0.00012123552692686057
24,order1,frame_freeze_5,2,False,0,caption,False,0.0086276950314641,0.36283185840707965,0.3450428947073206,1.0,0.0,0.9207591621654182,0.9159133995704448,0.3541700857580837,0.36283185840707965,0.3450623233306587,1.0,0.0,0.9208444533387936,0.9160058511661536,0.3541989743422609,0.0,1.9428623338146878e-05,0.0,0.0,8.529117337541248e-05,9.245159570880901e-05,2.8888584177211296e-05
41,order1,frame_freeze_5,3,False,0,caption,False,0.0086276950314641,0.0,0.0,0.0,0.0,0.21995855918410537,0.22182042053100898,0.0,0.0,0.0,0.0,0.0,0.21987737895542547,0.22172091459737933,0.0,0.0,0.0,0.0,0.0,-8.11802286798946e-05,-9.950593362964555e-05,0.0
371,order1,frame_freeze_5,4,True,0,caption,True,0.019339464604854584,0.675,0.0002937924063547062,0.0,0.0,0.000427334409243209,0.0,0.0,0.8709677419354839,0.00037851587058783766,0.0,0.0,0.00042669061775356247,0.0,0.0,0.19596774193548383,8.472346423313146e-05,0.0,0.0,-6.437914896465424e-07,0.0,0.0
312,order1,frame_freeze_5,5,False,0,question,False,0.019339464604854584,0.6337962962962963,0.3995922423251221,1.0,0.0,0.6142877742149161,0.615119720998048,0.40104194068806576,0.6337962962962963,0.3996230520577294,1.0,0.0,0.6143435115192741,0.6151656315756676,0.4010670215246141,0.0,3.0809732607328666e-05,0.0,0.0,5.573730435803892e-05,4.5910577619601156e-05,2.5080836548341257e-05
83,order1,frame_freeze_5,6,False,0,question,False,0.019339464604854584,0.6307692307692307,0.4813913663678057,1.0,0.0,0.769065721870716,0.7675406471304242,0.4797863717496383,0.6307692307692307,0.48175409657346824,1.0,0.0,0.7696018119366016,0.768076121656316,0.48014797876688825,0.0,0.00036273020566252034,0.0,0.0,0.0005360900658856194,0.0005354745258917548,0.00036160701724996525
582,order1,frame_freeze_5,7,False,0,question,False,0.019339464604854584,0.5507246376811594,0.3956864487164799,1.0,0.0,0.6741324681836325,0.7176206593272398,0.40561167701104855,0.5507246376811594,0.3958062097607886,1.0,0.0,0.6743365055183806,0.7178355183193201,0.4057331190500505,0.0,0.00011976104430871937,0.0,0.0,0.00020403733474816388,0.00021485899208029124,0.00012144203900193995
1,order1,frame_freeze_5,8,True,0,caption,True,0.02363731525838375,0.7910447761194029,0.4288288730325635,1.0,0.0,0.53206545357744,0.5249160488714408,0.39368703665358057,0.6708860759493671,0.3630590543106318,1.0,0.0,0.5311419498248132,0.5239380126721126,0.3368172938606438,-0.12015870017003583,-0.06576981872193172,0.0,0.0,-0.0009235037526267309,-0.000978036199328236,-0.05686974279293677
562,order1,frame_freeze_5,9,False,0,caption,False,0.02363731525838375,0.3023255813953488,0.2038402634010472,0.0,0.0,0.6847041319925602,0.6652576401700446,0.21996561411288032,0.3023255813953488,0.20417058604418986,0.0,0.0,0.6859383552679139,0.6661168568486994,0.22020404567285923,0.0,0.000330322643142672,0.0,0.0,0.0012342232753537186,0.0008592166786547395,0.00023843155997890775
180,order1,frame_freeze_5,10,False,0,question,False,0.02363731525838375,0.8137931034482758,0.0,0.0,0.0,0.0,0.0,0.0,0.8137931034482758,0.0,0.0,0.0,0.0,0.0,0.0,0.0,0.0,0.0,0.0,0.0,0.0,0.0
159,order1,frame_freeze_5,11,False,0,question,False,0.02363731525838375,0.0,0.0,0.0,0.0,0.04722982170615857,0.04096645943948825,0.0,0.0,0.0,0.0,0.0,0.04270654854677495,0.03754106648310222,0.0,0.0,0.0,0.0,0.0,-0.004523273159383619,-0.0034253929563860253,0.0
507,order1,frame_freeze_5,12,True,0,caption,True,0.04314239323139191,0.0,0.0,0.0,0.0,0.29104151835451797,0.3400013526238823,0.0,0.0,0.0,0.0,0.0,0.2928859923946383,0.34255227668184357,0.0,0.0,0.0,0.0,0.0,0.0018444740401203363,0.002550924057961257,0.0
143,order1,frame_freeze_5,13,False,0,caption,False,0.04314239323139191,0.0,0.0,0.0,0.0,0.6311898924393096,0.6307218937173296,0.0,0.0,0.0,0.0,0.0,0.6348975880330401,0.634420030302585,0.0,0.0,0.0,0.0,0.0,0.00370769559373052,0.0036981365852554182,0.0
171,order1,frame_freeze_5,14,False,0,question,False,0.04314239323139191,0.053763440860215055,0.02187814545476295,0.0,0.0,0.4069335054585909,0.38979721433651526,0.020733894379601873,0.053763440860215055,0.02052933279653044,0.0,0.0,0.38184559001546614,0.36419468749826633,0.019372057845652463,0.0,-0.0013488126582325115,0.0,0.0,-0.025087915443124775,-0.02560252683824893,-0.0013618365339494107
617,order1,frame_freeze_5,15,False,0,question,False,0.04314239323139191,0.9842105263157894,0.018809678243207662,0.0,0.0,0.018809678243207662,0.01957779850365208,0.01957779850365208,0.9842105263157894,0.018951952735974796,0.0,0.0,0.018951952735974796,0.01973155013304077,0.01973155013304077,0.0,0.00014227449276713391,0.0,0.0,0.00014227449276713391,0.00015375162938869105,0.00015375162938869105
3,order1,frame_freeze_5,16,True,1,caption,True,0.04312452673912048,0.0,0.0,0.0,0.0,0.0510241094200544,0.089504388933253,0.0,0.0,0.0,0.0,0.0,0.05134731512187221,0.08978890035968153,0.0,0.0,0.0,0.0,0.0,0.0003232057018178122,0.0002845114264285187,0.0
332,order1,frame_freeze_5,17,False,1,caption,False,0.04312452673912048,0.20224719101123595,0.01960743600489614,0.0,0.0,0.034773964896139264,0.03324879655046943,0.019249303266061252,0.20224719101123595,0.019561934525342512,0.0,0.0,0.03468999667322022,0.03317304457706407,0.019205446860405512,0.0,-4.550147955362932e-05,0.0,0.0,-8.39682229190411e-05,-7.575197340536216e-05,-4.3856405655740005e-05
534,order1,frame_freeze_5,18,False,1,question,False,0.04312452673912048,0.795774647887324,0.0,0.0,0.0,0.01448064933691677,0.020980774176238365,0.0,0.795774647887324,0.0,0.0,0.0,0.014548170117116774,0.0211003734868279,0.0,0.0,0.0,0.0,0.0,6.75207802000033e-05,0.00011959931058953474,0.0
356,order1,frame_freeze_5,19,False,1,caption,False,0.04312452673912048,0.6051167964404894,0.0,0.0,0.0,0.0,0.0,0.0,0.6051167964404894,0.0,0.0,0.0,0.0,0.0,0.0,0.0,0.0,0.0,0.0,0.0,0.0,0.0
133,order1,frame_freeze_5,20,True,1,question,True,0.0441230870783329,0.6337817638266069,0.5448387967840275,1.0,1.0,0.8156176219748416,0.8187848787055013,0.550201300711146,0.25759840558046837,0.18902314192623618,0.0,0.0,0.8159167506872788,0.8190770617627874,0.19039004801049372,-0.3761833582461385,-0.3558156548577913,-1.0,-1.0,0.0002991287124372022,0.0002921830572860662,-0.3598112527006523
68,order1,frame_freeze_5,21,False,1,question,False,0.0441230870783329,0.703125,0.43673974554713807,1.0,0.0,0.615740460883028,0.6142247109367491,0.44670888068127207,0.703125,0.43953981236581874,1.0,0.0,0.6196575705565032,0.618227248229791,0.44961981689439345,0.0,0.0028000668186806688,0.0,0.0,0.003917109673475139,0.004002537293041897,0.0029109362131213845
324,order1,frame_freeze_5,22,False,1,question,False,0.0441230870783329,0.16058394160583941,0.10157967240690323,0.0,0.0,0.6336312933160916,0.6250898207372443,0.10853223285425256,0.16058394160583941,0.1019965300909274,0.0,0.0,0.6360932198557565,0.6275984236021711,0.1089824104095405,0.0,0.0004168576840241772,0.0,0.0,0.002461926539664927,0.0025086028649268233,0.0004501775552879367
642,order1,frame_freeze_5,23,False,1,question,False,0.0441230870783329,0.4623115577889447,0.029003554697763022,0.0,0.0,0.11863425870192629,0.12852954112395085,0.034632327950916024,0.4623115577889447,0.026514574272387605,0.0,0.0,0.11398586307073573,0.12386542724336785,0.0319420594927627,0.0,-0.002488980425375417,0.0,0.0,-0.004648395631190558,-0.004664113880582993,-0.0026902684581533234
543,order1,frame_freeze_5,24,True,1,caption,True,0.04600003734230995,0.0,0.0,0.0,0.0,0.5795130659533873,0.5794070669194212,0.0,0.2715654952076677,0.15876069903849066,0.0,0.0,0.5807206150426689,0.580577018756428,0.1599303985743798,0.2715654952076677,0.15876069903849066,0.0,0.0,0.0012075490892816676,0.001169951837006744,0.1599303985743798
567,order1,frame_freeze_5,25,False,1,caption,False,0.04600003734230995,0.8048780487804879,0.0,0.0,0.0,0.0,0.0,0.0,0.8048780487804879,0.0,0.0,0.0,0.0,0.0,0.0,0.0,0.0,0.0,0.0,0.0,0.0,0.0
40,order1,frame_freeze_5,26,False,1,caption,False,0.04600003734230995,0.9459459459459459,0.831659308826556,1.0,1.0,0.8624245352215096,0.8794698356278153,0.8499754840733115,0.9459459459459459,0.8324667206755594,1.0,1.0,0.863260837771897,0.8803321825125879,0.8508165227954037,0.0,0.0008074118490033477,0.0,0.0,0.0008363025503873578,0.0008623468847726024,0.00084103872209218
401,order1,frame_freeze_5,27,False,1,caption,False,0.04600003734230995,0.6296296296296297,0.3705967183375129,1.0,0.0,0.592773658491121,0.5948584759500591,0.37254629811487333,0.6296296296296297,0.37180118795170863,1.0,0.0,0.5947642602515483,0.5968630545709107,0.37376025291207626,0.0,0.0012044696141957356,0.0,0.0,0.001990601760427313,0.0020045786208515715,0.0012139547972029319
34,order1,frame_freeze_5,28,True,1,caption,True,0.046695128083229065,0.8021390374331551,0.6290169092641079,1.0,1.0,0.7819173478679396,0.7909115443854174,0.6448397740316909,0.91,0.7188914712460531,1.0,1.0,0.7825529476053167,0.791492486934982,0.7197406966876067,0.10786096256684496,0.08987456198194521,0.0,0.0,0.000635599737377035,0.0005809425495645337,0.07490092265591575
485,order1,frame_freeze_5,29,False,1,question,False,0.046695128083229065,0.9049382716049382,0.3498493182276296,1.0,0.0,0.39753460020743936,0.3936577770268243,0.3504141807649392,0.9049382716049382,0.35201068632069155,1.0,0.0,0.39998918255802624,0.3961521060592409,0.35264030670975594,0.0,0.002161368093061944,0.0,0.0,0.002454582350586876,0.0024943290324165868,0.002226125944816748
377,order1,frame_freeze_5,30,False,1,caption,False,0.046695128083229065,0.07586206896551724,0.03997441561581037,0.0,0.0,0.46319727120468285,0.4544569064878637,0.04092771008036106,0.07586206896551724,0.03993392464148194,0.0,0.0,0.46341929572390744,0.4535096838653819,0.04084243563291331,0.0,-4.049097432842763e-05,0.0,0.0,0.0002220245192245951,-0.0009472226224818137,-8.527444744774876e-05
609,order1,frame_freeze_5,31,False,1,caption,False,0.046695128083229065,0.0,0.0,0.0,0.0,0.7435990757271205,0.7461051735852385,0.0,0.0,0.0,0.0,0.0,0.7441470215079442,0.7466784024723085,0.0,0.0,0.0,0.0,0.0,0.0005479457808237331,0.0005732288870700097,0.0
620,order1,frame_freeze_5,32,True,2,caption,True,0.05009138211607933,0.345679012345679,0.2790872214933736,0.0,0.0,0.7999528102521051,0.7829747751959908,0.27963384828428245,0.32967032967032966,0.2640657775741125,0.0,0.0,0.8009995253081412,0.7841517914779872,0.245047434836871,-0.01600868267534933,-0.015021443919261135,0.0,0.0,0.0010467150560361516,0.0011770162819964014,-0.03458641344741145
65,order1,frame_freeze_5,33,False,2,caption,False,0.05009138211607933,0.08237547892720307,0.02787744210787474,0.0,0.0,0.3163483647893612,0.3333223544459308,0.02752202926617777,0.08237547892720307,0.027923917450279567,0.0,0.0,0.3168757588923029,0.33384057198701506,0.027564817870487483,0.0,4.64753424048274e-05,0.0,0.0,0.0005273941029417251,0.000518217541084276,4.278860430971185e-05
238,order1,frame_freeze_5,34,False,2,question,False,0.05009138211607933,0.0,0.0,0.0,0.0,0.8861363106177821,0.877404441168681,0.0,0.0,0.0,0.0,0.0,0.8856873194407773,0.8787039503301233,0.0,0.0,0.0,0.0,0.0,-0.0004489911770048094,0.0012995091614422805,0.0
94,order1,frame_freeze_5,35,False,2,caption,False,0.05009138211607933,0.6098457016899339,0.2950954202180716,0.0,0.0,0.48406698329514053,0.48520937652991863,0.296859494313287,0.6098457016899339,0.2959408551382759,0.0,0.0,0.4853350821998173,0.48642999771319556,0.297685075843775,0.0,0.0008454349202042799,0.0,0.0,0.0012680989046767732,0.0012206211832769265,0.0008255815304880065
588,order1,frame_freeze_5,36,True,2,question,True,0.05007827654480934,0.0,0.0,0.0,0.0,0.0,0.0,0.0,0.0,0.0,0.0,0.0,0.0,0.0,0.0,0.0,0.0,0.0,0.0,0.0,0.0,0.0
544,order1,frame_freeze_5,37,False,2,question,False,0.05007827654480934,0.15220483641536273,0.08006001759162618,0.0,0.0,0.5211314108047519,0.4952630832018198,0.07988114245190642,0.15220483641536273,0.08089711127604378,0.0,0.0,0.5265802706209146,0.5021203394823823,0.0809871515294165,0.0,0.000837093684417603,0.0,0.0,0.005448859816162721,0.006857256280562551,0.0011060090775100867
138,order1,frame_freeze_5,38,False,2,question,False,0.05007827654480934,0.7541412380122058,0.582174556970287,1.0,1.0,0.7892563546310074,0.7875312420513132,0.580236155681938,0.7541412380122058,0.5818568271602401,1.0,1.0,0.7887741736510564,0.7870520559569577,0.5799176204372009,0.0,-0.00031772981004685175,0.0,0.0,-0.00048218097995100795,-0.0004791860943554882,-0.00031853524473712813
650,order1,frame_freeze_5,39,False,2,caption,False,0.05007827654480934,0.7376093294460642,0.002350305665093919,0.0,0.0,0.0023596366195190966,0.003469517163501966,0.0034695171635019664,0.7376093294460642,0.0022599973840761903,0.0,0.0,0.0022599973840761903,0.00331935614924123,0.00331935614924123,0.0,-9.030828101772893e-05,0.0,0.0,-9.963923544290638e-05,-0.00015016101426073604,-0.00015016101426073647
169,order1,frame_freeze_5,40,True,2,question,True,0.04996456950902939,0.0,0.0,0.0,0.0,0.24794396658442366,0.37027780088782003,0.0,0.0,0.0,0.0,0.0,0.25075082939030297,0.37457075852757105,0.0,0.0,0.0,0.0,0.0,0.002806862805879301,0.004292957639751016,0.0
663,order1,frame_freeze_5,41,False,2,question,False,0.04996456950902939,0.8663426488456865,0.3378451084857859,1.0,0.0,0.38726184631644833,0.38399412560833196,0.33291077787234863,0.8663426488456865,0.3382767091215585,1.0,0.0,0.3877892823167149,0.3844995164224984,0.3333153286291181,0.0,0.0004316006357725777,0.0,0.0,0.0005274360002665568,0.0005053908141664509,0.00040455075676948393
623,order1,frame_freeze_5,42,False,2,caption,False,0.04996456950902939,0.6794871794871795,0.07696162394492956,0.0,0.0,0.1468301997628782,0.141754207912662,0.07356749590563441,0.6794871794871795,0.07478136394641682,0.0,0.0,0.14149114643659197,0.13546406358809474,0.07155482281468901,0.0,-0.0021802599985127347,0.0,0.0,-0.0053390533262862305,-0.0062901443245672595,-0.0020126730909453966
44,order1,frame_freeze_5,43,False,2,question,False,0.04996456950902939,0.9624664879356568,0.0,0.0,0.0,0.0,0.0,0.0,0.9624664879356568,0.0,0.0,0.0,0.0,0.0,0.0,0.0,0.0,0.0,0.0,0.0,0.0,0.0
119,order1,frame_freeze_5,44,True,2,caption,True,0.050463613122701645,0.10743801652892562,0.0034281496971042473,0.0,0.0,0.015063521589435885,0.07174003864647999,0.019752672064267347,0.016029593094944512,0.0005193387153441955,0.0,0.0,0.015373859530871541,0.07285977394303228,0.0030918332328750014,-0.09140842343398112,-0.0029088109817600517,0.0,0.0,0.00031033794143565593,0.0011197352965522933,-0.016660838831392345
648,order1,frame_freeze_5,45,False,2,question,False,0.050463613122701645,0.0423728813559322,0.0,0.0,0.0,0.0,0.0,0.0,0.0423728813559322,0.0,0.0,0.0,0.0,0.0,0.0,0.0,0.0,0.0,0.0,0.0,0.0,0.0
418,order1,frame_freeze_5,46,False,2,question,False,0.050463613122701645,0.0,0.0,0.0,0.0,0.9335346566599798,0.9335509057470905,0.0,0.0,0.0,0.0,0.0,0.9346001622174576,0.9347025508019363,0.0,0.0,0.0,0.0,0.0,0.0010655055574777528,0.0011516450548457735,0.0
447,order1,frame_freeze_5,47,False,2,question,False,0.050463613122701645,0.6240437158469946,0.5207743758560821,1.0,1.0,0.8411553153300325,0.846415332484293,0.5261497707549087,0.6240437158469946,0.521613836636959,1.0,1.0,0.842722801566454,0.8479747675669012,0.5270002642322879,0.0,0.0008394607808769328,0.0,0.0,0.0015674862364214448,0.0015594350826081405,0.0008504934773791994
400,order1,frame_freeze_5,48,True,3,question,True,0.05046435073018074,0.8530864197530864,0.5683589376447943,1.0,1.0,0.6507727785755247,0.651229921047404,0.5714447452936453,0.920332936979786,0.6046317652561025,1.0,1.0,0.6556190431715708,0.6560911893464316,0.6016216314582185,0.06724651722669961,0.036272827611308234,0.0,0.0,0.00484626459604609,0.004861268299027666,0.030176886164573147
339,order1,frame_freeze_5,49,False,3,caption,False,0.05046435073018074,0.10888252148997135,0.0,0.0,0.0,0.03652616954883027,0.08800093981156398,0.0,0.10888252148997135,0.0,0.0,0.0,0.036971798057475455,0.08704660447265465,0.0,0.0,0.0,0.0,0.0,0.000445628508645185,-0.0009543353389093318,0.0
512,order1,frame_freeze_5,50,False,3,caption,False,0.05046435073018074,0.0,0.0,0.0,0.0,0.5953084278844262,0.5966975701409968,0.0,0.0,0.0,0.0,0.0,0.5979554891138209,0.599387986485152,0.0,0.0,0.0,0.0,0.0,0.0026470612293947315,0.002690416344155233,0.0
600,order1,frame_freeze_5,51,False,3,caption,False,0.05046435073018074,0.0,0.0,0.0,0.0,0.2985431996649934,0.2911071736539096,0.0,0.0,0.0,0.0,0.0,0.2970780891966236,0.2861883348429868,0.0,0.0,0.0,0.0,0.0,-0.001465110468369779,-0.00491883881092281,0.0
346,order1,frame_freeze_5,52,True,3,caption,True,0.050453729927539825,0.18859649122807018,0.15057347236490168,0.0,0.0,0.7935100819136883,0.7940602213310187,0.16795221653488354,0.17916666666666667,0.14292664243573885,0.0,0.0,0.7927763519644616,0.793373525029441,0.15942629720430473,-0.00942982456140351,-0.007646829929162824,0.0,0.0,-0.0007337299492267135,-0.0006866963015776939,-0.008525919330578807
258,order1,frame_freeze_5,53,False,3,caption,False,0.050453729927539825,0.0,0.0,0.0,0.0,0.8250178084130497,0.8142124717847194,0.0,0.0,0.0,0.0,0.0,0.8268004410096331,0.816257358173331,0.0,0.0,0.0,0.0,0.0,0.0017826325965834,0.0020448863886115554,0.0
564,order1,frame_freeze_5,54,False,3,question,False,0.050453729927539825,0.5148148148148148,0.0,0.0,0.0,0.0,0.0,0.0,0.5148148148148148,0.0,0.0,0.0,0.0,0.0,0.0,0.0,0.0,0.0,0.0,0.0,0.0,0.0
206,order1,frame_freeze_5,55,False,3,caption,False,0.050453729927539825,0.9715394566623544,0.5581881915798944,1.0,1.0,0.569442373812898,0.5717476423242097,0.5605936226778849,0.9715394566623544,0.5571187583024207,1.0,1.0,0.5683399234019773,0.5706424715503604,0.559519319112432,0.0,-0.0010694332774736637,0.0,0.0,-0.001102450410920719,-0.0011051707738493066,-0.0010743035654529054
492,order1,frame_freeze_5,56,True,3,question,True,0.051714833825826645,0.8473895582329317,0.4631795659638544,1.0,0.0,0.549317710307062,0.5406823851471848,0.4634420444118727,0.7753623188405797,0.4255661584608328,1.0,0.0,0.5488610267999525,0.5400323264867528,0.4136417819898532,-0.072027239392352,-0.03761340750302161,0.0,0.0,-0.0004566835071094788,-0.0006500586604319958,-0.049800262422019514
243,order1,frame_freeze_5,57,False,3,caption,False,0.051714833825826645,0.9139072847682119,0.7484570810675633,1.0,1.0,0.816799370561126,0.8153727235474105,0.7423176653124081,0.9139072847682119,0.7488821055156306,1.0,1.0,0.8172747617438092,0.8158450510739199,0.7427376862970324,0.0,0.00042502444806735706,0.0,0.0,0.0004753911826832491,0.00047232752650938625,0.00042002098462434745
359,order1,frame_freeze_5,58,False,3,question,False,0.051714833825826645,0.8743961352657005,0.6253279567487379,1.0,1.0,0.7171383242805545,0.7256169147215208,0.6339131933508049,0.8743961352657005,0.6269326374915786,1.0,1.0,0.7188007877973221,0.7269925096724484,0.6354440888512302,0.0,0.0016046807428407028,0.0,0.0,0.0016624635167676871,0.00137559495092765,0.0015308955004252889
132,order1,frame_freeze_5,59,False,3,question,False,0.051714833825826645,0.0,0.0,0.0,0.0,0.07763396100067746,0.08676138634127271,0.0,0.0,0.0,0.0,0.0,0.07733279166934091,0.08628124766560753,0.0,0.0,0.0,0.0,0.0,-0.00030116933133654544,-0.00048013867566518154,0.0
419,order1,frame_freeze_5,60,True,3,question,True,0.06295349448919296,0.21390374331550802,0.0752036630396842,0.0,0.0,0.11602740625267893,0.11368419587643361,0.07641913510842417,0.3422459893048128,0.08780291053608026,0.0,0.0,0.1165236638662358,0.1141186900783149,0.08601790903911827,0.1283422459893048,0.012599247496396057,0.0,0.0,0.0004962576135568719,0.00043449420188129695,0.009598773930694096
490,order1,frame_freeze_5,61,False,3,question,False,0.06295349448919296,0.9473684210526315,0.7696078104619404,1.0,1.0,0.7987299518021904,0.8064017614438804,0.8064017614438804,0.9473684210526315,0.7761386166208348,1.0,1.0,0.8054293641861178,0.8130792520652166,0.8130792520652166,0.0,0.006530806158894453,0.0,0.0,0.00669941238392735,0.006677490621336157,0.006677490621336157
441,order1,frame_freeze_5,62,False,3,caption,False,0.06295349448919296,0.0,0.0,0.0,0.0,0.4115971557214102,0.4231018517703971,0.0,0.0,0.0,0.0,0.0,0.42243523536138344,0.43247024108414084,0.0,0.0,0.0,0.0,0.0,0.010838079639973242,0.00936838931374373,0.0
538,order1,frame_freeze_5,63,False,3,caption,False,0.06295349448919296,0.3356401384083045,0.12539912631406533,0.0,0.0,0.37361182994602965,0.37366849242704814,0.12251425981214693,0.3356401384083045,0.1250581969358168,0.0,0.0,0.37259607128300054,0.3734345339865356,0.12243755212673298,0.0,-0.0003409293782485334,0.0,0.0,-0.0010157586630291093,-0.00023395844051254944,-7.6707685413957e-05
44,order2,frame_freeze_5,0,True,0,question,True,1.7695039787213318e-05,0.9624664879356568,0.0,0.0,0.0,0.0,0.0,0.0,0.9088471849865952,0.0,0.0,0.0,0.0,0.0,0.0,-0.05361930294906159,0.0,0.0,0.0,0.0,0.0,0.0
180,order2,frame_freeze_5,1,False,0,question,False,1.7695039787213318e-05,0.8137931034482758,0.0,0.0,0.0,0.0,0.0,0.0,0.8137931034482758,0.0,0.0,0.0,0.0,0.0,0.0,0.0,0.0,0.0,0.0,0.0,0.0,0.0
642,order2,frame_freeze_5,2,False,0,question,False,1.7695039787213318e-05,0.4623115577889447,0.029003554697763022,0.0,0.0,0.11863425870192629,0.12852954112395085,0.034632327950916024,0.4623115577889447,0.029003360002178902,0.0,0.0,0.1186337874722315,0.12852908372210953,0.03463213860590105,0.0,-1.946955841200526e-07,0.0,0.0,-4.712296947928518e-07,-4.5740184131948247e-07,-1.8934501497258616e-07
138,order2,frame_freeze_5,3,False,0,question,False,1.7695039787213318e-05,0.7541412380122058,0.582174556970287,1.0,1.0,0.7892563546310074,0.7875312420513132,0.580236155681938,0.7541412380122058,0.5821742572641282,1.0,1.0,0.7892559781208978,0.7875308347218433,0.5802358268606526,0.0,-2.9970615877950024e-07,0.0,0.0,-3.765101096453449e-07,-4.073294699313834e-07,-3.288212854224426e-07
159,order2,frame_freeze_5,4,True,0,question,True,0.004103963728994131,0.0,0.0,0.0,0.0,0.04722982170615857,0.04096645943948825,0.0,0.2616279069767442,0.012356962890285369,0.0,0.0,0.04723105815842407,0.040967562558528535,0.010729599717709854,0.2616279069767442,0.012356962890285369,0.0,0.0,1.2364522655045063e-06,1.1031190402868707e-06,0.010729599717709854
12,order2,frame_freeze_5,5,False,0,question,False,0.004103963728994131,0.45,0.222895858277297,0.0,0.0,0.4930021118780069,0.4894287540583842,0.21910927693540325,0.45,0.22293492006305776,0.0,0.0,0.493087756120818,0.48951136316246247,0.2191473252382355,0.0,3.906178576076891e-05,0.0,0.0,8.564424281110039e-05,8.260910407825728e-05,3.804830283224425e-05
1,order2,frame_freeze_5,6,False,0,caption,False,0.004103963728994131,0.7910447761194029,0.4288288730325635,1.0,0.0,0.53206545357744,0.5249160488714408,0.39368703665358057,0.7910447761194029,0.42889416840586186,1.0,0.0,0.5321464682072731,0.5250030935656077,0.39375232017420575,0.0,6.529537329835744e-05,0.0,0.0,8.101462983312047e-05,8.704469416687122e-05,6.528352062518117e-05
507,order2,frame_freeze_5,7,False,0,caption,False,0.004103963728994131,0.0,0.0,0.0,0.0,0.29104151835451797,0.3400013526238823,0.0,0.0,0.0,0.0,0.0,0.2948137299764865,0.3449269049115565,0.0,0.0,0.0,0.0,0.0,0.0037722116219685575,0.004925552287674162,0.0
206,order2,frame_freeze_5,8,True,0,caption,True,0.008802746422588825,0.9715394566623544,0.5581881915798944,1.0,1.0,0.569442373812898,0.5717476423242097,0.5605936226778849,0.9560155239327296,0.553249770434983,1.0,1.0,0.569524649274439,0.5718304407711787,0.555530238051994,-0.015523932729624823,-0.004938421144911387,0.0,0.0,8.227546154104814e-05,8.27984469690124e-05,-0.005063384625890954
68,order2,frame_freeze_5,9,False,0,question,False,0.008802746422588825,0.703125,0.43673974554713807,1.0,0.0,0.615740460883028,0.6142247109367491,0.44670888068127207,0.703125,0.438321577709148,1.0,0.0,0.6179681450968882,0.6164763652739751,0.4483464474719819,0.0,0.0015818321620099107,0.0,0.0,0.002227684213860215,0.002251654337225961,0.0016375667907098101
169,order2,frame_freeze_5,10,False,0,question,False,0.008802746422588825,0.0,0.0,0.0,0.0,0.24794396658442366,0.37027780088782003,0.0,0.0,0.0,0.0,0.0,0.24773998214705126,0.36997773032777403,0.0,0.0,0.0,0.0,0.0,-0.00020398443737240646,-0.0003000705600459952,0.0
418,order2,frame_freeze_5,11,False,0,question,False,0.008802746422588825,0.0,0.0,0.0,0.0,0.9335346566599798,0.9335509057470905,0.0,0.0,0.0,0.0,0.0,0.9333329613838676,0.9333379555333857,0.0,0.0,0.0,0.0,0.0,-0.00020169527611224591,-0.00021295021370482115,0.0
567,order2,frame_freeze_5,12,True,0,caption,True,0.025831887498497963,0.8048780487804879,0.0,0.0,0.0,0.0,0.0,0.0,0.6226415094339622,0.0,0.0,0.0,0.0,0.0,0.0,-0.18223653934652562,0.0,0.0,0.0,0.0,0.0,0.0
332,order2,frame_freeze_5,13,False,0,caption,False,0.025831887498497963,0.20224719101123595,0.01960743600489614,0.0,0.0,0.034773964896139264,0.03324879655046943,0.019249303266061252,0.20224719101123595,0.019518404070591747,0.0,0.0,0.034614031064224254,0.0330996983193608,0.019162983237524675,0.0,-8.90319343043941e-05,0.0,0.0,-0.0001599338319150101,-0.00014909823110863252,-8.632002853657672e-05
324,order2,frame_freeze_5,14,False,0,question,False,0.025831887498497963,0.16058394160583941,0.10157967240690323,0.0,0.0,0.6336312933160916,0.6250898207372443,0.10853223285425256,0.16058394160583941,0.101741578298686,0.0,0.0,0.6345712060803073,0.6261640566535961,0.10872662584540713,0.0,0.00016190589178277648,0.0,0.0,0.0009399127642156779,0.0010742359163518067,0.00019439299115456277
346,order2,frame_freeze_5,15,False,0,caption,False,0.025831887498497963,0.18859649122807018,0.15057347236490168,0.0,0.0,0.7935100819136883,0.7940602213310187,0.16795221653488354,0.18859649122807018,0.15060136402423302,0.0,0.0,0.7936850185751755,0.7942250416938444,0.16798236330321972,0.0,2.7891659331341634e-05,0.0,0.0,0.00017493666148715725,0.00016482036282572388,3.014676833618113e-05
3,order2,frame_freeze_5,16,True,1,caption,True,0.02581910789012909,0.0,0.0,0.0,0.0,0.0510241094200544,0.089504388933253,0.0,0.0,0.0,0.0,0.0,0.051225700480290806,0.08979282246688296,0.0,0.0,0.0,0.0,0.0,0.0002015910602364071,0.0002884335336299504,0.0
490,order2,frame_freeze_5,17,False,1,question,False,0.02581910789012909,0.9473684210526315,0.7696078104619404,1.0,1.0,0.7987299518021904,0.8064017614438804,0.8064017614438804,0.9473684210526315,0.770990623067561,1.0,1.0,0.8001143323282627,0.807810290987546,0.807810290987546,0.0,0.0013828126056206758,0.0,0.0,0.0013843805260722597,0.0014085295436655487,0.0014085295436655487
359,order2,frame_freeze_5,18,False,1,question,False,0.02581910789012909,0.8743961352657005,0.6253279567487379,1.0,1.0,0.7171383242805545,0.7256169147215208,0.6339131933508049,0.8743961352657005,0.6255339039093073,1.0,1.0,0.7173583102674492,0.7258414775781289,0.6341158491503185,0.0,0.00020594716056943074,0.0,0.0,0.00021998598689476623,0.0002245628566081015,0.000202655799513618
588,order2,frame_freeze_5,19,False,1,question,False,0.02581910789012909,0.0,0.0,0.0,0.0,0.0,0.0,0.0,0.0,0.0,0.0,0.0,0.0,0.0,0.0,0.0,0.0,0.0,0.0,0.0,0.0,0.0
650,order2,frame_freeze_5,20,True,1,caption,True,0.0415019653737545,0.7376093294460642,0.002350305665093919,0.0,0.0,0.0023596366195190966,0.003469517163501966,0.0034695171635019664,0.8775510204081632,0.002383112888459735,0.0,0.0,0.002388500628167888,0.0035175408927931133,0.0035175408927931133,0.13994169096209907,3.280722336581601e-05,0.0,0.0,2.886400864879129e-05,4.802372929114734e-05,4.8023729291146906e-05
356,order2,frame_freeze_5,21,False,1,caption,False,0.0415019653737545,0.6051167964404894,0.0,0.0,0.0,0.0,0.0,0.0,0.6051167964404894,0.0,0.0,0.0,0.0,0.0,0.0,0.0,0.0,0.0,0.0,0.0,0.0,0.0
485,order2,frame_freeze_5,22,False,1,question,False,0.0415019653737545,0.9049382716049382,0.3498493182276296,1.0,0.0,0.39753460020743936,0.3936577770268243,0.3504141807649392,0.9049382716049382,0.348762287950727,1.0,0.0,0.39647640322724076,0.3927167497992977,0.3494370572772039,0.0,-0.0010870302769026008,0.0,0.0,-0.0010581969801986002,-0.0009410272275265918,-0.0009771234877352653
132,order2,frame_freeze_5,23,False,1,question,False,0.0415019653737545,0.0,0.0,0.0,0.0,0.07763396100067746,0.08676138634127271,0.0,0.0,0.0,0.0,0.0,0.07616928890110537,0.08525976199701503,0.0,0.0,0.0,0.0,0.0,-0.0014646720995720869,-0.0015016243442576849,0.0
600,order2,frame_freeze_5,24,True,1,caption,True,0.04541867971420288,0.0,0.0,0.0,0.0,0.2985431996649934,0.2911071736539096,0.0,0.0,0.0,0.0,0.0,0.29835602680693746,0.2915977511089916,0.0,0.0,0.0,0.0,0.0,-0.00018717285805591732,0.0004905774550820197,0.0
41,order2,frame_freeze_5,25,False,1,caption,False,0.04541867971420288,0.0,0.0,0.0,0.0,0.21995855918410537,0.22182042053100898,0.0,0.0,0.0,0.0,0.0,0.22922116905850354,0.23103939292246956,0.0,0.0,0.0,0.0,0.0,0.00926260987439817,0.009218972391460578,0.0
617,order2,frame_freeze_5,26,False,1,question,False,0.04541867971420288,0.9842105263157894,0.018809678243207662,0.0,0.0,0.018809678243207662,0.01957779850365208,0.01957779850365208,0.9842105263157894,0.019208242124591,0.0,0.0,0.019208242124591,0.02001371746743865,0.02001371746743865,0.0,0.0003985638813833389,0.0,0.0,0.0003985638813833389,0.0004359189637865718,0.0004359189637865718
34,order2,frame_freeze_5,27,False,1,caption,False,0.04541867971420288,0.8021390374331551,0.6290169092641079,1.0,1.0,0.7819173478679396,0.7909115443854174,0.6448397740316909,0.8021390374331551,0.6301495730927592,1.0,1.0,0.7828699616009868,0.7917115587877865,0.6459173720561885,0.0,0.0011326638286512924,0.0,0.0,0.000952613733047114,0.000800014402369098,0.0010775980244975836
312,order2,frame_freeze_5,28,True,1,question,False,0.04541867971420288,0.6337962962962963,0.3995922423251221,1.0,0.0,0.6142877742149161,0.615119720998048,0.40104194068806576,0.6402777777777777,0.4060763875584419,1.0,0.0,0.6141341450089575,0.6149606988076034,0.4066273014870373,0.0064814814814814214,0.006484145233319805,0.0,0.0,-0.0001536292059586275,-0.0001590221904446132,0.005585360798971539
94,order2,frame_freeze_5,29,False,1,caption,False,0.04541867971420288,0.6098457016899339,0.2950954202180716,0.0,0.0,0.48406698329514053,0.48520937652991863,0.296859494313287,0.6098457016899339,0.2968273063735403,0.0,0.0,0.4869011674314612,0.48805692677058116,0.29861492090370145,0.0,0.0017318861554687093,0.0,0.0,0.0028341841363206943,0.002847550240662522,0.001755426590414444
544,order2,frame_freeze_5,30,False,1,question,False,0.04541867971420288,0.15220483641536273,0.08006001759162618,0.0,0.0,0.5211314108047519,0.4952630832018198,0.07988114245190642,0.15220483641536273,0.08068500932699246,0.0,0.0,0.5251996440451454,0.49975486591967877,0.08060562353543206,0.0,0.000624991735366287,0.0,0.0,0.004068233240393515,0.004491782717858994,0.0007244810835256438
83,order2,frame_freeze_5,31,False,1,question,False,0.04541867971420288,0.6307692307692307,0.4813913663678057,1.0,0.0,0.769065721870716,0.7675406471304242,0.4797863717496383,0.6307692307692307,0.4809014613023147,1.0,0.0,0.7683307434339909,0.7668213860594733,0.4793145891428183,0.0,-0.0004899050654910142,0.0,0.0,-0.0007349784367250978,-0.0007192610709509939,-0.0004717826068199593
171,order2,frame_freeze_5,32,True,2,question,True,0.04768531396985054,0.053763440860215055,0.02187814545476295,0.0,0.0,0.4069335054585909,0.38979721433651526,0.020733894379601873,0.0,0.0,0.0,0.0,0.4199484456378526,0.40440418124718824,0.0,-0.053763440860215055,-0.02187814545476295,0.0,0.0,0.013014940179261691,0.01460696691067298,-0.020733894379601873
339,order2,frame_freeze_5,33,False,2,caption,False,0.04768531396985054,0.10888252148997135,0.0,0.0,0.0,0.03652616954883027,0.08800093981156398,0.0,0.10888252148997135,0.0,0.0,0.0,0.036001981246339444,0.08745781070123257,0.0,0.0,0.0,0.0,0.0,-0.0005241883024908259,-0.000543129110331414,0.0
258,order2,frame_freeze_5,34,False,2,caption,False,0.04768531396985054,0.0,0.0,0.0,0.0,0.8250178084130497,0.8142124717847194,0.0,0.0,0.0,0.0,0.0,0.8244455730375916,0.8139246620601521,0.0,0.0,0.0,0.0,0.0,-0.0005722353754581411,-0.0002878097245673228,0.0
24,order2,frame_freeze_5,35,False,2,caption,False,0.04768531396985054,0.36283185840707965,0.3450428947073206,1.0,0.0,0.9207591621654182,0.9159133995704448,0.3541700857580837,0.36283185840707965,0.3452218986498228,1.0,0.0,0.9212691080433563,0.9165446883257974,0.35446531647312257,0.0,0.0001790039425021983,0.0,0.0,0.0005099458779380672,0.0006312887553525659,0.00029523071503889664
538,order2,frame_freeze_5,36,True,2,caption,True,0.05632868409156799,0.3356401384083045,0.12539912631406533,0.0,0.0,0.37361182994602965,0.37366849242704814,0.12251425981214693,0.3356401384083045,0.12513616592131319,0.0,0.0,0.37282837063154134,0.37254773369056415,0.1221467979313325,0.0,-0.0002629603927521429,0.0,0.0,-0.0007834593144883106,-0.0011207587364839844,-0.00036746188081443476
564,order2,frame_freeze_5,37,False,2,question,False,0.05632868409156799,0.5148148148148148,0.0,0.0,0.0,0.0,0.0,0.0,0.5148148148148148,0.0,0.0,0.0,0.0,0.0,0.0,0.0,0.0,0.0,0.0,0.0,0.0,0.0
243,order2,frame_freeze_5,38,False,2,caption,False,0.05632868409156799,0.9139072847682119,0.7484570810675633,1.0,1.0,0.816799370561126,0.8153727235474105,0.7423176653124081,0.9139072847682119,0.7473617049237162,1.0,1.0,0.81553609595652,0.8141809566055425,0.741294181857085,0.0,-0.0010953761438470266,0.0,0.0,-0.0012632746046059573,-0.0011917669418680665,-0.0010234834553231043
400,order2,frame_freeze_5,39,False,2,question,False,0.05632868409156799,0.8530864197530864,0.5683589376447943,1.0,1.0,0.6507727785755247,0.651229921047404,0.5714447452936453,0.8530864197530864,0.5716908993740312,1.0,1.0,0.6546383685462602,0.655065290791896,0.5747627235534786,0.0,0.0033319617292368875,0.0,0.0,0.0038655899707354946,0.0038353697444920565,0.0033179782598332652
623,order2,frame_freeze_5,40,True,2,caption,True,0.07976917922496796,0.6794871794871795,0.07696162394492956,0.0,0.0,0.1468301997628782,0.141754207912662,0.07356749590563441,0.7871794871794872,0.08683100685435473,0.0,0.0,0.1524195706983185,0.14729901204731743,0.09297748359749668,0.10769230769230764,0.00986938290942517,0.0,0.0,0.005589370935440291,0.00554480413465544,0.019409987691862265
512,order2,frame_freeze_5,41,False,2,caption,False,0.07976917922496796,0.0,0.0,0.0,0.0,0.5953084278844262,0.5966975701409968,0.0,0.0,0.0,0.0,0.0,0.5967105159615294,0.5980843611004826,0.0,0.0,0.0,0.0,0.0,0.0014020880771031807,0.0013867909594857952,0.0
562,order2,frame_freeze_5,42,False,2,caption,False,0.07976917922496796,0.3023255813953488,0.2038402634010472,0.0,0.0,0.6847041319925602,0.6652576401700446,0.21996561411288032,0.3023255813953488,0.2054116321452043,0.0,0.0,0.6892582919048265,0.668262441470386,0.22104414376134665,0.0,0.0015713687441571145,0.0,0.0,0.004554159912266265,0.00300480130034142,0.001078529648466331
65,order2,frame_freeze_5,43,False,2,caption,False,0.07976917922496796,0.08237547892720307,0.02787744210787474,0.0,0.0,0.3163483647893612,0.3333223544459308,0.02752202926617777,0.08237547892720307,0.02798238330995721,0.0,0.0,0.3175392192999492,0.3345577482055294,0.027624034255502427,0.0,0.00010494120208246957,0.0,0.0,0.0011908545105880353,0.0012353937595986353,0.00010200498932465621
371,order2,frame_freeze_5,44,True,2,caption,True,0.07971417903900146,0.675,0.0002937924063547062,0.0,0.0,0.000427334409243209,0.0,0.0,0.8709677419354839,0.00031123682895064527,0.0,0.0,0.0003508487889989092,0.0,0.0,0.19596774193548383,1.7444422595939068e-05,0.0,0.0,-7.648562024429982e-05,0.0,0.0
119,order2,frame_freeze_5,45,False,2,caption,False,0.07971417903900146,0.10743801652892562,0.0034281496971042473,0.0,0.0,0.015063521589435885,0.07174003864647999,0.019752672064267347,0.10743801652892562,0.0032631194362284367,0.0,0.0,0.01420544208188055,0.06844936392411144,0.018801783418268624,0.0,-0.00016503026087581057,0.0,0.0,-0.0008580795075553357,-0.0032906747223685473,-0.0009508886459987237
582,order2,frame_freeze_5,46,False,2,question,False,0.07971417903900146,0.5507246376811594,0.3956864487164799,1.0,0.0,0.6741324681836325,0.7176206593272398,0.40561167701104855,0.5507246376811594,0.39741577795446104,1.0,0.0,0.677078732811304,0.7208458130556442,0.40743458998797283,0.0,0.0017293292379811365,0.0,0.0,0.0029462646276715576,0.003225153728404373,0.0018229129769242736
377,order2,frame_freeze_5,47,False,2,caption,False,0.07971417903900146,0.07586206896551724,0.03997441561581037,0.0,0.0,0.46319727120468285,0.4544569064878637,0.04092771008036106,0.07586206896551724,0.04065479340898604,0.0,0.0,0.4765916298924219,0.4704287681010371,0.04195777168249806,0.0,0.0006803777931756738,0.0,0.0,0.013394358687739027,0.015971861613173433,0.0010300616021370057
419,order2,frame_freeze_5,48,True,3,question,True,0.06864280253648758,0.21390374331550802,0.0752036630396842,0.0,0.0,0.11602740625267893,0.11368419587643361,0.07641913510842417,0.3422459893048128,0.0864036852587708,0.0,0.0,0.11422892955001002,0.1118189513875091,0.08465014557551279,0.1283422459893048,0.0112000222190866,0.0,0.0,-0.0017984767026689163,-0.001865244488924514,0.008231010467088615
648,order2,frame_freeze_5,49,False,3,question,False,0.06864280253648758,0.0423728813559322,0.0,0.0,0.0,0.0,0.0,0.0,0.0423728813559322,0.0,0.0,0.0,0.0,0.0,0.0,0.0,0.0,0.0,0.0,0.0,0.0,0.0
133,order2,frame_freeze_5,50,False,3,question,False,0.06864280253648758,0.6337817638266069,0.5448387967840275,1.0,1.0,0.8156176219748416,0.8187848787055013,0.550201300711146,0.6337817638266069,0.5447553832014891,1.0,1.0,0.8160002824626424,0.8191390515296598,0.5500903227428735,0.0,-8.341358253838305e-05,0.0,0.0,0.0003826604878008899,0.00035417282415850515,-0.00011097796827252981
238,order2,frame_freeze_5,51,False,3,question,False,0.06864280253648758,0.0,0.0,0.0,0.0,0.8861363106177821,0.877404441168681,0.0,0.0,0.0,0.0,0.0,0.8846107500627202,0.8735628943111532,0.0,0.0,0.0,0.0,0.0,-0.0015255605550619222,-0.0038415468575278,0.0
401,order2,frame_freeze_5,52,True,3,caption,True,0.07702898979187012,0.6296296296296297,0.3705967183375129,1.0,0.0,0.592773658491121,0.5948584759500591,0.37254629811487333,0.700462962962963,0.43148792171187605,1.0,0.0,0.5979919761548009,0.6000909675539492,0.4320812721701063,0.0708333333333333,0.060891203374363156,0.0,0.0,0.005218317663679972,0.005232491603890055,0.05953497405523295
447,order2,frame_freeze_5,53,False,3,question,False,0.07702898979187012,0.6240437158469946,0.5207743758560821,1.0,1.0,0.8411553153300325,0.846415332484293,0.5261497707549087,0.6240437158469946,0.521103428844558,1.0,1.0,0.8409643183161315,0.8462511314818072,0.5264948657541426,0.0,0.00032905298847585307,0.0,0.0,-0.00019099701390101753,-0.00016420100248581981,0.0003450949992339636
620,order2,frame_freeze_5,54,False,3,caption,False,0.07702898979187012,0.345679012345679,0.2790872214933736,0.0,0.0,0.7999528102521051,0.7829747751959908,0.27963384828428245,0.345679012345679,0.2794717549473751,0.0,0.0,0.8013838078583431,0.7847660768201346,0.2802735988643338,0.0,0.00038453345400146777,0.0,0.0,0.0014309976062379937,0.0017913016241437596,0.0006397505800513348
663,order2,frame_freeze_5,55,False,3,question,False,0.07702898979187012,0.8663426488456865,0.3378451084857859,1.0,0.0,0.38726184631644833,0.38399412560833196,0.33291077787234863,0.8663426488456865,0.34344693238084995,1.0,0.0,0.39372369063844154,0.3904435219539951,0.33847605445457113,0.0,0.005601823895064029,0.0,0.0,0.006461844321993204,0.006449396345663161,0.0055652765822225
534,order2,frame_freeze_5,56,True,3,question,True,0.08011574298143387,0.795774647887324,0.0,0.0,0.0,0.01448064933691677,0.020980774176238365,0.0,0.11243781094527364,0.0,0.0,0.0,0.014607198729632289,0.021438143559305865,0.0,-0.6833368369420504,0.0,0.0,0.0,0.0001265493927155182,0.00045736938306750047,0.0
143,order2,frame_freeze_5,57,False,3,caption,False,0.08011574298143387,0.0,0.0,0.0,0.0,0.6311898924393096,0.6307218937173296,0.0,0.0,0.0,0.0,0.0,0.6435072818133455,0.6429320259882026,0.0,0.0,0.0,0.0,0.0,0.012317389374035925,0.012210132270873086,0.0
543,order2,frame_freeze_5,58,False,3,caption,False,0.08011574298143387,0.0,0.0,0.0,0.0,0.5795130659533873,0.5794070669194212,0.0,0.0,0.0,0.0,0.0,0.5802021599048007,0.5803072320323889,0.0,0.0,0.0,0.0,0.0,0.0006890939514134775,0.0009001651129676436,0.0
550,order2,frame_freeze_5,59,False,3,caption,False,0.08011574298143387,0.4311377245508982,0.24257046870205398,0.0,0.0,0.5647959444402679,0.5602863052118976,0.2401227022336704,0.4311377245508982,0.24255717176485833,0.0,0.0,0.5647677896861355,0.5604593600109639,0.24019686857612735,0.0,-1.3296937195650393e-05,0.0,0.0,-2.815475413242563e-05,0.00017305479906626342,7.416634245693832e-05
40,order2,frame_freeze_5,60,True,3,caption,True,0.07883454859256744,0.9459459459459459,0.831659308826556,1.0,1.0,0.8624245352215096,0.8794698356278153,0.8499754840733115,0.9797297297297297,0.86016222843021,1.0,1.0,0.86016222843021,0.8771034486099369,0.8771034486099369,0.03378378378378377,0.02850291960365392,0.0,0.0,-0.002262306791299684,-0.002366387017878391,0.02712796453662547
609,order2,frame_freeze_5,61,False,3,caption,False,0.07883454859256744,0.0,0.0,0.0,0.0,0.7435990757271205,0.7461051735852385,0.0,0.0,0.0,0.0,0.0,0.755472202315261,0.7585664245637271,0.0,0.0,0.0,0.0,0.0,0.011873126588140548,0.012461250978488603,0.0
492,order2,frame_freeze_5,62,False,3,question,False,0.07883454859256744,0.8473895582329317,0.4631795659638544,1.0,0.0,0.549317710307062,0.5406823851471848,0.4634420444118727,0.8473895582329317,0.4701245350742122,1.0,0.0,0.5575617608387843,0.5491220840614132,0.4706760720526399,0.0,0.0069449691103578015,0.0,0.0,0.00824405053172228,0.008439698914228355,0.007234027640767193
441,order2,frame_freeze_5,63,False,3,caption,False,0.07883454859256744,0.0,0.0,0.0,0.0,0.4115971557214102,0.4231018517703971,0.0,0.0,0.0,0.0,0.0,0.4073109722363966,0.4187510304682537,0.0,0.0,0.0,0.0,0.0,-0.004286183485013584,-0.004350821302143426,0.0
550,order1,motion_blur_5,0,True,0,caption,True,0.008917947299778461,0.5142857142857142,0.28990055698788636,0.0,0.0,0.5658594201124592,0.561287673373955,0.28661498214840253,0.4523076923076923,0.2559425684816354,0.0,0.0,0.5658594201124592,0.561287673373955,0.244925530199544,-0.061978021978021935,-0.03395798850625098,0.0,0.0,0.0,0.0,-0.041689451948858536
12,order1,motion_blur_5,1,False,0,question,False,0.008917947299778461,0.37142857142857144,0.1790338448863581,0.0,0.0,0.4791597392800191,0.47647960410446977,0.1779673997840439,0.37142857142857144,0.17914500263169872,0.0,0.0,0.47939745924871635,0.4767127541158855,0.17807240435462318,0.0,0.00011115774534062317,0.0,0.0,0.00023771996869725864,0.000233150011415717,0.00010500457057927015
24,order1,motion_blur_5,2,False,0,caption,False,0.008917947299778461,0.36283185840707965,0.3450410234055522,1.0,0.0,0.920765895833564,0.9159249575832374,0.3541720318836596,0.36283185840707965,0.3450624922504451,1.0,0.0,0.9208527974144927,0.9160188686289723,0.3542030626846506,0.0,2.146884489290235e-05,0.0,0.0,8.690158092861111e-05,9.391104573486242e-05,3.103080099103872e-05
41,order1,motion_blur_5,3,False,0,caption,False,0.008917947299778461,0.06842105263157895,0.008648142811809003,0.0,0.0,0.21940760013313776,0.2212463467255744,0.014975570381438898,0.06842105263157895,0.00863761904448876,0.0,0.0,0.21931630086885553,0.22113696422288137,0.0149578429136602,0.0,-1.0523767320242197e-05,0.0,0.0,-9.129926428222412e-05,-0.0001093825026930173,-1.772746777869809e-05
371,order1,motion_blur_5,4,True,0,caption,True,0.019291672855615616,0.675,0.0002937924063547062,0.0,0.0,0.000427334409243209,0.0,0.0,0.8709677419354839,0.00038007786176439453,0.0,0.0,0.00042845140780713566,0.0,0.0,0.19596774193548383,8.628545540968833e-05,0.0,0.0,1.1169985639266494e-06,0.0,0.0
312,order1,motion_blur_5,5,False,0,question,False,0.019291672855615616,0.6337962962962963,0.4054413398222157,1.0,0.0,0.6209193863294078,0.6221820781194978,0.4072824409448199,0.6337962962962963,0.4054836585837757,1.0,0.0,0.6209780721278935,0.6222275525772981,0.4073159241829823,0.0,4.23187615600229e-05,0.0,0.0,5.868579848566924e-05,4.547445780034298e-05,3.3483238162379525e-05
83,order1,motion_blur_5,6,False,0,question,False,0.019291672855615616,0.6307692307692307,0.47969410784440114,1.0,0.0,0.7672796869743899,0.7657875060688543,0.4781228592880689,0.6307692307692307,0.48005244139286213,1.0,0.0,0.7678082802712801,0.7663155518781164,0.47848007294540046,0.0,0.0003583335484609873,0.0,0.0,0.0005285932968902562,0.0005280458092621343,0.0003572136573315454
582,order1,motion_blur_5,7,False,0,question,False,0.019291672855615616,0.5277777777777778,0.3785589812279909,1.0,0.0,0.6729937444053171,0.7164535959687354,0.3880790311497317,0.5277777777777778,0.37867137059894795,1.0,0.0,0.6731935477314631,0.7166680958544659,0.3881952185878357,0.0,0.00011238937095703339,0.0,0.0,0.0001998033261459975,0.0002144998857305236,0.00011618743810398735
1,order1,motion_blur_5,8,True,0,caption,True,0.023572340607643127,0.7910447761194029,0.4288288730325635,1.0,0.0,0.53206545357744,0.5249160488714408,0.39368703665358057,0.6708860759493671,0.3630568790512361,1.0,0.0,0.5311387675008825,0.5239325613429098,0.33681378943472773,-0.12015870017003583,-0.06577199398132738,0.0,0.0,-0.000926686076557437,-0.0009834875285310574,-0.05687324721885284
562,order1,motion_blur_5,9,False,0,caption,False,0.023572340607643127,0.3023255813953488,0.2038402634010472,0.0,0.0,0.6847041319925602,0.6652576401700446,0.21996561411288032,0.3023255813953488,0.20417821756006213,0.0,0.0,0.6859583187973396,0.6661418367645211,0.22021429713630514,0.0,0.0003379541590149415,0.0,0.0,0.0012541868047794003,0.0008841965944764718,0.0002486830234248172
180,order1,motion_blur_5,10,False,0,question,False,0.023572340607643127,0.8137931034482758,0.0,0.0,0.0,0.0,0.0,0.0,0.8137931034482758,0.0,0.0,0.0,0.0,0.0,0.0,0.0,0.0,0.0,0.0,0.0,0.0,0.0
159,order1,motion_blur_5,11,False,0,question,False,0.023572340607643127,0.0,0.0,0.0,0.0,0.052635006492280666,0.05019096146734734,0.0,0.0,0.0,0.0,0.0,0.04966719033622483,0.04712504456149575,0.0,0.0,0.0,0.0,0.0,-0.002967816156055833,-0.00306591690585159,0.0
507,order1,motion_blur_5,12,True,0,caption,True,0.05173727124929428,0.0,0.0,0.0,0.0,0.25311150250418873,0.29203531695071194,0.0,0.0,0.0,0.0,0.0,0.25502204194606276,0.29462522065607744,0.0,0.0,0.0,0.0,0.0,0.0019105394418740262,0.0025899037053654927,0.0
143,order1,motion_blur_5,13,False,0,caption,False,0.05173727124929428,0.0,0.0,0.0,0.0,0.6329892497596905,0.6325889837597267,0.0,0.0,0.0,0.0,0.0,0.6368151632820176,0.6364309517000105,0.0,0.0,0.0,0.0,0.0,0.0038259135223270846,0.003841967940283797,0.0
171,order1,motion_blur_5,14,False,0,question,False,0.05173727124929428,0.053763440860215055,0.018406297633697534,0.0,0.0,0.34235713598677414,0.32937104241287546,0.017519736298557204,0.053763440860215055,0.01795425450105497,0.0,0.0,0.3339491337196225,0.32351926997015346,0.017208471806923056,0.0,-0.0004520431326425628,0.0,0.0,-0.00840800226715166,-0.005851772442722003,-0.00031126449163414865
617,order1,motion_blur_5,15,False,0,question,False,0.05173727124929428,0.9842105263157894,0.018709688864742644,0.0,0.0,0.018709688864742644,0.019484816083459984,0.019484816083459984,0.9842105263157894,0.018852168175833857,0.0,0.0,0.018852168175833857,0.019636967146554312,0.019636967146554312,0.0,0.00014247931109121273,0.0,0.0,0.00014247931109121273,0.00015215106309432805,0.00015215106309432805
3,order1,motion_blur_5,16,True,1,caption,True,0.05175333097577095,0.0,0.0,0.0,0.0,0.05203935279252804,0.09124270759541449,0.0,0.0,0.0,0.0,0.0,0.05229186758568035,0.09148029594561213,0.0,0.0,0.0,0.0,0.0,0.00025251479315231,0.00023758835019764557,0.0
332,order1,motion_blur_5,17,False,1,caption,False,0.05175333097577095,0.20224719101123595,0.019652481695300608,0.0,0.0,0.034843566756308134,0.03331370161325733,0.019286879881359506,0.20224719101123595,0.01961355661227844,0.0,0.0,0.034771617427975646,0.03324880801181448,0.019249309901576802,0.0,-3.8925083022167684e-05,0.0,0.0,-7.19493283324879e-05,-6.489360144285028e-05,-3.756997978270407e-05
534,order1,motion_blur_5,18,False,1,question,False,0.05175333097577095,0.795774647887324,0.0,0.0,0.0,0.014600592308698923,0.02116387099113195,0.0,0.795774647887324,0.0,0.0,0.0,0.014670768473089232,0.021303368832639055,0.0,0.0,0.0,0.0,0.0,7.017616439030858e-05,0.0001394978415071059,0.0
356,order1,motion_blur_5,19,False,1,caption,False,0.05175333097577095,0.6051167964404894,3.7010156851216804e-06,0.0,0.0,3.7010156851216804e-06,0.0,0.0,0.6051167964404894,2.5213763029717957e-06,0.0,0.0,2.5213763029717957e-06,0.0,0.0,0.0,-1.1796393821498846e-06,0.0,0.0,-1.1796393821498846e-06,0.0,0.0
133,order1,motion_blur_5,20,True,1,question,True,0.052769985049963,0.6337817638266069,0.5451643751563355,1.0,1.0,0.8201205817358244,0.8229132943139266,0.5505320940770106,0.32336821126058796,0.2454556148661002,0.0,0.0,0.8203196718316534,0.8230943930238805,0.2507904241315704,-0.31041355256601894,-0.2997087602902353,-1.0,-1.0,0.00019909009582907977,0.00018109870995397515,-0.29974166994544027
68,order1,motion_blur_5,21,False,1,question,False,0.052769985049963,0.703125,0.43924962886903746,1.0,0.0,0.6192834274730816,0.6177781181682734,0.4492931768496534,0.703125,0.4422243229508993,1.0,0.0,0.6234482511651221,0.6220376708529788,0.45239103334762093,0.0,0.0029746940818618506,0.0,0.0,0.00416482369204052,0.004259552684705348,0.0030978564979675105
324,order1,motion_blur_5,22,False,1,question,False,0.052769985049963,0.16058394160583941,0.10157967240690323,0.0,0.0,0.6336312933160916,0.6250898207372443,0.10853223285425256,0.16058394160583941,0.10198095100562948,0.0,0.0,0.6359998441845653,0.6274840346667698,0.10896227857596029,0.0,0.00040127859872625404,0.0,0.0,0.002368550868473762,0.002394213929525546,0.00043004572170772526
642,order1,motion_blur_5,23,False,1,question,False,0.052769985049963,0.4623115577889447,0.028260439663703316,0.0,0.0,0.11770730800930651,0.12743760124634468,0.033819976529241076,0.4623115577889447,0.02503898662198872,0.0,0.0,0.1116839900244523,0.12146063559518916,0.030375745470224917,0.0,-0.003221453041714596,0.0,0.0,-0.006023317984854212,-0.005976965651155519,-0.003444231059016159
543,order1,motion_blur_5,24,True,1,caption,True,0.052637457847595215,0.0,0.0,0.0,0.0,0.6440616498988075,0.644301250303151,0.0,0.0,0.0,0.0,0.0,0.6441528612238223,0.6443008017828779,0.0,0.0,0.0,0.0,0.0,9.12113250147728e-05,-4.4852027314412624e-07,0.0
567,order1,motion_blur_5,25,False,1,caption,False,0.052637457847595215,0.8048780487804879,0.0,0.0,0.0,0.0,0.0,0.0,0.8048780487804879,0.0,0.0,0.0,0.0,0.0,0.0,0.0,0.0,0.0,0.0,0.0,0.0,0.0
40,order1,motion_blur_5,26,False,1,caption,False,0.052637457847595215,0.9459459459459459,0.831352796034885,1.0,1.0,0.8621209618928638,0.8791518259012034,0.8496524107655077,0.9459459459459459,0.8322087663038484,1.0,1.0,0.8630062859786125,0.8800637425174643,0.8505423606808379,0.0,0.0008559702689634463,0.0,0.0,0.0008853240857487066,0.0009119166162608883,0.0008899499153302015
401,order1,motion_blur_5,27,False,1,caption,False,0.052637457847595215,0.6296296296296297,0.37065513716751713,1.0,0.0,0.5926263532681647,0.5946569740827238,0.37253619838134966,0.6296296296296297,0.371811003398659,1.0,0.0,0.5945032079866899,0.5965483570739021,0.37370236582489613,0.0,0.0011558662311418888,0.0,0.0,0.0018768547185251672,0.001891382991178303,0.001166167443546473
34,order1,motion_blur_5,28,True,1,caption,True,0.05334232747554779,0.5454545454545454,0.4441942521886141,1.0,0.0,0.7902173906630111,0.7991984700055591,0.45816204325205534,0.5935828877005348,0.48217827243387645,1.0,0.0,0.7909759913966298,0.7999154245052731,0.4979636144480439,0.048128342245989386,0.03798402024526237,0.0,0.0,0.000758600733618664,0.0007169544997139843,0.03980157119598854
485,order1,motion_blur_5,29,False,1,question,False,0.05334232747554779,0.8975308641975308,0.34532294893008453,1.0,0.0,0.39718347740236115,0.3934140524263381,0.3462905466308442,0.8975308641975308,0.3474109601966069,1.0,0.0,0.39954487417167445,0.395823933090484,0.3484555921985322,0.0,0.0020880112665223605,0.0,0.0,0.0023613967693132953,0.002409880664145936,0.00216504556768804
377,order1,motion_blur_5,30,False,1,caption,False,0.05334232747554779,0.07586206896551724,0.03990204467598274,0.0,0.0,0.46268856406118797,0.45314613584756674,0.040807558833607135,0.07586206896551724,0.03987247297595859,0.0,0.0,0.46291726644812,0.4522331703078137,0.040731914656160474,0.0,-2.9571700024148828e-05,0.0,0.0,0.0002287023869320115,-0.0009129655397530634,-7.564417744666124e-05
609,order1,motion_blur_5,31,False,1,caption,False,0.05334232747554779,0.0,0.0,0.0,0.0,0.7443050263455745,0.7467888229200743,0.0,0.0,0.0,0.0,0.0,0.7445352585477806,0.7470366902712406,0.0,0.0,0.0,0.0,0.0,0.0002302322022060821,0.00024786735116633096,0.0
620,order1,motion_blur_5,32,True,2,caption,True,0.05641096830368042,0.345679012345679,0.2790872214933736,0.0,0.0,0.7999528102521051,0.7829747751959908,0.27963384828428245,0.32967032967032966,0.26408830320995885,0.0,0.0,0.8010678530702084,0.7842209575742857,0.24506904924196427,-0.01600868267534933,-0.014998918283414764,0.0,0.0,0.0011150428181033734,0.00124618237829488,-0.034564799042318184
65,order1,motion_blur_5,33,False,2,caption,False,0.05641096830368042,0.08237547892720307,0.02787744210787474,0.0,0.0,0.3163483647893612,0.3333223544459308,0.02752202926617777,0.08237547892720307,0.02792592778120415,0.0,0.0,0.3168985717780123,0.33386007578575133,0.027566428275887726,0.0,4.848567332941048e-05,0.0,0.0,0.000550206988651103,0.0005377213398205516,4.4399009709955584e-05
238,order1,motion_blur_5,34,False,2,question,False,0.05641096830368042,0.0,0.0,0.0,0.0,0.8861363106177821,0.877404441168681,0.0,0.0,0.0,0.0,0.0,0.885657907228765,0.8787756313464152,0.0,0.0,0.0,0.0,0.0,-0.0004784033890170569,0.0013711901777342383,0.0
94,order1,motion_blur_5,35,False,2,caption,False,0.05641096830368042,0.5995591476855253,0.2910902292988913,0.0,0.0,0.4851899537230761,0.48660486295748573,0.29314876922371613,0.5995591476855253,0.2919231916472915,0.0,0.0,0.48644531470479563,0.4877903445668899,0.2939557545777248,0.0,0.0008329623484002457,0.0,0.0,0.0012553609817195222,0.001185481609404182,0.0008069853540086935
588,order1,motion_blur_5,36,True,2,question,True,0.05640026554465294,0.0,0.0,0.0,0.0,0.0,0.0,0.0,0.0,0.0,0.0,0.0,0.0,0.0,0.0,0.0,0.0,0.0,0.0,0.0,0.0,0.0
544,order1,motion_blur_5,37,False,2,question,False,0.05640026554465294,0.8359375,0.4528501712782921,1.0,0.0,0.5367113141076054,0.5131544538805591,0.4276287115671326,0.8359375,0.4542285654111347,1.0,0.0,0.5383449664131967,0.5147000385755096,0.42891669881292466,0.0,0.0013783941328426308,0.0,0.0,0.0016336523055913155,0.0015455846949504748,0.0012879872457920438
138,order1,motion_blur_5,38,False,2,question,False,0.05640026554465294,0.7541412380122058,0.5815853390517042,1.0,1.0,0.7868482552694902,0.7850887965311566,0.5796784879159085,0.7541412380122058,0.5812158944957406,1.0,1.0,0.7863164457934578,0.7845349101668574,0.5792900937200786,0.0,-0.0003694445559635495,0.0,0.0,-0.0005318094760323744,-0.0005538863642992053,-0.00038839419582992196
650,order1,motion_blur_5,39,False,2,caption,False,0.05640026554465294,0.685131195335277,0.009801006879046162,0.0,0.0,0.009811186884720604,0.011068559890607513,0.011068559890607513,0.685131195335277,0.009643935743898085,0.0,0.0,0.009643935743898085,0.010928590172700686,0.010928590172700686,0.0,-0.0001570711351480767,0.0,0.0,-0.00016725114082251878,-0.00013996971790682794,-0.00013996971790682794
169,order1,motion_blur_5,40,True,2,question,True,0.056431323289871216,0.0,0.0,0.0,0.0,0.24794396658442366,0.37027780088782003,0.0,0.0,0.0,0.0,0.0,0.2508988190111811,0.3748164924746846,0.0,0.0,0.0,0.0,0.0,0.0029548524267574428,0.004538691586864596,0.0
663,order1,motion_blur_5,41,False,2,question,False,0.056431323289871216,0.8663426488456865,0.34312630623075674,1.0,0.0,0.3932045176535223,0.3900209578105029,0.33824228271804946,0.8663426488456865,0.34351056963167986,1.0,0.0,0.39367172139764595,0.3904604039900237,0.3385949292238166,0.0,0.00038426340092312383,0.0,0.0,0.0004672037441236232,0.0004394461795207971,0.0003526465057671624
623,order1,motion_blur_5,42,False,2,caption,False,0.056431323289871216,0.8463476070528967,0.10724627016492855,0.0,0.0,0.14621422699063719,0.14189930005305962,0.10329502273630962,0.8463476070528967,0.10073452444865166,0.0,0.0,0.13895392186047031,0.13373772305475895,0.0955128892504573,0.0,-0.006511745716276884,0.0,0.0,-0.007260305130166872,-0.008161576998300668,-0.007782133485852327
44,order1,motion_blur_5,43,False,2,question,False,0.056431323289871216,0.9222520107238605,0.0,0.0,0.0,0.0,0.0,0.0,0.9222520107238605,0.0,0.0,0.0,0.0,0.0,0.0,0.0,0.0,0.0,0.0,0.0,0.0,0.0
119,order1,motion_blur_5,44,True,2,caption,True,0.05847993865609169,0.10236220472440945,0.0032655988000012148,0.0,0.0,0.015043733698978127,0.07160449336929746,0.01885141125455248,0.016029593094944512,0.000526970292428603,0.0,0.0,0.015584239220057873,0.0742043721376152,0.003142447846761747,-0.08633261162946493,-0.002738628507572612,0.0,0.0,0.0005405055210797455,0.0025998787683177427,-0.015708963407790735
648,order1,motion_blur_5,45,False,2,question,False,0.05847993865609169,0.0423728813559322,0.0,0.0,0.0,0.0,0.0,0.0,0.0423728813559322,0.0,0.0,0.0,0.0,0.0,0.0,0.0,0.0,0.0,0.0,0.0,0.0,0.0
418,order1,motion_blur_5,46,False,2,question,False,0.05847993865609169,0.0,0.0,0.0,0.0,0.9190790482073546,0.9192510106494438,0.0,0.0,0.0,0.0,0.0,0.920161180245405,0.920321949220591,0.0,0.0,0.0,0.0,0.0,0.0010821320380504096,0.0010709385711471509,0.0
447,order1,motion_blur_5,47,False,2,question,False,0.05847993865609169,0.6338797814207651,0.5287010687553054,1.0,1.0,0.8418300339288595,0.8466493216406801,0.5344300970797818,0.6338797814207651,0.5298869772146653,1.0,1.0,0.8436663099797596,0.8484755658654585,0.535639666485781,0.0,0.0011859084593598412,0.0,0.0,0.0018362760509000875,0.001826244224778395,0.0012095694059991446
400,order1,motion_blur_5,48,True,3,question,True,0.058480557054281235,0.38641975308641974,0.2666021535489476,0.0,0.0,0.653251358912962,0.6537077493078585,0.2704577802058499,0.45308641975308644,0.31418738802111473,1.0,0.0,0.6592039752464192,0.6596654727166773,0.31722701376486595,0.06666666666666671,0.047585234472167115,1.0,0.0,0.005952616333457117,0.005957723408818838,0.04676923355901608
339,order1,motion_blur_5,49,False,3,caption,False,0.058480557054281235,0.14332247557003258,0.0,0.0,0.0,0.03496877774625099,0.08781992224997029,0.0,0.14332247557003258,0.0,0.0,0.0,0.03558297161219901,0.0869844408203921,0.0,0.0,0.0,0.0,0.0,0.0006141938659480206,-0.0008354814295781915,0.0
512,order1,motion_blur_5,50,False,3,caption,False,0.058480557054281235,0.0,0.0,0.0,0.0,0.5932262114371908,0.5946424181857431,0.0,0.0,0.0,0.0,0.0,0.5962734563619254,0.5977210701783457,0.0,0.0,0.0,0.0,0.0,0.0030472449247346267,0.003078651992602599,0.0
600,order1,motion_blur_5,51,False,3,caption,False,0.058480557054281235,0.0,0.0,0.0,0.0,0.3103708908862809,0.3005214333356489,0.0,0.0,0.0,0.0,0.0,0.31049903322323974,0.301174045711931,0.0,0.0,0.0,0.0,0.0,0.00012814233695884747,0.0006526123762821134,0.0
346,order1,motion_blur_5,52,True,3,caption,True,0.058472890406847,0.18859649122807018,0.15057347236490168,0.0,0.0,0.7935100819136883,0.7940602213310187,0.16795221653488354,0.17916666666666667,0.1430758445970378,0.0,0.0,0.7936200734202014,0.7942023786469401,0.15959128854149363,-0.00942982456140351,-0.00749762776786389,0.0,0.0,0.00010999150651302969,0.00014215731592137626,-0.008360927993389916
258,order1,motion_blur_5,53,False,3,caption,False,0.058472890406847,0.0,0.0,0.0,0.0,0.8061506206350927,0.7968649106811827,0.0,0.0,0.0,0.0,0.0,0.8091486304857655,0.8003177455260515,0.0,0.0,0.0,0.0,0.0,0.002998009850672778,0.0034528348448688018,0.0
564,order1,motion_blur_5,54,False,3,question,False,0.058472890406847,0.8447653429602888,0.0,0.0,0.0,0.0,0.0,0.0,0.8447653429602888,0.0,0.0,0.0,0.0,0.0,0.0,0.0,0.0,0.0,0.0,0.0,0.0,0.0
206,order1,motion_blur_5,55,False,3,caption,False,0.058472890406847,0.9172056921086675,0.5400140773200326,1.0,1.0,0.583816324851983,0.5856199304701912,0.5433059419090062,0.9172056921086675,0.5391646884631979,1.0,1.0,0.5830383972693722,0.5848494143397512,0.5424539786947611,0.0,-0.0008493888568347208,0.0,0.0,-0.000777927582610749,-0.000770516130439991,-0.0008519632142450773
492,order1,motion_blur_5,56,True,3,question,True,0.060826074331998825,0.8473895582329317,0.4631795659638544,1.0,0.0,0.549317710307062,0.5406823851471848,0.4634420444118727,0.7753623188405797,0.42606020021014496,1.0,0.0,0.549498202140187,0.5406405936878076,0.4141076887821505,-0.072027239392352,-0.03711936575370944,0.0,0.0,0.00018049183312496275,-4.179145937721618e-05,-0.049334355629722215
243,order1,motion_blur_5,57,False,3,caption,False,0.060826074331998825,0.9668874172185431,0.7913599010758794,1.0,1.0,0.8169650848858683,0.8155772514245164,0.7850164996595627,0.9668874172185431,0.7919681183249014,1.0,1.0,0.8176057560084432,0.81622060047562,0.7856220469656168,0.0,0.0006082172490220472,0.0,0.0,0.0006406711225749318,0.0006433490511035256,0.0006055473060541106
359,order1,motion_blur_5,58,False,3,question,False,0.060826074331998825,0.8743961352657005,0.6363237277665175,1.0,1.0,0.727918127648618,0.7360281475756549,0.6444771224935311,0.8743961352657005,0.6384885296715644,1.0,1.0,0.7302091689745109,0.7379264509198832,0.6464964219282451,0.0,0.0021648019050469758,0.0,0.0,0.002291041325892973,0.001898303344228247,0.002019299434714017
132,order1,motion_blur_5,59,False,3,question,False,0.060826074331998825,0.0,0.0,0.0,0.0,0.07765497698345869,0.08689015934533494,0.0,0.0,0.0,0.0,0.0,0.07745883629507225,0.08648438710422453,0.0,0.0,0.0,0.0,0.0,-0.0001961406883864425,-0.0004057722411104081,0.0
419,order1,motion_blur_5,60,True,3,question,True,0.07099474221467972,0.27807486631016043,0.08381051257128022,0.0,0.0,0.11616160456127322,0.11382340270041584,0.08144789226884289,0.3422459893048128,0.08800924752023279,0.0,0.0,0.11699343663565473,0.11457789831016399,0.08622840793232098,0.06417112299465239,0.004198734948952565,0.0,0.0,0.0008318320743815055,0.0007544956097481487,0.004780515663478091
490,order1,motion_blur_5,61,False,3,question,False,0.07099474221467972,0.9473684210526315,0.7696078104619404,1.0,1.0,0.7987299518021904,0.8064017614438804,0.8064017614438804,0.9473684210526315,0.7775370194028927,1.0,1.0,0.8068068724275076,0.8144975145722404,0.8144975145722404,0.0,0.007929208940952281,0.0,0.0,0.008076920625317174,0.008095753128359973,0.008095753128359973
441,order1,motion_blur_5,62,False,3,caption,False,0.07099474221467972,0.0,0.0,0.0,0.0,0.4147713020161372,0.4256550308160262,0.0,0.0,0.0,0.0,0.0,0.425762233148395,0.4350904373289329,0.0,0.0,0.0,0.0,0.0,0.010990931132257797,0.009435406512906697,0.0
538,order1,motion_blur_5,63,False,3,caption,False,0.07099474221467972,0.2650273224043716,0.10015313056937644,0.0,0.0,0.3778973792617709,0.3791458546959918,0.09847944277817969,0.2650273224043716,0.10027131686380611,0.0,0.0,0.37834331930054677,0.37966096951773176,0.09861323883577448,0.0,0.00011818629442966744,0.0,0.0,0.0004459400387758494,0.0005151148217399371,0.00013379605759479551
44,order2,motion_blur_5,0,True,0,question,True,5.490535477292724e-05,0.9222520107238605,0.0,0.0,0.0,0.0,0.0,0.0,0.9088471849865952,0.0,0.0,0.0,0.0,0.0,0.0,-0.013404825737265313,0.0,0.0,0.0,0.0,0.0,0.0
180,order2,motion_blur_5,1,False,0,question,False,5.490535477292724e-05,0.8137931034482758,0.0,0.0,0.0,0.0,0.0,0.0,0.8137931034482758,0.0,0.0,0.0,0.0,0.0,0.0,0.0,0.0,0.0,0.0,0.0,0.0,0.0
642,order2,motion_blur_5,2,False,0,question,False,5.490535477292724e-05,0.4623115577889447,0.028260439663703316,0.0,0.0,0.11770730800930651,0.12743760124634468,0.033819976529241076,0.4623115577889447,0.028260864803268396,0.0,0.0,0.11770787906873585,0.12743829042082644,0.03382050043714864,0.0,4.251395650800571e-07,0.0,0.0,5.710594293412141e-07,6.89174481760535e-07,5.23907907563903e-07
138,order2,motion_blur_5,3,False,0,question,False,5.490535477292724e-05,0.7541412380122058,0.5815853390517042,1.0,1.0,0.7868482552694902,0.7850887965311566,0.5796784879159085,0.7541412380122058,0.581585178015337,1.0,1.0,0.7868481512419074,0.7850886409828085,0.5796782833431667,0.0,-1.6103636713005187e-07,0.0,0.0,-1.0402758277017199e-07,-1.5554834809083928e-07,-2.0457274174656703e-07
159,order2,motion_blur_5,4,True,0,question,True,0.004220760427415371,0.0,0.0,0.0,0.0,0.052635006492280666,0.05019096146734734,0.0,0.2616279069767442,0.013771852174410541,0.0,0.0,0.052639079422191405,0.05019728350965914,0.013146907585863107,0.2616279069767442,0.013771852174410541,0.0,0.0,4.072929910739487e-06,6.322042311796006e-06,0.013146907585863107
12,order2,motion_blur_5,5,False,0,question,False,0.004220760427415371,0.37142857142857144,0.1790338448863581,0.0,0.0,0.4791597392800191,0.47647960410446977,0.1779673997840439,0.37142857142857144,0.17907105050657526,0.0,0.0,0.4792571463602447,0.4765748312443249,0.17800387451828958,0.0,3.720562021716778e-05,0.0,0.0,9.740708022559774e-05,9.522713985515852e-05,3.6474734245672824e-05
1,order2,motion_blur_5,6,False,0,caption,False,0.004220760427415371,0.7910447761194029,0.4288288730325635,1.0,0.0,0.53206545357744,0.5249160488714408,0.39368703665358057,0.7910447761194029,0.4289252783600015,1.0,0.0,0.5321850675948167,0.5250440117222911,0.3937830087917183,0.0,9.640532743798724e-05,0.0,0.0,0.0001196140173767013,0.0001279628508502606,9.59721381377232e-05
507,order2,motion_blur_5,7,False,0,caption,False,0.004220760427415371,0.0,0.0,0.0,0.0,0.25311150250418873,0.29203531695071194,0.0,0.0,0.0,0.0,0.0,0.25826205078671066,0.2984094675371649,0.0,0.0,0.0,0.0,0.0,0.005150548282521927,0.006374150586452965,0.0
206,order2,motion_blur_5,8,True,0,caption,True,0.008764608763158321,0.9172056921086675,0.5400140773200326,1.0,1.0,0.583816324851983,0.5856199304701912,0.5433059419090062,0.9016817593790427,0.5323341799935507,1.0,1.0,0.5839012830215609,0.5857052729339235,0.535062923867674,-0.015523932729624823,-0.007679897326481888,0.0,0.0,8.495816957787561e-05,8.534246373226306e-05,-0.008243018041332206
68,order2,motion_blur_5,9,False,0,question,False,0.008764608763158321,0.703125,0.43924962886903746,1.0,0.0,0.6192834274730816,0.6177781181682734,0.4492931768496534,0.703125,0.44084678907492914,1.0,0.0,0.6215332918248399,0.6200579749804718,0.4509512545312522,0.0,0.001597160205891679,0.0,0.0,0.002249864351758224,0.002279856812198333,0.0016580776815987575
169,order2,motion_blur_5,10,False,0,question,False,0.008764608763158321,0.0,0.0,0.0,0.0,0.24794396658442366,0.37027780088782003,0.0,0.0,0.0,0.0,0.0,0.247690099530554,0.36990473348680175,0.0,0.0,0.0,0.0,0.0,-0.00025386705386967745,-0.00037306740101827884,0.0
418,order2,motion_blur_5,11,False,0,question,False,0.008764608763158321,0.0,0.0,0.0,0.0,0.9190790482073546,0.9192510106494438,0.0,0.0,0.0,0.0,0.0,0.9188206671941055,0.9189910274733406,0.0,0.0,0.0,0.0,0.0,-0.00025838101324915375,-0.00025998317610320676,0.0
567,order2,motion_blur_5,12,True,0,caption,True,0.021212425082921982,0.8048780487804879,0.0,0.0,0.0,0.0,0.0,0.0,0.6226415094339622,0.0,0.0,0.0,0.0,0.0,0.0,-0.18223653934652562,0.0,0.0,0.0,0.0,0.0,0.0
332,order2,motion_blur_5,13,False,0,caption,False,0.021212425082921982,0.20224719101123595,0.019652481695300608,0.0,0.0,0.034843566756308134,0.03331370161325733,0.019286879881359506,0.20224719101123595,0.019566035351379452,0.0,0.0,0.03469234623088724,0.033171450711365624,0.019204524096053784,0.0,-8.644634392115588e-05,0.0,0.0,-0.0001512205254208948,-0.0001422509018917037,-8.235578530572246e-05
324,order2,motion_blur_5,14,False,0,question,False,0.021212425082921982,0.16058394160583941,0.10157967240690323,0.0,0.0,0.6336312933160916,0.6250898207372443,0.10853223285425256,0.16058394160583941,0.10171214137457539,0.0,0.0,0.634391460190573,0.625930009807356,0.10868509044954947,0.0,0.00013246896767216132,0.0,0.0,0.0007601668744814383,0.0008401890701117409,0.00015285759529690135
346,order2,motion_blur_5,15,False,0,caption,False,0.021212425082921982,0.18859649122807018,0.15057347236490168,0.0,0.0,0.7935100819136883,0.7940602213310187,0.16795221653488354,0.18859649122807018,0.15061336364249678,0.0,0.0,0.7937504967659231,0.7942862830709492,0.16799532000265185,0.0,3.9891277595099917e-05,0.0,0.0,0.00024041485223480485,0.00022606173993044987,4.3103467768312864e-05
3,order2,motion_blur_5,16,True,1,caption,True,0.021225804463028908,0.0,0.0,0.0,0.0,0.05203935279252804,0.09124270759541449,0.0,0.0,0.0,0.0,0.0,0.05228134524130264,0.09145692965269352,0.0,0.0,0.0,0.0,0.0,0.00024199244877459725,0.00021422205727902877,0.0
490,order2,motion_blur_5,17,False,1,question,False,0.021225804463028908,0.9473684210526315,0.7696078104619404,1.0,1.0,0.7987299518021904,0.8064017614438804,0.8064017614438804,0.9473684210526315,0.7707469301864719,1.0,1.0,0.7998615548128654,0.8075520543180322,0.8075520543180322,0.0,0.0011391197245315121,0.0,0.0,0.001131603010674942,0.0011502928741518037,0.0011502928741518037
359,order2,motion_blur_5,18,False,1,question,False,0.021225804463028908,0.8743961352657005,0.6363237277665175,1.0,1.0,0.727918127648618,0.7360281475756549,0.6444771224935311,0.8743961352657005,0.6365490246814303,1.0,1.0,0.7281716898499383,0.7363084752431108,0.6447212725260055,0.0,0.00022529691491279813,0.0,0.0,0.00025356220132033425,0.000280327667455893,0.0002441500324744661
588,order2,motion_blur_5,19,False,1,question,False,0.021225804463028908,0.0,0.0,0.0,0.0,0.0,0.0,0.0,0.0,0.0,0.0,0.0,0.0,0.0,0.0,0.0,0.0,0.0,0.0,0.0,0.0,0.0
650,order2,motion_blur_5,20,True,1,caption,True,0.03900426626205444,0.685131195335277,0.009801006879046162,0.0,0.0,0.009811186884720604,0.011068559890607513,0.011068559890607513,0.7201166180758017,0.009846260541689272,0.0,0.0,0.009858815396987837,0.01110994136039644,0.011105119287164619,0.03498542274052474,4.525366264311083e-05,0.0,0.0,4.762851226723305e-05,4.138146978892657e-05,3.6559396557105106e-05
356,order2,motion_blur_5,21,False,1,caption,False,0.03900426626205444,0.6051167964404894,3.7010156851216804e-06,0.0,0.0,3.7010156851216804e-06,0.0,0.0,0.6051167964404894,5.008078834522713e-06,0.0,0.0,5.008078834522713e-06,0.0,0.0,0.0,1.3070631494010326e-06,0.0,0.0,1.3070631494010326e-06,0.0,0.0
485,order2,motion_blur_5,22,False,1,question,False,0.03900426626205444,0.8975308641975308,0.34532294893008453,1.0,0.0,0.39718347740236115,0.3934140524263381,0.3462905466308442,0.8975308641975308,0.34415968303267797,1.0,0.0,0.39602731896689775,0.3923770079880865,0.3452329148050366,0.0,-0.0011632658974065624,0.0,0.0,-0.0011561584354634058,-0.0010370444382515887,-0.0010576318258075923
132,order2,motion_blur_5,23,False,1,question,False,0.03900426626205444,0.0,0.0,0.0,0.0,0.07765497698345869,0.08689015934533494,0.0,0.0,0.0,0.0,0.0,0.07626265783694446,0.08547554195544309,0.0,0.0,0.0,0.0,0.0,-0.0013923191465142343,-0.001414617389891848,0.0
600,order2,motion_blur_5,24,True,1,caption,True,0.043522462248802185,0.0,0.0,0.0,0.0,0.3103708908862809,0.3005214333356489,0.0,0.0,0.0,0.0,0.0,0.3101784348827667,0.3002935867377157,0.0,0.0,0.0,0.0,0.0,-0.00019245600351419645,-0.00022784659793317896,0.0
41,order2,motion_blur_5,25,False,1,caption,False,0.043522462248802185,0.06842105263157895,0.008648142811809003,0.0,0.0,0.21940760013313776,0.2212463467255744,0.014975570381438898,0.06842105263157895,0.00897367415424242,0.0,0.0,0.22860791425694582,0.23039856580974424,0.015526198025093661,0.0,0.0003255313424334171,0.0,0.0,0.009200314123808062,0.009152219084169855,0.0005506276436547629
617,order2,motion_blur_5,26,False,1,question,False,0.043522462248802185,0.9842105263157894,0.018709688864742644,0.0,0.0,0.018709688864742644,0.019484816083459984,0.019484816083459984,0.9842105263157894,0.019138983154530408,0.0,0.0,0.019138983154530408,0.01996043985401314,0.01996043985401314,0.0,0.00042929428978776343,0.0,0.0,0.00042929428978776343,0.0004756237705531574,0.0004756237705531574
34,order2,motion_blur_5,27,False,1,caption,False,0.043522462248802185,0.5454545454545454,0.4441942521886141,1.0,0.0,0.7902173906630111,0.7991984700055591,0.45816204325205534,0.5454545454545454,0.44548299220661147,1.0,0.0,0.7917915966296654,0.8005918523454724,0.45937872811677916,0.0,0.0012887400179973918,0.0,0.0,0.0015742059666542518,0.0013933823399132628,0.001216684864723816
312,order2,motion_blur_5,28,True,1,question,True,0.04386888071894646,0.6337962962962963,0.4054413398222157,1.0,0.0,0.6209193863294078,0.6221820781194978,0.4072824409448199,0.6407407407407407,0.40953739630299196,1.0,0.0,0.6208626266311397,0.6220793178051929,0.41040091833968134,0.00694444444444442,0.004096056480776267,0.0,0.0,-5.675969826812732e-05,-0.00010276031430489496,0.0031184773948614297
94,order2,motion_blur_5,29,False,1,caption,False,0.04386888071894646,0.5995591476855253,0.2910902292988913,0.0,0.0,0.4851899537230761,0.48660486295748573,0.29314876922371613,0.5995591476855253,0.2928470538540431,0.0,0.0,0.4880017629355093,0.4894374868336663,0.2949300100673749,0.0,0.0017568245551518036,0.0,0.0,0.0028118092124331806,0.002832623876180551,0.0017812408436587712
544,order2,motion_blur_5,30,False,1,question,False,0.04386888071894646,0.8359375,0.4528501712782921,1.0,0.0,0.5367113141076054,0.5131544538805591,0.4276287115671326,0.8359375,0.45490953498796377,1.0,0.0,0.5391520414672163,0.515492946345722,0.4295774552881016,0.0,0.002059363709671691,0.0,0.0,0.0024407273596108725,0.0023384924651628225,0.0019487437209689817
83,order2,motion_blur_5,31,False,1,question,False,0.04386888071894646,0.6307692307692307,0.47969410784440114,1.0,0.0,0.7672796869743899,0.7657875060688543,0.4781228592880689,0.6307692307692307,0.47920021426084997,1.0,0.0,0.7665465408226392,0.7650665091304137,0.47764464522308814,0.0,-0.0004938935835511749,0.0,0.0,-0.0007331461517506854,-0.0007209969384405213,-0.00047821406498077534
171,order2,motion_blur_5,32,True,2,question,True,0.04617839306592941,0.053763440860215055,0.018406297633697534,0.0,0.0,0.34235713598677414,0.32937104241287546,0.017519736298557204,0.0,0.0,0.0,0.0,0.35497095917682114,0.3404405855422069,0.0,-0.053763440860215055,-0.018406297633697534,0.0,0.0,0.012613823190047002,0.01106954312933145,-0.017519736298557204
339,order2,motion_blur_5,33,False,2,caption,False,0.04617839306592941,0.14332247557003258,0.0,0.0,0.0,0.03496877774625099,0.08781992224997029,0.0,0.14332247557003258,0.0,0.0,0.0,0.03437232199970695,0.08742382882247214,0.0,0.0,0.0,0.0,0.0,-0.0005964557465440376,-0.00039609342749814813,0.0
258,order2,motion_blur_5,34,False,2,caption,False,0.04617839306592941,0.0,0.0,0.0,0.0,0.8061506206350927,0.7968649106811827,0.0,0.0,0.0,0.0,0.0,0.8053420477047848,0.7959871533921564,0.0,0.0,0.0,0.0,0.0,-0.0008085729303078937,-0.0008777572890262819,0.0
24,order2,motion_blur_5,35,False,2,caption,False,0.04617839306592941,0.36283185840707965,0.3450410234055522,1.0,0.0,0.920765895833564,0.9159249575832374,0.3541720318836596,0.36283185840707965,0.34531389030396176,1.0,0.0,0.9212671198698051,0.9165889051215643,0.35458749905636416,0.0,0.0002728668984095517,0.0,0.0,0.000501224036241088,0.0006639475383268811,0.00041546717270457556
538,order2,motion_blur_5,36,True,2,caption,True,0.05367580056190491,0.2650273224043716,0.10015313056937644,0.0,0.0,0.3778973792617709,0.3791458546959918,0.09847944277817969,0.2650273224043716,0.10013586842497754,0.0,0.0,0.3778322458097091,0.3790928572385071,0.09846567720480703,0.0,-1.7262144398899615e-05,0.0,0.0,-6.513345206182741e-05,-5.299745748471585e-05,-1.3765573372653828e-05
564,order2,motion_blur_5,37,False,2,question,False,0.05367580056190491,0.8447653429602888,0.0,0.0,0.0,0.0,0.0,0.0,0.8447653429602888,0.0,0.0,0.0,0.0,0.0,0.0,0.0,0.0,0.0,0.0,0.0,0.0,0.0
243,order2,motion_blur_5,38,False,2,caption,False,0.05367580056190491,0.9668874172185431,0.7913599010758794,1.0,1.0,0.8169650848858683,0.8155772514245164,0.7850164996595627,0.9668874172185431,0.7903073030946944,1.0,1.0,0.8158497797633809,0.8145405263579941,0.7840414147389426,0.0,-0.001052597981184955,0.0,0.0,-0.0011153051224873645,-0.0010367250665223038,-0.0009750849206200396
400,order2,motion_blur_5,39,False,2,question,False,0.05367580056190491,0.38641975308641974,0.2666021535489476,0.0,0.0,0.653251358912962,0.6537077493078585,0.2704577802058499,0.38641975308641974,0.26798292044098854,0.0,0.0,0.6573547132148724,0.6577831635507188,0.2718963701280087,0.0,0.0013807668920409188,0.0,0.0,0.004103354301910334,0.004075414242860287,0.0014385899221588394
623,order2,motion_blur_5,40,True,2,caption,True,0.07765424996614456,0.8463476070528967,0.10724627016492855,0.0,0.0,0.14621422699063719,0.14189930005305962,0.10329502273630962,0.8487179487179487,0.10591827310928323,0.0,0.0,0.15116540576932402,0.14651816627103648,0.11092543931016617,0.0023703416650520115,-0.0013279970556453191,0.0,0.0,0.004951178778686838,0.004618866217976858,0.007630416573856547
512,order2,motion_blur_5,41,False,2,caption,False,0.07765424996614456,0.0,0.0,0.0,0.0,0.5932262114371908,0.5946424181857431,0.0,0.0,0.0,0.0,0.0,0.5948904160421211,0.596284098629451,0.0,0.0,0.0,0.0,0.0,0.0016642046049303305,0.001641680443707827,0.0
562,order2,motion_blur_5,42,False,2,caption,False,0.07765424996614456,0.3023255813953488,0.2038402634010472,0.0,0.0,0.6847041319925602,0.6652576401700446,0.21996561411288032,0.3023255813953488,0.2057004520036754,0.0,0.0,0.6900986746532787,0.6691743934916239,0.2213926922986176,0.0,0.00186018860262821,0.0,0.0,0.005394542660718482,0.003916753321579258,0.001427078185737285
65,order2,motion_blur_5,43,False,2,caption,False,0.07765424996614456,0.08237547892720307,0.02787744210787474,0.0,0.0,0.3163483647893612,0.3333223544459308,0.02752202926617777,0.08237547892720307,0.027999346047515222,0.0,0.0,0.3177317094957162,0.33476498500368146,0.02764114555076269,0.0,0.00012190393964048307,0.0,0.0,0.0013833447063550386,0.0014426305577506793,0.00011911628458492057
371,order2,motion_blur_5,44,True,2,caption,True,0.07696903496980667,0.675,0.0002937924063547062,0.0,0.0,0.000427334409243209,0.0,0.0,0.8709677419354839,0.0003183359574512711,0.0,0.0,0.0003588514429450693,0.0,0.0,0.19596774193548383,2.4543551096564893e-05,0.0,0.0,-6.848296629813973e-05,0.0,0.0
119,order2,motion_blur_5,45,False,2,caption,False,0.07696903496980667,0.10236220472440945,0.0032655988000012148,0.0,0.0,0.015043733698978127,0.07160449336929746,0.01885141125455248,0.10236220472440945,0.0031075323285651457,0.0,0.0,0.01419023012005233,0.06831950583105371,0.017938936623989713,0.0,-0.0001580664714360691,0.0,0.0,-0.0008535035789257964,-0.0032849875382437443,-0.0009124746305627686
582,order2,motion_blur_5,46,False,2,question,False,0.07696903496980667,0.5277777777777778,0.3785589812279909,1.0,0.0,0.6729937444053171,0.7164535959687354,0.3880790311497317,0.5277777777777778,0.3802160366086025,1.0,0.0,0.6759396206375156,0.7196813010655474,0.3898273714105049,0.0,0.0016570553806115607,0.0,0.0,0.002945876232198441,0.003227705096812028,0.0017483402607731957
377,order2,motion_blur_5,47,False,2,caption,False,0.07696903496980667,0.07586206896551724,0.03990204467598274,0.0,0.0,0.46268856406118797,0.45314613584756674,0.040807558833607135,0.07586206896551724,0.04057747315445612,0.0,0.0,0.4764619992233197,0.4697234311084033,0.04183857745984827,0.0,0.0006754284784733777,0.0,0.0,0.013773435162131753,0.016577295260836566,0.001031018626241137
419,order2,motion_blur_5,48,True,3,question,True,0.06525774300098419,0.27807486631016043,0.08381051257128022,0.0,0.0,0.11616160456127322,0.11382340270041584,0.08144789226884289,0.3422459893048128,0.08671164982229114,0.0,0.0,0.11486942645421377,0.11241437941140674,0.08491670609306047,0.06417112299465239,0.0029011372510109185,0.0,0.0,-0.0012921781070594496,-0.0014090232890091037,0.0034688138242175842
648,order2,motion_blur_5,49,False,3,question,False,0.06525774300098419,0.0423728813559322,0.0,0.0,0.0,0.0,0.0,0.0,0.0423728813559322,0.0,0.0,0.0,0.0,0.0,0.0,0.0,0.0,0.0,0.0,0.0,0.0,0.0
133,order2,motion_blur_5,50,False,3,question,False,0.06525774300098419,0.6337817638266069,0.5451643751563355,1.0,1.0,0.8201205817358244,0.8229132943139266,0.5505320940770106,0.6337817638266069,0.5451261642608708,1.0,1.0,0.8203115973221252,0.8230513684640292,0.5504621158599159,0.0,-3.821089546474088e-05,0.0,0.0,0.0001910155863008578,0.00013807415010258506,-6.997821709475716e-05
238,order2,motion_blur_5,51,False,3,question,False,0.06525774300098419,0.0,0.0,0.0,0.0,0.8861363106177821,0.877404441168681,0.0,0.0,0.0,0.0,0.0,0.8849247365809579,0.8731113235762901,0.0,0.0,0.0,0.0,0.0,-0.0012115740368241479,-0.004293117592390927,0.0
401,order2,motion_blur_5,52,True,3,caption,True,0.07495857775211334,0.6296296296296297,0.37065513716751713,1.0,0.0,0.5926263532681647,0.5946569740827238,0.37253619838134966,0.6337962962962963,0.37728571547791984,1.0,0.0,0.5982722116784505,0.6003166998538251,0.37973430534601393,0.004166666666666652,0.006630578310402702,0.0,0.0,0.005645858410285753,0.005659725771101298,0.007198106964664275
447,order2,motion_blur_5,53,False,3,question,False,0.07495857775211334,0.6338797814207651,0.5287010687553054,1.0,1.0,0.8418300339288595,0.8466493216406801,0.5344300970797818,0.6338797814207651,0.5292691719645768,1.0,1.0,0.8418641384388896,0.8467847519150636,0.5350184184170801,0.0,0.0005681032092713645,0.0,0.0,3.4104510030164015e-05,0.00013543027438356336,0.0005883213372982476
620,order2,motion_blur_5,54,False,3,caption,False,0.07495857775211334,0.345679012345679,0.2790872214933736,0.0,0.0,0.7999528102521051,0.7829747751959908,0.27963384828428245,0.345679012345679,0.27950633766651883,0.0,0.0,0.8015530769100285,0.7851219950161388,0.28040071250576387,0.0,0.00041911617314521754,0.0,0.0,0.0016002666579234548,0.002147219820147983,0.0007668642214814225
663,order2,motion_blur_5,55,False,3,question,False,0.07495857775211334,0.8663426488456865,0.34312630623075674,1.0,0.0,0.3932045176535223,0.3900209578105029,0.33824228271804946,0.8663426488456865,0.3491316933752735,1.0,0.0,0.40014009161393455,0.39694367261630514,0.34420744433614764,0.0,0.006005387144516761,0.0,0.0,0.006935573960412222,0.006922714805802255,0.00596516161809818
534,order2,motion_blur_5,56,True,3,question,True,0.07908026874065399,0.795774647887324,0.0,0.0,0.0,0.014600592308698923,0.02116387099113195,0.0,0.11840796019900497,0.0,0.0,0.0,0.014704986927663342,0.021616360909161744,0.0,-0.677366687688319,0.0,0.0,0.0,0.00010439461896441862,0.0004524899180297949,0.0
143,order2,motion_blur_5,57,False,3,caption,False,0.07908026874065399,0.0,0.0,0.0,0.0,0.6329892497596905,0.6325889837597267,0.0,0.0,0.0,0.0,0.0,0.6462401735237098,0.6458742210884761,0.0,0.0,0.0,0.0,0.0,0.013250923764019262,0.013285237328749422,0.0
543,order2,motion_blur_5,58,False,3,caption,False,0.07908026874065399,0.0,0.0,0.0,0.0,0.6440616498988075,0.644301250303151,0.0,0.0,0.0,0.0,0.0,0.6441663374144524,0.6443509428755414,0.0,0.0,0.0,0.0,0.0,0.00010468751564485235,4.969257239040292e-05,0.0
550,order2,motion_blur_5,59,False,3,caption,False,0.07908026874065399,0.5142857142857142,0.28990055698788636,0.0,0.0,0.5658594201124592,0.561287673373955,0.28661498214840253,0.5142857142857142,0.2898290585531926,0.0,0.0,0.5657314381884214,0.561372718125262,0.28665840925545294,0.0,-7.149843469378414e-05,0.0,0.0,-0.00012798192403773445,8.504475130699518e-05,4.3427107050408864e-05
40,order2,motion_blur_5,60,True,3,caption,True,0.07758945971727371,0.9459459459459459,0.831352796034885,1.0,1.0,0.8621209618928638,0.8791518259012034,0.8496524107655077,0.9797297297297297,0.8596294442994171,1.0,1.0,0.8596294442994171,0.8765760058076212,0.8765760058076212,0.03378378378378377,0.028276648264532134,0.0,0.0,-0.0024915175934466793,-0.0025758200935822595,0.026923595042113502
609,order2,motion_blur_5,61,False,3,caption,False,0.07758945971727371,0.0,0.0,0.0,0.0,0.7443050263455745,0.7467888229200743,0.0,0.0,0.0,0.0,0.0,0.7577475270925274,0.7608929701218987,0.0,0.0,0.0,0.0,0.0,0.013442500746952857,0.014104147201824402,0.0
492,order2,motion_blur_5,62,False,3,question,False,0.07758945971727371,0.8473895582329317,0.4631795659638544,1.0,0.0,0.549317710307062,0.5406823851471848,0.4634420444118727,0.8473895582329317,0.47056530759244575,1.0,0.0,0.5580784018085796,0.549617192613761,0.47110045081179514,0.0,0.007385741628591347,0.0,0.0,0.008760691501517592,0.008934807466576156,0.007658406399922435
441,order2,motion_blur_5,63,False,3,caption,False,0.07758945971727371,0.0,0.0,0.0,0.0,0.4147713020161372,0.4256550308160262,0.0,0.0,0.0,0.0,0.0,0.4102758563340668,0.42108409630195015,0.0,0.0,0.0,0.0,0.0,-0.004495445682070387,-0.0045709345140760305,0.0
550,order1,occlusion_5,0,True,0,caption,True,0.008716507814824581,0.47368421052631576,0.2669624902388311,0.0,0.0,0.5657598631071522,0.5611980613656264,0.2640932053485301,0.4696485623003195,0.2657083063154996,0.0,0.0,0.5657598631071522,0.5611980613656264,0.2541274240146233,-0.00403564822599628,-0.0012541839233315422,0.0,0.0,0.0,0.0,-0.009965781333906798
12,order1,occlusion_5,1,False,0,question,False,0.008716507814824581,0.29545454545454547,0.14337506119516014,0.0,0.0,0.4818314707819907,0.47880389397105033,0.14318876226865554,0.29545454545454547,0.1434674545806346,0.0,0.0,0.48207995584939156,0.47904868666390793,0.14327644966779557,0.0,9.239338547445408e-05,0.0,0.0,0.00024848506740088316,0.0002447926928575983,8.768739914002954e-05
24,order1,occlusion_5,2,False,0,caption,False,0.008716507814824581,0.36283185840707965,0.3450683860800366,1.0,0.0,0.9206833093351565,0.9158364184601221,0.3541941904317601,0.36283185840707965,0.3450941897889682,1.0,0.0,0.9207757747233761,0.9159365917582947,0.3542301747241989,0.0,2.5803708931626534e-05,0.0,0.0,9.246538821960915e-05,0.00010017329817257892,3.5984292438784315e-05
41,order1,occlusion_5,3,False,0,caption,False,0.008716507814824581,0.06842105263157895,0.008616104363032865,0.0,0.0,0.2187416193838439,0.2205612378681547,0.014919001368361863,0.06842105263157895,0.008607734506117733,0.0,0.0,0.2187037790731268,0.22050573384440167,0.01490493934490508,0.0,-8.369856915131993e-06,0.0,0.0,-3.7840310717102144e-05,-5.550402375303909e-05,-1.406202345678384e-05
371,order1,occlusion_5,4,True,0,caption,True,0.019303113222122192,0.675,0.0002937924063547062,0.0,0.0,0.000427334409243209,0.0,0.0,0.8709677419354839,0.00037853580450486035,0.0,0.0,0.0004267130887145699,0.0,0.0,0.19596774193548383,8.474339815015415e-05,0.0,0.0,-6.213205286391323e-07,0.0,0.0
312,order1,occlusion_5,5,False,0,question,False,0.019303113222122192,0.6337962962962963,0.39360296830347286,1.0,0.0,0.609141548134236,0.6096827046575796,0.3947155734977301,0.6337962962962963,0.3936987384124535,1.0,0.0,0.6092533508133582,0.6097726095480376,0.39479344568397423,0.0,9.577010898065286e-05,0.0,0.0,0.00011180267912214159,8.990489045801464e-05,7.787218624411008e-05
83,order1,occlusion_5,6,False,0,question,False,0.019303113222122192,0.6307692307692307,0.4813357690413362,1.0,0.0,0.7690638449798107,0.7675250040311024,0.47971699214748725,0.6307692307692307,0.4816703932307963,1.0,0.0,0.7695631907071516,0.7680242045495226,0.48004969820525817,0.0,0.00033462418946011985,0.0,0.0,0.0004993457273408941,0.0004992005184202286,0.0003327060577709151
582,order1,occlusion_5,7,False,0,question,False,0.019303113222122192,0.5507246376811594,0.39465273279637686,1.0,0.0,0.6723713225419754,0.7160854419110264,0.40474394542797143,0.5507246376811594,0.3947745170978532,1.0,0.0,0.6725788069074536,0.7163139443859229,0.404873099000739,0.0,0.00012178430147635755,0.0,0.0,0.00020748436547823879,0.0002285024748964748,0.00012915357276754857
1,order1,occlusion_5,8,True,0,caption,True,0.02362716756761074,0.7910447761194029,0.4288288730325635,1.0,0.0,0.53206545357744,0.5249160488714408,0.39368703665358057,0.6708860759493671,0.36306782530749027,1.0,0.0,0.5311547814683654,0.5239497122877641,0.3368248150421341,-0.12015870017003583,-0.06576104772507324,0.0,0.0,-0.000910672109074584,-0.0009663365836767301,-0.056862221611446495
562,order1,occlusion_5,9,False,0,caption,False,0.02362716756761074,0.3023255813953488,0.2038402634010472,0.0,0.0,0.6847041319925602,0.6652576401700446,0.21996561411288032,0.3023255813953488,0.20418001800611435,0.0,0.0,0.6859658758801606,0.6661455282457716,0.22021509789860144,0.0,0.0003397546050671607,0.0,0.0,0.001261743887600364,0.0008878880757269281,0.00024948378572112184
180,order1,occlusion_5,10,False,0,question,False,0.02362716756761074,0.8137931034482758,0.0,0.0,0.0,0.0,0.0,0.0,0.8137931034482758,0.0,0.0,0.0,0.0,0.0,0.0,0.0,0.0,0.0,0.0,0.0,0.0,0.0
159,order1,occlusion_5,11,False,0,question,False,0.02362716756761074,0.0,0.0,0.0,0.0,0.09544079265983064,0.09483096078989978,0.0,0.0,0.0,0.0,0.0,0.096841232672261,0.09615756851119425,0.0,0.0,0.0,0.0,0.0,0.0014004400124303512,0.001326607721294476,0.0
507,order1,occlusion_5,12,True,0,caption,True,0.05595812201499939,0.0,0.0,0.0,0.0,0.2589258892764015,0.29916694771184016,0.0,0.0,0.0,0.0,0.0,0.2610827175624765,0.3021051868696211,0.0,0.0,0.0,0.0,0.0,0.0021568282860749965,0.002938239157780964,0.0
143,order1,occlusion_5,13,False,0,caption,False,0.05595812201499939,0.0,0.0,0.0,0.0,0.6328498319987731,0.6324731036290968,0.0,0.0,0.0,0.0,0.0,0.6367337539973362,0.6363712713859586,0.0,0.0,0.0,0.0,0.0,0.0038839219985631335,0.0038981677568618034,0.0
171,order1,occlusion_5,14,False,0,question,False,0.05595812201499939,0.0,0.0,0.0,0.0,0.23519895445582048,0.24456133763207505,0.0,0.0,0.0,0.0,0.0,0.23596187805931398,0.24606216024409838,0.0,0.0,0.0,0.0,0.0,0.0007629236034935039,0.0015008226120233337,0.0
617,order1,occlusion_5,15,False,0,question,False,0.05595812201499939,0.9842105263157894,0.018611035374480348,0.0,0.0,0.018611035374480348,0.019362103566063132,0.019362103566063132,0.9842105263157894,0.01875483095920889,0.0,0.0,0.01875483095920889,0.01951759831058247,0.01951759831058247,0.0,0.000143795584728542,0.0,0.0,0.000143795584728542,0.00015549474451933762,0.00015549474451933762
3,order1,occlusion_5,16,True,1,caption,True,0.05597066134214401,0.0,0.0,0.0,0.0,0.052292891867122604,0.09156949756617348,0.0,0.0,0.0,0.0,0.0,0.05251566110191221,0.09179865250257291,0.0,0.0,0.0,0.0,0.0,0.00022276923478960903,0.00022915493639942552,0.0
332,order1,occlusion_5,17,False,1,caption,False,0.05597066134214401,0.20224719101123595,0.01965917758884956,0.0,0.0,0.03485790415362836,0.03332601006890146,0.019294005829364,0.20224719101123595,0.019625950298318588,0.0,0.0,0.03479629315881207,0.0332707259275325,0.019261999221203027,0.0,-3.3227290530971065e-05,0.0,0.0,-6.161099481629545e-05,-5.528414136895393e-05,-3.200660816097406e-05
534,order1,occlusion_5,18,False,1,question,False,0.05597066134214401,0.795774647887324,0.0,0.0,0.0,0.014604445899999334,0.021127726132534122,0.0,0.795774647887324,0.0,0.0,0.0,0.014675601287938744,0.021273261549958643,0.0,0.0,0.0,0.0,0.0,7.115538793940959e-05,0.00014553541742452075,0.0
356,order1,occlusion_5,19,False,1,caption,False,0.05597066134214401,0.1449758991472006,0.0,0.0,0.0,0.0,0.0,0.0,0.1449758991472006,0.0,0.0,0.0,0.0,0.0,0.0,0.0,0.0,0.0,0.0,0.0,0.0,0.0
133,order1,occlusion_5,20,True,1,question,True,0.05690363794565201,0.6337817638266069,0.5451913768226008,1.0,1.0,0.8181691446069548,0.821203835066039,0.550562726524609,0.09616342800199303,0.07777015725387522,0.0,0.0,0.8185002032186873,0.8215227597499503,0.08042229952002339,-0.5376183358246138,-0.46742121956872557,-1.0,-1.0,0.0003310586117325487,0.00031892468391125917,-0.47014042700458564
68,order1,occlusion_5,21,False,1,question,False,0.05690363794565201,0.703125,0.4368047353846309,1.0,0.0,0.6159167603816662,0.6143652886251506,0.44681111900010956,0.703125,0.4399130796910966,1.0,0.0,0.6202694031138533,0.6188187865307196,0.4500500265677961,0.0,0.003108344306465727,0.0,0.0,0.004352642732187051,0.004453497905569037,0.003238907567686522
324,order1,occlusion_5,22,False,1,question,False,0.05690363794565201,0.16058394160583941,0.10157967240690323,0.0,0.0,0.6336312933160916,0.6250898207372443,0.10853223285425256,0.16058394160583941,0.10197540355294589,0.0,0.0,0.6359544956573777,0.6274255376539474,0.1089534087056721,0.0,0.00039573114604266046,0.0,0.0,0.0023232023412861347,0.00233571691670309,0.00042117585141954184
642,order1,occlusion_5,23,False,1,question,False,0.05690363794565201,0.4623115577889447,0.030283267422902875,0.0,0.0,0.12004856791769761,0.1303427069077785,0.03608912000857472,0.4623115577889447,0.026646421212267592,0.0,0.0,0.11299389593007922,0.12318434356837596,0.03208855823324765,0.0,-0.0036368462106352827,0.0,0.0,-0.007054671987618388,-0.007158363339402535,-0.004000561775327073
543,order1,occlusion_5,24,True,1,caption,True,0.05607585608959198,0.0,0.0,0.0,0.0,0.6439780007081242,0.6440329997846549,0.0,0.0,0.0,0.0,0.0,0.64384210655466,0.6437250689254849,0.0,0.0,0.0,0.0,0.0,-0.00013589415346415556,-0.0003079308591700247,0.0
567,order1,occlusion_5,25,False,1,caption,False,0.05607585608959198,0.6756756756756757,0.0,0.0,0.0,0.0,0.0,0.0,0.6756756756756757,0.0,0.0,0.0,0.0,0.0,0.0,0.0,0.0,0.0,0.0,0.0,0.0,0.0
40,order1,occlusion_5,26,False,1,caption,False,0.05607585608959198,0.9459459459459459,0.8267798559284465,1.0,1.0,0.857548379603863,0.8748671269616669,0.8453669923979541,0.9459459459459459,0.8276224813279475,1.0,1.0,0.8584202759289589,0.8757658739667866,0.8462438495872582,0.0,0.0008426253995009736,0.0,0.0,0.0008718963250958778,0.0008987470051197155,0.0008768571893040811
401,order1,occlusion_5,27,False,1,caption,False,0.05607585608959198,0.6296296296296297,0.3630521317275329,1.0,0.0,0.5844405821527885,0.5865684681230031,0.3650479847591088,0.6296296296296297,0.36419550922897215,1.0,0.0,0.5863076028534061,0.5884453141450968,0.36619909424041763,0.0,0.0011433775014392245,0.0,0.0,0.0018670207006176165,0.0018768460220937033,0.0011511094813088096
34,order1,occlusion_5,28,True,1,caption,True,0.056704647839069366,0.5294117647058824,0.4297222033173643,1.0,0.0,0.8068915648384433,0.8150647490111536,0.44511275316385207,0.5775401069518716,0.4676742458020246,1.0,0.0,0.8075288945108596,0.8156545551047619,0.48489478120504964,0.048128342245989275,0.037952042484660276,0.0,0.0,0.0006373296724163646,0.0005898060936083693,0.03978202804119757
485,order1,occlusion_5,29,False,1,question,False,0.056704647839069366,0.8975308641975308,0.345331034717613,1.0,0.0,0.3972040750169358,0.3934166241675951,0.3463028984493057,0.8975308641975308,0.3473844826203521,1.0,0.0,0.3995262764684339,0.3957804217063858,0.348427379290275,0.0,0.0020534479027390917,0.0,0.0,0.0023222014514981404,0.0023637975387906796,0.002124480840969334
377,order1,occlusion_5,30,False,1,caption,False,0.056704647839069366,0.07586206896551724,0.039969096405269404,0.0,0.0,0.4630781192406134,0.45411644460404027,0.040902854521190066,0.07586206896551724,0.03993648658921394,0.0,0.0,0.4632371963163353,0.4531425459222645,0.04082242843855253,0.0,-3.2609816055462204e-05,0.0,0.0,0.0001590770757219362,-0.0009738986817757755,-8.04260826375372e-05
609,order1,occlusion_5,31,False,1,caption,False,0.056704647839069366,0.0,0.0,0.0,0.0,0.744411036677845,0.7469161139054061,0.0,0.0,0.0,0.0,0.0,0.7445255700307232,0.7470414274310355,0.0,0.0,0.0,0.0,0.0,0.00011453335287814337,0.00012531352562938913,0.0
620,order1,occlusion_5,32,True,2,caption,True,0.05968914180994034,0.345679012345679,0.2790872214933736,0.0,0.0,0.7999528102521051,0.7829747751959908,0.27963384828428245,0.32967032967032966,0.2640776959784482,0.0,0.0,0.8010356778012929,0.7842050064787811,0.2450640645246191,-0.01600868267534933,-0.015009525514925404,0.0,0.0,0.0010828675491878492,0.0012302312827903172,-0.03456978375966335
65,order1,occlusion_5,33,False,2,caption,False,0.05968914180994034,0.08237547892720307,0.02787744210787474,0.0,0.0,0.3163483647893612,0.3333223544459308,0.02752202926617777,0.08237547892720307,0.02792656049422164,0.0,0.0,0.3169057516952977,0.3338687048993005,0.027567140771501877,0.0,4.911838634689969e-05,0.0,0.0,0.0005573869059365411,0.0005463504533697039,4.511150532410593e-05
238,order1,occlusion_5,34,False,2,question,False,0.05968914180994034,0.0,0.0,0.0,0.0,0.8861363106177821,0.877404441168681,0.0,0.0,0.0,0.0,0.0,0.8856337719347621,0.8787951817958221,0.0,0.0,0.0,0.0,0.0,-0.0005025386830199707,0.0013907406271410627,0.0
94,order1,occlusion_5,35,False,2,caption,False,0.05968914180994034,0.5995591476855253,0.29351333674850033,0.0,0.0,0.48783402099418727,0.4892868314359841,0.2956352136795113,0.5995591476855253,0.29428763451710077,0.0,0.0,0.4890150004154774,0.4903872188360124,0.29637234549248465,0.0,0.0007742977686004404,0.0,0.0,0.0011809794212901403,0.0011003874000282687,0.0007371318129733573
588,order1,occlusion_5,36,True,2,question,True,0.0596773661673069,0.0,0.0,0.0,0.0,0.0,0.0,0.0,0.0,0.0,0.0,0.0,0.0,0.0,0.0,0.0,0.0,0.0,0.0,0.0,0.0,0.0
544,order1,occlusion_5,37,False,2,question,False,0.0596773661673069,0.7769784172661871,0.41661529292673194,1.0,0.0,0.5361993121927383,0.5126797932989869,0.3943690717684515,0.7769784172661871,0.4179372734002696,1.0,0.0,0.5379007500244211,0.5143019139388187,0.3956168568760144,0.0,0.001321980473537654,0.0,0.0,0.0017014378316827505,0.0016221206398318033,0.0012477851075629043
138,order1,occlusion_5,38,False,2,question,False,0.0596773661673069,0.7581069237510956,0.5851926480424228,1.0,1.0,0.7936077496854247,0.7917441832749051,0.5841348088784405,0.7581069237510956,0.5848008410291923,1.0,1.0,0.793080385457461,0.7911949741190505,0.5837160827684017,0.0,-0.00039180701323049405,0.0,0.0,-0.0005273642279637336,-0.0005492091558546575,-0.0004187261100387918
650,order1,occlusion_5,39,False,2,caption,False,0.0596773661673069,0.7376093294460642,0.009225980023036432,0.0,0.0,0.00923557655276859,0.010364519533599867,0.010364519533599867,0.7376093294460642,0.008914539472709655,0.0,0.0,0.008914539472709655,0.010022473012915992,0.010022473012915992,0.0,-0.00031144055032677684,0.0,0.0,-0.0003210370800589349,-0.00034204652068387485,-0.00034204652068387485
169,order1,occlusion_5,40,True,2,question,True,0.06061263009905815,0.0,0.0,0.0,0.0,0.24794396658442366,0.37027780088782003,0.0,0.0,0.0,0.0,0.0,0.25096750409877916,0.3749043687819765,0.0,0.0,0.0,0.0,0.0,0.0030235375143554954,0.004626567894156497,0.0
663,order1,occlusion_5,41,False,2,question,False,0.06061263009905815,0.8663426488456865,0.3306307760083669,1.0,0.0,0.3791370786027901,0.3761511789468348,0.32597901819763514,0.8663426488456865,0.3309323629540418,1.0,0.0,0.3795093243196523,0.3764951998846277,0.3262487935606455,0.0,0.0003015869456749476,0.0,0.0,0.000372245716862174,0.00034402093779289933,0.00026977536301037164
623,order1,occlusion_5,42,False,2,caption,False,0.06061263009905815,0.8161209068010076,0.09950617439179582,0.0,0.0,0.14293312425422175,0.13813004861029374,0.09640995016841666,0.8161209068010076,0.09217504277734091,0.0,0.0,0.13521537915304363,0.129169415303229,0.08770306074475513,0.0,-0.007331131614454908,0.0,0.0,-0.0077177451011781195,-0.00896063330706473,-0.008706889423661532
44,order1,occlusion_5,43,False,2,question,False,0.06061263009905815,0.9624664879356568,0.0,0.0,0.0,0.0,0.0,0.0,0.9624664879356568,0.0,0.0,0.0,0.0,0.0,0.0,0.0,0.0,0.0,0.0,0.0,0.0,0.0
119,order1,occlusion_5,44,True,2,caption,True,0.06082150340080261,0.07428571428571429,0.002369016294265295,0.0,0.0,0.015042955185177204,0.07159016362292975,0.013819261716547564,0.016029593094944512,0.0005288022560074942,0.0,0.0,0.015643592534401576,0.0746631872426764,0.0031533722766329264,-0.058256121190769776,-0.001840214038257801,0.0,0.0,0.0006006373492243727,0.003073023619746651,-0.010665889439914637
648,order1,occlusion_5,45,False,2,question,False,0.06082150340080261,0.0423728813559322,0.0,0.0,0.0,0.0,0.0,0.0,0.0423728813559322,0.0,0.0,0.0,0.0,0.0,0.0,0.0,0.0,0.0,0.0,0.0,0.0,0.0
418,order1,occlusion_5,46,False,2,question,False,0.06082150340080261,0.0,0.0,0.0,0.0,0.9223902776563709,0.921998002686945,0.0,0.0,0.0,0.0,0.0,0.9234866066348574,0.9231235765564993,0.0,0.0,0.0,0.0,0.0,0.0010963289784864383,0.0011255738695543638,0.0
447,order1,occlusion_5,47,False,2,question,False,0.06082150340080261,0.6338797814207651,0.5287500489667969,1.0,1.0,0.841827489779971,0.8470814422784215,0.5344850603425938,0.6338797814207651,0.5295425139220709,1.0,1.0,0.8432892474617515,0.8485555833298721,0.5352890487804983,0.0,0.0007924649552739638,0.0,0.0,0.0014617576817804734,0.001474141051450606,0.0008039884379045237
400,order1,occlusion_5,48,True,3,question,True,0.06082189828157425,0.8530864197530864,0.5430027484670651,1.0,1.0,0.6250461958027254,0.6261305599650661,0.546723207547096,0.920332936979786,0.5795642246488767,1.0,1.0,0.6294403436724173,0.6305196139491843,0.5772844839843163,0.06724651722669961,0.0365614761818116,0.0,0.0,0.0043941478696919445,0.004389053984118263,0.030561276437220286
339,order1,occlusion_5,49,False,3,caption,False,0.06082189828157425,0.10888252148997135,0.0,0.0,0.0,0.03700151140470202,0.08818011177211181,0.0,0.10888252148997135,0.0,0.0,0.0,0.037415718035182205,0.08724053871367306,0.0,0.0,0.0,0.0,0.0,0.00041420663048018225,-0.0009395730584387529,0.0
512,order1,occlusion_5,50,False,3,caption,False,0.06082189828157425,0.0,0.0,0.0,0.0,0.5882707107943032,0.5895273229202462,0.0,0.0,0.0,0.0,0.0,0.5906387390216066,0.5919686442125279,0.0,0.0,0.0,0.0,0.0,0.0023680282273034203,0.002441321292281695,0.0
600,order1,occlusion_5,51,False,3,caption,False,0.06082189828157425,0.0,0.0,0.0,0.0,0.29881368009796655,0.2910195077516176,0.0,0.0,0.0,0.0,0.0,0.29883588094268443,0.2875252626802358,0.0,0.0,0.0,0.0,0.0,2.2200844717878976e-05,-0.0034942450713817963,0.0
346,order1,occlusion_5,52,True,3,caption,True,0.06081296131014824,0.18859649122807018,0.15057347236490168,0.0,0.0,0.7935100819136883,0.7940602213310187,0.16795221653488354,0.17916666666666667,0.1429616550987522,0.0,0.0,0.7929660955956821,0.7935613351564091,0.15946519319867508,-0.00942982456140351,-0.007611817266149484,0.0,0.0,-0.0005439863180062288,-0.0004988861746095807,-0.00848702333620846
258,order1,occlusion_5,53,False,3,caption,False,0.06081296131014824,0.0,0.0,0.0,0.0,0.7917656190003179,0.7802159235008289,0.0,0.0,0.0,0.0,0.0,0.7949033137746138,0.7837279747873648,0.0,0.0,0.0,0.0,0.0,0.0031376947742958183,0.0035120512865358666,0.0
564,order1,occlusion_5,54,False,3,question,False,0.06081296131014824,0.8481481481481481,0.0,0.0,0.0,0.0,0.0,0.0,0.8481481481481481,0.0,0.0,0.0,0.0,0.0,0.0,0.0,0.0,0.0,0.0,0.0,0.0,0.0
206,order1,occlusion_5,55,False,3,caption,False,0.06081296131014824,0.9094437257438551,0.5363320930587078,1.0,1.0,0.5798092373477349,0.5818644037047644,0.5392340471974215,0.9094437257438551,0.5353234374004368,1.0,1.0,0.5786732685086386,0.5807272193323653,0.5382251374682024,0.0,-0.0010086556582710182,0.0,0.0,-0.0011359688390962797,-0.0011371843723991804,-0.0010089097292190763
492,order1,occlusion_5,56,True,3,question,True,0.06160777434706688,0.8473895582329317,0.4631795659638544,1.0,0.0,0.549317710307062,0.5406823851471848,0.4634420444118727,0.7753623188405797,0.4254896870708597,1.0,0.0,0.5487624001474639,0.5399643496284839,0.41358971460905153,-0.072027239392352,-0.03768987889299469,0.0,0.0,-0.000555310159598088,-0.0007180355187008658,-0.04985232980282117
243,order1,occlusion_5,57,False,3,caption,False,0.06160777434706688,0.9668874172185431,0.7913185390532035,1.0,1.0,0.8169033370360852,0.8155142162501198,0.7849786951871327,0.9668874172185431,0.7916942749392577,1.0,1.0,0.8173059015847468,0.8159130947529515,0.7853467981601918,0.0,0.00037573588605421815,0.0,0.0,0.0004025645486616103,0.0003988785028317121,0.00036810297305911455
359,order1,occlusion_5,58,False,3,question,False,0.06160777434706688,0.8743961352657005,0.6195747484644999,1.0,1.0,0.7111495758628458,0.716859217935652,0.6253222773175863,0.8743961352657005,0.621181888138554,1.0,1.0,0.7128343600982754,0.7181760057900479,0.6268217248490027,0.0,0.0016071396740541255,0.0,0.0,0.001684784235429615,0.0013167878543959288,0.001499447531416398
132,order1,occlusion_5,59,False,3,question,False,0.06160777434706688,0.0,0.0,0.0,0.0,0.07769867433856355,0.08680995930222307,0.0,0.0,0.0,0.0,0.0,0.07735229089595434,0.08629068454945445,0.0,0.0,0.0,0.0,0.0,-0.00034638344260920495,-0.0005192747527686253,0.0
419,order1,occlusion_5,60,True,3,question,True,0.07174775749444962,0.27807486631016043,0.08379198366812342,0.0,0.0,0.1160738627107947,0.1137291665855458,0.08141914257678966,0.27807486631016043,0.08375668364225596,0.0,0.0,0.11619991000411672,0.11379579436513418,0.08130633261010609,0.0,-3.530002586746295e-05,0.0,0.0,0.00012604729332202358,6.662777958837962e-05,-0.0001128099666835719
490,order1,occlusion_5,61,False,3,question,False,0.07174775749444962,0.9473684210526315,0.7696078104619404,1.0,1.0,0.7987299518021904,0.8064017614438804,0.8064017614438804,0.9473684210526315,0.775890337502566,1.0,1.0,0.8051689631808536,0.8128733472743574,0.8128733472743574,0.0,0.006282527040625596,0.0,0.0,0.006439011378663206,0.006471585830477022,0.006471585830477022
441,order1,occlusion_5,62,False,3,caption,False,0.07174775749444962,0.0,0.0,0.0,0.0,0.41567690525122264,0.4280272949200094,0.0,0.0,0.0,0.0,0.0,0.42664683955972466,0.4375396411772335,0.0,0.0,0.0,0.0,0.0,0.010969934308502016,0.00951234625722408,0.0
538,order1,occlusion_5,63,False,3,caption,False,0.07174775749444962,0.4199134199134199,0.1615796900632468,0.0,0.0,0.38479287015061864,0.38596868578827426,0.1575382390972548,0.4199134199134199,0.16137728584330896,0.0,0.0,0.38431085597736464,0.38560953570324813,0.15739164722581556,0.0,-0.00020240421993783508,0.0,0.0,-0.0004820141732539973,-0.00035915008502612755,-0.00014659187143925556
44,order2,occlusion_5,0,True,0,question,True,1.0823996490216814e-05,0.9624664879356568,0.0,0.0,0.0,0.0,0.0,0.0,0.9088471849865952,0.0,0.0,0.0,0.0,0.0,0.0,-0.05361930294906159,0.0,0.0,0.0,0.0,0.0,0.0
180,order2,occlusion_5,1,False,0,question,False,1.0823996490216814e-05,0.8137931034482758,0.0,0.0,0.0,0.0,0.0,0.0,0.8137931034482758,0.0,0.0,0.0,0.0,0.0,0.0,0.0,0.0,0.0,0.0,0.0,0.0,0.0
642,order2,occlusion_5,2,False,0,question,False,1.0823996490216814e-05,0.4623115577889447,0.030283267422902875,0.0,0.0,0.12004856791769761,0.1303427069077785,0.03608912000857472,0.4623115577889447,0.030283482995294566,0.0,0.0,0.12004903559932668,0.13034315918783848,0.03608933102647311,0.0,2.155723916909269e-07,0.0,0.0,4.676816290766217e-07,4.5228005998709797e-07,2.1101789839106377e-07
138,order2,occlusion_5,3,False,0,question,False,1.0823996490216814e-05,0.7581069237510956,0.5851926480424228,1.0,1.0,0.7936077496854247,0.7917441832749051,0.5841348088784405,0.7581069237510956,0.5851927280651122,1.0,1.0,0.793607845476793,0.791744301682432,0.5841349095721261,0.0,8.00226894748235e-08,0.0,0.0,9.579136828197221e-08,1.1840752689451506e-07,1.0069368561183012e-07
159,order2,occlusion_5,4,True,0,question,True,0.0012750014429911971,0.0,0.0,0.0,0.0,0.09544079265983064,0.09483096078989978,0.0,0.2616279069767442,0.024970093914801303,0.0,0.0,0.09544124785212943,0.09483136934896369,0.02483678721044287,0.2616279069767442,0.024970093914801303,0.0,0.0,4.551922987844348e-07,4.0855906391357166e-07,0.02483678721044287
12,order2,occlusion_5,5,False,0,question,False,0.0012750014429911971,0.29545454545454547,0.14337506119516014,0.0,0.0,0.4818314707819907,0.47880389397105033,0.14318876226865554,0.29545454545454547,0.14338637697531706,0.0,0.0,0.481868829070365,0.478839907689251,0.1431995093933452,0.0,1.1315780156923028e-05,0.0,0.0,3.7358288374311766e-05,3.601371820066701e-05,1.0747124689652887e-05
1,order2,occlusion_5,6,False,0,caption,False,0.0012750014429911971,0.7910447761194029,0.4288288730325635,1.0,0.0,0.53206545357744,0.5249160488714408,0.39368703665358057,0.7910447761194029,0.42885959714294913,1.0,0.0,0.5321035742329184,0.5249565199267855,0.39371738994508915,0.0,3.072411038562706e-05,0.0,0.0,3.812065547847965e-05,4.047105534465967e-05,3.0353291508578017e-05
507,order2,occlusion_5,7,False,0,caption,False,0.0012750014429911971,0.0,0.0,0.0,0.0,0.2589258892764015,0.29916694771184016,0.0,0.0,0.0,0.0,0.0,0.26055953963173556,0.301206274139275,0.0,0.0,0.0,0.0,0.0,0.001633650355334082,0.0020393264274348177,0.0
206,order2,occlusion_5,8,True,0,caption,True,0.007336295209825039,0.9094437257438551,0.5363320930587078,1.0,1.0,0.5798092373477349,0.5818644037047644,0.5392340471974215,0.8939197930142303,0.527951337723504,1.0,1.0,0.57983759283611,0.5818929265768596,0.5309117545966019,-0.015523932729624823,-0.008380755335203771,0.0,0.0,2.8355488375098048e-05,2.8522872095204654e-05,-0.008322292600819625
68,order2,occlusion_5,9,False,0,question,False,0.007336295209825039,0.703125,0.4368047353846309,1.0,0.0,0.6159167603816662,0.6143652886251506,0.44681111900010956,0.703125,0.4383025364657482,1.0,0.0,0.6180250073855608,0.6165095108645862,0.4483705533560627,0.0,0.0014978010811173004,0.0,0.0,0.002108247003894559,0.002144222239435556,0.0015594343559531265
169,order2,occlusion_5,10,False,0,question,False,0.007336295209825039,0.0,0.0,0.0,0.0,0.24794396658442366,0.37027780088782003,0.0,0.0,0.0,0.0,0.0,0.2477503907673089,0.3699891002049175,0.0,0.0,0.0,0.0,0.0,-0.00019357581711476612,-0.0002887006829025429,0.0
418,order2,occlusion_5,11,False,0,question,False,0.007336295209825039,0.0,0.0,0.0,0.0,0.9223902776563709,0.921998002686945,0.0,0.0,0.0,0.0,0.0,0.9221884545526241,0.9217841788233841,0.0,0.0,0.0,0.0,0.0,-0.00020182310374683432,-0.00021382386356083583,0.0
567,order2,occlusion_5,12,True,0,caption,True,0.024446897208690643,0.6756756756756757,0.0,0.0,0.0,0.0,0.0,0.0,0.6226415094339622,0.0,0.0,0.0,0.0,0.0,0.0,-0.05303416624171342,0.0,0.0,0.0,0.0,0.0,0.0
332,order2,occlusion_5,13,False,0,caption,False,0.024446897208690643,0.20224719101123595,0.01965917758884956,0.0,0.0,0.03485790415362836,0.03332601006890146,0.019294005829364,0.20224719101123595,0.019572453888684827,0.0,0.0,0.034705363247602615,0.0331825659827801,0.019210959253188477,0.0,-8.67237001647321e-05,0.0,0.0,-0.0001525409060257471,-0.00014344408612135956,-8.304657617552377e-05
324,order2,occlusion_5,14,False,0,question,False,0.024446897208690643,0.16058394160583941,0.10157967240690323,0.0,0.0,0.6336312933160916,0.6250898207372443,0.10853223285425256,0.16058394160583941,0.10169892624872155,0.0,0.0,0.6343197598928204,0.6258660906159461,0.10867268773407082,0.0,0.0001192538418183231,0.0,0.0,0.00068846657672883,0.0007762698787018296,0.0001404548798182581
346,order2,occlusion_5,15,False,0,caption,False,0.024446897208690643,0.18859649122807018,0.15057347236490168,0.0,0.0,0.7935100819136883,0.7940602213310187,0.16795221653488354,0.18859649122807018,0.15058439830505846,0.0,0.0,0.7935960146999489,0.7941349953088167,0.16796330329676612,0.0,1.0925940156780722e-05,0.0,0.0,8.593278626056744e-05,7.477397779798167e-05,1.1086761882578289e-05
3,order2,occlusion_5,16,True,1,caption,True,0.024465499445796013,0.0,0.0,0.0,0.0,0.052292891867122604,0.09156949756617348,0.0,0.0,0.0,0.0,0.0,0.05251703509959668,0.09177402548883967,0.0,0.0,0.0,0.0,0.0,0.00022414323247407775,0.00020452792266618947,0.0
490,order2,occlusion_5,17,False,1,question,False,0.024465499445796013,0.9473684210526315,0.7696078104619404,1.0,1.0,0.7987299518021904,0.8064017614438804,0.8064017614438804,0.9473684210526315,0.7707132977618605,1.0,1.0,0.799835769242834,0.8075279373505682,0.8075279373505682,0.0,0.0011054872999201049,0.0,0.0,0.0011058174406435306,0.001126175906687732,0.001126175906687732
359,order2,occlusion_5,18,False,1,question,False,0.024465499445796013,0.8743961352657005,0.6195747484644999,1.0,1.0,0.7111495758628458,0.716859217935652,0.6253222773175863,0.8743961352657005,0.6197090255081197,1.0,1.0,0.7113029691029784,0.7170327214585646,0.6254681015127588,0.0,0.00013427704361979043,0.0,0.0,0.00015339324013263766,0.00017350352291256588,0.0001458241951725059
588,order2,occlusion_5,19,False,1,question,False,0.024465499445796013,0.0,0.0,0.0,0.0,0.0,0.0,0.0,0.0,0.0,0.0,0.0,0.0,0.0,0.0,0.0,0.0,0.0,0.0,0.0,0.0,0.0
650,order2,occlusion_5,20,True,1,caption,True,0.039891231805086136,0.7376093294460642,0.009225980023036432,0.0,0.0,0.00923557655276859,0.010364519533599867,0.010364519533599867,0.8775510204081632,0.009347489604445177,0.0,0.0,0.009353323193699142,0.010498063596623676,0.010498063596623676,0.13994169096209907,0.00012150958140874461,0.0,0.0,0.00011774664093055186,0.00013354406302380946,0.00013354406302380946
356,order2,occlusion_5,21,False,1,caption,False,0.039891231805086136,0.1449758991472006,0.0,0.0,0.0,0.0,0.0,0.0,0.1449758991472006,0.0,0.0,0.0,0.0,0.0,0.0,0.0,0.0,0.0,0.0,0.0,0.0,0.0
485,order2,occlusion_5,22,False,1,question,False,0.039891231805086136,0.8975308641975308,0.345331034717613,1.0,0.0,0.3972040750169358,0.3934166241675951,0.3463028984493057,0.8975308641975308,0.34423956267761896,1.0,0.0,0.39611969225247545,0.3924425073337785,0.34530998435389826,0.0,-0.0010914720399940459,0.0,0.0,-0.0010843827644603232,-0.0009741168338165962,-0.0009929140954074156
132,order2,occlusion_5,23,False,1,question,False,0.039891231805086136,0.0,0.0,0.0,0.0,0.07769867433856355,0.08680995930222307,0.0,0.0,0.0,0.0,0.0,0.07630302260344914,0.08539248610689289,0.0,0.0,0.0,0.0,0.0,-0.0013956517351144115,-0.001417473195330185,0.0
600,order2,occlusion_5,24,True,1,caption,True,0.04535425081849098,0.0,0.0,0.0,0.0,0.29881368009796655,0.2910195077516176,0.0,0.0,0.0,0.0,0.0,0.2986249547210464,0.29164800873508306,0.0,0.0,0.0,0.0,0.0,-0.00018872537692016245,0.000628500983465452,0.0
41,order2,occlusion_5,25,False,1,caption,False,0.04535425081849098,0.06842105263157895,0.008616104363032865,0.0,0.0,0.2187416193838439,0.2205612378681547,0.014919001368361863,0.06842105263157895,0.008932364127955382,0.0,0.0,0.22764826170078895,0.2294279733138744,0.015454366247855619,0.0,0.000316259764922517,0.0,0.0,0.008906642316945046,0.008866735445719698,0.0005353648794937556
617,order2,occlusion_5,26,False,1,question,False,0.04535425081849098,0.9842105263157894,0.018611035374480348,0.0,0.0,0.018611035374480348,0.019362103566063132,0.019362103566063132,0.9842105263157894,0.019027469536060142,0.0,0.0,0.019027469536060142,0.019824184866477267,0.019824184866477267,0.0,0.00041643416157979493,0.0,0.0,0.00041643416157979493,0.00046208130041413414,0.00046208130041413414
34,order2,occlusion_5,27,False,1,caption,False,0.04535425081849098,0.5294117647058824,0.4297222033173643,1.0,0.0,0.8068915648384433,0.8150647490111536,0.44511275316385207,0.5294117647058824,0.43096450072154735,1.0,0.0,0.8081646156961841,0.816193286577593,0.4463007167868189,0.0,0.0012422974041830237,0.0,0.0,0.0012730508577408761,0.0011285375664394914,0.0011879636229668034
312,order2,occlusion_5,28,True,1,question,True,0.048524536192417145,0.6337962962962963,0.39360296830347286,1.0,0.0,0.609141548134236,0.6096827046575796,0.3947155734977301,0.6449074074074074,0.4002833814139836,1.0,0.0,0.6089681052516026,0.6095570956234274,0.40110673699286936,0.011111111111111072,0.006680413110510763,0.0,0.0,-0.00017344288263343444,-0.00012560903415215208,0.00639116349513924
94,order2,occlusion_5,29,False,1,caption,False,0.048524536192417145,0.5995591476855253,0.29351333674850033,0.0,0.0,0.48783402099418727,0.4892868314359841,0.2956352136795113,0.5995591476855253,0.2954533583164557,0.0,0.0,0.49090562215718586,0.49238507106414675,0.29761186887356805,0.0,0.0019400215679553634,0.0,0.0,0.003071601162998594,0.0030982396281626357,0.0019766551940567645
544,order2,occlusion_5,30,False,1,question,False,0.048524536192417145,0.7769784172661871,0.41661529292673194,1.0,0.0,0.5361993121927383,0.5126797932989869,0.3943690717684515,0.7769784172661871,0.41848367750036514,1.0,0.0,0.5386039923384329,0.5149965250570413,0.396151173120801,0.0,0.0018683845736331972,0.0,0.0,0.0024046801456946154,0.002316731758054358,0.0017821013523495188
83,order2,occlusion_5,31,False,1,question,False,0.048524536192417145,0.6307692307692307,0.4813357690413362,1.0,0.0,0.7690638449798107,0.7675250040311024,0.47971699214748725,0.6307692307692307,0.48072312452628924,1.0,0.0,0.76816789024723,0.7666427395131636,0.47912246646255513,0.0,-0.0006126445150469451,0.0,0.0,-0.0008959547325807504,-0.0008822645179387134,-0.0005945256849321234
171,order2,occlusion_5,32,True,2,question,True,0.05020853132009506,0.0,0.0,0.0,0.0,0.23519895445582048,0.24456133763207505,0.0,0.0,0.0,0.0,0.0,0.24100783091634106,0.24831612839509815,0.0,0.0,0.0,0.0,0.0,0.0058088764605205845,0.003754790763023097,0.0
339,order2,occlusion_5,33,False,2,caption,False,0.05020853132009506,0.10888252148997135,0.0,0.0,0.0,0.03700151140470202,0.08818011177211181,0.0,0.10888252148997135,0.0,0.0,0.0,0.036547072817036196,0.08783970391753293,0.0,0.0,0.0,0.0,0.0,-0.0004544385876658272,-0.0003404078545788808,0.0
258,order2,occlusion_5,34,False,2,caption,False,0.05020853132009506,0.0,0.0,0.0,0.0,0.7917656190003179,0.7802159235008289,0.0,0.0,0.0,0.0,0.0,0.7913408757508521,0.7796847345782963,0.0,0.0,0.0,0.0,0.0,-0.0004247432494658421,-0.0005311889225325661,0.0
24,order2,occlusion_5,35,False,2,caption,False,0.05020853132009506,0.36283185840707965,0.3450683860800366,1.0,0.0,0.9206833093351565,0.9158364184601221,0.3541941904317601,0.36283185840707965,0.345323661992518,1.0,0.0,0.9211649340151845,0.9165129040609348,0.35461046843129335,0.0,0.000255275912481423,0.0,0.0,0.0004816246800279922,0.0006764856008126818,0.0004162779995332544
538,order2,occlusion_5,36,True,2,caption,True,0.057313404977321625,0.4199134199134199,0.1615796900632468,0.0,0.0,0.38479287015061864,0.38596868578827426,0.1575382390972548,0.3050314465408805,0.11714544642348576,0.0,0.0,0.3840438346666853,0.38521899366043727,0.11499074437624994,-0.11488197337253941,-0.044434243639761034,0.0,0.0,-0.0007490354839333468,-0.0007496921278369872,-0.04254749472100487
564,order2,occlusion_5,37,False,2,question,False,0.057313404977321625,0.8481481481481481,0.0,0.0,0.0,0.0,0.0,0.0,0.8481481481481481,0.0,0.0,0.0,0.0,0.0,0.0,0.0,0.0,0.0,0.0,0.0,0.0,0.0
243,order2,occlusion_5,38,False,2,caption,False,0.057313404977321625,0.9668874172185431,0.7913185390532035,1.0,1.0,0.8169033370360852,0.8155142162501198,0.7849786951871327,0.9668874172185431,0.7905092105104957,1.0,1.0,0.8160439163976552,0.8147253411589468,0.7842391087133815,0.0,-0.0008093285427077657,0.0,0.0,-0.0008594206384300307,-0.0007888750911729803,-0.0007395864737511637
400,order2,occlusion_5,39,False,2,question,False,0.057313404977321625,0.8530864197530864,0.5430027484670651,1.0,1.0,0.6250461958027254,0.6261305599650661,0.546723207547096,0.8530864197530864,0.5467034633713582,1.0,1.0,0.6293851391603683,0.6304481993168698,0.5504251219225298,0.0,0.003700714904293134,0.0,0.0,0.004338943357642955,0.004317639351803737,0.003701914375433768
623,order2,occlusion_5,40,True,2,caption,True,0.08029280602931976,0.8161209068010076,0.09950617439179582,0.0,0.0,0.14293312425422175,0.13813004861029374,0.09640995016841666,0.8593350383631714,0.11458675153726994,0.0,0.0,0.1484487518461064,0.14330976045323307,0.11038079005562589,0.043214131562163804,0.015080577145474117,0.0,0.0,0.005515627591884648,0.005179711842939333,0.013970839887209222
512,order2,occlusion_5,41,False,2,caption,False,0.08029280602931976,0.0,0.0,0.0,0.0,0.5882707107943032,0.5895273229202462,0.0,0.0,0.0,0.0,0.0,0.5902938203506986,0.5915998964179333,0.0,0.0,0.0,0.0,0.0,0.002023109556395397,0.00207257349768708,0.0
562,order2,occlusion_5,42,False,2,caption,False,0.08029280602931976,0.3023255813953488,0.2038402634010472,0.0,0.0,0.6847041319925602,0.6652576401700446,0.21996561411288032,0.3023255813953488,0.20573691474926764,0.0,0.0,0.6902602757666375,0.6692496143092753,0.2214037079952787,0.0,0.0018966513482204517,0.0,0.0,0.005556143774077316,0.003991974139230692,0.001438093882398378
65,order2,occlusion_5,43,False,2,caption,False,0.08029280602931976,0.08237547892720307,0.02787744210787474,0.0,0.0,0.3163483647893612,0.3333223544459308,0.02752202926617777,0.08237547892720307,0.02798803077127192,0.0,0.0,0.31760330570878137,0.33461710711948034,0.027628935450232324,0.0,0.00011058866339717921,0.0,0.0,0.0012549409194201888,0.0012947526735495596,0.00010690618405455321
371,order2,occlusion_5,44,True,2,caption,True,0.08003084361553192,0.675,0.0002937924063547062,0.0,0.0,0.000427334409243209,0.0,0.0,0.8709677419354839,0.00032310281316332695,0.0,0.0,0.00036422498938411404,0.0,0.0,0.19596774193548383,2.9310406808620755e-05,0.0,0.0,-6.310941985909497e-05,0.0,0.0
119,order2,occlusion_5,45,False,2,caption,False,0.08003084361553192,0.07428571428571429,0.002369016294265295,0.0,0.0,0.015042955185177204,0.07159016362292975,0.013819261716547564,0.07428571428571429,0.002253452522189491,0.0,0.0,0.014188449654625184,0.06823074584531012,0.013145139712772038,0.0,-0.00011556377207580428,0.0,0.0,-0.0008545055305520192,-0.003359417777619625,-0.000674122003775526
582,order2,occlusion_5,46,False,2,question,False,0.08003084361553192,0.5507246376811594,0.39465273279637686,1.0,0.0,0.6723713225419754,0.7160854419110264,0.40474394542797143,0.5507246376811594,0.39636228660892603,1.0,0.0,0.6752838957040962,0.719206716791628,0.4065081442735288,0.0,0.0017095538125491694,0.0,0.0,0.0029125731621207906,0.0031212748806015433,0.0017641988455573965
377,order2,occlusion_5,47,False,2,caption,False,0.08003084361553192,0.07586206896551724,0.039969096405269404,0.0,0.0,0.4630781192406134,0.45411644460404027,0.040902854521190066,0.07586206896551724,0.04065058545623401,0.0,0.0,0.4772192210968894,0.4709920086100802,0.04195197699073435,0.0,0.0006814890509646079,0.0,0.0,0.01414110185627604,0.016875564006039956,0.001049122469544285
419,order2,occlusion_5,48,True,3,question,True,0.0688326507806778,0.27807486631016043,0.08379198366812342,0.0,0.0,0.1160738627107947,0.1137291665855458,0.08141914257678966,0.27807486631016043,0.08271027157738953,0.0,0.0,0.11514024770831952,0.11265484878294395,0.08026112884405535,0.0,-0.0010817120907338912,0.0,0.0,-0.0009336150024751855,-0.0010743178026018513,-0.0011580137327343032
648,order2,occlusion_5,49,False,3,question,False,0.0688326507806778,0.0423728813559322,0.0,0.0,0.0,0.0,0.0,0.0,0.0423728813559322,0.0,0.0,0.0,0.0,0.0,0.0,0.0,0.0,0.0,0.0,0.0,0.0,0.0
133,order2,occlusion_5,50,False,3,question,False,0.0688326507806778,0.6337817638266069,0.5451913768226008,1.0,1.0,0.8181691446069548,0.821203835066039,0.550562726524609,0.6337817638266069,0.5451762932976961,1.0,1.0,0.8186669545631464,0.821653060034557,0.5505145378745349,0.0,-1.5083524904646595e-05,0.0,0.0,0.0004978099561916416,0.00044922496851795835,-4.818865007416573e-05
238,order2,occlusion_5,51,False,3,question,False,0.0688326507806778,0.0,0.0,0.0,0.0,0.8861363106177821,0.877404441168681,0.0,0.0,0.0,0.0,0.0,0.884684279451315,0.872837414175367,0.0,0.0,0.0,0.0,0.0,-0.0014520311664670826,-0.004567026993314016,0.0
401,order2,occlusion_5,52,True,3,caption,True,0.07874936610460281,0.6296296296296297,0.3630521317275329,1.0,0.0,0.5844405821527885,0.5865684681230031,0.3650479847591088,0.700462962962963,0.423850472447405,1.0,0.0,0.5901438035912419,0.5922780716126776,0.4244802262738123,0.0708333333333333,0.06079834071987206,0.0,0.0,0.005703221438453365,0.005709603489674531,0.0594322415147035
447,order2,occlusion_5,53,False,3,question,False,0.07874936610460281,0.6338797814207651,0.5287500489667969,1.0,1.0,0.841827489779971,0.8470814422784215,0.5344850603425938,0.6338797814207651,0.5294779133834443,1.0,1.0,0.8419736578985448,0.847292559916045,0.5352343571878598,0.0,0.0007278644166474058,0.0,0.0,0.0001461681185738195,0.00021111763762349245,0.0007492968452660342
620,order2,occlusion_5,54,False,3,caption,False,0.07874936610460281,0.345679012345679,0.2790872214933736,0.0,0.0,0.7999528102521051,0.7829747751959908,0.27963384828428245,0.345679012345679,0.2795935933240551,0.0,0.0,0.8018238030069129,0.785402126741366,0.28050075955048787,0.0,0.0005063718306814735,0.0,0.0,0.001870992754807843,0.0024273515453752115,0.0008669112662054168
663,order2,occlusion_5,55,False,3,question,False,0.07874936610460281,0.8663426488456865,0.3306307760083669,1.0,0.0,0.3791370786027901,0.3761511789468348,0.32597901819763514,0.8663426488456865,0.3365465746684268,1.0,0.0,0.3859738174688565,0.38297797718722126,0.3318578899507183,0.0,0.005915798660059923,0.0,0.0,0.006836738866066394,0.006826798240386456,0.005878871753083159
534,order2,occlusion_5,56,True,3,question,True,0.08264166861772537,0.795774647887324,0.0,0.0,0.0,0.014604445899999334,0.021127726132534122,0.0,0.11840796019900497,0.0,0.0,0.0,0.014731517732631991,0.021592733424277637,0.0,-0.677366687688319,0.0,0.0,0.0,0.0001270718326326567,0.0004650072917435147,0.0
143,order2,occlusion_5,57,False,3,caption,False,0.08264166861772537,0.0,0.0,0.0,0.0,0.6328498319987731,0.6324731036290968,0.0,0.0,0.0,0.0,0.0,0.6465717027150185,0.6462661945290864,0.0,0.0,0.0,0.0,0.0,0.013721870716245421,0.01379309089998959,0.0
543,order2,occlusion_5,58,False,3,caption,False,0.08264166861772537,0.0,0.0,0.0,0.0,0.6439780007081242,0.6440329997846549,0.0,0.0,0.0,0.0,0.0,0.6446745634870472,0.6447160990273001,0.0,0.0,0.0,0.0,0.0,0.0006965627789230489,0.000683099242645202,0.0
550,order2,occlusion_5,59,False,3,caption,False,0.08264166861772537,0.47368421052631576,0.2669624902388311,0.0,0.0,0.5657598631071522,0.5611980613656264,0.2640932053485301,0.47368421052631576,0.2670350669053898,0.0,0.0,0.5659250634421029,0.5615617573493957,0.2642643563997156,0.0,7.2576666558688e-05,0.0,0.0,0.0001652003349507103,0.00036369598376928547,0.0001711510511855363
40,order2,occlusion_5,60,True,3,caption,True,0.08131316304206848,0.9459459459459459,0.8267798559284465,1.0,1.0,0.857548379603863,0.8748671269616669,0.8453669923979541,0.9797297297297297,0.8552529852035052,1.0,1.0,0.8552529852035052,0.8725072883185427,0.8725072883185427,0.03378378378378377,0.02847312927505874,0.0,0.0,-0.002295394400357753,-0.002359838643124168,0.027140295920588642
609,order2,occlusion_5,61,False,3,caption,False,0.08131316304206848,0.0,0.0,0.0,0.0,0.744411036677845,0.7469161139054061,0.0,0.0,0.0,0.0,0.0,0.7582672576779729,0.7614309137262989,0.0,0.0,0.0,0.0,0.0,0.013856221000127844,0.014514799820892765,0.0
492,order2,occlusion_5,62,False,3,question,False,0.08131316304206848,0.8473895582329317,0.4631795659638544,1.0,0.0,0.549317710307062,0.5406823851471848,0.4634420444118727,0.8473895582329317,0.47076018612228254,1.0,0.0,0.5583050866787294,0.5498380642584705,0.4712897693644033,0.0,0.007580620158428142,0.0,0.0,0.008987376371667355,0.009155679111285675,0.00784772495253061
441,order2,occlusion_5,63,False,3,caption,False,0.08131316304206848,0.0,0.0,0.0,0.0,0.41567690525122264,0.4280272949200094,0.0,0.0,0.0,0.0,0.0,0.41132462171429496,0.423403391570238,0.0,0.0,0.0,0.0,0.0,-0.004352283536927681,-0.004623903349771419,0.0
550,order1,exposure_5,0,True,0,caption,True,0.007911824621260166,0.5034965034965035,0.2839145454558128,0.0,0.0,0.56605049401333,0.5614919384682692,0.2807459692341346,0.4696485623003195,0.265844800702746,0.0,0.0,0.56605049401333,0.5614919384682692,0.2542605004384615,-0.03384794119618406,-0.018069744753066774,0.0,0.0,0.0,0.0,-0.026485468795673095
12,order1,exposure_5,1,False,0,question,False,0.007911824621260166,0.5142857142857142,0.25199709588118013,0.0,0.0,0.4880479469619351,0.4845561164235555,0.24385702302967457,0.5142857142857142,0.2520822356582195,0.0,0.0,0.48819875926440576,0.48470336270140535,0.2439409880755235,0.0,8.513977703938913e-05,0.0,0.0,0.0001508123024706598,0.000147246277849844,8.396504584892717e-05
24,order1,exposure_5,2,False,0,caption,False,0.007911824621260166,0.36283185840707965,0.34500716697595096,1.0,0.0,0.9207935977639816,0.9159506970217235,0.3541349553967501,0.36283185840707965,0.34498835397674366,1.0,0.0,0.9208341652614345,0.9159979208784221,0.35412154823762126,0.0,-1.881299920730717e-05,0.0,0.0,4.0567497452848045e-05,4.72238566986416e-05,-1.340715912884205e-05
41,order1,exposure_5,3,False,0,caption,False,0.007911824621260166,0.0,0.0,0.0,0.0,0.2197447466849371,0.22161925397143636,0.0,0.0,0.0,0.0,0.0,0.21947667090696776,0.22133728130920288,0.0,0.0,0.0,0.0,0.0,-0.00026807577796933435,-0.0002819726622334817,0.0
371,order1,exposure_5,4,True,0,caption,True,0.019320456311106682,0.675,0.0002937924063547062,0.0,0.0,0.000427334409243209,0.0,0.0,0.8709677419354839,0.00038380352350257793,0.0,0.0,0.00043265124467563326,0.0,0.0,0.19596774193548383,9.001111714787173e-05,0.0,0.0,5.31683543242425e-06,0.0,0.0
312,order1,exposure_5,5,False,0,question,False,0.019320456311106682,0.6337962962962963,0.40802909990266983,1.0,0.0,0.6231979470428691,0.6246057522049699,0.4100494622123935,0.6337962962962963,0.408070711148783,1.0,0.0,0.6232741774367737,0.6246745589157466,0.41008463616129054,0.0,4.161124611318234e-05,0.0,0.0,7.623039390458608e-05,6.880671077669209e-05,3.517394889701597e-05
83,order1,exposure_5,6,False,0,question,False,0.019320456311106682,0.6307692307692307,0.48022106363351524,1.0,0.0,0.7678218622521827,0.7663603255496894,0.4786804022915491,0.6307692307692307,0.4806270476195452,1.0,0.0,0.7684267204712811,0.7669652707218073,0.47908526247033434,0.0,0.00040598398602997854,0.0,0.0,0.000604858219098392,0.0006049451721179544,0.00040486017878521574
582,order1,exposure_5,7,False,0,question,False,0.019320456311106682,0.5507246376811594,0.39319123985224863,1.0,0.0,0.6698813716001273,0.7131901075127444,0.4031074520724207,0.5507246376811594,0.39325064415980193,1.0,0.0,0.6699825789389219,0.7132929305167044,0.40316556942248505,0.0,5.940430755330128e-05,0.0,0.0,0.00010120733879459554,0.00010282300396002864,5.811735006433505e-05
1,order1,exposure_5,8,True,0,caption,True,0.023468025028705597,0.7910447761194029,0.4288288730325635,1.0,0.0,0.53206545357744,0.5249160488714408,0.39368703665358057,0.6708860759493671,0.3630018789006825,1.0,0.0,0.5310583043176651,0.5238450269971147,0.33675751735528797,-0.12015870017003583,-0.06582699413188103,0.0,0.0,-0.0010071492597748533,-0.0010710218743261724,-0.0569295192982926
562,order1,exposure_5,9,False,0,caption,False,0.023468025028705597,0.3023255813953488,0.2038402634010472,0.0,0.0,0.6847041319925602,0.6652576401700446,0.21996561411288032,0.3023255813953488,0.20414741280146548,0.0,0.0,0.6858735854289069,0.6660848932442577,0.22019500570802766,0.0,0.0003071494004182884,0.0,0.0,0.001169453436346668,0.0008272530742130524,0.00022939159514734353
180,order1,exposure_5,10,False,0,question,False,0.023468025028705597,0.8137931034482758,0.0,0.0,0.0,0.0,0.0,0.0,0.8137931034482758,0.0,0.0,0.0,0.0,0.0,0.0,0.0,0.0,0.0,0.0,0.0,0.0,0.0
159,order1,exposure_5,11,False,0,question,False,0.023468025028705597,0.0,0.0,0.0,0.0,0.033300833271843404,0.0294981728574962,0.0,0.0,0.0,0.0,0.0,0.03429727592383137,0.029047373431935756,0.0,0.0,0.0,0.0,0.0,0.0009964426519879638,-0.0004507994255604428,0.0
507,order1,exposure_5,12,True,0,caption,True,0.05167778208851814,0.0,0.0,0.0,0.0,0.2527036280884672,0.29144666443635275,0.0,0.0,0.0,0.0,0.0,0.2546609192965557,0.29410481700218544,0.0,0.0,0.0,0.0,0.0,0.0019572912080885185,0.0026581525658326832,0.0
143,order1,exposure_5,13,False,0,caption,False,0.05167778208851814,0.0,0.0,0.0,0.0,0.6317142911751313,0.6312372135810508,0.0,0.0,0.0,0.0,0.0,0.6352880471860719,0.6348017643875552,0.0,0.0,0.0,0.0,0.0,0.0035737560109405653,0.0035645508065044185,0.0
171,order1,exposure_5,14,False,0,question,False,0.05167778208851814,0.0,0.0,0.0,0.0,0.2337054328068495,0.24382081471726683,0.0,0.0,0.0,0.0,0.0,0.23463992700117364,0.24518972905563358,0.0,0.0,0.0,0.0,0.0,0.000934494194324148,0.0013689143383667501,0.0
617,order1,exposure_5,15,False,0,question,False,0.05167778208851814,0.9842105263157894,0.018712323952736212,0.0,0.0,0.018712323952736212,0.019508501786599897,0.019508501786599897,0.9842105263157894,0.018832651759101548,0.0,0.0,0.018832651759101548,0.019634669949289942,0.019634669949289942,0.0,0.00012032780636533555,0.0,0.0,0.00012032780636533555,0.00012616816269004488,0.00012616816269004488
3,order1,exposure_5,16,True,1,caption,True,0.051663342863321304,0.0,0.0,0.0,0.0,0.05143032924582833,0.09019780957794397,0.0,0.0,0.0,0.0,0.0,0.051652610049233764,0.0903193051760615,0.0,0.0,0.0,0.0,0.0,0.0002222808034054377,0.00012149559811752697,0.0
332,order1,exposure_5,17,False,1,caption,False,0.051663342863321304,0.20224719101123595,0.019679170410290867,0.0,0.0,0.034889116919820155,0.03336174133741237,0.019314692353238738,0.20224719101123595,0.01965917283078559,0.0,0.0,0.034846156296540164,0.03332460005177663,0.019293189503660154,0.0,-1.9997579505277863e-05,0.0,0.0,-4.296062327999173e-05,-3.7141285635741705e-05,-2.15028495785842e-05
534,order1,exposure_5,18,False,1,question,False,0.051663342863321304,0.795774647887324,0.0,0.0,0.0,0.01454118212347004,0.021066844297450073,0.0,0.795774647887324,0.0,0.0,0.0,0.014606865845172292,0.021190554439250064,0.0,0.0,0.0,0.0,0.0,6.568372170225219e-05,0.00012371014179999099,0.0
356,order1,exposure_5,19,False,1,caption,False,0.051663342863321304,0.6051167964404894,0.0,0.0,0.0,0.0,0.0,0.0,0.6051167964404894,0.0,0.0,0.0,0.0,0.0,0.0,0.0,0.0,0.0,0.0,0.0,0.0,0.0
133,order1,exposure_5,20,True,1,question,True,0.052453070878982544,0.6337817638266069,0.5449352756353476,1.0,1.0,0.8135234569610016,0.8166971541833397,0.5502994433252111,0.6457399103139013,0.5547371359307235,1.0,1.0,0.8138725680308326,0.8170412556808603,0.5584074126525951,0.01195814648729443,0.009801860295375886,0.0,0.0,0.0003491110698310429,0.00034410149752062136,0.008107969327384001
68,order1,exposure_5,21,False,1,question,False,0.052453070878982544,0.703125,0.4373573060944377,1.0,0.0,0.6166188481767302,0.6151564060222889,0.4473864771071192,0.703125,0.4399519721011787,1.0,0.0,0.6202509028714727,0.6188721460301626,0.4500888334764819,0.0,0.00259466600674102,0.0,0.0,0.0036320546947424814,0.003715740007873669,0.0027023563693626684
324,order1,exposure_5,22,False,1,question,False,0.052453070878982544,0.16058394160583941,0.10157967240690323,0.0,0.0,0.6336312933160916,0.6250898207372443,0.10853223285425256,0.16058394160583941,0.1020027464985348,0.0,0.0,0.6361421820360927,0.6276603604538419,0.10899216814324576,0.0,0.00042307409163157284,0.0,0.0,0.0025108887200011587,0.0025705397165975974,0.000459935288993199
642,order1,exposure_5,23,False,1,question,False,0.052453070878982544,0.4623115577889447,0.02893287956734371,0.0,0.0,0.1160628996152544,0.12663378275762968,0.034630529084805024,0.4623115577889447,0.025897557329330936,0.0,0.0,0.1094680174185109,0.1200123709998334,0.031259952380142945,0.0,-0.0030353222380127727,0.0,0.0,-0.006594882196743507,-0.006621411757796278,-0.003370576704662079
543,order1,exposure_5,24,True,1,caption,True,0.05219203233718872,0.0,0.0,0.0,0.0,0.6342023820257597,0.6336883450825955,0.0,0.0,0.0,0.0,0.0,0.6339551162319826,0.6333523868972755,0.0,0.0,0.0,0.0,0.0,-0.0002472657937770961,-0.00033595818532006216,0.0
567,order1,exposure_5,25,False,1,caption,False,0.05219203233718872,0.8048780487804879,0.0,0.0,0.0,0.0,0.0,0.0,0.8048780487804879,0.0,0.0,0.0,0.0,0.0,0.0,0.0,0.0,0.0,0.0,0.0,0.0,0.0
40,order1,exposure_5,26,False,1,caption,False,0.05219203233718872,0.9459459459459459,0.8316401035820292,1.0,1.0,0.8624111129878436,0.8794898937317411,0.8499853522459445,0.9459459459459459,0.8326120673375275,1.0,1.0,0.863416414529863,0.880524240950318,0.8509940762235947,0.0,0.0009719637554982397,0.0,0.0,0.0010053015420193878,0.0010343472185768698,0.0010087239776501722
401,order1,exposure_5,27,False,1,caption,False,0.05219203233718872,0.6296296296296297,0.3686234170817929,1.0,0.0,0.5907478226302446,0.592522052359194,0.37025750576048144,0.6296296296296297,0.3696463945943575,1.0,0.0,0.5924417632608705,0.5942284487882575,0.3712914160113368,0.0,0.0010229775125645824,0.0,0.0,0.0016939406306258897,0.0017063964290635614,0.0010339102508553633
34,order1,exposure_5,28,True,1,caption,True,0.05317826196551323,0.5454545454545454,0.44410397894863163,1.0,0.0,0.811240096837557,0.8194162524923417,0.4580636221213232,0.7958115183246073,0.6490625451803682,1.0,1.0,0.8117572529353528,0.8198885750667709,0.6498323199974385,0.25035697287006187,0.20495856623173658,0.0,1.0,0.0005171560977957901,0.0004723225744291959,0.19176869787611533
485,order1,exposure_5,29,False,1,question,False,0.05317826196551323,0.8975308641975308,0.3454099447697803,1.0,0.0,0.39721100634046214,0.3934744340258988,0.3463827953943203,0.8975308641975308,0.3475363452873273,1.0,0.0,0.3996018689503332,0.395901994434,0.3485739579749391,0.0,0.002126400517546978,0.0,0.0,0.0023908626098710917,0.0024275604081011593,0.0021911625806187995
377,order1,exposure_5,30,False,1,caption,False,0.05317826196551323,0.07586206896551724,0.04024039699106426,0.0,0.0,0.46579441406377636,0.45730301148313085,0.0413509298508902,0.07586206896551724,0.04018709542035207,0.0,0.0,0.46562718762527394,0.455929786341174,0.0412418556219542,0.0,-5.330157071219144e-05,0.0,0.0,-0.00016722643850242136,-0.0013732251419568686,-0.00010907422893600277
609,order1,exposure_5,31,False,1,caption,False,0.05317826196551323,0.0,0.0,0.0,0.0,0.7444576823825435,0.7469541027960191,0.0,0.0,0.0,0.0,0.0,0.7442586845565312,0.7467520518611506,0.0,0.0,0.0,0.0,0.0,-0.00019899782601229266,-0.0002020509348685806,0.0
620,order1,exposure_5,32,True,2,caption,True,0.056648023426532745,0.345679012345679,0.2790872214933736,0.0,0.0,0.7999528102521051,0.7829747751959908,0.27963384828428245,0.32967032967032966,0.26405083039678023,0.0,0.0,0.8009541855369001,0.7841200338435999,0.24503751057612494,-0.01600868267534933,-0.015036391096593382,0.0,0.0,0.0010013752847950474,0.0011452586476090598,-0.03459633770815751
65,order1,exposure_5,33,False,2,caption,False,0.056648023426532745,0.08237547892720307,0.02787744210787474,0.0,0.0,0.3163483647893612,0.3333223544459308,0.02752202926617777,0.08237547892720307,0.027921369135166133,0.0,0.0,0.31684684105558086,0.3338082341941561,0.027562147777499126,0.0,4.3927027291394e-05,0.0,0.0,0.0004984762662196829,0.0004858797482253374,4.011851132135549e-05
238,order1,exposure_5,34,False,2,question,False,0.056648023426532745,0.0,0.0,0.0,0.0,0.8861363106177821,0.877404441168681,0.0,0.0,0.0,0.0,0.0,0.8855944936125245,0.8789181360397472,0.0,0.0,0.0,0.0,0.0,-0.0005418170052575721,0.001513694871066229,0.0
94,order1,exposure_5,35,False,2,caption,False,0.056648023426532745,0.6098457016899339,0.29824920531258237,0.0,0.0,0.48825041456874474,0.4892988466651726,0.29994836189853397,0.6098457016899339,0.29902141692335527,0.0,0.0,0.48939448715908135,0.4903728022796226,0.3006889899889313,0.0,0.0007722116107728993,0.0,0.0,0.001144072590336609,0.0010739556144500062,0.0007406280903973217
588,order1,exposure_5,36,True,2,question,True,0.056635331362485886,0.0,0.0,0.0,0.0,0.0,0.0,0.0,0.0,0.0,0.0,0.0,0.0,0.0,0.0,0.0,0.0,0.0,0.0,0.0,0.0,0.0
544,order1,exposure_5,37,False,2,question,False,0.056635331362485886,0.8359375,0.4546354616701109,1.0,0.0,0.5388272138312425,0.5152881772134077,0.4294068143445064,0.8359375,0.45554740033372765,1.0,0.0,0.5399080300251587,0.5162851191909887,0.430237599325824,0.0,0.0009119386636167737,0.0,0.0,0.0010808161939162009,0.000996941977581045,0.0008307849813176116
138,order1,exposure_5,38,False,2,question,False,0.056635331362485886,0.7541412380122058,0.5819320478190825,1.0,1.0,0.7911242797985907,0.7892540510859298,0.580031506739173,0.7541412380122058,0.5815245323642377,1.0,1.0,0.7905610560504803,0.7886633006547918,0.579607033852672,0.0,-0.0004075154548447424,0.0,0.0,-0.000563223748110353,-0.0005907504311379874,-0.0004244728865010483
650,order1,exposure_5,39,False,2,caption,False,0.056635331362485886,0.597667638483965,0.01958385795642752,0.0,0.0,0.019604643655810283,0.020950347009950316,0.02091464124052016,0.597667638483965,0.01932134042470229,0.0,0.0,0.01932134042470229,0.020605932257154822,0.020605932257154826,0.0,-0.0002625175317252301,0.0,0.0,-0.0002833032311079925,-0.00034441475279549383,-0.0003087089833653349
169,order1,exposure_5,40,True,2,question,True,0.05681328475475311,0.0,0.0,0.0,0.0,0.24794396658442366,0.37027780088782003,0.0,0.0,0.0,0.0,0.0,0.25102394866939465,0.3749983097752496,0.0,0.0,0.0,0.0,0.0,0.0030799820849709836,0.004720508887429586,0.0
663,order1,exposure_5,41,False,2,question,False,0.05681328475475311,0.8663426488456865,0.34097999210526636,1.0,0.0,0.39078447908782016,0.3875463818484702,0.33605787116087776,0.8663426488456865,0.3412035501750693,1.0,0.0,0.3910666586052688,0.3878054107107222,0.3362543202077867,0.0,0.00022355806980295378,0.0,0.0,0.000282179517448633,0.000259028862252042,0.00019644904690896414
623,order1,exposure_5,42,False,2,caption,False,0.05681328475475311,0.8161209068010076,0.09934382926630016,0.0,0.0,0.149219714443796,0.1431065733827564,0.09623539967704343,0.8161209068010076,0.09258157709748346,0.0,0.0,0.1418966397900961,0.1347728464939095,0.08820457466796865,0.0,-0.006762252168816693,0.0,0.0,-0.0073230746536999125,-0.008333726888846898,-0.008030825009074788
44,order1,exposure_5,43,False,2,question,False,0.05681328475475311,0.9222520107238605,0.0,0.0,0.0,0.0,0.0,0.0,0.9222520107238605,0.0,0.0,0.0,0.0,0.0,0.0,0.0,0.0,0.0,0.0,0.0,0.0,0.0
119,order1,exposure_5,44,True,2,caption,True,0.05900944024324417,0.10743801652892562,0.003427027544568439,0.0,0.0,0.0150523262890468,0.07167856713443405,0.019746206328227683,0.016029593094944512,0.0005289529685823663,0.0,0.0,0.015654103643278086,0.07466456848897755,0.003154271011178672,-0.09140842343398112,-0.0028980745759860727,0.0,0.0,0.0006017773542312862,0.0029860013545435077,-0.01659193531704901
648,order1,exposure_5,45,False,2,question,False,0.05900944024324417,0.0423728813559322,0.0,0.0,0.0,0.0,0.0,0.0,0.0423728813559322,0.0,0.0,0.0,0.0,0.0,0.0,0.0,0.0,0.0,0.0,0.0,0.0,0.0
418,order1,exposure_5,46,False,2,question,False,0.05900944024324417,0.0,0.0,0.0,0.0,0.922896232171347,0.9227689161850396,0.0,0.0,0.0,0.0,0.0,0.9239916420526089,0.9239269555673179,0.0,0.0,0.0,0.0,0.0,0.0010954098812618884,0.0011580393822782087,0.0
447,order1,exposure_5,47,False,2,question,False,0.05900944024324417,0.6338797814207651,0.5286083807479793,1.0,1.0,0.8411631266018563,0.8464092684282528,0.5343379328750673,0.6338797814207651,0.5297816802441038,1.0,1.0,0.8432526871563222,0.8484859843246163,0.5355301856560957,0.0,0.0011732994961244358,0.0,0.0,0.0020895605544658524,0.00207671589636349,0.0011922527810284134
400,order1,exposure_5,48,True,3,question,True,0.05900995433330536,0.8530864197530864,0.5699807529433301,1.0,1.0,0.6523653699726505,0.6528075176949741,0.5730464049063568,0.920332936979786,0.6070224969590318,1.0,1.0,0.6581440901516654,0.6586073143382055,0.6039918345318359,0.06724651722669961,0.037041744015701705,0.0,0.0,0.005778720179014929,0.005799796643231381,0.03094542962547908
339,order1,exposure_5,49,False,3,caption,False,0.05900995433330536,0.10888252148997135,0.0,0.0,0.0,0.0365360391919337,0.08812331034623476,0.0,0.10888252148997135,0.0,0.0,0.0,0.03706870012784472,0.08726324267497125,0.0,0.0,0.0,0.0,0.0,0.0005326609359110196,-0.0008600676712635091,0.0
512,order1,exposure_5,50,False,3,caption,False,0.05900995433330536,0.0,0.0,0.0,0.0,0.5951254582547241,0.5965771285471958,0.0,0.0,0.0,0.0,0.0,0.5980715943751651,0.5995503117122921,0.0,0.0,0.0,0.0,0.0,0.002946136120441034,0.002973183165096316,0.0
600,order1,exposure_5,51,False,3,caption,False,0.05900995433330536,0.0,0.0,0.0,0.0,0.3039118826342906,0.29466049564135965,0.0,0.0,0.0,0.0,0.0,0.3050394950866505,0.2934770031173719,0.0,0.0,0.0,0.0,0.0,0.0011276124523599274,-0.0011834925239877503,0.0
346,order1,exposure_5,52,True,3,caption,True,0.05900130420923233,0.18859649122807018,0.15057347236490168,0.0,0.0,0.7935100819136883,0.7940602213310187,0.16795221653488354,0.17916666666666667,0.14303133688273442,0.0,0.0,0.7933579299136487,0.7939506718473716,0.15954241048826598,-0.00942982456140351,-0.007542135482167256,0.0,0.0,-0.00015215200003959595,-0.00010954948364716444,-0.008409806046617563
258,order1,exposure_5,53,False,3,caption,False,0.05900130420923233,0.0,0.0,0.0,0.0,0.8073933272641037,0.7975536564663167,0.0,0.0,0.0,0.0,0.0,0.8104572129757585,0.8010394762942104,0.0,0.0,0.0,0.0,0.0,0.0030638857116547236,0.0034858198278936436,0.0
564,order1,exposure_5,54,False,3,question,False,0.05900130420923233,0.8447653429602888,0.0,0.0,0.0,0.0,0.0,0.0,0.8447653429602888,0.0,0.0,0.0,0.0,0.0,0.0,0.0,0.0,0.0,0.0,0.0,0.0,0.0
206,order1,exposure_5,55,False,3,caption,False,0.05900130420923233,0.963777490297542,0.5616996175756822,1.0,1.0,0.5758782647208872,0.5780360278498192,0.5640312931729041,0.963777490297542,0.5606153944735948,1.0,1.0,0.5747515469426417,0.5769032278695189,0.5629404022206549,0.0,-0.0010842231020874449,0.0,0.0,-0.0011267177782454674,-0.0011327999803003586,-0.001090890952249235
492,order1,exposure_5,56,True,3,question,True,0.060823336243629456,0.8473895582329317,0.4631795659638544,1.0,0.0,0.549317710307062,0.5406823851471848,0.4634420444118727,0.7753623188405797,0.4258271145934776,1.0,0.0,0.5491975870457936,0.5403333452906182,0.41387234958430325,-0.072027239392352,-0.037352451370376794,0.0,0.0,-0.00012012326126842332,-0.0003490398565666464,-0.049569694827569455
243,order1,exposure_5,57,False,3,caption,False,0.060823336243629456,0.9668874172185431,0.7913964405758179,1.0,1.0,0.8170890487402145,0.8157247950135011,0.7850795070245777,0.9668874172185431,0.7920121655686371,1.0,1.0,0.8177342011914673,0.8163585875951994,0.7856782655830998,0.0,0.0006157249928191444,0.0,0.0,0.0006451524512528506,0.000633792581698267,0.0005987585585220945
359,order1,exposure_5,58,False,3,question,False,0.060823336243629456,0.8743961352657005,0.632124989381677,1.0,1.0,0.7236539414505049,0.731038495074508,0.6395572547220372,0.8743961352657005,0.633549953929576,1.0,1.0,0.7251826562260825,0.7323021506040865,0.6409770771030228,0.0,0.001424964547898977,0.0,0.0,0.0015287147755775887,0.0012636555295785223,0.0014198223809855914
132,order1,exposure_5,59,False,3,question,False,0.060823336243629456,0.0,0.0,0.0,0.0,0.07829388602410334,0.08744234489278314,0.0,0.0,0.0,0.0,0.0,0.07807394222051577,0.08702537749682207,0.0,0.0,0.0,0.0,0.0,-0.0002199438035875717,-0.0004169673959610737,0.0
419,order1,exposure_5,60,True,3,question,True,0.07131627947092056,0.27807486631016043,0.08381006776965848,0.0,0.0,0.1160375690732922,0.11370930557647958,0.08146161093560539,0.3422459893048128,0.08801313418158341,0.0,0.0,0.11688421538642221,0.11447770415894191,0.08624058855088379,0.06417112299465239,0.00420306641192493,0.0,0.0,0.0008466463131300145,0.0007683985824623318,0.004778977615278401
490,order1,exposure_5,61,False,3,question,False,0.07131627947092056,0.9473684210526315,0.7696078104619404,1.0,1.0,0.7987299518021904,0.8064017614438804,0.8064017614438804,0.9473684210526315,0.777473308536965,1.0,1.0,0.8067584961524091,0.81441160998716,0.81441160998716,0.0,0.007865498075024568,0.0,0.0,0.008028544350218714,0.008009848543279574,0.008009848543279574
441,order1,exposure_5,62,False,3,caption,False,0.07131627947092056,0.0,0.0,0.0,0.0,0.4135634578872324,0.4262215080613335,0.0,0.0,0.0,0.0,0.0,0.42495516834581426,0.43672827696202715,0.0,0.0,0.0,0.0,0.0,0.011391710458581839,0.01050676890069363,0.0
538,order1,exposure_5,63,False,3,caption,False,0.07131627947092056,0.34767025089605735,0.12855631061447348,0.0,0.0,0.36976505836534124,0.3697991600171573,0.12535564746344316,0.34767025089605735,0.12895043714627297,0.0,0.0,0.37089868003927995,0.3720062316742557,0.12610380734720533,0.0,0.000394126531799488,0.0,0.0,0.0011336216739387117,0.002207071657098436,0.0007481598837621728
44,order2,exposure_5,0,True,0,question,True,7.685044693062082e-05,0.9222520107238605,0.0,0.0,0.0,0.0,0.0,0.0,0.9088471849865952,0.0,0.0,0.0,0.0,0.0,0.0,-0.013404825737265313,0.0,0.0,0.0,0.0,0.0,0.0
180,order2,exposure_5,1,False,0,question,False,7.685044693062082e-05,0.8137931034482758,0.0,0.0,0.0,0.0,0.0,0.0,0.8137931034482758,0.0,0.0,0.0,0.0,0.0,0.0,0.0,0.0,0.0,0.0,0.0,0.0,0.0
642,order2,exposure_5,2,False,0,question,False,7.685044693062082e-05,0.4623115577889447,0.02893287956734371,0.0,0.0,0.1160628996152544,0.12663378275762968,0.034630529084805024,0.4623115577889447,0.028933962211934873,0.0,0.0,0.1160648747914819,0.1266360330183399,0.03463185509800577,0.0,1.0826445911646387e-06,0.0,0.0,1.9751762275060925e-06,2.250260710212615e-06,1.3260132007489323e-06
138,order2,exposure_5,3,False,0,question,False,7.685044693062082e-05,0.7541412380122058,0.5819320478190825,1.0,1.0,0.7911242797985907,0.7892540510859298,0.580031506739173,0.7541412380122058,0.5819319065115905,1.0,1.0,0.7911241999633974,0.7892539468647471,0.5800313258813737,0.0,-1.4130749192986514e-07,0.0,0.0,-7.983519323406796e-08,-1.0422118268405001e-07,-1.8085779929233325e-07
159,order2,exposure_5,4,True,0,question,True,0.001933878636918962,0.0,0.0,0.0,0.0,0.033300833271843404,0.0294981728574962,0.0,0.2616279069767442,0.008711555917004676,0.0,0.0,0.03329750261610677,0.029499825297851848,0.007726144720865961,0.2616279069767442,0.008711555917004676,0.0,0.0,-3.330655736634436e-06,1.6524403556490708e-06,0.007726144720865961
12,order2,exposure_5,5,False,0,question,False,0.001933878636918962,0.5142857142857142,0.25199709588118013,0.0,0.0,0.4880479469619351,0.4845561164235555,0.24385702302967457,0.5142857142857142,0.25201985382396724,0.0,0.0,0.4880911055766869,0.4845974157448233,0.24387911459714046,0.0,2.275794278711052e-05,0.0,0.0,4.315861475179261e-05,4.1299321267784794e-05,2.20915674658817e-05
1,order2,exposure_5,6,False,0,caption,False,0.001933878636918962,0.7910447761194029,0.4288288730325635,1.0,0.0,0.53206545357744,0.5249160488714408,0.39368703665358057,0.7910447761194029,0.4288872475796795,1.0,0.0,0.532137881256269,0.5249933031462526,0.39374497735968944,0.0,5.8374547115991327e-05,0.0,0.0,7.242767882909007e-05,7.725427481175551e-05,5.794070610887214e-05
507,order2,exposure_5,7,False,0,caption,False,0.001933878636918962,0.0,0.0,0.0,0.0,0.2527036280884672,0.29144666443635275,0.0,0.0,0.0,0.0,0.0,0.25488270179840194,0.29413038967256117,0.0,0.0,0.0,0.0,0.0,0.0021790737099347535,0.002683725236208412,0.0
206,order2,exposure_5,8,True,0,caption,True,0.008013177663087845,0.963777490297542,0.5616996175756822,1.0,1.0,0.5758782647208872,0.5780360278498192,0.5640312931729041,0.9404915912031048,0.5500647046382676,1.0,1.0,0.575918110536946,0.578076111484647,0.552393609369596,-0.023285899094437235,-0.011634912937414588,0.0,0.0,3.984581605875892e-05,4.008363482777e-05,-0.011637683803308096
68,order2,exposure_5,9,False,0,question,False,0.008013177663087845,0.703125,0.4373573060944377,1.0,0.0,0.6166188481767302,0.6151564060222889,0.4473864771071192,0.703125,0.4389320388424238,1.0,0.0,0.6188363898823629,0.6174020730780577,0.4490196895113147,0.0,0.0015747327479861406,0.0,0.0,0.0022175417056327085,0.0022456670557687852,0.0016332124041955054
169,order2,exposure_5,10,False,0,question,False,0.008013177663087845,0.0,0.0,0.0,0.0,0.24794396658442366,0.37027780088782003,0.0,0.0,0.0,0.0,0.0,0.24773570659174018,0.36996678218550805,0.0,0.0,0.0,0.0,0.0,-0.0002082599926834794,-0.0003110187023119826,0.0
418,order2,exposure_5,11,False,0,question,False,0.008013177663087845,0.0,0.0,0.0,0.0,0.922896232171347,0.9227689161850396,0.0,0.0,0.0,0.0,0.0,0.9226844155530154,0.9225504789149471,0.0,0.0,0.0,0.0,0.0,-0.00021181661833158394,-0.00021843727009251968,0.0
567,order2,exposure_5,12,True,0,caption,True,0.026476847007870674,0.8048780487804879,0.0,0.0,0.0,0.0,0.0,0.0,0.6226415094339622,0.0,0.0,0.0,0.0,0.0,0.0,-0.18223653934652562,0.0,0.0,0.0,0.0,0.0,0.0
332,order2,exposure_5,13,False,0,caption,False,0.026476847007870674,0.20224719101123595,0.019679170410290867,0.0,0.0,0.034889116919820155,0.03336174133741237,0.019314692353238738,0.20224719101123595,0.01956158918668695,0.0,0.0,0.034677962607233874,0.03316491179930742,0.019200738410125345,0.0,-0.00011758122360391518,0.0,0.0,-0.00021115431258628137,-0.00019682953810495202,-0.00011395394311339291
324,order2,exposure_5,14,False,0,question,False,0.026476847007870674,0.16058394160583941,0.10157967240690323,0.0,0.0,0.6336312933160916,0.6250898207372443,0.10853223285425256,0.16058394160583941,0.10172715843935894,0.0,0.0,0.6344991088559833,0.626136373942957,0.10872063993306283,0.0,0.00014748603245570702,0.0,0.0,0.0008678155398916809,0.0010465532057126747,0.00018840707881026542
346,order2,exposure_5,15,False,0,caption,False,0.026476847007870674,0.18859649122807018,0.15057347236490168,0.0,0.0,0.7935100819136883,0.7940602213310187,0.16795221653488354,0.18859649122807018,0.15056427367890277,0.0,0.0,0.7934875280172508,0.7940316281726811,0.167941276748982,0.0,-9.198685998912381e-06,0.0,0.0,-2.2553896437571552e-05,-2.8593158337586466e-05,-1.0939785901553645e-05
3,order2,exposure_5,16,True,1,caption,True,0.026474684476852417,0.0,0.0,0.0,0.0,0.05143032924582833,0.09019780957794397,0.0,0.0,0.0,0.0,0.0,0.05162804704622748,0.09046223440418401,0.0,0.0,0.0,0.0,0.0,0.00019771780039914977,0.00026442482624003394,0.0
490,order2,exposure_5,17,False,1,question,False,0.026474684476852417,0.9473684210526315,0.7696078104619404,1.0,1.0,0.7987299518021904,0.8064017614438804,0.8064017614438804,0.9473684210526315,0.7709925231876521,1.0,1.0,0.8001268097075912,0.8078163663548686,0.8078163663548686,0.0,0.001384712725711723,0.0,0.0,0.0013968579054007835,0.0014146049109882153,0.0014146049109882153
359,order2,exposure_5,18,False,1,question,False,0.026474684476852417,0.8743961352657005,0.632124989381677,1.0,1.0,0.7236539414505049,0.731038495074508,0.6395572547220372,0.8743961352657005,0.6320195505222239,1.0,1.0,0.7235465930165261,0.7309456654873608,0.6394632102294037,0.0,-0.00010543885945313303,0.0,0.0,-0.00010734843397874894,-9.28295871471807e-05,-9.40444926335049e-05
588,order2,exposure_5,19,False,1,question,False,0.026474684476852417,0.0,0.0,0.0,0.0,0.0,0.0,0.0,0.0,0.0,0.0,0.0,0.0,0.0,0.0,0.0,0.0,0.0,0.0,0.0,0.0,0.0
650,order2,exposure_5,20,True,1,caption,True,0.04276028648018837,0.597667638483965,0.01958385795642752,0.0,0.0,0.019604643655810283,0.020950347009950316,0.02091464124052016,0.685131195335277,0.019594366907198842,0.0,0.0,0.01961554607099363,0.02096455696817613,0.020905358055207053,0.08746355685131202,1.0508950771322134e-05,0.0,0.0,1.090241518334617e-05,1.4209958225812336e-05,-9.283185313107428e-06
356,order2,exposure_5,21,False,1,caption,False,0.04276028648018837,0.6051167964404894,0.0,0.0,0.0,0.0,0.0,0.0,0.6051167964404894,0.0,0.0,0.0,0.0,0.0,0.0,0.0,0.0,0.0,0.0,0.0,0.0,0.0
485,order2,exposure_5,22,False,1,question,False,0.04276028648018837,0.8975308641975308,0.3454099447697803,1.0,0.0,0.39721100634046214,0.3934744340258988,0.3463827953943203,0.8975308641975308,0.34424784536774106,1.0,0.0,0.39603272846652704,0.39240751426481485,0.3453145336791339,0.0,-0.0011620994020392628,0.0,0.0,-0.0011782778739350963,-0.0010669197610839731,-0.0010682617151864249
132,order2,exposure_5,23,False,1,question,False,0.04276028648018837,0.0,0.0,0.0,0.0,0.07829388602410334,0.08744234489278314,0.0,0.0,0.0,0.0,0.0,0.07682451741928865,0.08596054294906053,0.0,0.0,0.0,0.0,0.0,-0.0014693686048146831,-0.0014818019437226188,0.0
600,order2,exposure_5,24,True,1,caption,True,0.04834011569619179,0.0,0.0,0.0,0.0,0.3039118826342906,0.29466049564135965,0.0,0.0,0.0,0.0,0.0,0.30279183642897667,0.2938831330206071,0.0,0.0,0.0,0.0,0.0,-0.0011200462053139182,-0.0007773626207525641,0.0
41,order2,exposure_5,25,False,1,caption,False,0.04834011569619179,0.0,0.0,0.0,0.0,0.2197447466849371,0.22161925397143636,0.0,0.0,0.0,0.0,0.0,0.22928990340937447,0.2311146226449652,0.0,0.0,0.0,0.0,0.0,0.00954515672443737,0.009495368673528848,0.0
617,order2,exposure_5,26,False,1,question,False,0.04834011569619179,0.9842105263157894,0.018712323952736212,0.0,0.0,0.018712323952736212,0.019508501786599897,0.019508501786599897,0.9842105263157894,0.019135459135684783,0.0,0.0,0.019135459135684783,0.019978832666216154,0.019978832666216154,0.0,0.00042313518294857105,0.0,0.0,0.00042313518294857105,0.0004703308796162563,0.0004703308796162563
34,order2,exposure_5,27,False,1,caption,False,0.04834011569619179,0.5454545454545454,0.44410397894863163,1.0,0.0,0.811240096837557,0.8194162524923417,0.4580636221213232,0.5454545454545454,0.4453565458340779,1.0,0.0,0.812440895663262,0.8204376613036525,0.4592442378662843,0.0,0.0012525668854462824,0.0,0.0,0.0012007988257050073,0.0010214088113107422,0.0011806157449611443
312,order2,exposure_5,28,True,1,question,True,0.0526653528213501,0.6337962962962963,0.40802909990266983,1.0,0.0,0.6231979470428691,0.6246057522049699,0.4100494622123935,0.6407407407407407,0.4119218152361723,1.0,0.0,0.6228335643213937,0.6242262212182991,0.41297978947060415,0.00694444444444442,0.003892715333502439,0.0,0.0,-0.0003643827214754314,-0.00037953098667087293,0.00293032725821063
94,order2,exposure_5,29,False,1,caption,False,0.0526653528213501,0.6098457016899339,0.29824920531258237,0.0,0.0,0.48825041456874474,0.4892988466651726,0.29994836189853397,0.6098457016899339,0.30038927773772117,1.0,0.0,0.49162249003655306,0.4927070496843994,0.30212691035964123,0.0,0.002140072425138806,1.0,0.0,0.003372075467808322,0.0034082030192267854,0.002178548461107266
544,order2,exposure_5,30,False,1,question,False,0.0526653528213501,0.8359375,0.4546354616701109,1.0,0.0,0.5388272138312425,0.5152881772134077,0.4294068143445064,0.8359375,0.4563112867827477,1.0,0.0,0.5408133769277009,0.5171791554939482,0.43098262957829014,0.0,0.0016758251126368084,0.0,0.0,0.001986163096458382,0.0018909782805405229,0.0015758152337837505
83,order2,exposure_5,31,False,1,question,False,0.0526653528213501,0.6307692307692307,0.48022106363351524,1.0,0.0,0.7678218622521827,0.7663603255496894,0.4786804022915491,0.6307692307692307,0.47951253415376677,1.0,0.0,0.7667801590604985,0.7653333142147869,0.4779903950977957,0.0,-0.0007085294797484765,0.0,0.0,-0.0010417031916842845,-0.0010270113349024612,-0.0006900071937534502
171,order2,exposure_5,32,True,2,question,True,0.05476776510477066,0.0,0.0,0.0,0.0,0.2337054328068495,0.24382081471726683,0.0,0.0,0.0,0.0,0.0,0.23978623983196576,0.24793257259618157,0.0,0.0,0.0,0.0,0.0,0.006080807025116264,0.00411175787891474,0.0
339,order2,exposure_5,33,False,2,caption,False,0.05476776510477066,0.10888252148997135,0.0,0.0,0.0,0.0365360391919337,0.08812331034623476,0.0,0.10888252148997135,0.0,0.0,0.0,0.036077982237783336,0.08781403194056227,0.0,0.0,0.0,0.0,0.0,-0.00045805695415036124,-0.00030927840567249176,0.0
258,order2,exposure_5,34,False,2,caption,False,0.05476776510477066,0.0,0.0,0.0,0.0,0.8073933272641037,0.7975536564663167,0.0,0.0,0.0,0.0,0.0,0.8064153985068527,0.7964914866796554,0.0,0.0,0.0,0.0,0.0,-0.000977928757251001,-0.0010621697866612934,0.0
24,order2,exposure_5,35,False,2,caption,False,0.05476776510477066,0.36283185840707965,0.34500716697595096,1.0,0.0,0.9207935977639816,0.9159506970217235,0.3541349553967501,0.36283185840707965,0.3453470278404502,1.0,0.0,0.9213639218798956,0.9167258861515689,0.35465050270767,0.0,0.0003398608644992196,0.0,0.0,0.000570324115913956,0.0007751891298454217,0.000515547310919906
538,order2,exposure_5,36,True,2,caption,True,0.06414712220430374,0.34767025089605735,0.12855631061447348,0.0,0.0,0.36976505836534124,0.3697991600171573,0.12535564746344316,0.2650273224043716,0.09756395184020701,0.0,0.0,0.3681279007578945,0.36756857656413916,0.09547235754912706,-0.08264292849168575,-0.030992358774266468,0.0,0.0,-0.0016371576074467598,-0.002230583453018131,-0.029883289914316102
564,order2,exposure_5,37,False,2,question,False,0.06414712220430374,0.8447653429602888,0.0,0.0,0.0,0.0,0.0,0.0,0.8447653429602888,0.0,0.0,0.0,0.0,0.0,0.0,0.0,0.0,0.0,0.0,0.0,0.0,0.0
243,order2,exposure_5,38,False,2,caption,False,0.06414712220430374,0.9668874172185431,0.7913964405758179,1.0,1.0,0.8170890487402145,0.8157247950135011,0.7850795070245777,0.9668874172185431,0.7903684596919963,1.0,1.0,0.8160051603899188,0.8147161203456549,0.78412673405473,0.0,-0.001027980883821611,0.0,0.0,-0.0010838883502957142,-0.0010086746678462655,-0.0009527729698477483
400,order2,exposure_5,39,False,2,question,False,0.06414712220430374,0.8530864197530864,0.5699807529433301,1.0,1.0,0.6523653699726505,0.6528075176949741,0.5730464049063568,0.8530864197530864,0.5741553734818816,1.0,1.0,0.6572093652733831,0.6576165408286739,0.5772148348233488,0.0,0.0041746205385515545,0.0,0.0,0.004843995300732651,0.004809023133699797,0.004168429916991956
623,order2,exposure_5,40,True,2,caption,True,0.08816547691822052,0.8161209068010076,0.09934382926630016,0.0,0.0,0.149219714443796,0.1431065733827564,0.09623539967704343,0.8593350383631714,0.1149362427392589,0.0,0.0,0.1554577910528875,0.148776807511924,0.11064315623520204,0.043214131562163804,0.015592413472958741,0.0,0.0,0.0062380766090915085,0.0056702341291675895,0.01440775655815861
512,order2,exposure_5,41,False,2,caption,False,0.08816547691822052,0.0,0.0,0.0,0.0,0.5951254582547241,0.5965771285471958,0.0,0.0,0.0,0.0,0.0,0.5970793206137935,0.5985006881844702,0.0,0.0,0.0,0.0,0.0,0.0019538623590694693,0.001923559637274419,0.0
562,order2,exposure_5,42,False,2,caption,False,0.08816547691822052,0.3023255813953488,0.2038402634010472,0.0,0.0,0.6847041319925602,0.6652576401700446,0.21996561411288032,0.3023255813953488,0.20579877724158152,0.0,0.0,0.690475083242526,0.6693760821331434,0.22143247777922961,0.0,0.0019585138405343316,0.0,0.0,0.00577095124996585,0.00411844196309874,0.001466863666349294
65,order2,exposure_5,43,False,2,caption,False,0.08816547691822052,0.08237547892720307,0.02787744210787474,0.0,0.0,0.3163483647893612,0.3333223544459308,0.02752202926617777,0.08237547892720307,0.027994847318090273,0.0,0.0,0.3176806586965896,0.3347092467006572,0.027636543305558856,0.0,0.00011740521021553346,0.0,0.0,0.0013322939072284434,0.001386892254726435,0.00011451403938108479
371,order2,exposure_5,44,True,2,caption,True,0.08800282329320908,0.675,0.0002937924063547062,0.0,0.0,0.000427334409243209,0.0,0.0,0.8709677419354839,0.00031954173344759146,0.0,0.0,0.00036021068134092126,0.0,0.0,0.19596774193548383,2.5749327092885262e-05,0.0,0.0,-6.712372790228775e-05,0.0,0.0
119,order2,exposure_5,45,False,2,caption,False,0.08800282329320908,0.10743801652892562,0.003427027544568439,0.0,0.0,0.0150523262890468,0.07167856713443405,0.019746206328227683,0.10743801652892562,0.0032483970806271158,0.0,0.0,0.014139541011332782,0.06809555638669809,0.018716954607422925,0.0,-0.00017863046394132323,0.0,0.0,-0.0009127852777140177,-0.003583010747735954,-0.001029251720804758
582,order2,exposure_5,46,False,2,question,False,0.08800282329320908,0.5507246376811594,0.39319123985224863,1.0,0.0,0.6698813716001273,0.7131901075127444,0.4031074520724207,0.5507246376811594,0.39528053284314274,1.0,0.0,0.6734409078068357,0.7170907355735736,0.40531215488941114,0.0,0.0020892929908941094,0.0,0.0,0.003559536206708458,0.0039006280608292476,0.0022047028169904226
377,order2,exposure_5,47,False,2,caption,False,0.08800282329320908,0.07586206896551724,0.04024039699106426,0.0,0.0,0.46579441406377636,0.45730301148313085,0.0413509298508902,0.07586206896551724,0.04096957051120857,0.0,0.0,0.4808217084350011,0.47507771552676714,0.04247133923554589,0.0,0.0007291735201443092,0.0,0.0,0.015027294371224742,0.01777470404363629,0.001120409384655692
419,order2,exposure_5,48,True,3,question,True,0.07711364328861237,0.27807486631016043,0.08381006776965848,0.0,0.0,0.1160375690732922,0.11370930557647958,0.08146161093560539,0.3422459893048128,0.0867195424830477,0.0,0.0,0.11498049677507373,0.11249448046949403,0.08490876678985945,0.06417112299465239,0.002909474713389218,0.0,0.0,-0.00105707229821847,-0.0012148251069855481,0.0034471558542540637
648,order2,exposure_5,49,False,3,question,False,0.07711364328861237,0.0423728813559322,0.0,0.0,0.0,0.0,0.0,0.0,0.0423728813559322,0.0,0.0,0.0,0.0,0.0,0.0,0.0,0.0,0.0,0.0,0.0,0.0,0.0
133,order2,exposure_5,50,False,3,question,False,0.07711364328861237,0.6337817638266069,0.5449352756353476,1.0,1.0,0.8135234569610016,0.8166971541833397,0.5502994433252111,0.6337817638266069,0.5448123751404521,1.0,1.0,0.8139138831687583,0.8170491449962004,0.5501417242076128,0.0,-0.00012290049489549482,0.0,0.0,0.0003904262077567555,0.0003519908128607474,-0.00015771911759832058
238,order2,exposure_5,51,False,3,question,False,0.07711364328861237,0.0,0.0,0.0,0.0,0.8861363106177821,0.877404441168681,0.0,0.0,0.0,0.0,0.0,0.8841876744893874,0.87211761691794,0.0,0.0,0.0,0.0,0.0,-0.0019486361283946874,-0.005286824250741007,0.0
401,order2,exposure_5,52,True,3,caption,True,0.08673695474863052,0.6296296296296297,0.3686234170817929,1.0,0.0,0.5907478226302446,0.592522052359194,0.37025750576048144,0.6337962962962963,0.3756960170537929,1.0,0.0,0.597116879162807,0.598914877345056,0.37789341513177904,0.004166666666666652,0.007072599971999993,0.0,0.0,0.006369056532562367,0.006392824985862022,0.0076359093712976
447,order2,exposure_5,53,False,3,question,False,0.08673695474863052,0.6338797814207651,0.5286083807479793,1.0,1.0,0.8411631266018563,0.8464092684282528,0.5343379328750673,0.6338797814207651,0.5292975518373194,1.0,1.0,0.8413613265479488,0.8466320642779956,0.5350496095927385,0.0,0.0006891710893400793,0.0,0.0,0.00019819994609249214,0.0002227958497428295,0.0007116767176712502
620,order2,exposure_5,54,False,3,caption,False,0.08673695474863052,0.345679012345679,0.2790872214933736,0.0,0.0,0.7999528102521051,0.7829747751959908,0.27963384828428245,0.345679012345679,0.27953864880396884,0.0,0.0,0.8017077702449635,0.7854638947767976,0.280522819563142,0.0,0.00045142731059522045,0.0,0.0,0.0017549599928584625,0.0024891195808067756,0.0008889712788595627
663,order2,exposure_5,55,False,3,question,False,0.08673695474863052,0.8663426488456865,0.34097999210526636,1.0,0.0,0.39078447908782016,0.3875463818484702,0.33605787116087776,0.8663426488456865,0.34727352698323344,1.0,0.0,0.398051737120518,0.39479559040363765,0.3423059247095692,0.0,0.0062935348779670774,0.0,0.0,0.007267258032697843,0.0072492085551674745,0.006248053548691457
534,order2,exposure_5,56,True,3,question,True,0.09034119546413422,0.795774647887324,0.0,0.0,0.0,0.01454118212347004,0.021066844297450073,0.0,0.11840796019900497,0.0,0.0,0.0,0.014663813589643158,0.02157324933780902,0.0,-0.677366687688319,0.0,0.0,0.0,0.00012263146617311899,0.0005064050403589468,0.0
143,order2,exposure_5,57,False,3,caption,False,0.09034119546413422,0.0,0.0,0.0,0.0,0.6317142911751313,0.6312372135810508,0.0,0.0,0.0,0.0,0.0,0.6464373806038742,0.6459008471679982,0.0,0.0,0.0,0.0,0.0,0.014723089428742897,0.014663633586947444,0.0
543,order2,exposure_5,58,False,3,caption,False,0.09034119546413422,0.0,0.0,0.0,0.0,0.6342023820257597,0.6336883450825955,0.0,0.0,0.0,0.0,0.0,0.6349358393054081,0.634456202384589,0.0,0.0,0.0,0.0,0.0,0.0007334572796483529,0.0007678573019934687,0.0
550,order2,exposure_5,59,False,3,caption,False,0.09034119546413422,0.5034965034965035,0.2839145454558128,0.0,0.0,0.56605049401333,0.5614919384682692,0.2807459692341346,0.5034965034965035,0.28392196261914354,0.0,0.0,0.566075043209422,0.5617445466724612,0.2808722733362306,0.0,7.417163330747378e-06,0.0,0.0,2.4549196092071845e-05,0.00025260820419203966,0.00012630410209601983
40,order2,exposure_5,60,True,3,caption,True,0.08900199830532074,0.9459459459459459,0.8316401035820292,1.0,1.0,0.8624111129878436,0.8794898937317411,0.8499853522459445,0.9797297297297297,0.8598594084572785,1.0,1.0,0.8598594084572785,0.876843650161501,0.876843650161501,0.03378378378378377,0.028219304875249263,0.0,0.0,-0.00255170453056508,-0.0026462435702401255,0.026858297915556495
609,order2,exposure_5,61,False,3,caption,False,0.08900199830532074,0.0,0.0,0.0,0.0,0.7444576823825435,0.7469541027960191,0.0,0.0,0.0,0.0,0.0,0.759193235607726,0.7623833722652453,0.0,0.0,0.0,0.0,0.0,0.014735553225182496,0.015429269469226181,0.0
492,order2,exposure_5,62,False,3,question,False,0.08900199830532074,0.8473895582329317,0.4631795659638544,1.0,0.0,0.549317710307062,0.5406823851471848,0.4634420444118727,0.8473895582329317,0.47141687937851995,1.0,0.0,0.5590865365944603,0.5506385460871868,0.47197589664616013,0.0,0.008237313414665548,0.0,0.0,0.00976882628739828,0.009956160940001957,0.008533852234287431
441,order2,exposure_5,63,False,3,caption,False,0.08900199830532074,0.0,0.0,0.0,0.0,0.4135634578872324,0.4262215080613335,0.0,0.0,0.0,0.0,0.0,0.4085322074641079,0.4214076581304698,0.0,0.0,0.0,0.0,0.0,-0.0050312504231245225,-0.004813849930863701,0.0
