parent,source_id,order,condition,arrival,expert_scheduled,updated,tuning_source_exposed,frozen_t,frozen_v,boxes_only_t,boxes_only_v,slow_t,slow_v,final_t,final_v,post_fixed_time_t,post_fixed_time_v,Frozen_m_tIoU,Frozen_m_vIoU,Frozen_sIoU_dense_GT,Frozen_vIoU@0.3,Frozen_vIoU@0.5,Ours_m_tIoU,Ours_m_vIoU,Ours_sIoU_dense_GT,Ours_vIoU@0.3,Ours_vIoU@0.5,delta_inherited_boxes,delta_inherited_interval,delta_inherited_total,delta_temporal_rerank,delta_total,delta_post_fixed_time,delta_m_vIoU,delta_m_tIoU,delta_sIoU_dense_GT,delta_vIoU@0.3,delta_vIoU@0.5,temporal_candidate_v,temporal_candidate_t,temporal_scores,temporal_selected,temporal_best_v,temporal_best_t,temporal_oracle_top_tie,best_teacher_t,winning_teacher_t
48,113,order1,clean,0,True,False,True,0.5476190476190477,0.33247405089660736,0.5476190476190477,0.33247405089660736,0.5476190476190477,0.33247405089660736,0.5476190476190477,0.33247405089660736,0.5476190476190477,0.33247405089660736,0.5476190476190477,0.3324740508966074,0.6075684753506353,1.0,0.0,0.5476190476190477,0.3324740508966074,0.6075684753506353,1.0,0.0,0.0,0.0,0.0,0.0,0.0,0.0,0.0,0.0,0.0,0.0,0.0,"[0.33247405089660736,0.3126248538281532,0.2950121860068488,0.3161820877016495,0.3126248538281532,0.3550146645167163,0.33247405089660736,0.3550146645167163]","[0.5476190476190477,0.5149253731343284,0.4859154929577465,0.5,0.5149253731343284,0.5847457627118644,0.5476190476190477,0.5847457627118644]","[0.5217941548688497,0.4906422650259333,0.46300044727799344,0.3244862401137533,0.4906422650259333,0.5174299927857996,0.4856901370793159,0.5002781491773608]",0,0.3550146645167163,0.5847457627118644,False,0.854109777920488,0.5709744905163936
104,66,order1,clean,1,False,False,False,0.28735632183908044,0.20695914466835388,0.28735632183908044,0.20695914466835388,0.28735632183908044,0.20695914466835388,0.28735632183908044,0.20695914466835388,0.28735632183908044,0.20695914466835388,0.28735632183908044,0.20695914466835388,0.6768428970078852,0.0,0.0,0.28735632183908044,0.20695914466835388,0.6768428970078852,0.0,0.0,0.0,0.0,0.0,0.0,0.0,0.0,0.0,0.0,0.0,0.0,0.0,,,,,,,,,
57,106,order1,clean,2,False,False,True,0.2718052738336714,0.1529974123186022,0.2718052738336714,0.1529974123186022,0.2718052738336714,0.1529974123186022,0.2718052738336714,0.1529974123186022,0.2718052738336714,0.1529974123186022,0.2718052738336714,0.15299741231860223,0.5903949344192074,0.0,0.0,0.2718052738336714,0.15299741231860223,0.5903949344192074,0.0,0.0,0.0,0.0,0.0,0.0,0.0,0.0,0.0,0.0,0.0,0.0,0.0,,,,,,,,,
18,25,order1,clean,3,False,False,True,0.875,0.4990606497942788,0.875,0.4990606497942788,0.875,0.4990606497942788,0.875,0.4990606497942788,0.875,0.4990606497942788,0.875,0.499060649794279,0.568439354165797,1.0,0.0,0.875,0.499060649794279,0.568439354165797,1.0,0.0,0.0,0.0,0.0,0.0,0.0,0.0,0.0,0.0,0.0,0.0,0.0,,,,,,,,,
23,36,order1,clean,4,True,False,True,0.21465968586387435,0.08377996795201403,0.21465968586387435,0.08377996795201403,0.21465968586387435,0.08377996795201403,0.29906542056074764,0.10236418831738509,0.21465968586387435,0.08377996795201403,0.21465968586387435,0.08377996795201406,0.3402851760847195,0.0,0.0,0.29906542056074764,0.10236418831738515,0.3402851760847195,0.0,0.0,0.0,0.0,0.0,0.01858422036537105,0.01858422036537105,0.0,0.018584220365371093,0.08440573469687329,0.0,0.0,0.0,"[0.08377996795201403,0.08579348420334364,0.10236418831738509,0.08377996795201403,0.08720421732334975,0.08534386068711829,0.08720421732334975,0.08206140450684452]","[0.21465968586387435,0.2506527415143603,0.29906542056074764,0.17277486910994763,0.22343324250681199,0.21866666666666668,0.17983651226158037,0.21025641025641026]","[0.30674431470649144,0.3265638024297842,0.3792863781242854,0.29217963972759775,0.31741917249853796,0.3116351399690659,0.29554267548269275,0.3013394642431223]",2,0.10236418831738509,0.29906542056074764,True,0.6933957928440921,0.3094959521985164
10,1,order1,clean,5,False,False,True,0.1925925925925926,0.12128788270582778,0.1925925925925926,0.12128788270582778,0.1925925925925926,0.12128788270582778,0.1925925925925926,0.12128788270582778,0.1925925925925926,0.12128788270582778,0.1925925925925926,0.12128788270582776,0.58796051454088,0.0,0.0,0.1925925925925926,0.12128788270582776,0.58796051454088,0.0,0.0,0.0,0.0,0.0,0.0,0.0,0.0,0.0,0.0,0.0,0.0,0.0,,,,,,,,,
54,109,order1,clean,6,False,False,True,0.3194888178913738,0.006388173195630232,0.3194888178913738,0.006388173195630232,0.3194888178913738,0.006388173195630232,0.3194888178913738,0.006388173195630232,0.3194888178913738,0.006388173195630232,0.3194888178913738,0.006388173195630232,0.01979701198249765,0.0,0.0,0.3194888178913738,0.006388173195630232,0.01979701198249765,0.0,0.0,0.0,0.0,0.0,0.0,0.0,0.0,0.0,0.0,0.0,0.0,0.0,,,,,,,,,
80,92,order1,clean,7,False,False,False,0.9178082191780822,0.6386449239373678,0.9178082191780822,0.6386449239373678,0.9178082191780822,0.6386449239373678,0.9178082191780822,0.6386449239373678,0.9178082191780822,0.6386449239373678,0.9178082191780822,0.6386449239373678,0.6952168029597493,1.0,1.0,0.9178082191780822,0.6386449239373678,0.6952168029597493,1.0,1.0,0.0,0.0,0.0,0.0,0.0,0.0,0.0,0.0,0.0,0.0,0.0,,,,,,,,,
105,90,order1,clean,8,True,True,False,0.44256756756756754,0.20430778900084748,0.44256756756756754,0.20430778900084748,0.44256756756756754,0.20430778900084748,0.4309210526315789,0.19893126823766727,0.44256756756756754,0.2098621511270982,0.44256756756756754,0.20430778900084745,0.47080612099343866,0.0,0.0,0.4309210526315789,0.19893126823766724,0.47080612099343866,0.0,0.0,0.0,0.0,0.0,-0.005376520763180209,-0.005376520763180209,0.0055543621262507115,-0.005376520763180209,-0.011646514935988617,0.0,0.0,0.0,"[0.20430778900084748,0.21644009252543966,0.2099830053619821,0.221520533129124,0.25502143133683397,0.22241085369855526,0.19893126823766727,0.1853064147618909]","[0.44256756756756754,0.4597315436241611,0.4548611111111111,0.47985347985347987,0.631578947368421,0.4724137931034483,0.4309210526315789,0.4155405405405405]","[0.3989133994710762,0.38981361529562125,0.3855891355142619,0.3606061405952351,0.2044427053907794,0.3767932968228759,0.4122376634278904,0.40844818792150694]",6,0.25502143133683397,0.631578947368421,False,0.7693744340309983,0.2308879520206458
87,125,order1,clean,9,False,False,False,0.465,0.21717729221551885,0.465,0.21120661352574457,0.465,0.21120661352574457,0.465,0.21120661352574457,0.465,0.21120661352574457,0.465,0.21717729221551885,0.40345348218437055,0.0,0.0,0.465,0.21120661352574463,0.39268469916858745,0.0,0.0,-0.0059706786897742725,0.0,-0.0059706786897742725,0.0,-0.0059706786897742725,0.0,-0.005970678689774217,0.0,-0.010768783015783101,0.0,0.0,,,,,,,,,
28,55,order1,clean,10,False,False,False,0.4789473684210526,0.030139309434361224,0.4789473684210526,0.03266393969556448,0.4789473684210526,0.03266393969556448,0.4789473684210526,0.03266393969556448,0.4789473684210526,0.03266393969556448,0.4789473684210526,0.030139309434361234,0.061423662973123544,0.0,0.0,0.4789473684210526,0.03266393969556447,0.067290109622136,0.0,0.0,0.0025246302612032534,0.0,0.0025246302612032534,0.0,0.0025246302612032534,0.0,0.002524630261203236,0.0,0.005866446649012452,0.0,0.0,,,,,,,,,
78,62,order1,clean,11,False,False,True,0.9673469387755103,0.23632270228720587,0.9673469387755103,0.23953187099096837,0.9673469387755103,0.23953187099096837,0.9673469387755103,0.23953187099096837,0.9673469387755103,0.23953187099096837,0.9673469387755103,0.2363227022872057,0.24327337000153526,0.0,0.0,0.9673469387755103,0.23953187099096834,0.24657692602011447,0.0,0.0,0.003209168703762505,0.0,0.003209168703762505,0.0,0.003209168703762505,0.0,0.0032091687037626437,0.0,0.0033035560185792068,0.0,0.0,,,,,,,,,
70,58,order1,clean,12,True,True,False,0.5227272727272727,0.30379658636767143,0.5227272727272727,0.3516927804098012,0.5227272727272727,0.3516927804098012,0.5681818181818182,0.37233681687776965,0.5227272727272727,0.3638307190611021,0.5227272727272727,0.3037965863676713,0.4279429093649281,1.0,0.0,0.5681818181818182,0.37233681687776965,0.48186097422846863,1.0,0.0,0.04789619404212975,0.0,0.04789619404212975,0.020644036467968474,0.06854023051009822,0.012137938651300917,0.06854023051009833,0.045454545454545525,0.053918064863540505,0.0,0.0,"[0.3516927804098012,0.2380311262546342,0.14772526280445475,0.18754805886874443,0.36197619504166667,0.37233681687776965,0.32565847751219024,0.3797418978657976]","[0.5227272727272727,0.3409090909090909,0.21022727272727273,0.3902439024390244,0.5380116959064327,0.5681818181818182,0.4772727272727273,0.5644171779141104]","[0.42462467162551687,0.3053798448883976,0.21967262567109314,0.16978768577597594,0.4398161050468474,0.4544358783097966,0.39481346494123704,0.4448356077253563]",5,0.3797418978657976,0.5681818181818182,False,0.8272377412927316,0.6794679010736023
93,116,order1,clean,13,False,False,True,0.6473988439306358,0.43264332550430673,0.6473988439306358,0.4408269469410017,0.6473988439306358,0.4408269469410017,0.6473988439306358,0.4408269469410017,0.6473988439306358,0.4408269469410017,0.6473988439306358,0.43264332550430673,0.6696315833558761,1.0,0.0,0.6473988439306358,0.4408269469410017,0.6822651812894327,1.0,0.0,0.008183621436694988,0.0,0.008183621436694988,0.0,0.008183621436694988,0.0,0.008183621436694988,0.0,0.012633597933556562,0.0,0.0,,,,,,,,,
44,70,order1,clean,14,False,False,True,0.44387755102040816,0.191967267194001,0.44387755102040816,0.19238193280949253,0.44387755102040816,0.19238193280949253,0.44387755102040816,0.19238193280949253,0.44387755102040816,0.19238193280949253,0.44387755102040816,0.19196726719400106,0.4226328983451532,0.0,0.0,0.44387755102040816,0.19238193280949242,0.425775317080293,0.0,0.0,0.00041466561549152736,0.0,0.00041466561549152736,0.0,0.00041466561549152736,0.0,0.00041466561549136083,0.0,0.0031424187351397626,0.0,0.0,,,,,,,,,
2,91,order1,clean,15,False,False,True,0.40064102564102566,0.27756490207011,0.40064102564102566,0.2763728382816004,0.40064102564102566,0.2763728382816004,0.40064102564102566,0.2763728382816004,0.40064102564102566,0.2763728382816004,0.40064102564102566,0.27756490207010986,0.7013438471875783,0.0,0.0,0.40064102564102566,0.2763728382816005,0.6978590725678103,0.0,0.0,-0.0011920637885095564,0.0,-0.0011920637885095564,0.0,-0.0011920637885095564,0.0,-0.0011920637885093899,0.0,-0.0034847746197679275,0.0,0.0,,,,,,,,,
69,4,order1,clean,16,True,True,True,0.3778801843317972,0.1568557083613401,0.3778801843317972,0.18440628233052045,0.3778801843317972,0.18440628233052045,0.4534412955465587,0.21451385286285704,0.3778801843317972,0.19171363380363363,0.3778801843317972,0.15685570836134016,0.36053351472703854,0.0,0.0,0.4534412955465587,0.214513852862857,0.4237549015091855,0.0,0.0,0.027550573969180342,0.0,0.027550573969180342,0.03010757053233659,0.057658144501516934,0.007307351473113177,0.05765814450151685,0.0755611112147615,0.06322138678214695,0.0,0.0,"[0.18440628233052045,0.17248346235225404,0.21656429380277392,0.21451385286285704,0.1620087581608216,0.13465107060199477,0.17784961451432416,0.20032415942170465]","[0.3778801843317972,0.35344827586206895,0.4525862068965517,0.4534412955465587,0.3319838056680162,0.31685393258426964,0.36444444444444446,0.4147465437788018]","[0.22295672694832425,0.24412350482316517,0.27657923089792125,0.3076238384476879,0.2652902826980061,0.2069157192153432,0.2342456751482394,0.2342456751482394]",3,0.21656429380277392,0.4534412955465587,False,0.9352056724135887,0.551980977645294
14,3,order1,clean,17,False,False,True,0.43312101910828027,0.0,0.43312101910828027,0.0,0.43312101910828027,0.0,0.43312101910828027,0.0,0.43312101910828027,0.0,0.43312101910828027,0.0,0.0,0.0,0.0,0.43312101910828027,0.0,0.0,0.0,0.0,0.0,0.0,0.0,0.0,0.0,0.0,0.0,0.0,0.0,0.0,0.0,,,,,,,,,
3,38,order1,clean,18,False,False,False,0.7993421052631579,0.5383498948818555,0.7993421052631579,0.09566453909019841,0.7993421052631579,0.09566453909019841,0.7993421052631579,0.09566453909019841,0.7993421052631579,0.09566453909019841,0.7993421052631579,0.5383498948818555,0.5764480713531001,1.0,1.0,0.7993421052631579,0.09566453909019841,0.12908761670140487,0.0,0.0,-0.4426853557916571,0.0,-0.4426853557916571,0.0,-0.4426853557916571,0.0,-0.4426853557916571,0.0,-0.44736045465169516,-1.0,-1.0,,,,,,,,,
39,8,order1,clean,19,False,False,True,0.9824561403508771,0.6500312662099748,0.9824561403508771,0.6472510653572119,0.9824561403508771,0.6472510653572119,0.9824561403508771,0.6472510653572119,0.9824561403508771,0.6472510653572119,0.9824561403508771,0.6500312662099743,0.659733948183979,1.0,1.0,0.9824561403508771,0.6472510653572118,0.6567434808329385,1.0,1.0,-0.0027802008527628708,0.0,-0.0027802008527628708,0.0,-0.0027802008527628708,0.0,-0.0027802008527625377,0.0,-0.002990467351040471,0.0,0.0,,,,,,,,,
94,121,order1,clean,20,True,True,False,0.6402116402116402,0.39446499798004314,0.6402116402116402,0.39586798420706465,0.6402116402116402,0.39586798420706465,0.6142131979695431,0.37979212698038184,0.6402116402116402,0.3970977520518262,0.6402116402116402,0.3944649979800432,0.6163849447678132,1.0,0.0,0.6142131979695431,0.3797921269803816,0.6186768248808714,1.0,0.0,0.0014029862270215077,0.0,0.0014029862270215077,-0.01607585722668281,-0.014672870999661303,0.0012297678447615312,-0.01467287099966158,-0.02599844224209713,0.0022918801130581423,0.0,0.0,"[0.39586798420706465,0.41336491168582995,0.39586798420706465,0.37979212698038184,0.4735382849059191,0.41109367590733636,0.4299945345697426,0.4299945345697426]","[0.6402116402116402,0.6685082872928176,0.6402116402116402,0.6142131979695431,0.7658227848101266,0.6648351648351648,0.6954022988505747,0.6954022988505747]","[0.28718031837721086,0.2968890131890819,0.31379151645415837,0.3306940197192349,0.275318172139273,0.27624707307090574,0.26375193557798554,0.2820993228321399]",3,0.4735382849059191,0.7658227848101266,False,0.8180526158034983,0.4429442320221543
92,37,order1,clean,21,False,False,True,0.3598326359832636,0.2734461995069104,0.3598326359832636,0.2734234093282998,0.3598326359832636,0.2734234093282998,0.3598326359832636,0.2734234093282998,0.3598326359832636,0.2734234093282998,0.3598326359832636,0.27344619950691035,0.7454048498715581,0.0,0.0,0.3598326359832636,0.2734234093282997,0.7465201850805145,0.0,0.0,-2.2790178610621048e-05,0.0,-2.2790178610621048e-05,0.0,-2.2790178610621048e-05,0.0,-2.2790178610621048e-05,0.0,0.0011153352089564583,0.0,0.0,,,,,,,,,
59,82,order1,clean,22,False,False,False,0.96415770609319,0.6379996847019509,0.96415770609319,0.6131422581589657,0.96415770609319,0.6131422581589657,0.96415770609319,0.6131422581589657,0.96415770609319,0.6131422581589657,0.96415770609319,0.6379996847019516,0.6654835630375563,1.0,1.0,0.96415770609319,0.6131422581589654,0.6396944023827533,1.0,1.0,-0.024857426542985173,0.0,-0.024857426542985173,0.0,-0.024857426542985173,0.0,-0.024857426542986172,0.0,-0.025789160654802967,0.0,0.0,,,,,,,,,
35,23,order1,clean,23,False,False,True,0.5472972972972973,0.18976593564031127,0.5472972972972973,0.19654505461769933,0.5472972972972973,0.19654505461769933,0.5472972972972973,0.19654505461769933,0.5472972972972973,0.19654505461769933,0.5472972972972973,0.1897659356403113,0.39122876015105285,0.0,0.0,0.5472972972972973,0.19654505461769928,0.398210894835978,0.0,0.0,0.00677911897738806,0.0,0.00677911897738806,0.0,0.00677911897738806,0.0,0.006779118977387977,0.0,0.006982134684925145,0.0,0.0,,,,,,,,,
67,79,order1,clean,24,True,True,True,0.8688046647230321,0.7397110385028339,0.8688046647230321,0.737809773539346,0.8688046647230321,0.737809773539346,0.9825072886297376,0.830436892763172,0.8688046647230321,0.7408406880961046,0.8688046647230321,0.7397110385028338,0.8461453059239524,1.0,1.0,0.9825072886297376,0.8304368927631727,0.8443562021072542,1.0,1.0,-0.0019012649634879697,0.0,-0.0019012649634879697,0.09262711922382605,0.09072585426033808,0.003030914556758635,0.09072585426033886,0.11370262390670549,-0.0017891038166982787,0.0,0.0,"[0.737809773539346,0.7755232089607236,0.7404695922435814,0.830436892763172,0.7027561568222037,0.7553182167452592,0.7202646000281171,0.7178948754520089]","[0.8688046647230321,0.9125364431486881,0.8688046647230321,0.9825072886297376,0.8250728862973761,0.8892128279883382,0.8454810495626822,0.8454810495626822]","[0.16295204938731866,0.17115433375245215,0.16295204938731866,0.17820491392085985,0.15474976502218518,0.16677978209104763,0.15857749772591415,0.15857749772591415]",3,0.830436892763172,0.9825072886297376,True,0.9706370618738587,0.9609158052731754
119,29,order1,clean,25,False,False,False,0.9470588235294117,0.6626972126915781,0.9470588235294117,0.6675434598349588,0.9470588235294117,0.6675434598349588,0.9470588235294117,0.6675434598349588,0.9470588235294117,0.6675434598349588,0.9470588235294117,0.6626972126915782,0.6994899360498558,1.0,1.0,0.9470588235294117,0.6675434598349591,0.7044731892676562,1.0,1.0,0.004846247143380666,0.0,0.004846247143380666,0.0,0.004846247143380666,0.0,0.0048462471433808885,0.0,0.004983253217800465,0.0,0.0,,,,,,,,,
86,69,order1,clean,26,False,False,True,0.6896551724137931,0.2915769382409892,0.6896551724137931,0.29272797915634774,0.6896551724137931,0.29272797915634774,0.6896551724137931,0.29272797915634774,0.6896551724137931,0.29272797915634774,0.6896551724137931,0.2915769382409892,0.4225049643732611,0.0,0.0,0.6896551724137931,0.2927279791563478,0.4243001567505791,0.0,0.0,0.0011510409153585588,0.0,0.0011510409153585588,0.0,0.0011510409153585588,0.0,0.0011510409153586143,0.0,0.0017951923773179557,0.0,0.0,,,,,,,,,
38,54,order1,clean,27,False,False,True,0.638961038961039,0.47740486330637794,0.638961038961039,0.4833569620106539,0.638961038961039,0.4833569620106539,0.638961038961039,0.4833569620106539,0.638961038961039,0.4833569620106539,0.638961038961039,0.4774048633063776,0.7487508043201498,1.0,0.0,0.638961038961039,0.4833569620106539,0.7618908166385412,1.0,0.0,0.005952098704275988,0.0,0.005952098704275988,0.0,0.005952098704275988,0.0,0.005952098704276321,0.0,0.013140012318391348,0.0,0.0,,,,,,,,,
34,22,order1,clean,28,True,True,False,0.6441102756892231,0.27418832150130756,0.6441102756892231,0.20492845773845036,0.6441102756892231,0.20492845773845036,0.5155709342560554,0.1823237463381567,0.6441102756892231,0.1690964115643293,0.6441102756892231,0.27418832150130773,0.42403542743806893,0.0,0.0,0.5155709342560554,0.1823237463381567,0.3169242427815572,0.0,0.0,-0.0692598637628572,0.0,-0.0692598637628572,-0.02260471140029366,-0.09186457516315086,-0.03583204617412106,-0.09186457516315102,-0.1285393414331677,-0.10711118465651176,0.0,0.0,"[0.20492845773845036,0.19330131120009858,0.1823237463381567,0.17922300235281388,0.10786859307228452,0.2033536291404564,0.19702760153648602,0.20912136735969747]","[0.6441102756892231,0.607565011820331,0.5155709342560554,0.5068027210884354,0.3469387755102041,0.5611702127659575,0.619277108433735,0.639386189258312]","[0.3309713758481848,0.3386657212427215,0.35779006661983703,0.3509417386604611,0.25170000691817235,0.2708129715993912,0.34519421707390646,0.3115215305515287]",2,0.20912136735969747,0.6441102756892231,False,0.8895676334164684,0.8177317285989663
66,102,order1,clean,29,False,False,False,0.4515235457063712,0.14907868143830957,0.4515235457063712,0.1540046476034947,0.4515235457063712,0.1540046476034947,0.4515235457063712,0.1540046476034947,0.4515235457063712,0.1540046476034947,0.4515235457063712,0.14907868143830952,0.2800915494496035,0.0,0.0,0.4515235457063712,0.15400464760349472,0.3098211244170742,0.0,0.0,0.004925966165185119,0.0,0.004925966165185119,0.0,0.004925966165185119,0.0,0.004925966165185203,0.0,0.029729574967470696,0.0,0.0,,,,,,,,,
112,5,order1,clean,30,False,False,True,0.398989898989899,0.2228130946168882,0.398989898989899,0.230855296909695,0.398989898989899,0.230855296909695,0.398989898989899,0.230855296909695,0.398989898989899,0.230855296909695,0.398989898989899,0.22281309461688817,0.5620157868388496,0.0,0.0,0.398989898989899,0.23085529690969508,0.5839472914210261,0.0,0.0,0.008042202292806805,0.0,0.008042202292806805,0.0,0.008042202292806805,0.0,0.008042202292806916,0.0,0.02193150458217652,0.0,0.0,,,,,,,,,
47,108,order1,clean,31,False,False,True,0.8384615384615385,0.48681866993190065,0.8384615384615385,0.3529866003009593,0.8384615384615385,0.3529866003009593,0.8384615384615385,0.3529866003009593,0.8384615384615385,0.3529866003009593,0.8384615384615385,0.4868186699319007,0.5736252643645775,1.0,0.0,0.8384615384615385,0.3529866003009593,0.44039847642410673,1.0,0.0,-0.13383206963094135,0.0,-0.13383206963094135,0.0,-0.13383206963094135,0.0,-0.1338320696309414,0.0,-0.13322678794047077,0.0,0.0,,,,,,,,,
74,126,order1,clean,32,True,True,True,0.8235294117647058,0.5122804519826171,0.8235294117647058,0.5498587724688166,0.8235294117647058,0.5498587724688166,0.8955223880597015,0.5951266812128765,0.8235294117647058,0.553094498367813,0.8235294117647058,0.512280451982617,0.6224430929583988,1.0,1.0,0.8955223880597015,0.5951266812128768,0.6702717713722128,1.0,1.0,0.03757832048619958,0.0,0.03757832048619958,0.04526790874405984,0.08284622923025942,0.0032357258989963444,0.08284622923025986,0.07199297629499568,0.047828678413813996,0.0,0.0,"[0.5498587724688166,0.5513205286656002,0.4922953240020849,0.47603005999320547,0.5121271261538277,0.5951266812128765,0.5661737036842838,0.5273004638547113]","[0.8235294117647058,0.8214285714285714,0.7334851936218679,0.7092511013215859,0.7630331753554502,0.8955223880597015,0.8449197860962567,0.7897435897435897]","[0.24441794508721715,0.22446545977397492,0.20043385018541726,0.19381158641277133,0.2085081996004696,0.2811196812504734,0.23910451149836462,0.23401718146648448]",5,0.5951266812128765,0.8955223880597015,True,0.8551336336863151,0.6598945759838413
73,94,order1,clean,33,False,False,True,0.7142857142857143,0.29854344113798825,0.7142857142857143,0.30569303019201616,0.7142857142857143,0.30569303019201616,0.7142857142857143,0.30569303019201616,0.7142857142857143,0.30569303019201616,0.7142857142857143,0.29854344113798825,0.41213712586528334,0.0,0.0,0.7142857142857143,0.30569303019201627,0.42110064544137815,1.0,0.0,0.007149589054027905,0.0,0.007149589054027905,0.0,0.007149589054027905,0.0,0.007149589054028016,0.0,0.008963519576094814,1.0,0.0,,,,,,,,,
63,15,order1,clean,34,False,False,True,0.2849462365591398,0.20121801466413233,0.2849462365591398,0.205315356064325,0.2849462365591398,0.205315356064325,0.2849462365591398,0.205315356064325,0.2849462365591398,0.205315356064325,0.2849462365591398,0.20121801466413225,0.7000953442998655,0.0,0.0,0.2849462365591398,0.20531535606432508,0.7178244146106615,0.0,0.0,0.004097341400192661,0.0,0.004097341400192661,0.0,0.004097341400192661,0.0,0.004097341400192828,0.0,0.017729070310795958,0.0,0.0,,,,,,,,,
37,118,order1,clean,35,False,False,True,0.7377049180327869,0.4258341761184688,0.7377049180327869,0.25544059545076153,0.7377049180327869,0.25544059545076153,0.7377049180327869,0.25544059545076153,0.7377049180327869,0.25544059545076153,0.7377049180327869,0.4258341761184688,0.5784566618378261,1.0,0.0,0.7377049180327869,0.2554405954507615,0.3484294307978463,0.0,0.0,-0.17039358066770727,0.0,-0.17039358066770727,0.0,-0.17039358066770727,0.0,-0.17039358066770732,0.0,-0.2300272310399798,-1.0,0.0,,,,,,,,,
41,98,order1,clean,36,True,True,True,0.07672634271099744,0.05869021923867764,0.07672634271099744,0.05807162902100583,0.07672634271099744,0.05807162902100583,0.07371007371007371,0.05578871485801788,0.07672634271099744,0.058075641285251285,0.07672634271099744,0.058690219238677635,0.5087884692020858,0.0,0.0,0.07371007371007371,0.05578871485801788,0.7252445495665167,0.0,0.0,-0.0006185902176718133,0.0,-0.0006185902176718133,-0.0022829141629879465,-0.00290150438065976,4.012264245456532e-06,-0.002901504380659753,-0.0030162690009237353,0.21645608036443098,0.0,0.0,"[0.05807162902100583,0.044656320825663495,0.028154204262193526,0.0,0.0,0.05928461343919916,0.05690728558198817,0.05578871485801788]","[0.07672634271099744,0.058823529411764705,0.036855036855036855,0.0,0.0,0.0783289817232376,0.07518796992481203,0.07371007371007371]","[0.35380377096412735,0.34063022630056944,0.35176148705402854,0.3257490189906949,0.13004308296070288,0.33874829134863255,0.36885925057962216,0.3798454245137328]",7,0.05928461343919916,0.0783289817232376,False,0.8472302779249188,0.10798826155705048
13,107,order1,clean,37,False,False,True,0.5301204819277109,0.297396993629026,0.5301204819277109,0.2722641738570123,0.5301204819277109,0.2722641738570123,0.5301204819277109,0.2722641738570123,0.5301204819277109,0.2722641738570123,0.5301204819277109,0.2973969936290261,0.5555965468830377,0.0,0.0,0.5301204819277109,0.27226417385701235,0.5084197408149136,0.0,0.0,-0.025132819772013704,0.0,-0.025132819772013704,0.0,-0.025132819772013704,0.0,-0.02513281977201376,0.0,-0.04717680606812413,0.0,0.0,,,,,,,,,
77,101,order1,clean,38,False,False,True,0.890295358649789,0.5375115740392152,0.890295358649789,0.5681623725439243,0.890295358649789,0.5681623725439243,0.890295358649789,0.5681623725439243,0.890295358649789,0.5681623725439243,0.890295358649789,0.5375115740392151,0.6079372626469639,1.0,1.0,0.890295358649789,0.5681623725439242,0.6415635275584441,1.0,1.0,0.030650798504709087,0.0,0.030650798504709087,0.0,0.030650798504709087,0.0,0.030650798504709087,0.0,0.03362626491148024,0.0,0.0,,,,,,,,,
111,77,order1,clean,39,False,False,True,0.8327137546468402,0.1417434518027213,0.8327137546468402,0.5829676543655157,0.8327137546468402,0.5829676543655157,0.8327137546468402,0.5829676543655157,0.8327137546468402,0.5829676543655157,0.8327137546468402,0.14174345180272133,0.19025246822142405,0.0,0.0,0.8327137546468402,0.5829676543655159,0.6996052408246607,1.0,1.0,0.4412242025627944,0.0,0.4412242025627944,0.0,0.4412242025627944,0.0,0.4412242025627946,0.0,0.5093527726032366,1.0,1.0,,,,,,,,,
108,33,order1,clean,40,True,True,True,0.6735537190082644,0.37866118891133044,0.6735537190082644,0.37189618836463406,0.6735537190082644,0.37189618836463406,0.7520661157024794,0.4141537797956559,0.6735537190082644,0.3719963637111631,0.6735537190082644,0.3786611889113303,0.5609866084369657,1.0,0.0,0.7520661157024794,0.41415377979565615,0.5502936130778482,1.0,0.0,-0.006765000546696376,0.0,-0.006765000546696376,0.04225759143102181,0.03549259088432544,0.00010017534652906335,0.035492590884325825,0.07851239669421495,-0.010692995359117496,0.0,0.0,"[0.37189618836463406,0.397719105994241,0.3908751089152925,0.21060615062491386,0.4141537797956559,0.3448232857633772,0.38400465406340506,0.35071342349531054]","[0.6735537190082644,0.7222222222222222,0.7107438016528925,0.37857142857142856,0.7520661157024794,0.6245210727969349,0.6973180076628352,0.6322314049586777]","[0.35269134032440036,0.3658090849060118,0.3579639522342688,0.29366707195600356,0.3738030651649887,0.3251451191998017,0.3533251389633899,0.36500588754846114]",4,0.4141537797956559,0.7520661157024794,True,0.8594318858829609,0.7613001144999384
79,84,order1,clean,41,False,False,True,0.8895348837209303,0.22786496018984093,0.8895348837209303,0.23220455081322885,0.8895348837209303,0.23220455081322885,0.8895348837209303,0.23220455081322885,0.8895348837209303,0.23220455081322885,0.8895348837209303,0.22786496018984098,0.2560202402056008,0.0,0.0,0.8895348837209303,0.232204550813229,0.2607481440273515,0.0,0.0,0.004339590623387929,0.0,0.004339590623387929,0.0,0.004339590623387929,0.0,0.004339590623388012,0.0,0.004727903821750701,0.0,0.0,,,,,,,,,
40,26,order1,clean,42,False,False,True,0.342911877394636,0.14432490800961265,0.342911877394636,0.01859502575007669,0.342911877394636,0.01859502575007669,0.342911877394636,0.01859502575007669,0.342911877394636,0.01859502575007669,0.342911877394636,0.1443249080096127,0.4085156323768635,0.0,0.0,0.342911877394636,0.018595025750076693,0.16340690608052852,0.0,0.0,-0.12572988225953596,0.0,-0.12572988225953596,0.0,-0.12572988225953596,0.0,-0.12572988225953602,0.0,-0.24510872629633498,0.0,0.0,,,,,,,,,
127,2,order1,clean,43,False,False,True,0.3333333333333333,0.15028470927788676,0.3333333333333333,0.18272977491192474,0.3333333333333333,0.18272977491192474,0.3333333333333333,0.18272977491192474,0.3333333333333333,0.18272977491192474,0.3333333333333333,0.15028470927788676,0.43601934667225783,0.0,0.0,0.3333333333333333,0.18272977491192477,0.5124938619164082,0.0,0.0,0.032445065634037984,0.0,0.032445065634037984,0.0,0.032445065634037984,0.0,0.03244506563403801,0.0,0.07647451524415039,0.0,0.0,,,,,,,,,
25,34,order1,clean,44,True,True,True,0.46996466431095407,0.23134113063052908,0.46996466431095407,0.24107863773083477,0.46996466431095407,0.24107863773083477,0.4276315789473684,0.21927357324152166,0.46996466431095407,0.24078877477203547,0.46996466431095407,0.23134113063052913,0.4929934245523907,0.0,0.0,0.4276315789473684,0.21927357324152172,0.5143429481787769,0.0,0.0,0.009737507100305687,0.0,0.009737507100305687,-0.021805064489313103,-0.012067557389007416,-0.0002898629587992918,-0.012067557389007416,-0.042333085363585654,0.021349523626386202,0.0,0.0,"[0.24107863773083477,0.213203920243207,0.21927357324152166,0.2265963825824275,0.24899727911615416,0.2266619750093895,0.23364813177337754,0.2584289942341903]","[0.46996466431095407,0.415625,0.4276315789473684,0.42857142857142855,0.4854014598540146,0.4418604651162791,0.4554794520547945,0.5037878787878788]","[0.2840339721310067,0.32269117942111697,0.32432922220706395,0.07210556002887437,0.29117506019286726,0.3028401810829522,0.31045408862210283,0.27829485886761063]",2,0.2584289942341903,0.5037878787878788,False,0.9134394165130881,0.37377493894933206
61,11,order1,clean,45,False,False,True,0.83,0.6482133748911335,0.83,0.650506217179724,0.83,0.650506217179724,0.83,0.650506217179724,0.83,0.650506217179724,0.83,0.6482133748911333,0.7833473411505074,1.0,1.0,0.83,0.6505062171797242,0.786647290913767,1.0,1.0,0.002292842288590502,0.0,0.002292842288590502,0.0,0.002292842288590502,0.0,0.002292842288590946,0.0,0.0032999497632595354,0.0,0.0,,,,,,,,,
102,50,order1,clean,46,False,False,False,0.23883928571428573,0.1565132254378166,0.23883928571428573,0.005034562318830242,0.23883928571428573,0.005034562318830242,0.23883928571428573,0.005034562318830242,0.23883928571428573,0.005034562318830242,0.23883928571428573,0.15651322543781662,0.2562793747051633,0.0,0.0,0.23883928571428573,0.005034562318830241,0.00796990784040971,0.0,0.0,-0.15147866311898636,0.0,-0.15147866311898636,0.0,-0.15147866311898636,0.0,-0.1514786631189864,0.0,-0.2483094668647536,0.0,0.0,,,,,,,,,
22,76,order1,clean,47,False,False,False,0.7919463087248322,0.3607295229010309,0.7919463087248322,0.36463282669432817,0.7919463087248322,0.36463282669432817,0.7919463087248322,0.36463282669432817,0.7919463087248322,0.36463282669432817,0.7919463087248322,0.3607295229010308,0.4302771283950148,1.0,0.0,0.7919463087248322,0.3646328266943281,0.43569308398523743,1.0,0.0,0.003903303793297286,0.0,0.003903303793297286,0.0,0.003903303793297286,0.0,0.0039033037932973413,0.0,0.005415955590222621,0.0,0.0,,,,,,,,,
123,68,order1,clean,48,True,True,True,0.5146443514644351,0.19221416330457886,0.5146443514644351,0.2102639750099475,0.5146443514644351,0.2102639750099475,0.6581818181818182,0.2878293042481072,0.5146443514644351,0.23231248251042694,0.5146443514644351,0.19221416330457886,0.4118907975829794,0.0,0.0,0.6581818181818182,0.28782930424810715,0.4364324562551263,0.0,0.0,0.01804981170536865,0.0,0.01804981170536865,0.0775653292381597,0.09561514094352835,0.02204850750047943,0.0956151409435283,0.1435374667173831,0.02454165867214686,0.0,0.0,"[0.2102639750099475,0.09957722672634295,0.2878293042481072,0.22535017949496616,0.25143669374492106,0.2694769946414176,0.21754584427436127,0.23373530245291838]","[0.5146443514644351,0.3179916317991632,0.6581818181818182,0.5515695067264574,0.5774058577405857,0.6188340807174888,0.5324675324675324,0.5720930232558139]","[0.26032363738802927,0.24583676920580505,0.37894636739527887,0.27871964590045434,0.2839181183722346,0.30405779552776835,0.26990941467103646,0.2652059660992202]",2,0.2878293042481072,0.6581818181818182,True,0.7949004477658399,0.7949004477658399
62,104,order1,clean,49,False,False,True,0.8840579710144928,0.006643316153070181,0.8840579710144928,0.0074225150091427996,0.8840579710144928,0.0074225150091427996,0.8840579710144928,0.0074225150091427996,0.8840579710144928,0.0074225150091427996,0.8840579710144928,0.006643316153070181,0.0074737306722039544,0.0,0.0,0.8840579710144928,0.007422515009142799,0.008350329385285649,0.0,0.0,0.0007791988560726182,0.0,0.0007791988560726182,0.0,0.0007791988560726182,0.0,0.0007791988560726174,0.0,0.0008765987130816945,0.0,0.0,,,,,,,,,
84,30,order1,clean,50,False,False,False,0.2962962962962963,0.19393792534903764,0.2962962962962963,0.17317596004085287,0.2962962962962963,0.17317596004085287,0.2962962962962963,0.17317596004085287,0.2962962962962963,0.17317596004085287,0.2962962962962963,0.19393792534903773,0.6496744414483344,0.0,0.0,0.2962962962962963,0.17317596004085292,0.586704057346263,0.0,0.0,-0.020761965308184777,0.0,-0.020761965308184777,0.0,-0.020761965308184777,0.0,-0.020761965308184804,0.0,-0.06297038410207145,0.0,0.0,,,,,,,,,
52,9,order1,clean,51,False,False,False,0.6629213483146067,0.45768063158570643,0.6629213483146067,0.4631870991322751,0.6629213483146067,0.4631870991322751,0.6629213483146067,0.4631870991322751,0.6629213483146067,0.4631870991322751,0.6629213483146067,0.45768063158570654,0.6901793710962772,1.0,0.0,0.6629213483146067,0.4631870991322751,0.6983769278215216,1.0,0.0,0.005506467546568694,0.0,0.005506467546568694,0.0,0.005506467546568694,0.0,0.005506467546568583,0.0,0.00819755672524436,0.0,0.0,,,,,,,,,
101,120,order1,clean,52,True,True,False,0.6092436974789915,0.3827677834009576,0.6092436974789915,0.3963123680071485,0.6092436974789915,0.3963123680071485,0.6722689075630253,0.43723187090309945,0.6092436974789915,0.3993019895460221,0.6092436974789915,0.38276778340095746,0.6227831967967723,1.0,0.0,0.6722689075630253,0.4372318709030994,0.6482095474630302,1.0,0.0,0.013544584606190901,0.0,0.013544584606190901,0.04091950289595098,0.05446408750214188,0.0029896215388736103,0.054464087502141934,0.06302521008403372,0.02542635066625787,0.0,0.0,"[0.3963123680071485,0.3489593168534341,0.0,0.4100971460247884,0.3834241609174851,0.3728155872952622,0.43723187090309945,0.3770192515969988]","[0.6092436974789915,0.5347826086956522,0.0,0.6304347826086957,0.5894308943089431,0.5731225296442688,0.6722689075630253,0.5798319327731093]","[0.3781643268681541,0.33142524311636895,0.06837861471500624,0.39172786077941774,0.3655086308955785,0.35510999378467306,0.4178561310866855,0.3596414848995061]",6,0.43723187090309945,0.6722689075630253,True,0.9787126674397889,0.9583429433233727
17,117,order1,clean,53,False,False,True,0.35435435435435436,0.2302637540100395,0.35435435435435436,0.244762740731243,0.35435435435435436,0.244762740731243,0.35435435435435436,0.244762740731243,0.35435435435435436,0.244762740731243,0.35435435435435436,0.2302637540100394,0.6628667253042259,0.0,0.0,0.35435435435435436,0.244762740731243,0.7019087879256618,0.0,0.0,0.014498986721203477,0.0,0.014498986721203477,0.0,0.014498986721203477,0.0,0.014498986721203588,0.0,0.03904206262143595,0.0,0.0,,,,,,,,,
7,61,order1,clean,54,False,False,True,0.4492753623188406,0.2804416420927427,0.4492753623188406,0.2882890521030078,0.4492753623188406,0.2882890521030078,0.4492753623188406,0.2882890521030078,0.4492753623188406,0.2882890521030078,0.4492753623188406,0.28044164209274275,0.6245445167572092,0.0,0.0,0.4492753623188406,0.28828905210300787,0.6418530096307529,0.0,0.0,0.007847410010265121,0.0,0.007847410010265121,0.0,0.007847410010265121,0.0,0.007847410010265121,0.0,0.017308492873543635,0.0,0.0,,,,,,,,,
50,18,order1,clean,55,False,False,False,0.7358490566037735,0.45500892592238606,0.7358490566037735,0.4743734349538856,0.7358490566037735,0.4743734349538856,0.7358490566037735,0.4743734349538856,0.7358490566037735,0.4743734349538856,0.7358490566037735,0.455008925922386,0.6320960050711157,1.0,0.0,0.7358490566037735,0.47437343495388534,0.6457985335070866,1.0,0.0,0.019364509031499555,0.0,0.019364509031499555,0.0,0.019364509031499555,0.0,0.019364509031499333,0.0,0.013702528435970862,0.0,0.0,,,,,,,,,
4,78,order1,clean,56,True,True,False,0.5516129032258065,0.18079295818050103,0.5516129032258065,0.14493522314042934,0.5516129032258065,0.14493522314042934,0.42276422764227645,0.18264194785989063,0.5516129032258065,0.14504632289353053,0.5516129032258065,0.18079295818050106,0.32822593319445065,0.0,0.0,0.42276422764227645,0.18264194785989063,0.26389007203522785,0.0,0.0,-0.0358577350400717,0.0,-0.0358577350400717,0.03770672471946129,0.0018489896793895955,0.00011109975310119591,0.0018489896793895677,-0.12884867558353003,-0.0643358611592228,0.0,0.0,"[0.14493522314042934,0.13656510387092125,0.18264194785989063,0.13656510387092125,0.1492688344635651,0.14040599741729093,0.12910896314233647,0.14040599741729093]","[0.5516129032258065,0.5197568389057751,0.42276422764227645,0.5197568389057751,0.5681063122923588,0.534375,0.49137931034482757,0.534375]","[0.3676460781737896,0.40123578160342294,0.4235180981307515,0.34794807569719455,0.35173516602291066,0.385324869452544,0.3797380861595273,0.33288964968872115]",2,0.18264194785989063,0.5681063122923588,True,0.9561810409813597,0.5956235420464036
46,81,order1,clean,57,False,False,False,0.24644549763033174,0.008374986714853441,0.24644549763033174,0.005017401340486912,0.24644549763033174,0.005017401340486912,0.24644549763033174,0.005017401340486912,0.24644549763033174,0.005017401340486912,0.24644549763033174,0.008374986714853445,0.0282451502915724,0.0,0.0,0.24644549763033174,0.0050174013404869116,0.016353331325259988,0.0,0.0,-0.003357585374366529,0.0,-0.003357585374366529,0.0,-0.003357585374366529,0.0,-0.003357585374366533,0.0,-0.01189181896631241,0.0,0.0,,,,,,,,,
65,85,order1,clean,58,False,False,True,0.8191489361702128,0.4702814160474324,0.8191489361702128,0.4644504562861914,0.8191489361702128,0.4644504562861914,0.8191489361702128,0.4644504562861914,0.8191489361702128,0.4644504562861914,0.8191489361702128,0.47028141604743257,0.5773505500069106,1.0,0.0,0.8191489361702128,0.4644504562861914,0.5729712238781632,1.0,0.0,-0.005830959761240984,0.0,-0.005830959761240984,0.0,-0.005830959761240984,0.0,-0.00583095976124115,0.0,-0.004379326128747363,0.0,0.0,,,,,,,,,
109,65,order1,clean,59,False,False,True,0.8277027027027027,0.4479676963173921,0.8277027027027027,0.48374630908645366,0.8277027027027027,0.48374630908645366,0.8277027027027027,0.48374630908645366,0.8277027027027027,0.48374630908645366,0.8277027027027027,0.4479676963173922,0.5506644936691744,1.0,0.0,0.8277027027027027,0.4837463090864538,0.5916606019078727,1.0,0.0,0.03577861276906158,0.0,0.03577861276906158,0.0,0.03577861276906158,0.0,0.03577861276906158,0.0,0.04099610823869837,0.0,0.0,,,,,,,,,
68,123,order1,clean,60,True,True,False,0.7578125,0.47129503144813095,0.7578125,0.48562101352120296,0.7578125,0.48562101352120296,0.6328125,0.4059502170267513,0.7578125,0.4817931274023671,0.7578125,0.4712950314481307,0.6060325321271176,1.0,0.0,0.6328125,0.4059502170267515,0.6169200888957918,1.0,0.0,0.014325982073072008,0.0,0.014325982073072008,-0.07967079649445163,-0.06534481442137963,-0.0038278861188358326,-0.06534481442137918,-0.125,0.010887556768674145,0.0,0.0,"[0.48562101352120296,0.44759139973024836,0.4059502170267513,0.12850742281697264,0.5053617051277559,0.5235309032442178,0.5405173020062085,0.5448126472785356]","[0.7578125,0.6953125,0.6328125,0.203125,0.7886178861788617,0.8203125,0.8434782608695652,0.8536585365853658]","[0.4785307259813733,0.4748838749558975,0.5128745849523694,0.3385216005887186,0.5000111324810702,0.45076209301889264,0.48736481306962515,0.46970167675918223]",2,0.5448126472785356,0.8536585365853658,False,0.8623882306143226,0.6736006056241244
21,115,order1,clean,61,False,False,False,0.8900804289544236,0.5274337882147727,0.8900804289544236,0.5753396312754057,0.8900804289544236,0.5753396312754057,0.8900804289544236,0.5753396312754057,0.8900804289544236,0.5753396312754057,0.8900804289544236,0.5274337882147722,0.5913479676137262,1.0,1.0,0.8900804289544236,0.5753396312754053,0.6436855293613734,1.0,1.0,0.04790584306063295,0.0,0.04790584306063295,0.0,0.04790584306063295,0.0,0.04790584306063317,0.0,0.05233756174764714,0.0,0.0,,,,,,,,,
125,122,order1,clean,62,False,False,False,0.38338658146964855,0.2610328083135998,0.38338658146964855,0.27390698923648316,0.38338658146964855,0.27390698923648316,0.38338658146964855,0.27390698923648316,0.38338658146964855,0.27390698923648316,0.38338658146964855,0.2610328083135997,0.6805700405729496,0.0,0.0,0.38338658146964855,0.2739069892364832,0.7140375625680444,0.0,0.0,0.012874180922883338,0.0,0.012874180922883338,0.0,0.012874180922883338,0.0,0.012874180922883505,0.0,0.03346752199509484,0.0,0.0,,,,,,,,,
30,0,order1,clean,63,False,False,True,0.7095588235294118,0.5475705511631079,0.7095588235294118,0.5699992903249638,0.7095588235294118,0.5699992903249638,0.7095588235294118,0.5699992903249638,0.7095588235294118,0.5699992903249638,0.7095588235294118,0.5475705511631078,0.762512214144856,1.0,1.0,0.7095588235294118,0.5699992903249639,0.793858189342589,1.0,1.0,0.022428739161855837,0.0,0.022428739161855837,0.0,0.022428739161855837,0.0,0.02242873916185606,0.0,0.03134597519773297,0.0,0.0,,,,,,,,,
26,10,order1,clean,64,True,True,True,0.783410138248848,0.28128410809839616,0.783410138248848,0.27502370466854464,0.783410138248848,0.27502370466854464,0.783410138248848,0.27502370466854464,0.783410138248848,0.27881793927530646,0.783410138248848,0.28128410809839616,0.3699658293081718,0.0,0.0,0.783410138248848,0.27502370466854464,0.35988991060235637,0.0,0.0,-0.006260403429851513,0.0,-0.006260403429851513,0.0,-0.006260403429851513,0.003794234606761815,-0.006260403429851513,0.0,-0.010075918705815423,0.0,0.0,"[0.27502370466854464,0.2553685926196122,0.24741005770473606,0.08911196459423111,0.2679156313327089,0.2869237688128567,0.23943786181801743,0.26641819518488385]","[0.783410138248848,0.7373271889400922,0.7259615384615384,0.18269230769230768,0.7740384615384616,0.8173076923076923,0.695852534562212,0.7692307692307693]","[0.4709458418652521,0.46452365398508516,0.4150477618446619,0.11548081664390836,0.4224261526282317,0.44668599724674196,0.4694792731289087,0.43978570791487354]",0,0.2869237688128567,0.8173076923076923,False,0.8731487615654793,0.6378164555661048
98,44,order1,clean,65,False,False,True,0.5496894409937888,0.1799587796013796,0.5496894409937888,0.16516168391124136,0.5496894409937888,0.16516168391124136,0.5496894409937888,0.16516168391124136,0.5496894409937888,0.16516168391124136,0.5496894409937888,0.17995877960137965,0.3255434102901362,0.0,0.0,0.5496894409937888,0.1651616839112413,0.2988211046569361,0.0,0.0,-0.014797095690138234,0.0,-0.014797095690138234,0.0,-0.014797095690138234,0.0,-0.014797095690138345,0.0,-0.026722305633200105,0.0,0.0,,,,,,,,,
5,49,order1,clean,66,False,False,False,0.4148936170212766,0.22346038154999232,0.4148936170212766,0.22598968969490388,0.4148936170212766,0.22598968969490388,0.4148936170212766,0.22598968969490388,0.4148936170212766,0.22598968969490388,0.4148936170212766,0.2234603815499923,0.4161310324531749,0.0,0.0,0.4148936170212766,0.22598968969490396,0.4239107831842352,0.0,0.0,0.002529308144911563,0.0,0.002529308144911563,0.0,0.002529308144911563,0.0,0.002529308144911674,0.0,0.007779750731060298,0.0,0.0,,,,,,,,,
31,99,order1,clean,67,False,False,True,0.6320754716981132,0.39221898124473964,0.6320754716981132,0.39493242228887526,0.6320754716981132,0.39493242228887526,0.6320754716981132,0.39493242228887526,0.6320754716981132,0.39493242228887526,0.6320754716981132,0.3922189812447396,0.6694495067129973,1.0,0.0,0.6320754716981132,0.39493242228887543,0.6629253027174666,1.0,0.0,0.0027134410441356227,0.0,0.0027134410441356227,0.0,0.0027134410441356227,0.0,0.0027134410441358447,0.0,-0.006524203995530664,0.0,0.0,,,,,,,,,
9,114,order1,clean,68,True,True,False,0.8863636363636364,0.4913178808211239,0.8863636363636364,0.4965095031216556,0.8863636363636364,0.4965095031216556,0.8634686346863468,0.4836845344063361,0.8863636363636364,0.4999700738519577,0.8863636363636364,0.49131788082112415,0.5551667124792976,1.0,0.0,0.8634686346863468,0.4836845344063361,0.5609988743441474,1.0,0.0,0.0051916223005317175,0.0,0.0051916223005317175,-0.012824968715319518,-0.0076333464147878005,0.0034605707303020927,-0.007633346414788078,-0.022895001677289528,0.005832161864849805,0.0,0.0,"[0.4965095031216556,0.48694859692335457,0.44131881539743123,0.4698154438140397,0.5120254250942073,0.4836845344063361,0.4836845344063361,0.5264197141530806]","[0.8863636363636364,0.8773946360153256,0.8376068376068376,0.8387096774193549,0.9140625,0.8634686346863468,0.8634686346863468,0.9397590361445783]","[0.49756248794982805,0.4812296185778107,0.42977375510558413,0.5281866180223607,0.5114608699165458,0.5118537486503433,0.5429404219058315,0.5242748392766589]",6,0.5264197141530806,0.9397590361445783,False,0.9538296963612114,0.8536680324606436
100,45,order1,clean,69,False,False,False,0.5028901734104047,0.2973927749289985,0.5028901734104047,0.32386842862080073,0.5028901734104047,0.32386842862080073,0.5028901734104047,0.32386842862080073,0.5028901734104047,0.32386842862080073,0.5028901734104047,0.2973927749289986,0.5896993173658324,0.0,0.0,0.5028901734104047,0.3238684286208007,0.6417075803836021,1.0,0.0,0.026475653691802215,0.0,0.026475653691802215,0.0,0.026475653691802215,0.0,0.026475653691802048,0.0,0.05200826301776973,1.0,0.0,,,,,,,,,
126,112,order1,clean,70,False,False,False,0.5817307692307693,0.2986261656263975,0.5817307692307693,0.29985579775882837,0.5817307692307693,0.29985579775882837,0.5817307692307693,0.29985579775882837,0.5817307692307693,0.29985579775882837,0.5817307692307693,0.2986261656263975,0.513790643776367,0.0,0.0,0.5817307692307693,0.2998557977588285,0.5161923643882359,0.0,0.0,0.00122963213243088,0.0,0.00122963213243088,0.0,0.00122963213243088,0.0,0.0012296321324309911,0.0,0.0024017206118689405,0.0,0.0,,,,,,,,,
55,16,order1,clean,71,False,False,True,0.8383838383838383,0.4988404863199849,0.8383838383838383,0.4985235076162793,0.8383838383838383,0.4985235076162793,0.8383838383838383,0.4985235076162793,0.8383838383838383,0.4985235076162793,0.8383838383838383,0.4988404863199846,0.5692383588141747,1.0,0.0,0.8383838383838383,0.4985235076162792,0.5642703926999041,1.0,0.0,-0.0003169787037056171,0.0,-0.0003169787037056171,0.0,-0.0003169787037056171,0.0,-0.00031697870370539505,0.0,-0.004967966114270639,0.0,0.0,,,,,,,,,
27,7,order1,clean,72,True,True,False,0.7605633802816901,0.45439736991547647,0.7605633802816901,0.4841902749005876,0.7605633802816901,0.4841902749005876,0.8092485549132948,0.515881747127985,0.7605633802816901,0.5043268031581847,0.7605633802816901,0.45439736991547647,0.5876720740890782,1.0,0.0,0.8092485549132948,0.5158817471279855,0.6266255766217566,1.0,1.0,0.029792904985111113,0.0,0.029792904985111113,0.03169147222739738,0.06148437721250849,0.020136528257597097,0.061484377212509045,0.04868517463160471,0.038953502532678375,0.0,1.0,"[0.4841902749005876,0.5028030549472755,0.4220087145333538,0.37894722620258986,0.49678481962343524,0.4649719684518651,0.4709247879170098,0.515881747127985]","[0.7605633802816901,0.7887323943661971,0.6816901408450704,0.6111111111111112,0.7803468208092486,0.7352112676056338,0.7397260273972602,0.8092485549132948]","[0.5501639849477976,0.5690853392299644,0.4971841929577307,0.3865540403454701,0.5654839943984209,0.5331347660938476,0.5340868703153442,0.5849322376343401]",7,0.515881747127985,0.8092485549132948,True,0.9277256161769977,0.8736515201118435
118,67,order1,clean,73,False,False,False,0.6556603773584906,0.3757573377654463,0.6556603773584906,0.3851695837450787,0.6556603773584906,0.3851695837450787,0.6556603773584906,0.3851695837450787,0.6556603773584906,0.3851695837450787,0.6556603773584906,0.37575733776544623,0.5739617311611477,1.0,0.0,0.6556603773584906,0.38516958374507876,0.5885486060016989,1.0,0.0,0.009412245979632416,0.0,0.009412245979632416,0.0,0.009412245979632416,0.0,0.009412245979632528,0.0,0.014586874840551212,0.0,0.0,,,,,,,,,
96,47,order1,clean,74,False,False,True,0.7370030581039755,0.5570355967560761,0.7370030581039755,0.5619848548124218,0.7370030581039755,0.5619848548124218,0.7370030581039755,0.5619848548124218,0.7370030581039755,0.5619848548124218,0.7370030581039755,0.5570355967560765,0.7591128390435045,1.0,1.0,0.7370030581039755,0.5619848548124214,0.7666533479928105,1.0,1.0,0.004949258056345718,0.0,0.004949258056345718,0.0,0.004949258056345718,0.0,0.004949258056344941,0.0,0.007540508949306024,0.0,0.0,,,,,,,,,
24,73,order1,clean,75,False,False,True,0.6883116883116883,0.24601851112436568,0.6883116883116883,0.24261728209668798,0.6883116883116883,0.24261728209668798,0.6883116883116883,0.24261728209668798,0.6883116883116883,0.24261728209668798,0.6883116883116883,0.24601851112436565,0.30394630024207897,0.0,0.0,0.6883116883116883,0.2426172820966881,0.3048672065316638,0.0,0.0,-0.003401229027677699,0.0,-0.003401229027677699,0.0,-0.003401229027677699,0.0,-0.0034012290276775603,0.0,0.0009209062895848552,0.0,0.0,,,,,,,,,
0,71,order1,clean,76,True,True,False,0.8418367346938775,0.18908309086472358,0.8418367346938775,0.17968794134382207,0.8418367346938775,0.17968794134382207,0.8418367346938775,0.17968794134382207,0.8418367346938775,0.18023451157850243,0.8418367346938775,0.18908309086472358,0.2145639586231297,0.0,0.0,0.8418367346938775,0.17968794134382204,0.2034136756752562,0.0,0.0,-0.009395149520901508,0.0,-0.009395149520901508,0.0,-0.009395149520901508,0.0005465702346803547,-0.009395149520901536,0.0,-0.011150282947873513,0.0,0.0,"[0.17968794134382207,0.1193813331412478,0.17511961195711323,0.186641310572447,0.1940863071170559,0.1857063065528746,0.17185255754823509,0.16991378937799792]","[0.8418367346938775,0.44387755102040816,0.8061224489795918,0.8775510204081632,0.9183673469387755,0.9040404040404041,0.8010204081632653,0.7653061224489796]","[0.38581146853865556,0.2565841751046185,0.36921808728806443,0.3704039022702005,0.3542363603719333,0.3699328497870231,0.37719454336128083,0.3502542230016747]",0,0.1940863071170559,0.9183673469387755,False,0.8471388135637555,0.8471388135637555
75,40,order1,clean,77,False,False,False,0.29110512129380056,0.19280383958629227,0.29110512129380056,0.19332622652561127,0.29110512129380056,0.19332622652561127,0.29110512129380056,0.19332622652561127,0.29110512129380056,0.19332622652561127,0.29110512129380056,0.19280383958629227,0.6683781229017646,0.0,0.0,0.29110512129380056,0.19332622652561132,0.6714062986750314,0.0,0.0,0.0005223869393189973,0.0,0.0005223869393189973,0.0,0.0005223869393189973,0.0,0.0005223869393190528,0.0,0.0030281757732668613,0.0,0.0,,,,,,,,,
88,20,order1,clean,78,False,False,True,0.6535087719298246,0.24100977899285267,0.6535087719298246,0.245654590260164,0.6535087719298246,0.245654590260164,0.6535087719298246,0.245654590260164,0.6535087719298246,0.245654590260164,0.6535087719298246,0.24100977899285267,0.3681758437890512,0.0,0.0,0.6535087719298246,0.245654590260164,0.3751444854987182,0.0,0.0,0.004644811267311338,0.0,0.004644811267311338,0.0,0.004644811267311338,0.0,0.004644811267311338,0.0,0.0069686417096669895,0.0,0.0,,,,,,,,,
53,103,order1,clean,79,False,False,True,0.8092105263157895,0.49749731799806474,0.8092105263157895,0.4996132432867384,0.8092105263157895,0.4996132432867384,0.8092105263157895,0.4996132432867384,0.8092105263157895,0.4996132432867384,0.8092105263157895,0.4974973179980646,0.6072341466982412,1.0,0.0,0.8092105263157895,0.49961324328673823,0.6107275929418177,1.0,0.0,0.002115925288673659,0.0,0.002115925288673659,0.0,0.002115925288673659,0.0,0.0021159252886736035,0.0,0.0034934462435765035,0.0,0.0,,,,,,,,,
99,12,order1,clean,80,True,True,True,0.0,0.0,0.0,0.0,0.0,0.0,0.0,0.0,0.0,0.0,0.0,0.0,0.5067420498048043,0.0,0.0,0.0,0.0,0.504925142357846,0.0,0.0,0.0,0.0,0.0,0.0,0.0,0.0,0.0,0.0,-0.0018169074469582824,0.0,0.0,"[0.0,0.0,0.0,0.09567249335477442,0.0,0.0,0.0,0.0]","[0.0,0.0,0.0,0.21603563474387527,0.0,0.0,0.0,0.0]","[0.20699706919294464,0.246364609959701,0.32385025341476825,0.30886278581834004,0.21247318213455693,0.18688224299733872,0.1959432002335733,0.20713497518852808]",2,0.09567249335477442,0.21603563474387527,False,0.7832071701152212,0.0
72,21,order1,clean,81,False,False,True,0.7905604719764012,0.4637424924699589,0.7905604719764012,0.4796103569711945,0.7905604719764012,0.4796103569711945,0.7905604719764012,0.4796103569711945,0.7905604719764012,0.4796103569711945,0.7905604719764012,0.46374249246995874,0.5864823649230294,1.0,0.0,0.7905604719764012,0.4796103569711946,0.6064688108888576,1.0,0.0,0.015867864501235562,0.0,0.015867864501235562,0.0,0.015867864501235562,0.0,0.01586786450123584,0.0,0.019986445965828215,0.0,0.0,,,,,,,,,
110,93,order1,clean,82,False,False,True,0.8761329305135952,0.5793626088468441,0.8761329305135952,0.5716863708549577,0.8761329305135952,0.5716863708549577,0.8761329305135952,0.5716863708549577,0.8761329305135952,0.5716863708549577,0.8761329305135952,0.5793626088468448,0.6674389100440012,1.0,1.0,0.8761329305135952,0.5716863708549578,0.6595996259675717,1.0,1.0,-0.0076762379918864365,0.0,-0.0076762379918864365,0.0,-0.0076762379918864365,0.0,-0.007676237991886992,0.0,-0.007839284076429531,0.0,0.0,,,,,,,,,
56,72,order1,clean,83,False,False,True,0.8660714285714286,0.4879364376452794,0.8660714285714286,0.48304704132402143,0.8660714285714286,0.48304704132402143,0.8660714285714286,0.48304704132402143,0.8660714285714286,0.48304704132402143,0.8660714285714286,0.4879364376452792,0.5728188570685501,1.0,0.0,0.8660714285714286,0.48304704132402143,0.5672888671422227,1.0,0.0,-0.004889396321257955,0.0,-0.004889396321257955,0.0,-0.004889396321257955,0.0,-0.0048893963212577884,0.0,-0.005529989926327361,0.0,0.0,,,,,,,,,
19,31,order1,clean,84,True,True,False,0.46866485013623976,0.015752644630053873,0.46866485013623976,0.009984527446491712,0.46866485013623976,0.009984527446491712,0.5181818181818182,0.010627642744695787,0.46866485013623976,0.007343078505575776,0.46866485013623976,0.015752644630053873,0.036754199656868505,0.0,0.0,0.5181818181818182,0.010627642744695787,0.025071679190238394,0.0,0.0,-0.005768117183562162,0.0,-0.005768117183562162,0.0006431152982040757,-0.005125001885358086,-0.0026414489409159357,-0.005125001885358086,0.049516968045578424,-0.011682520466630111,0.0,0.0,"[0.009984527446491712,0.00949306106959186,0.010627642744695787,0.0105296596921335,0.0105296596921335,0.010809208179535275,0.011137755540615375,0.010235535119727537]","[0.46866485013623976,0.44559585492227977,0.5181818181818182,0.4942528735632184,0.4942528735632184,0.5073746312684366,0.5227963525835866,0.48044692737430167]","[0.23001693053203243,0.2321694314793771,0.23971884846170305,0.23016308244595532,0.21810869707124597,0.2345927051441364,0.2141888069251549,0.22543344265088106]",2,0.011137755540615375,0.5227963525835866,False,0.9564711992130723,0.2523959145390276
90,111,order1,clean,85,False,False,True,0.7164179104477612,0.42036276194777084,0.7164179104477612,0.4306272717467723,0.7164179104477612,0.4306272717467723,0.7164179104477612,0.4306272717467723,0.7164179104477612,0.4306272717467723,0.7164179104477612,0.42036276194777084,0.592869854281743,1.0,0.0,0.7164179104477612,0.4306272717467724,0.605938165781549,1.0,0.0,0.010264509799001453,0.0,0.010264509799001453,0.0,0.010264509799001453,0.0,0.010264509799001564,0.0,0.013068311499806029,0.0,0.0,,,,,,,,,
95,35,order1,clean,86,False,False,True,0.3372093023255814,0.13921679121174568,0.3372093023255814,0.13612907885767705,0.3372093023255814,0.13612907885767705,0.3372093023255814,0.13612907885767705,0.3372093023255814,0.13612907885767705,0.3372093023255814,0.13921679121174574,0.3446163022043801,0.0,0.0,0.3372093023255814,0.13612907885767703,0.34846280181101597,0.0,0.0,-0.003087712354068628,0.0,-0.003087712354068628,0.0,-0.003087712354068628,0.0,-0.0030877123540687113,0.0,0.003846499606635856,0.0,0.0,,,,,,,,,
11,28,order1,clean,87,False,False,False,0.47216035634743875,0.2800129645255015,0.47216035634743875,0.2986878882575194,0.47216035634743875,0.2986878882575194,0.47216035634743875,0.2986878882575194,0.47216035634743875,0.2986878882575194,0.47216035634743875,0.2800129645255014,0.6021371689284626,0.0,0.0,0.47216035634743875,0.2986878882575194,0.6421161385438015,0.0,0.0,0.0186749237320179,0.0,0.0186749237320179,0.0,0.0186749237320179,0.0,0.01867492373201801,0.0,0.039978969615338866,0.0,0.0,,,,,,,,,
81,75,order1,clean,88,True,True,True,0.24316939890710382,0.05866280380394879,0.24316939890710382,0.0690292086640124,0.24316939890710382,0.0690292086640124,0.2109004739336493,0.05986893452850364,0.24316939890710382,0.07050742970938603,0.24316939890710382,0.05866280380394877,0.3623146524359551,0.0,0.0,0.2109004739336493,0.05986893452850362,0.38896518848990697,0.0,0.0,0.010366404860063606,0.0,0.010366404860063606,-0.009160274135508753,0.0012061307245548533,0.0014782210453736372,0.0012061307245548533,-0.032268924973454516,0.026650536053951845,0.0,0.0,"[0.0690292086640124,0.0862692851639296,0.10750932072778101,0.05986893452850364,0.07280890596838195,0.07702649503362359,0.10255762038472158,0.10817316732221353]","[0.24316939890710382,0.27049180327868855,0.37872340425531914,0.2109004739336493,0.2564841498559078,0.27134146341463417,0.29508196721311475,0.3112391930835735]","[0.15634117005737275,0.15260285353973804,0.1257131437277383,0.19904179340164782,0.1559779476494265,0.16535272746414267,0.15266029979649365,0.14697010264839577]",3,0.10817316732221353,0.37872340425531914,False,0.8665470838653362,0.0
45,110,order1,clean,89,False,False,True,0.5028901734104047,0.22054599635683575,0.5028901734104047,0.22456637848030278,0.5028901734104047,0.22456637848030278,0.5028901734104047,0.22456637848030278,0.5028901734104047,0.22456637848030278,0.5028901734104047,0.22054599635683567,0.4375278339843707,0.0,0.0,0.5028901734104047,0.2245663784803028,0.44555464238926384,0.0,0.0,0.004020382123467031,0.0,0.004020382123467031,0.0,0.004020382123467031,0.0,0.004020382123467142,0.0,0.008026808404893171,0.0,0.0,,,,,,,,,
107,56,order1,clean,90,False,False,True,0.7,0.4600014618566447,0.7,0.49464896203835407,0.7,0.49464896203835407,0.7,0.49464896203835407,0.7,0.49464896203835407,0.7,0.46000146185664476,0.6747210988037406,1.0,0.0,0.7,0.49464896203835407,0.7145380409569426,1.0,0.0,0.03464750018170937,0.0,0.03464750018170937,0.0,0.03464750018170937,0.0,0.03464750018170931,0.0,0.03981694215320197,0.0,0.0,,,,,,,,,
114,27,order1,clean,91,False,False,False,0.5036764705882353,0.3206422895102744,0.5036764705882353,0.33005177364726646,0.5036764705882353,0.33005177364726646,0.5036764705882353,0.33005177364726646,0.5036764705882353,0.33005177364726646,0.5036764705882353,0.3206422895102744,0.6461390434581518,1.0,0.0,0.5036764705882353,0.33005177364726657,0.6652902855465077,1.0,0.0,0.009409484136992052,0.0,0.009409484136992052,0.0,0.009409484136992052,0.0,0.009409484136992163,0.0,0.019151242088355946,0.0,0.0,,,,,,,,,
43,57,order1,clean,92,True,True,True,0.723404255319149,0.5214905574670688,0.723404255319149,0.5180133788416759,0.723404255319149,0.5180133788416759,0.723404255319149,0.5180133788416759,0.723404255319149,0.517284953906286,0.723404255319149,0.5214905574670691,0.7213663069112217,1.0,1.0,0.723404255319149,0.5180133788416755,0.7166970192285018,1.0,1.0,-0.003477178625392985,0.0,-0.003477178625392985,0.0,-0.003477178625392985,-0.0007284249353898264,-0.00347717862539354,0.0,-0.004669287682719903,0.0,0.0,"[0.5180133788416759,0.5410361956790837,0.49686997562364826,0.5629278336545379,0.4298491492468174,0.5410361956790837,0.5629278336545379,0.5180133788416759]","[0.723404255319149,0.7555555555555555,0.6938775510204082,0.7861271676300579,0.6397058823529411,0.7555555555555555,0.7861271676300579,0.723404255319149]","[0.284231804135942,0.2921291571660138,0.29908107361441905,0.25638942386379754,0.2308426233296236,0.2693825346574649,0.29940830906641297,0.3073910121525296]",7,0.5629278336545379,0.7861271676300579,False,0.92037485524038,0.4987391574800428
8,41,order1,clean,93,False,False,False,0.7818696883852692,0.457447050620235,0.7818696883852692,0.512674109651504,0.7818696883852692,0.512674109651504,0.7818696883852692,0.512674109651504,0.7818696883852692,0.512674109651504,0.7818696883852692,0.4574470506202353,0.5851346190171492,1.0,0.0,0.7818696883852692,0.5126741096515042,0.6557838152442373,1.0,1.0,0.055227059031268955,0.0,0.055227059031268955,0.0,0.055227059031268955,0.0,0.0552270590312689,0.0,0.0706491962270881,0.0,1.0,,,,,,,,,
71,105,order1,clean,94,False,False,False,0.1328125,0.07188263458481788,0.1328125,0.07904370797382182,0.1328125,0.07904370797382182,0.1328125,0.07904370797382182,0.1328125,0.07904370797382182,0.1328125,0.07188263458481786,0.5638250866176132,0.0,0.0,0.1328125,0.07904370797382179,0.6092539698740571,0.0,0.0,0.007161073389003944,0.0,0.007161073389003944,0.0,0.007161073389003944,0.0,0.00716107338900393,0.0,0.0454288832564439,0.0,0.0,,,,,,,,,
115,24,order1,clean,95,False,False,True,0.41638225255972694,0.10226847470311551,0.41638225255972694,0.11069154732113999,0.41638225255972694,0.11069154732113999,0.41638225255972694,0.11069154732113999,0.41638225255972694,0.11069154732113999,0.41638225255972694,0.10226847470311548,0.2485710082376486,0.0,0.0,0.41638225255972694,0.11069154732113999,0.2687728603663385,0.0,0.0,0.008423072618024482,0.0,0.008423072618024482,0.0,0.008423072618024482,0.0,0.00842307261802451,0.0,0.020201852128689912,0.0,0.0,,,,,,,,,
42,42,order1,clean,96,True,False,True,0.5739514348785872,0.08059189121835764,0.5739514348785872,0.07998122758728111,0.5739514348785872,0.07998122758728111,0.6132075471698113,0.08545164173829799,0.5739514348785872,0.07998122758728111,0.5739514348785872,0.08059189121835764,0.13987788016059774,0.0,0.0,0.6132075471698113,0.085451641738298,0.1388179927089592,0.0,0.0,-0.0006106636310765218,0.0,-0.0006106636310765218,0.0054704141510168725,0.004859750519940351,0.0,0.0048597505199403646,0.039256112291224055,-0.0010598874516385415,0.0,0.0,"[0.07998122758728111,0.07741772670307338,0.0013959560162024299,0.09410778207022946,0.08545164173829799,0.09035285809735248,0.09339642457360717,0.08709494254095757]","[0.5739514348785872,0.5555555555555556,0.16363636363636364,0.6753246753246753,0.6132075471698113,0.6483790523690773,0.6422976501305483,0.625]","[0.5165445461666472,0.49998863122540854,0.14933091090100936,0.47864979790313333,0.5275730116224516,0.498720859941828,0.4585787358644387,0.5175374806031042]",4,0.09410778207022946,0.6753246753246753,False,0.835842271418021,0.6043980191316893
121,64,order1,clean,97,False,False,False,0.7185929648241206,0.44989766081432625,0.7185929648241206,0.504207192287668,0.7185929648241206,0.504207192287668,0.7185929648241206,0.504207192287668,0.7185929648241206,0.504207192287668,0.7185929648241206,0.44989766081432603,0.6261121139382134,1.0,0.0,0.7185929648241206,0.504207192287668,0.7012560650602224,1.0,1.0,0.05430953147334172,0.0,0.05430953147334172,0.0,0.05430953147334172,0.0,0.05430953147334194,0.0,0.075143951122009,0.0,1.0,,,,,,,,,
124,88,order1,clean,98,False,False,True,0.4232209737827715,0.19560140484516803,0.4232209737827715,0.2218505735682598,0.4232209737827715,0.2218505735682598,0.4232209737827715,0.2218505735682598,0.4232209737827715,0.2218505735682598,0.4232209737827715,0.195601404845168,0.4581190797689461,0.0,0.0,0.4232209737827715,0.2218505735682599,0.5203697516673533,0.0,0.0,0.02624916872309177,0.0,0.02624916872309177,0.0,0.02624916872309177,0.0,0.02624916872309191,0.0,0.06225067189840722,0.0,0.0,,,,,,,,,
113,52,order1,clean,99,False,False,False,0.9262295081967213,0.616472805107991,0.9262295081967213,0.6580875839839619,0.9262295081967213,0.6580875839839619,0.9262295081967213,0.6580875839839619,0.9262295081967213,0.6580875839839619,0.9262295081967213,0.6164728051079911,0.6664689917562194,1.0,1.0,0.9262295081967213,0.6580875839839622,0.7107872803214085,1.0,1.0,0.04161477887597098,0.0,0.04161477887597098,0.0,0.04161477887597098,0.0,0.04161477887597109,0.0,0.044318288565189046,0.0,0.0,,,,,,,,,
16,46,order1,clean,100,True,True,True,0.5458333333333333,0.4169476373116081,0.5458333333333333,0.42806971653848375,0.5458333333333333,0.42806971653848375,0.6179245283018868,0.4846072262699816,0.5458333333333333,0.43344108464560355,0.5458333333333333,0.4169476373116082,0.7638936140485415,1.0,0.0,0.6179245283018868,0.48460722626998154,0.7843485070966877,1.0,0.0,0.011122079226875636,0.0,0.011122079226875636,0.05653750973149785,0.06765958895837348,0.0053713681071198005,0.06765958895837332,0.07209119496855354,0.020454893048146183,0.0,0.0,"[0.42806971653848375,0.44474775744258055,0.42806971653848375,0.4846072262699816,0.47453455874935846,0.4371775828478132,0.4457125031203302,0.45458730959838983]","[0.5458333333333333,0.5670995670995671,0.5458333333333333,0.6179245283018868,0.605080831408776,0.5574468085106383,0.5683297180043384,0.5796460176991151]","[0.30853863450215613,0.32055962026198037,0.30853863450215613,0.3492890201911201,0.32778789314744505,0.31510328630007434,0.32125497735582415,0.3276516472589268]",3,0.4846072262699816,0.6179245283018868,True,0.7281982525632507,0.7281982525632507
103,48,order1,clean,101,False,False,False,0.8224852071005917,0.43082194709791666,0.8224852071005917,0.5207500161422925,0.8224852071005917,0.5207500161422925,0.8224852071005917,0.5207500161422925,0.8224852071005917,0.5207500161422925,0.8224852071005917,0.4308219470979163,0.5157659117634794,1.0,0.0,0.8224852071005917,0.5207500161422923,0.6260429815899128,1.0,1.0,0.08992806904437589,0.0,0.08992806904437589,0.0,0.08992806904437589,0.0,0.089928069044376,0.0,0.11027706982643337,0.0,1.0,,,,,,,,,
6,13,order1,clean,102,False,False,True,0.4533678756476684,0.28337946606154363,0.4533678756476684,0.305261719182897,0.4533678756476684,0.305261719182897,0.4533678756476684,0.305261719182897,0.4533678756476684,0.305261719182897,0.4533678756476684,0.28337946606154363,0.6239088243286764,0.0,0.0,0.4533678756476684,0.30526171918289724,0.6719100537024609,1.0,0.0,0.02188225312135339,0.0,0.02188225312135339,0.0,0.02188225312135339,0.0,0.021882253121353612,0.0,0.04800122937378448,1.0,0.0,,,,,,,,,
29,74,order1,clean,103,False,False,True,0.29041095890410956,0.19428276126308944,0.29041095890410956,0.1885993705320715,0.29041095890410956,0.1885993705320715,0.29041095890410956,0.1885993705320715,0.29041095890410956,0.1885993705320715,0.29041095890410956,0.1942827612630894,0.6012001294443992,0.0,0.0,0.29041095890410956,0.18859937053207151,0.5840841624197832,0.0,0.0,-0.005683390731017951,0.0,-0.005683390731017951,0.0,-0.005683390731017951,0.0,-0.0056833907310178955,0.0,-0.01711596702461593,0.0,0.0,,,,,,,,,
85,127,order1,clean,104,True,True,True,0.7444444444444445,0.49872679481204063,0.7444444444444445,0.5280813170026938,0.7444444444444445,0.5280813170026938,0.6175115207373272,0.4380398021220501,0.7444444444444445,0.5322590809686001,0.7444444444444445,0.4987267948120409,0.6706490503757583,1.0,0.0,0.6175115207373272,0.4380398021220501,0.7098899871986278,1.0,0.0,0.029354522190653154,0.0,0.029354522190653154,-0.09004151488064366,-0.060686992689990504,0.0041777639659063,-0.06068699268999078,-0.12693292370711728,0.039240936822869554,0.0,0.0,"[0.5280813170026938,0.4380398021220501,0.6693988525386259,0.46132457512399727,0.5099071936851342,0.5029345876216131,0.5591449238852052,0.5404405585764596]","[0.7444444444444445,0.6175115207373272,0.9436619718309859,0.6474820143884892,0.7175141242937854,0.708994708994709,0.788235294117647,0.7604790419161677]","[0.3403994397598306,0.40029039543408496,0.2752183878211633,0.3572305871832567,0.3577854962633786,0.32613614685752085,0.3381558786187385,0.35893648258124505]",1,0.6693988525386259,0.9436619718309859,False,0.9281402938275003,0.36652594589349247
15,6,order1,clean,105,False,False,True,0.6368715083798883,0.14562256605107285,0.6368715083798883,0.13845703529160527,0.6368715083798883,0.13845703529160527,0.6368715083798883,0.13845703529160527,0.6368715083798883,0.13845703529160527,0.6368715083798883,0.14562256605107285,0.23068122107246714,0.0,0.0,0.6368715083798883,0.13845703529160527,0.22049404703001904,0.0,0.0,-0.0071655307594675755,0.0,-0.0071655307594675755,0.0,-0.0071655307594675755,0.0,-0.0071655307594675755,0.0,-0.010187174042448094,0.0,0.0,,,,,,,,,
60,83,order1,clean,106,False,False,False,0.7278481012658228,0.25301787516460683,0.7278481012658228,0.268733845413215,0.7278481012658228,0.268733845413215,0.7278481012658228,0.268733845413215,0.7278481012658228,0.268733845413215,0.7278481012658228,0.2530178751646069,0.34643130908157715,0.0,0.0,0.7278481012658228,0.26873384541321493,0.36811890873674874,0.0,0.0,0.015715970248608158,0.0,0.015715970248608158,0.0,0.015715970248608158,0.0,0.015715970248608047,0.0,0.021687599655171585,0.0,0.0,,,,,,,,,
122,19,order1,clean,107,False,False,True,0.8641114982578397,0.2612945805863007,0.8641114982578397,0.29264403884787094,0.8641114982578397,0.29264403884787094,0.8641114982578397,0.29264403884787094,0.8641114982578397,0.29264403884787094,0.8641114982578397,0.26129458058630056,0.2969008799726667,0.0,0.0,0.8641114982578397,0.29264403884787077,0.3298109545675781,0.0,0.0,0.03134945826157026,0.0,0.03134945826157026,0.0,0.03134945826157026,0.0,0.03134945826157021,0.0,0.03291007459491141,0.0,0.0,,,,,,,,,
83,89,order1,clean,108,True,True,True,0.0,0.0,0.0,0.0,0.0,0.0,0.0,0.0,0.0,0.0,0.0,0.0,0.6125485497808583,0.0,0.0,0.0,0.0,0.5953970049152567,0.0,0.0,0.0,0.0,0.0,0.0,0.0,0.0,0.0,0.0,-0.017151544865601553,0.0,0.0,"[0.0,0.0,0.0,0.0,0.0,0.0,0.0,0.0]","[0.0,0.0,0.0,0.0,0.0,0.0,0.0,0.0]","[0.328861903218759,0.3711572778518612,0.23616104877528524,0.1656821154422513,0.3652388974537576,0.3147789571655026,0.3016838648694752,0.34705040033625834]",1,0.0,0.0,False,0.8171062503487159,0.0
89,17,order1,clean,109,False,False,False,0.0,0.0,0.0,0.0,0.0,0.0,0.0,0.0,0.0,0.0,0.0,0.0,0.32884211001937713,0.0,0.0,0.0,0.0,0.32328305216560493,0.0,0.0,0.0,0.0,0.0,0.0,0.0,0.0,0.0,0.0,-0.005559057853772198,0.0,0.0,,,,,,,,,
12,95,order1,clean,110,False,False,True,0.25680933852140075,0.05582216205112687,0.25680933852140075,0.10395523053713976,0.25680933852140075,0.10395523053713976,0.25680933852140075,0.10395523053713976,0.25680933852140075,0.10395523053713976,0.25680933852140075,0.05582216205112687,0.26184116426347526,0.0,0.0,0.25680933852140075,0.1039552305371397,0.4848299836925309,0.0,0.0,0.04813306848601289,0.0,0.04813306848601289,0.0,0.04813306848601289,0.0,0.048133068486012835,0.0,0.22298881942905563,0.0,0.0,,,,,,,,,
91,100,order1,clean,111,False,False,False,0.17696629213483145,0.10083646024933182,0.17696629213483145,0.10190061631813604,0.17696629213483145,0.10190061631813604,0.17696629213483145,0.10190061631813604,0.17696629213483145,0.10190061631813604,0.17696629213483145,0.10083646024933184,0.4186184152569804,0.0,0.0,0.17696629213483145,0.10190061631813604,0.4457829896333407,0.0,0.0,0.0010641560688042229,0.0,0.0010641560688042229,0.0,0.0010641560688042229,0.0,0.001064156068804209,0.0,0.027164574376360273,0.0,0.0,,,,,,,,,
36,53,order1,clean,112,True,True,False,0.6,0.14054543238900377,0.6,0.13829399549829197,0.6,0.13829399549829197,0.2216624685138539,0.05393903080134613,0.6,0.14550324020969307,0.6,0.14054543238900377,0.23209337458734566,0.0,0.0,0.2216624685138539,0.05393903080134611,0.2283754054100234,0.0,0.0,-0.0022514368907118054,0.0,-0.0022514368907118054,-0.08435496469694584,-0.08660640158765764,0.007209244711401108,-0.08660640158765766,-0.3783375314861461,-0.0037179691773222556,0.0,0.0,"[0.13829399549829197,0.13170856714123044,0.1525135726738906,0.05393903080134613,0.14642893640995622,0.14642893640995622,0.15558074493557847,0.12572181408935634]","[0.6,0.5714285714285714,0.6604938271604939,0.2216624685138539,0.6352941176470588,0.6352941176470588,0.675,0.5454545454545454]","[0.29988178916655395,0.315198017899559,0.2788485302079236,0.4366610990371888,0.2944363362443914,0.2828637572409928,0.2771165517594272,0.2999811647574809]",3,0.15558074493557847,0.675,False,0.8660714891221788,0.15133523890225214
120,86,order1,clean,113,False,False,False,0.6170212765957447,0.35516309556295245,0.6170212765957447,0.4025994641860092,0.6170212765957447,0.4025994641860092,0.6170212765957447,0.4025994641860092,0.6170212765957447,0.4025994641860092,0.6170212765957447,0.35516309556295245,0.5768340754648105,1.0,0.0,0.6170212765957447,0.4025994641860092,0.6530568186754983,1.0,0.0,0.04743636862305678,0.0,0.04743636862305678,0.0,0.04743636862305678,0.0,0.04743636862305678,0.0,0.07622274321068778,0.0,0.0,,,,,,,,,
1,32,order1,clean,114,False,False,False,0.7531645569620253,0.3884275627042478,0.7531645569620253,0.36572294149822293,0.7531645569620253,0.36572294149822293,0.7531645569620253,0.36572294149822293,0.7531645569620253,0.36572294149822293,0.7531645569620253,0.38842756270424766,0.5166189535210131,1.0,0.0,0.7531645569620253,0.36572294149822293,0.49082874335192234,1.0,0.0,-0.022704621206024844,0.0,-0.022704621206024844,0.0,-0.022704621206024844,0.0,-0.022704621206024733,0.0,-0.02579021016909072,0.0,0.0,,,,,,,,,
58,43,order1,clean,115,False,False,True,0.5736040609137056,0.4088633076946689,0.5736040609137056,0.4256479731708222,0.5736040609137056,0.4256479731708222,0.5736040609137056,0.4256479731708222,0.5736040609137056,0.4256479731708222,0.5736040609137056,0.4088633076946691,0.7065444878583317,1.0,0.0,0.5736040609137056,0.42564797317082204,0.7355495676723854,1.0,0.0,0.016784665476153315,0.0,0.016784665476153315,0.0,0.016784665476153315,0.0,0.016784665476152927,0.0,0.029005079814053758,0.0,0.0,,,,,,,,,
20,51,order1,clean,116,True,True,True,0.31100478468899523,0.14707668065697146,0.31100478468899523,0.16807465010660375,0.31100478468899523,0.16807465010660375,0.3827751196172249,0.18799121006441524,0.31100478468899523,0.15431802037407163,0.31100478468899523,0.14707668065697144,0.4866781728755366,0.0,0.0,0.3827751196172249,0.18799121006441524,0.505974274284604,0.0,0.0,0.02099796944963228,0.0,0.02099796944963228,0.019916559957811497,0.04091452940744378,-0.01375662973253211,0.040914529407443806,0.07177033492822965,0.019296101409067346,0.0,0.0,"[0.16807465010660375,0.15423852670585175,0.17064344218653346,0.1485523137397374,0.051776259887773804,0.18107011274371226,0.16616418598723204,0.18799121006441524]","[0.31100478468899523,0.2727272727272727,0.3444976076555024,0.2626728110599078,0.09216589861751152,0.33505154639175255,0.29381443298969073,0.3827751196172249]","[0.3136880110490633,0.2998233475772815,0.3258195915868724,0.3136880110490633,0.24956394249207245,0.3314701107923613,0.31160953003809294,0.34208384959287824]",7,0.18799121006441524,0.3827751196172249,True,0.8969145077148344,0.5678867175750211
32,96,order1,clean,117,False,False,True,0.5866666666666667,0.3441901718624456,0.5866666666666667,0.3432735557348018,0.5866666666666667,0.3432735557348018,0.5866666666666667,0.3432735557348018,0.5866666666666667,0.3432735557348018,0.5866666666666667,0.3441901718624457,0.6020967315883654,1.0,0.0,0.5866666666666667,0.343273555734802,0.6013812033990015,1.0,0.0,-0.0009166161276438212,0.0,-0.0009166161276438212,0.0,-0.0009166161276438212,0.0,-0.0009166161276437101,0.0,-0.0007155281893639343,0.0,0.0,,,,,,,,,
64,97,order1,clean,118,False,False,True,0.88,0.205583432348033,0.88,0.20380912416629685,0.88,0.20380912416629685,0.88,0.20380912416629685,0.88,0.20380912416629685,0.88,0.20558343234803278,0.22338218727284584,0.0,0.0,0.88,0.20380912416629685,0.2192855083293176,0.0,0.0,-0.0017743081817361561,0.0,-0.0017743081817361561,0.0,-0.0017743081817361561,0.0,-0.001774308181735934,0.0,-0.004096678943528248,0.0,0.0,,,,,,,,,
82,119,order1,clean,119,False,False,True,0.9314516129032258,0.5883013607067233,0.9314516129032258,0.59359052834125,0.9314516129032258,0.59359052834125,0.9314516129032258,0.59359052834125,0.9314516129032258,0.59359052834125,0.9314516129032258,0.5883013607067237,0.6339254681788844,1.0,1.0,0.9314516129032258,0.5935905283412499,0.6393349510754733,1.0,1.0,0.0052891676345266925,0.0,0.0052891676345266925,0.0,0.0052891676345266925,0.0,0.005289167634526248,0.0,0.005409482896588935,0.0,0.0,,,,,,,,,
117,59,order1,clean,120,True,True,True,0.3788546255506608,0.14689369581592646,0.3788546255506608,0.17507733964099312,0.3788546255506608,0.17507733964099312,0.35390946502057613,0.16354961357409645,0.3788546255506608,0.18541820225564862,0.3788546255506608,0.14689369581592643,0.39053670838160476,0.0,0.0,0.35390946502057613,0.16354961357409648,0.46427921832212027,0.0,0.0,0.028183643825066662,0.0,0.028183643825066662,-0.01152772606689667,0.01665591775816999,0.0103408626146555,0.016655917758170047,-0.024945160530084665,0.07374250994051551,0.0,0.0,"[0.17507733964099312,0.15833687688647585,0.16354961357409645,0.19015577080624607,0.18147285889728512,0.16911725999364016,0.16354961357409645,0.18746488725710111]","[0.3788546255506608,0.3426294820717131,0.35390946502057613,0.3875598086124402,0.3926940639269406,0.3659574468085106,0.35390946502057613,0.4056603773584906]","[0.4023859545763618,0.3858893172725322,0.39713037232726595,0.39976439821427945,0.4006988652433795,0.41656695738081506,0.43074796018526834,0.413929488152359]",6,0.19015577080624607,0.4056603773584906,False,0.9127504170547328,0.3253101158063507
116,87,order1,clean,121,False,False,True,0.7850877192982456,0.5179822328104415,0.7850877192982456,0.5200271986806808,0.7850877192982456,0.5200271986806808,0.7850877192982456,0.5200271986806808,0.7850877192982456,0.5200271986806808,0.7850877192982456,0.5179822328104414,0.6600420631485988,1.0,1.0,0.7850877192982456,0.5200271986806809,0.6625981568501638,1.0,1.0,0.0020449658702392792,0.0,0.0020449658702392792,0.0,0.0020449658702392792,0.0,0.0020449658702395013,0.0,0.0025560937015649543,0.0,0.0,,,,,,,,,
106,80,order1,clean,122,False,False,True,0.4473684210526316,0.17122753454006776,0.4473684210526316,0.09440899694649288,0.4473684210526316,0.09440899694649288,0.4473684210526316,0.09440899694649288,0.4473684210526316,0.09440899694649288,0.4473684210526316,0.1712275345400678,0.38544328852494425,0.0,0.0,0.4473684210526316,0.09440899694649285,0.21162103565137724,0.0,0.0,-0.07681853759357488,0.0,-0.07681853759357488,0.0,-0.07681853759357488,0.0,-0.07681853759357496,0.0,-0.173822252873567,0.0,0.0,,,,,,,,,
33,63,order1,clean,123,False,False,False,0.5464362850971922,0.1409000480790366,0.5464362850971922,0.21718847383320694,0.5464362850971922,0.21718847383320694,0.5464362850971922,0.21718847383320694,0.5464362850971922,0.21718847383320694,0.5464362850971922,0.14090004807903658,0.2580115538026726,0.0,0.0,0.5464362850971922,0.2171884738332069,0.3966641211491298,0.0,0.0,0.07628842575417033,0.0,0.07628842575417033,0.0,0.07628842575417033,0.0,0.07628842575417033,0.0,0.1386525673464572,0.0,0.0,,,,,,,,,
49,14,order1,clean,124,True,False,False,0.7318611987381703,0.49184621441808846,0.7318611987381703,0.43984879367109725,0.7318611987381703,0.43984879367109725,0.8517350157728707,0.44692605238089766,0.7318611987381703,0.43984879367109725,0.7318611987381703,0.49184621441808846,0.6372191457716947,1.0,0.0,0.8517350157728707,0.4469260523808981,0.5098563724618717,1.0,0.0,-0.05199742074699121,0.0,-0.05199742074699121,0.007077258709800416,-0.04492016203719079,0.0,-0.04492016203719035,0.11987381703470035,-0.12736277330982304,0.0,0.0,"[0.43984879367109725,0.42804100449748134,0.43124266754633006,0.44692605238089766,0.19346895379845913,0.42639776022549797,0.44154387530181827,0.41497639164802924]","[0.7318611987381703,0.7400611620795107,0.7675840978593272,0.8517350157728707,0.2743682310469314,0.709480122324159,0.7634069400630915,0.6904761904761905]","[0.45151158480847203,0.45611327684554026,0.4714271220412725,0.5179979949229059,0.15219557924517116,0.43909789329472665,0.4690080085227967,0.4284950970087621]",3,0.44692605238089766,0.8517350157728707,True,0.8829239611297884,0.8152333892376183
51,60,order1,clean,125,False,False,True,0.5082872928176796,0.17654954384717803,0.5082872928176796,0.17025484419708814,0.5082872928176796,0.17025484419708814,0.5082872928176796,0.17025484419708814,0.5082872928176796,0.17025484419708814,0.5082872928176796,0.176549543847178,0.3595732939901348,0.0,0.0,0.5082872928176796,0.17025484419708808,0.3236275850582583,0.0,0.0,-0.0062946996500898855,0.0,-0.0062946996500898855,0.0,-0.0062946996500898855,0.0,-0.006294699650089913,0.0,-0.03594570893187654,0.0,0.0,,,,,,,,,
97,124,order1,clean,126,False,False,True,0.28044280442804426,0.06828424480591609,0.28044280442804426,0.04845736187416167,0.28044280442804426,0.04845736187416167,0.28044280442804426,0.04845736187416167,0.28044280442804426,0.04845736187416167,0.28044280442804426,0.06828424480591606,0.217243209620191,0.0,0.0,0.28044280442804426,0.04845736187416167,0.16307262193589117,0.0,0.0,-0.01982688293175442,0.0,-0.01982688293175442,0.0,-0.01982688293175442,0.0,-0.019826882931754393,0.0,-0.05417058768429983,0.0,0.0,,,,,,,,,
76,39,order1,clean,127,False,False,False,0.7313432835820896,0.13052923962461166,0.7313432835820896,0.10094196668766538,0.7313432835820896,0.10094196668766538,0.7313432835820896,0.10094196668766538,0.7313432835820896,0.10094196668766538,0.7313432835820896,0.1305292396246117,0.18169951333277726,0.0,0.0,0.7313432835820896,0.10094196668766538,0.13986573565932858,0.0,0.0,-0.029587272936946282,0.0,-0.029587272936946282,0.0,-0.029587272936946282,0.0,-0.02958727293694631,0.0,-0.041833777673448674,0.0,0.0,,,,,,,,,
48,113,order1,frame_drop_5,0,True,False,True,0.5476190476190477,0.3325030864205824,0.5476190476190477,0.3325030864205824,0.5476190476190477,0.3325030864205824,0.5476190476190477,0.3325030864205824,0.5476190476190477,0.3325030864205824,0.5476190476190477,0.3325030864205823,0.6076202126794175,1.0,0.0,0.5476190476190477,0.3325030864205823,0.6076202126794175,1.0,0.0,0.0,0.0,0.0,0.0,0.0,0.0,0.0,0.0,0.0,0.0,0.0,"[0.3325030864205824,0.3126521558880103,0.2950379499224886,0.31610655985447855,0.3126521558880103,0.35504566855079134,0.3325030864205824,0.35504566855079134]","[0.5476190476190477,0.5149253731343284,0.4859154929577465,0.5,0.5149253731343284,0.5847457627118644,0.5476190476190477,0.5847457627118644]","[0.5198851399093218,0.48884722110876533,0.46130653259559545,0.3212665487433614,0.48884722110876533,0.5198253819158953,0.48781823800293833,0.49242644948879877]",0,0.35504566855079134,0.5847457627118644,False,0.8559175021406533,0.5698364567048066
104,66,order1,frame_drop_5,1,False,False,False,0.28735632183908044,0.2067180617651998,0.28735632183908044,0.2067180617651998,0.28735632183908044,0.2067180617651998,0.28735632183908044,0.2067180617651998,0.28735632183908044,0.2067180617651998,0.28735632183908044,0.20671806176519977,0.675977051688034,0.0,0.0,0.28735632183908044,0.20671806176519977,0.675977051688034,0.0,0.0,0.0,0.0,0.0,0.0,0.0,0.0,0.0,0.0,0.0,0.0,0.0,,,,,,,,,
57,106,order1,frame_drop_5,2,False,False,True,0.1561822125813449,0.0795946207128026,0.1561822125813449,0.0795946207128026,0.1561822125813449,0.0795946207128026,0.1561822125813449,0.0795946207128026,0.1561822125813449,0.0795946207128026,0.1561822125813449,0.07959462071280261,0.6165636819806667,0.0,0.0,0.1561822125813449,0.07959462071280261,0.6165636819806667,0.0,0.0,0.0,0.0,0.0,0.0,0.0,0.0,0.0,0.0,0.0,0.0,0.0,,,,,,,,,
18,25,order1,frame_drop_5,3,False,False,True,0.7484276729559748,0.4313401189502762,0.7484276729559748,0.4313401189502762,0.7484276729559748,0.4313401189502762,0.7484276729559748,0.4313401189502762,0.7484276729559748,0.4313401189502762,0.7484276729559748,0.4313401189502763,0.5743756966414534,1.0,0.0,0.7484276729559748,0.4313401189502763,0.5743756966414534,1.0,0.0,0.0,0.0,0.0,0.0,0.0,0.0,0.0,0.0,0.0,0.0,0.0,,,,,,,,,
23,36,order1,frame_drop_5,4,True,False,True,0.21465968586387435,0.08384844731372446,0.21465968586387435,0.08384844731372446,0.21465968586387435,0.08384844731372446,0.29906542056074764,0.10247276610329514,0.21465968586387435,0.08384844731372446,0.21465968586387435,0.08384844731372446,0.34064726220113484,0.0,0.0,0.29906542056074764,0.1024727661032951,0.34064726220113484,0.0,0.0,0.0,0.0,0.0,0.018624318789570687,0.018624318789570687,0.0,0.018624318789570646,0.08440573469687329,0.0,0.0,0.0,"[0.08384844731372446,0.0858844854286103,0.10247276610329514,0.08384844731372447,0.08212847916369934,0.08541361833024731,0.08727549556905378,0.08212847916369935]","[0.21465968586387435,0.2506527415143603,0.29906542056074764,0.17277486910994763,0.21025641025641026,0.21866666666666668,0.22343324250681199,0.16923076923076924]","[0.2935646929641841,0.31358317217401543,0.3641264347818722,0.2722116484736972,0.2883992977049688,0.29823861307796795,0.3037658535983383,0.2674219690870799]",2,0.10247276610329514,0.29906542056074764,True,0.6939262525999668,0.32146379433449246
10,1,order1,frame_drop_5,5,False,False,True,0.1925925925925926,0.12138975338609317,0.1925925925925926,0.12138975338609317,0.1925925925925926,0.12138975338609317,0.1925925925925926,0.12138975338609317,0.1925925925925926,0.12138975338609317,0.1925925925925926,0.12138975338609317,0.615021121709985,0.0,0.0,0.1925925925925926,0.12138975338609317,0.615021121709985,0.0,0.0,0.0,0.0,0.0,0.0,0.0,0.0,0.0,0.0,0.0,0.0,0.0,,,,,,,,,
54,109,order1,frame_drop_5,6,False,False,True,0.3194888178913738,0.006373299405641082,0.3194888178913738,0.006373299405641082,0.3194888178913738,0.006373299405641082,0.3194888178913738,0.006373299405641082,0.3194888178913738,0.006373299405641082,0.3194888178913738,0.006373299405641081,0.019750917960056024,0.0,0.0,0.3194888178913738,0.006373299405641081,0.019750917960056024,0.0,0.0,0.0,0.0,0.0,0.0,0.0,0.0,0.0,0.0,0.0,0.0,0.0,,,,,,,,,
80,92,order1,frame_drop_5,7,False,False,False,0.9178082191780822,0.6386928327213721,0.9178082191780822,0.6386928327213721,0.9178082191780822,0.6386928327213721,0.9178082191780822,0.6386928327213721,0.9178082191780822,0.6386928327213721,0.9178082191780822,0.638692832721372,0.6952673178128514,1.0,1.0,0.9178082191780822,0.638692832721372,0.6952673178128514,1.0,1.0,0.0,0.0,0.0,0.0,0.0,0.0,0.0,0.0,0.0,0.0,0.0,,,,,,,,,
105,90,order1,frame_drop_5,8,True,True,False,0.4597315436241611,0.21671509181492052,0.4597315436241611,0.21671509181492052,0.4597315436241611,0.21671509181492052,0.4106583072100313,0.1898167508274626,0.4597315436241611,0.22296739493467288,0.4597315436241611,0.21671509181492038,0.4714314231514539,0.0,0.0,0.4106583072100313,0.1898167508274624,0.4714314231514539,0.0,0.0,0.0,0.0,0.0,-0.026898340987457914,-0.026898340987457914,0.0062523031197523615,-0.02689834098745797,-0.04907323641412975,0.0,0.0,0.0,"[0.21671509181492052,0.20118721919266763,0.1898167508274626,0.16485428714667488,0.2045660253850019,0.21104933778054352,0.20567228458868253,0.19918270892750187]","[0.4597315436241611,0.42679127725856697,0.4106583072100313,0.4075471698113208,0.44256756756756754,0.4477124183006536,0.43630573248407645,0.4309210526315789]","[0.31078874906766885,0.33141945653537774,0.3398902413669529,0.31156384538339243,0.3188321030376126,0.32112378398863745,0.33145881890960593,0.3294346133559707]",2,0.21671509181492052,0.4597315436241611,False,0.8782924777511852,0.2588623060919602
87,125,order1,frame_drop_5,9,False,False,False,0.4325581395348837,0.20198552501869715,0.4325581395348837,0.19650403198393776,0.4325581395348837,0.19650403198393776,0.4325581395348837,0.19650403198393776,0.4325581395348837,0.19650403198393776,0.4325581395348837,0.20198552501869707,0.40337329228722174,0.0,0.0,0.4325581395348837,0.19650403198393782,0.39274414244051586,0.0,0.0,-0.005481493034759394,0.0,-0.005481493034759394,0.0,-0.005481493034759394,0.0,-0.005481493034759255,0.0,-0.010629149846705876,0.0,0.0,,,,,,,,,
28,55,order1,frame_drop_5,10,False,False,False,0.6363636363636364,0.04012049313017947,0.6363636363636364,0.043435168548396796,0.6363636363636364,0.043435168548396796,0.6363636363636364,0.043435168548396796,0.6363636363636364,0.043435168548396796,0.6363636363636364,0.040120493130179465,0.061540101743987344,0.0,0.0,0.6363636363636364,0.0434351685483968,0.0673394471477711,0.0,0.0,0.003314675418217325,0.0,0.003314675418217325,0.0,0.003314675418217325,0.0,0.003314675418217339,0.0,0.005799345403783754,0.0,0.0,,,,,,,,,
78,62,order1,frame_drop_5,11,False,False,True,0.7181818181818181,0.17474447145827188,0.7181818181818181,0.17707037196339495,0.7181818181818181,0.17707037196339495,0.7181818181818181,0.17707037196339495,0.7181818181818181,0.17707037196339495,0.7181818181818181,0.17474447145827185,0.24229275454298196,0.0,0.0,0.7181818181818181,0.17707037196339495,0.2455177426383207,0.0,0.0,0.002325900505123074,0.0,0.002325900505123074,0.0,0.002325900505123074,0.0,0.002325900505123102,0.0,0.003224988095338749,0.0,0.0,,,,,,,,,
70,58,order1,frame_drop_5,12,True,True,False,0.5227272727272727,0.30348976681690165,0.5227272727272727,0.3526486212906218,0.5227272727272727,0.3526486212906218,0.5681818181818182,0.3732709497339979,0.5227272727272727,0.35629643957501533,0.5227272727272727,0.3034897668169018,0.42753683399198256,1.0,0.0,0.5681818181818182,0.3732709497339979,0.4827769062176813,1.0,0.0,0.04915885447372015,0.0,0.04915885447372015,0.02062232844337608,0.06978118291709623,0.0036478182843935336,0.06978118291709606,0.045454545454545525,0.055240072225698766,0.0,0.0,"[0.3526486212906218,0.23903744626524037,0.1487137651132844,0.1879080754249929,0.362959984486254,0.3732709497339979,0.32663979837540286,0.3807739714549045]","[0.5227272727272727,0.3409090909090909,0.21022727272727273,0.3902439024390244,0.5380116959064327,0.5681818181818182,0.4772727272727273,0.5644171779141104]","[0.45047217531817346,0.3241193655134804,0.23330328346635731,0.1814645068354656,0.466581392505095,0.4820603777693466,0.4188839728670002,0.4704949930523273]",5,0.3807739714549045,0.5681818181818182,False,0.8265248648801325,0.6792747273585197
93,116,order1,frame_drop_5,13,False,False,True,0.7133757961783439,0.42600275862430775,0.7133757961783439,0.4284497599700298,0.7133757961783439,0.4284497599700298,0.7133757961783439,0.4284497599700298,0.7133757961783439,0.4284497599700298,0.7133757961783439,0.42600275862430775,0.5991924959372332,1.0,0.0,0.7133757961783439,0.4284497599700298,0.6026915147671685,1.0,0.0,0.0024470013457220663,0.0,0.0024470013457220663,0.0,0.0024470013457220663,0.0,0.0024470013457220663,0.0,0.0034990188299353076,0.0,0.0,,,,,,,,,
44,70,order1,frame_drop_5,14,False,False,True,0.44387755102040816,0.19197494513055197,0.44387755102040816,0.1928360226767137,0.44387755102040816,0.1928360226767137,0.44387755102040816,0.1928360226767137,0.44387755102040816,0.1928360226767137,0.44387755102040816,0.19197494513055197,0.4226583820725929,0.0,0.0,0.44387755102040816,0.1928360226767137,0.42630453638658,0.0,0.0,0.0008610775461617426,0.0,0.0008610775461617426,0.0,0.0008610775461617426,0.0,0.0008610775461617426,0.0,0.0036461543139871266,0.0,0.0,,,,,,,,,
2,91,order1,frame_drop_5,15,False,False,True,0.31054131054131057,0.18989750913836995,0.31054131054131057,0.1893552463927062,0.31054131054131057,0.1893552463927062,0.31054131054131057,0.1893552463927062,0.31054131054131057,0.1893552463927062,0.31054131054131057,0.18989750913836986,0.6504781223193326,0.0,0.0,0.31054131054131057,0.18935524639270626,0.6497475118075345,0.0,0.0,-0.0005422627456637408,0.0,-0.0005422627456637408,0.0,-0.0005422627456637408,0.0,-0.000542262745663602,0.0,-0.0007306105117980133,0.0,0.0,,,,,,,,,
69,4,order1,frame_drop_5,16,True,True,True,0.3778801843317972,0.15890601317388925,0.3778801843317972,0.18388222887906888,0.3778801843317972,0.18388222887906888,0.4534412955465587,0.21331459694518268,0.3778801843317972,0.19387966333163117,0.3778801843317972,0.15890601317388925,0.3642695489399771,0.0,0.0,0.4534412955465587,0.21331459694518262,0.41880745610377396,0.0,0.0,0.024976215705179633,0.0,0.024976215705179633,0.029432368066113795,0.05440858377129343,0.009997434452562293,0.05440858377129337,0.0755611112147615,0.05453790716379686,0.0,0.0,"[0.18388222887906888,0.17199329166706012,0.20238007817657944,0.21331459694518268,0.16154835492614553,0.13310843280105059,0.1995985943536677,0.17734419407447977]","[0.3778801843317972,0.35344827586206895,0.4251012145748988,0.4534412955465587,0.3319838056680162,0.31685393258426964,0.4147465437788018,0.36444444444444446]","[0.18834452079883915,0.20622532973543778,0.2298916598129986,0.23790313858118733,0.2035682295746643,0.1592993450041862,0.19788095223169175,0.19788095223169175]",3,0.21331459694518268,0.4534412955465587,True,0.9317740041313441,0.5782026314964509
14,3,order1,frame_drop_5,17,False,False,True,0.34782608695652173,0.0,0.34782608695652173,0.0,0.34782608695652173,0.0,0.34782608695652173,0.0,0.34782608695652173,0.0,0.34782608695652173,0.0,0.0,0.0,0.0,0.34782608695652173,0.0,0.0,0.0,0.0,0.0,0.0,0.0,0.0,0.0,0.0,0.0,0.0,0.0,0.0,0.0,,,,,,,,,
3,38,order1,frame_drop_5,18,False,False,False,0.7236842105263158,0.4904853209693883,0.7236842105263158,0.0423375037643791,0.7236842105263158,0.0423375037643791,0.7236842105263158,0.0423375037643791,0.7236842105263158,0.0423375037643791,0.7236842105263158,0.4904853209693884,0.5652037524504204,1.0,0.0,0.7236842105263158,0.04233750376437909,0.0770892962907992,0.0,0.0,-0.4481478172050092,0.0,-0.4481478172050092,0.0,-0.4481478172050092,0.0,-0.4481478172050093,0.0,-0.48811445615962124,-1.0,0.0,,,,,,,,,
39,8,order1,frame_drop_5,19,False,False,True,0.9619883040935673,0.6386943437695298,0.9619883040935673,0.6360725784376718,0.9619883040935673,0.6360725784376718,0.9619883040935673,0.6360725784376718,0.9619883040935673,0.6360725784376718,0.9619883040935673,0.6386943437695298,0.6594288797398109,1.0,1.0,0.9619883040935673,0.6360725784376717,0.6566061871066063,1.0,1.0,-0.0026217653318579837,0.0,-0.0026217653318579837,0.0,-0.0026217653318579837,0.0,-0.0026217653318580947,0.0,-0.00282269263320456,0.0,0.0,,,,,,,,,
94,121,order1,frame_drop_5,20,True,True,False,0.6402116402116402,0.39442535439186865,0.6402116402116402,0.3958830768589302,0.6402116402116402,0.3958830768589302,0.6142131979695431,0.37980660673267924,0.6402116402116402,0.3970598758335295,0.6402116402116402,0.3944253543918687,0.6163195319008552,1.0,0.0,0.6142131979695431,0.37980660673267924,0.6186937463827715,1.0,0.0,0.0014577224670615507,0.0,0.0014577224670615507,-0.016076470126250963,-0.014618747659189413,0.001176798974599269,-0.014618747659189468,-0.02599844224209713,0.0023742144819163258,0.0,0.0,"[0.3958830768589302,0.413380671416231,0.43001092831228627,0.37980660673267924,0.47355633877428993,0.41110934904581214,0.43001092831228627,0.38174439554253986]","[0.6402116402116402,0.6685082872928176,0.6954022988505747,0.6142131979695431,0.7658227848101266,0.6648351648351648,0.6954022988505747,0.6173469387755102]","[0.262785960638275,0.27117496731737356,0.260060626216762,0.29684417273609626,0.2555154290998728,0.25201545024832667,0.23970629551695716,0.2558601339492635]",3,0.47355633877428993,0.7658227848101266,False,0.8068508372797777,0.36665760985150486
92,37,order1,frame_drop_5,21,False,False,True,0.3598326359832636,0.27319535161054753,0.3598326359832636,0.2731786960368667,0.3598326359832636,0.2731786960368667,0.3598326359832636,0.2731786960368667,0.3598326359832636,0.2731786960368667,0.3598326359832636,0.2731953516105475,0.7446906062152817,0.0,0.0,0.3598326359832636,0.2731786960368667,0.7456565370847769,0.0,0.0,-1.6655573680857128e-05,0.0,-1.6655573680857128e-05,0.0,-1.6655573680857128e-05,0.0,-1.6655573680801616e-05,0.0,0.0009659308694951463,0.0,0.0,,,,,,,,,
59,82,order1,frame_drop_5,22,False,False,False,0.96415770609319,0.6377686091892731,0.96415770609319,0.6146051292034056,0.96415770609319,0.6146051292034056,0.96415770609319,0.6146051292034056,0.96415770609319,0.6146051292034056,0.96415770609319,0.6377686091892729,0.6652509153737513,1.0,1.0,0.96415770609319,0.6146051292034056,0.6412220250026144,1.0,1.0,-0.02316347998586754,0.0,-0.02316347998586754,0.0,-0.02316347998586754,0.0,-0.02316347998586732,0.0,-0.02402889037113687,0.0,0.0,,,,,,,,,
35,23,order1,frame_drop_5,23,False,False,True,0.5472972972972973,0.19016203264953696,0.5472972972972973,0.19667245964285734,0.5472972972972973,0.19667245964285734,0.5472972972972973,0.19667245964285734,0.5472972972972973,0.19667245964285734,0.5472972972972973,0.19016203264953707,0.3969492127121682,0.0,0.0,0.5472972972972973,0.1966724596428574,0.398360060961106,0.0,0.0,0.006510426993320384,0.0,0.006510426993320384,0.0,0.006510426993320384,0.0,0.0065104269933203285,0.0,0.0014108482489377794,0.0,0.0,,,,,,,,,
67,79,order1,frame_drop_5,24,True,True,True,0.7551020408163265,0.6556144707260722,0.7551020408163265,0.6538163055368267,0.7551020408163265,0.6538163055368267,0.9770114942528736,0.8212110940260061,0.7551020408163265,0.654553880906392,0.7551020408163265,0.6556144707260723,0.8404679870338276,1.0,1.0,0.9770114942528736,0.8212110940260062,0.8403362536225198,1.0,1.0,-0.0017981651892454709,0.0,-0.0017981651892454709,0.16739478848917944,0.16559662329993396,0.0007375753695653131,0.16559662329993396,0.2219094534365471,-0.00013173341130778837,0.0,0.0,"[0.6538163055368267,0.6915361766332832,0.7084791469111787,0.8212110940260061,0.6707592758147223,0.6713318619602092,0.6861029402601134,0.72382281135657]","[0.7551020408163265,0.7988338192419825,0.8221574344023324,0.9770114942528736,0.7784256559766763,0.7755102040816326,0.8017492711370262,0.8454810495626822]","[0.22045951809123734,0.23436093963445825,0.22966470759613644,0.2504485263577437,0.21916147159065763,0.2267480012047513,0.22572810744356123,0.2251529887033809]",3,0.8212110940260061,0.9770114942528736,True,0.9459064667148424,0.9459064667148424
119,29,order1,frame_drop_5,25,False,False,False,0.8518518518518519,0.5060600035706805,0.8518518518518519,0.5178644976399565,0.8518518518518519,0.5178644976399565,0.8518518518518519,0.5178644976399565,0.8518518518518519,0.5178644976399565,0.8518518518518519,0.5060600035706805,0.594470647434256,1.0,1.0,0.8518518518518519,0.5178644976399563,0.6081492144070388,1.0,1.0,0.011804494069275973,0.0,0.011804494069275973,0.0,0.011804494069275973,0.0,0.011804494069275862,0.0,0.013678566972782802,0.0,0.0,,,,,,,,,
86,69,order1,frame_drop_5,26,False,False,True,0.6896551724137931,0.2916183962501476,0.6896551724137931,0.29287165270114757,0.6896551724137931,0.29287165270114757,0.6896551724137931,0.29287165270114757,0.6896551724137931,0.29287165270114757,0.6896551724137931,0.29161839625014774,0.42256656395361464,0.0,0.0,0.6896551724137931,0.29287165270114757,0.42451257771949014,0.0,0.0,0.00125325645099994,0.0,0.00125325645099994,0.0,0.00125325645099994,0.0,0.001253256450999829,0.0,0.0019460137658754983,0.0,0.0,,,,,,,,,
38,54,order1,frame_drop_5,27,False,False,True,0.638961038961039,0.47729326029609626,0.638961038961039,0.48320110306418274,0.638961038961039,0.48320110306418274,0.638961038961039,0.48320110306418274,0.638961038961039,0.48320110306418274,0.638961038961039,0.47729326029609626,0.7485496515793156,1.0,0.0,0.638961038961039,0.4832011030641828,0.7617630060529331,1.0,0.0,0.00590784276808648,0.0,0.00590784276808648,0.0,0.00590784276808648,0.0,0.005907842768086535,0.0,0.013213354473617489,0.0,0.0,,,,,,,,,
34,22,order1,frame_drop_5,28,True,True,False,0.5155709342560554,0.21842530315138453,0.5155709342560554,0.179462204643614,0.5155709342560554,0.179462204643614,0.5457875457875457,0.18998013605129835,0.5155709342560554,0.15718070128956146,0.5155709342560554,0.21842530315138453,0.4054247169035881,0.0,0.0,0.5457875457875457,0.18998013605129832,0.29885216081944727,0.0,0.0,-0.03896309850777052,0.0,-0.03896309850777052,0.010517931407684339,-0.028445167100086183,-0.022281503354052545,-0.02844516710008621,0.030216611531490356,-0.10657255608414085,0.0,0.0,"[0.179462204643614,0.10686118565948233,0.19098513217129964,0.14099995958735972,0.18998013605129835,0.1492636934825896,0.19571538544152622,0.18457144890393043]","[0.5155709342560554,0.3469387755102041,0.5611702127659575,0.4602076124567474,0.5457875457875457,0.48717948717948717,0.5622641509433962,0.5302491103202847]","[0.4997003322071291,0.35136585665652376,0.19592124167832486,0.4522285163352001,0.5228197177273386,0.47212204812953606,0.49747088292843733,0.5207728218028478]",4,0.19571538544152622,0.5622641509433962,False,0.8023437949205169,0.5994760056932574
66,102,order1,frame_drop_5,29,False,False,False,0.4099722991689751,0.14850281959590214,0.4099722991689751,0.15351587757534788,0.4099722991689751,0.15351587757534788,0.4099722991689751,0.15351587757534788,0.4099722991689751,0.15351587757534788,0.4099722991689751,0.14850281959590206,0.2851344126715569,0.0,0.0,0.4099722991689751,0.15351587757534782,0.3262916855198381,0.0,0.0,0.005013057979445734,0.0,0.005013057979445734,0.0,0.005013057979445734,0.0,0.005013057979445762,0.0,0.04115727284828119,0.0,0.0,,,,,,,,,
112,5,order1,frame_drop_5,30,False,False,True,0.4292682926829268,0.2420309195583585,0.4292682926829268,0.25203726941134696,0.4292682926829268,0.25203726941134696,0.4292682926829268,0.25203726941134696,0.4292682926829268,0.25203726941134696,0.4292682926829268,0.24203091955835843,0.563114433650308,0.0,0.0,0.4292682926829268,0.25203726941134696,0.5865968717389148,0.0,0.0,0.010006349852988455,0.0,0.010006349852988455,0.0,0.010006349852988455,0.0,0.010006349852988539,0.0,0.02348243808860684,0.0,0.0,,,,,,,,,
47,108,order1,frame_drop_5,31,False,False,True,0.8384615384615385,0.4868077778223706,0.8384615384615385,0.35351816108561,0.8384615384615385,0.35351816108561,0.8384615384615385,0.35351816108561,0.8384615384615385,0.35351816108561,0.8384615384615385,0.4868077778223708,0.5736231692963687,1.0,0.0,0.8384615384615385,0.3535181610856101,0.44104620277270995,1.0,0.0,-0.1332896167367606,0.0,-0.1332896167367606,0.0,-0.1332896167367606,0.0,-0.13328961673676065,0.0,-0.13257696652365875,0.0,0.0,,,,,,,,,
74,126,order1,frame_drop_5,32,True,True,True,0.7783251231527094,0.4715954937340492,0.7783251231527094,0.5008775695873776,0.7783251231527094,0.5008775695873776,0.8955223880597015,0.5700603405816752,0.7783251231527094,0.5062620083760931,0.7783251231527094,0.47159549373404885,0.6055817891682966,1.0,0.0,0.8955223880597015,0.5700603405816753,0.644285911540876,1.0,1.0,0.029282075853328426,0.0,0.029282075853328426,0.0691827709942976,0.09846484684762602,0.005384438788715529,0.09846484684762646,0.11719726490699212,0.038704122372579364,0.0,1.0,"[0.5008775695873776,0.5005290414041701,0.46469698474883797,0.4525480439710906,0.5700603405816752,0.521426392955065,0.47036998545532316,0.48966721562784926]","[0.7783251231527094,0.7759036144578313,0.7203579418344519,0.7015250544662309,0.8955223880597015,0.8102564102564103,0.7389162561576355,0.7692307692307693]","[0.2056337991049122,0.198201252149313,0.18401234819231518,0.17920156784741803,0.2627907975781626,0.21420187406761687,0.21420187406761687,0.2235149990270785]",4,0.5700603405816752,0.8955223880597015,True,0.7989598184543215,0.7989598184543215
73,94,order1,frame_drop_5,33,False,False,True,0.6071428571428571,0.26387439453416217,0.6071428571428571,0.27026954671141384,0.6071428571428571,0.27026954671141384,0.6071428571428571,0.27026954671141384,0.6071428571428571,0.27026954671141384,0.6071428571428571,0.26387439453416217,0.4104681794394243,0.0,0.0,0.6071428571428571,0.27026954671141384,0.418890956058435,0.0,0.0,0.006395152177251673,0.0,0.006395152177251673,0.0,0.006395152177251673,0.0,0.006395152177251673,0.0,0.008422776619010697,0.0,0.0,,,,,,,,,
63,15,order1,frame_drop_5,34,False,False,True,0.4588744588744589,0.3242108753945325,0.4588744588744589,0.33089446494146596,0.4588744588744589,0.33089446494146596,0.4588744588744589,0.33089446494146596,0.4588744588744589,0.33089446494146596,0.4588744588744589,0.3242108753945323,0.7004670830335957,1.0,0.0,0.4588744588744589,0.33089446494146607,0.7184041332797093,1.0,0.0,0.006683589546933433,0.0,0.006683589546933433,0.0,0.006683589546933433,0.0,0.006683589546933766,0.0,0.017937050246113584,0.0,0.0,,,,,,,,,
37,118,order1,frame_drop_5,35,False,False,True,0.896414342629482,0.5172769525567527,0.896414342629482,0.30982796078028413,0.896414342629482,0.30982796078028413,0.896414342629482,0.30982796078028413,0.896414342629482,0.30982796078028413,0.896414342629482,0.5172769525567527,0.5782652317363794,1.0,1.0,0.896414342629482,0.30982796078028413,0.3478210983610588,1.0,0.0,-0.20744899177646853,0.0,-0.20744899177646853,0.0,-0.20744899177646853,0.0,-0.20744899177646853,0.0,-0.23044413337532066,0.0,-1.0,,,,,,,,,
41,98,order1,frame_drop_5,36,True,True,True,0.017902813299232736,0.014021043740837916,0.017902813299232736,0.013798841953688192,0.017902813299232736,0.013798841953688192,0.0171990171990172,0.013256381336344185,0.017902813299232736,0.013799212426252549,0.017902813299232736,0.014021043740837916,0.6822657466762169,0.0,0.0,0.0171990171990172,0.013256381336344185,0.6827821151630967,0.0,0.0,-0.00022220178714972387,0.0,-0.00022220178714972387,-0.0005424606173440073,-0.0007646624044937312,3.704725643569745e-07,-0.0007646624044937312,-0.0007037961002155368,0.000516368486879859,0.0,0.0,"[0.013798841953688192,0.013256381336344185,0.0,0.0,0.0,0.0,0.013522173443338554,0.0]","[0.017902813299232736,0.0171990171990172,0.0,0.0,0.0,0.0,0.017543859649122806,0.0]","[0.3507462134840414,0.38475796751885755,0.34412106274806264,0.13392128151208854,0.3167344594492253,0.3507462134840414,0.36775209050144947,0.33374033646663337]",1,0.013798841953688192,0.017902813299232736,False,0.8821244744607091,0.14334192322040876
13,107,order1,frame_drop_5,37,False,False,True,0.5301204819277109,0.29738142962038366,0.5301204819277109,0.27195526470649334,0.5301204819277109,0.27195526470649334,0.5301204819277109,0.27195526470649334,0.5301204819277109,0.27195526470649334,0.5301204819277109,0.2973814296203838,0.5555685255415095,0.0,0.0,0.5301204819277109,0.2719552647064933,0.5078348450110421,0.0,0.0,-0.025426164913890326,0.0,-0.025426164913890326,0.0,-0.025426164913890326,0.0,-0.025426164913890492,0.0,-0.04773368053046734,0.0,0.0,,,,,,,,,
77,101,order1,frame_drop_5,38,False,False,True,0.890295358649789,0.5375069064196796,0.890295358649789,0.5671358382409016,0.890295358649789,0.5671358382409016,0.890295358649789,0.5671358382409016,0.890295358649789,0.5671358382409016,0.890295358649789,0.5375069064196796,0.607930742427402,1.0,1.0,0.890295358649789,0.5671358382409013,0.6404246918344165,1.0,1.0,0.02962893182122206,0.0,0.02962893182122206,0.0,0.02962893182122206,0.0,0.029628931821221727,0.0,0.032493949407014555,0.0,0.0,,,,,,,,,
111,77,order1,frame_drop_5,39,False,False,True,0.8853754940711462,0.10690844009771307,0.8853754940711462,0.590609307421954,0.8853754940711462,0.590609307421954,0.8853754940711462,0.590609307421954,0.8853754940711462,0.590609307421954,0.8853754940711462,0.10690844009771305,0.13505751302226854,0.0,0.0,0.8853754940711462,0.590609307421954,0.6702695125384497,1.0,1.0,0.483700867324241,0.0,0.483700867324241,0.0,0.483700867324241,0.0,0.483700867324241,0.0,0.5352119995161811,1.0,1.0,,,,,,,,,
108,33,order1,frame_drop_5,40,True,True,True,0.6735537190082644,0.378465426356146,0.6735537190082644,0.37203466636194804,0.6735537190082644,0.37203466636194804,0.7520661157024794,0.4143525006125762,0.6735537190082644,0.3718030087909901,0.6735537190082644,0.3784654263561456,0.5606758420293272,1.0,0.0,0.7520661157024794,0.41435250061257617,0.55056217407261,1.0,0.0,-0.006430759994197954,0.0,-0.006430759994197954,0.042317834250628183,0.03588707425643023,-0.00023165757095794381,0.03588707425643056,0.07851239669421495,-0.010113667956717198,0.0,0.0,"[0.37203466636194804,0.34495168298694034,0.35727138595075963,0.39790994106445815,0.3910453143662165,0.21061213896028297,0.4143525006125762,0.3841889086139596]","[0.6735537190082644,0.6245210727969349,0.6468253968253969,0.7222222222222222,0.7107438016528925,0.37857142857142856,0.7520661157024794,0.6973180076628352]","[0.3212650985876525,0.30923769783990523,0.32006642245616607,0.34750106997595126,0.3332471671605743,0.27925679637564504,0.347992617034936,0.33574415601494084]",6,0.4143525006125762,0.7520661157024794,True,0.8489921399678321,0.7469859978260546
79,84,order1,frame_drop_5,41,False,False,True,0.7806122448979592,0.20004726773813147,0.7806122448979592,0.20384508348310865,0.7806122448979592,0.20384508348310865,0.7806122448979592,0.20384508348310865,0.7806122448979592,0.20384508348310865,0.7806122448979592,0.20004726773813164,0.256133091951616,0.0,0.0,0.7806122448979592,0.20384508348310865,0.26083900483279676,0.0,0.0,0.0037978157449771732,0.0,0.0037978157449771732,0.0,0.0037978157449771732,0.0,0.0037978157449770067,0.0,0.004705912881180774,0.0,0.0,,,,,,,,,
40,26,order1,frame_drop_5,42,False,False,True,0.30842911877394635,0.14556507793867454,0.30842911877394635,0.018435494952783838,0.30842911877394635,0.018435494952783838,0.30842911877394635,0.018435494952783838,0.30842911877394635,0.018435494952783838,0.30842911877394635,0.1455650779386745,0.40757924144314517,0.0,0.0,0.30842911877394635,0.018435494952783838,0.16109768569691568,0.0,0.0,-0.1271295829858907,0.0,-0.1271295829858907,0.0,-0.1271295829858907,0.0,-0.12712958298589064,0.0,-0.24648155574622949,0.0,0.0,,,,,,,,,
127,2,order1,frame_drop_5,43,False,False,True,0.3803191489361702,0.17874414097171398,0.3803191489361702,0.20431146770687073,0.3803191489361702,0.20431146770687073,0.3803191489361702,0.20431146770687073,0.3803191489361702,0.20431146770687073,0.3803191489361702,0.17874414097171398,0.4371062641224091,0.0,0.0,0.3803191489361702,0.2043114677068708,0.5143821213331614,0.0,0.0,0.025567326735156742,0.0,0.025567326735156742,0.0,0.025567326735156742,0.0,0.025567326735156826,0.0,0.07727585721075231,0.0,0.0,,,,,,,,,
25,34,order1,frame_drop_5,44,True,True,True,0.46996466431095407,0.2313899372142011,0.46996466431095407,0.24097631979183398,0.46996466431095407,0.24097631979183398,0.415625,0.21311343281590317,0.46996466431095407,0.24086861072185697,0.46996466431095407,0.23138993721420115,0.4930955285563311,0.0,0.0,0.415625,0.2131134328159031,0.5140947663894918,0.0,0.0,0.00958638257763289,0.0,0.00958638257763289,-0.027862886975930812,-0.01827650439829792,-0.0001077090699770078,-0.01827650439829806,-0.05433966431095405,0.02099923783316071,0.0,0.0,"[0.24097631979183398,0.21311343281590317,0.20665545000330005,0.2192042898907547,0.22622465224931823,0.248891600368938,0.2265657757511263,0.25831931250412504]","[0.46996466431095407,0.415625,0.403030303030303,0.4276315789473684,0.42857142857142855,0.4854014598540146,0.4418604651162791,0.5037878787878788]","[0.2917614227345143,0.33099161128365373,0.32220419376789755,0.32610209972384413,0.0724443631749396,0.2968504163599113,0.3108463793259876,0.28456759519324815]",1,0.25831931250412504,0.5037878787878788,False,0.9000285627340182,0.3706381690654199
61,11,order1,frame_drop_5,45,False,False,True,0.83,0.648142697630609,0.83,0.6484894093972545,0.83,0.6484894093972545,0.83,0.6484894093972545,0.83,0.6484894093972545,0.83,0.6481426976306088,0.783185271855227,1.0,1.0,0.83,0.6484894093972549,0.7839400945412436,1.0,1.0,0.0003467117666454689,0.0,0.0003467117666454689,0.0,0.0003467117666454689,0.0,0.000346711766646024,0.0,0.0007548226860165652,0.0,0.0,,,,,,,,,
102,50,order1,frame_drop_5,46,False,False,False,0.10303030303030303,0.07795393192842341,0.10303030303030303,0.0034920155892052946,0.10303030303030303,0.0034920155892052946,0.10303030303030303,0.0034920155892052946,0.10303030303030303,0.0034920155892052946,0.10303030303030303,0.07795393192842341,0.21174262524177165,0.0,0.0,0.10303030303030303,0.0034920155892052946,0.006173528948100978,0.0,0.0,-0.07446191633921811,0.0,-0.07446191633921811,0.0,-0.07446191633921811,0.0,-0.07446191633921811,0.0,-0.20556909629367068,0.0,0.0,,,,,,,,,
22,76,order1,frame_drop_5,47,False,False,False,0.738255033557047,0.304599270030757,0.738255033557047,0.3110366673669371,0.738255033557047,0.3110366673669371,0.738255033557047,0.3110366673669371,0.738255033557047,0.3110366673669371,0.738255033557047,0.30459927003075693,0.40531342184475067,1.0,0.0,0.738255033557047,0.3110366673669369,0.4143591156483707,1.0,0.0,0.006437397336180095,0.0,0.006437397336180095,0.0,0.006437397336180095,0.0,0.006437397336179984,0.0,0.009045693803620025,0.0,0.0,,,,,,,,,
123,68,order1,frame_drop_5,48,True,True,True,0.38493723849372385,0.12346192136209486,0.38493723849372385,0.1359811796160972,0.38493723849372385,0.1359811796160972,0.38493723849372385,0.1359811796160972,0.38493723849372385,0.153281835202064,0.38493723849372385,0.12346192136209484,0.3167738698850472,0.0,0.0,0.38493723849372385,0.1359811796160972,0.34215803911125964,0.0,0.0,0.012519258254002352,0.0,0.012519258254002352,0.0,0.012519258254002352,0.0173006555859668,0.012519258254002366,0.0,0.02538416922621245,0.0,0.0,"[0.1359811796160972,0.11671517326569512,0.1049349496788476,0.29050867347857423,0.1406904845378668,0.1207572571883166,0.10142248274399078,0.14573767680828356]","[0.38493723849372385,0.3514644351464435,0.329004329004329,0.8232044198895028,0.39826839826839827,0.36363636363636365,0.3179916317991632,0.4125560538116592]","[0.35472994728132057,0.3353464350094168,0.3112754045527005,0.3239390292991939,0.35080244005145605,0.33103892230207826,0.31596292273751314,0.34750602613377973]",0,0.29050867347857423,0.8232044198895028,False,0.7782744244257289,0.5479075294498041
62,104,order1,frame_drop_5,49,False,False,True,0.8097345132743363,0.006655139589740028,0.8097345132743363,0.006216180879120099,0.8097345132743363,0.006216180879120099,0.8097345132743363,0.006216180879120099,0.8097345132743363,0.006216180879120099,0.8097345132743363,0.006655139589740028,0.00817424753957199,0.0,0.0,0.8097345132743363,0.006216180879120099,0.00763509173196273,0.0,0.0,-0.00043895871061992893,0.0,-0.00043895871061992893,0.0,-0.00043895871061992893,0.0,-0.00043895871061992893,0.0,-0.0005391558076092602,0.0,0.0,,,,,,,,,
84,30,order1,frame_drop_5,50,False,False,False,0.2302158273381295,0.14172067873198768,0.2302158273381295,0.11997390908473055,0.2302158273381295,0.11997390908473055,0.2302158273381295,0.11997390908473055,0.2302158273381295,0.11997390908473055,0.2302158273381295,0.14172067873198768,0.6230299272532184,0.0,0.0,0.2302158273381295,0.11997390908473055,0.5415844768105446,0.0,0.0,-0.021746769647257136,0.0,-0.021746769647257136,0.0,-0.021746769647257136,0.0,-0.021746769647257136,0.0,-0.08144545044267382,0.0,0.0,,,,,,,,,
52,9,order1,frame_drop_5,51,False,False,False,0.5789473684210527,0.3681894706419524,0.5789473684210527,0.38045397016598825,0.5789473684210527,0.38045397016598825,0.5789473684210527,0.38045397016598825,0.5789473684210527,0.38045397016598825,0.5789473684210527,0.3681894706419523,0.6485183522851701,1.0,0.0,0.5789473684210527,0.3804539701659879,0.6696935492730618,1.0,0.0,0.012264499524035855,0.0,0.012264499524035855,0.0,0.012264499524035855,0.0,0.012264499524035632,0.0,0.02117519698789172,0.0,0.0,,,,,,,,,
101,120,order1,frame_drop_5,52,True,True,False,0.6092436974789915,0.38287656151476646,0.6092436974789915,0.3976474757232302,0.6092436974789915,0.3976474757232302,0.6722689075630253,0.43862885620707115,0.6092436974789915,0.3986459315688784,0.6092436974789915,0.3828765615147661,0.622926199212176,1.0,0.0,0.6722689075630253,0.438628856207071,0.6501009337506548,1.0,0.0,0.01477091420846377,0.0,0.01477091420846377,0.04098138048384092,0.055752294692304694,0.0009984558456481718,0.05575229469230486,0.06302521008403372,0.02717473453847885,0.0,0.0,"[0.3976474757232302,0.3383855884888177,0.0,0.3847158504964585,0.37407153842738655,0.4114786922701252,0.3783013222636027,0.43862885620707115]","[0.6092436974789915,0.5168067226890757,0.0,0.5894308943089431,0.5731225296442688,0.6304347826086957,0.5798319327731093,0.6722689075630253]","[0.37632164445753574,0.3198058591299869,0.06930503082419992,0.36373381092588897,0.3533906125361676,0.3898119718989592,0.3583393491260429,0.41485513445359173]",7,0.43862885620707115,0.6722689075630253,True,0.9792471668821932,0.9618928683267579
17,117,order1,frame_drop_5,53,False,False,True,0.25,0.13706304984545212,0.25,0.14198641137981335,0.25,0.14198641137981335,0.25,0.14198641137981335,0.25,0.14198641137981335,0.25,0.13706304984545212,0.6315322591269222,0.0,0.0,0.25,0.1419864113798134,0.6599936123891577,0.0,0.0,0.004923361534361237,0.0,0.004923361534361237,0.0,0.004923361534361237,0.0,0.004923361534361292,0.0,0.028461353262235423,0.0,0.0,,,,,,,,,
7,61,order1,frame_drop_5,54,False,False,True,0.7908163265306123,0.49410107491282146,0.7908163265306123,0.505705141817197,0.7908163265306123,0.505705141817197,0.7908163265306123,0.505705141817197,0.7908163265306123,0.505705141817197,0.7908163265306123,0.49410107491282146,0.6251313024796279,1.0,0.0,0.7908163265306123,0.505705141817197,0.6396336841947078,1.0,1.0,0.011604066904375487,0.0,0.011604066904375487,0.0,0.011604066904375487,0.0,0.011604066904375487,0.0,0.014502381715079893,0.0,1.0,,,,,,,,,
50,18,order1,frame_drop_5,55,False,False,False,0.710691823899371,0.44488544082127135,0.710691823899371,0.44523447915684977,0.710691823899371,0.44523447915684977,0.710691823899371,0.44523447915684977,0.710691823899371,0.44523447915684977,0.710691823899371,0.44488544082127146,0.6413195698040809,1.0,0.0,0.710691823899371,0.44523447915684977,0.6371976576212754,1.0,0.0,0.0003490383355784221,0.0,0.0003490383355784221,0.0,0.0003490383355784221,0.0,0.0003490383355783111,0.0,-0.004121912182805443,0.0,0.0,,,,,,,,,
4,78,order1,frame_drop_5,56,True,True,False,0.5516129032258065,0.18077661091287017,0.5516129032258065,0.14654662764098522,0.5516129032258065,0.14654662764098522,0.42276422764227645,0.184672579547583,0.5516129032258065,0.1462195196896451,0.5516129032258065,0.1807766109128701,0.32819550039703244,0.0,0.0,0.42276422764227645,0.18467257954758298,0.2668472206996195,0.0,0.0,-0.03422998327188495,0.0,-0.03422998327188495,0.03812595190659779,0.0038959686347128375,-0.00032710795134011095,0.003895968634712893,-0.12884867558353003,-0.06134827969741291,0.0,0.0,"[0.14654662764098522,0.13808344853709853,0.184672579547583,0.13808344853709853,0.15092842049403793,0.14196704552720443,0.130544409680188,0.14196704552720443]","[0.5516129032258065,0.5197568389057751,0.42276422764227645,0.5197568389057751,0.5681063122923588,0.534375,0.49137931034482757,0.534375]","[0.3703066555437125,0.4041549779319365,0.4228981913958938,0.3502608827211533,0.3542732396756065,0.3881215620638304,0.3822768972886527,0.3350954021365482]",2,0.184672579547583,0.5681063122923588,True,0.9424870362755848,0.596450165129056
46,81,order1,frame_drop_5,57,False,False,False,0.22559652928416485,0.007893797332096558,0.22559652928416485,0.004567661219067971,0.22559652928416485,0.004567661219067971,0.22559652928416485,0.004567661219067971,0.22559652928416485,0.004567661219067971,0.22559652928416485,0.007893797332096558,0.02906418567475862,0.0,0.0,0.22559652928416485,0.00456766121906797,0.016212607949217347,0.0,0.0,-0.003326136113028587,0.0,-0.003326136113028587,0.0,-0.003326136113028587,0.0,-0.0033261361130285877,0.0,-0.012851577725541272,0.0,0.0,,,,,,,,,
65,85,order1,frame_drop_5,58,False,False,True,0.8191489361702128,0.470163565838277,0.8191489361702128,0.4576627835318629,0.8191489361702128,0.4576627835318629,0.8191489361702128,0.4576627835318629,0.8191489361702128,0.4576627835318629,0.8191489361702128,0.47016356583827695,0.5772640191740749,1.0,0.0,0.8191489361702128,0.4576627835318628,0.5654158546435945,1.0,0.0,-0.012500782306414104,0.0,-0.012500782306414104,0.0,-0.012500782306414104,0.0,-0.01250078230641416,0.0,-0.011848164530480432,0.0,0.0,,,,,,,,,
109,65,order1,frame_drop_5,59,False,False,True,0.8277027027027027,0.4479135280758168,0.8277027027027027,0.4850659429114116,0.8277027027027027,0.4850659429114116,0.8277027027027027,0.4850659429114116,0.8277027027027027,0.4850659429114116,0.8277027027027027,0.4479135280758167,0.5505978009536309,1.0,0.0,0.8277027027027027,0.485065942911412,0.5934448753863372,1.0,0.0,0.03715241483559478,0.0,0.03715241483559478,0.0,0.03715241483559478,0.0,0.03715241483559528,0.0,0.0428470744327063,0.0,0.0,,,,,,,,,
68,123,order1,frame_drop_5,60,True,True,False,0.7578125,0.4716413224357459,0.7578125,0.4868709982138903,0.7578125,0.4868709982138903,0.6328125,0.4065638943367313,0.7578125,0.48481427238737157,0.7578125,0.4716413224357458,0.6065404043491185,1.0,0.0,0.6328125,0.40656389433673135,0.6205865747524054,1.0,0.0,0.01522967577814438,0.0,0.01522967577814438,-0.080307103877159,-0.06507742809901462,-0.002056725826518724,-0.06507742809901446,-0.125,0.014046170403286928,0.0,0.0,"[0.4868709982138903,0.44852524945677147,0.4065638943367313,0.12801645324722724,0.5066625022063248,0.5251475845951568,0.54190858931633,0.5464950473835778]","[0.7578125,0.6953125,0.6328125,0.203125,0.7886178861788617,0.8203125,0.8434782608695652,0.8536585365853658]","[0.471548181921969,0.4685461448662628,0.5060298364555638,0.3377818607538818,0.4927079830076686,0.4444798643254627,0.4784394725759608,0.46315548887695274]",2,0.5464950473835778,0.8536585365853658,False,0.8655235617756043,0.6699900281380703
21,115,order1,frame_drop_5,61,False,False,False,0.85,0.4986019672854857,0.85,0.5535496508988197,0.85,0.5535496508988197,0.85,0.5535496508988197,0.85,0.5535496508988197,0.85,0.49860196728548556,0.5926958554319032,1.0,0.0,0.85,0.5535496508988197,0.6510073422561998,1.0,1.0,0.054947683613333964,0.0,0.054947683613333964,0.0,0.054947683613333964,0.0,0.05494768361333413,0.0,0.058311486824296654,0.0,1.0,,,,,,,,,
125,122,order1,frame_drop_5,62,False,False,False,0.7643312101910829,0.5203601227478591,0.7643312101910829,0.545647665175436,0.7643312101910829,0.545647665175436,0.7643312101910829,0.545647665175436,0.7643312101910829,0.545647665175436,0.7643312101910829,0.5203601227478593,0.6805373994079504,1.0,1.0,0.7643312101910829,0.545647665175436,0.7134397968438135,1.0,1.0,0.025287542427576803,0.0,0.025287542427576803,0.0,0.025287542427576803,0.0,0.025287542427576692,0.0,0.032902397435863096,0.0,0.0,,,,,,,,,
30,0,order1,frame_drop_5,63,False,False,True,0.875,0.6090937060226324,0.875,0.6478580000938343,0.875,0.6478580000938343,0.875,0.6478580000938343,0.875,0.6478580000938343,0.875,0.6090937060226317,0.7012763158997896,1.0,1.0,0.875,0.6478580000938347,0.7440519924574504,1.0,1.0,0.038764294071201966,0.0,0.038764294071201966,0.0,0.038764294071201966,0.0,0.038764294071202965,0.0,0.04277567655766079,0.0,0.0,,,,,,,,,
26,10,order1,frame_drop_5,64,True,True,True,0.783410138248848,0.2856673670872335,0.783410138248848,0.26989721694218777,0.783410138248848,0.26989721694218777,0.783410138248848,0.26989721694218777,0.783410138248848,0.2755658770874577,0.783410138248848,0.28566736708723345,0.37440813169556036,0.0,0.0,0.783410138248848,0.2698972169421879,0.35355601991843827,0.0,0.0,-0.015770150145045736,0.0,-0.015770150145045736,0.0,-0.015770150145045736,0.005668660145269955,-0.01577015014504557,0.0,-0.020852111777122095,0.0,0.0,"[0.26989721694218777,0.2513715570970975,0.24438554438121718,0.08936746676203987,0.2637127952772969,0.28157546190603244,0.2622482110099527,0.3021329603578911]","[0.783410138248848,0.7373271889400922,0.7259615384615384,0.18269230769230768,0.7740384615384616,0.8173076923076923,0.7692307692307693,0.8663594470046083]","[0.4796919018264001,0.47013740140338744,0.419108138318737,0.11505323242923887,0.43098621677056637,0.4553390592984833,0.44462276986106225,0.4434619395639518]",0,0.3021329603578911,0.8663594470046083,False,0.8824788585685308,0.6514239291499202
98,44,order1,frame_drop_5,65,False,False,True,0.5496894409937888,0.17949948598465784,0.5496894409937888,0.16253282452991652,0.5496894409937888,0.16253282452991652,0.5496894409937888,0.16253282452991652,0.5496894409937888,0.16253282452991652,0.5496894409937888,0.17949948598465787,0.32471255329808896,0.0,0.0,0.5496894409937888,0.1625328245299165,0.2940200533631074,0.0,0.0,-0.016966661454741322,0.0,-0.016966661454741322,0.0,-0.016966661454741322,0.0,-0.016966661454741377,0.0,-0.030692499934981576,0.0,0.0,,,,,,,,,
5,49,order1,frame_drop_5,66,False,False,False,0.43333333333333335,0.2336259863934692,0.43333333333333335,0.23547049974243442,0.43333333333333335,0.23547049974243442,0.43333333333333335,0.23547049974243442,0.43333333333333335,0.23547049974243442,0.43333333333333335,0.2336259863934692,0.4166315003858493,0.0,0.0,0.43333333333333335,0.2354704997424345,0.426141311341312,0.0,0.0,0.00184451334896521,0.0,0.00184451334896521,0.0,0.00184451334896521,0.0,0.0018445133489652932,0.0,0.009509810955462716,0.0,0.0,,,,,,,,,
31,99,order1,frame_drop_5,67,False,False,True,0.5329341317365269,0.3189490124268349,0.5329341317365269,0.3216543877702155,0.5329341317365269,0.3216543877702155,0.5329341317365269,0.3216543877702155,0.5329341317365269,0.3216543877702155,0.5329341317365269,0.3189490124268347,0.651978477344666,1.0,0.0,0.5329341317365269,0.32165438777021554,0.6381975958023761,1.0,0.0,0.0027053753433806116,0.0,0.0027053753433806116,0.0,0.0027053753433806116,0.0,0.0027053753433808336,0.0,-0.013780881542289847,0.0,0.0,,,,,,,,,
9,114,order1,frame_drop_5,68,True,True,False,0.8863636363636364,0.4919633964834922,0.8863636363636364,0.5046993334160114,0.8863636363636364,0.5046993334160114,0.8634686346863468,0.4916628192687343,0.8863636363636364,0.5080871467762067,0.8863636363636364,0.4919633964834924,0.55589227073194,1.0,0.0,0.8634686346863468,0.4916628192687344,0.5702612143808959,1.0,0.0,0.012735936932519176,0.0,0.012735936932519176,-0.013036514147277078,-0.0003005772147579022,0.0033878133601953353,-0.00030057721475801324,-0.022895001677289528,0.014368943648955912,0.0,0.0,"[0.5046993334160114,0.49497757092905476,0.4480531221403613,0.4775649606517096,0.5204711875852617,0.4916628192687343,0.4916628192687343,0.5351029077181807]","[0.8863636363636364,0.8773946360153256,0.8376068376068376,0.8387096774193549,0.9140625,0.8634686346863468,0.8634686346863468,0.9397590361445783]","[0.5140162233087293,0.49768197981244455,0.41760398814318267,0.5446429298642633,0.5284057353698818,0.5283086863679786,0.5598898144039289,0.5305275155492474]",6,0.5351029077181807,0.9397590361445783,False,0.9423494570582428,0.8311969538002367
100,45,order1,frame_drop_5,69,False,False,False,0.5028901734104047,0.29739879207917275,0.5028901734104047,0.33261714583375535,0.5028901734104047,0.33261714583375535,0.5028901734104047,0.33261714583375535,0.5028901734104047,0.33261714583375535,0.5028901734104047,0.2973987920791727,0.5897138984026344,0.0,0.0,0.5028901734104047,0.33261714583375523,0.6588618277592514,1.0,0.0,0.0352183537545826,0.0,0.0352183537545826,0.0,0.0352183537545826,0.0,0.03521835375458254,0.0,0.06914792935661696,1.0,0.0,,,,,,,,,
126,112,order1,frame_drop_5,70,False,False,False,0.5817307692307693,0.2990806345616297,0.5817307692307693,0.2955754118922026,0.5817307692307693,0.2955754118922026,0.5817307692307693,0.2955754118922026,0.5817307692307693,0.2955754118922026,0.5817307692307693,0.2990806345616297,0.5146558475614393,0.0,0.0,0.5817307692307693,0.2955754118922027,0.509143024218665,0.0,0.0,-0.0035052226694270994,0.0,-0.0035052226694270994,0.0,-0.0035052226694270994,0.0,-0.0035052226694269883,0.0,-0.0055128233427743645,0.0,0.0,,,,,,,,,
55,16,order1,frame_drop_5,71,False,False,True,0.8383838383838383,0.45163973554983,0.8383838383838383,0.4392945385044267,0.8383838383838383,0.4392945385044267,0.8383838383838383,0.4392945385044267,0.8383838383838383,0.4392945385044267,0.8383838383838383,0.4516397355498297,0.5232403812315551,1.0,0.0,0.8383838383838383,0.43929453850442657,0.48298489847901155,1.0,0.0,-0.012345197045403322,0.0,-0.012345197045403322,0.0,-0.012345197045403322,0.0,-0.012345197045403156,0.0,-0.04025548275254359,0.0,0.0,,,,,,,,,
27,7,order1,frame_drop_5,72,True,True,False,0.8352601156069365,0.4803397433247024,0.8352601156069365,0.5035862498183927,0.8352601156069365,0.5035862498183927,0.8837920489296636,0.5328466129576876,0.8352601156069365,0.5164927608497393,0.8352601156069365,0.48033974332470236,0.5686358691320574,1.0,0.0,0.8837920489296636,0.5328466129576875,0.596837819049689,1.0,1.0,0.02324650649369031,0.0,0.02324650649369031,0.02926036313929492,0.05250686963298523,0.012906511031346546,0.052506869632985176,0.048531933322727094,0.028201949917631586,0.0,1.0,"[0.5035862498183927,0.4872719295193809,0.5328466129576876,0.3302176808104763,0.4676552635635897,0.49081927447088414,0.47737217106072294,0.4749185566583262]","[0.8352601156069365,0.8092485549132948,0.8837920489296636,0.5833333333333334,0.7803468208092486,0.8140845070422535,0.7917808219178082,0.7887323943661971]","[0.4673649994977062,0.45257441206355864,0.4956571404441281,0.345609978779633,0.43614042602561687,0.4550610919522928,0.4421282887914322,0.44065988331315065]",2,0.5328466129576876,0.8837920489296636,True,0.9452317791220582,0.9452317791220582
118,67,order1,frame_drop_5,73,False,False,False,0.6666666666666666,0.3960806916399485,0.6666666666666666,0.4868765869570195,0.6666666666666666,0.4868765869570195,0.6666666666666666,0.4868765869570195,0.6666666666666666,0.4868765869570195,0.6666666666666666,0.3960806916399483,0.5736179484599941,1.0,0.0,0.6666666666666666,0.4868765869570196,0.727762187359957,1.0,0.0,0.090795895317071,0.0,0.090795895317071,0.0,0.090795895317071,0.0,0.09079589531707127,0.0,0.15414423889996287,0.0,0.0,,,,,,,,,
96,47,order1,frame_drop_5,74,False,False,True,0.6080246913580247,0.46504406239926616,0.6080246913580247,0.4753749535074532,0.6080246913580247,0.4753749535074532,0.6080246913580247,0.4753749535074532,0.6080246913580247,0.4753749535074532,0.6080246913580247,0.46504406239926627,0.7629016406656038,1.0,0.0,0.6080246913580247,0.4753749535074529,0.7809150158810305,1.0,0.0,0.010330891108187024,0.0,0.010330891108187024,0.0,0.010330891108187024,0.0,0.010330891108186635,0.0,0.018013375215426675,0.0,0.0,,,,,,,,,
24,73,order1,frame_drop_5,75,False,False,True,0.6883116883116883,0.24603586560282922,0.6883116883116883,0.2115890535174488,0.6883116883116883,0.2115890535174488,0.6883116883116883,0.2115890535174488,0.6883116883116883,0.2115890535174488,0.6883116883116883,0.24603586560282925,0.3039270654357781,0.0,0.0,0.6883116883116883,0.21158905351744892,0.27477942359504226,0.0,0.0,-0.03444681208538042,0.0,-0.03444681208538042,0.0,-0.03444681208538042,0.0,-0.034446812085380335,0.0,-0.029147641840735816,0.0,0.0,,,,,,,,,
0,71,order1,frame_drop_5,76,True,True,False,0.8232323232323232,0.2094131013025509,0.8232323232323232,0.19611511546267318,0.8232323232323232,0.19611511546267318,0.7912621359223301,0.1884989944738315,0.8232323232323232,0.19789035635848215,0.8232323232323232,0.20941310130255092,0.24469596412006595,0.0,0.0,0.7912621359223301,0.18849899447383142,0.2315005559523048,0.0,0.0,-0.013297985839877707,0.0,-0.013297985839877707,-0.007616120988841679,-0.020914106828719387,0.001775240895808966,-0.020914106828719498,-0.031970187309993126,-0.013195408167761158,0.0,0.0,"[0.19611511546267318,0.1383716486087392,0.19530797443911482,0.20388598823446724,0.19110958864776217,0.1884989944738315,0.21239313289745418,0.20315814183102923]","[0.8232323232323232,0.44387755102040816,0.8010204081632653,0.8636363636363636,0.7602040816326531,0.7912621359223301,0.9040404040404041,0.8418367346938775]","[0.3225936147274377,0.15089876957983955,0.2998734074070137,0.3089534223396285,0.27715320008658956,0.34531382204786176,0.2964199291857407,0.28719389119130834]",5,0.21239313289745418,0.9040404040404041,False,0.7841987300492654,0.5209492440088563
75,40,order1,frame_drop_5,77,False,False,False,0.30422535211267604,0.20153430554667234,0.30422535211267604,0.20292145422623006,0.30422535211267604,0.20292145422623006,0.30422535211267604,0.20292145422623006,0.30422535211267604,0.20292145422623006,0.30422535211267604,0.20153430554667232,0.6684330888250077,0.0,0.0,0.30422535211267604,0.20292145422622992,0.6728400026509497,0.0,0.0,0.0013871486795577204,0.0,0.0013871486795577204,0.0,0.0013871486795577204,0.0,0.0013871486795576093,0.0,0.004406913825941938,0.0,0.0,,,,,,,,,
88,20,order1,frame_drop_5,78,False,False,True,0.6535087719298246,0.24127916986088493,0.6535087719298246,0.20779288626595976,0.6535087719298246,0.20779288626595976,0.6535087719298246,0.20779288626595976,0.6535087719298246,0.20779288626595976,0.6535087719298246,0.24127916986088505,0.3685853850180256,0.0,0.0,0.6535087719298246,0.2077928862659599,0.3175226547977386,0.0,0.0,-0.03348628359492517,0.0,-0.03348628359492517,0.0,-0.03348628359492517,0.0,-0.03348628359492514,0.0,-0.05106273022028701,0.0,0.0,,,,,,,,,
53,103,order1,frame_drop_5,79,False,False,True,0.6885964912280702,0.4262771796321181,0.6885964912280702,0.4293669071022096,0.6885964912280702,0.4293669071022096,0.6885964912280702,0.4293669071022096,0.6885964912280702,0.4293669071022096,0.6885964912280702,0.42627717963211853,0.5900949082643167,1.0,0.0,0.6885964912280702,0.4293669071022094,0.593824157028765,1.0,0.0,0.003089727470091508,0.0,0.003089727470091508,0.0,0.003089727470091508,0.0,0.003089727470090897,0.0,0.0037292487644483563,0.0,0.0,,,,,,,,,
99,12,order1,frame_drop_5,80,True,True,True,0.0,0.0,0.0,0.0,0.0,0.0,0.0,0.0,0.0,0.0,0.0,0.0,0.5070704046938872,0.0,0.0,0.0,0.0,0.5245295626860873,0.0,0.0,0.0,0.0,0.0,0.0,0.0,0.0,0.0,0.0,0.017459157992200103,0.0,0.0,"[0.0,0.0,0.0,0.0,0.0,0.11246507455254158,0.0,0.0]","[0.0,0.0,0.0,0.0,0.0,0.21603563474387527,0.0,0.0]","[0.31274022202377233,0.349873681627718,0.3813230013245915,0.38668188155849104,0.34708868050830993,0.21922837994608388,0.2999270651232749,0.3360172981969173]",3,0.11246507455254158,0.21603563474387527,False,0.8038431974065384,0.0
72,21,order1,frame_drop_5,81,False,False,True,0.7905604719764012,0.46414686086096923,0.7905604719764012,0.5114684234255128,0.7905604719764012,0.5114684234255128,0.7905604719764012,0.5114684234255128,0.7905604719764012,0.5114684234255128,0.7905604719764012,0.4641468608609693,0.5869906758157867,1.0,0.0,0.7905604719764012,0.5114684234255129,0.6466404373708677,1.0,1.0,0.04732156256454356,0.0,0.04732156256454356,0.0,0.04732156256454356,0.0,0.04732156256454362,0.0,0.05964976155508106,0.0,1.0,,,,,,,,,
110,93,order1,frame_drop_5,82,False,False,True,0.8664688427299704,0.5702289939048136,0.8664688427299704,0.5545989055396929,0.8664688427299704,0.5545989055396929,0.8664688427299704,0.5545989055396929,0.8664688427299704,0.5545989055396929,0.8664688427299704,0.5702289939048136,0.6686215232174779,1.0,1.0,0.8664688427299704,0.5545989055396932,0.6373907380127392,1.0,1.0,-0.015630088365120698,0.0,-0.015630088365120698,0.0,-0.015630088365120698,0.0,-0.015630088365120476,0.0,-0.031230785204738765,0.0,0.0,,,,,,,,,
56,72,order1,frame_drop_5,83,False,False,True,0.7911764705882353,0.4435841027076999,0.7911764705882353,0.4444571113761825,0.7911764705882353,0.4444571113761825,0.7911764705882353,0.4444571113761825,0.7911764705882353,0.4444571113761825,0.7911764705882353,0.4435841027076999,0.5791407164422535,1.0,0.0,0.7911764705882353,0.44445711137618255,0.5839130243058509,1.0,0.0,0.000873008668482611,0.0,0.000873008668482611,0.0,0.000873008668482611,0.0,0.0008730086684826666,0.0,0.0047723078635973915,0.0,0.0,,,,,,,,,
19,31,order1,frame_drop_5,84,True,True,False,0.46866485013623976,0.015798808600733426,0.46866485013623976,0.008222235118811901,0.46866485013623976,0.008222235118811901,0.5181818181818182,0.008924273441786822,0.46866485013623976,0.0112844888657017,0.46866485013623976,0.015798808600733433,0.036852896018430115,0.0,0.0,0.5181818181818182,0.00892427344178682,0.017442545020832183,0.0,0.0,-0.007576573481921525,0.0,-0.007576573481921525,0.0007020383229749214,-0.0068745351589466035,0.003062253746889799,-0.006874535158946612,0.049516968045578424,-0.01941035099759793,0.0,0.0,"[0.008222235118811901,0.007817513701046549,0.008924273441786822,0.008671150254609104,0.008428939353642369,0.008671150254609104,0.00890135778349253,0.009171915770832728]","[0.46866485013623976,0.44559585492227977,0.5181818181818182,0.4942528735632184,0.48044692737430167,0.4942528735632184,0.5073746312684366,0.5227963525835866]","[0.17120613038725332,0.16460172392500194,0.1861436180996457,0.17836267514424395,0.1745230980417933,0.1612549870723987,0.18196565990756444,0.16799556656953032]",2,0.009171915770832728,0.5227963525835866,False,0.9339832518482584,0.38688268003797976
90,111,order1,frame_drop_5,85,False,False,True,0.5906040268456376,0.3431510341058987,0.5906040268456376,0.3510976155587965,0.5906040268456376,0.3510976155587965,0.5906040268456376,0.3510976155587965,0.5906040268456376,0.3510976155587965,0.5906040268456376,0.34315103410589876,0.5940872898980173,1.0,0.0,0.5906040268456376,0.3510976155587965,0.6066151593259416,1.0,0.0,0.007946581452897783,0.0,0.007946581452897783,0.0,0.007946581452897783,0.0,0.007946581452897727,0.0,0.012527869427924276,0.0,0.0,,,,,,,,,
95,35,order1,frame_drop_5,86,False,False,True,0.224,0.11321112774895048,0.224,0.11271032055011718,0.224,0.11271032055011718,0.224,0.11271032055011718,0.224,0.11271032055011718,0.224,0.11321112774895045,0.4144988982369672,0.0,0.0,0.224,0.1127103205501172,0.41699092608300115,0.0,0.0,-0.0005008071988333029,0.0,-0.0005008071988333029,0.0,-0.0005008071988333029,0.0,-0.0005008071988332474,0.0,0.002492027846033973,0.0,0.0,,,,,,,,,
11,28,order1,frame_drop_5,87,False,False,False,0.5145631067961165,0.3051116485926267,0.5145631067961165,0.3191196222962702,0.5145631067961165,0.3191196222962702,0.5145631067961165,0.3191196222962702,0.5145631067961165,0.3191196222962702,0.5145631067961165,0.3051116485926266,0.602017568761895,1.0,0.0,0.5145631067961165,0.3191196222962703,0.6299330262792325,1.0,0.0,0.01400797370364354,0.0,0.01400797370364354,0.0,0.01400797370364354,0.0,0.01400797370364365,0.0,0.027915457517337483,0.0,0.0,,,,,,,,,
81,75,order1,frame_drop_5,88,True,True,True,0.24316939890710382,0.07583386158724721,0.24316939890710382,0.09380845999401305,0.24316939890710382,0.09380845999401305,0.2109004739336493,0.08135994397585018,0.24316939890710382,0.08842309983300609,0.24316939890710382,0.07583386158724723,0.4018888250605136,0.0,0.0,0.2109004739336493,0.08135994397585018,0.47528939118637653,0.0,0.0,0.017974598406765838,0.0,0.017974598406765838,-0.012448516018162867,0.005526082388602971,-0.0053853601610069635,0.005526082388602957,-0.032268924973454516,0.07340056612586293,0.0,0.0,"[0.09380845999401305,0.08135994397585018,0.1107545043800283,0.08519577260002177,0.08917895157872409,0.06071072020062561,0.05513678311024559,0.05771460673617915]","[0.24316939890710382,0.2109004739336493,0.2870967741935484,0.22084367245657568,0.23116883116883116,0.1912568306010929,0.17369727047146402,0.18181818181818182]","[0.190897033778748,0.2382116487144491,0.18692135134532897,0.22215847578983622,0.20695020670336087,0.20034642505163452,0.23315530649365596,0.21719422903537527]",1,0.1107545043800283,0.2870967741935484,False,0.770950235597394,0.0
45,110,order1,frame_drop_5,89,False,False,True,0.5028901734104047,0.2205204570121592,0.5028901734104047,0.22578145038666855,0.5028901734104047,0.22578145038666855,0.5028901734104047,0.22578145038666855,0.5028901734104047,0.22578145038666855,0.5028901734104047,0.2205204570121592,0.4374774282376588,0.0,0.0,0.5028901734104047,0.22578145038666855,0.44788286228169927,0.0,0.0,0.0052609933745093596,0.0,0.0052609933745093596,0.0,0.0052609933745093596,0.0,0.0052609933745093596,0.0,0.010405434044040485,0.0,0.0,,,,,,,,,
107,56,order1,frame_drop_5,90,False,False,True,0.7,0.46017088689799,0.7,0.4972452828040322,0.7,0.4972452828040322,0.7,0.4972452828040322,0.7,0.4972452828040322,0.7,0.46017088689799024,0.6749208933970052,1.0,0.0,0.7,0.49724528280403224,0.7202634368657036,1.0,0.0,0.03707439590604217,0.0,0.03707439590604217,0.0,0.03707439590604217,0.0,0.037074395906042,0.0,0.04534254346869837,0.0,0.0,,,,,,,,,
114,27,order1,frame_drop_5,91,False,False,False,0.44485294117647056,0.2755563172974278,0.44485294117647056,0.2759692421335562,0.44485294117647056,0.2759692421335562,0.44485294117647056,0.2759692421335562,0.44485294117647056,0.2759692421335562,0.44485294117647056,0.2755563172974278,0.5971433733256393,0.0,0.0,0.44485294117647056,0.2759692421335562,0.5978478408538018,0.0,0.0,0.00041292483612842545,0.0,0.00041292483612842545,0.0,0.00041292483612842545,0.0,0.00041292483612842545,0.0,0.0007044675281625556,0.0,0.0,,,,,,,,,
43,57,order1,frame_drop_5,92,True,True,True,0.8242424242424242,0.5939353976861155,0.8242424242424242,0.6058093314986863,0.8242424242424242,0.6058093314986863,0.7513812154696132,0.5522571253993549,0.8242424242424242,0.5905613026398624,0.8242424242424242,0.5939353976861155,0.7210677287253376,1.0,1.0,0.7513812154696132,0.5522571253993552,0.7352186220983568,1.0,1.0,0.011873933812570847,0.0,0.011873933812570847,-0.05355220609933142,-0.041678272286760576,-0.015248028858823925,-0.04167827228676024,-0.07286120877281099,0.014150893373019113,0.0,0.0,"[0.6058093314986863,0.5522571253993549,0.5316943600919322,0.6058093314986863,0.6230389676527203,0.5777950271519262,0.5777950271519262,0.5553252205404624]","[0.8242424242424242,0.7513812154696132,0.723404255319149,0.8242424242424242,0.8676470588235294,0.7861271676300579,0.7861271676300579,0.7555555555555555]","[0.3312203688298789,0.36333870762550347,0.35821085047438006,0.3129772904886682,0.26150056230283714,0.3472795382276912,0.3472795382276912,0.3424774383054368]",1,0.6230389676527203,0.8676470588235294,False,0.8266948485938851,0.4805372850173056
8,41,order1,frame_drop_5,93,False,False,False,0.7818696883852692,0.4457094913403545,0.7818696883852692,0.45800493906216494,0.7818696883852692,0.45800493906216494,0.7818696883852692,0.45800493906216494,0.7818696883852692,0.45800493906216494,0.7818696883852692,0.4457094913403545,0.5701760399540905,1.0,0.0,0.7818696883852692,0.45800493906216494,0.5858776444498123,1.0,0.0,0.01229544772181046,0.0,0.01229544772181046,0.0,0.01229544772181046,0.0,0.01229544772181046,0.0,0.015701604495721777,0.0,0.0,,,,,,,,,
71,105,order1,frame_drop_5,94,False,False,False,0.0,0.0,0.0,0.0,0.0,0.0,0.0,0.0,0.0,0.0,0.0,0.0,0.5499711986113655,0.0,0.0,0.0,0.0,0.5699119020075069,0.0,0.0,0.0,0.0,0.0,0.0,0.0,0.0,0.0,0.0,0.0199407033961414,0.0,0.0,,,,,,,,,
115,24,order1,frame_drop_5,95,False,False,True,0.49193548387096775,0.12110158817480708,0.49193548387096775,0.13056045597590152,0.49193548387096775,0.13056045597590152,0.49193548387096775,0.13056045597590152,0.49193548387096775,0.13056045597590152,0.49193548387096775,0.12110158817480711,0.24915870813797023,0.0,0.0,0.49193548387096775,0.13056045597590155,0.26849155590631907,0.0,0.0,0.009458867801094437,0.0,0.009458867801094437,0.0,0.009458867801094437,0.0,0.009458867801094437,0.0,0.019332847768348843,0.0,0.0,,,,,,,,,
42,42,order1,frame_drop_5,96,True,False,True,0.8538205980066446,0.11100462006232939,0.8538205980066446,0.1309185157967533,0.8538205980066446,0.1309185157967533,0.8280254777070064,0.12968614474957968,0.8538205980066446,0.1309185157967533,0.8538205980066446,0.11100462006232936,0.13153902870534978,0.0,0.0,0.8280254777070064,0.1296861447495797,0.15602087912401544,0.0,0.0,0.019913895734423898,0.0,0.019913895734423898,-0.0012323710471736082,0.01868152468725029,0.0,0.018681524687250345,-0.025795120299638152,0.024481850418665657,0.0,0.0,"[0.1309185157967533,0.06149010353156571,0.043765140827219474,0.0018378955331183227,0.0015026590150421584,0.1104847804293675,0.12968614474957968,0.1377848715203592]","[0.8538205980066446,0.6976744186046512,0.6121212121212121,0.42424242424242425,0.16363636363636364,0.8039867109634552,0.8280254777070064,0.8986013986013986]","[0.4328164334164223,0.36455343888430203,0.3735026378971817,0.28564074860088357,0.16376780538343785,0.4110303713317031,0.45605489964012286,0.4110303713317031]",6,0.1377848715203592,0.8986013986013986,False,0.8583361296601758,0.7671472517470701
121,64,order1,frame_drop_5,97,False,False,False,0.5836734693877551,0.3465745756891493,0.5836734693877551,0.3570852402637445,0.5836734693877551,0.3570852402637445,0.5836734693877551,0.3570852402637445,0.5836734693877551,0.3570852402637445,0.5836734693877551,0.34657457568914923,0.5940237560632398,1.0,0.0,0.5836734693877551,0.35708524026374466,0.6122325970184905,1.0,0.0,0.010510664574595208,0.0,0.010510664574595208,0.0,0.010510664574595208,0.0,0.01051066457459543,0.0,0.01820884095525077,0.0,0.0,,,,,,,,,
124,88,order1,frame_drop_5,98,False,False,True,0.4232209737827715,0.19522018981378297,0.4232209737827715,0.2189115611886929,0.4232209737827715,0.2189115611886929,0.4232209737827715,0.2189115611886929,0.4232209737827715,0.2189115611886929,0.4232209737827715,0.19522018981378295,0.45722623403754425,0.0,0.0,0.4232209737827715,0.21891156118869284,0.5128553286063392,0.0,0.0,0.023691371374909925,0.0,0.023691371374909925,0.0,0.023691371374909925,0.0,0.023691371374909898,0.0,0.055629094568794946,0.0,0.0,,,,,,,,,
113,52,order1,frame_drop_5,99,False,False,False,0.875968992248062,0.5239050781454013,0.875968992248062,0.5192129160590271,0.875968992248062,0.5192129160590271,0.875968992248062,0.5192129160590271,0.875968992248062,0.5192129160590271,0.875968992248062,0.5239050781454014,0.5996983364594801,1.0,1.0,0.875968992248062,0.5192129160590271,0.5939896364746318,1.0,1.0,-0.004692162086374241,0.0,-0.004692162086374241,0.0,-0.004692162086374241,0.0,-0.004692162086374352,0.0,-0.005708699984848353,0.0,0.0,,,,,,,,,
16,46,order1,frame_drop_5,100,True,True,True,0.5346938775510204,0.38317097482063056,0.5346938775510204,0.38623515419169424,0.5346938775510204,0.38623515419169424,0.5927601809954751,0.42817924333468366,0.5346938775510204,0.3941011118690053,0.5346938775510204,0.3831709748206303,0.7168213529454783,1.0,0.0,0.5927601809954751,0.428179243334684,0.7225231947929007,1.0,0.0,0.00306417937106368,0.0,0.00306417937106368,0.041944089142989416,0.045008268514053096,0.007865957677311075,0.045008268514053706,0.05806630344445474,0.005701841847422395,0.0,0.0,"[0.38623515419169424,0.37926898908603246,0.3870250011327816,0.359118075054896,0.3530881073767354,0.42817924333468366,0.37926898908603246,0.3725496566022248]","[0.5346938775510204,0.5250501002004008,0.5357873210633947,0.4971537001897533,0.48880597014925375,0.5927601809954751,0.5250501002004008,0.515748031496063]","[0.29099360861359946,0.2857452268951177,0.2915886875678195,0.2705633173067623,0.26602027653108906,0.3225947244811397,0.2857452268951177,0.2806828114579995]",5,0.42817924333468366,0.5927601809954751,True,0.8530616478631903,0.6055789374016141
103,48,order1,frame_drop_5,101,False,False,False,0.6548223350253807,0.3442390255840893,0.6548223350253807,0.3735004112691271,0.6548223350253807,0.3735004112691271,0.6548223350253807,0.3735004112691271,0.6548223350253807,0.3735004112691271,0.6548223350253807,0.34423902558408914,0.5133188600743805,1.0,0.0,0.6548223350253807,0.37350041126912703,0.5650117073779434,1.0,0.0,0.029261385685037777,0.0,0.029261385685037777,0.0,0.029261385685037777,0.0,0.02926138568503789,0.0,0.05169284730356283,0.0,0.0,,,,,,,,,
6,13,order1,frame_drop_5,102,False,False,True,0.4533678756476684,0.28336562624929157,0.4533678756476684,0.29295345057596256,0.4533678756476684,0.29295345057596256,0.4533678756476684,0.29295345057596256,0.4533678756476684,0.29295345057596256,0.4533678756476684,0.28336562624929135,0.6238783541146361,0.0,0.0,0.4533678756476684,0.29295345057596245,0.6449959275263505,0.0,0.0,0.00958782432667099,0.0,0.00958782432667099,0.0,0.00958782432667099,0.0,0.009587824326671102,0.0,0.021117573411714385,0.0,0.0,,,,,,,,,
29,74,order1,frame_drop_5,103,False,False,True,0.2465753424657534,0.17994654389952908,0.2465753424657534,0.1859022692998868,0.2465753424657534,0.1859022692998868,0.2465753424657534,0.1859022692998868,0.2465753424657534,0.1859022692998868,0.2465753424657534,0.17994654389952908,0.6100348261029778,0.0,0.0,0.2465753424657534,0.1859022692998868,0.67785732407987,0.0,0.0,0.005955725400357714,0.0,0.005955725400357714,0.0,0.005955725400357714,0.0,0.005955725400357714,0.0,0.06782249797689222,0.0,0.0,,,,,,,,,
85,127,order1,frame_drop_5,104,True,True,True,0.7486033519553073,0.46052301812318036,0.7486033519553073,0.479110195036814,0.7486033519553073,0.479110195036814,0.7928994082840237,0.5074599107194657,0.7486033519553073,0.48159451299310274,0.7486033519553073,0.46052301812318025,0.6120120111910468,1.0,0.0,0.7928994082840237,0.5074599107194655,0.6366132448394204,1.0,1.0,0.018587176913633652,0.0,0.018587176913633652,0.02834971568265171,0.04693689259628536,0.0024843179562887285,0.04693689259628525,0.04429605632871647,0.024601233648373633,0.0,1.0,"[0.479110195036814,0.4537604492676704,0.4331349743009581,0.45617406867866866,0.4398689306527631,0.34917211654652264,0.5074599107194657,0.479110195036814]","[0.7486033519553073,0.708994708994709,0.6767676767676768,0.7127659574468085,0.6379310344827587,0.5,0.7928994082840237,0.7486033519553073]","[0.31955995921737534,0.3026520248672496,0.288895114646011,0.30426187606335203,0.2697441826341395,0.30103639792841685,0.33846883254384724,0.31955995921737534]",6,0.5074599107194657,0.7928994082840237,True,0.9390844088881763,0.817698240534666
15,6,order1,frame_drop_5,105,False,False,True,0.6368715083798883,0.1435832933465595,0.6368715083798883,0.14641785617194508,0.6368715083798883,0.14641785617194508,0.6368715083798883,0.14641785617194508,0.6368715083798883,0.14641785617194508,0.6368715083798883,0.1435832933465595,0.22750691218196314,0.0,0.0,0.6368715083798883,0.14641785617194508,0.23246588549469377,0.0,0.0,0.002834562825385578,0.0,0.002834562825385578,0.0,0.002834562825385578,0.0,0.002834562825385578,0.0,0.004958973312730625,0.0,0.0,,,,,,,,,
60,83,order1,frame_drop_5,106,False,False,False,0.6927710843373494,0.24076615246393035,0.6927710843373494,0.2557915569523795,0.6927710843373494,0.2557915569523795,0.6927710843373494,0.2557915569523795,0.6927710843373494,0.2557915569523795,0.6927710843373494,0.24076615246393032,0.34634696305547225,0.0,0.0,0.6927710843373494,0.25579155695237926,0.36804979739220894,0.0,0.0,0.015025404488449134,0.0,0.015025404488449134,0.0,0.015025404488449134,0.0,0.01502540448844894,0.0,0.021702834336736698,0.0,0.0,,,,,,,,,
122,19,order1,frame_drop_5,107,False,False,True,0.7013698630136986,0.21639620105346874,0.7013698630136986,0.2361802553161318,0.7013698630136986,0.2361802553161318,0.7013698630136986,0.2361802553161318,0.7013698630136986,0.2361802553161318,0.7013698630136986,0.2163962010534688,0.30399959459772175,0.0,0.0,0.7013698630136986,0.2361802553161319,0.3317041143838548,0.0,0.0,0.019784054262663053,0.0,0.019784054262663053,0.0,0.019784054262663053,0.0,0.01978405426266311,0.0,0.02770451978613303,0.0,0.0,,,,,,,,,
83,89,order1,frame_drop_5,108,True,True,True,0.0,0.0,0.0,0.0,0.0,0.0,0.0,0.0,0.0,0.0,0.0,0.0,0.6131255078721807,0.0,0.0,0.0,0.0,0.5972166691535762,0.0,0.0,0.0,0.0,0.0,0.0,0.0,0.0,0.0,0.0,-0.01590883871860449,0.0,0.0,"[0.0,0.0,0.0,0.0,0.0,0.0,0.0,0.0]","[0.0,0.0,0.0,0.0,0.0,0.0,0.0,0.0]","[0.3352811359416838,0.3719718011306942,0.23861592602655887,0.16601043146350594,0.30759509673560237,0.31443753289517046,0.353626468536189,0.3169358033471785]",1,0.0,0.0,False,0.8177329360044995,0.0
89,17,order1,frame_drop_5,109,False,False,False,0.0,0.0,0.0,0.0,0.0,0.0,0.0,0.0,0.0,0.0,0.0,0.0,0.33224316342206267,0.0,0.0,0.0,0.0,0.3301086158281147,0.0,0.0,0.0,0.0,0.0,0.0,0.0,0.0,0.0,0.0,-0.0021345475939479885,0.0,0.0,,,,,,,,,
12,95,order1,frame_drop_5,110,False,False,True,0.26720647773279355,0.058305988260658186,0.26720647773279355,0.09404469832378834,0.26720647773279355,0.09404469832378834,0.26720647773279355,0.09404469832378834,0.26720647773279355,0.09404469832378834,0.26720647773279355,0.05830598826065818,0.26614148355630035,0.0,0.0,0.26720647773279355,0.09404469832378837,0.38833564073911825,0.0,0.0,0.035738710063130154,0.0,0.035738710063130154,0.0,0.035738710063130154,0.0,0.03573871006313019,0.0,0.1221941571828179,0.0,0.0,,,,,,,,,
91,100,order1,frame_drop_5,111,False,False,False,0.057279236276849645,0.02982766288800328,0.057279236276849645,0.031346127628412365,0.057279236276849645,0.031346127628412365,0.057279236276849645,0.031346127628412365,0.057279236276849645,0.031346127628412365,0.057279236276849645,0.029827662888003287,0.39685649390363326,0.0,0.0,0.057279236276849645,0.03134612762841236,0.4233348345881423,0.0,0.0,0.0015184647404090854,0.0,0.0015184647404090854,0.0,0.0015184647404090854,0.0,0.0015184647404090715,0.0,0.02647834068450905,0.0,0.0,,,,,,,,,
36,53,order1,frame_drop_5,112,True,True,False,0.6,0.14067561150467436,0.6,0.13018964112534226,0.6,0.13018964112534226,0.2216624685138539,0.050402716083168715,0.6,0.1417904311609484,0.6,0.14067561150467436,0.2323083492737742,0.0,0.0,0.2216624685138539,0.05040271608316872,0.21499206791340922,0.0,0.0,-0.010485970379332105,0.0,-0.010485970379332105,-0.07978692504217355,-0.09027289542150566,0.011600790035606129,-0.09027289542150564,-0.3783375314861461,-0.017316281360364977,0.0,0.0,"[0.13018964112534226,0.12399013440508788,0.14354524109935457,0.050402716083168715,0.13784785530918592,0.13784785530918592,0.14646334626601004,0.11835421920485661]","[0.6,0.5714285714285714,0.6604938271604939,0.2216624685138539,0.6352941176470588,0.6352941176470588,0.675,0.5454545454545454]","[0.2788137030898488,0.2928954012346697,0.2540092149080589,0.3831906685481239,0.2682084877911181,0.2631673718178256,0.25243151792105234,0.2682900774797333]",3,0.14646334626601004,0.675,False,0.8585903732864945,0.2337661797209485
120,86,order1,frame_drop_5,113,False,False,False,0.6170212765957447,0.3552893314485802,0.6170212765957447,0.39168373493293157,0.6170212765957447,0.39168373493293157,0.6170212765957447,0.39168373493293157,0.6170212765957447,0.39168373493293157,0.6170212765957447,0.35528933144858016,0.5770424767686243,1.0,0.0,0.6170212765957447,0.3916837349329316,0.6359713870952803,1.0,0.0,0.036394403484351356,0.0,0.036394403484351356,0.0,0.036394403484351356,0.0,0.03639440348435147,0.0,0.05892891032665604,0.0,0.0,,,,,,,,,
1,32,order1,frame_drop_5,114,False,False,False,0.7212121212121212,0.29296352724815217,0.7212121212121212,0.32309400265222893,0.7212121212121212,0.32309400265222893,0.7212121212121212,0.32309400265222893,0.7212121212121212,0.32309400265222893,0.7212121212121212,0.29296352724815217,0.41535648525407587,0.0,0.0,0.7212121212121212,0.323094002652229,0.459359282901654,1.0,0.0,0.030130475404076762,0.0,0.030130475404076762,0.0,0.030130475404076762,0.0,0.030130475404076817,0.0,0.04400279764757814,1.0,0.0,,,,,,,,,
58,43,order1,frame_drop_5,115,False,False,True,0.6243093922651933,0.4463872316734446,0.6243093922651933,0.4632759990268141,0.6243093922651933,0.4632759990268141,0.6243093922651933,0.4632759990268141,0.6243093922651933,0.4632759990268141,0.6243093922651933,0.44638723167344463,0.7087376222183639,1.0,0.0,0.6243093922651933,0.46327599902681393,0.7355522440688887,1.0,0.0,0.016888767353369527,0.0,0.016888767353369527,0.0,0.016888767353369527,0.0,0.016888767353369305,0.0,0.026814621850524856,0.0,0.0,,,,,,,,,
20,51,order1,frame_drop_5,116,True,True,True,0.16129032258064516,0.0762338369190863,0.16129032258064516,0.08763835797289005,0.16129032258064516,0.08763835797289005,0.2995391705069124,0.12688474291939517,0.16129032258064516,0.08906432437641394,0.16129032258064516,0.0762338369190863,0.40703294050968297,0.0,0.0,0.2995391705069124,0.12688474291939514,0.44889969067663565,0.0,0.0,0.01140452105380374,0.0,0.01140452105380374,0.03924638494650512,0.05065090600030886,0.0014259664035238956,0.05065090600030883,0.13824884792626727,0.04186675016695268,0.0,0.0,"[0.08763835797289005,0.05158577802982695,0.12688474291939517,0.09099293626850306,0.13174157518425242,0.10892332844984175,0.11309264245749119,0.08489965928623723]","[0.16129032258064516,0.09216589861751152,0.2995391705069124,0.1674641148325359,0.31100478468899523,0.2304147465437788,0.23923444976076555,0.15625]","[0.24791507193550744,0.22452685760196897,0.2946915006025843,0.23544135762428692,0.2822177862913638,0.2713032862690459,0.25882957195782536,0.25882957195782536]",2,0.13174157518425242,0.31100478468899523,False,0.8770742757254169,0.3297819454230332
32,96,order1,frame_drop_5,117,False,False,True,0.5866666666666667,0.3441557460844168,0.5866666666666667,0.3613122177369647,0.5866666666666667,0.3613122177369647,0.5866666666666667,0.3613122177369647,0.5866666666666667,0.3613122177369647,0.5866666666666667,0.3441557460844168,0.6020723903789571,1.0,0.0,0.5866666666666667,0.36131221773696487,0.6329698085120266,1.0,0.0,0.01715647165254791,0.0,0.01715647165254791,0.0,0.01715647165254791,0.0,0.017156471652548078,0.0,0.030897418133069454,0.0,0.0,,,,,,,,,
64,97,order1,frame_drop_5,118,False,False,True,0.83,0.19945785860632423,0.83,0.19298463082967188,0.83,0.19298463082967188,0.83,0.19298463082967188,0.83,0.19298463082967188,0.83,0.19945785860632423,0.2148137660500204,0.0,0.0,0.83,0.19298463082967182,0.2070657990199061,0.0,0.0,-0.006473227776652352,0.0,-0.006473227776652352,0.0,-0.006473227776652352,0.0,-0.006473227776652407,0.0,-0.0077479670301142944,0.0,0.0,,,,,,,,,
82,119,order1,frame_drop_5,119,False,False,True,0.3326612903225806,0.21984319782084577,0.3326612903225806,0.2241213958884291,0.3326612903225806,0.2241213958884291,0.3326612903225806,0.2241213958884291,0.3326612903225806,0.2241213958884291,0.3326612903225806,0.2198431978208456,0.6288168632362167,0.0,0.0,0.3326612903225806,0.22412139588842903,0.6368418260369039,0.0,0.0,0.004278198067583339,0.0,0.004278198067583339,0.0,0.004278198067583339,0.0,0.004278198067583422,0.0,0.008024962800687208,0.0,0.0,,,,,,,,,
117,59,order1,frame_drop_5,120,True,True,True,0.35390946502057613,0.1813455339097275,0.35390946502057613,0.20448913904147945,0.35390946502057613,0.20448913904147945,0.3659574468085106,0.2114504714343809,0.35390946502057613,0.20725921477989523,0.35390946502057613,0.18134553390972746,0.5137746936677393,0.0,0.0,0.3659574468085106,0.21145047143438087,0.5788272596983088,0.0,0.0,0.023143605131751954,0.0,0.023143605131751954,0.006961332392901448,0.030104937524653402,0.0027700757384157837,0.030104937524653402,0.01204798178793448,0.06505256603056953,0.0,0.0,"[0.20448913904147945,0.19797155692063548,0.1667478549901997,0.17546271484756898,0.22755711178733537,0.2114504714343809,0.1926002356088353,0.17134779581751555]","[0.35390946502057613,0.3426294820717131,0.28859060402684567,0.27751196172248804,0.37327188940092165,0.3659574468085106,0.3333333333333333,0.296551724137931]","[0.3823167595299873,0.3707343574405483,0.34685411302356345,0.3271675033616229,0.36171316306194823,0.394646210528183,0.3611605720835249,0.35642250234835143]",5,0.22755711178733537,0.37327188940092165,False,0.8214527865081156,0.3478839467563924
116,87,order1,frame_drop_5,121,False,False,True,0.7617021276595745,0.502131146754006,0.7617021276595745,0.5193130107434201,0.7617021276595745,0.5193130107434201,0.7617021276595745,0.5193130107434201,0.7617021276595745,0.5193130107434201,0.7617021276595745,0.5021311467540062,0.6594824761978265,1.0,1.0,0.7617021276595745,0.5193130107434202,0.6819754216702912,1.0,1.0,0.017181863989414015,0.0,0.017181863989414015,0.0,0.017181863989414015,0.0,0.017181863989414015,0.0,0.02249294547246472,0.0,0.0,,,,,,,,,
106,80,order1,frame_drop_5,122,False,False,True,0.4473684210526316,0.23801653615873808,0.4473684210526316,0.2475858446722713,0.4473684210526316,0.2475858446722713,0.4473684210526316,0.2475858446722713,0.4473684210526316,0.2475858446722713,0.4473684210526316,0.23801653615873808,0.5348801627145893,0.0,0.0,0.4473684210526316,0.2475858446722713,0.5554971458925836,0.0,0.0,0.009569308513533215,0.0,0.009569308513533215,0.0,0.009569308513533215,0.0,0.009569308513533215,0.0,0.02061698317799432,0.0,0.0,,,,,,,,,
33,63,order1,frame_drop_5,123,False,False,False,0.5464362850971922,0.13336218788511453,0.5464362850971922,0.18267002645455166,0.5464362850971922,0.18267002645455166,0.5464362850971922,0.18267002645455166,0.5464362850971922,0.18267002645455166,0.5464362850971922,0.13336218788511456,0.24427018905636325,0.0,0.0,0.5464362850971922,0.18267002645455158,0.3339254516093849,0.0,0.0,0.04930783856943713,0.0,0.04930783856943713,0.0,0.04930783856943713,0.0,0.04930783856943702,0.0,0.08965526255302167,0.0,0.0,,,,,,,,,
49,14,order1,frame_drop_5,124,True,False,False,0.7202380952380952,0.45801221798928055,0.7202380952380952,0.42973437682693927,0.7202380952380952,0.42973437682693927,0.8683385579937304,0.5007801693021146,0.7202380952380952,0.42973437682693927,0.7202380952380952,0.45801221798928066,0.613863203884986,1.0,0.0,0.8683385579937304,0.5007801693021146,0.5761199335176752,1.0,1.0,-0.028277841162341277,0.0,-0.028277841162341277,0.07104579247517528,0.04276795131283401,0.0,0.042767951312833896,0.14810046275563515,-0.037743270367310844,0.0,1.0,"[0.42973437682693927,0.4408400389171304,0.47262980475554595,0.5007801693021146,0.22790932580149095,0.4415619284827266,0.455491326857576,0.4529732509974184]","[0.7202380952380952,0.7470238095238095,0.8195266272189349,0.8683385579937304,0.40794223826714804,0.7400611620795107,0.7634069400630915,0.7675840978593272]","[0.36945139360210727,0.38120329744556086,0.4177647760696388,0.4394274746234586,0.24802267057411342,0.3792954819341005,0.38845939762951515,0.39136051703516317]",3,0.5007801693021146,0.8683385579937304,True,0.8473120759797484,0.8426862279786463
51,60,order1,frame_drop_5,125,False,False,True,0.5082872928176796,0.17656937496089367,0.5082872928176796,0.17999100773026994,0.5082872928176796,0.17999100773026994,0.5082872928176796,0.17999100773026994,0.5082872928176796,0.17999100773026994,0.5082872928176796,0.1765693749608936,0.3596257789416939,0.0,0.0,0.5082872928176796,0.17999100773027,0.34694944785534365,0.0,0.0,0.003421632769376265,0.0,0.003421632769376265,0.0,0.003421632769376265,0.0,0.0034216327693764037,0.0,-0.012676331086350245,0.0,0.0,,,,,,,,,
97,124,order1,frame_drop_5,126,False,False,True,0.28044280442804426,0.0683834577235476,0.28044280442804426,0.061971023744596836,0.28044280442804426,0.061971023744596836,0.28044280442804426,0.061971023744596836,0.28044280442804426,0.061971023744596836,0.28044280442804426,0.06838345772354762,0.21753269732851452,0.0,0.0,0.28044280442804426,0.06197102374459685,0.20139959866130772,0.0,0.0,-0.00641243397895077,0.0,-0.00641243397895077,0.0,-0.00641243397895077,0.0,-0.00641243397895077,0.0,-0.016133098667206802,0.0,0.0,,,,,,,,,
76,39,order1,frame_drop_5,127,False,False,False,0.7313432835820896,0.1304607662383102,0.7313432835820896,0.10808696314340452,0.7313432835820896,0.10808696314340452,0.7313432835820896,0.10808696314340452,0.7313432835820896,0.10808696314340452,0.7313432835820896,0.13046076623831024,0.18157101623159433,0.0,0.0,0.7313432835820896,0.1080869631434045,0.15108694628148966,0.0,0.0,-0.022373803094905692,0.0,-0.022373803094905692,0.0,-0.022373803094905692,0.0,-0.022373803094905734,0.0,-0.030484069950104664,0.0,0.0,,,,,,,,,
48,113,order1,frame_freeze_5,0,True,False,True,0.5476190476190477,0.33249192757169893,0.5476190476190477,0.33249192757169893,0.5476190476190477,0.33249192757169893,0.5847457627118644,0.3550337531697802,0.5476190476190477,0.33249192757169893,0.5476190476190477,0.332491927571699,0.6076017678560522,1.0,0.0,0.5847457627118644,0.35503375316978025,0.6076017678560522,1.0,0.0,0.0,0.0,0.0,0.022541825598081267,0.022541825598081267,0.0,0.022541825598081267,0.03712671509281673,0.0,0.0,0.0,"[0.33249192757169893,0.3126416632390602,0.2950280484086906,0.31621988003735346,0.3126416632390602,0.3550337531697802,0.33249192757169893,0.3550337531697802]","[0.5476190476190477,0.5149253731343284,0.4859154929577465,0.5,0.5149253731343284,0.5847457627118644,0.5476190476190477,0.5847457627118644]","[0.5147022145957312,0.48397372417210544,0.4567075988666347,0.32516330100636676,0.48397372417210544,0.5154157939949894,0.4836557095096333,0.49180861895232253]",5,0.3550337531697802,0.5847457627118644,True,0.8536012621893398,0.5728699178933692
104,66,order1,frame_freeze_5,1,False,False,False,0.28735632183908044,0.20701721964845698,0.28735632183908044,0.20701721964845698,0.28735632183908044,0.20701721964845698,0.28735632183908044,0.20701721964845698,0.28735632183908044,0.20701721964845698,0.28735632183908044,0.20701721964845696,0.6772718627873243,0.0,0.0,0.28735632183908044,0.20701721964845696,0.6772718627873243,0.0,0.0,0.0,0.0,0.0,0.0,0.0,0.0,0.0,0.0,0.0,0.0,0.0,,,,,,,,,
57,106,order1,frame_freeze_5,2,False,False,True,0.17647058823529413,0.09905111767619977,0.17647058823529413,0.09905111767619977,0.17647058823529413,0.09905111767619977,0.17647058823529413,0.09905111767619977,0.17647058823529413,0.09905111767619977,0.17647058823529413,0.09905111767619976,0.5912600103934936,0.0,0.0,0.17647058823529413,0.09905111767619976,0.5912600103934936,0.0,0.0,0.0,0.0,0.0,0.0,0.0,0.0,0.0,0.0,0.0,0.0,0.0,,,,,,,,,
18,25,order1,frame_freeze_5,3,False,False,True,0.8263888888888888,0.47362624496931016,0.8263888888888888,0.47362624496931016,0.8263888888888888,0.47362624496931016,0.8263888888888888,0.47362624496931016,0.8263888888888888,0.47362624496931016,0.8263888888888888,0.47362624496931005,0.5711932445851695,1.0,0.0,0.8263888888888888,0.47362624496931005,0.5711932445851695,1.0,0.0,0.0,0.0,0.0,0.0,0.0,0.0,0.0,0.0,0.0,0.0,0.0,,,,,,,,,
23,36,order1,frame_freeze_5,4,True,False,True,0.21465968586387435,0.08373085965531356,0.21465968586387435,0.08373085965531356,0.21465968586387435,0.08373085965531356,0.29906542056074764,0.10235862641248786,0.21465968586387435,0.08373085965531356,0.21465968586387435,0.08373085965531354,0.3402699108789405,0.0,0.0,0.29906542056074764,0.10235862641248787,0.3402699108789405,0.0,0.0,0.0,0.0,0.0,0.0186277667571743,0.0186277667571743,0.0,0.018627766757174327,0.08440573469687329,0.0,0.0,0.0,"[0.08373085965531356,0.08578882265903029,0.10235862641248786,0.08715310187555798,0.08373085965531356,0.08529383570221274,0.08201330355981995,0.08928564966958859]","[0.21465968586387435,0.2506527415143603,0.29906542056074764,0.22343324250681199,0.17277486910994763,0.21866666666666668,0.21025641025641026,0.2608695652173913]","[0.30452449074594784,0.3215544119929023,0.3740669500726058,0.3152308536046412,0.28986377637306115,0.30942883334996485,0.29910650538746264,0.33285950671673487]",2,0.10235862641248786,0.29906542056074764,True,0.6905183154637673,0.28080376091768106
10,1,order1,frame_freeze_5,5,False,False,True,0.1925925925925926,0.12122924187680531,0.1925925925925926,0.12122924187680531,0.1925925925925926,0.12122924187680531,0.1925925925925926,0.12122924187680531,0.1925925925925926,0.12122924187680531,0.1925925925925926,0.12122924187680534,0.5841578062736994,0.0,0.0,0.1925925925925926,0.12122924187680534,0.5841578062736994,0.0,0.0,0.0,0.0,0.0,0.0,0.0,0.0,0.0,0.0,0.0,0.0,0.0,,,,,,,,,
54,109,order1,frame_freeze_5,6,False,False,True,0.33557046979865773,0.0066982690485687165,0.33557046979865773,0.0066982690485687165,0.33557046979865773,0.0066982690485687165,0.33557046979865773,0.0066982690485687165,0.33557046979865773,0.0066982690485687165,0.33557046979865773,0.0066982690485687165,0.019763209668054234,0.0,0.0,0.33557046979865773,0.0066982690485687165,0.019763209668054234,0.0,0.0,0.0,0.0,0.0,0.0,0.0,0.0,0.0,0.0,0.0,0.0,0.0,,,,,,,,,
80,92,order1,frame_freeze_5,7,False,False,False,0.9178082191780822,0.6386328972708114,0.9178082191780822,0.6386328972708114,0.9178082191780822,0.6386328972708114,0.9178082191780822,0.6386328972708114,0.9178082191780822,0.6386328972708114,0.9178082191780822,0.6386328972708116,0.6952037503093766,1.0,1.0,0.9178082191780822,0.6386328972708116,0.6952037503093766,1.0,1.0,0.0,0.0,0.0,0.0,0.0,0.0,0.0,0.0,0.0,0.0,0.0,,,,,,,,,
105,90,order1,frame_freeze_5,8,True,True,False,0.44256756756756754,0.20439915810720777,0.44256756756756754,0.20439915810720777,0.44256756756756754,0.20439915810720777,0.4106583072100313,0.18966191473270688,0.44256756756756754,0.20991795331242402,0.44256756756756754,0.20439915810720768,0.47102566246386274,0.0,0.0,0.4106583072100313,0.18966191473270683,0.47102566246386274,0.0,0.0,0.0,0.0,0.0,-0.014737243374500886,-0.014737243374500886,0.005518795205216254,-0.014737243374500858,-0.03190926035753622,0.0,0.0,0.0,"[0.20439915810720777,0.21652931030123884,0.18966191473270688,0.2216195999990238,0.16468050363028666,0.21007691249907465,0.1990202328938602,0.22250253265437647]","[0.44256756756756754,0.4597315436241611,0.4106583072100313,0.47985347985347987,0.4075471698113208,0.4548611111111111,0.4309210526315789,0.4724137931034483]","[0.40245194625272435,0.3932767418487045,0.44116926216867447,0.3637346303367741,0.37545078947220484,0.38898505376021986,0.4159188387452287,0.3801168710825358]",2,0.22250253265437647,0.47985347985347987,False,0.7836196808668087,0.22950829996103345
87,125,order1,frame_freeze_5,9,False,False,False,0.465,0.21717810681463245,0.465,0.21109899399789925,0.465,0.21109899399789925,0.465,0.21109899399789925,0.465,0.21109899399789925,0.465,0.21717810681463234,0.4034542145048452,0.0,0.0,0.465,0.21109899399789928,0.3924844603243345,0.0,0.0,-0.0060791128167332065,0.0,-0.0060791128167332065,0.0,-0.0060791128167332065,0.0,-0.006079112816733068,0.0,-0.010969754180510716,0.0,0.0,,,,,,,,,
28,55,order1,frame_freeze_5,10,False,False,False,0.4789473684210526,0.030176285262419607,0.4789473684210526,0.03271080058031005,0.4789473684210526,0.03271080058031005,0.4789473684210526,0.03271080058031005,0.4789473684210526,0.03271080058031005,0.4789473684210526,0.03017628526241962,0.0615058699161912,0.0,0.0,0.4789473684210526,0.03271080058031004,0.06738996403247578,0.0,0.0,0.0025345153178904407,0.0,0.0025345153178904407,0.0,0.0025345153178904407,0.0,0.00253451531789042,0.0,0.0058840941162845856,0.0,0.0,,,,,,,,,
78,62,order1,frame_freeze_5,11,False,False,True,0.9673469387755103,0.2363375786220631,0.9673469387755103,0.2394750398336509,0.9673469387755103,0.2394750398336509,0.9673469387755103,0.2394750398336509,0.9673469387755103,0.2394750398336509,0.9673469387755103,0.23633757862206317,0.24328868387565328,0.0,0.0,0.9673469387755103,0.23947503983365087,0.24651842335817,0.0,0.0,0.003137461211587811,0.0,0.003137461211587811,0.0,0.003137461211587811,0.0,0.0031374612115877,0.0,0.0032297394825167303,0.0,0.0,,,,,,,,,
70,58,order1,frame_freeze_5,12,True,True,False,0.5227272727272727,0.3035081612829609,0.5227272727272727,0.35205335824879114,0.5227272727272727,0.35205335824879114,0.5681818181818182,0.37270176759752266,0.5227272727272727,0.35716120811669555,0.5227272727272727,0.3035081612829607,0.4276115169111233,1.0,0.0,0.5681818181818182,0.3727017675975228,0.482382594579878,1.0,0.0,0.04854519696583026,0.0,0.04854519696583026,0.020648409348731522,0.06919360631456178,0.005107849867904413,0.06919360631456212,0.045454545454545525,0.054771077668754664,0.0,0.0,"[0.35205335824879114,0.23832662945392497,0.14795937488133568,0.18775358680435345,0.362347316092323,0.37270176759752266,0.32601511050418075,0.3801312334465475]","[0.5227272727272727,0.3409090909090909,0.21022727272727273,0.3902439024390244,0.5380116959064327,0.5681818181818182,0.4772727272727273,0.5644171779141104]","[0.4144816314354703,0.29856868115489155,0.2152562481407256,0.16466366247861686,0.4292871997319632,0.443459869005615,0.3855033938653256,0.43050422210492684]",5,0.3801312334465475,0.5681818181818182,False,0.8282372324817289,0.6788312320583265
93,116,order1,frame_freeze_5,13,False,False,True,0.6473988439306358,0.43560635314377694,0.6473988439306358,0.4433213725915057,0.6473988439306358,0.4433213725915057,0.6473988439306358,0.4433213725915057,0.6473988439306358,0.4433213725915057,0.6473988439306358,0.4356063531437771,0.674196413563988,1.0,0.0,0.6473988439306358,0.44332137259150584,0.6861076537665172,1.0,0.0,0.007715019447728788,0.0,0.007715019447728788,0.0,0.007715019447728788,0.0,0.007715019447728733,0.0,0.011911240202529205,0.0,0.0,,,,,,,,,
44,70,order1,frame_freeze_5,14,False,False,True,0.44387755102040816,0.19196821514949383,0.44387755102040816,0.19282280740795854,0.44387755102040816,0.19282280740795854,0.44387755102040816,0.19282280740795854,0.44387755102040816,0.19282280740795854,0.44387755102040816,0.1919682151494939,0.4226343066578102,0.0,0.0,0.44387755102040816,0.1928228074079585,0.42633182683123233,0.0,0.0,0.0008545922584647092,0.0,0.0008545922584647092,0.0,0.0008545922584647092,0.0,0.0008545922584646259,0.0,0.0036975201734221197,0.0,0.0,,,,,,,,,
2,91,order1,frame_freeze_5,15,False,False,True,0.41118421052631576,0.28412546837642405,0.41118421052631576,0.2824788771743027,0.41118421052631576,0.2824788771743027,0.41118421052631576,0.2824788771743027,0.41118421052631576,0.2824788771743027,0.41118421052631576,0.28412546837642383,0.699581506508192,0.0,0.0,0.41118421052631576,0.28247887717430253,0.6990486182266435,0.0,0.0,-0.0016465912021213502,0.0,-0.0016465912021213502,0.0,-0.0016465912021213502,0.0,-0.0016465912021212947,0.0,-0.0005328882815484048,0.0,0.0,,,,,,,,,
69,4,order1,frame_freeze_5,16,True,True,True,0.3778801843317972,0.15969994186030514,0.3778801843317972,0.18412720607278485,0.3778801843317972,0.18412720607278485,0.08906882591093117,0.04451451704364295,0.3778801843317972,0.19362387835153316,0.3778801843317972,0.1596999418603052,0.36561842012911083,0.0,0.0,0.08906882591093117,0.04451451704364295,0.4194782866216723,0.0,0.0,0.024427264212479705,0.0,0.024427264212479705,-0.1396126890291419,-0.11518542481666219,0.009496672278748314,-0.11518542481666225,-0.288811358420866,0.05385986649256147,0.0,0.0,"[0.18412720607278485,0.17222242981807892,0.18696715438759584,0.17561287375677018,0.04451451704364295,0.13331803171705284,0.17758046096797472,0.19989115123466467]","[0.3778801843317972,0.35344827586206895,0.3879310344827586,0.3643724696356275,0.08906882591093117,0.31685393258426964,0.36444444444444446,0.4147465437788018]","[0.22927693468341923,0.25104373227994636,0.2626526909980942,0.2844194885946213,0.3759070340378489,0.20631204714432588,0.24088589340156705,0.24088589340156705]",4,0.19989115123466467,0.4147465437788018,False,0.9072968091790982,0.028375011547217416
14,3,order1,frame_freeze_5,17,False,False,True,0.4133738601823708,0.0,0.4133738601823708,0.0,0.4133738601823708,0.0,0.4133738601823708,0.0,0.4133738601823708,0.0,0.4133738601823708,0.0,0.0,0.0,0.0,0.4133738601823708,0.0,0.0,0.0,0.0,0.0,0.0,0.0,0.0,0.0,0.0,0.0,0.0,0.0,0.0,0.0,,,,,,,,,
3,38,order1,frame_freeze_5,18,False,False,False,0.7236842105263158,0.49164599645698087,0.7236842105263158,0.04368981341505815,0.7236842105263158,0.04368981341505815,0.7236842105263158,0.04368981341505815,0.7236842105263158,0.04368981341505815,0.7236842105263158,0.49164599645698104,0.5655574165341235,1.0,0.0,0.7236842105263158,0.043689813415058135,0.09817682344364924,0.0,0.0,-0.44795618304192275,0.0,-0.44795618304192275,0.0,-0.44795618304192275,0.0,-0.4479561830419229,0.0,-0.46738059309047425,-1.0,0.0,,,,,,,,,
39,8,order1,frame_freeze_5,19,False,False,True,0.9619883040935673,0.6387705328137132,0.9619883040935673,0.6364067896502156,0.9619883040935673,0.6364067896502156,0.9619883040935673,0.6364067896502156,0.9619883040935673,0.6364067896502156,0.9619883040935673,0.6387705328137138,0.6593395375818826,1.0,1.0,0.9619883040935673,0.6364067896502156,0.6567608278667606,1.0,1.0,-0.0023637431634976336,0.0,-0.0023637431634976336,0.0,-0.0023637431634976336,0.0,-0.0023637431634981887,0.0,-0.002578709715121974,0.0,0.0,,,,,,,,,
94,121,order1,frame_freeze_5,20,True,True,False,0.6402116402116402,0.394467340587596,0.6402116402116402,0.395874585242615,0.6402116402116402,0.395874585242615,0.6142131979695431,0.37979845995357475,0.6402116402116402,0.39712375241884407,0.6402116402116402,0.39446734058759586,0.616389677088724,1.0,0.0,0.6142131979695431,0.379798459953575,0.6186830390413717,1.0,0.0,0.0014072446550189577,0.0,0.0014072446550189577,-0.016076125289040233,-0.014668880634021275,0.0012491671762290824,-0.014668880634020887,-0.02599844224209713,0.002293361952647621,0.0,0.0,"[0.395874585242615,0.4133718044798576,0.395874585242615,0.37979845995357475,0.4735461810813559,0.4111005308288694,0.43000170466008175,0.43000170466008175]","[0.6402116402116402,0.6685082872928176,0.6402116402116402,0.6142131979695431,0.7658227848101266,0.6648351648351648,0.6954022988505747,0.6954022988505747]","[0.290056717480213,0.3007308065728194,0.3178366165234938,0.33494242647416816,0.27892173456406766,0.27887293419856185,0.2857632228659794,0.2662337706856144]",3,0.4735461810813559,0.7658227848101266,False,0.8155022443584354,0.44403520966714766
92,37,order1,frame_freeze_5,21,False,False,True,0.3598326359832636,0.2735000943187467,0.3598326359832636,0.2737559173527087,0.3598326359832636,0.2737559173527087,0.3598326359832636,0.2737559173527087,0.3598326359832636,0.2737559173527087,0.3598326359832636,0.2735000943187468,0.7455930877033802,0.0,0.0,0.3598326359832636,0.2737559173527087,0.7472899902070047,0.0,0.0,0.00025582303396198824,0.0,0.00025582303396198824,0.0,0.00025582303396198824,0.0,0.00025582303396193273,0.0,0.001696902503624531,0.0,0.0,,,,,,,,,
59,82,order1,frame_freeze_5,22,False,False,False,0.96415770609319,0.6379685116309041,0.96415770609319,0.6171839365643297,0.96415770609319,0.6171839365643297,0.96415770609319,0.6171839365643297,0.96415770609319,0.6171839365643297,0.96415770609319,0.6379685116309044,0.6654541949723743,1.0,1.0,0.96415770609319,0.6171839365643298,0.6438129327718719,1.0,1.0,-0.020784575066574384,0.0,-0.020784575066574384,0.0,-0.020784575066574384,0.0,-0.020784575066574607,0.0,-0.021641262200502442,0.0,0.0,,,,,,,,,
35,23,order1,frame_freeze_5,23,False,False,True,0.5472972972972973,0.1897939183241939,0.5472972972972973,0.19635045814917101,0.5472972972972973,0.19635045814917101,0.5472972972972973,0.19635045814917101,0.5472972972972973,0.19635045814917101,0.5472972972972973,0.18979391832419384,0.3914711695071031,0.0,0.0,0.5472972972972973,0.19635045814917118,0.3981520070289705,0.0,0.0,0.0065565398249771145,0.0,0.0065565398249771145,0.0,0.0065565398249771145,0.0,0.0065565398249773366,0.0,0.006680837521867433,0.0,0.0,,,,,,,,,
67,79,order1,frame_freeze_5,24,True,True,True,0.8250728862973761,0.7034662202805722,0.8250728862973761,0.7021492475203351,0.8250728862973761,0.7021492475203351,0.9825072886297376,0.8271653213587696,0.8250728862973761,0.7048400967304479,0.8250728862973761,0.7034662202805724,0.8421541245045336,1.0,1.0,0.9825072886297376,0.8271653213587702,0.8410632525834199,1.0,1.0,-0.0013169727602370118,0.0,-0.0013169727602370118,0.1250160738384345,0.12369910107819748,0.0026908492101127557,0.12369910107819782,0.1574344023323615,-0.0010908719211137896,0.0,0.0,"[0.7021492475203351,0.7398618246064658,0.8271653213587696,0.6699150740111426,0.7076276510972732,0.7196593551846328,0.6851667333841703,0.7228793104703011]","[0.8250728862973761,0.8688046647230321,0.9825072886297376,0.7784256559766763,0.8221574344023324,0.8454810495626822,0.8017492711370262,0.8454810495626822]","[0.15879501404675436,0.16721171090435616,0.1821765912690794,0.15905694885832167,0.17108894435928484,0.1627228059136352,0.15592899549323588,0.16772437435414606]",2,0.8271653213587696,0.9825072886297376,True,0.9744797478814341,0.9618033691941799
119,29,order1,frame_freeze_5,25,False,False,False,0.9470588235294117,0.6756944655886852,0.9470588235294117,0.6786161068584753,0.9470588235294117,0.6786161068584753,0.9470588235294117,0.6786161068584753,0.9470588235294117,0.6786161068584753,0.9470588235294117,0.6756944655886855,0.7131227126446932,1.0,1.0,0.9470588235294117,0.6786161068584755,0.716090922525008,1.0,1.0,0.0029216412697901095,0.0,0.0029216412697901095,0.0,0.0029216412697901095,0.0,0.0029216412697899985,0.0,0.002968209880314765,0.0,0.0,,,,,,,,,
86,69,order1,frame_freeze_5,26,False,False,True,0.6896551724137931,0.2915856773072252,0.6896551724137931,0.2926100617102131,0.6896551724137931,0.2926100617102131,0.6896551724137931,0.2926100617102131,0.6896551724137931,0.2926100617102131,0.6896551724137931,0.2915856773072253,0.422518223382275,0.0,0.0,0.6896551724137931,0.29261006171021303,0.4241322316985457,0.0,0.0,0.0010243844029879101,0.0,0.0010243844029879101,0.0,0.0010243844029879101,0.0,0.0010243844029877436,0.0,0.0016140083162706764,0.0,0.0,,,,,,,,,
38,54,order1,frame_freeze_5,27,False,False,True,0.638961038961039,0.4773754036671963,0.638961038961039,0.48333611648643693,0.638961038961039,0.48333611648643693,0.638961038961039,0.48333611648643693,0.638961038961039,0.48333611648643693,0.638961038961039,0.4773754036671962,0.7487178088097896,1.0,0.0,0.638961038961039,0.4833361164864368,0.7619471828637527,1.0,0.0,0.0059607128192406544,0.0,0.0059607128192406544,0.0,0.0059607128192406544,0.0,0.005960712819240599,0.0,0.013229374053963183,0.0,0.0,,,,,,,,,
34,22,order1,frame_freeze_5,28,True,True,False,0.6441102756892231,0.2904152616027842,0.6441102756892231,0.18585613911994991,0.6441102756892231,0.18585613911994991,0.5155709342560554,0.1835541510247565,0.6441102756892231,0.1717361478267694,0.6441102756892231,0.290415261602784,0.449130578990352,0.0,0.0,0.5155709342560554,0.18355415102475656,0.2874286802668992,0.0,0.0,-0.10455912248283428,0.0,-0.10455912248283428,-0.0023019880951934135,-0.10686111057802769,-0.014119991293180506,-0.10686111057802747,-0.1285393414331677,-0.1617018987234528,0.0,0.0,"[0.18585613911994991,0.17531110995002366,0.1835541510247565,0.10791487365489323,0.1795559310141889,0.18220294719621624,0.1786906012261687,0.18965882227329928]","[0.6441102756892231,0.607565011820331,0.5155709342560554,0.3469387755102041,0.6222760290556901,0.6314496314496314,0.619277108433735,0.639386189258312]","[0.3273840850469299,0.3349976704203825,0.3594425410038459,0.25312103754905607,0.34310899415937485,0.33768003822716947,0.3414554568381248,0.3080791728339807]",2,0.18965882227329928,0.6441102756892231,False,0.8865151635108115,0.8072479104785676
66,102,order1,frame_freeze_5,29,False,False,False,0.4293628808864266,0.14829536193328766,0.4293628808864266,0.15411662860711192,0.4293628808864266,0.15411662860711192,0.4293628808864266,0.15411662860711192,0.4293628808864266,0.15411662860711192,0.4293628808864266,0.14829536193328763,0.2783638862841344,0.0,0.0,0.4293628808864266,0.154116628607112,0.30990123396539365,0.0,0.0,0.005821266673824266,0.0,0.005821266673824266,0.0,0.005821266673824266,0.0,0.005821266673824377,0.0,0.031537347681259265,0.0,0.0,,,,,,,,,
112,5,order1,frame_freeze_5,30,False,False,True,0.4292682926829268,0.2417974624370562,0.4292682926829268,0.25201124532186425,0.4292682926829268,0.25201124532186425,0.4292682926829268,0.25201124532186425,0.4292682926829268,0.25201124532186425,0.4292682926829268,0.24179746243705622,0.5625644031351204,0.0,0.0,0.4292682926829268,0.25201124532186425,0.5864941980331702,0.0,0.0,0.010213782884808065,0.0,0.010213782884808065,0.0,0.010213782884808065,0.0,0.010213782884808037,0.0,0.023929794898049805,0.0,0.0,,,,,,,,,
47,108,order1,frame_freeze_5,31,False,False,True,0.8384615384615385,0.4868233730620974,0.8384615384615385,0.3536585143854348,0.8384615384615385,0.3536585143854348,0.8384615384615385,0.3536585143854348,0.8384615384615385,0.3536585143854348,0.8384615384615385,0.4868233730620974,0.5736403198787193,1.0,0.0,0.8384615384615385,0.3536585143854349,0.44130836900075543,1.0,0.0,-0.1331648586766626,0.0,-0.1331648586766626,0.0,-0.1331648586766626,0.0,-0.1331648586766625,0.0,-0.1323319508779639,0.0,0.0,,,,,,,,,
74,126,order1,frame_freeze_5,32,True,True,True,0.9194029850746268,0.5666092771913483,0.9194029850746268,0.6119434540980077,0.9194029850746268,0.6119434540980077,0.8955223880597015,0.5930456650809732,0.9194029850746268,0.616577691145792,0.9194029850746268,0.5666092771913487,0.6169175639869754,1.0,1.0,0.8955223880597015,0.593045665080973,0.6685464801337957,1.0,1.0,0.04533417690665931,0.0,0.04533417690665931,-0.018897789017034428,0.02643638788962488,0.0046342370477843176,0.026436387889624324,-0.023880597014925287,0.0516289161468203,0.0,0.0,"[0.6119434540980077,0.5481311687776271,0.5095932311723591,0.47479721759010546,0.5108007980708718,0.5930456650809732,0.6303536669983884,0.5976707204747305]","[0.9194029850746268,0.8235294117647058,0.7612293144208038,0.7092511013215859,0.7630331753554502,0.8955223880597015,0.9432835820895522,0.8979591836734694]","[0.27572303887340427,0.24585304299545216,0.209236632336555,0.1949495495118123,0.2097324537401961,0.28277027309381075,0.2690185272898564,0.2690185272898564]",5,0.6303536669983884,0.9432835820895522,False,0.8561663112360156,0.6555090009795953
73,94,order1,frame_freeze_5,33,False,False,True,0.7142857142857143,0.2980933829657836,0.7142857142857143,0.3083045106470666,0.7142857142857143,0.3083045106470666,0.7142857142857143,0.3083045106470666,0.7142857142857143,0.3083045106470666,0.7142857142857143,0.2980933829657836,0.4115536882587757,0.0,0.0,0.7142857142857143,0.30830451064706654,0.424650492763493,1.0,0.0,0.010211127681283017,0.0,0.010211127681283017,0.0,0.010211127681283017,0.0,0.010211127681282961,0.0,0.013096804504717285,1.0,0.0,,,,,,,,,
63,15,order1,frame_freeze_5,34,False,False,True,0.2630272952853598,0.18571215111871264,0.2630272952853598,0.18980544589973325,0.2630272952853598,0.18980544589973325,0.2630272952853598,0.18980544589973325,0.2630272952853598,0.18980544589973325,0.2630272952853598,0.18571215111871267,0.6999926354168698,0.0,0.0,0.2630272952853598,0.18980544589973317,0.718885313373324,0.0,0.0,0.004093294781020607,0.0,0.004093294781020607,0.0,0.004093294781020607,0.0,0.004093294781020496,0.0,0.018892677956454107,0.0,0.0,,,,,,,,,
37,118,order1,frame_freeze_5,35,False,False,True,0.7377049180327869,0.425789715838552,0.7377049180327869,0.2572677371926148,0.7377049180327869,0.2572677371926148,0.7377049180327869,0.2572677371926148,0.7377049180327869,0.2572677371926148,0.7377049180327869,0.42578971583855185,0.578397434674318,1.0,0.0,0.7377049180327869,0.2572677371926149,0.3508362378796292,0.0,0.0,-0.1685219786459372,0.0,-0.1685219786459372,0.0,-0.1685219786459372,0.0,-0.16852197864593693,0.0,-0.22756119679468884,-1.0,0.0,,,,,,,,,
41,98,order1,frame_freeze_5,36,True,True,True,0.07672634271099744,0.059200821350511544,0.07672634271099744,0.057301790800798724,0.07672634271099744,0.057301790800798724,0.07371007371007371,0.05504914054818747,0.07672634271099744,0.057304789795643206,0.07672634271099744,0.059200821350511544,0.6262647690635808,0.0,0.0,0.07371007371007371,0.055049140548187464,0.7151565226454036,0.0,0.0,-0.0018990305497128199,0.0,-0.0018990305497128199,-0.0022526502526112532,-0.004151680802324073,2.998994844481684e-06,-0.00415168080232408,-0.0030162690009237353,0.08889175358182289,0.0,0.0,"[0.057301790800798724,0.013503627927154175,0.01297277277522674,0.0,0.0,0.058498695047290605,0.05615288271456717,0.05504914054818747]","[0.07672634271099744,0.017902813299232736,0.0171990171990172,0.0,0.0,0.0783289817232376,0.07518796992481203,0.07371007371007371]","[0.352771093264095,0.3096129275988068,0.3357590933913184,0.32625046690447884,0.13074685170304884,0.3377595573805165,0.3677826291476735,0.37869311914968923]",7,0.058498695047290605,0.0783289817232376,False,0.8478370361973134,0.10830773584899986
13,107,order1,frame_freeze_5,37,False,False,True,0.5301204819277109,0.2974015954189945,0.5301204819277109,0.27362347873638665,0.5301204819277109,0.27362347873638665,0.5301204819277109,0.27362347873638665,0.5301204819277109,0.27362347873638665,0.5301204819277109,0.29740159541899447,0.5556049028919607,0.0,0.0,0.5301204819277109,0.2736234787363867,0.5109908319657775,0.0,0.0,-0.023778116682607875,0.0,-0.023778116682607875,0.0,-0.023778116682607875,0.0,-0.023778116682607764,0.0,-0.04461407092618319,0.0,0.0,,,,,,,,,
77,101,order1,frame_freeze_5,38,False,False,True,0.890295358649789,0.5375113811812107,0.890295358649789,0.5713928213103892,0.890295358649789,0.5713928213103892,0.890295358649789,0.5713928213103892,0.890295358649789,0.5713928213103892,0.890295358649789,0.5375113811812107,0.6079339596420577,1.0,1.0,0.890295358649789,0.5713928213103894,0.6452351712856533,1.0,1.0,0.033881440129178486,0.0,0.033881440129178486,0.0,0.033881440129178486,0.0,0.03388144012917871,0.0,0.03730121164359568,0.0,0.0,,,,,,,,,
111,77,order1,frame_freeze_5,39,False,False,True,0.8115942028985508,0.2649828569697213,0.8115942028985508,0.5612300625129163,0.8115942028985508,0.5612300625129163,0.8115942028985508,0.5612300625129163,0.8115942028985508,0.5612300625129163,0.8115942028985508,0.2649828569697214,0.36288885632048024,0.0,0.0,0.8115942028985508,0.5612300625129165,0.6912270171926782,1.0,1.0,0.296247205543195,0.0,0.296247205543195,0.0,0.296247205543195,0.0,0.2962472055431951,0.0,0.32833816087219797,1.0,1.0,,,,,,,,,
108,33,order1,frame_freeze_5,40,True,True,True,0.6735537190082644,0.37859689257930873,0.6735537190082644,0.3725804100448465,0.6735537190082644,0.3725804100448465,0.7520661157024794,0.4148172902477953,0.6735537190082644,0.3729844707369186,0.6735537190082644,0.37859689257930884,0.5608894021713628,1.0,0.0,0.7520661157024794,0.41481729024779523,0.5511633613816928,1.0,0.0,-0.006016482534462242,0.0,-0.006016482534462242,0.0422368802029488,0.03622039766848656,0.0004040606920721057,0.03622039766848639,0.07851239669421495,-0.009726040789670098,0.0,0.0,"[0.3725804100448465,0.39835628666653355,0.39154248175268114,0.21114006614800696,0.4148172902477953,0.3454576982025014,0.38461986298837725,0.35140411603397675]","[0.6735537190082644,0.7222222222222222,0.7107438016528925,0.37857142857142856,0.7520661157024794,0.6245210727969349,0.6973180076628352,0.6322314049586777]","[0.3459038211934336,0.36062224058663755,0.35086850268185216,0.29383551076603964,0.3663936576677748,0.3206307750449847,0.34833208585386166,0.35904644778801936]",4,0.4148172902477953,0.7520661157024794,True,0.8560376210985013,0.7580701714797661
79,84,order1,frame_freeze_5,41,False,False,True,0.8895348837209303,0.22800895743704677,0.8895348837209303,0.23293297084841474,0.8895348837209303,0.23293297084841474,0.8895348837209303,0.23293297084841474,0.8895348837209303,0.23293297084841474,0.8895348837209303,0.22800895743704677,0.25618119105648646,0.0,0.0,0.8895348837209303,0.2329329708484148,0.2615831263432783,0.0,0.0,0.004924013411367972,0.0,0.004924013411367972,0.0,0.004924013411367972,0.0,0.004924013411368028,0.0,0.005401935286791837,0.0,0.0,,,,,,,,,
40,26,order1,frame_freeze_5,42,False,False,True,0.342911877394636,0.16276372725733096,0.342911877394636,0.01888987090038591,0.342911877394636,0.01888987090038591,0.342911877394636,0.01888987090038591,0.342911877394636,0.01888987090038591,0.342911877394636,0.16276372725733107,0.4443086148582263,0.0,0.0,0.342911877394636,0.018889870900385918,0.1651094710014281,0.0,0.0,-0.14387385635694505,0.0,-0.14387385635694505,0.0,-0.14387385635694505,0.0,-0.14387385635694516,0.0,-0.2791991438567982,0.0,0.0,,,,,,,,,
127,2,order1,frame_freeze_5,43,False,False,True,0.3515625,0.16187544240107257,0.3515625,0.1884521903582693,0.3515625,0.1884521903582693,0.3515625,0.1884521903582693,0.3515625,0.1884521903582693,0.3515625,0.16187544240107257,0.4362678391162366,0.0,0.0,0.3515625,0.18845219035826932,0.5084097328411648,0.0,0.0,0.026576747957196722,0.0,0.026576747957196722,0.0,0.026576747957196722,0.0,0.02657674795719675,0.0,0.07214189372492813,0.0,0.0,,,,,,,,,
25,34,order1,frame_freeze_5,44,True,True,True,0.46996466431095407,0.23132034561148085,0.46996466431095407,0.24074944068841433,0.46996466431095407,0.24074944068841433,0.4276315789473684,0.21898795666091142,0.46996466431095407,0.2406905945058669,0.46996466431095407,0.2313203456114809,0.4929476174520814,0.0,0.0,0.4276315789473684,0.21898795666091142,0.5136265736796263,0.0,0.0,0.009429095076933486,0.0,0.009429095076933486,-0.021761484027502914,-0.012332388950569428,-5.884618254742291e-05,-0.012332388950569484,-0.042333085363585654,0.020678956227544898,0.0,0.0,"[0.24074944068841433,0.21291278660881643,0.20646088398430684,0.21898795666091142,0.22619977000592684,0.24865726903219437,0.2263524641688414,0.2333290812151413]","[0.46996466431095407,0.415625,0.403030303030303,0.4276315789473684,0.42857142857142855,0.4854014598540146,0.4418604651162791,0.4554794520547945]","[0.2833246092734623,0.3220248113638704,0.3134818762937874,0.3255875482992256,0.07207407787134334,0.2904483161423215,0.30215173461474193,0.3097488169607913]",3,0.24865726903219437,0.4854014598540146,False,0.9128174507262211,0.3748315096571574
61,11,order1,frame_freeze_5,45,False,False,True,0.83,0.6482715567635612,0.83,0.6501904741278713,0.83,0.6501904741278713,0.83,0.6501904741278713,0.83,0.6501904741278713,0.83,0.6482715567635612,0.7834557579319897,1.0,1.0,0.83,0.6501904741278719,0.7870473967327147,1.0,1.0,0.0019189173643101576,0.0,0.0019189173643101576,0.0,0.0019189173643101576,0.0,0.0019189173643107127,0.0,0.0035916388007249944,0.0,0.0,,,,,,,,,
102,50,order1,frame_freeze_5,46,False,False,False,0.22478991596638656,0.11709102054186571,0.22478991596638656,0.0,0.22478991596638656,0.0,0.22478991596638656,0.0,0.22478991596638656,0.0,0.22478991596638656,0.11709102054186572,0.19694461405628297,0.0,0.0,0.22478991596638656,0.0,0.0,0.0,0.0,-0.11709102054186571,0.0,-0.11709102054186571,0.0,-0.11709102054186571,0.0,-0.11709102054186572,0.0,-0.19694461405628297,0.0,0.0,,,,,,,,,
22,76,order1,frame_freeze_5,47,False,False,False,0.7919463087248322,0.3565379537935647,0.7919463087248322,0.3599855182490062,0.7919463087248322,0.3599855182490062,0.7919463087248322,0.3599855182490062,0.7919463087248322,0.3599855182490062,0.7919463087248322,0.3565379537935646,0.42607932137710214,1.0,0.0,0.7919463087248322,0.3599855182490064,0.4312143443712368,1.0,0.0,0.003447564455441532,0.0,0.003447564455441532,0.0,0.003447564455441532,0.0,0.003447564455441754,0.0,0.005135022994134653,0.0,0.0,,,,,,,,,
123,68,order1,frame_freeze_5,48,True,True,True,0.6443514644351465,0.27922743976684977,0.6443514644351465,0.29294851835070035,0.6443514644351465,0.29294851835070035,0.8110599078341014,0.355256614129258,0.6443514644351465,0.31551598350857174,0.6443514644351465,0.2792274397668497,0.41354620932233116,0.0,0.0,0.8110599078341014,0.355256614129258,0.4312559628968673,1.0,0.0,0.013721078583850577,0.0,0.013721078583850577,0.06230809577855767,0.07602917436240825,0.02256746515787139,0.0760291743624083,0.16670844339895496,0.017709753574536136,1.0,0.0,"[0.29294851835070035,0.20284763402978037,0.0960772736197393,0.355256614129258,0.31396724612474164,0.24366408595399183,0.2611467109551751,0.21740172436375563]","[0.6443514644351465,0.5146443514644351,0.3179916317991632,0.8110599078341014,0.6905829596412556,0.5774058577405857,0.6188340807174888,0.5515695067264574]","[0.3104740683066199,0.2619601705240182,0.24754372296055038,0.40951376428960895,0.3268869935233037,0.28543463719301904,0.3002023409907891,0.2751854792415567]",3,0.355256614129258,0.8110599078341014,True,0.7766308669695056,0.7766308669695056
62,104,order1,frame_freeze_5,49,False,False,True,0.8840579710144928,0.008326945701248785,0.8840579710144928,0.005540044273919307,0.8840579710144928,0.005540044273919307,0.8840579710144928,0.005540044273919307,0.8840579710144928,0.005540044273919307,0.8840579710144928,0.008326945701248785,0.009367813913904885,0.0,0.0,0.8840579710144928,0.005540044273919307,0.006232549808159221,0.0,0.0,-0.002786901427329478,0.0,-0.002786901427329478,0.0,-0.002786901427329478,0.0,-0.002786901427329478,0.0,-0.0031352641057456635,0.0,0.0,,,,,,,,,
84,30,order1,frame_freeze_5,50,False,False,False,0.24788732394366197,0.16155068637517386,0.24788732394366197,0.157412298673339,0.24788732394366197,0.157412298673339,0.24788732394366197,0.157412298673339,0.24788732394366197,0.157412298673339,0.24788732394366197,0.16155068637517384,0.6491024609321989,0.0,0.0,0.24788732394366197,0.15741229867333906,0.6061625745411474,0.0,0.0,-0.004138387701834861,0.0,-0.004138387701834861,0.0,-0.004138387701834861,0.0,-0.004138387701834778,0.0,-0.04293988639105151,0.0,0.0,,,,,,,,,
52,9,order1,frame_freeze_5,51,False,False,False,0.6629213483146067,0.4566262931483381,0.6629213483146067,0.46311447913389797,0.6629213483146067,0.46311447913389797,0.6629213483146067,0.46311447913389797,0.6629213483146067,0.46311447913389797,0.6629213483146067,0.45662629314833836,0.6885961962871799,1.0,0.0,0.6629213483146067,0.463114479133898,0.6983011413621784,1.0,0.0,0.006488185985559891,0.0,0.006488185985559891,0.0,0.006488185985559891,0.0,0.006488185985559669,0.0,0.009704945074998417,0.0,0.0,,,,,,,,,
101,120,order1,frame_freeze_5,52,True,True,False,0.6092436974789915,0.3827730099647802,0.6092436974789915,0.39933326438914557,0.6092436974789915,0.39933326438914557,0.6722689075630253,0.440567903498759,0.6092436974789915,0.4020716236356517,0.6092436974789915,0.38277300996478003,0.6227932287824616,1.0,0.0,0.6722689075630253,0.44056790349875913,0.6534062727909442,1.0,0.0,0.016560254424365373,0.0,0.016560254424365373,0.04123463910961345,0.05779489353397882,0.002738359246506117,0.0577948935339791,0.06302521008403372,0.030613044008482637,0.0,0.0,"[0.39933326438914557,0.35151086454773645,0.0,0.41322311706355064,0.3863468167667344,0.440567903498759,0.3756573791486824,0.37985932026575175]","[0.6092436974789915,0.5347826086956522,0.0,0.6304347826086957,0.5894308943089431,0.6722689075630253,0.5731225296442688,0.5798319327731093]","[0.37859375130904255,0.3317938848267684,0.0681964527716959,0.3921723695986872,0.3659239607495062,0.41833552423418685,0.35551372839310696,0.3600475906106419]",5,0.440567903498759,0.6722689075630253,True,0.9793108213914375,0.9582858459191388
17,117,order1,frame_freeze_5,53,False,False,True,0.35435435435435436,0.22720261767037345,0.35435435435435436,0.23877120069157398,0.35435435435435436,0.23877120069157398,0.35435435435435436,0.23877120069157398,0.35435435435435436,0.23877120069157398,0.35435435435435436,0.2272026176703734,0.6567206383921249,0.0,0.0,0.35435435435435436,0.23877120069157384,0.6883248449324754,0.0,0.0,0.011568583021200535,0.0,0.011568583021200535,0.0,0.011568583021200535,0.0,0.011568583021200451,0.0,0.031604206540350455,0.0,0.0,,,,,,,,,
7,61,order1,frame_freeze_5,54,False,False,True,0.5201342281879194,0.3245701852465446,0.5201342281879194,0.33266101054517017,0.5201342281879194,0.33266101054517017,0.5201342281879194,0.33266101054517017,0.5201342281879194,0.33266101054517017,0.5201342281879194,0.3245701852465446,0.6243450938812094,1.0,0.0,0.5201342281879194,0.3326610105451701,0.6397892217857143,1.0,0.0,0.008090825298625592,0.0,0.008090825298625592,0.0,0.008090825298625592,0.0,0.008090825298625537,0.0,0.01544412790450489,0.0,0.0,,,,,,,,,
50,18,order1,frame_freeze_5,55,False,False,False,0.7358490566037735,0.4359975283129504,0.7358490566037735,0.46047679942907055,0.7358490566037735,0.46047679942907055,0.7358490566037735,0.46047679942907055,0.7358490566037735,0.46047679942907055,0.7358490566037735,0.4359975283129504,0.6088605090354823,1.0,0.0,0.7358490566037735,0.4604767994290709,0.6290979880452912,1.0,0.0,0.024479271116120138,0.0,0.024479271116120138,0.0,0.024479271116120138,0.0,0.02447927111612047,0.0,0.02023747900980888,0.0,0.0,,,,,,,,,
4,78,order1,frame_freeze_5,56,True,True,False,0.5516129032258065,0.18077821483592776,0.5516129032258065,0.14277482044146506,0.5516129032258065,0.14277482044146506,0.42276422764227645,0.17991948917420394,0.5516129032258065,0.1430029012023758,0.5516129032258065,0.1807782148359277,0.3281988483764353,0.0,0.0,0.42276422764227645,0.17991948917420397,0.25993147665672384,0.0,0.0,-0.03800339439446271,0.0,-0.03800339439446271,0.03714466873273889,-0.0008587256617238193,0.0002280807609107427,-0.000858725661723736,-0.12884867558353003,-0.06826737171971148,0.0,0.0,"[0.14277482044146506,0.13452946606946556,0.17991948917420394,0.13452946606946556,0.14704383500616003,0.13831310730266927,0.12718446648521314,0.13831310730266927]","[0.5516129032258065,0.5197568389057751,0.42276422764227645,0.5197568389057751,0.5681063122923588,0.534375,0.49137931034482757,0.534375]","[0.36770096572282623,0.40128838914994397,0.42337063823783005,0.3480033143857759,0.3517911335731389,0.3853785570002566,0.37979146770579264,0.3329457680762943]",2,0.17991948917420394,0.5681063122923588,True,0.9565302977087902,0.5956442919762646
46,81,order1,frame_freeze_5,57,False,False,False,0.24644549763033174,0.008597788146217202,0.24644549763033174,0.005108619125829071,0.24644549763033174,0.005108619125829071,0.24644549763033174,0.005108619125829071,0.24644549763033174,0.005108619125829071,0.24644549763033174,0.008597788146217205,0.02895061169263449,0.0,0.0,0.24644549763033174,0.005108619125829069,0.016678832707547338,0.0,0.0,-0.0034891690203881307,0.0,-0.0034891690203881307,0.0,-0.0034891690203881307,0.0,-0.003489169020388136,0.0,-0.012271778985087151,0.0,0.0,,,,,,,,,
65,85,order1,frame_freeze_5,58,False,False,True,0.8191489361702128,0.47029432563005646,0.8191489361702128,0.466780667366457,0.8191489361702128,0.466780667366457,0.8191489361702128,0.466780667366457,0.8191489361702128,0.466780667366457,0.8191489361702128,0.47029432563005646,0.5773652785593338,1.0,0.0,0.8191489361702128,0.466780667366457,0.5759766767380965,1.0,0.0,-0.0035136582635994507,0.0,-0.0035136582635994507,0.0,-0.0035136582635994507,0.0,-0.0035136582635994507,0.0,-0.0013886018212373452,0.0,0.0,,,,,,,,,
109,65,order1,frame_freeze_5,59,False,False,True,0.8277027027027027,0.4479764063126481,0.8277027027027027,0.48411038716906185,0.8277027027027027,0.48411038716906185,0.8277027027027027,0.48411038716906185,0.8277027027027027,0.48411038716906185,0.8277027027027027,0.44797640631264823,0.5506716699819105,1.0,0.0,0.8277027027027027,0.48411038716906196,0.591988244804275,1.0,0.0,0.03613398085641373,0.0,0.03613398085641373,0.0,0.03613398085641373,0.0,0.03613398085641373,0.0,0.041316574822364505,0.0,0.0,,,,,,,,,
68,123,order1,frame_freeze_5,60,True,True,False,0.7578125,0.47117225551611586,0.7578125,0.4851252696949329,0.7578125,0.4851252696949329,0.6328125,0.40625683326729517,0.7578125,0.48155072022948464,0.7578125,0.4711722555161158,0.6058649664394348,1.0,0.0,0.6328125,0.40625683326729506,0.6170175161324262,1.0,0.0,0.013953014178817058,0.0,0.013953014178817058,-0.07886843642763774,-0.06491542224882069,-0.0035745494654482735,-0.06491542224882074,-0.125,0.011152549692991398,0.0,0.0,"[0.4851252696949329,0.44751726426671157,0.40625683326729517,0.1293426692017928,0.5048458091134261,0.5225117448250344,0.5399655175734905,0.5437520596553204]","[0.7578125,0.6953125,0.6328125,0.203125,0.7886178861788617,0.8203125,0.8434782608695652,0.8536585365853658]","[0.4781232669886857,0.4748319269044293,0.5128184810567836,0.33858105987002185,0.4995909356251363,0.45014746063897026,0.4869644024347019,0.4690612194893472]",2,0.5437520596553204,0.8536585365853658,False,0.862339946828937,0.6737309977057141
21,115,order1,frame_freeze_5,61,False,False,False,0.8498659517426274,0.5037761546193015,0.8498659517426274,0.5436861110953448,0.8498659517426274,0.5436861110953448,0.8498659517426274,0.5436861110953448,0.8498659517426274,0.5436861110953448,0.8498659517426274,0.5037761546193013,0.5913499195749148,1.0,1.0,0.8498659517426274,0.543686111095345,0.6360674693947145,1.0,1.0,0.03990995647604334,0.0,0.03990995647604334,0.0,0.03990995647604334,0.0,0.039909956476043784,0.0,0.044717549819799696,0.0,0.0,,,,,,,,,
125,122,order1,frame_freeze_5,62,False,False,False,0.38338658146964855,0.2611450045265204,0.38338658146964855,0.2718156762162824,0.38338658146964855,0.2718156762162824,0.38338658146964855,0.2718156762162824,0.38338658146964855,0.2718156762162824,0.38338658146964855,0.2611450045265205,0.6808908680558162,0.0,0.0,0.38338658146964855,0.27181567621628244,0.7086199945435301,0.0,0.0,0.01067067168976199,0.0,0.01067067168976199,0.0,0.01067067168976199,0.0,0.010670671689761935,0.0,0.027729126487713862,0.0,0.0,,,,,,,,,
30,0,order1,frame_freeze_5,63,False,False,True,0.7426470588235294,0.572076449678192,0.7426470588235294,0.5930869144901808,0.7426470588235294,0.5930869144901808,0.7426470588235294,0.5930869144901808,0.7426470588235294,0.5930869144901808,0.7426470588235294,0.572076449678192,0.7624121121410135,1.0,1.0,0.7426470588235294,0.5930869144901808,0.7902432999433153,1.0,1.0,0.02101046481198876,0.0,0.02101046481198876,0.0,0.02101046481198876,0.0,0.02101046481198876,0.0,0.02783118780230187,0.0,0.0,,,,,,,,,
26,10,order1,frame_freeze_5,64,True,True,True,0.783410138248848,0.2818380620532064,0.783410138248848,0.2732763498933368,0.783410138248848,0.2732763498933368,0.695852534562212,0.23929943996501218,0.783410138248848,0.2789328852132488,0.783410138248848,0.28183806205320616,0.3703842631926075,0.0,0.0,0.695852534562212,0.23929943996501213,0.35818647645375995,0.0,0.0,-0.008561712159869561,0.0,-0.008561712159869561,-0.03397690992832464,-0.0425386220881942,0.005656535319912004,-0.042538622088194034,-0.08755760368663601,-0.012197786738847527,0.0,0.0,"[0.2732763498933368,0.25472900875071297,0.24740812430388598,0.08944608221904778,0.2667579946305656,0.28510080734064464,0.23929943996501218,0.3059536826735269]","[0.783410138248848,0.7373271889400922,0.7259615384615384,0.18269230769230768,0.7740384615384616,0.8173076923076923,0.695852534562212,0.8663594470046083]","[0.46978325157029316,0.46496871879293206,0.41544542330019374,0.11551526808310313,0.421291523804989,0.44553738768764106,0.4698614869671795,0.43450336398969486]",6,0.3059536826735269,0.8663594470046083,False,0.8735011342785621,0.563878332615222
98,44,order1,frame_freeze_5,65,False,False,True,0.5496894409937888,0.18001030553739733,0.5496894409937888,0.1636410564376752,0.5496894409937888,0.1636410564376752,0.5496894409937888,0.1636410564376752,0.5496894409937888,0.1636410564376752,0.5496894409937888,0.18001030553739739,0.3256366201294492,0.0,0.0,0.5496894409937888,0.1636410564376752,0.29602483243219896,0.0,0.0,-0.016369249099722122,0.0,-0.016369249099722122,0.0,-0.016369249099722122,0.0,-0.016369249099722177,0.0,-0.029611787697250258,0.0,0.0,,,,,,,,,
5,49,order1,frame_freeze_5,66,False,False,False,0.4148936170212766,0.22292059906799488,0.4148936170212766,0.22407255675409246,0.4148936170212766,0.22407255675409246,0.4148936170212766,0.22407255675409246,0.4148936170212766,0.22407255675409246,0.4148936170212766,0.22292059906799483,0.4153020674731205,0.0,0.0,0.4148936170212766,0.2240725567540925,0.42356488369926054,0.0,0.0,0.0011519576860975766,0.0,0.0011519576860975766,0.0,0.0011519576860975766,0.0,0.00115195768609766,0.0,0.008262816226140057,0.0,0.0,,,,,,,,,
31,99,order1,frame_freeze_5,67,False,False,True,0.6320754716981132,0.3920740310506073,0.6320754716981132,0.39439002042681526,0.6320754716981132,0.39439002042681526,0.6320754716981132,0.39439002042681526,0.6320754716981132,0.39439002042681526,0.6320754716981132,0.3920740310506071,0.6683412600751246,1.0,0.0,0.6320754716981132,0.3943900204268153,0.6586024747209223,1.0,0.0,0.002315989376207972,0.0,0.002315989376207972,0.0,0.002315989376207972,0.0,0.002315989376208194,0.0,-0.009738785354202362,0.0,0.0,,,,,,,,,
9,114,order1,frame_freeze_5,68,True,True,False,0.8863636363636364,0.49136483136621556,0.8863636363636364,0.5003552798133947,0.8863636363636364,0.5003552798133947,0.8634686346863468,0.48743097369275346,0.8863636363636364,0.5037587827570225,0.8863636363636364,0.491364831366215,0.5552195725097993,1.0,0.0,0.8634686346863468,0.4874309736927538,0.5653530875466608,1.0,0.0,0.008990448447179111,0.0,0.008990448447179111,-0.012924306120641216,-0.0039338576734621045,0.0034035029436277897,-0.003933857673461216,-0.022895001677289528,0.010133515036861551,0.0,0.0,"[0.5003552798133947,0.49071148358616,0.4446374504739425,0.4734544583180509,0.5159913823075633,0.48743097369275346,0.48743097369275346,0.5304971641395028]","[0.8863636363636364,0.8773946360153256,0.8376068376068376,0.8387096774193549,0.9140625,0.8634686346863468,0.8634686346863468,0.9397590361445783]","[0.49647026984454135,0.48015582793927747,0.42971479892332937,0.5270598484169112,0.5103460457634873,0.5107454065116472,0.5417905680525434,0.5231395536613795]",6,0.5304971641395028,0.9397590361445783,False,0.9532437991705195,0.8549887464904128
100,45,order1,frame_freeze_5,69,False,False,False,0.5028901734104047,0.29742278365466573,0.5028901734104047,0.3208662808145615,0.5028901734104047,0.3208662808145615,0.5028901734104047,0.3208662808145615,0.5028901734104047,0.3208662808145615,0.5028901734104047,0.2974227836546657,0.5897585845562988,0.0,0.0,0.5028901734104047,0.3208662808145615,0.6358154463136119,1.0,0.0,0.023443497159895743,0.0,0.023443497159895743,0.0,0.023443497159895743,0.0,0.0234434971598958,0.0,0.04605686175731305,1.0,0.0,,,,,,,,,
126,112,order1,frame_freeze_5,70,False,False,False,0.5330396475770925,0.27365688117083053,0.5330396475770925,0.2718566852949113,0.5330396475770925,0.2718566852949113,0.5330396475770925,0.2718566852949113,0.5330396475770925,0.2718566852949113,0.5330396475770925,0.27365688117083053,0.5139154861090779,0.0,0.0,0.5330396475770925,0.27185668529491125,0.5110709882165428,0.0,0.0,-0.0018001958759192305,0.0,-0.0018001958759192305,0.0,-0.0018001958759192305,0.0,-0.001800195875919286,0.0,-0.0028444978925350473,0.0,0.0,,,,,,,,,
55,16,order1,frame_freeze_5,71,False,False,True,0.8383838383838383,0.49970561521490026,0.8383838383838383,0.4777013493372787,0.8383838383838383,0.4777013493372787,0.8383838383838383,0.4777013493372787,0.8383838383838383,0.4777013493372787,0.8383838383838383,0.4997056152149002,0.5700287941855964,1.0,0.0,0.8383838383838383,0.4777013493372786,0.5279124320533422,1.0,0.0,-0.022004265877621554,0.0,-0.022004265877621554,0.0,-0.022004265877621554,0.0,-0.02200426587762161,0.0,-0.042116362132254226,0.0,0.0,,,,,,,,,
27,7,order1,frame_freeze_5,72,True,True,False,0.7605633802816901,0.45194735818107945,0.7605633802816901,0.4852682503041518,0.7605633802816901,0.4852682503041518,0.8140845070422535,0.5198993691297522,0.7605633802816901,0.5018617877362042,0.7605633802816901,0.4519473581810795,0.5849856108009909,1.0,0.0,0.8140845070422535,0.5198993691297523,0.6277727198998562,1.0,1.0,0.033320892123072376,0.0,0.033320892123072376,0.03463111882560038,0.06795201094867276,0.01659353743205233,0.06795201094867281,0.05352112676056342,0.042787109098865295,0.0,1.0,"[0.4852682503041518,0.504229436948992,0.5268202717369233,0.37826119726489926,0.4978908348496356,0.5173452315517114,0.5198993691297522,0.4719732297478737]","[0.7605633802816901,0.7887323943661971,0.8256880733944955,0.6111111111111112,0.7803468208092486,0.8092485549132948,0.8140845070422535,0.7397260273972602]","[0.5496680381238923,0.5685745810122358,0.5326250750066914,0.3862995049499081,0.5649826937786685,0.5844160040500047,0.5855904696117451,0.5335970348540686]",6,0.5268202717369233,0.8256880733944955,False,0.9273373043850156,0.8732213298772672
118,67,order1,frame_freeze_5,73,False,False,False,0.6556603773584906,0.37562683242987266,0.6556603773584906,0.4740873307834705,0.6556603773584906,0.4740873307834705,0.6556603773584906,0.4740873307834705,0.6556603773584906,0.4740873307834705,0.6556603773584906,0.37562683242987244,0.5737650567262252,1.0,0.0,0.6556603773584906,0.47408733078347065,0.7231883688280858,1.0,0.0,0.09846049835359783,0.0,0.09846049835359783,0.0,0.09846049835359783,0.0,0.09846049835359821,0.0,0.14942331210186055,0.0,0.0,,,,,,,,,
96,47,order1,frame_freeze_5,74,False,False,True,0.7370030581039755,0.5506988982160405,0.7370030581039755,0.5565403339025013,0.7370030581039755,0.5565403339025013,0.7370030581039755,0.5565403339025013,0.7370030581039755,0.5565403339025013,0.7370030581039755,0.55069889821604,0.7527316288777093,1.0,1.0,0.7370030581039755,0.5565403339025011,0.7625395442707682,1.0,1.0,0.005841435686460894,0.0,0.005841435686460894,0.0,0.005841435686460894,0.0,0.005841435686461116,0.0,0.009807915393058919,0.0,0.0,,,,,,,,,
24,73,order1,frame_freeze_5,75,False,False,True,0.6883116883116883,0.24585118600572545,0.6883116883116883,0.20675300720775266,0.6883116883116883,0.20675300720775266,0.6883116883116883,0.20675300720775266,0.6883116883116883,0.20675300720775266,0.6883116883116883,0.24585118600572545,0.3037689752504514,0.0,0.0,0.6883116883116883,0.2067530072077526,0.2678113785888478,0.0,0.0,-0.03909817879797278,0.0,-0.03909817879797278,0.0,-0.03909817879797278,0.0,-0.03909817879797284,0.0,-0.035957596661603586,0.0,0.0,,,,,,,,,
0,71,order1,frame_freeze_5,76,True,True,False,0.8418367346938775,0.1797321656640047,0.8418367346938775,0.17202368795781464,0.8418367346938775,0.17202368795781464,0.9040404040404041,0.17775193667509145,0.8418367346938775,0.17240182257135014,0.8418367346938775,0.1797321656640047,0.20499072414757552,0.0,0.0,0.9040404040404041,0.17775193667509148,0.19569816427771525,0.0,0.0,-0.00770847770619007,0.0,-0.00770847770619007,0.005728248717276813,-0.0019802289889132574,0.0003781346135355024,-0.0019802289889132296,0.06220366934652655,-0.009292559869860273,0.0,0.0,"[0.17202368795781464,0.17775193667509145,0.10026078724131444,0.17651586897266244,0.18676763717619832,0.17912847219885533,0.16748374144860043,0.16407943710555187]","[0.8418367346938775,0.9040404040404041,0.3673469387755102,0.8826530612244898,0.9183673469387755,0.8775510204081632,0.8061224489795918,0.8010204081632653]","[0.30227249682807783,0.33250474088466175,0.20303424173114284,0.31738861885636976,0.2792021336085934,0.29104948761687227,0.2890458900533224,0.305101799870478]",1,0.18676763717619832,0.9183673469387755,False,0.8762955134009855,0.8762955134009855
75,40,order1,frame_freeze_5,77,False,False,False,0.29110512129380056,0.19282512606930768,0.29110512129380056,0.19456212376319398,0.29110512129380056,0.19456212376319398,0.29110512129380056,0.19456212376319398,0.29110512129380056,0.19456212376319398,0.29110512129380056,0.1928251260693077,0.6684250891010145,0.0,0.0,0.29110512129380056,0.19456212376319398,0.6750233513576636,0.0,0.0,0.0017369976938862997,0.0,0.0017369976938862997,0.0,0.0017369976938862997,0.0,0.001736997693886272,0.0,0.006598262256649057,0.0,0.0,,,,,,,,,
88,20,order1,frame_freeze_5,78,False,False,True,0.6535087719298246,0.2410418814197055,0.6535087719298246,0.21280131385332327,0.6535087719298246,0.21280131385332327,0.6535087719298246,0.21280131385332327,0.6535087719298246,0.21280131385332327,0.6535087719298246,0.2410418814197055,0.3682246669847016,0.0,0.0,0.6535087719298246,0.21280131385332324,0.3251658151954791,0.0,0.0,-0.02824056756638224,0.0,-0.02824056756638224,0.0,-0.02824056756638224,0.0,-0.02824056756638227,0.0,-0.043058851789222474,0.0,0.0,,,,,,,,,
53,103,order1,frame_freeze_5,79,False,False,True,0.8092105263157895,0.4959836411716701,0.8092105263157895,0.50173719927943,0.8092105263157895,0.50173719927943,0.8092105263157895,0.50173719927943,0.8092105263157895,0.50173719927943,0.8092105263157895,0.4959836411716701,0.6053587859199269,1.0,0.0,0.8092105263157895,0.5017371992794296,0.6150287070356408,1.0,1.0,0.0057535581077598485,0.0,0.0057535581077598485,0.0,0.0057535581077598485,0.0,0.0057535581077595155,0.0,0.009669921115713964,0.0,1.0,,,,,,,,,
99,12,order1,frame_freeze_5,80,True,True,True,0.0,0.0,0.0,0.0,0.0,0.0,0.0,0.0,0.0,0.0,0.0,0.0,0.5072973995703055,0.0,0.0,0.0,0.0,0.5265113660508001,0.0,0.0,0.0,0.0,0.0,0.0,0.0,0.0,0.0,0.0,0.01921396648049456,0.0,0.0,"[0.0,0.0,0.0,0.10983654294345227,0.0,0.0,0.0,0.0]","[0.0,0.0,0.0,0.21603563474387527,0.0,0.0,0.0,0.0]","[0.2070479029438427,0.24642511147917476,0.32392978363794744,0.30514357831992744,0.1865633317741093,0.21252536069367983,0.1956088266480055,0.20700591335609284]",2,0.10983654294345227,0.21603563474387527,False,0.7851602951152212,0.0
72,21,order1,frame_freeze_5,81,False,False,True,0.7905604719764012,0.4638749503941528,0.7905604719764012,0.5135431564456895,0.7905604719764012,0.5135431564456895,0.7905604719764012,0.5135431564456895,0.7905604719764012,0.5135431564456895,0.7905604719764012,0.46387495039415233,0.5866492361469479,1.0,0.0,0.7905604719764012,0.5135431564456895,0.6492645838271945,1.0,1.0,0.04966820605153671,0.0,0.04966820605153671,0.0,0.04966820605153671,0.0,0.049668206051537156,0.0,0.06261534768024668,0.0,1.0,,,,,,,,,
110,93,order1,frame_freeze_5,82,False,False,True,0.8761329305135952,0.5775946060181621,0.8761329305135952,0.5453205991562199,0.8761329305135952,0.5453205991562199,0.8761329305135952,0.5453205991562199,0.8761329305135952,0.5453205991562199,0.8761329305135952,0.5775946060181623,0.6656001115887156,1.0,1.0,0.8761329305135952,0.5453205991562196,0.6132589983011655,1.0,1.0,-0.03227400686194226,0.0,-0.03227400686194226,0.0,-0.03227400686194226,0.0,-0.032274006861942706,0.0,-0.05234111328755009,0.0,0.0,,,,,,,,,
56,72,order1,frame_freeze_5,83,False,False,True,0.9523809523809523,0.5417819273981097,0.9523809523809523,0.5450929819412844,0.9523809523809523,0.5450929819412844,0.9523809523809523,0.5450929819412844,0.9523809523809523,0.5450929819412844,0.9523809523809523,0.5417819273981097,0.5710711632523275,1.0,1.0,0.9523809523809523,0.5450929819412843,0.5747661424398642,1.0,1.0,0.0033110545431747074,0.0,0.0033110545431747074,0.0,0.0033110545431747074,0.0,0.0033110545431745964,0.0,0.0036949791875366955,0.0,0.0,,,,,,,,,
19,31,order1,frame_freeze_5,84,True,True,False,0.46866485013623976,0.015774729992792,0.46866485013623976,0.003150419795490043,0.46866485013623976,0.003150419795490043,0.5181818181818182,0.0033411446277556967,0.46866485013623976,4.1363904966783196e-05,0.46866485013623976,0.015774729992791996,0.036786727217238246,0.0,0.0,0.5181818181818182,0.0033411446277556963,0.006683260491010666,0.0,0.0,-0.012624310197301956,0.0,-0.012624310197301956,0.00019072483226565372,-0.012433585365036302,-0.0031090558905232596,-0.0124335853650363,0.049516968045578424,-0.03010346672622758,0.0,0.0,"[0.003150419795490043,0.002995347318509963,0.0033411446277556967,0.0033224254739794416,0.0033224254739794416,0.0035142980697411724,0.0034106314600142944,0.003229620293142027]","[0.46866485013623976,0.44559585492227977,0.5181818181818182,0.4942528735632184,0.4942528735632184,0.5227963525835866,0.5073746312684366,0.48044692737430167]","[0.23221130072656163,0.23440298059638606,0.2411846540683568,0.2315662760458577,0.2201894622693282,0.21551522678794974,0.23602487966039384,0.2268057748598858]",2,0.0035142980697411724,0.5227963525835866,False,0.9519996643066406,0.2532769117765122
90,111,order1,frame_freeze_5,85,False,False,True,0.7164179104477612,0.42016424247539197,0.7164179104477612,0.4227233444355163,0.7164179104477612,0.4227233444355163,0.7164179104477612,0.4227233444355163,0.7164179104477612,0.4227233444355163,0.7164179104477612,0.4201642424753919,0.5925755269635624,1.0,0.0,0.7164179104477612,0.42272334443551624,0.5959574807632106,1.0,0.0,0.0025591019601243215,0.0,0.0025591019601243215,0.0,0.0025591019601243215,0.0,0.0025591019601243215,0.0,0.0033819537996482296,0.0,0.0,,,,,,,,,
95,35,order1,frame_freeze_5,86,False,False,True,0.30933333333333335,0.12784907742859042,0.30933333333333335,0.12444617381077294,0.30933333333333335,0.12444617381077294,0.30933333333333335,0.12444617381077294,0.30933333333333335,0.12444617381077294,0.30933333333333335,0.12784907742859045,0.3450550154153139,0.0,0.0,0.30933333333333335,0.12444617381077293,0.34469470832140636,0.0,0.0,-0.0034029036178174765,0.0,-0.0034029036178174765,0.0,-0.0034029036178174765,0.0,-0.003402903617817518,0.0,-0.00036030709390755256,0.0,0.0,,,,,,,,,
11,28,order1,frame_freeze_5,87,False,False,False,0.47216035634743875,0.27978392767176863,0.47216035634743875,0.2950151751956403,0.47216035634743875,0.2950151751956403,0.47216035634743875,0.2950151751956403,0.47216035634743875,0.2950151751956403,0.47216035634743875,0.27978392767176863,0.6016271214257408,0.0,0.0,0.47216035634743875,0.29501517519564024,0.6343230201383985,0.0,0.0,0.015231247523871672,0.0,0.015231247523871672,0.0,0.015231247523871672,0.0,0.015231247523871616,0.0,0.032695898712657656,0.0,0.0,,,,,,,,,
81,75,order1,frame_freeze_5,88,True,True,True,0.2870967741935484,0.06214151257056065,0.2870967741935484,0.0870270817573804,0.2870967741935484,0.0870270817573804,0.2109004739336493,0.06392984678859698,0.2870967741935484,0.08164412967570606,0.2870967741935484,0.062141512570560616,0.343538704337923,0.0,0.0,0.2109004739336493,0.06392984678859696,0.4094127437151306,0.0,0.0,0.02488556918681975,0.0,0.02488556918681975,-0.023097234968783423,0.0017883342180363276,-0.005382952081674344,0.0017883342180363485,-0.0761963002598991,0.0658740393772076,0.0,0.0,"[0.0870270817573804,0.09075105211111326,0.10714479055699178,0.11480168231824649,0.06392984678859698,0.08225120531947537,0.10126489351423003,0.0777475370166799]","[0.2870967741935484,0.27049180327868855,0.3193548387096774,0.37872340425531914,0.2109004739336493,0.27134146341463417,0.3018292682926829,0.2564841498559078]","[0.16169466184378833,0.1573929747125253,0.15626380505846774,0.13600592837395922,0.20058356584903697,0.17080313818870071,0.16512861532528872,0.1603345587513287]",4,0.11480168231824649,0.37872340425531914,False,0.8287060309765601,0.0
45,110,order1,frame_freeze_5,89,False,False,True,0.5028901734104047,0.22055897919108788,0.5028901734104047,0.22644766664958346,0.5028901734104047,0.22644766664958346,0.5028901734104047,0.22644766664958346,0.5028901734104047,0.22644766664958346,0.5028901734104047,0.22055897919108788,0.437553035689823,0.0,0.0,0.5028901734104047,0.22644766664958346,0.44930689963566234,0.0,0.0,0.005888687458495578,0.0,0.005888687458495578,0.0,0.005888687458495578,0.0,0.005888687458495578,0.0,0.011753863945839327,0.0,0.0,,,,,,,,,
107,56,order1,frame_freeze_5,90,False,False,True,0.7,0.46001483401766224,0.7,0.49268838786020286,0.7,0.49268838786020286,0.7,0.49268838786020286,0.7,0.49268838786020286,0.7,0.46001483401766236,0.6747312240576085,1.0,0.0,0.7,0.4926883878602028,0.7158594317425057,1.0,0.0,0.032673553842540615,0.0,0.032673553842540615,0.0,0.032673553842540615,0.0,0.03267355384254045,0.0,0.04112820768489711,0.0,0.0,,,,,,,,,
114,27,order1,frame_freeze_5,91,False,False,False,0.44485294117647056,0.2746312664217688,0.44485294117647056,0.272409234940869,0.44485294117647056,0.272409234940869,0.44485294117647056,0.272409234940869,0.44485294117647056,0.272409234940869,0.44485294117647056,0.27463126642176894,0.6193724771746415,0.0,0.0,0.44485294117647056,0.27240923494086894,0.6146023962155726,0.0,0.0,-0.002222031480899833,0.0,-0.002222031480899833,0.0,-0.002222031480899833,0.0,-0.0022220314808999997,0.0,-0.004770080959068945,0.0,0.0,,,,,,,,,
43,57,order1,frame_freeze_5,92,True,True,True,0.723404255319149,0.5211170110935509,0.723404255319149,0.5358958666389847,0.723404255319149,0.5358958666389847,0.6666666666666666,0.4938648182751427,0.723404255319149,0.5273554115211765,0.723404255319149,0.521117011093551,0.7208532522901288,1.0,1.0,0.6666666666666666,0.4938648182751428,0.7408423714480847,1.0,0.0,0.014778855545433789,0.0,0.014778855545433789,-0.04203104836384197,-0.027252192818408183,-0.00854045511780821,-0.02725219281840824,-0.05673758865248235,0.01998911915795598,0.0,-1.0,"[0.5358958666389847,0.4752284100383449,0.5330604387731699,0.44501000522018397,0.5597134607118284,0.5140225659598424,0.5823608261741567,0.4938648182751427]","[0.723404255319149,0.6415094339622641,0.7195767195767195,0.6397058823529411,0.7555555555555555,0.6938775510204082,0.7861271676300579,0.6666666666666666]","[0.28257001173984436,0.28214561250509634,0.24169999208790768,0.2312568688073777,0.267741442713425,0.29739858076626374,0.254766444815308,0.31222714979268307]",7,0.5823608261741567,0.7861271676300579,False,0.9206970246987045,0.4960910312092096
8,41,order1,frame_freeze_5,93,False,False,False,0.7818696883852692,0.45269496982107166,0.7818696883852692,0.47166077589775535,0.7818696883852692,0.47166077589775535,0.7818696883852692,0.47166077589775535,0.7818696883852692,0.47166077589775535,0.7818696883852692,0.4526949698210715,0.579077652374542,1.0,0.0,0.7818696883852692,0.47166077589775524,0.6033340665042192,1.0,0.0,0.01896580607668369,0.0,0.01896580607668369,0.0,0.01896580607668369,0.0,0.018965806076683744,0.0,0.024256414129677162,0.0,0.0,,,,,,,,,
71,105,order1,frame_freeze_5,94,False,False,False,0.1328125,0.06705863646102343,0.1328125,0.07185072188053089,0.1328125,0.07185072188053089,0.1328125,0.07185072188053089,0.1328125,0.07185072188053089,0.1328125,0.06705863646102343,0.5483091695448378,0.0,0.0,0.1328125,0.07185072188053089,0.5763316596079268,0.0,0.0,0.004792085419507458,0.0,0.004792085419507458,0.0,0.004792085419507458,0.0,0.004792085419507458,0.0,0.02802249006308899,0.0,0.0,,,,,,,,,
115,24,order1,frame_freeze_5,95,False,False,True,0.42657342657342656,0.10470994794863209,0.42657342657342656,0.09925921278992945,0.42657342657342656,0.09925921278992945,0.42657342657342656,0.09925921278992945,0.42657342657342656,0.09925921278992945,0.42657342657342656,0.10470994794863207,0.2484360979172189,0.0,0.0,0.42657342657342656,0.0992592127899294,0.2360526743011023,0.0,0.0,-0.005450735158702633,0.0,-0.005450735158702633,0.0,-0.005450735158702633,0.0,-0.005450735158702674,0.0,-0.012383423616116607,0.0,0.0,,,,,,,,,
42,42,order1,frame_freeze_5,96,True,False,True,0.6753246753246753,0.0870546122766651,0.6753246753246753,0.0876033969843389,0.6753246753246753,0.0876033969843389,0.5739514348785872,0.07445321818757279,0.6753246753246753,0.0876033969843389,0.6753246753246753,0.08705461227666514,0.12841389167247538,0.0,0.0,0.5739514348785872,0.07445321818757278,0.12922340168187918,0.0,0.0,0.000548784707673805,0.0,0.000548784707673805,-0.01315017879676611,-0.012601394089092305,0.0,-0.01260139408909236,-0.10137324044608809,0.0008095100094037966,0.0,0.0,"[0.0876033969843389,0.07445321818757279,0.07206689709181725,0.07741266999117484,0.0013329083114099697,0.0869123971180292,0.09140191826279262,0.08410799959843011]","[0.6753246753246753,0.5739514348785872,0.5555555555555556,0.5720930232558139,0.16363636363636364,0.6422976501305483,0.7046070460704607,0.6483790523690773]","[0.4790862096446468,0.5173446760409316,0.5007631159114146,0.41410114557844435,0.14831592055239096,0.4589745040932325,0.4679909427879339,0.4991979151960612]",1,0.09140191826279262,0.7046070460704607,False,0.8449501398707823,0.604839012758101
121,64,order1,frame_freeze_5,97,False,False,False,0.7185929648241206,0.4752328196130264,0.7185929648241206,0.5026778306176987,0.7185929648241206,0.5026778306176987,0.7185929648241206,0.5026778306176987,0.7185929648241206,0.5026778306176987,0.7185929648241206,0.47523281961302627,0.6611146511170514,1.0,0.0,0.7185929648241206,0.5026778306176987,0.6992414634964523,1.0,1.0,0.02744501100467228,0.0,0.02744501100467228,0.0,0.02744501100467228,0.0,0.027445011004672393,0.0,0.038126812379400965,0.0,1.0,,,,,,,,,
124,88,order1,frame_freeze_5,98,False,False,True,0.4232209737827715,0.19532061404453596,0.4232209737827715,0.2296512903132655,0.4232209737827715,0.2296512903132655,0.4232209737827715,0.2296512903132655,0.4232209737827715,0.2296512903132655,0.4232209737827715,0.1953206140445359,0.45746143815693935,0.0,0.0,0.4232209737827715,0.2296512903132655,0.54009372127089,0.0,0.0,0.03433067626872954,0.0,0.03433067626872954,0.0,0.03433067626872954,0.0,0.0343306762687296,0.0,0.0826322831139506,0.0,0.0,,,,,,,,,
113,52,order1,frame_freeze_5,99,False,False,False,0.9262295081967213,0.6144543650738714,0.9262295081967213,0.637778964031517,0.9262295081967213,0.637778964031517,0.9262295081967213,0.637778964031517,0.9262295081967213,0.637778964031517,0.9262295081967213,0.6144543650738717,0.6643494447369582,1.0,1.0,0.9262295081967213,0.6377789640315171,0.6889619769692108,1.0,1.0,0.023324598957645604,0.0,0.023324598957645604,0.0,0.023324598957645604,0.0,0.02332459895764538,0.0,0.02461253223225257,0.0,0.0,,,,,,,,,
16,46,order1,frame_freeze_5,100,True,True,True,0.5458333333333333,0.418886016558026,0.5458333333333333,0.4286073287041641,0.5458333333333333,0.4286073287041641,0.5927601809954751,0.4654559225746579,0.5458333333333333,0.44752056007350827,0.5458333333333333,0.41888601655802643,0.767435907910388,1.0,0.0,0.5927601809954751,0.4654559225746579,0.7852656502183728,1.0,0.0,0.009721312146138139,0.0,0.009721312146138139,0.03684859387049377,0.04656990601663191,0.01891323136934414,0.04656990601663147,0.046926847662141835,0.01782974230798484,0.0,0.0,"[0.4286073287041641,0.4453063155367939,0.3971650922355189,0.4551582251725637,0.4654559225746579,0.41986024036326286,0.4377266335702102,0.4207188502617562]","[0.5458333333333333,0.5670995670995671,0.5057915057915058,0.5796460176991151,0.5927601809954751,0.5346938775510204,0.5574468085106383,0.5357873210633947]","[0.3074338312202049,0.3194117726963168,0.28488077024266095,0.32647840483561585,0.3305453006380363,0.30115967139938443,0.31397497656531564,0.30177553984805394]",4,0.4654559225746579,0.5927601809954751,True,0.7215873412642346,0.7215873412642346
103,48,order1,frame_freeze_5,101,False,False,False,0.8224852071005917,0.42522513275190293,0.8224852071005917,0.46500450329866283,0.8224852071005917,0.46500450329866283,0.8224852071005917,0.46500450329866283,0.8224852071005917,0.46500450329866283,0.8224852071005917,0.425225132751903,0.509475947227102,1.0,0.0,0.8224852071005917,0.46500450329866283,0.5594970140756688,1.0,0.0,0.039779370546759896,0.0,0.039779370546759896,0.0,0.039779370546759896,0.0,0.03977937054675984,0.0,0.050021066848566775,0.0,0.0,,,,,,,,,
6,13,order1,frame_freeze_5,102,False,False,True,0.4533678756476684,0.2833583999428656,0.4533678756476684,0.3012817473114275,0.4533678756476684,0.3012817473114275,0.4533678756476684,0.3012817473114275,0.4533678756476684,0.3012817473114275,0.4533678756476684,0.2833583999428657,0.623862483473101,0.0,0.0,0.4533678756476684,0.3012817473114274,0.6631951173320292,1.0,0.0,0.01792334736856188,0.0,0.01792334736856188,0.0,0.01792334736856188,0.0,0.01792334736856166,0.0,0.03933263385892816,1.0,0.0,,,,,,,,,
29,74,order1,frame_freeze_5,103,False,False,True,0.31978319783197834,0.19188137015729292,0.31978319783197834,0.1842568895967123,0.31978319783197834,0.1842568895967123,0.31978319783197834,0.1842568895967123,0.31978319783197834,0.1842568895967123,0.31978319783197834,0.19188137015729292,0.6002845173246261,0.0,0.0,0.31978319783197834,0.18425688959671235,0.576600250798329,0.0,0.0,-0.0076244805605806265,0.0,-0.0076244805605806265,0.0,-0.0076244805605806265,0.0,-0.007624480560580571,0.0,-0.02368426652629707,0.0,0.0,,,,,,,,,
85,127,order1,frame_freeze_5,104,True,True,True,0.7175141242937854,0.4901025091781611,0.7175141242937854,0.5047789078815181,0.7175141242937854,0.5047789078815181,0.6175115207373272,0.43261455813016875,0.7175141242937854,0.5082001566168826,0.7175141242937854,0.4901025091781612,0.6776527030189392,1.0,0.0,0.6175115207373272,0.4326145581301687,0.6995099405018834,1.0,0.0,0.014676398703357019,0.0,0.014676398703357019,-0.07216434975134939,-0.05748795104799237,0.003421248735364424,-0.057487951047992536,-0.10000260355645818,0.021857237482944214,0.0,0.0,"[0.5047789078815181,0.5215408839680368,0.43261455813016875,0.30301685018524993,0.4967056037790826,0.5350051897905911,0.5522197594955683,0.5244545201913219]","[0.7175141242937854,0.7444444444444445,0.6175115207373272,0.43283582089552236,0.708994708994709,0.7604790419161677,0.788235294117647,0.7486033519553073]","[0.3580350694247446,0.33814423223448103,0.3994874127819354,0.2054119408233497,0.32204212593760095,0.354945801547484,0.3345905437617686,0.31816896570855924]",2,0.5522197594955683,0.788235294117647,False,0.8893672359150993,0.35645210369043306
15,6,order1,frame_freeze_5,105,False,False,True,0.6368715083798883,0.14578712697918675,0.6368715083798883,0.1394145081423254,0.6368715083798883,0.1394145081423254,0.6368715083798883,0.1394145081423254,0.6368715083798883,0.1394145081423254,0.6368715083798883,0.14578712697918672,0.2309384235310624,0.0,0.0,0.6368715083798883,0.13941450814232537,0.22164271385517587,0.0,0.0,-0.0063726188368613546,0.0,-0.0063726188368613546,0.0,-0.0063726188368613546,0.0,-0.0063726188368613546,0.0,-0.009295709675886527,0.0,0.0,,,,,,,,,
60,83,order1,frame_freeze_5,106,False,False,False,0.6609195402298851,0.23000804641910752,0.6609195402298851,0.23515158787490353,0.6609195402298851,0.23515158787490353,0.6609195402298851,0.23515158787490353,0.6609195402298851,0.23515158787490353,0.6609195402298851,0.23000804641910755,0.34681801566973214,0.0,0.0,0.6609195402298851,0.2351515878749036,0.35456583060584657,0.0,0.0,0.0051435414557960135,0.0,0.0051435414557960135,0.0,0.0051435414557960135,0.0,0.005143541455796041,0.0,0.007747814936114428,0.0,0.0,,,,,,,,,
122,19,order1,frame_freeze_5,107,False,False,True,0.8641114982578397,0.25665166371144515,0.8641114982578397,0.2732813858203874,0.8641114982578397,0.2732813858203874,0.8641114982578397,0.2732813858203874,0.8641114982578397,0.2732813858203874,0.8641114982578397,0.2566516637114454,0.291844899158529,0.0,0.0,0.8641114982578397,0.2732813858203875,0.30845779922881766,0.0,0.0,0.016629722108942258,0.0,0.016629722108942258,0.0,0.016629722108942258,0.0,0.016629722108942147,0.0,0.01661290007028865,0.0,0.0,,,,,,,,,
83,89,order1,frame_freeze_5,108,True,True,True,0.0,0.0,0.0,0.0,0.0,0.0,0.0,0.0,0.0,0.0,0.0,0.0,0.612268187570436,0.0,0.0,0.0,0.0,0.5916912615749027,0.0,0.0,0.0,0.0,0.0,0.0,0.0,0.0,0.0,0.0,-0.02057692599553329,0.0,0.0,"[0.0,0.0,0.0,0.0,0.0,0.0,0.0,0.0]","[0.0,0.0,0.0,0.0,0.0,0.0,0.0,0.0]","[0.3280984813135612,0.36445622385171866,0.23584347277669757,0.16526887011694796,0.30098774482235124,0.3151176864961816,0.34627735258263986,0.30991961004448243]",1,0.0,0.0,False,0.8183524085418613,0.0
89,17,order1,frame_freeze_5,109,False,False,False,0.0,0.0,0.0,0.0,0.0,0.0,0.0,0.0,0.0,0.0,0.0,0.0,0.32913713673754824,0.0,0.0,0.0,0.0,0.32048836974381173,0.0,0.0,0.0,0.0,0.0,0.0,0.0,0.0,0.0,0.0,-0.008648766993736512,0.0,0.0,,,,,,,,,
12,95,order1,frame_freeze_5,110,False,False,True,0.25680933852140075,0.05583676888163792,0.25680933852140075,0.07778506246687726,0.25680933852140075,0.07778506246687726,0.25680933852140075,0.07778506246687726,0.25680933852140075,0.07778506246687726,0.25680933852140075,0.05583676888163792,0.26195834536986384,0.0,0.0,0.25680933852140075,0.0777850624668772,0.3337481825487676,0.0,0.0,0.021948293585239344,0.0,0.021948293585239344,0.0,0.021948293585239344,0.0,0.021948293585239288,0.0,0.07178983717890375,0.0,0.0,,,,,,,,,
91,100,order1,frame_freeze_5,111,False,False,False,0.17696629213483145,0.1003591678139623,0.17696629213483145,0.10039904545358644,0.17696629213483145,0.10039904545358644,0.17696629213483145,0.10039904545358644,0.17696629213483145,0.10039904545358644,0.17696629213483145,0.1003591678139623,0.4168030535055413,0.0,0.0,0.17696629213483145,0.10039904545358642,0.5590588262470392,0.0,0.0,3.987763962413904e-05,0.0,3.987763962413904e-05,0.0,3.987763962413904e-05,0.0,3.987763962412516e-05,0.0,0.14225577274149787,0.0,0.0,,,,,,,,,
36,53,order1,frame_freeze_5,112,True,True,False,0.6,0.14038929397287864,0.6,0.16568992095273824,0.6,0.16568992095273824,0.21674876847290642,0.06306852566382028,0.6,0.1819149920505376,0.6,0.14038929397287864,0.23183553133135923,0.0,0.0,0.21674876847290642,0.06306852566382028,0.2739042972317047,0.0,0.0,0.025300626979859603,0.0,0.025300626979859603,-0.10262139528891796,-0.07732076830905836,0.01622507109779936,-0.07732076830905836,-0.38325123152709356,0.042068765900345445,0.0,0.0,"[0.16568992095273824,0.15779992471689355,0.18276132782668478,0.06306852566382028,0.1754363868911346,0.1754363868911346,0.18640116107183052,0.15062720086612566]","[0.6,0.5714285714285714,0.6604938271604939,0.21674876847290642,0.6352941176470588,0.6352941176470588,0.675,0.5454545454545454]","[0.29811013727245145,0.31333968423317354,0.27732580413550245,0.44946789707902873,0.2928284888387293,0.28118841842720466,0.2756032836129217,0.2985831262436803]",3,0.18640116107183052,0.675,False,0.8670695269549334,0.151109419846041
120,86,order1,frame_freeze_5,113,False,False,False,0.6170212765957447,0.3552057981904603,0.6170212765957447,0.3843745953270785,0.6170212765957447,0.3843745953270785,0.6170212765957447,0.3843745953270785,0.6170212765957447,0.3843745953270785,0.6170212765957447,0.35520579819046033,0.5769039958459194,1.0,0.0,0.6170212765957447,0.38437459532707874,0.6239795971592044,1.0,0.0,0.02916879713661824,0.0,0.02916879713661824,0.0,0.02916879713661824,0.0,0.029168797136618407,0.0,0.04707560131328492,0.0,0.0,,,,,,,,,
1,32,order1,frame_freeze_5,114,False,False,False,0.7531645569620253,0.38634219814376586,0.7531645569620253,0.32976804647559244,0.7531645569620253,0.32976804647559244,0.7531645569620253,0.32976804647559244,0.7531645569620253,0.32976804647559244,0.7531645569620253,0.38634219814376586,0.5134718153682571,1.0,0.0,0.7531645569620253,0.3297680464755926,0.4416872087643587,1.0,0.0,-0.05657415166817342,0.0,-0.05657415166817342,0.0,-0.05657415166817342,0.0,-0.056574151668173256,0.0,-0.07178460660389846,0.0,0.0,,,,,,,,,
58,43,order1,frame_freeze_5,115,False,False,True,0.6243093922651933,0.44598114330601707,0.6243093922651933,0.4520159770107446,0.6243093922651933,0.4520159770107446,0.6243093922651933,0.4520159770107446,0.6243093922651933,0.4520159770107446,0.6243093922651933,0.4459811433060172,0.7080928678806062,1.0,0.0,0.6243093922651933,0.45201597701074453,0.7176744898153049,1.0,0.0,0.006034833704727516,0.0,0.006034833704727516,0.0,0.006034833704727516,0.0,0.006034833704727349,0.0,0.009581621934698692,0.0,0.0,,,,,,,,,
20,51,order1,frame_freeze_5,116,True,True,True,0.31100478468899523,0.1639435272913389,0.31100478468899523,0.15919188407303753,0.31100478468899523,0.15919188407303753,0.3686635944700461,0.17600554399709348,0.31100478468899523,0.15897117495291752,0.31100478468899523,0.1639435272913389,0.5275171727517819,0.0,0.0,0.3686635944700461,0.17600554399709345,0.5118621452590917,0.0,0.0,-0.004751643218301377,0.0,-0.004751643218301377,0.01681365992405595,0.012062016705754575,-0.00022070912012001065,0.012062016705754547,0.05765880978105087,-0.01565502749269021,0.0,0.0,"[0.15919188407303753,0.14489263237327898,0.17600554399709348,0.11672543885564989,0.171500534903427,0.1827425983127717,0.1560956709588418,0.1647084345112121]","[0.31100478468899523,0.2727272727272727,0.3686635944700461,0.2304147465437788,0.33505154639175255,0.3827751196172249,0.29381443298969073,0.3217821782178218]","[0.298230737496843,0.28504926843620904,0.3361274610461656,0.2866969520687883,0.31150835720077646,0.32294599198553164,0.2925722023858478,0.2991036242661929]",2,0.1827425983127717,0.3827751196172249,False,0.9708015843441612,0.3742491188684948
32,96,order1,frame_freeze_5,117,False,False,True,0.5866666666666667,0.3442083956008367,0.5866666666666667,0.3450701592377079,0.5866666666666667,0.3450701592377079,0.5866666666666667,0.3450701592377079,0.5866666666666667,0.3450701592377079,0.5866666666666667,0.34420839560083677,0.6021150882196499,1.0,0.0,0.5866666666666667,0.34507015923770784,0.6054163042285858,1.0,0.0,0.0008617636368711823,0.0,0.0008617636368711823,0.0,0.0008617636368711823,0.0,0.0008617636368710713,0.0,0.003301216008935959,0.0,0.0,,,,,,,,,
64,97,order1,frame_freeze_5,118,False,False,True,0.88,0.20896542517461772,0.88,0.20489235222040192,0.88,0.20489235222040192,0.88,0.20489235222040192,0.88,0.20489235222040192,0.88,0.2089654251746177,0.22644124976000105,0.0,0.0,0.88,0.2048923522204019,0.22057174875109323,0.0,0.0,-0.004073072954215801,0.0,-0.004073072954215801,0.0,-0.004073072954215801,0.0,-0.004073072954215801,0.0,-0.005869501008907818,0.0,0.0,,,,,,,,,
82,119,order1,frame_freeze_5,119,False,False,True,0.3326612903225806,0.21985739110621524,0.3326612903225806,0.22747204345478866,0.3326612903225806,0.22747204345478866,0.3326612903225806,0.22747204345478866,0.3326612903225806,0.22747204345478866,0.3326612903225806,0.2198573911062152,0.6247961440932913,0.0,0.0,0.3326612903225806,0.22747204345478864,0.640607932989915,0.0,0.0,0.00761465234857342,0.0,0.00761465234857342,0.0,0.00761465234857342,0.0,0.007614652348573447,0.0,0.015811788896623713,0.0,0.0,,,,,,,,,
117,59,order1,frame_freeze_5,120,True,True,True,0.3788546255506608,0.15934518174687157,0.3788546255506608,0.17280605518457298,0.3788546255506608,0.17280605518457298,0.4056603773584906,0.18503289871178336,0.3788546255506608,0.17574494891554746,0.3788546255506608,0.15934518174687157,0.42302548294245584,0.0,0.0,0.4056603773584906,0.18503289871178336,0.4582673199961322,0.0,0.0,0.013460873437701415,0.0,0.013460873437701415,0.012226843527210374,0.02568771696491179,0.0029388937309744734,0.02568771696491179,0.026805751807829792,0.03524183705367634,0.0,0.0,"[0.17280605518457298,0.16142787871151468,0.18503289871178336,0.17911860514565328,0.18503289871178336,0.16692329585914073,0.16142787871151468,0.1720481338899038]","[0.3788546255506608,0.35390946502057613,0.4056603773584906,0.3926940639269406,0.4056603773584906,0.3659574468085106,0.35390946502057613,0.37719298245614036]","[0.4314345557268258,0.456367361810201,0.40726058032702567,0.44719472214607053,0.4619605856131578,0.44128412805413086,0.4598205169189941,0.4295422989034625]",4,0.18503289871178336,0.4056603773584906,False,0.7868662989416788,0.45407708109141964
116,87,order1,frame_freeze_5,121,False,False,True,0.7617021276595745,0.5023314838095638,0.7617021276595745,0.5060975083241976,0.7617021276595745,0.5060975083241976,0.7617021276595745,0.5060975083241976,0.7617021276595745,0.5060975083241976,0.7617021276595745,0.5023314838095638,0.6597487426927204,1.0,1.0,0.7617021276595745,0.5060975083241978,0.6647719065130141,1.0,1.0,0.0037660245146338145,0.0,0.0037660245146338145,0.0,0.0037660245146338145,0.0,0.0037660245146339255,0.0,0.0050231638202936635,0.0,0.0,,,,,,,,,
106,80,order1,frame_freeze_5,122,False,False,True,0.40476190476190477,0.1986422880554736,0.40476190476190477,0.11188893107342018,0.40476190476190477,0.11188893107342018,0.40476190476190477,0.11188893107342018,0.40476190476190477,0.11188893107342018,0.40476190476190477,0.19864228805547357,0.49325718751564607,0.0,0.0,0.40476190476190477,0.11188893107342018,0.278351442584137,0.0,0.0,-0.08675335698205341,0.0,-0.08675335698205341,0.0,-0.08675335698205341,0.0,-0.08675335698205339,0.0,-0.21490574493150905,0.0,0.0,,,,,,,,,
33,63,order1,frame_freeze_5,123,False,False,False,0.5464362850971922,0.1412589252621725,0.5464362850971922,0.1972039966782892,0.5464362850971922,0.1972039966782892,0.5464362850971922,0.1972039966782892,0.5464362850971922,0.1972039966782892,0.5464362850971922,0.14125892526217246,0.2586648056936724,0.0,0.0,0.5464362850971922,0.19720399667828933,0.3603532941972737,0.0,0.0,0.05594507141611668,0.0,0.05594507141611668,0.0,0.05594507141611668,0.0,0.055945071416116876,0.0,0.1016884885036013,0.0,0.0,,,,,,,,,
49,14,order1,frame_freeze_5,124,True,False,False,0.7634069400630915,0.4685427257521599,0.7634069400630915,0.41484504780404885,0.7634069400630915,0.41484504780404885,0.8517350157728707,0.4213397237749607,0.7634069400630915,0.41484504780404885,0.7634069400630915,0.4685427257521599,0.5938790304921029,1.0,0.0,0.8517350157728707,0.4213397237749607,0.4815430586556242,1.0,0.0,-0.05369767794811103,0.0,-0.05369767794811103,0.006494675970911856,-0.04720300197719918,0.0,-0.04720300197719918,0.08832807570977919,-0.1123359718364787,0.0,0.0,"[0.41484504780404885,0.40539374251049987,0.3945349815503972,0.4213397237749607,0.15984352839280505,0.4021586549048424,0.413347261873584,0.39138654807703416]","[0.7634069400630915,0.7675840978593272,0.7470238095238095,0.8517350157728707,0.2743682310469314,0.7400611620795107,0.7318611987381703,0.7202380952380952]","[0.46882371394004513,0.47121902205829014,0.45983749356393694,0.5177332751933225,0.15018675776477902,0.45593043815428547,0.45135601349244614,0.4449181805195459]",3,0.4213397237749607,0.8517350157728707,True,0.8810992928868164,0.8146737447302597
51,60,order1,frame_freeze_5,125,False,False,True,0.5082872928176796,0.17656958688910485,0.5082872928176796,0.17188750933000949,0.5082872928176796,0.17188750933000949,0.5082872928176796,0.17188750933000949,0.5082872928176796,0.17188750933000949,0.5082872928176796,0.17656958688910487,0.3596207666952793,0.0,0.0,0.5082872928176796,0.17188750933000949,0.32740465172417366,0.0,0.0,-0.00468207755909536,0.0,-0.00468207755909536,0.0,-0.00468207755909536,0.0,-0.004682077559095388,0.0,-0.03221611497110566,0.0,0.0,,,,,,,,,
97,124,order1,frame_freeze_5,126,False,False,True,0.28044280442804426,0.06828527285685668,0.28044280442804426,0.057309951759472545,0.28044280442804426,0.057309951759472545,0.28044280442804426,0.057309951759472545,0.28044280442804426,0.057309951759472545,0.28044280442804426,0.06828527285685666,0.2172473885299703,0.0,0.0,0.28044280442804426,0.05730995175947254,0.18797558208450454,0.0,0.0,-0.010975321097384132,0.0,-0.010975321097384132,0.0,-0.010975321097384132,0.0,-0.010975321097384125,0.0,-0.02927180644546576,0.0,0.0,,,,,,,,,
76,39,order1,frame_freeze_5,127,False,False,False,0.7313432835820896,0.1304520713755093,0.7313432835820896,0.10505793254429863,0.7313432835820896,0.10505793254429863,0.7313432835820896,0.10505793254429863,0.7313432835820896,0.10505793254429863,0.7313432835820896,0.1304520713755093,0.18159056628220277,0.0,0.0,0.7313432835820896,0.10505793254429863,0.1464311490467381,0.0,0.0,-0.025394138831210666,0.0,-0.025394138831210666,0.0,-0.025394138831210666,0.0,-0.025394138831210666,0.0,-0.035159417235464674,0.0,0.0,,,,,,,,,
48,113,order1,motion_blur_5,0,True,False,True,0.5476190476190477,0.33237661859008233,0.5476190476190477,0.33237661859008233,0.5476190476190477,0.33237661859008233,0.5476190476190477,0.33237661859008233,0.5476190476190477,0.33237661859008233,0.5476190476190477,0.33237661859008233,0.6073923211941497,1.0,0.0,0.5476190476190477,0.33237661859008233,0.6073923211941497,1.0,0.0,0.0,0.0,0.0,0.0,0.0,0.0,0.0,0.0,0.0,0.0,0.0,"[0.33237661859008233,0.2949257319883829,0.31253323837574903,0.3160535583220854,0.31253323837574903,0.35491062663008793,0.33237661859008233,0.35491062663008793]","[0.5476190476190477,0.4859154929577465,0.5149253731343284,0.5,0.5149253731343284,0.5847457627118644,0.5476190476190477,0.5847457627118644]","[0.5199067675664852,0.46132572333364186,0.488867557562516,0.32294804198929167,0.488867557562516,0.5169390898703502,0.4851906616806125,0.49683154593214857]",0,0.35491062663008793,0.5847457627118644,False,0.8550141928852468,0.5707938418864222
104,66,order1,motion_blur_5,1,False,False,False,0.28735632183908044,0.2067735815871898,0.28735632183908044,0.2067735815871898,0.28735632183908044,0.2067735815871898,0.28735632183908044,0.2067735815871898,0.28735632183908044,0.2067735815871898,0.28735632183908044,0.2067735815871898,0.6762228564537289,0.0,0.0,0.28735632183908044,0.2067735815871898,0.6762228564537289,0.0,0.0,0.0,0.0,0.0,0.0,0.0,0.0,0.0,0.0,0.0,0.0,0.0,,,,,,,,,
57,106,order1,motion_blur_5,2,False,False,True,0.1561822125813449,0.0792296214614457,0.1561822125813449,0.0792296214614457,0.1561822125813449,0.0792296214614457,0.1561822125813449,0.0792296214614457,0.1561822125813449,0.0792296214614457,0.1561822125813449,0.07922962146144569,0.5893181819110346,0.0,0.0,0.1561822125813449,0.07922962146144569,0.5893181819110346,0.0,0.0,0.0,0.0,0.0,0.0,0.0,0.0,0.0,0.0,0.0,0.0,0.0,,,,,,,,,
18,25,order1,motion_blur_5,3,False,False,True,0.8787878787878788,0.5057866815700294,0.8787878787878788,0.5057866815700294,0.8787878787878788,0.5057866815700294,0.8787878787878788,0.5057866815700294,0.8787878787878788,0.5057866815700294,0.8787878787878788,0.5057866815700294,0.5727898293281696,1.0,1.0,0.8787878787878788,0.5057866815700294,0.5727898293281696,1.0,1.0,0.0,0.0,0.0,0.0,0.0,0.0,0.0,0.0,0.0,0.0,0.0,,,,,,,,,
23,36,order1,motion_blur_5,4,True,False,True,0.21465968586387435,0.08376240980708106,0.21465968586387435,0.08376240980708106,0.21465968586387435,0.08376240980708106,0.29906542056074764,0.10239915099953048,0.21465968586387435,0.08376240980708106,0.21465968586387435,0.08376240980708109,0.34040796702845477,0.0,0.0,0.29906542056074764,0.10239915099953048,0.34040796702845477,0.0,0.0,0.0,0.0,0.0,0.018636741192449416,0.018636741192449416,0.0,0.018636741192449388,0.08440573469687329,0.0,0.0,0.0,"[0.08376240980708106,0.08582278713015479,0.10239915099953048,0.0820442065289871,0.08532597479014659,0.08376240980708106,0.0871859415430653,0.08406682217608512]","[0.21465968586387435,0.2506527415143603,0.29906542056074764,0.21025641025641026,0.21866666666666668,0.17277486910994763,0.22343324250681199,0.24552429667519182]","[0.30510553150013253,0.3248497651649222,0.37726545866921823,0.29973217136035196,0.3099677805046965,0.28810292192874876,0.3157179188408956,0.3191286798375868]",2,0.10239915099953048,0.29906542056074764,True,0.690635654898207,0.30963492795001
10,1,order1,motion_blur_5,5,False,False,True,0.1925925925925926,0.12140610021230869,0.1925925925925926,0.12140610021230869,0.1925925925925926,0.12140610021230869,0.1925925925925926,0.12140610021230869,0.1925925925925926,0.12140610021230869,0.1925925925925926,0.12140610021230869,0.6213979084759603,0.0,0.0,0.1925925925925926,0.12140610021230869,0.6213979084759603,0.0,0.0,0.0,0.0,0.0,0.0,0.0,0.0,0.0,0.0,0.0,0.0,0.0,,,,,,,,,
54,109,order1,motion_blur_5,6,False,False,True,0.3194888178913738,0.006398304822406453,0.3194888178913738,0.006398304822406453,0.3194888178913738,0.006398304822406453,0.3194888178913738,0.006398304822406453,0.3194888178913738,0.006398304822406453,0.3194888178913738,0.006398304822406453,0.019828409994190294,0.0,0.0,0.3194888178913738,0.006398304822406453,0.019828409994190294,0.0,0.0,0.0,0.0,0.0,0.0,0.0,0.0,0.0,0.0,0.0,0.0,0.0,,,,,,,,,
80,92,order1,motion_blur_5,7,False,False,False,0.9178082191780822,0.6388004510058096,0.9178082191780822,0.6388004510058096,0.9178082191780822,0.6388004510058096,0.9178082191780822,0.6388004510058096,0.9178082191780822,0.6388004510058096,0.9178082191780822,0.6388004510058102,0.695385762159542,1.0,1.0,0.9178082191780822,0.6388004510058102,0.695385762159542,1.0,1.0,0.0,0.0,0.0,0.0,0.0,0.0,0.0,0.0,0.0,0.0,0.0,,,,,,,,,
105,90,order1,motion_blur_5,8,True,True,False,0.4597315436241611,0.21659965260208766,0.4597315436241611,0.21659965260208766,0.4597315436241611,0.21659965260208766,0.4106583072100313,0.18971525136674847,0.4597315436241611,0.2229935100256131,0.4597315436241611,0.21659965260208766,0.4711764497011038,0.0,0.0,0.4106583072100313,0.18971525136674844,0.4711764497011038,0.0,0.0,0.0,0.0,0.0,-0.026884401235339195,-0.026884401235339195,0.00639385742352544,-0.026884401235339223,-0.04907323641412975,0.0,0.0,0.0,"[0.21659965260208766,0.2109369165863468,0.20108005132530257,0.18971525136674847,0.1698808050804786,0.20445663914186743,0.19907620126971304,0.20556272762873287]","[0.4597315436241611,0.4477124183006536,0.42679127725856697,0.4106583072100313,0.42023346303501946,0.44256756756756754,0.4309210526315789,0.43630573248407645]","[0.32601378273900455,0.33684932253298,0.35716595964668385,0.36606303651256356,0.301595040527533,0.3341348525274985,0.3452403078266516,0.3476848623269554]",3,0.21659965260208766,0.4597315436241611,False,0.872373362037449,0.24972866560754137
87,125,order1,motion_blur_5,9,False,False,False,0.465,0.2171856511131622,0.465,0.21119564447084713,0.465,0.21119564447084713,0.465,0.21119564447084713,0.465,0.21119564447084713,0.465,0.21718565111316238,0.4034599099842935,0.0,0.0,0.465,0.2111956444708472,0.39265428123893226,0.0,0.0,-0.005990006642315082,0.0,-0.005990006642315082,0.0,-0.005990006642315082,0.0,-0.0059900066423151654,0.0,-0.010805628745361229,0.0,0.0,,,,,,,,,
28,55,order1,motion_blur_5,10,False,False,False,0.5806451612903226,0.045775321265151055,0.5806451612903226,0.048841217467750886,0.5806451612903226,0.048841217467750886,0.5806451612903226,0.048841217467750886,0.5806451612903226,0.048841217467750886,0.5806451612903226,0.04577532126515106,0.061547077590879185,0.0,0.0,0.5806451612903226,0.04884121746775089,0.0674654898953564,0.0,0.0,0.0030658962025998313,0.0,0.0030658962025998313,0.0,0.0030658962025998313,0.0,0.0030658962025998313,0.0,0.005918412304477219,0.0,0.0,,,,,,,,,
78,62,order1,motion_blur_5,11,False,False,True,0.7620578778135049,0.1856462649009459,0.7620578778135049,0.18914526825227979,0.7620578778135049,0.18914526825227979,0.7620578778135049,0.18914526825227979,0.7620578778135049,0.18914526825227979,0.7620578778135049,0.18564626490094588,0.2425881864882108,0.0,0.0,0.7620578778135049,0.18914526825227973,0.24716041355655038,0.0,0.0,0.003499003351333879,0.0,0.003499003351333879,0.0,0.003499003351333879,0.0,0.0034990033513338514,0.0,0.004572227068339596,0.0,0.0,,,,,,,,,
70,58,order1,motion_blur_5,12,True,True,False,0.5227272727272727,0.3034847997549498,0.5227272727272727,0.3530011076271486,0.5227272727272727,0.3530011076271486,0.5681818181818182,0.3736298678710915,0.5227272727272727,0.36403368374462913,0.5227272727272727,0.3034847997549498,0.42755772753575927,1.0,0.0,0.5681818181818182,0.3736298678710916,0.4830876635383218,1.0,0.0,0.049516307872198795,0.0,0.049516307872198795,0.02062876024394289,0.07014506811614168,0.011032576117480541,0.0701450681161418,0.045454545454545525,0.05552993600256251,0.0,0.0,"[0.3530011076271486,0.23923441989795327,0.14886245079609664,0.18803066793871379,0.3633227774408079,0.3736298678710915,0.32694623045223997,0.38115457019863896]","[0.5227272727272727,0.3409090909090909,0.21022727272727273,0.3902439024390244,0.5380116959064327,0.5681818181818182,0.4772727272727273,0.5644171779141104]","[0.42778740487692923,0.30769322725315823,0.22137553708607285,0.17064539395979264,0.4430907389253419,0.45781094928287197,0.3977638604709865,0.44752958448056507]",5,0.38115457019863896,0.5681818181818182,False,0.8271397342149596,0.6793858800809256
93,116,order1,motion_blur_5,13,False,False,True,0.6473988439306358,0.4444764146276838,0.6473988439306358,0.4526509967929099,0.6473988439306358,0.4526509967929099,0.6473988439306358,0.4526509967929099,0.6473988439306358,0.4526509967929099,0.6473988439306358,0.44447641462768384,0.6877774020911459,1.0,0.0,0.6473988439306358,0.45265099679291004,0.7003955220274696,1.0,0.0,0.008174582165226096,0.0,0.008174582165226096,0.0,0.008174582165226096,0.0,0.008174582165226207,0.0,0.012618119936323668,0.0,0.0,,,,,,,,,
44,70,order1,motion_blur_5,14,False,False,True,0.41232227488151657,0.1783036293241748,0.41232227488151657,0.1786229463651537,0.41232227488151657,0.1786229463651537,0.41232227488151657,0.1786229463651537,0.41232227488151657,0.1786229463651537,0.41232227488151657,0.1783036293241748,0.4226092449478224,0.0,0.0,0.41232227488151657,0.17862294636515366,0.42562561681669236,0.0,0.0,0.00031931704097890035,0.0,0.00031931704097890035,0.0,0.00031931704097890035,0.0,0.0003193170409788726,0.0,0.003016371868869938,0.0,0.0,,,,,,,,,
2,91,order1,motion_blur_5,15,False,False,True,0.31054131054131057,0.2086298150465395,0.31054131054131057,0.20722492554466376,0.31054131054131057,0.20722492554466376,0.31054131054131057,0.20722492554466376,0.31054131054131057,0.20722492554466376,0.31054131054131057,0.2086298150465394,0.6959683155900279,0.0,0.0,0.31054131054131057,0.20722492554466376,0.6933622988884645,0.0,0.0,-0.001404889501875728,0.0,-0.001404889501875728,0.0,-0.001404889501875728,0.0,-0.0014048895018756447,0.0,-0.0026060167015634628,0.0,0.0,,,,,,,,,
69,4,order1,motion_blur_5,16,True,True,True,0.3778801843317972,0.15379030158459384,0.3778801843317972,0.18776791405274249,0.3778801843317972,0.18776791405274249,0.4534412955465587,0.21786799683738883,0.3778801843317972,0.19271567609001536,0.3778801843317972,0.15379030158459384,0.35536154182101903,0.0,0.0,0.4534412955465587,0.21786799683738883,0.42989079717516127,0.0,0.0,0.03397761246814865,0.0,0.03397761246814865,0.030100082784646348,0.064077695252795,0.004947762037272874,0.064077695252795,0.0755611112147615,0.07452925535414223,0.0,0.0,"[0.18776791405274249,0.22012269775810703,0.23195428973635793,0.21786799683738883,0.3216318660745297,0.1366031970518789,0.21826330687769338,0.24798799640016148]","[0.3778801843317972,0.4525862068965517,0.4827586206896552,0.4534412955465587,0.746031746031746,0.31685393258426964,0.4470046082949309,0.5161290322580645]","[0.21096350552223084,0.2617015638123876,0.2710480482342586,0.2821833982150753,0.2574605439928083,0.1871652486056488,0.2309916864262401,0.2510198673302494]",3,0.3216318660745297,0.746031746031746,False,0.9347852230193359,0.5645489742589046
14,3,order1,motion_blur_5,17,False,False,True,0.3617021276595745,0.0,0.3617021276595745,0.0,0.3617021276595745,0.0,0.3617021276595745,0.0,0.3617021276595745,0.0,0.3617021276595745,0.0,0.0,0.0,0.0,0.3617021276595745,0.0,0.0,0.0,0.0,0.0,0.0,0.0,0.0,0.0,0.0,0.0,0.0,0.0,0.0,0.0,,,,,,,,,
3,38,order1,motion_blur_5,18,False,False,False,0.7236842105263158,0.49054503449018555,0.7236842105263158,0.042583201639625985,0.7236842105263158,0.042583201639625985,0.7236842105263158,0.042583201639625985,0.7236842105263158,0.042583201639625985,0.7236842105263158,0.49054503449018555,0.5749246309525897,1.0,0.0,0.7236842105263158,0.04258320163962597,0.09384593034828072,0.0,0.0,-0.44796183285055957,0.0,-0.44796183285055957,0.0,-0.44796183285055957,0.0,-0.44796183285055957,0.0,-0.481078700604309,-1.0,0.0,,,,,,,,,
39,8,order1,motion_blur_5,19,False,False,True,0.9619883040935673,0.6387346132144246,0.9619883040935673,0.6362400791108423,0.9619883040935673,0.6362400791108423,0.9619883040935673,0.6362400791108423,0.9619883040935673,0.6362400791108423,0.9619883040935673,0.6387346132144243,0.6593339517713166,1.0,1.0,0.9619883040935673,0.6362400791108419,0.656635082997701,1.0,1.0,-0.0024945341035822466,0.0,-0.0024945341035822466,0.0,-0.0024945341035822466,0.0,-0.0024945341035823576,0.0,-0.0026988687736155814,0.0,0.0,,,,,,,,,
94,121,order1,motion_blur_5,20,True,True,False,0.6402116402116402,0.3944936823098297,0.6402116402116402,0.3962504279220489,0.6402116402116402,0.3962504279220489,0.6142131979695431,0.3801590399861281,0.6402116402116402,0.39757436930231754,0.6402116402116402,0.3944936823098295,0.6164297128043056,1.0,0.0,0.6142131979695431,0.38015903998612793,0.6192657312110592,1.0,0.0,0.0017567456122192238,0.0,0.0017567456122192238,-0.016091387935920798,-0.014334642323701574,0.001323941380268645,-0.014334642323701574,-0.02599844224209713,0.0028360184067536265,0.0,0.0,"[0.3962504279220489,0.41376425899042674,0.3801590399861281,0.47399576504599517,0.41149082899597383,0.3820986269248328,0.4304099475705014,0.4304099475705014]","[0.6402116402116402,0.6685082872928176,0.6142131979695431,0.7658227848101266,0.6648351648351648,0.6173469387755102,0.6954022988505747,0.6954022988505747]","[0.2713766726586045,0.280672341962374,0.31143144180765037,0.2617111260949546,0.2583652563080117,0.26373382961507374,0.26721523578006556,0.24635119343834644]",2,0.47399576504599517,0.7658227848101266,False,0.8088809725095376,0.4358446554999326
92,37,order1,motion_blur_5,21,False,False,True,0.3598326359832636,0.27321372874420286,0.3598326359832636,0.27336432664232446,0.3598326359832636,0.27336432664232446,0.3598326359832636,0.27336432664232446,0.3598326359832636,0.27336432664232446,0.3598326359832636,0.27321372874420286,0.7447839043094497,0.0,0.0,0.3598326359832636,0.2733643266423245,0.7461054170061526,0.0,0.0,0.00015059789812160718,0.0,0.00015059789812160718,0.0,0.00015059789812160718,0.0,0.0001505978981216627,0.0,0.0013215126967028867,0.0,0.0,,,,,,,,,
59,82,order1,motion_blur_5,22,False,False,False,0.96415770609319,0.6379927000243789,0.96415770609319,0.614838180709825,0.96415770609319,0.614838180709825,0.96415770609319,0.614838180709825,0.96415770609319,0.614838180709825,0.96415770609319,0.6379927000243791,0.6654769241356545,1.0,1.0,0.96415770609319,0.614838180709825,0.6414605648034147,1.0,1.0,-0.023154519314553923,0.0,-0.023154519314553923,0.0,-0.023154519314553923,0.0,-0.023154519314554145,0.0,-0.02401635933223978,0.0,0.0,,,,,,,,,
35,23,order1,motion_blur_5,23,False,False,True,0.5472972972972973,0.18994101418382098,0.5472972972972973,0.1962653776507393,0.5472972972972973,0.1962653776507393,0.5472972972972973,0.1962653776507393,0.5472972972972973,0.1962653776507393,0.5472972972972973,0.189941014183821,0.41580659235667744,0.0,0.0,0.5472972972972973,0.1962653776507394,0.4100444025109691,0.0,0.0,0.006324363466918309,0.0,0.006324363466918309,0.0,0.006324363466918309,0.0,0.006324363466918392,0.0,-0.005762189845708365,0.0,0.0,,,,,,,,,
67,79,order1,motion_blur_5,24,True,True,True,0.7988338192419825,0.6931464695499764,0.7988338192419825,0.6916571915430209,0.7988338192419825,0.6916571915430209,0.9825072886297376,0.8316836984044215,0.7988338192419825,0.6920730818375322,0.7988338192419825,0.6931464695499765,0.8460714737207505,1.0,1.0,0.9825072886297376,0.8316836984044212,0.8456347346367745,1.0,1.0,-0.00148927800695553,0.0,-0.00148927800695553,0.1400265068614006,0.13853722885444508,0.0004158902945113896,0.13853722885444475,0.18367346938775508,-0.00043673908397601213,0.0,0.0,"[0.6916571915430209,0.7085840433837598,0.8316836984044215,0.6539283143463788,0.6708551661871177,0.7239185469380713,0.6861896697414294,0.6714501297431844]","[0.7988338192419825,0.8221574344023324,0.9825072886297376,0.7551020408163265,0.7784256559766763,0.8454810495626822,0.8017492711370262,0.7755102040816326]","[0.2070489119591608,0.20288362114835498,0.22733589706899412,0.19368541336300069,0.19286769873801074,0.20010638109792817,0.19864650619083504,0.19992171270787543]",2,0.8316836984044215,0.9825072886297376,True,0.9639635391902646,0.9494688490041838
119,29,order1,motion_blur_5,25,False,False,False,0.8518518518518519,0.5632088859215912,0.8518518518518519,0.5747077877670163,0.8518518518518519,0.5747077877670163,0.8518518518518519,0.5747077877670163,0.8518518518518519,0.5747077877670163,0.8518518518518519,0.5632088859215915,0.661141572774874,1.0,1.0,0.8518518518518519,0.574707787767016,0.6744583962636548,1.0,1.0,0.011498901845425014,0.0,0.011498901845425014,0.0,0.011498901845425014,0.0,0.01149890184542457,0.0,0.013316823488780827,0.0,0.0,,,,,,,,,
86,69,order1,motion_blur_5,26,False,False,True,0.6896551724137931,0.29156761926792574,0.6896551724137931,0.29251327478174505,0.6896551724137931,0.29251327478174505,0.6896551724137931,0.29251327478174505,0.6896551724137931,0.29251327478174505,0.6896551724137931,0.29156761926792574,0.4224922250978182,0.0,0.0,0.6896551724137931,0.29251327478174516,0.42399316990828395,0.0,0.0,0.0009456555138193101,0.0,0.0009456555138193101,0.0,0.0009456555138193101,0.0,0.0009456555138194211,0.0,0.0015009448104657541,0.0,0.0,,,,,,,,,
38,54,order1,motion_blur_5,27,False,False,True,0.638961038961039,0.4773623199216907,0.638961038961039,0.48377298430713045,0.638961038961039,0.48377298430713045,0.638961038961039,0.48377298430713045,0.638961038961039,0.48377298430713045,0.638961038961039,0.47736231992169076,0.7486924505490267,1.0,0.0,0.638961038961039,0.48377298430713006,0.7627579696531048,1.0,0.0,0.006410664385439746,0.0,0.006410664385439746,0.0,0.006410664385439746,0.0,0.006410664385439302,0.0,0.014065519104078161,0.0,0.0,,,,,,,,,
34,22,order1,motion_blur_5,28,True,True,False,0.607565011820331,0.23851041861888614,0.607565011820331,0.18295828647374066,0.607565011820331,0.18295828647374066,0.5155709342560554,0.17928731220063673,0.607565011820331,0.16073080480666485,0.607565011820331,0.2385104186188861,0.39104615145654587,0.0,0.0,0.5155709342560554,0.17928731220063673,0.29996649293950506,0.0,0.0,-0.05555213214514548,0.0,-0.05555213214514548,-0.003670974273103922,-0.059223106418249405,-0.022227481667075805,-0.05922310641824938,-0.09199407756427558,-0.0910796585170408,0.0,0.0,"[0.18295828647374066,0.17928731220063673,0.10660188646012503,0.052821701990040555,0.19396329618644687,0.19793185467619517,0.19793185467619517,0.19015074982405972]","[0.607565011820331,0.5155709342560554,0.3469387755102041,0.22872340425531915,0.6441102756892231,0.59846547314578,0.639386189258312,0.6314496314496314]","[0.26085086962843707,0.4829297424820861,0.3393348720007783,0.14745063267881303,0.25377302573368604,0.2159028282684798,0.23244979611757036,0.265145414862281]",1,0.19793185467619517,0.6441102756892231,False,0.8027661738341559,0.6181321106592877
66,102,order1,motion_blur_5,29,False,False,False,0.4099722991689751,0.1488531245289578,0.4099722991689751,0.15447913884992726,0.4099722991689751,0.15447913884992726,0.4099722991689751,0.15447913884992726,0.4099722991689751,0.15447913884992726,0.4099722991689751,0.14885312452895774,0.2834794981581391,0.0,0.0,0.4099722991689751,0.15447913884992728,0.32083351485852885,0.0,0.0,0.005626014320969458,0.0,0.005626014320969458,0.0,0.005626014320969458,0.0,0.005626014320969541,0.0,0.037354016700389736,0.0,0.0,,,,,,,,,
112,5,order1,motion_blur_5,30,False,False,True,0.4,0.22550595046982755,0.4,0.2351863028222909,0.4,0.2351863028222909,0.4,0.2351863028222909,0.4,0.2351863028222909,0.4,0.2255059504698275,0.5630589876043898,0.0,0.0,0.4,0.235186302822291,0.5874102571560104,0.0,0.0,0.00968035235246334,0.0,0.00968035235246334,0.0,0.00968035235246334,0.0,0.009680352352463506,0.0,0.02435126955162059,0.0,0.0,,,,,,,,,
47,108,order1,motion_blur_5,31,False,False,True,0.8384615384615385,0.4868193149604523,0.8384615384615385,0.35428436244594724,0.8384615384615385,0.35428436244594724,0.8384615384615385,0.35428436244594724,0.8384615384615385,0.35428436244594724,0.8384615384615385,0.4868193149604523,0.5736347699483556,1.0,0.0,0.8384615384615385,0.3542843624459473,0.44205490590042734,1.0,0.0,-0.13253495251450503,0.0,-0.13253495251450503,0.0,-0.13253495251450503,0.0,-0.13253495251450498,0.0,-0.13157986404792826,0.0,0.0,,,,,,,,,
74,126,order1,motion_blur_5,32,True,True,True,0.3565459610027855,0.23608188511000175,0.3565459610027855,0.24150595727673063,0.3565459610027855,0.24150595727673063,0.8955223880597015,0.5685514778287426,0.3565459610027855,0.2402305688801154,0.3565459610027855,0.23608188511000167,0.6040173499917944,0.0,0.0,0.8955223880597015,0.5685514778287426,0.6431442555234478,1.0,1.0,0.005424072166728883,0.0,0.005424072166728883,0.32704552055201197,0.3324695927187409,-0.001275388396615229,0.33246959271874094,0.538976427056916,0.03912690553165343,1.0,1.0,"[0.24150595727673063,0.22230932990345204,0.49964811582300817,0.4638791231913834,0.49964811582300817,0.5685514778287426,0.27207519941158154,0.23181988947151416]","[0.3565459610027855,0.3282051282051282,0.7759036144578313,0.7203579418344519,0.7759036144578313,0.8955223880597015,0.4011142061281337,0.3422459893048128]","[0.15087320935777015,0.17921908505529063,0.202757071832012,0.1882420241840827,0.202757071832012,0.24930754791915616,0.16550333875003878,0.16458895566302198]",5,0.5685514778287426,0.8955223880597015,True,0.727197445697666,0.4388636713442595
73,94,order1,motion_blur_5,33,False,False,True,0.7142857142857143,0.2979797553426441,0.7142857142857143,0.30592958541211523,0.7142857142857143,0.30592958541211523,0.7142857142857143,0.30592958541211523,0.7142857142857143,0.30592958541211523,0.7142857142857143,0.297979755342644,0.41140999723359484,0.0,0.0,0.7142857142857143,0.30592958541211523,0.4215071805863576,1.0,0.0,0.007949830069471142,0.0,0.007949830069471142,0.0,0.007949830069471142,0.0,0.007949830069471253,0.0,0.010097183352762773,1.0,0.0,,,,,,,,,
63,15,order1,motion_blur_5,34,False,False,True,0.29775280898876405,0.21031126671227768,0.29775280898876405,0.21510412052611236,0.29775280898876405,0.21510412052611236,0.29775280898876405,0.21510412052611236,0.29775280898876405,0.21510412052611236,0.29775280898876405,0.21031126671227776,0.7002634797767521,0.0,0.0,0.29775280898876405,0.21510412052611233,0.719749272330687,0.0,0.0,0.00479285381383468,0.0,0.00479285381383468,0.0,0.00479285381383468,0.0,0.004792853813834569,0.0,0.0194857925539349,0.0,0.0,,,,,,,,,
37,118,order1,motion_blur_5,35,False,False,True,0.7188498402555911,0.41488289415120183,0.7188498402555911,0.2493100266990762,0.7188498402555911,0.2493100266990762,0.7188498402555911,0.2493100266990762,0.7188498402555911,0.2493100266990762,0.7188498402555911,0.41488289415120166,0.5783625850713559,1.0,0.0,0.7188498402555911,0.24931002669907612,0.3489754537192819,0.0,0.0,-0.16557286745212563,0.0,-0.16557286745212563,0.0,-0.16557286745212563,0.0,-0.16557286745212554,0.0,-0.22938713135207395,-1.0,0.0,,,,,,,,,
41,98,order1,motion_blur_5,36,True,True,True,0.017902813299232736,0.01407304205564775,0.017902813299232736,0.013739178600100968,0.017902813299232736,0.013739178600100968,0.0171990171990172,0.01319906347085867,0.017902813299232736,0.013739502036919725,0.017902813299232736,0.01407304205564775,0.7325868931063492,0.0,0.0,0.0171990171990172,0.01319906347085867,0.7221054589414437,0.0,0.0,-0.00033386345554678107,0.0,-0.00033386345554678107,-0.0005401151292422982,-0.0008739785847890792,3.2343681875650343e-07,-0.0008739785847890792,-0.0007037961002155368,-0.010481434164905434,0.0,0.0,"[0.013739178600100968,0.01319906347085867,0.0,0.0,0.0,0.013463706347467366,0.0,0.0]","[0.017902813299232736,0.0171990171990172,0.0,0.0,0.0,0.017543859649122806,0.0,0.0]","[0.32480761476871955,0.35479211814879685,0.3170678006294428,0.12401745291169292,0.29331111879114674,0.34055586275750593,0.3233515124836039,0.3090593667799331]",1,0.013739178600100968,0.017902813299232736,False,0.8720231985348081,0.19257889974602732
13,107,order1,motion_blur_5,37,False,False,True,0.5301204819277109,0.2974223940619219,0.5301204819277109,0.2729962836162067,0.5301204819277109,0.2729962836162067,0.5301204819277109,0.2729962836162067,0.5301204819277109,0.2729962836162067,0.5301204819277109,0.29742239406192195,0.5556431517520929,0.0,0.0,0.5301204819277109,0.27299628361620665,0.5097915669424983,0.0,0.0,-0.024426110445715188,0.0,-0.024426110445715188,0.0,-0.024426110445715188,0.0,-0.0244261104457153,0.0,-0.045851584809594614,0.0,0.0,,,,,,,,,
77,101,order1,motion_blur_5,38,False,False,True,0.890295358649789,0.5374650278117462,0.890295358649789,0.5682946546708169,0.890295358649789,0.5682946546708169,0.890295358649789,0.5682946546708169,0.890295358649789,0.5682946546708169,0.890295358649789,0.5374650278117468,0.6078828730101619,1.0,1.0,0.890295358649789,0.5682946546708165,0.6417340066041853,1.0,1.0,0.030829626859070647,0.0,0.030829626859070647,0.0,0.030829626859070647,0.0,0.03082962685906976,0.0,0.033851133594023475,0.0,0.0,,,,,,,,,
111,77,order1,motion_blur_5,39,False,False,True,0.8582375478927203,0.18115399929777593,0.8582375478927203,0.5986731964770716,0.8582375478927203,0.5986731964770716,0.8582375478927203,0.5986731964770716,0.8582375478927203,0.5986731964770716,0.8582375478927203,0.1811539992977759,0.2278962302793787,0.0,0.0,0.8582375478927203,0.5986731964770713,0.6973466888481709,1.0,1.0,0.4175191971792957,0.0,0.4175191971792957,0.0,0.4175191971792957,0.0,0.4175191971792954,0.0,0.4694504585687922,1.0,1.0,,,,,,,,,
108,33,order1,motion_blur_5,40,True,True,True,0.6735537190082644,0.3784774790579937,0.6735537190082644,0.37246869574462055,0.6735537190082644,0.37246869574462055,0.7520661157024794,0.41482097762152065,0.6735537190082644,0.37233773282171945,0.6735537190082644,0.3784774790579939,0.5606992930715049,1.0,0.0,0.7520661157024794,0.41482097762152087,0.5511850047833471,1.0,0.0,-0.006008783313373178,0.0,-0.006008783313373178,0.0423522818769001,0.03634349856352692,-0.00013096292290110112,0.03634349856352698,0.07851239669421495,-0.009514288288157813,0.0,0.0,"[0.37246869574462055,0.3576881919452309,0.3983598277159047,0.39149354503088635,0.2108601171845163,0.41482097762152065,0.34535411636091257,0.38462328193259765]","[0.6735537190082644,0.6468253968253969,0.7222222222222222,0.7107438016528925,0.37857142857142856,0.7520661157024794,0.6245210727969349,0.6973180076628352]","[0.3250751757456242,0.3167603339627855,0.34403549849792736,0.3327005376248817,0.2819100554050456,0.34742180035164644,0.3059699924955677,0.33231603710200247]",5,0.41482097762152065,0.7520661157024794,True,0.8489478893181197,0.7554452202842424
79,84,order1,motion_blur_5,41,False,False,True,0.7806122448979592,0.1999600796762394,0.7806122448979592,0.20371295445497248,0.7806122448979592,0.20371295445497248,0.7806122448979592,0.20371295445497248,0.7806122448979592,0.20371295445497248,0.7806122448979592,0.1999600796762394,0.25601509810419765,0.0,0.0,0.7806122448979592,0.20371295445497237,0.26067533015263006,0.0,0.0,0.0037528747787330674,0.0,0.0037528747787330674,0.0,0.0037528747787330674,0.0,0.0037528747787329564,0.0,0.004660232048432411,0.0,0.0,,,,,,,,,
40,26,order1,motion_blur_5,42,False,False,True,0.342911877394636,0.1405183677559085,0.342911877394636,0.01862442387371814,0.342911877394636,0.01862442387371814,0.342911877394636,0.01862442387371814,0.342911877394636,0.01862442387371814,0.342911877394636,0.14051836775590865,0.40144219966435996,0.0,0.0,0.342911877394636,0.018624423873718134,0.1637695322743962,0.0,0.0,-0.12189394388219037,0.0,-0.12189394388219037,0.0,-0.12189394388219037,0.0,-0.12189394388219052,0.0,-0.23767266738996376,0.0,0.0,,,,,,,,,
127,2,order1,motion_blur_5,43,False,False,True,0.38858695652173914,0.18237146848708402,0.38858695652173914,0.20893940717321574,0.38858695652173914,0.20893940717321574,0.38858695652173914,0.20893940717321574,0.38858695652173914,0.20893940717321574,0.38858695652173914,0.18237146848708402,0.43679801264839757,0.0,0.0,0.38858695652173914,0.20893940717321574,0.5121976626210365,0.0,0.0,0.02656793868613172,0.0,0.02656793868613172,0.0,0.02656793868613172,0.0,0.02656793868613172,0.0,0.07539964997263893,0.0,0.0,,,,,,,,,
25,34,order1,motion_blur_5,44,True,True,True,0.46996466431095407,0.23137887011671118,0.46996466431095407,0.2407713565301934,0.46996466431095407,0.2407713565301934,0.415625,0.2129321684313898,0.46996466431095407,0.2405918457383515,0.46996466431095407,0.23137887011671118,0.493074386375508,0.0,0.0,0.415625,0.2129321684313898,0.5136424076572206,0.0,0.0,0.009392486413482226,0.0,0.009392486413482226,-0.02783918809880362,-0.018446701685321393,-0.0001795107918419192,-0.018446701685321393,-0.05433966431095405,0.02056802128171259,0.0,0.0,"[0.2407713565301934,0.2129321684313898,0.20647967847892346,0.21902343439056055,0.2260641328213456,0.24867990473738955,0.22637306942872004,0.2580995980986543]","[0.46996466431095407,0.415625,0.403030303030303,0.4276315789473684,0.42857142857142855,0.4854014598540146,0.4418604651162791,0.5037878787878788]","[0.2910532241787399,0.3298979731167316,0.3211511628107447,0.3210517387853737,0.0720477494086361,0.2922530778312039,0.3099506696080332,0.2807554672498516]",1,0.2580995980986543,0.5037878787878788,False,0.9017983774831821,0.3680186145990944
61,11,order1,motion_blur_5,45,False,False,True,0.83,0.6481780844366001,0.83,0.6496490457833974,0.83,0.6496490457833974,0.83,0.6496490457833974,0.83,0.6496490457833974,0.83,0.6481780844366003,0.7832392577838139,1.0,1.0,0.83,0.6496490457833977,0.785572592491073,1.0,1.0,0.0014709613467973615,0.0,0.0014709613467973615,0.0,0.0014709613467973615,0.0,0.0014709613467973615,0.0,0.0023333347072591604,0.0,0.0,,,,,,,,,
102,50,order1,motion_blur_5,46,False,False,False,0.10303030303030303,0.0779913283592549,0.10303030303030303,0.0064306778140346245,0.10303030303030303,0.0064306778140346245,0.10303030303030303,0.0064306778140346245,0.10303030303030303,0.0064306778140346245,0.10303030303030303,0.0779913283592549,0.20252613005304967,0.0,0.0,0.10303030303030303,0.006430677814034627,0.011248005363770814,0.0,0.0,-0.07156065054522028,0.0,-0.07156065054522028,0.0,-0.07156065054522028,0.0,-0.07156065054522028,0.0,-0.19127812468927885,0.0,0.0,,,,,,,,,
22,76,order1,motion_blur_5,47,False,False,False,0.7651006711409396,0.3430236732588635,0.7651006711409396,0.3487107660157581,0.7651006711409396,0.3487107660157581,0.7651006711409396,0.3487107660157581,0.7651006711409396,0.3487107660157581,0.7651006711409396,0.34302367325886335,0.4337355530392592,1.0,0.0,0.7651006711409396,0.3487107660157583,0.44114798367899033,1.0,0.0,0.005687092756894607,0.0,0.005687092756894607,0.0,0.005687092756894607,0.0,0.00568709275689494,0.0,0.007412430639731127,0.0,0.0,,,,,,,,,
123,68,order1,motion_blur_5,48,True,True,True,0.38493723849372385,0.12286110838550757,0.38493723849372385,0.1347630339314564,0.38493723849372385,0.1347630339314564,0.8110599078341014,0.3584082159744617,0.38493723849372385,0.15166171375341397,0.38493723849372385,0.12286110838550753,0.4186751801645804,0.0,0.0,0.8110599078341014,0.3584082159744616,0.4352572221893149,1.0,0.0,0.011901925545948822,0.0,0.011901925545948822,0.22364518204300532,0.23554710758895414,0.016898679821957585,0.23554710758895409,0.42612266934037757,0.01658204202473451,1.0,0.0,"[0.1347630339314564,0.11541675492863264,0.10348074857491288,0.3584082159744617,0.13943015198968864,0.11941387198243811,0.14443213053640394,0.10001695782763546]","[0.38493723849372385,0.3514644351464435,0.329004329004329,0.8110599078341014,0.39826839826839827,0.36363636363636365,0.4125560538116592,0.3179916317991632]","[0.2834558143795568,0.2675360948730851,0.2602270229124372,0.36922986722078227,0.2932717242346514,0.27674937357354434,0.27674937357354434,0.25860671579113736]",3,0.3584082159744617,0.8110599078341014,True,0.9145926620692038,0.7679924628028761
62,104,order1,motion_blur_5,49,False,False,True,0.8097345132743363,0.0058704869015366425,0.8097345132743363,0.006359706784027351,0.8097345132743363,0.006359706784027351,0.8097345132743363,0.006359706784027351,0.8097345132743363,0.006359706784027351,0.8097345132743363,0.0058704869015366425,0.007210489346452615,0.0,0.0,0.8097345132743363,0.006359706784027351,0.007811378984729247,0.0,0.0,0.0004892198824907089,0.0,0.0004892198824907089,0.0,0.0004892198824907089,0.0,0.0004892198824907089,0.0,0.0006008896382766315,0.0,0.0,,,,,,,,,
84,30,order1,motion_blur_5,50,False,False,False,0.2302158273381295,0.14778416994138788,0.2302158273381295,0.11327555199129162,0.2302158273381295,0.11327555199129162,0.2302158273381295,0.11327555199129162,0.2302158273381295,0.11327555199129162,0.2302158273381295,0.14778416994138788,0.641493627638715,0.0,0.0,0.2302158273381295,0.11327555199129158,0.5226654450263649,0.0,0.0,-0.03450861795009626,0.0,-0.03450861795009626,0.0,-0.03450861795009626,0.0,-0.0345086179500963,0.0,-0.11882818261235006,0.0,0.0,,,,,,,,,
52,9,order1,motion_blur_5,51,False,False,False,0.7051792828685259,0.47537409911104134,0.7051792828685259,0.48991421927733003,0.7051792828685259,0.48991421927733003,0.7051792828685259,0.48991421927733003,0.7051792828685259,0.48991421927733003,0.7051792828685259,0.47537409911104167,0.6739835311809423,1.0,0.0,0.7051792828685259,0.48991421927733,0.6944407306081196,1.0,0.0,0.014540120166288695,0.0,0.014540120166288695,0.0,0.014540120166288695,0.0,0.014540120166288306,0.0,0.020457199427177275,0.0,0.0,,,,,,,,,
101,120,order1,motion_blur_5,52,True,True,False,0.6092436974789915,0.3829416727121717,0.6092436974789915,0.3984758815151491,0.6092436974789915,0.3984758815151491,0.6722689075630253,0.43954448751431047,0.6092436974789915,0.399293687169132,0.6092436974789915,0.38294167271217183,0.6230023852430374,1.0,0.0,0.6722689075630253,0.4395444875143105,0.651498547773086,1.0,0.0,0.0155342088029774,0.0,0.0155342088029774,0.041068605999161345,0.056602814802138746,0.0008178056539828726,0.05660281480213869,0.06302521008403372,0.028496162530048608,0.0,0.0,"[0.3984758815151491,0.3508735697079391,0.0,0.41233591217654564,0.385517316262624,0.3748508292514051,0.43954448751431047,0.3790832013509935]","[0.6092436974789915,0.5347826086956522,0.0,0.6304347826086957,0.5894308943089431,0.5731225296442688,0.6722689075630253,0.5798319327731093]","[0.3768195339866318,0.33102307960587957,0.06605043025010418,0.39032873684043856,0.3642141519173877,0.35385658053655905,0.41585573839006995,0.3586026385983607]",6,0.43954448751431047,0.6722689075630253,True,0.9726945024481567,0.9674862628708237
17,117,order1,motion_blur_5,53,False,False,True,0.27298850574712646,0.17486827905916563,0.27298850574712646,0.18320765195353592,0.27298850574712646,0.18320765195353592,0.27298850574712646,0.18320765195353592,0.27298850574712646,0.18320765195353592,0.27298850574712646,0.17486827905916555,0.6776029374446477,0.0,0.0,0.27298850574712646,0.18320765195353592,0.7107306786496047,0.0,0.0,0.008339372894370284,0.0,0.008339372894370284,0.0,0.008339372894370284,0.0,0.008339372894370367,0.0,0.033127741204956984,0.0,0.0,,,,,,,,,
7,61,order1,motion_blur_5,54,False,False,True,0.7908163265306123,0.4940861841402627,0.7908163265306123,0.5062646485665332,0.7908163265306123,0.5062646485665332,0.7908163265306123,0.5062646485665332,0.7908163265306123,0.5062646485665332,0.7908163265306123,0.49408618414026245,0.6251091433105169,1.0,0.0,0.7908163265306123,0.5062646485665333,0.6403514326795722,1.0,1.0,0.012178464426270519,0.0,0.012178464426270519,0.0,0.012178464426270519,0.0,0.012178464426270852,0.0,0.01524228936905525,0.0,1.0,,,,,,,,,
50,18,order1,motion_blur_5,55,False,False,False,0.7358490566037735,0.4494508763881763,0.7358490566037735,0.46329403461174434,0.7358490566037735,0.46329403461174434,0.7358490566037735,0.46329403461174434,0.7358490566037735,0.46329403461174434,0.7358490566037735,0.44945087638817643,0.6252889728880142,1.0,0.0,0.7358490566037735,0.4632940346117448,0.6442135558371564,1.0,0.0,0.01384315822356802,0.0,0.01384315822356802,0.0,0.01384315822356802,0.0,0.013843158223568353,0.0,0.018924582949142232,0.0,0.0,,,,,,,,,
4,78,order1,motion_blur_5,56,True,True,False,0.5516129032258065,0.18076825296611113,0.5516129032258065,0.14629944010427387,0.5516129032258065,0.14629944010427387,0.42276422764227645,0.18436108305823135,0.5516129032258065,0.14595747813702717,0.5516129032258065,0.18076825296611107,0.32818090177836967,0.0,0.0,0.42276422764227645,0.18436108305823135,0.2663914404653131,0.0,0.0,-0.034468812861837256,0.0,-0.034468812861837256,0.038061642953957475,0.0035928300921202194,-0.00034196196724670114,0.003592830092120275,-0.12884867558353003,-0.06178946131305657,0.0,0.0,"[0.14629944010427387,0.13785053626846475,0.18436108305823135,0.15067384196785683,0.1417275826010153,0.13785053626846475,0.1303242138859911,0.1417275826010153]","[0.5516129032258065,0.5197568389057751,0.42276422764227645,0.5681063122923588,0.534375,0.5197568389057751,0.49137931034482757,0.534375]","[0.3682372897599504,0.4019181376173658,0.4240811255331271,0.35228320393275364,0.385964051790169,0.34841987642822714,0.3802881232756025,0.33332439107947043]",2,0.18436108305823135,0.5681063122923588,True,0.9480514080203765,0.5954368808494489
46,81,order1,motion_blur_5,57,False,False,False,0.22559652928416485,0.00793526126455237,0.22559652928416485,0.0046008370021226016,0.22559652928416485,0.0046008370021226016,0.22559652928416485,0.0046008370021226016,0.22559652928416485,0.0046008370021226016,0.22559652928416485,0.007935261264552372,0.029194778685871312,0.0,0.0,0.22559652928416485,0.0046008370021226016,0.016355448374936216,0.0,0.0,-0.0033344242624297688,0.0,-0.0033344242624297688,0.0,-0.0033344242624297688,0.0,-0.0033344242624297705,0.0,-0.012839330310935097,0.0,0.0,,,,,,,,,
65,85,order1,motion_blur_5,58,False,False,True,0.8191489361702128,0.4702607030602857,0.8191489361702128,0.45786220727895044,0.8191489361702128,0.45786220727895044,0.8191489361702128,0.45786220727895044,0.8191489361702128,0.45786220727895044,0.8191489361702128,0.47026070306028595,0.5773451942755896,1.0,0.0,0.8191489361702128,0.4578622072789504,0.5657608157761669,1.0,0.0,-0.012398495781335284,0.0,-0.012398495781335284,0.0,-0.012398495781335284,0.0,-0.012398495781335561,0.0,-0.011584378499422732,0.0,0.0,,,,,,,,,
109,65,order1,motion_blur_5,59,False,False,True,0.8277027027027027,0.4479585779140791,0.8277027027027027,0.4835734989617105,0.8277027027027027,0.4835734989617105,0.8277027027027027,0.4835734989617105,0.8277027027027027,0.4835734989617105,0.8277027027027027,0.447958577914079,0.550659940766405,1.0,0.0,0.8277027027027027,0.4835734989617105,0.5917874472319131,1.0,0.0,0.035614921047631365,0.0,0.035614921047631365,0.0,0.035614921047631365,0.0,0.035614921047631476,0.0,0.04112750646550811,0.0,0.0,,,,,,,,,
68,123,order1,motion_blur_5,60,True,True,False,0.7578125,0.47158105672123,0.7578125,0.4872202125264909,0.7578125,0.4872202125264909,0.6328125,0.40713450450956706,0.7578125,0.4851783799133984,0.7578125,0.47158105672123,0.6064407284073254,1.0,0.0,0.6328125,0.40713450450956706,0.620966224145227,1.0,0.0,0.015639155805260874,0.0,0.015639155805260874,-0.08008570801692383,-0.06444655221166296,-0.002041832613092487,-0.06444655221166296,-0.125,0.014525495737901517,0.0,0.0,"[0.4872202125264909,0.449074635887158,0.40713450450956706,0.1283451536722403,0.5070259122226897,0.5252954666633735,0.5466489409179821,0.5422972800294855]","[0.7578125,0.6953125,0.6328125,0.203125,0.7886178861788617,0.8203125,0.8536585365853658,0.8434782608695652]","[0.4720864458537972,0.4699106349772356,0.5075034857754145,0.337349368175212,0.4932504490389842,0.4458196605947089,0.46455157910709166,0.47959861901808076]",2,0.5466489409179821,0.8536585365853658,False,0.8641300474543837,0.671498016540893
21,115,order1,motion_blur_5,61,False,False,False,0.85,0.49686365319902037,0.85,0.5499879696900773,0.85,0.5499879696900773,0.85,0.5499879696900773,0.85,0.5499879696900773,0.85,0.49686365319902065,0.5909494014349,1.0,0.0,0.85,0.5499879696900776,0.6470255863645641,1.0,1.0,0.05312431649105698,0.0,0.05312431649105698,0.0,0.05312431649105698,0.0,0.05312431649105692,0.0,0.05607618492966404,0.0,1.0,,,,,,,,,
125,122,order1,motion_blur_5,62,False,False,False,0.6382978723404256,0.4346847575794517,0.6382978723404256,0.4552737204812162,0.6382978723404256,0.4552737204812162,0.6382978723404256,0.4552737204812162,0.6382978723404256,0.4552737204812162,0.6382978723404256,0.4346847575794518,0.6807639310657841,1.0,0.0,0.6382978723404256,0.45527372048121634,0.7128895755004954,1.0,0.0,0.02058896290176454,0.0,0.02058896290176454,0.0,0.02058896290176454,0.0,0.02058896290176454,0.0,0.03212564443471122,0.0,0.0,,,,,,,,,
30,0,order1,motion_blur_5,63,False,False,True,0.8022813688212928,0.5975936387192604,0.8022813688212928,0.6257601157797019,0.8022813688212928,0.6257601157797019,0.8022813688212928,0.6257601157797019,0.8022813688212928,0.6257601157797019,0.8022813688212928,0.5975936387192605,0.7419663055901734,1.0,1.0,0.8022813688212928,0.6257601157797023,0.7764154112073512,1.0,1.0,0.028166477060441508,0.0,0.028166477060441508,0.0,0.028166477060441508,0.0,0.02816647706044173,0.0,0.034449105617177844,0.0,0.0,,,,,,,,,
26,10,order1,motion_blur_5,64,True,True,True,0.783410138248848,0.2843079315358378,0.783410138248848,0.27248633163096836,0.783410138248848,0.27248633163096836,0.783410138248848,0.27248633163096836,0.783410138248848,0.27653014446558866,0.783410138248848,0.2843079315358379,0.37297345751668004,0.0,0.0,0.783410138248848,0.2724863316309683,0.3570667954413463,0.0,0.0,-0.011821599904869418,0.0,-0.011821599904869418,0.0,-0.011821599904869418,0.004043812834620297,-0.011821599904869584,0.0,-0.015906662075333755,0.0,0.0,"[0.27248633163096836,0.2527456684629963,0.24558454407745878,0.08964219424151273,0.2661793705555835,0.2842766055957699,0.2368093753239079,0.2636817791176452]","[0.783410138248848,0.7373271889400922,0.7259615384615384,0.18269230769230768,0.7740384615384616,0.8173076923076923,0.695852534562212,0.7692307692307693]","[0.47192331619070527,0.46346903178355897,0.41301239591449473,0.11502762588006088,0.42349084811322435,0.44770708215196486,0.46524749404330557,0.43794740598857723]",0,0.2842766055957699,0.8173076923076923,False,0.8752074315980438,0.6402573229795547
98,44,order1,motion_blur_5,65,False,False,True,0.5496894409937888,0.1795626718094514,0.5496894409937888,0.16396659737995015,0.5496894409937888,0.16396659737995015,0.5496894409937888,0.16396659737995015,0.5496894409937888,0.16396659737995015,0.5496894409937888,0.1795626718094514,0.3248268557451874,0.0,0.0,0.5496894409937888,0.16396659737995017,0.29661373233901095,0.0,0.0,-0.015596074429501255,0.0,-0.015596074429501255,0.0,-0.015596074429501255,0.0,-0.015596074429501228,0.0,-0.028213123406176432,0.0,0.0,,,,,,,,,
5,49,order1,motion_blur_5,66,False,False,False,0.43333333333333335,0.23382410927981617,0.43333333333333335,0.23324458344133916,0.43333333333333335,0.23324458344133916,0.43333333333333335,0.23324458344133916,0.43333333333333335,0.23324458344133916,0.43333333333333335,0.23382410927981626,0.4167852830496233,0.0,0.0,0.43333333333333335,0.2332445834413392,0.4210725449190237,0.0,0.0,-0.0005795258384770074,0.0,-0.0005795258384770074,0.0,-0.0005795258384770074,0.0,-0.000579525838477063,0.0,0.004287261869400372,0.0,0.0,,,,,,,,,
31,99,order1,motion_blur_5,67,False,False,True,0.5778443113772455,0.35481369556756853,0.5778443113772455,0.35467199738083,0.5778443113772455,0.35467199738083,0.5778443113772455,0.35467199738083,0.5778443113772455,0.35467199738083,0.5778443113772455,0.35481369556756875,0.6609566589447826,1.0,0.0,0.5778443113772455,0.35467199738082994,0.647634108839352,1.0,0.0,-0.00014169818673853696,0.0,-0.00014169818673853696,0.0,-0.00014169818673853696,0.0,-0.0001416981867388145,0.0,-0.013322550105430597,0.0,0.0,,,,,,,,,
9,114,order1,motion_blur_5,68,True,True,False,0.8863636363636364,0.4918179594558514,0.8863636363636364,0.5046543241948636,0.8863636363636364,0.5046543241948636,0.8634686346863468,0.49161897264739474,0.8863636363636364,0.5081015078015518,0.8863636363636364,0.49181795945585116,0.5557283800348035,1.0,0.0,0.8634686346863468,0.49161897264739496,0.5702070636058649,1.0,0.0,0.012836364739012174,0.0,0.012836364739012174,-0.01303535154746882,-0.00019898680845664707,0.0034471836066882755,-0.00019898680845620298,-0.022895001677289528,0.014478683571061413,0.0,0.0,"[0.5046543241948636,0.4949401980644121,0.44796982393235174,0.520424771825953,0.4775223712811612,0.49161897264739474,0.5350551870981686,0.49161897264739474]","[0.8863636363636364,0.8773946360153256,0.8376068376068376,0.9140625,0.8387096774193549,0.8634686346863468,0.9397590361445783,0.8634686346863468]","[0.5058213297011748,0.48950955756351583,0.422461357559913,0.5199333517321341,0.5364059024592852,0.5513712103032903,0.5329434718629932,0.5200941303216263]",5,0.5350551870981686,0.9397590361445783,False,0.9503813480919436,0.83924197940324
100,45,order1,motion_blur_5,69,False,False,False,0.5028901734104047,0.29734833716111314,0.5028901734104047,0.3305385383192175,0.5028901734104047,0.3305385383192175,0.5028901734104047,0.3305385383192175,0.5028901734104047,0.3305385383192175,0.5028901734104047,0.29734833716111314,0.5896126634727045,0.0,0.0,0.5028901734104047,0.33053853831921737,0.6547937701753335,1.0,0.0,0.03319020115810434,0.0,0.03319020115810434,0.0,0.03319020115810434,0.0,0.03319020115810423,0.0,0.065181106702629,1.0,0.0,,,,,,,,,
126,112,order1,motion_blur_5,70,False,False,False,0.6402116402116402,0.3286529425671653,0.6402116402116402,0.328060525910514,0.6402116402116402,0.328060525910514,0.6402116402116402,0.328060525910514,0.6402116402116402,0.328060525910514,0.6402116402116402,0.32865294256716526,0.5139276867264856,1.0,0.0,0.6402116402116402,0.328060525910514,0.5134591126461295,1.0,0.0,-0.0005924166566513289,0.0,-0.0005924166566513289,0.0,-0.0005924166566513289,0.0,-0.0005924166566512734,0.0,-0.0004685740803560545,0.0,0.0,,,,,,,,,
55,16,order1,motion_blur_5,71,False,False,True,0.8383838383838383,0.511859292771587,0.8383838383838383,0.48032570386103085,0.8383838383838383,0.48032570386103085,0.8383838383838383,0.48032570386103085,0.8383838383838383,0.48032570386103085,0.8383838383838383,0.5118592927715871,0.5865207630534872,1.0,1.0,0.8383838383838383,0.48032570386103113,0.5239027207839119,1.0,0.0,-0.03153358891055619,0.0,-0.03153358891055619,0.0,-0.03153358891055619,0.0,-0.03153358891055602,0.0,-0.06261804226957535,0.0,-1.0,,,,,,,,,
27,7,order1,motion_blur_5,72,True,True,False,0.8352601156069365,0.48973283590279365,0.8352601156069365,0.5237901364529637,0.8352601156069365,0.5237901364529637,0.8837920489296636,0.554224425726989,0.8352601156069365,0.5296967326867618,0.8352601156069365,0.48973283590279354,0.5785867494844711,1.0,0.0,0.8837920489296636,0.554224425726989,0.6181376762491763,1.0,1.0,0.03405730055017003,0.0,0.03405730055017003,0.03043428927402536,0.0644915898241954,0.005906596233798078,0.0644915898241955,0.048531933322727094,0.039550926764705174,0.0,1.0,"[0.5237901364529637,0.5370227946644707,0.5263292975019025,0.3523063977548947,0.5075331036279824,0.554224425726989,0.48796905181937994,0.5163219936682124]","[0.8352601156069365,0.8562691131498471,0.8148148148148148,0.5833333333333334,0.8092485549132948,0.8837920489296636,0.7803468208092486,0.8256880733944955]","[0.4953926925626089,0.5074463040161439,0.501329034955463,0.37562512940731374,0.47972013800194124,0.5240246780644521,0.4623061884900882,0.4890258884069125]",5,0.554224425726989,0.8837920489296636,True,0.9807852440567714,0.9807852440567714
118,67,order1,motion_blur_5,73,False,False,False,0.6666666666666666,0.39618961154455823,0.6666666666666666,0.48818884853752326,0.6666666666666666,0.48818884853752326,0.6666666666666666,0.48818884853752326,0.6666666666666666,0.48818884853752326,0.6666666666666666,0.39618961154455823,0.5737745357336984,1.0,0.0,0.6666666666666666,0.48818884853752326,0.7297275365677773,1.0,0.0,0.09199923699296503,0.0,0.09199923699296503,0.0,0.09199923699296503,0.0,0.09199923699296503,0.0,0.15595300083407893,0.0,0.0,,,,,,,,,
96,47,order1,motion_blur_5,74,False,False,True,0.5833333333333334,0.4455456723426142,0.5833333333333334,0.45722007149215893,0.5833333333333334,0.45722007149215893,0.5833333333333334,0.45722007149215893,0.5833333333333334,0.45722007149215893,0.5833333333333334,0.44554567234261444,0.7651621793977404,1.0,0.0,0.5833333333333334,0.45722007149215915,0.7793876789271339,1.0,0.0,0.011674399149544712,0.0,0.011674399149544712,0.0,0.011674399149544712,0.0,0.011674399149544712,0.0,0.014225499529393448,0.0,0.0,,,,,,,,,
24,73,order1,motion_blur_5,75,False,False,True,0.6883116883116883,0.2448687411555218,0.6883116883116883,0.2131531811362409,0.6883116883116883,0.2131531811362409,0.6883116883116883,0.2131531811362409,0.6883116883116883,0.2131531811362409,0.6883116883116883,0.24486874115552204,0.30267436175505175,0.0,0.0,0.6883116883116883,0.2131531811362408,0.27589581648127715,0.0,0.0,-0.031715560019280886,0.0,-0.031715560019280886,0.0,-0.031715560019280886,0.0,-0.03171556001928125,0.0,-0.0267785452737746,0.0,0.0,,,,,,,,,
0,71,order1,motion_blur_5,76,True,True,False,0.8636363636363636,0.21460137909801094,0.8636363636363636,0.20161298445834555,0.8636363636363636,0.20161298445834555,0.8232323232323232,0.19391007648351433,0.8636363636363636,0.2033691226207601,0.8636363636363636,0.214601379098011,0.24190275534539032,0.0,0.0,0.8232323232323232,0.19391007648351435,0.22902641475578842,0.0,0.0,-0.01298839463966539,0.0,-0.01298839463966539,-0.007702907974831225,-0.020691302614496615,0.0017561381624145445,-0.020691302614496643,-0.04040404040404044,-0.012876340589601909,0.0,0.0,"[0.20161298445834555,0.19391007648351433,0.15869941576580127,0.20083603284388926,0.19305452376727408,0.19658441375767172,0.21002376926221025,0.18880290468105654]","[0.8636363636363636,0.8232323232323232,0.5255102040816326,0.8418367346938775,0.8010204081632653,0.8010204081632653,0.9040404040404041,0.7602040816326531]","[0.3221064242722857,0.3375939821987911,0.22828674254010506,0.30595367194059614,0.320664571382333,0.2898009196089066,0.3083131978641249,0.30373516056587485]",1,0.21002376926221025,0.9040404040404041,False,0.7900921204212142,0.7900921204212142
75,40,order1,motion_blur_5,77,False,False,False,0.2975206611570248,0.1970715358217795,0.2975206611570248,0.19918866404334457,0.2975206611570248,0.19918866404334457,0.2975206611570248,0.19918866404334457,0.2975206611570248,0.19918866404334457,0.2975206611570248,0.19707153582177947,0.6683953934427437,0.0,0.0,0.2975206611570248,0.19918866404334457,0.6755399702003468,0.0,0.0,0.0021171282215650677,0.0,0.0021171282215650677,0.0,0.0021171282215650677,0.0,0.0021171282215650955,0.0,0.0071445767576031605,0.0,0.0,,,,,,,,,
88,20,order1,motion_blur_5,78,False,False,True,0.6535087719298246,0.24222052543603523,0.6535087719298246,0.2085930137556613,0.6535087719298246,0.2085930137556613,0.6535087719298246,0.2085930137556613,0.6535087719298246,0.2085930137556613,0.6535087719298246,0.2422205254360351,0.3700184680027694,0.0,0.0,0.6535087719298246,0.20859301375566117,0.31874242268100383,0.0,0.0,-0.03362751168037392,0.0,-0.03362751168037392,0.0,-0.03362751168037392,0.0,-0.03362751168037392,0.0,-0.05127604532176555,0.0,0.0,,,,,,,,,
53,103,order1,motion_blur_5,79,False,False,True,0.7741228070175439,0.47552294030972453,0.7741228070175439,0.4805782730252802,0.7741228070175439,0.4805782730252802,0.7741228070175439,0.4805782730252802,0.7741228070175439,0.4805782730252802,0.7741228070175439,0.47552294030972464,0.6047118904556144,1.0,0.0,0.7741228070175439,0.4805782730252805,0.6139251993071201,1.0,0.0,0.005055332715555694,0.0,0.005055332715555694,0.0,0.005055332715555694,0.0,0.00505533271555586,0.0,0.00921330885150573,0.0,0.0,,,,,,,,,
99,12,order1,motion_blur_5,80,True,True,True,0.0,0.0,0.0,0.0,0.0,0.0,0.0,0.0,0.0,0.0,0.0,0.0,0.507346831191196,0.0,0.0,0.0,0.0,0.5272720851498289,0.0,0.0,0.0,0.0,0.0,0.0,0.0,0.0,0.0,0.0,0.019925253958632982,0.0,0.0,"[0.0,0.0,0.0,0.0,0.11120615765728843,0.0,0.0,0.0]","[0.0,0.0,0.0,0.0,0.21603563474387527,0.0,0.0,0.0]","[0.2442020566729304,0.27866700515734905,0.29015842805043557,0.34534193277168407,0.2630756978488507,0.2516930781942262,0.2693336604870072,0.2599528260384199]",3,0.11120615765728843,0.21603563474387527,False,0.7832759370739828,0.0
72,21,order1,motion_blur_5,81,False,False,True,0.7905604719764012,0.4632678323217576,0.7905604719764012,0.5127309470161107,0.7905604719764012,0.5127309470161107,0.7905604719764012,0.5127309470161107,0.7905604719764012,0.5127309470161107,0.7905604719764012,0.4632678323217575,0.585883152027229,1.0,0.0,0.7905604719764012,0.5127309470161103,0.6482362616173911,1.0,1.0,0.04946311469435305,0.0,0.04946311469435305,0.0,0.04946311469435305,0.0,0.04946311469435283,0.0,0.06235310959016216,0.0,1.0,,,,,,,,,
110,93,order1,motion_blur_5,82,False,False,True,0.8664688427299704,0.5741949806821355,0.8664688427299704,0.5538613465593643,0.8664688427299704,0.5538613465593643,0.8664688427299704,0.5538613465593643,0.8664688427299704,0.5538613465593643,0.8664688427299704,0.5741949806821354,0.6726086931874807,1.0,1.0,0.8664688427299704,0.5538613465593641,0.6360033171674183,1.0,1.0,-0.020333634122771227,0.0,-0.020333634122771227,0.0,-0.020333634122771227,0.0,-0.020333634122771227,0.0,-0.03660537602006242,0.0,0.0,,,,,,,,,
56,72,order1,motion_blur_5,83,False,False,True,0.7911764705882353,0.44344673113062355,0.7911764705882353,0.445892621712353,0.7911764705882353,0.445892621712353,0.7911764705882353,0.445892621712353,0.7911764705882353,0.445892621712353,0.7911764705882353,0.4434467311306235,0.5849500345716174,1.0,0.0,0.7911764705882353,0.4458926217123527,0.587251099188326,1.0,0.0,0.0024458905817294485,0.0,0.0024458905817294485,0.0,0.0024458905817294485,0.0,0.0024458905817292265,0.0,0.002301064616708537,0.0,0.0,,,,,,,,,
19,31,order1,motion_blur_5,84,True,True,False,0.46866485013623976,0.015793863133783198,0.46866485013623976,0.005573168624454349,0.46866485013623976,0.005573168624454349,0.5181818181818182,0.005997296606130903,0.46866485013623976,0.0,0.46866485013623976,0.015793863133783195,0.03683916821727531,0.0,0.0,0.5181818181818182,0.005997296606130907,0.011822849047252873,0.0,0.0,-0.010220694509328849,0.0,-0.010220694509328849,0.0004241279816765541,-0.009796566527652295,-0.005573168624454349,-0.009796566527652288,0.049516968045578424,-0.025016319170022436,0.0,0.0,"[0.005573168624454349,0.005439768311634964,0.005298841671437167,0.005997296606130903,0.0058774508194676615,0.005713276215571917,0.0058774508194676615,0.006216878070439958]","[0.46866485013623976,0.4574468085106383,0.44559585492227977,0.5181818181818182,0.4942528735632184,0.48044692737430167,0.4942528735632184,0.5227963525835866]","[0.18094268795778232,0.17771460797440328,0.17426031449092835,0.1959726435418641,0.18815799690382448,0.1842902098315935,0.1694066832164398,0.17616197999425764]",3,0.006216878070439958,0.5227963525835866,False,0.9518544396688772,0.3053948088881173
90,111,order1,motion_blur_5,85,False,False,True,0.5906040268456376,0.3447624212570551,0.5906040268456376,0.3288597208800359,0.5906040268456376,0.3288597208800359,0.5906040268456376,0.3288597208800359,0.5906040268456376,0.3288597208800359,0.5906040268456376,0.3447624212570552,0.5966618577121253,1.0,0.0,0.5906040268456376,0.32885972088003607,0.5703572417039239,1.0,0.0,-0.015902700377019185,0.0,-0.015902700377019185,0.0,-0.015902700377019185,0.0,-0.01590270037701913,0.0,-0.026304616008201442,0.0,0.0,,,,,,,,,
95,35,order1,motion_blur_5,86,False,False,True,0.26666666666666666,0.1213945954746725,0.26666666666666666,0.11028771342082361,0.26666666666666666,0.11028771342082361,0.26666666666666666,0.11028771342082361,0.26666666666666666,0.11028771342082361,0.26666666666666666,0.1213945954746724,0.3685440807124888,0.0,0.0,0.26666666666666666,0.11028771342082358,0.3586842642301743,0.0,0.0,-0.011106882053848896,0.0,-0.011106882053848896,0.0,-0.011106882053848896,0.0,-0.011106882053848827,0.0,-0.009859816482314487,0.0,0.0,,,,,,,,,
11,28,order1,motion_blur_5,87,False,False,False,0.47216035634743875,0.2799948613859955,0.47216035634743875,0.2931672755914255,0.47216035634743875,0.2931672755914255,0.47216035634743875,0.2931672755914255,0.47216035634743875,0.2931672755914255,0.47216035634743875,0.2799948613859954,0.6020838065526021,0.0,0.0,0.47216035634743875,0.2931672755914256,0.6303659825697432,0.0,0.0,0.013172414205430028,0.0,0.013172414205430028,0.0,0.013172414205430028,0.0,0.013172414205430194,0.0,0.028282176017141114,0.0,0.0,,,,,,,,,
81,75,order1,motion_blur_5,88,True,True,True,0.22084367245657568,0.06256619359759444,0.22084367245657568,0.09977051700585028,0.22084367245657568,0.09977051700585028,0.2109004739336493,0.09527847951032621,0.22084367245657568,0.0947653147865073,0.22084367245657568,0.06256619359759444,0.37980370024170174,0.0,0.0,0.2109004739336493,0.09527847951032624,0.4956334965539214,0.0,0.0,0.03720432340825584,0.0,0.03720432340825584,-0.0044920374955240705,0.03271228591273177,-0.0050052022193429885,0.0327122859127318,-0.009943198522926383,0.11582979631221968,0.0,0.0,"[0.09977051700585028,0.10985660752283515,0.09527847951032621,0.12970167210760536,0.1044351126061238,0.07243268336184437,0.07975511310061006,0.07581914648006048]","[0.22084367245657568,0.24316939890710382,0.2109004739336493,0.2870967741935484,0.23116883116883116,0.17369727047146402,0.1912568306010929,0.18181818181818182]","[0.18824781050456452,0.1640973119468004,0.20221075877678707,0.16993751614780744,0.17501975424666946,0.19735325469723078,0.17415488913063654,0.1834853645538266]",2,0.12970167210760536,0.2870967741935484,False,0.9839482193474656,0.0
45,110,order1,motion_blur_5,89,False,False,True,0.5028901734104047,0.22051441683942719,0.5028901734104047,0.22565841211764753,0.5028901734104047,0.22565841211764753,0.5028901734104047,0.22565841211764753,0.5028901734104047,0.22565841211764753,0.5028901734104047,0.22051441683942713,0.4374660423440387,0.0,0.0,0.5028901734104047,0.22565841211764748,0.44780540468771063,0.0,0.0,0.005143995278220348,0.0,0.005143995278220348,0.0,0.005143995278220348,0.0,0.005143995278220348,0.0,0.010339362343671943,0.0,0.0,,,,,,,,,
107,56,order1,motion_blur_5,90,False,False,True,0.7261410788381742,0.4772792650104207,0.7261410788381742,0.5109996827503828,0.7261410788381742,0.5109996827503828,0.7261410788381742,0.5109996827503828,0.7261410788381742,0.5109996827503828,0.7261410788381742,0.47727926501042073,0.674828101957775,1.0,0.0,0.7261410788381742,0.5109996827503827,0.7164202240059746,1.0,1.0,0.033720417739962094,0.0,0.033720417739962094,0.0,0.033720417739962094,0.0,0.03372041773996193,0.0,0.04159212204819962,0.0,1.0,,,,,,,,,
114,27,order1,motion_blur_5,91,False,False,False,0.44485294117647056,0.2756982590106616,0.44485294117647056,0.27304029597306007,0.44485294117647056,0.27304029597306007,0.44485294117647056,0.27304029597306007,0.44485294117647056,0.27304029597306007,0.44485294117647056,0.2756982590106616,0.6331320861632265,0.0,0.0,0.44485294117647056,0.2730402959730599,0.6314083566135176,0.0,0.0,-0.0026579630376015184,0.0,-0.0026579630376015184,0.0,-0.0026579630376015184,0.0,-0.002657963037601685,0.0,-0.0017237295497088967,0.0,0.0,,,,,,,,,
43,57,order1,motion_blur_5,92,True,True,True,0.7861271676300579,0.5670075434669043,0.7861271676300579,0.5786248197870535,0.7861271676300579,0.5786248197870535,0.7513812154696132,0.5530502421169075,0.7861271676300579,0.5679331470379376,0.7861271676300579,0.5670075434669042,0.7217468206711113,1.0,1.0,0.7513812154696132,0.5530502421169076,0.7360789922375266,1.0,1.0,0.011617276320149195,0.0,0.011617276320149195,-0.025574577670146037,-0.013957301349996842,-0.010691672749115866,-0.01395730134999662,-0.034745952160444626,0.014332171566415308,0.0,0.0,"[0.5786248197870535,0.5530502421169075,0.5324579458678736,0.5786248197870535,0.625618479549834,0.5561227434620014,0.6066793565040015,0.6066793565040015]","[0.7861271676300579,0.7513812154696132,0.723404255319149,0.7861271676300579,0.8676470588235294,0.7555555555555555,0.8242424242424242,0.8242424242424242]","[0.3275604357158279,0.34354004172485214,0.3352219486947442,0.2825736164942029,0.25384581618968405,0.3196292549323977,0.33712067271772145,0.31158082970680356]",1,0.625618479549834,0.8676470588235294,False,0.890874859819111,0.49800140590795355
8,41,order1,motion_blur_5,93,False,False,False,0.7818696883852692,0.45199606529590985,0.7818696883852692,0.47726480830342943,0.7818696883852692,0.47726480830342943,0.7818696883852692,0.47726480830342943,0.7818696883852692,0.47726480830342943,0.7818696883852692,0.4519960652959102,0.5781886941998904,1.0,0.0,0.7818696883852692,0.4772648083034298,0.6104991057695468,1.0,0.0,0.02526874300751958,0.0,0.02526874300751958,0.0,0.02526874300751958,0.0,0.025268743007519634,0.0,0.032310411569656416,0.0,0.0,,,,,,,,,
71,105,order1,motion_blur_5,94,False,False,False,0.0,0.0,0.0,0.0,0.0,0.0,0.0,0.0,0.0,0.0,0.0,0.0,0.5542633924928697,0.0,0.0,0.0,0.0,0.5654444762978855,0.0,0.0,0.0,0.0,0.0,0.0,0.0,0.0,0.0,0.0,0.011181083805015812,0.0,0.0,,,,,,,,,
115,24,order1,motion_blur_5,95,False,False,True,0.5236051502145923,0.1289323913592572,0.5236051502145923,0.13384110143086977,0.5236051502145923,0.13384110143086977,0.5236051502145923,0.13384110143086977,0.5236051502145923,0.13384110143086977,0.5236051502145923,0.12893239135925724,0.24921860346124236,0.0,0.0,0.5236051502145923,0.13384110143086977,0.25871164299906535,0.0,0.0,0.0049087100716125875,0.0,0.0049087100716125875,0.0,0.0049087100716125875,0.0,0.004908710071612532,0.0,0.00949303953782299,0.0,0.0,,,,,,,,,
42,42,order1,motion_blur_5,96,True,False,True,0.8074534161490683,0.11141545844225217,0.8074534161490683,0.10545143126400992,0.8074534161490683,0.10545143126400992,0.6666666666666666,0.08706502786413127,0.8074534161490683,0.10545143126400992,0.8074534161490683,0.1114154584422522,0.13745508666055636,0.0,0.0,0.6666666666666666,0.08706502786413124,0.1300971680728398,0.0,0.0,-0.005964027178242251,0.0,-0.005964027178242251,-0.018386403399878654,-0.024350430578120905,0.0,-0.02435043057812096,-0.14078674948240166,-0.007357918587716561,0.0,0.0,"[0.10545143126400992,0.09405917137676231,0.08706502786413127,0.06791072173402239,0.0012478375093151889,0.09983206693136067,0.10045964753553607,0.09619082398586741]","[0.8074534161490683,0.7202216066481995,0.6666666666666666,0.52,0.16363636363636364,0.7321428571428571,0.7692307692307693,0.7365439093484419]","[0.4384638812497231,0.4915697550656833,0.5050238181924662,0.4076178264611781,0.16115402266127746,0.41565807114176007,0.4602509064049888,0.4806762424880504]",2,0.10545143126400992,0.8074534161490683,False,0.8175350584098922,0.6720486878121346
121,64,order1,motion_blur_5,97,False,False,False,0.562992125984252,0.3481579609982138,0.562992125984252,0.3704531000672917,0.562992125984252,0.3704531000672917,0.562992125984252,0.3704531000672917,0.562992125984252,0.3704531000672917,0.562992125984252,0.34815796099821383,0.6184734424203502,1.0,0.0,0.562992125984252,0.3704531000672918,0.6579025436243607,1.0,0.0,0.02229513906907793,0.0,0.02229513906907793,0.0,0.02229513906907793,0.0,0.022295139069077985,0.0,0.03942910120401055,0.0,0.0,,,,,,,,,
124,88,order1,motion_blur_5,98,False,False,True,0.37919463087248323,0.178816318555371,0.37919463087248323,0.20881825262992793,0.37919463087248323,0.20881825262992793,0.37919463087248323,0.20881825262992793,0.37919463087248323,0.20881825262992793,0.37919463087248323,0.178816318555371,0.4674321309605312,0.0,0.0,0.37919463087248323,0.2088182526299279,0.5487871585195125,0.0,0.0,0.030001934074556924,0.0,0.030001934074556924,0.0,0.030001934074556924,0.0,0.030001934074556896,0.0,0.08135502755898133,0.0,0.0,,,,,,,,,
113,52,order1,motion_blur_5,99,False,False,False,0.875968992248062,0.5025446458357588,0.875968992248062,0.5309381461062778,0.875968992248062,0.5309381461062778,0.875968992248062,0.5309381461062778,0.875968992248062,0.5309381461062778,0.875968992248062,0.5025446458357588,0.5756279987700362,1.0,1.0,0.875968992248062,0.530938146106278,0.6083657370550837,1.0,1.0,0.028393500270519012,0.0,0.028393500270519012,0.0,0.028393500270519012,0.0,0.028393500270519234,0.0,0.032737738285047446,0.0,0.0,,,,,,,,,
16,46,order1,motion_blur_5,100,True,True,True,0.5670995670995671,0.42608052572380245,0.5670995670995671,0.43847804597944545,0.5670995670995671,0.43847804597944545,0.605080831408776,0.4678449358949279,0.5670995670995671,0.45697886324987774,0.5670995670995671,0.4260805257238026,0.7514037806502274,1.0,0.0,0.605080831408776,0.4678449358949282,0.7732611144499155,1.0,0.0,0.012397520255643002,0.0,0.012397520255643002,0.029366889915482475,0.04176441017112548,0.01850081727043229,0.04176441017112559,0.037981264309208895,0.021857333799688128,0.0,0.0,"[0.43847804597944545,0.42203511925521625,0.47777560670401836,0.4678449358949279,0.42203511925521625,0.4481788877046544,0.43101458987766766,0.43009948459130315]","[0.5670995670995671,0.5458333333333333,0.6179245283018868,0.605080831408776,0.5458333333333333,0.5796460176991151,0.5574468085106383,0.5562632696390658]","[0.30507217567119604,0.2936319690835262,0.29218110915685797,0.3255042613397057,0.2936319690835262,0.3118215600887004,0.299879457787431,0.29924277104053626]",3,0.47777560670401836,0.6179245283018868,False,0.892417075102942,0.6174740638301892
103,48,order1,motion_blur_5,101,False,False,False,0.6091370558375635,0.3317805677240397,0.6091370558375635,0.36703910050904537,0.6091370558375635,0.36703910050904537,0.6091370558375635,0.36703910050904537,0.6091370558375635,0.36703910050904537,0.6091370558375635,0.3317805677240397,0.5205184349943033,1.0,0.0,0.6091370558375635,0.36703910050904526,0.5799331406210172,1.0,0.0,0.03525853278500568,0.0,0.03525853278500568,0.0,0.03525853278500568,0.0,0.03525853278500557,0.0,0.059414705626713915,0.0,0.0,,,,,,,,,
6,13,order1,motion_blur_5,102,False,False,True,0.4533678756476684,0.2833648840101048,0.4533678756476684,0.3042836229633794,0.4533678756476684,0.3042836229633794,0.4533678756476684,0.3042836229633794,0.4533678756476684,0.3042836229633794,0.4533678756476684,0.28336488401010496,0.6238766627956241,0.0,0.0,0.4533678756476684,0.30428362296337963,0.6697823905883012,1.0,0.0,0.020918738953274618,0.0,0.020918738953274618,0.0,0.020918738953274618,0.0,0.020918738953274674,0.0,0.0459057277926771,1.0,0.0,,,,,,,,,
29,74,order1,motion_blur_5,103,False,False,True,0.2684931506849315,0.19509939598339976,0.2684931506849315,0.1820536863421083,0.2684931506849315,0.1820536863421083,0.2684931506849315,0.1820536863421083,0.2684931506849315,0.1820536863421083,0.2684931506849315,0.19509939598339976,0.627702384390346,0.0,0.0,0.2684931506849315,0.1820536863421083,0.564081918844033,0.0,0.0,-0.013045709641291453,0.0,-0.013045709641291453,0.0,-0.013045709641291453,0.0,-0.013045709641291453,0.0,-0.06362046554631295,0.0,0.0,,,,,,,,,
85,127,order1,motion_blur_5,104,True,True,True,0.7928994082840237,0.533555966390215,0.7928994082840237,0.5519356603242477,0.7928994082840237,0.5519356603242477,0.7486033519553073,0.5211012658927255,0.7928994082840237,0.5566280933023485,0.7928994082840237,0.5335559663902151,0.6741940349861543,1.0,1.0,0.7486033519553073,0.5211012658927258,0.6971786311294015,1.0,1.0,0.018379693934032715,0.0,0.018379693934032715,-0.03083439443152214,-0.012454700497489424,0.004692432978100847,-0.012454700497489313,-0.04429605632871647,0.022984596143247216,0.0,0.0,"[0.5519356603242477,0.5211012658927255,0.4961549286957333,0.43788728016367967,0.3444401784923588,0.5211012658927255,0.49352977034284584,0.5829820412174866]","[0.7928994082840237,0.7486033519553073,0.7127659574468085,0.6379310344827587,0.5,0.7486033519553073,0.708994708994709,0.8375]","[0.2890011594746152,0.3094717235368791,0.2644600312007969,0.20772899085929886,0.21373464571836276,0.27554345523112206,0.29506078160621446,0.2745086220768115]",1,0.5829820412174866,0.8375,False,0.8950578201409373,0.6921385420407019
15,6,order1,motion_blur_5,105,False,False,True,0.6368715083798883,0.1442279604746162,0.6368715083798883,0.13513089515620258,0.6368715083798883,0.13513089515620258,0.6368715083798883,0.13513089515620258,0.6368715083798883,0.13513089515620258,0.6368715083798883,0.14422796047461617,0.2285105247741183,0.0,0.0,0.6368715083798883,0.1351308951562026,0.215029418346213,0.0,0.0,-0.009097065318413616,0.0,-0.009097065318413616,0.0,-0.009097065318413616,0.0,-0.00909706531841356,0.0,-0.013481106427905287,0.0,0.0,,,,,,,,,
60,83,order1,motion_blur_5,106,False,False,False,0.6927710843373494,0.24080151244047956,0.6927710843373494,0.2452331290377604,0.6927710843373494,0.2452331290377604,0.6927710843373494,0.2452331290377604,0.6927710843373494,0.2452331290377604,0.6927710843373494,0.2408015124404796,0.3463977938139859,0.0,0.0,0.6927710843373494,0.24523312903776034,0.35285628138002567,0.0,0.0,0.004431616597280835,0.0,0.004431616597280835,0.0,0.004431616597280835,0.0,0.004431616597280752,0.0,0.006458487566039783,0.0,0.0,,,,,,,,,
122,19,order1,motion_blur_5,107,False,False,True,0.6794520547945205,0.19496170002404573,0.6794520547945205,0.2052475732531651,0.6794520547945205,0.2052475732531651,0.6794520547945205,0.2052475732531651,0.6794520547945205,0.2052475732531651,0.6794520547945205,0.19496170002404561,0.28233008250729713,0.0,0.0,0.6794520547945205,0.20524757325316498,0.29478202305118256,0.0,0.0,0.010285873229119363,0.0,0.010285873229119363,0.0,0.010285873229119363,0.0,0.010285873229119363,0.0,0.012451940543885431,0.0,0.0,,,,,,,,,
83,89,order1,motion_blur_5,108,True,True,True,0.0,0.0,0.0,0.0,0.0,0.0,0.0,0.0,0.0,0.0,0.0,0.0,0.6139973291556613,0.0,0.0,0.0,0.0,0.5926043130691474,0.0,0.0,0.0,0.0,0.0,0.0,0.0,0.0,0.0,0.0,-0.021393016086513894,0.0,0.0,"[0.0,0.0,0.0,0.0,0.0,0.0,0.0,0.0]","[0.0,0.0,0.0,0.0,0.0,0.0,0.0,0.0]","[0.3266347862809568,0.36317797846773847,0.2367792547887672,0.16791808022532656,0.2996221584408844,0.30836319018756597,0.31946473085030747,0.3449063823743476]",1,0.0,0.0,False,0.81539347147732,0.0
89,17,order1,motion_blur_5,109,False,False,False,0.0,0.0,0.0,0.0,0.0,0.0,0.0,0.0,0.0,0.0,0.0,0.0,0.32185354241987085,0.0,0.0,0.0,0.0,0.30494866514747015,0.0,0.0,0.0,0.0,0.0,0.0,0.0,0.0,0.0,0.0,-0.016904877272400698,0.0,0.0,,,,,,,,,
12,95,order1,motion_blur_5,110,False,False,True,0.26720647773279355,0.058127705106595325,0.26720647773279355,0.08009803663739354,0.26720647773279355,0.08009803663739354,0.26720647773279355,0.08009803663739354,0.26720647773279355,0.08009803663739354,0.26720647773279355,0.05812770510659531,0.2623628754887949,0.0,0.0,0.26720647773279355,0.08009803663739357,0.34146564496470405,0.0,0.0,0.021970331530798214,0.0,0.021970331530798214,0.0,0.021970331530798214,0.0,0.021970331530798255,0.0,0.07910276947590916,0.0,0.0,,,,,,,,,
91,100,order1,motion_blur_5,111,False,False,False,0.15632754342431762,0.09071628824602228,0.15632754342431762,0.09130619311323837,0.15632754342431762,0.09130619311323837,0.15632754342431762,0.09130619311323837,0.15632754342431762,0.09130619311323837,0.15632754342431762,0.09071628824602225,0.42459970612281356,0.0,0.0,0.15632754342431762,0.09130619311323836,0.5658731070326104,0.0,0.0,0.0005899048672160928,0.0,0.0005899048672160928,0.0,0.0005899048672160928,0.0,0.0005899048672161067,0.0,0.14127340090979684,0.0,0.0,,,,,,,,,
36,53,order1,motion_blur_5,112,True,True,False,0.6,0.1405841050951298,0.6,0.16408241102391602,0.6,0.16408241102391602,0.22739018087855298,0.06585906813824789,0.6,0.175783284051746,0.6,0.1405841050951299,0.23215723777177413,0.0,0.0,0.22739018087855298,0.06585906813824788,0.2714597769753301,0.0,0.0,0.02349830592878621,0.0,0.02349830592878621,-0.09822334288566813,-0.07472503695688192,0.011700873027829989,-0.07472503695688201,-0.372609819121447,0.03930253920355595,0.0,0.0,"[0.16408241102391602,0.15626896287992,0.18102306330669696,0.06585906813824789,0.1737343175547346,0.1737343175547346,0.14916582820356,0.1845927124019055]","[0.6,0.5714285714285714,0.6604938271604939,0.22739018087855298,0.6352941176470588,0.6352941176470588,0.5454545454545454,0.675]","[0.2740192731982649,0.2878998200096224,0.25099071887450075,0.37266862785297167,0.2650212559544418,0.25859644340786764,0.2653591575851513,0.24943177031006286]",3,0.1845927124019055,0.675,False,0.8552000257703993,0.2300136564238992
120,86,order1,motion_blur_5,113,False,False,False,0.6170212765957447,0.3553178329918381,0.6170212765957447,0.3836741247677533,0.6170212765957447,0.3836741247677533,0.6170212765957447,0.3836741247677533,0.6170212765957447,0.3836741247677533,0.6170212765957447,0.3553178329918381,0.5770891951207578,1.0,0.0,0.6170212765957447,0.38367412476775314,0.6227194544331723,1.0,0.0,0.0283562917759152,0.0,0.0283562917759152,0.0,0.0283562917759152,0.0,0.028356291775915032,0.0,0.04563025931241449,0.0,0.0,,,,,,,,,
1,32,order1,motion_blur_5,114,False,False,False,0.7212121212121212,0.3508846274320006,0.7212121212121212,0.28908010966350983,0.7212121212121212,0.28908010966350983,0.7212121212121212,0.28908010966350983,0.7212121212121212,0.28908010966350983,0.7212121212121212,0.3508846274320005,0.49073544472668057,1.0,0.0,0.7212121212121212,0.28908010966351,0.40649493028878025,0.0,0.0,-0.061804517768490774,0.0,-0.061804517768490774,0.0,-0.061804517768490774,0.0,-0.0618045177684905,0.0,-0.08424051443790032,-1.0,0.0,,,,,,,,,
58,43,order1,motion_blur_5,115,False,False,True,0.6243093922651933,0.44645469417612793,0.6243093922651933,0.4514310888832211,0.6243093922651933,0.4514310888832211,0.6243093922651933,0.4514310888832211,0.6243093922651933,0.4514310888832211,0.6243093922651933,0.4464546941761277,0.7088447337357817,1.0,0.0,0.6243093922651933,0.45143108888322103,0.7167458516479212,1.0,0.0,0.004976394707093157,0.0,0.004976394707093157,0.0,0.004976394707093157,0.0,0.004976394707093323,0.0,0.007901117912139433,0.0,0.0,,,,,,,,,
20,51,order1,motion_blur_5,116,True,True,True,0.23923444976076555,0.11291931930219234,0.23923444976076555,0.10848869261786574,0.23923444976076555,0.10848869261786574,0.2995391705069124,0.11867124749998867,0.23923444976076555,0.10527333212838418,0.23923444976076555,0.11291931930219233,0.45657362323973494,0.0,0.0,0.2995391705069124,0.1186712474999887,0.40108098757060734,0.0,0.0,-0.004430626684326602,0.0,-0.004430626684326602,0.010182554882122927,0.005751928197796324,-0.003215360489481567,0.005751928197796366,0.06030472074614687,-0.0554926356691276,0.0,0.0,"[0.10848869261786574,0.07578142807073548,0.11867124749998867,0.10448910947987991,0.07868215259018949,0.12321368759568202,0.1122482017679898,0.08140876183836436]","[0.23923444976076555,0.16129032258064516,0.2995391705069124,0.2304147465437788,0.1674641148325359,0.31100478468899523,0.24752475247524752,0.17326732673267325]","[0.2569172920129981,0.24608343030160668,0.2925142662075702,0.26929884825458844,0.2337018740600164,0.2801327099659799,0.24608343030160668,0.2228680123486249]",2,0.12321368759568202,0.31100478468899523,False,0.906189132484401,0.3620858293046027
32,96,order1,motion_blur_5,117,False,False,True,0.5866666666666667,0.34411374555574453,0.5866666666666667,0.3411764160744408,0.5866666666666667,0.3411764160744408,0.5866666666666667,0.3411764160744408,0.5866666666666667,0.3411764160744408,0.5866666666666667,0.3441137455557445,0.6020227439083687,1.0,0.0,0.5866666666666667,0.34117641607444105,0.5992274021162813,1.0,0.0,-0.0029373294813037076,0.0,-0.0029373294813037076,0.0,-0.0029373294813037076,0.0,-0.00293732948130343,0.0,-0.0027953417920874024,0.0,0.0,,,,,,,,,
64,97,order1,motion_blur_5,118,False,False,True,0.83,0.1998606335817307,0.83,0.20337153772935115,0.83,0.20337153772935115,0.83,0.20337153772935115,0.83,0.20337153772935115,0.83,0.19986063358173053,0.2170495713117216,0.0,0.0,0.83,0.20337153772935113,0.21887243139119972,0.0,0.0,0.0035109041476204528,0.0,0.0035109041476204528,0.0,0.0035109041476204528,0.0,0.0035109041476205916,0.0,0.001822860079478128,0.0,0.0,,,,,,,,,
82,119,order1,motion_blur_5,119,False,False,True,0.3326612903225806,0.21982978730119418,0.3326612903225806,0.22786479674612353,0.3326612903225806,0.22786479674612353,0.3326612903225806,0.22786479674612353,0.3326612903225806,0.22786479674612353,0.3326612903225806,0.2198297873011942,0.6407958859376574,0.0,0.0,0.3326612903225806,0.22786479674612367,0.6589067911650528,0.0,0.0,0.008035009444929353,0.0,0.008035009444929353,0.0,0.008035009444929353,0.0,0.008035009444929464,0.0,0.018110905227395446,0.0,0.0,,,,,,,,,
117,59,order1,motion_blur_5,120,True,True,True,0.35390946502057613,0.1627398768428193,0.35390946502057613,0.17656985497807529,0.35390946502057613,0.17656985497807529,0.33204633204633205,0.16566206470915942,0.35390946502057613,0.17657963518596947,0.35390946502057613,0.16273987684281932,0.4618104781701012,0.0,0.0,0.33204633204633205,0.16566206470915945,0.5005156440806021,0.0,0.0,0.013829978135255994,0.0,0.013829978135255994,-0.010907790268915862,0.0029221878663401313,9.780207894188875e-06,0.0029221878663401313,-0.02186313297424408,0.03870516591050094,0.0,0.0,"[0.17656985497807529,0.18901530731133168,0.2052941376060875,0.18258074365817997,0.1709421305166227,0.16630416573516393,0.16566206470915942,0.1709421305166227]","[0.35390946502057613,0.3788546255506608,0.3875598086124402,0.3659574468085106,0.3426294820717131,0.3333333333333333,0.33204633204633205,0.3426294820717131]","[0.41010061846263823,0.3830981086050159,0.35148026214897615,0.3965993635338271,0.41278559065456033,0.4020237783941714,0.418883791601536,0.40566434928288764]",6,0.2052941376060875,0.3875598086124402,False,0.8388937626721258,0.33306958878839255
116,87,order1,motion_blur_5,121,False,False,True,0.7617021276595745,0.5023787505846494,0.7617021276595745,0.5007619171152583,0.7617021276595745,0.5007619171152583,0.7617021276595745,0.5007619171152583,0.7617021276595745,0.5007619171152583,0.7617021276595745,0.502378750584649,0.6598053411849926,1.0,1.0,0.7617021276595745,0.5007619171152583,0.6577386140050757,1.0,1.0,-0.0016168334693911213,0.0,-0.0016168334693911213,0.0,-0.0016168334693911213,0.0,-0.0016168334693906772,0.0,-0.0020667271799168496,0.0,0.0,,,,,,,,,
106,80,order1,motion_blur_5,122,False,False,True,0.40476190476190477,0.19255134920687436,0.40476190476190477,0.14064988736252432,0.40476190476190477,0.14064988736252432,0.40476190476190477,0.14064988736252432,0.40476190476190477,0.14064988736252432,0.40476190476190477,0.19255134920687436,0.4785247908856265,0.0,0.0,0.40476190476190477,0.14064988736252432,0.3485457052040659,0.0,0.0,-0.051901461844350044,0.0,-0.051901461844350044,0.0,-0.051901461844350044,0.0,-0.051901461844350044,0.0,-0.12997908568156058,0.0,0.0,,,,,,,,,
33,63,order1,motion_blur_5,123,False,False,False,0.5464362850971922,0.14312307479944888,0.5464362850971922,0.20105879406920982,0.5464362850971922,0.20105879406920982,0.5464362850971922,0.20105879406920982,0.5464362850971922,0.20105879406920982,0.5464362850971922,0.1431230747994488,0.2620637176788376,0.0,0.0,0.5464362850971922,0.20105879406920982,0.36733351993534397,0.0,0.0,0.05793571926976093,0.0,0.05793571926976093,0.0,0.05793571926976093,0.0,0.057935719269761016,0.0,0.10526980225650634,0.0,0.0,,,,,,,,,
49,14,order1,motion_blur_5,124,True,False,False,0.7470238095238095,0.4926336634413952,0.7470238095238095,0.39551398374462654,0.7470238095238095,0.39551398374462654,0.8683385579937304,0.41934669325249657,0.7470238095238095,0.39551398374462654,0.7470238095238095,0.49263366344139525,0.6375510153759298,1.0,0.0,0.8683385579937304,0.4193466932524967,0.48119278830052675,1.0,0.0,-0.09711967969676866,0.0,-0.09711967969676866,0.02383270950787003,-0.07328697018889863,0.0,-0.07328697018889857,0.12131474846992085,-0.1563582270754031,0.0,0.0,"[0.39551398374462654,0.39577395014066985,0.41934669325249657,0.16900844225778588,0.3927420887247586,0.4192198692056609,0.4063996897192493,0.41628183536756747]","[0.7470238095238095,0.8195266272189349,0.8683385579937304,0.2743682310469314,0.7202380952380952,0.7917981072555205,0.7675840978593272,0.7634069400630915]","[0.40074329189119157,0.43955365019803694,0.46274795402580643,0.16174419328802422,0.38849365066424213,0.41720053165343957,0.41133204492529474,0.4025602887480359]",2,0.41934669325249657,0.8683385579937304,True,0.8644365934840538,0.8508960706197721
51,60,order1,motion_blur_5,125,False,False,True,0.5082872928176796,0.17654265965977978,0.5082872928176796,0.16792691389940337,0.5082872928176796,0.16792691389940337,0.5082872928176796,0.16792691389940337,0.5082872928176796,0.16792691389940337,0.5082872928176796,0.17654265965977978,0.35957256541105004,0.0,0.0,0.5082872928176796,0.16792691389940342,0.31977423595498705,0.0,0.0,-0.008615745760376409,0.0,-0.008615745760376409,0.0,-0.008615745760376409,0.0,-0.008615745760376353,0.0,-0.039798329456062986,0.0,0.0,,,,,,,,,
97,124,order1,motion_blur_5,126,False,False,True,0.28044280442804426,0.06826765752160935,0.28044280442804426,0.056758736851403105,0.28044280442804426,0.056758736851403105,0.28044280442804426,0.056758736851403105,0.28044280442804426,0.056758736851403105,0.28044280442804426,0.06826765752160936,0.21719669217219176,0.0,0.0,0.28044280442804426,0.05675873685140309,0.18690198600386956,0.0,0.0,-0.011508920670206244,0.0,-0.011508920670206244,0.0,-0.011508920670206244,0.0,-0.011508920670206271,0.0,-0.030294706168322194,0.0,0.0,,,,,,,,,
76,39,order1,motion_blur_5,127,False,False,False,0.7313432835820896,0.13041179388421842,0.7313432835820896,0.10483669893213055,0.7313432835820896,0.10483669893213055,0.7313432835820896,0.10483669893213055,0.7313432835820896,0.10483669893213055,0.7313432835820896,0.13041179388421845,0.18149696218156539,0.0,0.0,0.7313432835820896,0.10483669893213055,0.14619195756519227,0.0,0.0,-0.025575094952087873,0.0,-0.025575094952087873,0.0,-0.025575094952087873,0.0,-0.0255750949520879,0.0,-0.03530500461637312,0.0,0.0,,,,,,,,,
48,113,order1,occlusion_5,0,True,False,True,0.5476190476190477,0.33256974211456486,0.5476190476190477,0.33256974211456486,0.5476190476190477,0.33256974211456486,0.5476190476190477,0.33256974211456486,0.5476190476190477,0.33256974211456486,0.5476190476190477,0.332569742114565,0.6077436601959864,1.0,0.0,0.5476190476190477,0.332569742114565,0.6077436601959864,1.0,0.0,0.0,0.0,0.0,0.0,0.0,0.0,0.0,0.0,0.0,0.0,0.0,"[0.33256974211456486,0.3127148321375759,0.29509709511574067,0.3162690722204064,0.35511684327487436,0.33256974211456486,0.3127148321375759,0.29509709511574067]","[0.5476190476190477,0.5149253731343284,0.4859154929577465,0.5,0.5847457627118644,0.5476190476190477,0.5149253731343284,0.4859154929577465]","[0.5186027410843191,0.4876413834076434,0.46016862941284664,0.32920415230669997,0.5165092715769762,0.48475802803765206,0.4876413834076434,0.46016862941284664]",0,0.35511684327487436,0.5847457627118644,False,0.8564993264018625,0.5760787393627654
104,66,order1,occlusion_5,1,False,False,False,0.28735632183908044,0.20666636848225953,0.28735632183908044,0.20666636848225953,0.28735632183908044,0.20666636848225953,0.28735632183908044,0.20666636848225953,0.28735632183908044,0.20666636848225953,0.28735632183908044,0.20666636848225955,0.6749760520260315,0.0,0.0,0.28735632183908044,0.20666636848225955,0.6749760520260315,0.0,0.0,0.0,0.0,0.0,0.0,0.0,0.0,0.0,0.0,0.0,0.0,0.0,,,,,,,,,
57,106,order1,occlusion_5,2,False,False,True,0.18872017353579176,0.10588199358747928,0.18872017353579176,0.10588199358747928,0.18872017353579176,0.10588199358747928,0.18872017353579176,0.10588199358747928,0.18872017353579176,0.10588199358747928,0.18872017353579176,0.10588199358747931,0.582519848145065,0.0,0.0,0.18872017353579176,0.10588199358747931,0.582519848145065,0.0,0.0,0.0,0.0,0.0,0.0,0.0,0.0,0.0,0.0,0.0,0.0,0.0,,,,,,,,,
18,25,order1,occlusion_5,3,False,False,True,0.875,0.4956302288750526,0.875,0.4956302288750526,0.875,0.4956302288750526,0.875,0.4956302288750526,0.875,0.4956302288750526,0.875,0.4956302288750526,0.5645404000672284,1.0,0.0,0.875,0.4956302288750526,0.5645404000672284,1.0,0.0,0.0,0.0,0.0,0.0,0.0,0.0,0.0,0.0,0.0,0.0,0.0,,,,,,,,,
23,36,order1,occlusion_5,4,True,False,True,0.21465968586387435,0.08392061773345894,0.21465968586387435,0.08392061773345894,0.21465968586387435,0.08392061773345894,0.29906542056074764,0.10250114399592371,0.21465968586387435,0.08392061773345894,0.21465968586387435,0.08392061773345891,0.34073906046851943,0.0,0.0,0.29906542056074764,0.10250114399592365,0.34073906046851943,0.0,0.0,0.0,0.0,0.0,0.018580526262464772,0.018580526262464772,0.0,0.018580526262464744,0.08440573469687329,0.0,0.0,0.0,"[0.08392061773345894,0.0859082695109439,0.10250114399592371,0.08392061773345894,0.08548713593115018,0.08735061573346407,0.08219916916456747,0.08548713593115018]","[0.21465968586387435,0.2506527415143603,0.29906542056074764,0.17277486910994763,0.21866666666666668,0.22343324250681199,0.21025641025641026,0.176]","[0.3106866193073749,0.3307869767919643,0.3842548694359679,0.2892462379904795,0.3156454533748013,0.32151012400845375,0.3052068005905314,0.29386286455141647]",2,0.10250114399592371,0.29906542056074764,True,0.6922950972642076,0.3102542164343422
10,1,order1,occlusion_5,5,False,False,True,0.1925925925925926,0.12125756581256089,0.1925925925925926,0.12125756581256089,0.1925925925925926,0.12125756581256089,0.1925925925925926,0.12125756581256089,0.1925925925925926,0.12125756581256089,0.1925925925925926,0.12125756581256089,0.5861093765418772,0.0,0.0,0.1925925925925926,0.12125756581256089,0.5861093765418772,0.0,0.0,0.0,0.0,0.0,0.0,0.0,0.0,0.0,0.0,0.0,0.0,0.0,,,,,,,,,
54,109,order1,occlusion_5,6,False,False,True,0.26595744680851063,0.005373407893622575,0.26595744680851063,0.005373407893622575,0.26595744680851063,0.005373407893622575,0.26595744680851063,0.005373407893622575,0.26595744680851063,0.005373407893622575,0.26595744680851063,0.005373407893622577,0.02000397394061474,0.0,0.0,0.26595744680851063,0.005373407893622577,0.02000397394061474,0.0,0.0,0.0,0.0,0.0,0.0,0.0,0.0,0.0,0.0,0.0,0.0,0.0,,,,,,,,,
80,92,order1,occlusion_5,7,False,False,False,0.9178082191780822,0.6387976019828108,0.9178082191780822,0.6387976019828108,0.9178082191780822,0.6387976019828108,0.9178082191780822,0.6387976019828108,0.9178082191780822,0.6387976019828108,0.9178082191780822,0.6387976019828107,0.6953824747530647,1.0,1.0,0.9178082191780822,0.6387976019828107,0.6953824747530647,1.0,1.0,0.0,0.0,0.0,0.0,0.0,0.0,0.0,0.0,0.0,0.0,0.0,,,,,,,,,
105,90,order1,occlusion_5,8,True,True,False,0.44256756756756754,0.2039110768704383,0.44256756756756754,0.2039110768704383,0.44256756756756754,0.2039110768704383,0.4106583072100313,0.18920902430611203,0.44256756756756754,0.20976242412353724,0.44256756756756754,0.20391107687043833,0.46995570568150774,0.0,0.0,0.4106583072100313,0.18920902430611206,0.46995570568150774,0.0,0.0,0.0,0.0,0.0,-0.014702052564326273,-0.014702052564326273,0.0058513472530989374,-0.014702052564326273,-0.03190926035753622,0.0,0.0,0.0,"[0.2039110768704383,0.21604171025281224,0.18920902430611203,0.16413782042528674,0.1985449959001636,0.21039356096515702,0.20957527345017268,0.2220014815701312]","[0.44256756756756754,0.4597315436241611,0.4106583072100313,0.4075471698113208,0.4309210526315789,0.4477124183006536,0.4548611111111111,0.4724137931034483]","[0.35622482215504336,0.34750281462569305,0.389768494322658,0.335201926422878,0.3678921863872571,0.3588845085947696,0.3445574579228296,0.33612112065661653]",2,0.2220014815701312,0.4724137931034483,False,0.8877211855407064,0.2625323431601658
87,125,order1,occlusion_5,9,False,False,False,0.4325581395348837,0.20201123769766247,0.4325581395348837,0.19604025612082135,0.4325581395348837,0.19604025612082135,0.4325581395348837,0.19604025612082135,0.4325581395348837,0.19604025612082135,0.4325581395348837,0.2020112376976625,0.40342120443751955,0.0,0.0,0.4325581395348837,0.19604025612082146,0.3918463492539682,0.0,0.0,-0.005970981576841117,0.0,-0.005970981576841117,0.0,-0.005970981576841117,0.0,-0.0059709815768410335,0.0,-0.011574855183551336,0.0,0.0,,,,,,,,,
28,55,order1,occlusion_5,10,False,False,False,0.4789473684210526,0.030274853040424432,0.4789473684210526,0.03296514749441704,0.4789473684210526,0.03296514749441704,0.4789473684210526,0.03296514749441704,0.4789473684210526,0.03296514749441704,0.4789473684210526,0.030274853040424446,0.06169069586002047,0.0,0.0,0.4789473684210526,0.03296514749441705,0.06796250800132908,0.0,0.0,0.00269029445399261,0.0,0.00269029445399261,0.0,0.00269029445399261,0.0,0.0026902944539926033,0.0,0.006271812141308612,0.0,0.0,,,,,,,,,
78,62,order1,occlusion_5,11,False,False,True,0.9330708661417323,0.25892686267252807,0.9330708661417323,0.2628367958705412,0.9330708661417323,0.2628367958705412,0.9330708661417323,0.2628367958705412,0.9330708661417323,0.2628367958705412,0.9330708661417323,0.25892686267252807,0.2763337105832862,0.0,0.0,0.9330708661417323,0.2628367958705412,0.2805064964332667,0.0,0.0,0.003909933198013138,0.0,0.003909933198013138,0.0,0.003909933198013138,0.0,0.003909933198013138,0.0,0.004172785849980487,0.0,0.0,,,,,,,,,
70,58,order1,occlusion_5,12,True,True,False,0.5227272727272727,0.30349471435196157,0.5227272727272727,0.3549007400127533,0.5227272727272727,0.3549007400127533,0.5681818181818182,0.37546751926775096,0.5227272727272727,0.3672304196924261,0.5227272727272727,0.30349471435196157,0.4275620127557884,1.0,0.0,0.5681818181818182,0.37546751926775096,0.48472271716100107,1.0,0.0,0.05140602566079172,0.0,0.05140602566079172,0.02056677925499767,0.07197280491578939,0.0123296796796728,0.07197280491578939,0.045454545454545525,0.05716070440521265,0.0,0.0,"[0.3549007400127533,0.24087026651759677,0.15046147277996394,0.18867115594146938,0.36527795463300927,0.37546751926775096,0.3287709338547557,0.38320570700763545]","[0.5227272727272727,0.3409090909090909,0.21022727272727273,0.3902439024390244,0.5380116959064327,0.5681818181818182,0.4772727272727273,0.5644171779141104]","[0.43956162527659337,0.31594634968873325,0.22709787035995874,0.17555245113509413,0.45529868216060293,0.4704654441735584,0.40865780637962834,0.46135869764987436]",5,0.38320570700763545,0.5681818181818182,False,0.8261621916819855,0.6795301139372645
93,116,order1,occlusion_5,13,False,False,True,0.6473988439306358,0.4342955699204333,0.6473988439306358,0.44268809087067684,0.6473988439306358,0.44268809087067684,0.6473988439306358,0.44268809087067684,0.6473988439306358,0.44268809087067684,0.6473988439306358,0.43429556992043333,0.6721719316515933,1.0,0.0,0.6473988439306358,0.442688090870677,0.6851269335958827,1.0,0.0,0.008392520950243565,0.0,0.008392520950243565,0.0,0.008392520950243565,0.0,0.008392520950243676,0.0,0.012955001944289446,0.0,0.0,,,,,,,,,
44,70,order1,occlusion_5,14,False,False,True,0.44387755102040816,0.1919783335326112,0.44387755102040816,0.1919189279673509,0.44387755102040816,0.1919189279673509,0.44387755102040816,0.1919189279673509,0.44387755102040816,0.1919189279673509,0.44387755102040816,0.19197833353261115,0.42265807513044706,0.0,0.0,0.44387755102040816,0.1919189279673509,0.42515163827277874,0.0,0.0,-5.940556526029539e-05,0.0,-5.940556526029539e-05,0.0,-5.940556526029539e-05,0.0,-5.940556526023988e-05,0.0,0.0024935631423316784,0.0,0.0,,,,,,,,,
2,91,order1,occlusion_5,15,False,False,True,0.3253731343283582,0.22170504636879443,0.3253731343283582,0.1222504251144395,0.3253731343283582,0.1222504251144395,0.3253731343283582,0.1222504251144395,0.3253731343283582,0.1222504251144395,0.3253731343283582,0.22170504636879454,0.7025066690564684,0.0,0.0,0.3253731343283582,0.12225042511443951,0.29123463632259095,0.0,0.0,-0.09945462125435493,0.0,-0.09945462125435493,0.0,-0.09945462125435493,0.0,-0.09945462125435503,0.0,-0.41127203273387747,0.0,0.0,,,,,,,,,
69,4,order1,occlusion_5,16,True,True,True,0.3778801843317972,0.1577722121950107,0.3778801843317972,0.19398336345434533,0.3778801843317972,0.19398336345434533,0.06072874493927125,0.03166235833745772,0.3778801843317972,0.19459909289957394,0.3778801843317972,0.15777221219501072,0.36247121964208423,0.0,0.0,0.06072874493927125,0.03166235833745772,0.4459567388841815,0.0,0.0,0.036211151259334634,0.0,0.036211151259334634,-0.1623210051168876,-0.12610985385755297,0.0006157294452286133,-0.126109853857553,-0.31715143939252594,0.0834855192420973,0.0,0.0,"[0.19398336345434533,0.18144133564479714,0.22470603592147032,0.03166235833745772,0.14167809659116423,0.21098479079268148,0.22537881009791183,0.19734353276729258]","[0.3778801843317972,0.35344827586206895,0.4534412955465587,0.06072874493927125,0.31685393258426964,0.4147465437788018,0.4470046082949309,0.3879310344827586]","[0.21933171984862374,0.2426571324187267,0.30262224637341756,0.31420915425427604,0.19862810164151715,0.2304371233852629,0.24015435147982217,0.25125975501646136]",3,0.22537881009791183,0.4534412955465587,False,0.9306733106469613,0.10173519390711389
14,3,order1,occlusion_5,17,False,False,True,0.422360248447205,0.0,0.422360248447205,0.0,0.422360248447205,0.0,0.422360248447205,0.0,0.422360248447205,0.0,0.422360248447205,0.0,0.0,0.0,0.0,0.422360248447205,0.0,0.0,0.0,0.0,0.0,0.0,0.0,0.0,0.0,0.0,0.0,0.0,0.0,0.0,0.0,,,,,,,,,
3,38,order1,occlusion_5,18,False,False,False,0.7236842105263158,0.4903288581550464,0.7236842105263158,0.04116967496335786,0.7236842105263158,0.04116967496335786,0.7236842105263158,0.04116967496335786,0.7236842105263158,0.04116967496335786,0.7236842105263158,0.49032885815504623,0.568108057144593,1.0,0.0,0.7236842105263158,0.04116967496335786,0.06196738021866045,0.0,0.0,-0.4491591831916885,0.0,-0.4491591831916885,0.0,-0.4491591831916885,0.0,-0.44915918319168835,0.0,-0.5061406769259326,-1.0,0.0,,,,,,,,,
39,8,order1,occlusion_5,19,False,False,True,0.9824561403508771,0.6496879889964025,0.9824561403508771,0.6458907343523375,0.9824561403508771,0.6458907343523375,0.9824561403508771,0.6458907343523375,0.9824561403508771,0.6458907343523375,0.9824561403508771,0.6496879889964025,0.659373119837449,1.0,1.0,0.9824561403508771,0.6458907343523376,0.6553420425758825,1.0,1.0,-0.0037972546440649957,0.0,-0.0037972546440649957,0.0,-0.0037972546440649957,0.0,-0.0037972546440648847,0.0,-0.004031077261566485,0.0,0.0,,,,,,,,,
94,121,order1,occlusion_5,20,True,True,False,0.6402116402116402,0.3947277884625185,0.6402116402116402,0.39598616400010755,0.6402116402116402,0.39598616400010755,0.6142131979695431,0.3799055075940118,0.6402116402116402,0.3971266820858637,0.6402116402116402,0.3947277884625185,0.6167900839916141,1.0,0.0,0.6142131979695431,0.37990550759401187,0.6188490459573031,1.0,0.0,0.0012583755375890626,0.0,0.0012583755375890626,-0.01608065640609574,-0.014822280868506676,0.0011405180857561592,-0.014822280868506621,-0.02599844224209713,0.002058961965688999,0.0,0.0,"[0.39598616400010755,0.41348831489513993,0.3799055075940118,0.4736796518735463,0.4112164010770347,0.4301229022759789,0.4301229022759789,0.3818438010001037]","[0.6402116402116402,0.6685082872928176,0.6142131979695431,0.7658227848101266,0.6648351648351648,0.6954022988505747,0.6954022988505747,0.6173469387755102]","[0.25947465857165214,0.2683048707542016,0.29812243621967593,0.2501771660343882,0.24818701549400268,0.2371431246749079,0.25525968586305664,0.25221166264256684]",2,0.4736796518735463,0.7658227848101266,False,0.8181391146675502,0.42383022000321413
92,37,order1,occlusion_5,21,False,False,True,0.3598326359832636,0.273333468000863,0.3598326359832636,0.27312576897892793,0.3598326359832636,0.27312576897892793,0.3598326359832636,0.27312576897892793,0.3598326359832636,0.27312576897892793,0.3598326359832636,0.27333346800086294,0.7450972048215769,0.0,0.0,0.3598326359832636,0.27312576897892793,0.7457558173072555,0.0,0.0,-0.0002076990219350705,0.0,-0.0002076990219350705,0.0,-0.0002076990219350705,0.0,-0.000207699021935015,0.0,0.0006586124856785558,0.0,0.0,,,,,,,,,
59,82,order1,occlusion_5,22,False,False,False,0.96415770609319,0.6379643240863893,0.96415770609319,0.609633156585918,0.96415770609319,0.609633156585918,0.96415770609319,0.609633156585918,0.96415770609319,0.609633156585918,0.96415770609319,0.637964324086389,0.665449517797652,1.0,1.0,0.96415770609319,0.6096331565859182,0.6361791966202687,1.0,1.0,-0.028331167500471266,0.0,-0.028331167500471266,0.0,-0.028331167500471266,0.0,-0.028331167500470822,0.0,-0.029270321177383374,0.0,0.0,,,,,,,,,
35,23,order1,occlusion_5,23,False,False,True,0.5472972972972973,0.1900374746466503,0.5472972972972973,0.19613749527443777,0.5472972972972973,0.19613749527443777,0.5472972972972973,0.19613749527443777,0.5472972972972973,0.19613749527443777,0.5472972972972973,0.19003747464665036,0.38978128067949647,0.0,0.0,0.5472972972972973,0.1961374952744378,0.3884650439241612,0.0,0.0,0.0061000206277874724,0.0,0.0061000206277874724,0.0,0.0061000206277874724,0.0,0.006100020627787445,0.0,-0.001316236755335265,0.0,0.0,,,,,,,,,
67,79,order1,occlusion_5,24,True,True,True,0.8688046647230321,0.7404155000224336,0.8688046647230321,0.7386411131711021,0.8688046647230321,0.7386411131711021,0.9825072886297376,0.8320911374632319,0.8688046647230321,0.7409967953716337,0.8688046647230321,0.7404155000224335,0.8475569201607018,1.0,1.0,0.9825072886297376,0.8320911374632316,0.8460522681441394,1.0,1.0,-0.0017743868513314665,0.0,-0.0017743868513314665,0.09345002429212979,0.09167563744079832,0.002355682200531506,0.0916756374407981,0.11370262390670549,-0.0015046520165624688,0.0,0.0,"[0.7386411131711021,0.776362089181009,0.8320911374632319,0.7042204028640361,0.7419413788739427,0.75615621257459,0.7209357709691514,0.758656746979058]","[0.8688046647230321,0.9125364431486881,0.9825072886297376,0.8250728862973761,0.8688046647230321,0.8892128279883382,0.8454810495626822,0.8892128279883382]","[0.16518179125590524,0.17349631094999443,0.18157898171783213,0.15686727156181607,0.16518179125590524,0.1690619004464802,0.160747380752391,0.1690619004464802]",2,0.8320911374632319,0.9825072886297376,True,0.970168174864225,0.9638871771952208
119,29,order1,occlusion_5,25,False,False,False,0.9470588235294117,0.5863383126092032,0.9470588235294117,0.6372448304570144,0.9470588235294117,0.6372448304570144,0.9470588235294117,0.6372448304570144,0.9470588235294117,0.6372448304570144,0.9470588235294117,0.5863383126092037,0.6193582313430535,1.0,1.0,0.9470588235294117,0.6372448304570149,0.6726759953292695,1.0,1.0,0.050906517847811195,0.0,0.050906517847811195,0.0,0.050906517847811195,0.0,0.050906517847811195,0.0,0.053317763986216016,0.0,0.0,,,,,,,,,
86,69,order1,occlusion_5,26,False,False,True,0.6896551724137931,0.2916823440937887,0.6896551724137931,0.29231497087359165,0.6896551724137931,0.29231497087359165,0.6896551724137931,0.29231497087359165,0.6896551724137931,0.29231497087359165,0.6896551724137931,0.2916823440937887,0.4226581484987571,0.0,0.0,0.6896551724137931,0.2923149708735917,0.42370312775786856,0.0,0.0,0.0006326267798029694,0.0,0.0006326267798029694,0.0,0.0006326267798029694,0.0,0.000632626779803025,0.0,0.001044979259111456,0.0,0.0,,,,,,,,,
38,54,order1,occlusion_5,27,False,False,True,0.638961038961039,0.477403479386394,0.638961038961039,0.4834937735040946,0.638961038961039,0.4834937735040946,0.638961038961039,0.4834937735040946,0.638961038961039,0.4834937735040946,0.638961038961039,0.4774034793863944,0.7487607222364467,1.0,0.0,0.638961038961039,0.4834937735040948,0.7623375728798192,1.0,0.0,0.006090294117700623,0.0,0.006090294117700623,0.0,0.006090294117700623,0.0,0.006090294117700401,0.0,0.01357685064337244,0.0,0.0,,,,,,,,,
34,22,order1,occlusion_5,28,True,True,False,0.6441102756892231,0.2487220629249865,0.6441102756892231,0.16781148354612913,0.6441102756892231,0.16781148354612913,0.5068027210884354,0.15794846680815453,0.6441102756892231,0.15350420263711861,0.6441102756892231,0.24872206292498653,0.3846515624305024,0.0,0.0,0.5068027210884354,0.15794846680815444,0.2595224106004089,0.0,0.0,-0.08091057937885737,0.0,-0.08091057937885737,-0.0098630167379746,-0.09077359611683197,-0.014307280909010511,-0.09077359611683208,-0.1373075546007877,-0.1251291518300935,0.0,0.0,"[0.16781148354612913,0.15829026462152607,0.15794846680815453,0.10899362435870946,0.03980996860328986,0.1712449665854361,0.17124496658543611,0.16134164321663982]","[0.6441102756892231,0.607565011820331,0.5068027210884354,0.3469387755102041,0.20365535248041775,0.639386189258312,0.59846547314578,0.619277108433735]","[0.25838686816758294,0.26532604577171676,0.4669751871873943,0.3362070175582563,0.14189965532184115,0.236988953829501,0.21416451186888022,0.27044076472635226]",2,0.17124496658543611,0.6441102756892231,False,0.8171768513575971,0.6276514050603348
66,102,order1,occlusion_5,29,False,False,False,0.4515235457063712,0.14858388170961834,0.4515235457063712,0.1545364296304218,0.4515235457063712,0.1545364296304218,0.4515235457063712,0.1545364296304218,0.4515235457063712,0.1545364296304218,0.4515235457063712,0.14858388170961834,0.2783637522653416,0.0,0.0,0.4515235457063712,0.1545364296304218,0.3092944729829484,0.0,0.0,0.005952547920803464,0.0,0.005952547920803464,0.0,0.005952547920803464,0.0,0.005952547920803464,0.0,0.030930720717606774,0.0,0.0,,,,,,,,,
112,5,order1,occlusion_5,30,False,False,True,0.398989898989899,0.2231289846040196,0.398989898989899,0.23152322937325842,0.398989898989899,0.23152322937325842,0.398989898989899,0.23152322937325842,0.398989898989899,0.23152322937325842,0.398989898989899,0.22312898460401964,0.5627324295345081,0.0,0.0,0.398989898989899,0.23152322937325845,0.5852320778240018,0.0,0.0,0.008394244769238834,0.0,0.008394244769238834,0.0,0.008394244769238834,0.0,0.008394244769238807,0.0,0.02249964828949369,0.0,0.0,,,,,,,,,
47,108,order1,occlusion_5,31,False,False,True,0.8384615384615385,0.48681538588038986,0.8384615384615385,0.3524608010446247,0.8384615384615385,0.3524608010446247,0.8384615384615385,0.3524608010446247,0.8384615384615385,0.3524608010446247,0.8384615384615385,0.48681538588038975,0.5736286320517529,1.0,0.0,0.8384615384615385,0.3524608010446246,0.4398298364503628,1.0,0.0,-0.13435458483576518,0.0,-0.13435458483576518,0.0,-0.13435458483576518,0.0,-0.13435458483576512,0.0,-0.13379879560139007,0.0,0.0,,,,,,,,,
74,126,order1,occlusion_5,32,True,True,True,0.8102564102564103,0.5103995739808844,0.8102564102564103,0.541317470653452,0.8102564102564103,0.541317470653452,0.8955223880597015,0.5928430486016576,0.8102564102564103,0.5452535115059398,0.8102564102564103,0.5103995739808843,0.6290644355697408,1.0,1.0,0.8955223880597015,0.5928430486016579,0.6684084636279545,1.0,1.0,0.030917896672567613,0.0,0.030917896672567613,0.05152557794820556,0.08244347462077317,0.003936040852487777,0.08244347462077362,0.08526597780329126,0.03934402805821369,0.0,0.0,"[0.541317470653452,0.5193075985033494,0.48213121561272926,0.46952647794965136,0.5928430486016576,0.5199847624503603,0.5092369776450135,0.48916852532402777]","[0.8102564102564103,0.7759036144578313,0.7203579418344519,0.7015250544662309,0.8955223880597015,0.7783251231527094,0.7692307692307693,0.7389162561576355]","[0.22530894279282285,0.20847863622275653,0.19355399112403573,0.18849375606196941,0.2641756492139829,0.2162965850811099,0.22469287555428438,0.2153306724061892]",4,0.5928430486016576,0.8955223880597015,True,0.7562713339297858,0.4585798275396691
73,94,order1,occlusion_5,33,False,False,True,0.7142857142857143,0.29920428312931,0.7142857142857143,0.3073687801458167,0.7142857142857143,0.3073687801458167,0.7142857142857143,0.3073687801458167,0.7142857142857143,0.3073687801458167,0.7142857142857143,0.29920428312931,0.41308690470813564,0.0,0.0,0.7142857142857143,0.30736878014581664,0.4233482877635596,1.0,0.0,0.008164497016506678,0.0,0.008164497016506678,0.0,0.008164497016506678,0.0,0.008164497016506622,0.0,0.010261383055423956,1.0,0.0,,,,,,,,,
63,15,order1,occlusion_5,34,False,False,True,0.29775280898876405,0.21034729279061273,0.29775280898876405,0.21463320538326394,0.29775280898876405,0.21463320538326394,0.29775280898876405,0.21463320538326394,0.29775280898876405,0.21463320538326394,0.29775280898876405,0.21034729279061273,0.7003835431412453,0.0,0.0,0.29775280898876405,0.21463320538326397,0.7179676006748926,0.0,0.0,0.004285912592651209,0.0,0.004285912592651209,0.0,0.004285912592651209,0.0,0.0042859125926512365,0.0,0.017584057533647335,0.0,0.0,,,,,,,,,
37,118,order1,occlusion_5,35,False,False,True,0.7377049180327869,0.4259091001275902,0.7377049180327869,0.2579172733203525,0.7377049180327869,0.2579172733203525,0.7377049180327869,0.2579172733203525,0.7377049180327869,0.2579172733203525,0.7377049180327869,0.4259091001275901,0.5785592476574231,1.0,0.0,0.7377049180327869,0.25791727332035236,0.35173324914796744,0.0,0.0,-0.16799182680723768,0.0,-0.16799182680723768,0.0,-0.16799182680723768,0.0,-0.16799182680723773,0.0,-0.22682599850945562,-1.0,0.0,,,,,,,,,
41,98,order1,occlusion_5,36,True,True,True,0.03836317135549872,0.027930681079956075,0.03836317135549872,0.02733210111181159,0.03836317135549872,0.02733210111181159,0.036855036855036855,0.026257620478423418,0.03836317135549872,0.027332343048590307,0.03836317135549872,0.027930681079956075,0.7146303417845867,0.0,0.0,0.036855036855036855,0.026257620478423418,0.70031513330617,0.0,0.0,-0.0005985799681444866,0.0,-0.0005985799681444866,-0.001074480633388171,-0.0016730606015326575,2.419367787186155e-07,-0.0016730606015326575,-0.0015081345004618676,-0.014315208478416719,0.0,0.0,"[0.02733210111181159,0.013093568590967344,0.0,0.0,0.03905864195578282,0.02790300661806353,0.026257620478423418,0.02678408905944444]","[0.03836317135549872,0.0171990171990172,0.0,0.0,0.058823529411764705,0.0391644908616188,0.036855036855036855,0.03759398496240601]","[0.3397461926802524,0.35038767855495107,0.32300199876730296,0.12896526442150974,0.3554569992781832,0.3240353860823217,0.3659950276626771,0.3554569992781832]",6,0.03905864195578282,0.058823529411764705,False,0.861433884898761,0.0946524747369335
13,107,order1,occlusion_5,37,False,False,True,0.5301204819277109,0.2974313484040922,0.5301204819277109,0.2727499832288215,0.5301204819277109,0.2727499832288215,0.5301204819277109,0.2727499832288215,0.5301204819277109,0.2727499832288215,0.5301204819277109,0.29743134840409224,0.555660928535584,0.0,0.0,0.5301204819277109,0.27274998322882144,0.5093467422564057,0.0,0.0,-0.024681365175270698,0.0,-0.024681365175270698,0.0,-0.024681365175270698,0.0,-0.02468136517527081,0.0,-0.04631418627917827,0.0,0.0,,,,,,,,,
77,101,order1,occlusion_5,38,False,False,True,0.890295358649789,0.537529903400649,0.890295358649789,0.567581865391943,0.890295358649789,0.567581865391943,0.890295358649789,0.567581865391943,0.890295358649789,0.567581865391943,0.890295358649789,0.5375299034006488,0.6079542441471728,1.0,1.0,0.890295358649789,0.5675818653919434,0.6409192439190751,1.0,1.0,0.030051961991294007,0.0,0.030051961991294007,0.0,0.030051961991294007,0.0,0.030051961991294673,0.0,0.03296499977190226,0.0,0.0,,,,,,,,,
111,77,order1,occlusion_5,39,False,False,True,0.8327137546468402,0.04428525519690244,0.8327137546468402,0.5759805218759078,0.8327137546468402,0.5759805218759078,0.8327137546468402,0.5759805218759078,0.8327137546468402,0.5759805218759078,0.8327137546468402,0.04428525519690245,0.07455202806564576,0.0,0.0,0.8327137546468402,0.5759805218759074,0.6916612158108345,1.0,1.0,0.5316952666790054,0.0,0.5316952666790054,0.0,0.5316952666790054,0.0,0.531695266679005,0.0,0.6171091877451887,1.0,1.0,,,,,,,,,
108,33,order1,occlusion_5,40,True,True,True,0.6735537190082644,0.37847435953921477,0.6735537190082644,0.3723932555455774,0.6735537190082644,0.3723932555455774,0.7520661157024794,0.4146399634953886,0.6735537190082644,0.3723975258424818,0.6735537190082644,0.3784743595392145,0.5606948826623038,1.0,0.0,0.7520661157024794,0.41463996349538845,0.5509326430530913,1.0,0.0,-0.006081103993637371,0.0,-0.006081103993637371,0.042246707949811224,0.03616560395617385,4.27029690441838e-06,0.036165603956173964,0.07851239669421495,-0.00976223960921252,0.0,0.0,"[0.3723932555455774,0.3981859966900161,0.39136393035884215,0.21101800093090933,0.4146399634953886,0.34528416797712536,0.3844554450800155,0.35121044181897104]","[0.6735537190082644,0.7222222222222222,0.7107438016528925,0.37857142857142856,0.7520661157024794,0.6245210727969349,0.6973180076628352,0.6322314049586777]","[0.3490632179886787,0.36347027646203656,0.3559648777239796,0.2912430161237249,0.37171553603035035,0.3230522037747803,0.35106332212126656,0.361913912283686]",4,0.4146399634953886,0.7520661157024794,True,0.8587009051256663,0.7617868736660479
79,84,order1,occlusion_5,41,False,False,True,0.8895348837209303,0.2279810709487192,0.8895348837209303,0.23215773658544475,0.8895348837209303,0.23215773658544475,0.8895348837209303,0.23215773658544475,0.8895348837209303,0.23215773658544475,0.8895348837209303,0.2279810709487191,0.25615048811001284,0.0,0.0,0.8895348837209303,0.23215773658544475,0.26070554223252107,0.0,0.0,0.004176665636725557,0.0,0.004176665636725557,0.0,0.004176665636725557,0.0,0.0041766656367256405,0.0,0.004555054122508229,0.0,0.0,,,,,,,,,
40,26,order1,occlusion_5,42,False,False,True,0.342911877394636,0.14597503598165518,0.342911877394636,0.01864727161001558,0.342911877394636,0.01864727161001558,0.342911877394636,0.01864727161001558,0.342911877394636,0.01864727161001558,0.342911877394636,0.14597503598165526,0.40908894094075354,0.0,0.0,0.342911877394636,0.018647271610015583,0.16025218560430204,0.0,0.0,-0.1273277643716396,0.0,-0.1273277643716396,0.0,-0.1273277643716396,0.0,-0.12732776437163967,0.0,-0.2488367553364515,0.0,0.0,,,,,,,,,
127,2,order1,occlusion_5,43,False,False,True,0.35904255319148937,0.16546849710802858,0.35904255319148937,0.19122175351154086,0.35904255319148937,0.19122175351154086,0.35904255319148937,0.19122175351154086,0.35904255319148937,0.19122175351154086,0.35904255319148937,0.16546849710802855,0.4365642223420422,0.0,0.0,0.35904255319148937,0.19122175351154086,0.5062535594598272,0.0,0.0,0.02575325640351228,0.0,0.02575325640351228,0.0,0.02575325640351228,0.0,0.02575325640351231,0.0,0.06968933711778502,0.0,0.0,,,,,,,,,
25,34,order1,occlusion_5,44,True,True,True,0.46996466431095407,0.2314257467303916,0.46996466431095407,0.2409345100039551,0.46996466431095407,0.2409345100039551,0.415625,0.2130764572847478,0.46996466431095407,0.24126819273679484,0.46996466431095407,0.2314257467303915,0.4931738789151145,0.0,0.0,0.415625,0.21307645728474783,0.5139742175726808,0.0,0.0,0.009508763273563509,0.0,0.009508763273563509,-0.0278580527192073,-0.01834928944564379,0.00033368273283973515,-0.01834928944564368,-0.05433966431095405,0.02080033865756631,0.0,0.0,"[0.2409345100039551,0.2130764572847478,0.2191890196637479,0.22610239040980346,0.24884841726685875,0.22652646621634318,0.2582744936784822,0.23350844633944964]","[0.46996466431095407,0.415625,0.4276315789473684,0.42857142857142855,0.4854014598540146,0.4418604651162791,0.5037878787878788,0.4554794520547945]","[0.2856632834200775,0.32440077978012344,0.3240951948175334,0.07199911965134848,0.29284261650171634,0.30450855191955933,0.28019782842526875,0.31216150715505303]",1,0.2582744936784822,0.5037878787878788,False,0.9041066828496803,0.3725934600974328
61,11,order1,occlusion_5,45,False,False,True,0.83,0.6482269996146084,0.83,0.6468862936861407,0.83,0.6468862936861407,0.83,0.6468862936861407,0.83,0.6468862936861407,0.83,0.6482269996146086,0.7832391115499051,1.0,1.0,0.83,0.6468862936861406,0.7825290004169512,1.0,1.0,-0.0013407059284676892,0.0,-0.0013407059284676892,0.0,-0.0013407059284676892,0.0,-0.0013407059284680223,0.0,-0.0007101111329539389,0.0,0.0,,,,,,,,,
102,50,order1,occlusion_5,46,False,False,False,0.1869747899159664,0.1265887229850044,0.1869747899159664,0.01650841765106141,0.1869747899159664,0.01650841765106141,0.1869747899159664,0.01650841765106141,0.1869747899159664,0.01650841765106141,0.1869747899159664,0.12658872298500437,0.2625441021341329,0.0,0.0,0.1869747899159664,0.016508417651061404,0.027783451557815957,0.0,0.0,-0.11008030533394299,0.0,-0.11008030533394299,0.0,-0.11008030533394299,0.0,-0.11008030533394297,0.0,-0.23476065057631693,0.0,0.0,,,,,,,,,
22,76,order1,occlusion_5,47,False,False,False,0.7919463087248322,0.34819065900558915,0.7919463087248322,0.35239312141909607,0.7919463087248322,0.35239312141909607,0.7919463087248322,0.35239312141909607,0.7919463087248322,0.35239312141909607,0.7919463087248322,0.34819065900558904,0.4175601885998329,1.0,0.0,0.7919463087248322,0.3523931214190961,0.4233128211663543,1.0,0.0,0.004202462413506913,0.0,0.004202462413506913,0.0,0.004202462413506913,0.0,0.00420246241350708,0.0,0.005752632566521421,0.0,0.0,,,,,,,,,
123,68,order1,occlusion_5,48,True,True,True,0.6188340807174888,0.24890977981340145,0.6188340807174888,0.26546450841539726,0.6188340807174888,0.26546450841539726,0.6188340807174888,0.26546450841539726,0.6188340807174888,0.28913158674291606,0.6188340807174888,0.24890977981340134,0.4097578722036854,0.0,0.0,0.6188340807174888,0.26546450841539715,0.4314657875657321,0.0,0.0,0.016554728601995805,0.0,0.016554728601995805,0.0,0.016554728601995805,0.023667078327518798,0.016554728601995805,0.0,0.021707915362046692,0.0,0.0,"[0.26546450841539726,0.2562709323663792,0.22769750670412026,0.10063248313709906,0.29439931497766353,0.2476928258436552,0.27534225756573766,0.28460858354150764]","[0.6188340807174888,0.5974025974025974,0.5481171548117155,0.329004329004329,0.6961325966850829,0.5774058577405857,0.641860465116279,0.6634615384615384]","[0.35883181771563594,0.34449373721145093,0.31831630972991853,0.23524226072325577,0.318618196318672,0.33125746343672186,0.34592685986829,0.3318484411527201]",0,0.29439931497766353,0.6961325966850829,False,0.9520315054425317,0.6760805821347774
62,104,order1,occlusion_5,49,False,False,True,0.8840579710144928,0.02328286786757496,0.8840579710144928,0.027151259226553853,0.8840579710144928,0.027151259226553853,0.8840579710144928,0.027151259226553853,0.8840579710144928,0.027151259226553853,0.8840579710144928,0.02328286786757496,0.026193226351021826,0.0,0.0,0.8840579710144928,0.02715125922655385,0.03054516662987308,0.0,0.0,0.003868391358978894,0.0,0.003868391358978894,0.0,0.003868391358978894,0.0,0.0038683913589788906,0.0,0.004351940278851253,0.0,0.0,,,,,,,,,
84,30,order1,occlusion_5,50,False,False,False,0.21890547263681592,0.14457549904097913,0.21890547263681592,0.12683614020398848,0.21890547263681592,0.12683614020398848,0.21890547263681592,0.12683614020398848,0.21890547263681592,0.12683614020398848,0.21890547263681592,0.14457549904097922,0.6555162084007751,0.0,0.0,0.21890547263681592,0.12683614020398842,0.5692400471248814,0.0,0.0,-0.017739358836990654,0.0,-0.017739358836990654,0.0,-0.017739358836990654,0.0,-0.017739358836990793,0.0,-0.08627616127589366,0.0,0.0,,,,,,,,,
52,9,order1,occlusion_5,51,False,False,False,0.6772908366533864,0.41263371714458486,0.6772908366533864,0.4771588777918393,0.6772908366533864,0.4771588777918393,0.6772908366533864,0.4771588777918393,0.6772908366533864,0.4771588777918393,0.6772908366533864,0.412633717144585,0.615542859348419,1.0,0.0,0.6772908366533864,0.4771588777918393,0.7066353237202152,1.0,0.0,0.06452516064725444,0.0,0.06452516064725444,0.0,0.06452516064725444,0.0,0.06452516064725428,0.0,0.09109246437179619,0.0,0.0,,,,,,,,,
101,120,order1,occlusion_5,52,True,True,False,0.6092436974789915,0.38288533852181095,0.6092436974789915,0.399295916471111,0.6092436974789915,0.399295916471111,0.6722689075630253,0.44048444031399625,0.6092436974789915,0.40099343368318674,0.6092436974789915,0.38288533852181106,0.6229298973530182,1.0,0.0,0.6722689075630253,0.4404844403139961,0.6531060748558014,1.0,0.0,0.016410577949300065,0.0,0.016410577949300065,0.04118852384288524,0.0575991017921853,0.0016975172120757276,0.057599101792185026,0.06302521008403372,0.03017617750278323,0.0,0.0,"[0.399295916471111,0.3397150948411014,0.0,0.3863106834151399,0.37562224553408863,0.4131844700874975,0.3798429309261409,0.44048444031399625]","[0.6092436974789915,0.5168067226890757,0.0,0.5894308943089431,0.5731225296442688,0.6304347826086957,0.5798319327731093,0.6722689075630253]","[0.3778247031783155,0.3198832922333736,0.06749185135051249,0.36518495419182007,0.3547991826935088,0.39137079411519193,0.359388799695834,0.41733021064077597]",7,0.44048444031399625,0.6722689075630253,True,0.9731561453472151,0.9612536452332949
17,117,order1,occlusion_5,53,False,False,True,0.3390804597701149,0.21436082489989403,0.3390804597701149,0.2291464763622567,0.3390804597701149,0.2291464763622567,0.3390804597701149,0.2291464763622567,0.3390804597701149,0.2291464763622567,0.3390804597701149,0.21436082489989394,0.6492404054387535,0.0,0.0,0.3390804597701149,0.22914647636225666,0.6902189737403135,0.0,0.0,0.014785651462362687,0.0,0.014785651462362687,0.0,0.014785651462362687,0.0,0.014785651462362714,0.0,0.04097856830155999,0.0,0.0,,,,,,,,,
7,61,order1,occlusion_5,54,False,False,True,0.7598039215686274,0.4747546007409788,0.7598039215686274,0.4872750623764086,0.7598039215686274,0.4872750623764086,0.7598039215686274,0.4872750623764086,0.7598039215686274,0.4872750623764086,0.7598039215686274,0.4747546007409784,0.6251744695643559,1.0,0.0,0.7598039215686274,0.4872750623764087,0.6415234841514138,1.0,0.0,0.012520461635429803,0.0,0.012520461635429803,0.0,0.012520461635429803,0.0,0.012520461635430302,0.0,0.016349014587057953,0.0,0.0,,,,,,,,,
50,18,order1,occlusion_5,55,False,False,False,0.710691823899371,0.4483355589921971,0.710691823899371,0.4602862799669074,0.710691823899371,0.4602862799669074,0.710691823899371,0.4602862799669074,0.710691823899371,0.4602862799669074,0.710691823899371,0.4483355589921971,0.6456216545469236,1.0,0.0,0.710691823899371,0.4602862799669074,0.6455984253488343,1.0,0.0,0.011950720974710283,0.0,0.011950720974710283,0.0,0.011950720974710283,0.0,0.011950720974710283,0.0,-2.32291980892807e-05,0.0,0.0,,,,,,,,,
4,78,order1,occlusion_5,56,True,True,False,0.5516129032258065,0.1807337790703606,0.5516129032258065,0.14443788042590036,0.5516129032258065,0.14443788042590036,0.42276422764227645,0.18201521517085006,0.5516129032258065,0.14447880313865757,0.5516129032258065,0.18073377907036062,0.3281186392229333,0.0,0.0,0.42276422764227645,0.18201521517085006,0.2629667475678286,0.0,0.0,-0.03629589864446023,0.0,-0.03629589864446023,0.0375773347449497,0.0012814361004894748,4.092271275721315e-05,0.001281436100489447,-0.12884867558353003,-0.06515189165510465,0.0,0.0,"[0.14443788042590036,0.13609648307607633,0.18201521517085006,0.13609648307607633,0.14875662103664156,0.13992419666259098,0.1286659279656009,0.13992419666259098]","[0.5516129032258065,0.5197568389057751,0.42276422764227645,0.5197568389057751,0.5681063122923588,0.534375,0.49137931034482757,0.534375]","[0.3679958117149571,0.4016296446631677,0.4233227560890095,0.3482334923202117,0.35206399610790995,0.3856978290561206,0.3800611021320925,0.33315725609353136]",2,0.18201521517085006,0.5681063122923588,True,0.9521350525973136,0.595498004562286
46,81,order1,occlusion_5,57,False,False,False,0.22559652928416485,0.007796749796099587,0.22559652928416485,0.004625946291399879,0.22559652928416485,0.004625946291399879,0.22559652928416485,0.004625946291399879,0.22559652928416485,0.004625946291399879,0.22559652928416485,0.0077967497960995885,0.02871043794109695,0.0,0.0,0.22559652928416485,0.00462594629139988,0.01646423125615544,0.0,0.0,-0.003170803504699708,0.0,-0.003170803504699708,0.0,-0.003170803504699708,0.0,-0.003170803504699709,0.0,-0.012246206684941509,0.0,0.0,,,,,,,,,
65,85,order1,occlusion_5,58,False,False,True,0.8191489361702128,0.47028315554104666,0.8191489361702128,0.45790758150743516,0.8191489361702128,0.45790758150743516,0.8191489361702128,0.45790758150743516,0.8191489361702128,0.45790758150743516,0.8191489361702128,0.4702831555410465,0.5773748713293035,1.0,0.0,0.8191489361702128,0.457907581507435,0.5667775420983541,1.0,0.0,-0.012375574033611503,0.0,-0.012375574033611503,0.0,-0.012375574033611503,0.0,-0.012375574033611503,0.0,-0.01059732923094947,0.0,0.0,,,,,,,,,
109,65,order1,occlusion_5,59,False,False,True,0.8277027027027027,0.4479753809743847,0.8277027027027027,0.4855705841772293,0.8277027027027027,0.4855705841772293,0.8277027027027027,0.4855705841772293,0.8277027027027027,0.4855705841772293,0.8277027027027027,0.4479753809743846,0.5506708892446558,1.0,0.0,0.8277027027027027,0.4855705841772292,0.5939092921714166,1.0,0.0,0.037595203202844596,0.0,0.037595203202844596,0.0,0.037595203202844596,0.0,0.037595203202844596,0.0,0.043238402926760844,0.0,0.0,,,,,,,,,
68,123,order1,occlusion_5,60,True,True,False,0.7578125,0.4717559325523168,0.7578125,0.48800683743699286,0.7578125,0.48800683743699286,0.6328125,0.4082795878359849,0.7578125,0.48384119587006097,0.7578125,0.4717559325523167,0.6067778943974752,1.0,0.0,0.6328125,0.4082795878359849,0.6223236318868958,1.0,0.0,0.016250904884676065,0.0,0.016250904884676065,-0.07972724960100797,-0.0634763447163319,-0.004165641566931888,-0.06347634471633179,-0.125,0.015545737489420564,0.0,0.0,"[0.48800683743699286,0.4499293533923218,0.4082795878359849,0.12936761489802787,0.5078445137555698,0.525882551939262,0.5431728277559573,0.5472598914489881]","[0.7578125,0.6953125,0.6328125,0.203125,0.7886178861788617,0.8203125,0.8434782608695652,0.8536585365853658]","[0.4752082436429474,0.47220792933379657,0.5099845636805003,0.3382985270222186,0.4965134819790902,0.4487160641567771,0.4835795541590943,0.46756968029781815]",2,0.5472598914489881,0.8536585365853658,False,0.8642403753259333,0.6727436004587931
21,115,order1,occlusion_5,61,False,False,False,0.85,0.5011222896557981,0.85,0.5438261290269926,0.85,0.5438261290269926,0.85,0.5438261290269926,0.85,0.5438261290269926,0.85,0.5011222896557985,0.5951484349585868,1.0,1.0,0.85,0.5438261290269923,0.6403721457001761,1.0,1.0,0.042703839371194485,0.0,0.042703839371194485,0.0,0.042703839371194485,0.0,0.04270383937119382,0.0,0.04522371074158926,0.0,0.0,,,,,,,,,
125,122,order1,occlusion_5,62,False,False,False,0.38338658146964855,0.2611924759431022,0.38338658146964855,0.27265223127415783,0.38338658146964855,0.27265223127415783,0.38338658146964855,0.27265223127415783,0.38338658146964855,0.27265223127415783,0.38338658146964855,0.26119247594310235,0.6809916906248693,0.0,0.0,0.38338658146964855,0.2726522312741579,0.7107741888309707,0.0,0.0,0.011459755331055643,0.0,0.011459755331055643,0.0,0.011459755331055643,0.0,0.011459755331055532,0.0,0.02978249820610135,0.0,0.0,,,,,,,,,
30,0,order1,occlusion_5,63,False,False,True,0.8022813688212928,0.6184139031532838,0.8022813688212928,0.6366636766139006,0.8022813688212928,0.6366636766139006,0.8022813688212928,0.6366636766139006,0.8022813688212928,0.6366636766139006,0.8022813688212928,0.6184139031532834,0.7639512692030653,1.0,1.0,0.8022813688212928,0.6366636766139004,0.787122290740295,1.0,1.0,0.018249773460616736,0.0,0.018249773460616736,0.0,0.018249773460616736,0.0,0.01824977346061707,0.0,0.02317102153722972,0.0,0.0,,,,,,,,,
26,10,order1,occlusion_5,64,True,True,True,0.783410138248848,0.28189159661468866,0.783410138248848,0.2726030414143192,0.783410138248848,0.2726030414143192,0.783410138248848,0.2726030414143192,0.783410138248848,0.2780761521703243,0.783410138248848,0.2818915966146884,0.3706660522018028,0.0,0.0,0.783410138248848,0.2726030414143192,0.3571296068586306,0.0,0.0,-0.009288555200369475,0.0,-0.009288555200369475,0.0,-0.009288555200369475,0.005473110756005095,-0.009288555200369197,0.0,-0.013536445343172221,0.0,0.0,"[0.2726030414143192,0.2533702506846313,0.2465107465190206,0.07772717539518334,0.26657572530912765,0.2843983653216695,0.23758496002122592,0.30505044275549237]","[0.783410138248848,0.7373271889400922,0.7259615384615384,0.2665094339622642,0.7740384615384616,0.8173076923076923,0.695852534562212,0.8663594470046083]","[0.4709779814336945,0.4630592107232188,0.41373929478820143,0.30448855083775767,0.42254145078567895,0.44675971610968673,0.46719512812546016,0.43564384071623247]",0,0.30505044275549237,0.8663594470046083,False,0.8742143463281558,0.6387377663380249
98,44,order1,occlusion_5,65,False,False,True,0.5496894409937888,0.17978223383184236,0.5496894409937888,0.16329748664992194,0.5496894409937888,0.16329748664992194,0.5496894409937888,0.16329748664992194,0.5496894409937888,0.16329748664992194,0.5496894409937888,0.17978223383184241,0.32522404097670365,0.0,0.0,0.5496894409937888,0.16329748664992194,0.295403318546488,0.0,0.0,-0.016484747181920417,0.0,-0.016484747181920417,0.0,-0.016484747181920417,0.0,-0.016484747181920473,0.0,-0.029820722430215663,0.0,0.0,,,,,,,,,
5,49,order1,occlusion_5,66,False,False,False,0.43333333333333335,0.2344103781852264,0.43333333333333335,0.23582980822005165,0.43333333333333335,0.23582980822005165,0.43333333333333335,0.23582980822005165,0.43333333333333335,0.23582980822005165,0.43333333333333335,0.2344103781852264,0.41748027620292455,0.0,0.0,0.43333333333333335,0.23582980822005162,0.42514230769613187,0.0,0.0,0.001419430034825253,0.0,0.001419430034825253,0.0,0.001419430034825253,0.0,0.0014194300348252253,0.0,0.007662031493207322,0.0,0.0,,,,,,,,,
31,99,order1,occlusion_5,67,False,False,True,0.5568862275449101,0.3378773874445186,0.5568862275449101,0.34161897706988803,0.5568862275449101,0.34161897706988803,0.5568862275449101,0.34161897706988803,0.5568862275449101,0.34161897706988803,0.5568862275449101,0.33787738744451845,0.6583620122350502,1.0,0.0,0.5568862275449101,0.3416189770698878,0.6548451881779538,1.0,0.0,0.0037415896253694125,0.0,0.0037415896253694125,0.0,0.0037415896253694125,0.0,0.003741589625369357,0.0,-0.0035168240570964127,0.0,0.0,,,,,,,,,
9,114,order1,occlusion_5,68,True,True,False,0.8863636363636364,0.49183636439937184,0.8863636363636364,0.5021312241325679,0.8863636363636364,0.5021312241325679,0.8634686346863468,0.48916104491143153,0.8863636363636364,0.505466860735981,0.8863636363636364,0.49183636439937184,0.5557493020795106,1.0,0.0,0.8634686346863468,0.48916104491143186,0.5673552559242634,1.0,0.0,0.010294859733196104,0.0,0.010294859733196104,-0.012970179221136413,-0.0026753194879403086,0.0033356366034130724,-0.0026753194879399755,-0.022895001677289528,0.011605953844752825,0.0,0.0,"[0.5021312241325679,0.49247400750660364,0.4459049071732488,0.4751349217598493,0.5178228248867107,0.48916104491143153,0.48916104491143153,0.5323800930562167]","[0.8863636363636364,0.8773946360153256,0.8376068376068376,0.8387096774193549,0.9140625,0.8634686346863468,0.8634686346863468,0.9397590361445783]","[0.4976676633649167,0.48136575937775566,0.4279594742369932,0.5282337333408437,0.511478215330893,0.5119318293536826,0.5428925105962511,0.5242068661174977]",6,0.5323800930562167,0.9397590361445783,False,0.9602304174510521,0.8462681489423872
100,45,order1,occlusion_5,69,False,False,False,0.5028901734104047,0.29748315516637414,0.5028901734104047,0.32134031855327366,0.5028901734104047,0.32134031855327366,0.5028901734104047,0.32134031855327366,0.5028901734104047,0.32134031855327366,0.5028901734104047,0.297483155166374,0.5898780641266687,0.0,0.0,0.5028901734104047,0.32134031855327355,0.63674379472979,1.0,0.0,0.023857163386899527,0.0,0.023857163386899527,0.0,0.023857163386899527,0.0,0.023857163386899527,0.0,0.04686573060312138,1.0,0.0,,,,,,,,,
126,112,order1,occlusion_5,70,False,False,False,0.5817307692307693,0.2986758538091197,0.5817307692307693,0.2969955444954478,0.5817307692307693,0.2969955444954478,0.5817307692307693,0.2969955444954478,0.5817307692307693,0.2969955444954478,0.5817307692307693,0.29867585380911976,0.5139995808154111,0.0,0.0,0.5817307692307693,0.29699554449544774,0.511608937679486,0.0,0.0,-0.0016803093136719127,0.0,-0.0016803093136719127,0.0,-0.0016803093136719127,0.0,-0.0016803093136720237,0.0,-0.0023906431359250746,0.0,0.0,,,,,,,,,
55,16,order1,occlusion_5,71,False,False,True,0.8383838383838383,0.44676137492200885,0.8383838383838383,0.428348112995731,0.8383838383838383,0.428348112995731,0.8383838383838383,0.428348112995731,0.8383838383838383,0.428348112995731,0.8383838383838383,0.4467613749220089,0.5172399507223879,1.0,0.0,0.8383838383838383,0.42834811299573083,0.47339585552546853,1.0,0.0,-0.018413261926277846,0.0,-0.018413261926277846,0.0,-0.018413261926277846,0.0,-0.01841326192627807,0.0,-0.0438440951969194,0.0,0.0,,,,,,,,,
27,7,order1,occlusion_5,72,True,True,False,0.7605633802816901,0.4257096436665743,0.7605633802816901,0.4329449652736811,0.7605633802816901,0.4329449652736811,0.8352601156069365,0.48017974871372116,0.7605633802816901,0.44273523700257666,0.7605633802816901,0.4257096436665742,0.5563807793366675,1.0,0.0,0.8352601156069365,0.480179748713721,0.5716424989583816,1.0,0.0,0.0072353216071067705,0.0,0.0072353216071067705,0.04723478344004006,0.05447010504714683,0.009790271728895572,0.05447010504714678,0.07469673532524634,0.015261719621714076,0.0,0.0,"[0.4329449652736811,0.4638903626760082,0.45212976193210935,0.444206539514904,0.3030861995570268,0.4680061776195705,0.48017974871372116,0.421083459375772]","[0.7605633802816901,0.8092485549132948,0.7887323943661971,0.7803468208092486,0.5833333333333334,0.8140845070422535,0.8352601156069365,0.7397260273972602]","[0.5002401133564401,0.5322728112481475,0.5180213571005218,0.5140023819204348,0.3893658018855153,0.5340244764701954,0.548716197643089,0.4857880707419114]",6,0.48017974871372116,0.8352601156069365,True,0.9755349745894708,0.909962736507552
118,67,order1,occlusion_5,73,False,False,False,0.6556603773584906,0.3759249689630571,0.6556603773584906,0.4749524265032886,0.6556603773584906,0.4749524265032886,0.6556603773584906,0.4749524265032886,0.6556603773584906,0.4749524265032886,0.6556603773584906,0.3759249689630573,0.574215992158355,1.0,0.0,0.6556603773584906,0.47495242650328884,0.7245328008537963,1.0,0.0,0.09902745754023151,0.0,0.09902745754023151,0.0,0.09902745754023151,0.0,0.09902745754023151,0.0,0.1503168086954414,0.0,0.0,,,,,,,,,
96,47,order1,occlusion_5,74,False,False,True,0.7370030581039755,0.5531071757884126,0.7370030581039755,0.5589194310015626,0.7370030581039755,0.5589194310015626,0.7370030581039755,0.5589194310015626,0.7370030581039755,0.5589194310015626,0.7370030581039755,0.5531071757884123,0.7552365984158345,1.0,1.0,0.7370030581039755,0.5589194310015627,0.7649554808444858,1.0,1.0,0.005812255213149986,0.0,0.005812255213149986,0.0,0.005812255213149986,0.0,0.00581225521315043,0.0,0.009718882428651376,0.0,0.0,,,,,,,,,
24,73,order1,occlusion_5,75,False,False,True,0.6883116883116883,0.24612730724705653,0.6883116883116883,0.21765170715241763,0.6883116883116883,0.21765170715241763,0.6883116883116883,0.21765170715241763,0.6883116883116883,0.21765170715241763,0.6883116883116883,0.24612730724705661,0.3039962642422822,0.0,0.0,0.6883116883116883,0.21765170715241772,0.2800341104659301,0.0,0.0,-0.028475600094638898,0.0,-0.028475600094638898,0.0,-0.028475600094638898,0.0,-0.028475600094638898,0.0,-0.023962153776352135,0.0,0.0,,,,,,,,,
0,71,order1,occlusion_5,76,True,True,False,0.7424242424242424,0.18407747282470643,0.7424242424242424,0.17294698510283713,0.7424242424242424,0.17294698510283713,0.7424242424242424,0.17294698510283713,0.7424242424242424,0.17384225223093525,0.7424242424242424,0.1840774728247064,0.23693032381530138,0.0,0.0,0.7424242424242424,0.17294698510283707,0.2265002351560162,0.0,0.0,-0.011130487721869309,0.0,-0.011130487721869309,0.0,-0.011130487721869309,0.0008952671280981206,-0.011130487721869337,0.0,-0.010430088659285186,0.0,0.0,"[0.17294698510283713,0.19127181391940795,0.13163356846774973,0.1717197542166397,0.19023157108235922,0.183631598756307,0.16731318775025453,0.18582500461597404]","[0.7424242424242424,0.8232323232323232,0.44387755102040816,0.7193877551020408,0.8010204081632653,0.7828282828282829,0.6785714285714286,0.7602040816326531]","[0.3357056599202162,0.31966042591593063,0.16625681142317342,0.31289685471851536,0.30392672186539144,0.3203257871343452,0.29008804951681444,0.28819301781485224]",0,0.19127181391940795,0.8232323232323232,False,0.7962901011842879,0.5368035053336573
75,40,order1,occlusion_5,77,False,False,False,0.2975206611570248,0.1970926914051441,0.2975206611570248,0.19876405684227577,0.2975206611570248,0.19876405684227577,0.2975206611570248,0.19876405684227577,0.2975206611570248,0.19876405684227577,0.2975206611570248,0.1970926914051441,0.6684595010529225,0.0,0.0,0.2975206611570248,0.19876405684227577,0.6743307305131934,0.0,0.0,0.0016713654371316722,0.0,0.0016713654371316722,0.0,0.0016713654371316722,0.0,0.0016713654371316722,0.0,0.005871229460270855,0.0,0.0,,,,,,,,,
88,20,order1,occlusion_5,78,False,False,True,0.6535087719298246,0.24084201039090858,0.6535087719298246,0.2106223547716825,0.6535087719298246,0.2106223547716825,0.6535087719298246,0.2106223547716825,0.6535087719298246,0.2106223547716825,0.6535087719298246,0.24084201039090855,0.3679150444736928,0.0,0.0,0.6535087719298246,0.2106223547716825,0.32183709960926704,0.0,0.0,-0.03021965561922607,0.0,-0.03021965561922607,0.0,-0.03021965561922607,0.0,-0.030219655619226043,0.0,-0.046077944864425735,0.0,0.0,,,,,,,,,
53,103,order1,occlusion_5,79,False,False,True,0.8092105263157895,0.4913823247675576,0.8092105263157895,0.4957423586174301,0.8092105263157895,0.4957423586174301,0.8092105263157895,0.4957423586174301,0.8092105263157895,0.4957423586174301,0.8092105263157895,0.49138232476755755,0.6009995865025899,1.0,0.0,0.8092105263157895,0.4957423586174301,0.6096725501965115,1.0,0.0,0.004360033849872491,0.0,0.004360033849872491,0.0,0.004360033849872491,0.0,0.004360033849872547,0.0,0.008672963693921565,0.0,0.0,,,,,,,,,
99,12,order1,occlusion_5,80,True,True,True,0.0,0.0,0.0,0.0,0.0,0.0,0.0,0.0,0.0,0.0,0.0,0.0,0.5047847398965932,0.0,0.0,0.0,0.0,0.526523448979964,0.0,0.0,0.0,0.0,0.0,0.0,0.0,0.0,0.0,0.0,0.021738709083370722,0.0,0.0,"[0.0,0.0,0.0,0.0,0.11095992650846752,0.0,0.0,0.0]","[0.0,0.0,0.0,0.0,0.21603563474387527,0.0,0.0,0.0]","[0.2828533113014171,0.28722733157927405,0.31304551868752345,0.3138947482012965,0.25762151838638353,0.2758519917147484,0.24677406055604742,0.25818557780719414]",3,0.11095992650846752,0.21603563474387527,False,0.7823762317631868,0.0
72,21,order1,occlusion_5,81,False,False,True,0.7905604719764012,0.46375592817514755,0.7905604719764012,0.5148932604431438,0.7905604719764012,0.5148932604431438,0.7905604719764012,0.5148932604431438,0.7905604719764012,0.5148932604431438,0.7905604719764012,0.46375592817514727,0.5864985446552092,1.0,0.0,0.7905604719764012,0.5148932604431438,0.650968659414054,1.0,1.0,0.051137332267996216,0.0,0.051137332267996216,0.0,0.051137332267996216,0.0,0.051137332267996494,0.0,0.06447011475884479,0.0,1.0,,,,,,,,,
110,93,order1,occlusion_5,82,False,False,True,0.9244712990936556,0.6171355664331404,0.9244712990936556,0.5775915391786279,0.9244712990936556,0.5775915391786279,0.9244712990936556,0.5775915391786279,0.9244712990936556,0.5775915391786279,0.9244712990936556,0.6171355664331404,0.6678948551096112,1.0,1.0,0.9244712990936556,0.5775915391786278,0.6149202312207422,1.0,1.0,-0.03954402725451245,0.0,-0.03954402725451245,0.0,-0.03954402725451245,0.0,-0.03954402725451256,0.0,-0.05297462388886898,0.0,0.0,,,,,,,,,
56,72,order1,occlusion_5,83,False,False,True,0.8660714285714286,0.48565228530589427,0.8660714285714286,0.4879169211541147,0.8660714285714286,0.4879169211541147,0.8660714285714286,0.4879169211541147,0.8660714285714286,0.4879169211541147,0.8660714285714286,0.4856522853058946,0.5687465424874324,1.0,0.0,0.8660714285714286,0.48791692115411456,0.5712060244957371,1.0,0.0,0.002264635848220453,0.0,0.002264635848220453,0.0,0.002264635848220453,0.0,0.0022646358482199536,0.0,0.002459482008304703,0.0,0.0,,,,,,,,,
19,31,order1,occlusion_5,84,True,True,False,0.46866485013623976,0.015796734421468003,0.46866485013623976,0.004763646384208906,0.46866485013623976,0.004763646384208906,0.5181818181818182,0.005104477928842192,0.46866485013623976,0.0,0.46866485013623976,0.015796734421468,0.036866875158115604,0.0,0.0,0.5181818181818182,0.005104477928842193,0.010105538861298663,0.0,0.0,-0.011033088037259097,0.0,-0.011033088037259097,0.00034083154463328616,-0.01069225649262581,-0.004763646384208906,-0.010692256492625805,0.049516968045578424,-0.026761336296816943,0.0,0.0,"[0.004763646384208906,0.004529166380841111,0.005104477928842192,0.005023730525875484,0.0048834028575549405,0.005023730525875484,0.005157103902668639,0.0053138547811692055]","[0.46866485013623976,0.44559585492227977,0.5181818181818182,0.4942528735632184,0.48044692737430167,0.4942528735632184,0.5073746312684366,0.5227963525835866]","[0.18586310387773608,0.18059508745702457,0.20127718074711926,0.1932632848563953,0.18929650454440575,0.17868894588398038,0.19697826390972115,0.18041516529472684]",2,0.0053138547811692055,0.5227963525835866,False,0.9482597972071448,0.2783091018202045
90,111,order1,occlusion_5,85,False,False,True,0.5906040268456376,0.34227410009529124,0.5906040268456376,0.33149549595566075,0.5906040268456376,0.33149549595566075,0.5906040268456376,0.33149549595566075,0.5906040268456376,0.33149549595566075,0.5906040268456376,0.34227410009529113,0.5926799952333571,1.0,0.0,0.5906040268456376,0.3314954959556607,0.5747679385751574,1.0,0.0,-0.010778604139630499,0.0,-0.010778604139630499,0.0,-0.010778604139630499,0.0,-0.010778604139630443,0.0,-0.017912056658199726,0.0,0.0,,,,,,,,,
95,35,order1,occlusion_5,86,False,False,True,0.3372093023255814,0.13687560732119375,0.3372093023255814,0.13061094276400043,0.3372093023255814,0.13061094276400043,0.3372093023255814,0.13061094276400043,0.3372093023255814,0.13061094276400043,0.3372093023255814,0.1368756073211938,0.3397398188093031,0.0,0.0,0.3372093023255814,0.13061094276400045,0.33298946248059974,0.0,0.0,-0.006264664557193322,0.0,-0.006264664557193322,0.0,-0.006264664557193322,0.0,-0.00626466455719335,0.0,-0.006750356328703355,0.0,0.0,,,,,,,,,
11,28,order1,occlusion_5,87,False,False,False,0.47216035634743875,0.2801159241328463,0.47216035634743875,0.2936257281630496,0.47216035634743875,0.2936257281630496,0.47216035634743875,0.2936257281630496,0.47216035634743875,0.2936257281630496,0.47216035634743875,0.2801159241328464,0.6023570892808147,0.0,0.0,0.47216035634743875,0.29362572816304955,0.6313273736451408,0.0,0.0,0.013509804030203298,0.0,0.013509804030203298,0.0,0.013509804030203298,0.0,0.013509804030203132,0.0,0.028970284364326138,0.0,0.0,,,,,,,,,
81,75,order1,occlusion_5,88,True,True,True,0.24316939890710382,0.05534890741233832,0.24316939890710382,0.07978232049289348,0.24316939890710382,0.07978232049289348,0.2109004739336493,0.06919509312890762,0.24316939890710382,0.0786660371893629,0.24316939890710382,0.05534890741233835,0.3520150499507208,0.0,0.0,0.2109004739336493,0.0691950931289076,0.42288516065706017,0.0,0.0,0.02443341308055516,0.0,0.02443341308055516,-0.01058722736398586,0.0138461857165693,-0.0011162833035305852,0.01384618571656926,-0.032268924973454516,0.07087011070633936,0.0,0.0,"[0.07978232049289348,0.11445168557311045,0.12425672042722985,0.06919509312890762,0.08415080490028534,0.08902539420853359,0.04676980492032732,0.11353666691534914]","[0.24316939890710382,0.3193548387096774,0.37872340425531914,0.2109004739336493,0.2564841498559078,0.27134146341463417,0.1912568306010929,0.29508196721311475]","[0.15506242784037333,0.1498467448683409,0.13202089397595576,0.19645204622120327,0.16031738983931812,0.16773082065218428,0.1626286124871525,0.15813098517332855]",3,0.12425672042722985,0.37872340425531914,False,0.9140055928154105,0.0
45,110,order1,occlusion_5,89,False,False,True,0.5028901734104047,0.22040757690862262,0.5028901734104047,0.22535793218930594,0.5028901734104047,0.22535793218930594,0.5028901734104047,0.22535793218930594,0.5028901734104047,0.22535793218930594,0.5028901734104047,0.22040757690862256,0.43725423998488994,0.0,0.0,0.5028901734104047,0.225357932189306,0.4471999843558848,0.0,0.0,0.004950355280683327,0.0,0.004950355280683327,0.0,0.004950355280683327,0.0,0.004950355280683438,0.0,0.00994574437099488,0.0,0.0,,,,,,,,,
107,56,order1,occlusion_5,90,False,False,True,0.7,0.4601468130613117,0.7,0.4916292636070576,0.7,0.4916292636070576,0.7,0.4916292636070576,0.7,0.4916292636070576,0.7,0.4601468130613117,0.6748956699207587,1.0,0.0,0.7,0.49162926360705755,0.7150686158902603,1.0,0.0,0.03148245054574589,0.0,0.03148245054574589,0.0,0.03148245054574589,0.0,0.03148245054574583,0.0,0.040172945969501606,0.0,0.0,,,,,,,,,
114,27,order1,occlusion_5,91,False,False,False,0.44485294117647056,0.27675396625312665,0.44485294117647056,0.2760832201408762,0.44485294117647056,0.2760832201408762,0.44485294117647056,0.2760832201408762,0.44485294117647056,0.2760832201408762,0.44485294117647056,0.27675396625312665,0.6436355592157548,0.0,0.0,0.44485294117647056,0.2760832201408761,0.6449789859797642,0.0,0.0,-0.000670746112250431,0.0,-0.000670746112250431,0.0,-0.000670746112250431,0.0,-0.000670746112250542,0.0,0.0013434267640094477,0.0,0.0,,,,,,,,,
43,57,order1,occlusion_5,92,True,True,True,0.7861271676300579,0.5665875626150948,0.7861271676300579,0.5780391153887098,0.7861271676300579,0.5780391153887098,0.7513812154696132,0.5524904252057834,0.7861271676300579,0.5682602821435307,0.7861271676300579,0.5665875626150948,0.7212141505405616,1.0,1.0,0.7513812154696132,0.5524904252057832,0.7353304192198596,1.0,1.0,0.011451552773614981,0.0,0.011451552773614981,-0.02554869018292638,-0.0140971374093114,-0.00977883324517903,-0.014097137409311622,-0.034745952160444626,0.01411626867929805,0.0,0.0,"[0.5780391153887098,0.5524904252057834,0.5319189732034404,0.5780391153887098,0.4419838076346776,0.5555598164569265,0.6060652543166472,0.5319189732034404]","[0.7861271676300579,0.7513812154696132,0.723404255319149,0.7861271676300579,0.6397058823529411,0.7555555555555555,0.8242424242424242,0.723404255319149]","[0.29500986344879343,0.31057923272507365,0.3030483247691243,0.2523778929280049,0.22957325691080435,0.2878564806928488,0.30363322696737705,0.2800945191864589]",1,0.6060652543166472,0.8242424242424242,False,0.9158258473864064,0.4915035041584242
8,41,order1,occlusion_5,93,False,False,False,0.7818696883852692,0.42473723431180765,0.7818696883852692,0.45191169807952547,0.7818696883852692,0.45191169807952547,0.7818696883852692,0.45191169807952547,0.7818696883852692,0.45191169807952547,0.7818696883852692,0.4247372343118073,0.5434494241699506,1.0,0.0,0.7818696883852692,0.4519116980795253,0.5781881603573356,1.0,0.0,0.027174463767717816,0.0,0.027174463767717816,0.0,0.027174463767717816,0.0,0.027174463767717982,0.0,0.03473873618738499,0.0,0.0,,,,,,,,,
71,105,order1,occlusion_5,94,False,False,False,0.09885931558935361,0.01993514711449282,0.09885931558935361,0.04368324035704361,0.09885931558935361,0.04368324035704361,0.09885931558935361,0.04368324035704361,0.09885931558935361,0.04368324035704361,0.09885931558935361,0.019935147114492815,0.4531845188259455,0.0,0.0,0.09885931558935361,0.043683240357043594,0.5483291888972988,0.0,0.0,0.02374809324255079,0.0,0.02374809324255079,0.0,0.02374809324255079,0.0,0.02374809324255078,0.0,0.09514467007135324,0.0,0.0,,,,,,,,,
115,24,order1,occlusion_5,95,False,False,True,0.49193548387096775,0.12115745051523731,0.49193548387096775,0.12018813558006024,0.49193548387096775,0.12018813558006024,0.49193548387096775,0.12018813558006024,0.49193548387096775,0.12018813558006024,0.49193548387096775,0.1211574505152373,0.24927449832195386,0.0,0.0,0.49193548387096775,0.1201881355800602,0.2475697725508587,0.0,0.0,-0.0009693149351770736,0.0,-0.0009693149351770736,0.0,-0.0009693149351770736,0.0,-0.0009693149351771013,0.0,-0.0017047257710951502,0.0,0.0,,,,,,,,,
42,42,order1,occlusion_5,96,True,False,True,0.8074534161490683,0.10712628830315347,0.8074534161490683,0.09438326681978036,0.8074534161490683,0.09438326681978036,0.6666666666666666,0.07792669722043404,0.8074534161490683,0.09438326681978036,0.8074534161490683,0.10712628830315347,0.13216346679546137,0.0,0.0,0.6666666666666666,0.07792669722043404,0.11644219124892442,0.0,0.0,-0.012743021483373113,0.0,-0.012743021483373113,-0.016456569599346327,-0.02919959108271944,0.0,-0.02919959108271944,-0.14078674948240166,-0.015721275546536947,0.0,0.0,"[0.09438326681978036,0.08418673660933318,0.07792669722043404,0.05643531482029276,0.0012482847822880968,0.08991541986973159,0.08609465132002628,0.08783645062418866]","[0.8074534161490683,0.7202216066481995,0.6666666666666666,0.6121212121212121,0.16363636363636364,0.7692307692307693,0.7365439093484419,0.7514450867052023]","[0.43253716464643205,0.48700747573076086,0.4970688327835619,0.36523426731831793,0.15793974681776,0.4548839589374387,0.47583407858525756,0.4660573560829421]",2,0.09438326681978036,0.8074534161490683,False,0.8177032884808153,0.7095036271508339
121,64,order1,occlusion_5,97,False,False,False,0.6085106382978723,0.3568188055813046,0.6085106382978723,0.3966937552381331,0.6085106382978723,0.3966937552381331,0.6085106382978723,0.3966937552381331,0.6085106382978723,0.3966937552381331,0.6085106382978723,0.3568188055813047,0.5866744181567535,1.0,0.0,0.6085106382978723,0.3966937552381331,0.6518732595407494,1.0,0.0,0.03987494965682853,0.0,0.03987494965682853,0.0,0.03987494965682853,0.0,0.03987494965682842,0.0,0.0651988413839959,0.0,0.0,,,,,,,,,
124,88,order1,occlusion_5,98,False,False,True,0.4232209737827715,0.19550266218206028,0.4232209737827715,0.22920957999971703,0.4232209737827715,0.22920957999971703,0.4232209737827715,0.22920957999971703,0.4232209737827715,0.22920957999971703,0.4232209737827715,0.19550266218206017,0.45788781405798307,0.0,0.0,0.4232209737827715,0.22920957999971714,0.539417343913171,0.0,0.0,0.03370691781765675,0.0,0.03370691781765675,0.0,0.03370691781765675,0.0,0.03370691781765697,0.0,0.08152952985518791,0.0,0.0,,,,,,,,,
113,52,order1,occlusion_5,99,False,False,False,0.9262295081967213,0.6000387443866462,0.9262295081967213,0.6204949740495148,0.9262295081967213,0.6204949740495148,0.9262295081967213,0.6204949740495148,0.9262295081967213,0.6204949740495148,0.9262295081967213,0.6000387443866461,0.6491005298472472,1.0,1.0,0.9262295081967213,0.6204949740495153,0.6715114780297784,1.0,1.0,0.02045622966286864,0.0,0.02045622966286864,0.0,0.02045622966286864,0.0,0.020456229662869196,0.0,0.0224109481825312,0.0,0.0,,,,,,,,,
16,46,order1,occlusion_5,100,True,True,True,0.5458333333333333,0.42077254781925766,0.5458333333333333,0.43075940758820946,0.5458333333333333,0.43075940758820946,0.605080831408776,0.47751620240725295,0.5458333333333333,0.44336459614075563,0.5458333333333333,0.42077254781925766,0.7708721401837376,1.0,0.0,0.605080831408776,0.47751620240725345,0.7891865612858077,1.0,0.0,0.009986859768951806,0.0,0.009986859768951806,0.04675679481904349,0.056743654587995296,0.012605188552546165,0.056743654587995795,0.05924749807544272,0.018314421102070044,0.0,0.0,"[0.43075940758820946,0.44754224165008777,0.4070167630754735,0.4574436186777446,0.47751620240725295,0.439924501366682,0.41435774677823756,0.44851304911570616]","[0.5458333333333333,0.5670995670995671,0.515748031496063,0.5796460176991151,0.605080831408776,0.5574468085106383,0.5250501002004008,0.5683297180043384]","[0.2882957534361405,0.299528055518068,0.27240543631761305,0.2978543832891693,0.31958882598001714,0.2944297056369094,0.27731856041953395,0.3001777909964153]",4,0.47751620240725295,0.605080831408776,True,0.8241231924222123,0.6140633460845167
103,48,order1,occlusion_5,101,False,False,False,0.7100591715976331,0.3785493620340678,0.7100591715976331,0.39448963010226784,0.7100591715976331,0.39448963010226784,0.7100591715976331,0.39448963010226784,0.7100591715976331,0.39448963010226784,0.7100591715976331,0.37854936203406775,0.5156235255910395,1.0,0.0,0.7100591715976331,0.39448963010226795,0.5488907150398954,1.0,0.0,0.015940268068200036,0.0,0.015940268068200036,0.0,0.015940268068200036,0.0,0.015940268068200203,0.0,0.03326718944885587,0.0,0.0,,,,,,,,,
6,13,order1,occlusion_5,102,False,False,True,0.4533678756476684,0.28337465131457085,0.4533678756476684,0.3034071188107419,0.4533678756476684,0.3034071188107419,0.4533678756476684,0.3034071188107419,0.4533678756476684,0.3034071188107419,0.4533678756476684,0.2833746513145709,0.623898092961369,0.0,0.0,0.4533678756476684,0.30340711881074184,0.6678557312629851,1.0,0.0,0.020032467496171047,0.0,0.020032467496171047,0.0,0.020032467496171047,0.0,0.020032467496170936,0.0,0.04395763830161614,1.0,0.0,,,,,,,,,
29,74,order1,occlusion_5,103,False,False,True,0.31978319783197834,0.1869280683404939,0.31978319783197834,0.18057995264159238,0.31978319783197834,0.18057995264159238,0.31978319783197834,0.18057995264159238,0.31978319783197834,0.18057995264159238,0.31978319783197834,0.1869280683404939,0.5849282492190514,0.0,0.0,0.31978319783197834,0.18057995264159232,0.5652942833318262,0.0,0.0,-0.006348115698901535,0.0,-0.006348115698901535,0.0,-0.006348115698901535,0.0,-0.006348115698901591,0.0,-0.019633965887225213,0.0,0.0,,,,,,,,,
85,127,order1,occlusion_5,104,True,True,True,0.788235294117647,0.5186419724879302,0.788235294117647,0.5351252271073277,0.788235294117647,0.5351252271073277,0.5275590551181102,0.3581546795600225,0.788235294117647,0.5396297205887866,0.788235294117647,0.5186419724879302,0.6586456022068905,1.0,1.0,0.5275590551181102,0.3581546795600226,0.679336425237671,1.0,0.0,0.01648325461939748,0.0,0.01648325461939748,-0.17697054754730518,-0.1604872929279077,0.004504493481458871,-0.1604872929279076,-0.26067623899953685,0.020690823030780514,0.0,-1.0,"[0.5351252271073277,0.4813295693557974,0.43947482419442374,0.3581546795600225,0.43714003971574783,0.34427847291703734,0.5082194894315403,0.5685705538015358]","[0.788235294117647,0.708994708994709,0.6473429951690821,0.5275590551181102,0.6379310344827587,0.5,0.7486033519553073,0.8375]","[0.289056797715964,0.32666393650192826,0.27104735862443996,0.3318998397110798,0.1894113198681713,0.19725189479005403,0.27727748207498126,0.26926356677598284]",3,0.5685705538015358,0.8375,False,0.9153627888292232,0.3738660502974052
15,6,order1,occlusion_5,105,False,False,True,0.6705882352941176,0.15310996925930112,0.6705882352941176,0.14363230175386235,0.6705882352941176,0.14363230175386235,0.6705882352941176,0.14363230175386235,0.6705882352941176,0.14363230175386235,0.6705882352941176,0.15310996925930112,0.23035084950127643,0.0,0.0,0.6705882352941176,0.14363230175386232,0.21700317479095074,0.0,0.0,-0.00947766750543877,0.0,-0.00947766750543877,0.0,-0.00947766750543877,0.0,-0.009477667505438797,0.0,-0.013347674710325691,0.0,0.0,,,,,,,,,
60,83,order1,occlusion_5,106,False,False,False,0.7278481012658228,0.2530089090337371,0.7278481012658228,0.25762004645010783,0.7278481012658228,0.25762004645010783,0.7278481012658228,0.25762004645010783,0.7278481012658228,0.25762004645010783,0.7278481012658228,0.2530089090337371,0.34641899808298493,0.0,0.0,0.7278481012658228,0.25762004645010783,0.3527992005286146,0.0,0.0,0.004611137416370759,0.0,0.004611137416370759,0.0,0.004611137416370759,0.0,0.004611137416370759,0.0,0.006380202445629646,0.0,0.0,,,,,,,,,
122,19,order1,occlusion_5,107,False,False,True,0.7013698630136986,0.20358497689694138,0.7013698630136986,0.2147375304621373,0.7013698630136986,0.2147375304621373,0.7013698630136986,0.2147375304621373,0.7013698630136986,0.2147375304621373,0.7013698630136986,0.2035849768969415,0.2861464464468175,0.0,0.0,0.7013698630136986,0.2147375304621373,0.3010906014127462,0.0,0.0,0.011152553565195927,0.0,0.011152553565195927,0.0,0.011152553565195927,0.0,0.011152553565195816,0.0,0.014944154965928658,0.0,0.0,,,,,,,,,
83,89,order1,occlusion_5,108,True,True,True,0.0,0.0,0.0,0.0,0.0,0.0,0.0,0.0,0.0,0.0,0.0,0.0,0.6120940201502412,0.0,0.0,0.0,0.0,0.5963492467540847,0.0,0.0,0.0,0.0,0.0,0.0,0.0,0.0,0.0,0.0,-0.01574477339615643,0.0,0.0,"[0.0,0.0,0.0,0.0,0.0,0.0,0.0,0.0]","[0.0,0.0,0.0,0.0,0.0,0.0,0.0,0.0]","[0.32951998412050587,0.3659295541614209,0.23689018230352366,0.16553073192551285,0.3022755922944589,0.3147536368237626,0.3477247691409634,0.31131519910004835]",1,0.0,0.0,False,0.8149562004772855,0.0
89,17,order1,occlusion_5,109,False,False,False,0.0,0.0,0.0,0.0,0.0,0.0,0.0,0.0,0.0,0.0,0.0,0.0,0.30677756366677184,0.0,0.0,0.0,0.0,0.29767864705935276,0.0,0.0,0.0,0.0,0.0,0.0,0.0,0.0,0.0,0.0,-0.009098916607419072,0.0,0.0,,,,,,,,,
12,95,order1,occlusion_5,110,False,False,True,0.25680933852140075,0.055622056729219195,0.25680933852140075,0.07471025374833075,0.25680933852140075,0.07471025374833075,0.25680933852140075,0.07471025374833075,0.25680933852140075,0.07471025374833075,0.25680933852140075,0.05562205672921919,0.2605869195715579,0.0,0.0,0.25680933852140075,0.07471025374833073,0.32209570693708556,0.0,0.0,0.019088197019111554,0.0,0.019088197019111554,0.0,0.019088197019111554,0.0,0.019088197019111547,0.0,0.06150878736552767,0.0,0.0,,,,,,,,,
91,100,order1,occlusion_5,111,False,False,False,0.17696629213483145,0.101248384428046,0.17696629213483145,0.10205939240816059,0.17696629213483145,0.10205939240816059,0.17696629213483145,0.10205939240816059,0.17696629213483145,0.10205939240816059,0.17696629213483145,0.101248384428046,0.419469613575419,0.0,0.0,0.17696629213483145,0.10205939240816056,0.5453897662858128,0.0,0.0,0.0008110079801145892,0.0,0.0008110079801145892,0.0,0.0008110079801145892,0.0,0.0008110079801145614,0.0,0.1259201527103938,0.0,0.0,,,,,,,,,
36,53,order1,occlusion_5,112,True,True,False,0.6,0.14056349029404774,0.6,0.16548142803413046,0.6,0.16548142803413046,0.2216624685138539,0.06479613572920928,0.6,0.1748460401176052,0.6,0.14056349029404774,0.23212319498099626,0.0,0.0,0.2216624685138539,0.06479613572920928,0.27390872796822047,0.0,0.0,0.02491793774008272,0.0,0.02491793774008272,-0.10068529230492118,-0.07576735456483846,0.00936461208347475,-0.07576735456483846,-0.3783375314861461,0.041785532987224205,0.0,0.0,"[0.16548142803413046,0.1576013600325052,0.1825758363828186,0.06479613572920928,0.17521562968319696,0.17521562968319696,0.18616660653839676,0.1504376618492095]","[0.6,0.5714285714285714,0.6604938271604939,0.2216624685138539,0.6352941176470588,0.6352941176470588,0.675,0.5454545454545454]","[0.28543565069055776,0.29994355776088044,0.26306651672380704,0.4142506304111266,0.27777209840401984,0.2693157539457547,0.26143256320378344,0.2811132400351253]",3,0.18616660653839676,0.675,False,0.8597193823920356,0.13556630056865954
120,86,order1,occlusion_5,113,False,False,False,0.6170212765957447,0.35523263553987316,0.6170212765957447,0.3823857561450455,0.6170212765957447,0.3823857561450455,0.6170212765957447,0.3823857561450455,0.6170212765957447,0.3823857561450455,0.6170212765957447,0.3552326355398732,0.5769475504878515,1.0,0.0,0.6170212765957447,0.3823857561450455,0.6207419812209535,1.0,0.0,0.02715312060517233,0.0,0.02715312060517233,0.0,0.02715312060517233,0.0,0.027153120605172276,0.0,0.04379443073310196,0.0,0.0,,,,,,,,,
1,32,order1,occlusion_5,114,False,False,False,0.7531645569620253,0.3864802546181917,0.7531645569620253,0.32192198870991956,0.7531645569620253,0.32192198870991956,0.7531645569620253,0.32192198870991956,0.7531645569620253,0.32192198870991956,0.7531645569620253,0.38648025461819185,0.515024453619815,1.0,0.0,0.7531645569620253,0.3219219887099196,0.43533643624525004,1.0,0.0,-0.06455826590827213,0.0,-0.06455826590827213,0.0,-0.06455826590827213,0.0,-0.06455826590827224,0.0,-0.07968801737456493,0.0,0.0,,,,,,,,,
58,43,order1,occlusion_5,115,False,False,True,0.5978835978835979,0.4265669267458894,0.5978835978835979,0.4365153136303426,0.5978835978835979,0.4365153136303426,0.5978835978835979,0.4365153136303426,0.5978835978835979,0.4365153136303426,0.5978835978835979,0.4265669267458895,0.707203062762922,1.0,0.0,0.5978835978835979,0.43651531363034274,0.7236964410187261,1.0,0.0,0.009948386884453209,0.0,0.009948386884453209,0.0,0.009948386884453209,0.0,0.009948386884453264,0.0,0.016493378255804103,0.0,0.0,,,,,,,,,
20,51,order1,occlusion_5,116,True,True,True,0.31100478468899523,0.15153262670837472,0.31100478468899523,0.14393418638241895,0.31100478468899523,0.14393418638241895,0.3686635944700461,0.15954101298226306,0.31100478468899523,0.12339151827214406,0.31100478468899523,0.15153262670837478,0.49806474914135335,0.0,0.0,0.3686635944700461,0.15954101298226298,0.4627425241638453,0.0,0.0,-0.007598440325955774,0.0,-0.007598440325955774,0.01560682659984411,0.008008386273888335,-0.020542668110274886,0.008008386273888196,0.05765880978105087,-0.03532222497750803,0.0,0.0,"[0.14393418638241895,0.11695726281264664,0.15954101298226306,0.11264547432185781,0.14892200472240377,0.16564784601507695,0.12101023726655023,0.13862785693053253]","[0.31100478468899523,0.23923444976076555,0.3686635944700461,0.2304147465437788,0.3217821782178218,0.3827751196172249,0.24752475247524752,0.2995391705069124]","[0.2813503536388558,0.25803402598922687,0.3171020560349535,0.27046940073569564,0.2710901194408925,0.30466668128848473,0.24715307308606668,0.2937857283853245]",2,0.16564784601507695,0.3827751196172249,False,0.8808169450662714,0.3539827712391072
32,96,order1,occlusion_5,117,False,False,True,0.5866666666666667,0.34419528468316163,0.5866666666666667,0.34221538932154033,0.5866666666666667,0.34221538932154033,0.5866666666666667,0.34221538932154033,0.5866666666666667,0.34221538932154033,0.5866666666666667,0.34419528468316163,0.6021065565972911,1.0,0.0,0.5866666666666667,0.34221538932154016,0.6007674988714213,1.0,0.0,-0.0019798953616212978,0.0,-0.0019798953616212978,0.0,-0.0019798953616212978,0.0,-0.0019798953616214643,0.0,-0.00133905772586973,0.0,0.0,,,,,,,,,
64,97,order1,occlusion_5,118,False,False,True,0.83,0.20526932719658203,0.83,0.20190889905810627,0.83,0.20190889905810627,0.83,0.20190889905810627,0.83,0.20190889905810627,0.83,0.20526932719658197,0.23279226525584262,0.0,0.0,0.83,0.20190889905810624,0.21736634879438696,0.0,0.0,-0.0033604281384757573,0.0,-0.0033604281384757573,0.0,-0.0033604281384757573,0.0,-0.0033604281384757295,0.0,-0.015425916461455663,0.0,0.0,,,,,,,,,
82,119,order1,occlusion_5,119,False,False,True,0.3326612903225806,0.21981815104083835,0.3326612903225806,0.22732032841076208,0.3326612903225806,0.22732032841076208,0.3326612903225806,0.22732032841076208,0.3326612903225806,0.22732032841076208,0.3326612903225806,0.21981815104083843,0.6346996326600135,0.0,0.0,0.3326612903225806,0.22732032841076205,0.6503646358033316,0.0,0.0,0.007502177369923729,0.0,0.007502177369923729,0.0,0.007502177369923729,0.0,0.007502177369923618,0.0,0.01566500314331809,0.0,0.0,,,,,,,,,
117,59,order1,occlusion_5,120,True,True,True,0.3788546255506608,0.1746734004073235,0.3788546255506608,0.19171230499264896,0.3788546255506608,0.19171230499264896,0.35390946502057613,0.17908927256514942,0.3788546255506608,0.19713555993669474,0.3788546255506608,0.1746734004073235,0.46301668636954774,0.0,0.0,0.35390946502057613,0.17908927256514948,0.507559439679183,0.0,0.0,0.017038904585325476,0.0,0.017038904585325476,-0.012623032427499542,0.004415872157825934,0.0054232549440457745,0.00441587215782599,-0.024945160530084665,0.04454275330963531,0.0,0.0,"[0.19171230499264896,0.17908927256514942,0.1680258425997348,0.20822341259967136,0.18518592865247366,0.17908927256514942,0.173381247941559,0.19871549421612472]","[0.3788546255506608,0.35390946502057613,0.33204633204633205,0.3875598086124402,0.3659574468085106,0.35390946502057613,0.3426294820717131,0.3926940639269406]","[0.4071423259743062,0.43583958243064497,0.41906440758496655,0.3936456355402086,0.42149095420247557,0.3917571143208216,0.4054107609528941,0.41227553522454297]",1,0.20822341259967136,0.3926940639269406,False,0.8629553481803222,0.3252185869066088
116,87,order1,occlusion_5,121,False,False,True,0.7617021276595745,0.5025578952541377,0.7617021276595745,0.5019024534102351,0.7617021276595745,0.5019024534102351,0.7617021276595745,0.5019024534102351,0.7617021276595745,0.5019024534102351,0.7617021276595745,0.5025578952541376,0.6600464370038979,1.0,1.0,0.7617021276595745,0.501902453410235,0.659242938811417,1.0,1.0,-0.0006554418439026488,0.0,-0.0006554418439026488,0.0,-0.0006554418439026488,0.0,-0.0006554418439026488,0.0,-0.0008034981924808227,0.0,0.0,,,,,,,,,
106,80,order1,occlusion_5,122,False,False,True,0.4180327868852459,0.2031347190473123,0.4180327868852459,0.17732298836123372,0.4180327868852459,0.17732298836123372,0.4180327868852459,0.17732298836123372,0.4180327868852459,0.17732298836123372,0.4180327868852459,0.20313471904731228,0.4890403134351198,0.0,0.0,0.4180327868852459,0.1773229883612337,0.42474206516399143,0.0,0.0,-0.025811730686078588,0.0,-0.025811730686078588,0.0,-0.025811730686078588,0.0,-0.025811730686078588,0.0,-0.06429824827112834,0.0,0.0,,,,,,,,,
33,63,order1,occlusion_5,123,False,False,False,0.5464362850971922,0.1387363874718083,0.5464362850971922,0.1978080874281199,0.5464362850971922,0.1978080874281199,0.5464362850971922,0.1978080874281199,0.5464362850971922,0.1978080874281199,0.5464362850971922,0.1387363874718083,0.2540680400764218,0.0,0.0,0.5464362850971922,0.1978080874281199,0.36144689455794693,0.0,0.0,0.05907169995631159,0.0,0.05907169995631159,0.0,0.05907169995631159,0.0,0.05907169995631159,0.0,0.10737885448152512,0.0,0.0,,,,,,,,,
49,14,order1,occlusion_5,124,True,False,False,0.7202380952380952,0.4655422638330136,0.7202380952380952,0.39220307530755233,0.7202380952380952,0.39220307530755233,0.8683385579937304,0.4206525538029311,0.7202380952380952,0.39220307530755233,0.7202380952380952,0.46554226383301334,0.6228900682689158,1.0,0.0,0.8683385579937304,0.420652553802931,0.4826912397954496,1.0,0.0,-0.07333918852546129,0.0,-0.07333918852546129,0.028449478495378766,-0.04488971003008252,0.0,-0.04488971003008235,0.14810046275563515,-0.1401988284734662,0.0,0.0,"[0.39220307530755233,0.39554011153942714,0.3970064043288018,0.4206525538029311,0.21313845758356564,0.41571051515248447,0.40299765536188864,0.4192475630197082]","[0.7202380952380952,0.7470238095238095,0.8195266272189349,0.8683385579937304,0.40794223826714804,0.7634069400630915,0.7400611620795107,0.7917981072555205]","[0.4269893480297468,0.4415981292080013,0.48704767065145976,0.5130063882622352,0.2266110549338489,0.44974707088978555,0.4374751773701969,0.46513447241281386]",3,0.4206525538029311,0.8683385579937304,True,0.8784829098404731,0.8206437923977532
51,60,order1,occlusion_5,125,False,False,True,0.5082872928176796,0.17655679880515282,0.5082872928176796,0.16889532997043832,0.5082872928176796,0.16889532997043832,0.5082872928176796,0.16889532997043832,0.5082872928176796,0.16889532997043832,0.5082872928176796,0.17655679880515282,0.35961789191861376,0.0,0.0,0.5082872928176796,0.16889532997043835,0.322820495385519,0.0,0.0,-0.007661468834714497,0.0,-0.007661468834714497,0.0,-0.007661468834714497,0.0,-0.007661468834714469,0.0,-0.03679739653309477,0.0,0.0,,,,,,,,,
97,124,order1,occlusion_5,126,False,False,True,0.28044280442804426,0.0682838057041267,0.28044280442804426,0.057111842795019734,0.28044280442804426,0.057111842795019734,0.28044280442804426,0.057111842795019734,0.28044280442804426,0.057111842795019734,0.28044280442804426,0.06828380570412668,0.2172441872568741,0.0,0.0,0.28044280442804426,0.057111842795019734,0.18753920843915872,0.0,0.0,-0.01117196290910697,0.0,-0.01117196290910697,0.0,-0.01117196290910697,0.0,-0.011171962909106943,0.0,-0.02970497881771539,0.0,0.0,,,,,,,,,
76,39,order1,occlusion_5,127,False,False,False,0.7313432835820896,0.13049421116631985,0.7313432835820896,0.10486503344886777,0.7313432835820896,0.10486503344886777,0.7313432835820896,0.10486503344886777,0.7313432835820896,0.10486503344886777,0.7313432835820896,0.13049421116631985,0.18162690599102366,0.0,0.0,0.7313432835820896,0.10486503344886777,0.14630825445773948,0.0,0.0,-0.025629177717452073,0.0,-0.025629177717452073,0.0,-0.025629177717452073,0.0,-0.025629177717452073,0.0,-0.03531865153328417,0.0,0.0,,,,,,,,,
48,113,order1,exposure_5,0,True,False,True,0.5476190476190477,0.33256836454508043,0.5476190476190477,0.33256836454508043,0.5476190476190477,0.33256836454508043,0.5476190476190477,0.33256836454508043,0.5476190476190477,0.33256836454508043,0.5476190476190477,0.3325683645450803,0.6077471915254096,1.0,0.0,0.5476190476190477,0.3325683645450803,0.6077471915254096,1.0,0.0,0.0,0.0,0.0,0.0,0.0,0.0,0.0,0.0,0.0,0.0,0.0,"[0.33256836454508043,0.3127135368110458,0.2950958727653531,0.3162193593204028,0.3127135368110458,0.3551153723108486,0.33256836454508043,0.3551153723108486]","[0.5476190476190477,0.5149253731343284,0.4859154929577465,0.5,0.5149253731343284,0.5847457627118644,0.5476190476190477,0.5847457627118644]","[0.5210249518986656,0.4899189846211333,0.46231791506501313,0.3238460990684322,0.4899189846211333,0.517098418191325,0.48536704894088567,0.49866407578245303]",0,0.3551153723108486,0.5847457627118644,False,0.8542915012525476,0.5707025070455412
104,66,order1,exposure_5,1,False,False,False,0.28735632183908044,0.20716219434397432,0.28735632183908044,0.20716219434397432,0.28735632183908044,0.20716219434397432,0.28735632183908044,0.20716219434397432,0.28735632183908044,0.20716219434397432,0.28735632183908044,0.2071621943439742,0.677317528204172,0.0,0.0,0.28735632183908044,0.2071621943439742,0.677317528204172,0.0,0.0,0.0,0.0,0.0,0.0,0.0,0.0,0.0,0.0,0.0,0.0,0.0,,,,,,,,,
57,106,order1,exposure_5,2,False,False,True,0.22515212981744423,0.12927439553702605,0.22515212981744423,0.12927439553702605,0.22515212981744423,0.12927439553702605,0.22515212981744423,0.12927439553702605,0.22515212981744423,0.12927439553702605,0.22515212981744423,0.12927439553702602,0.5705418452964812,0.0,0.0,0.22515212981744423,0.12927439553702602,0.5705418452964812,0.0,0.0,0.0,0.0,0.0,0.0,0.0,0.0,0.0,0.0,0.0,0.0,0.0,,,,,,,,,
18,25,order1,exposure_5,3,False,False,True,0.7484276729559748,0.4254995744220587,0.7484276729559748,0.4254995744220587,0.7484276729559748,0.4254995744220587,0.7484276729559748,0.4254995744220587,0.7484276729559748,0.4254995744220587,0.7484276729559748,0.4254995744220589,0.5666164006526754,1.0,0.0,0.7484276729559748,0.4254995744220589,0.5666164006526754,1.0,0.0,0.0,0.0,0.0,0.0,0.0,0.0,0.0,0.0,0.0,0.0,0.0,,,,,,,,,
23,36,order1,exposure_5,4,True,False,True,0.21465968586387435,0.08380980150234209,0.21465968586387435,0.08380980150234209,0.21465968586387435,0.08380980150234209,0.29906542056074764,0.1023988503958061,0.21465968586387435,0.08380980150234209,0.21465968586387435,0.0838098015023421,0.3404034363559319,0.0,0.0,0.29906542056074764,0.10239885039580612,0.3404034363559319,0.0,0.0,0.0,0.0,0.0,0.018589048893464008,0.018589048893464008,0.0,0.018589048893464022,0.08440573469687329,0.0,0.0,0.0,"[0.08380980150234209,0.08582253518812992,0.1023988503958061,0.08380980150234209,0.08209062608690942,0.0853742511303858,0.08209062608690942,0.08723527022859584]","[0.21465968586387435,0.2506527415143603,0.29906542056074764,0.17277486910994763,0.21025641025641026,0.21866666666666668,0.16923076923076924,0.22343324250681199]","[0.30697478245599746,0.3268533635611093,0.3795879849964538,0.2907869022161605,0.30156888011163807,0.31186646658614836,0.28438550133779883,0.31765140083648546]",2,0.1023988503958061,0.29906542056074764,True,0.6902031821425092,0.3097590971661731
10,1,order1,exposure_5,5,False,False,True,0.1925925925925926,0.12137651910986573,0.1925925925925926,0.12137651910986573,0.1925925925925926,0.12137651910986573,0.1925925925925926,0.12137651910986573,0.1925925925925926,0.12137651910986573,0.1925925925925926,0.12137651910986576,0.5916902092718027,0.0,0.0,0.1925925925925926,0.12137651910986576,0.5916902092718027,0.0,0.0,0.0,0.0,0.0,0.0,0.0,0.0,0.0,0.0,0.0,0.0,0.0,,,,,,,,,
54,109,order1,exposure_5,6,False,False,True,0.3194888178913738,0.0064068589528096164,0.3194888178913738,0.0064068589528096164,0.3194888178913738,0.0064068589528096164,0.3194888178913738,0.0064068589528096164,0.3194888178913738,0.0064068589528096164,0.3194888178913738,0.0064068589528096164,0.01985491932900406,0.0,0.0,0.3194888178913738,0.0064068589528096164,0.01985491932900406,0.0,0.0,0.0,0.0,0.0,0.0,0.0,0.0,0.0,0.0,0.0,0.0,0.0,,,,,,,,,
80,92,order1,exposure_5,7,False,False,False,0.8617363344051447,0.599638053392882,0.8617363344051447,0.599638053392882,0.8617363344051447,0.599638053392882,0.8617363344051447,0.599638053392882,0.8617363344051447,0.599638053392882,0.8617363344051447,0.5996380533928822,0.6952272714611506,1.0,1.0,0.8617363344051447,0.5996380533928822,0.6952272714611506,1.0,1.0,0.0,0.0,0.0,0.0,0.0,0.0,0.0,0.0,0.0,0.0,0.0,,,,,,,,,
105,90,order1,exposure_5,8,True,True,False,0.44256756756756754,0.2040642200556028,0.44256756756756754,0.2040642200556028,0.44256756756756754,0.2040642200556028,0.4155405405405405,0.18510323132674628,0.44256756756756754,0.20976497928848473,0.44256756756756754,0.2040642200556028,0.4702488767001429,0.0,0.0,0.4155405405405405,0.18510323132674628,0.4702488767001429,0.0,0.0,0.0,0.0,0.0,-0.018960988728856515,-0.018960988728856515,0.005700759232881936,-0.018960988728856515,-0.02702702702702703,0.0,0.0,0.0,"[0.2040642200556028,0.21618502063838502,0.2221487453456508,0.20973267061270284,0.22125644372329092,0.16439843129589002,0.21572503263020865,0.18510323132674628]","[0.44256756756756754,0.4597315436241611,0.4724137931034483,0.4548611111111111,0.47985347985347987,0.4075471698113208,0.46785714285714286,0.4155405405405405]","[0.37872004861319963,0.37006171356118045,0.35775994667471633,0.36613045724900223,0.34252497344113203,0.35372948542443094,0.3535408658848048,0.387793248441427]",7,0.2221487453456508,0.47985347985347987,False,0.7568389447066035,0.23469477258481833
87,125,order1,exposure_5,9,False,False,False,0.4325581395348837,0.20203387768442074,0.4325581395348837,0.19637450878868706,0.4325581395348837,0.19637450878868706,0.4325581395348837,0.19637450878868706,0.4325581395348837,0.19637450878868706,0.4325581395348837,0.2020338776844207,0.4034667366984716,0.0,0.0,0.4325581395348837,0.19637450878868723,0.39249580334561074,0.0,0.0,-0.00565936889573368,0.0,-0.00565936889573368,0.0,-0.00565936889573368,0.0,-0.005659368895733458,0.0,-0.010970933352860868,0.0,0.0,,,,,,,,,
28,55,order1,exposure_5,10,False,False,False,0.5,0.03150153663715462,0.5,0.034207775003793635,0.5,0.034207775003793635,0.5,0.034207775003793635,0.5,0.034207775003793635,0.5,0.031501536637154624,0.0615009947969482,0.0,0.0,0.5,0.034207775003793635,0.0675242918277749,0.0,0.0,0.0027062383666390175,0.0,0.0027062383666390175,0.0,0.0027062383666390175,0.0,0.0027062383666390105,0.0,0.006023297030826706,0.0,0.0,,,,,,,,,
78,62,order1,exposure_5,11,False,False,True,0.9673469387755103,0.2366630910231502,0.9673469387755103,0.23990944610133125,0.9673469387755103,0.23990944610133125,0.9673469387755103,0.23990944610133125,0.9673469387755103,0.23990944610133125,0.9673469387755103,0.23666309102315025,0.24362377017088996,0.0,0.0,0.9673469387755103,0.2399094461013313,0.24696560628078223,0.0,0.0,0.0032463550781810513,0.0,0.0032463550781810513,0.0,0.0032463550781810513,0.0,0.0032463550781810513,0.0,0.0033418361098922766,0.0,0.0,,,,,,,,,
70,58,order1,exposure_5,12,True,True,False,0.5227272727272727,0.3041236646498946,0.5227272727272727,0.35183084058724967,0.5227272727272727,0.35183084058724967,0.5681818181818182,0.3724364026243396,0.5227272727272727,0.3548659456529755,0.5227272727272727,0.30412366464989476,0.4283012298097776,1.0,0.0,0.5681818181818182,0.3724364026243396,0.4816366610030671,1.0,0.0,0.04770717593735507,0.0,0.04770717593735507,0.02060556203708991,0.06831273797444498,0.0030351050657258516,0.06831273797444481,0.045454545454545525,0.05333543119328954,0.0,0.0,"[0.35183084058724967,0.23804634577487735,0.14765178830789108,0.18745968314591901,0.362118292066409,0.3724364026243396,0.3257619713904366,0.3798909689776438]","[0.5227272727272727,0.3409090909090909,0.21022727272727273,0.3902439024390244,0.5380116959064327,0.5681818181818182,0.4772727272727273,0.5644171779141104]","[0.4219127992771342,0.30341785319359504,0.21824961069605125,0.16831026692234297,0.43702182786883875,0.451536535798019,0.3922890627562494,0.44176106858907255]",5,0.3798909689776438,0.5681818181818182,False,0.8269343813803505,0.6786991725782452
93,116,order1,exposure_5,13,False,False,True,0.6473988439306358,0.4336326822099776,0.6473988439306358,0.44172615669618726,0.6473988439306358,0.44172615669618726,0.6473988439306358,0.44172615669618726,0.6473988439306358,0.44172615669618726,0.6473988439306358,0.43363268220997775,0.6711467193005358,1.0,0.0,0.6473988439306358,0.44172615669618726,0.6836401528292998,1.0,0.0,0.008093474486209673,0.0,0.008093474486209673,0.0,0.008093474486209673,0.0,0.008093474486209506,0.0,0.012493433528763975,0.0,0.0,,,,,,,,,
44,70,order1,exposure_5,14,False,False,True,0.44387755102040816,0.1919821740063123,0.44387755102040816,0.19287477395419386,0.44387755102040816,0.19287477395419386,0.44387755102040816,0.19287477395419386,0.44387755102040816,0.19287477395419386,0.44387755102040816,0.19198217400631223,0.42265357179773905,0.0,0.0,0.44387755102040816,0.1928747739541939,0.42639370400264687,0.0,0.0,0.0008925999478815727,0.0,0.0008925999478815727,0.0,0.0008925999478815727,0.0,0.000892599947881656,0.0,0.00374013220490782,0.0,0.0,,,,,,,,,
2,91,order1,exposure_5,15,False,False,True,0.3253731343283582,0.22320720349768586,0.3253731343283582,0.21084705995535155,0.3253731343283582,0.21084705995535155,0.3253731343283582,0.21084705995535155,0.3253731343283582,0.21084705995535155,0.3253731343283582,0.22320720349768572,0.7047168156337213,0.0,0.0,0.3253731343283582,0.21084705995535163,0.6214287171725192,0.0,0.0,-0.012360143542334306,0.0,-0.012360143542334306,0.0,-0.012360143542334306,0.0,-0.012360143542334084,0.0,-0.08328809846120211,0.0,0.0,,,,,,,,,
69,4,order1,exposure_5,16,True,True,True,0.3778801843317972,0.13839778553542684,0.3778801843317972,0.16820412226413395,0.3778801843317972,0.16820412226413395,0.4534412955465587,0.1979097719571598,0.3778801843317972,0.1882176866218693,0.3778801843317972,0.13839778553542686,0.3280043216040731,0.0,0.0,0.4534412955465587,0.19790977195715984,0.3912689498453716,0.0,0.0,0.02980633672870711,0.0,0.02980633672870711,0.02970564969302586,0.05951198642173297,0.020013564357735353,0.05951198642173297,0.0755611112147615,0.06326462824129847,0.0,0.0,"[0.16820412226413395,0.15732885573843564,0.18702740467560428,0.1979097719571598,0.14777447178670877,0.12433229441710412,0.18210887467295395,0.19611105169004248]","[0.3778801843317972,0.35344827586206895,0.4251012145748988,0.4534412955465587,0.3319838056680162,0.31685393258426964,0.4147465437788018,0.4470046082949309]","[0.22370949110210053,0.2449477339282493,0.29875128242115956,0.30866246240669565,0.2661859767543981,0.2072302918594709,0.23503655394271322,0.2449477339282493]",3,0.1979097719571598,0.4534412955465587,True,0.9366330563091887,0.5524921977112689
14,3,order1,exposure_5,17,False,False,True,0.422360248447205,0.0,0.422360248447205,0.0,0.422360248447205,0.0,0.422360248447205,0.0,0.422360248447205,0.0,0.422360248447205,0.0,0.0,0.0,0.0,0.422360248447205,0.0,0.0,0.0,0.0,0.0,0.0,0.0,0.0,0.0,0.0,0.0,0.0,0.0,0.0,0.0,,,,,,,,,
3,38,order1,exposure_5,18,False,False,False,0.7993421052631579,0.5367538331174952,0.7993421052631579,0.09214641457456661,0.7993421052631579,0.09214641457456661,0.7993421052631579,0.09214641457456661,0.7993421052631579,0.09214641457456661,0.7993421052631579,0.536753833117495,0.5751619991877572,1.0,1.0,0.7993421052631579,0.09214641457456654,0.11819135354896879,0.0,0.0,-0.4446074185429286,0.0,-0.4446074185429286,0.0,-0.4446074185429286,0.0,-0.4446074185429285,0.0,-0.4569706456387884,-1.0,-1.0,,,,,,,,,
39,8,order1,exposure_5,19,False,False,True,0.9824561403508771,0.6501426533101231,0.9824561403508771,0.6475553147927551,0.9824561403508771,0.6475553147927551,0.9824561403508771,0.6475553147927551,0.9824561403508771,0.6475553147927551,0.9824561403508771,0.650142653310123,0.6598403910581547,1.0,1.0,0.9824561403508771,0.6475553147927553,0.6570531959747126,1.0,1.0,-0.002587338517368032,0.0,-0.002587338517368032,0.0,-0.002587338517368032,0.0,-0.002587338517367699,0.0,-0.002787195083442162,0.0,0.0,,,,,,,,,
94,121,order1,exposure_5,20,True,True,False,0.6402116402116402,0.3944394547761082,0.6402116402116402,0.3956714142968764,0.6402116402116402,0.3956714142968764,0.6402116402116402,0.3956714142968764,0.6402116402116402,0.3968557936415515,0.6402116402116402,0.39443945477610837,0.6163411286256071,1.0,0.0,0.6402116402116402,0.39567141429687624,0.6183694123143012,1.0,0.0,0.001231959520768211,0.0,0.001231959520768211,0.0,0.001231959520768211,0.0011843793446750794,0.001231959520767878,0.0,0.0020282836886941213,0.0,0.0,"[0.3956714142968764,0.4131596536028157,0.37960353960461746,0.3956714142968764,0.38154029235770226,0.41088954561598706,0.4297810189776416,0.4297810189776416]","[0.6402116402116402,0.6685082872928176,0.6142131979695431,0.6402116402116402,0.6173469387755102,0.6648351648351648,0.6954022988505747,0.6954022988505747]","[0.2893594822423791,0.2980590102790538,0.3320489402189792,0.34474566587882133,0.2804160495536304,0.2783404830700929,0.2831884159303364,0.2657473411589086]",3,0.4297810189776416,0.6954022988505747,False,0.818816930011141,0.44275640737257027
92,37,order1,exposure_5,21,False,False,True,0.3598326359832636,0.27355103975222206,0.3598326359832636,0.27390932809458884,0.3598326359832636,0.27390932809458884,0.3598326359832636,0.27390932809458884,0.3598326359832636,0.27390932809458884,0.3598326359832636,0.27355103975222206,0.7457190524091796,0.0,0.0,0.3598326359832636,0.2739093280945888,0.7476958069775486,0.0,0.0,0.00035828834236678597,0.0,0.00035828834236678597,0.0,0.00035828834236678597,0.0,0.00035828834236673046,0.0,0.001976754568368988,0.0,0.0,,,,,,,,,
59,82,order1,exposure_5,22,False,False,False,0.96415770609319,0.6380190736849463,0.96415770609319,0.6141330423869095,0.96415770609319,0.6141330423869095,0.96415770609319,0.6141330423869095,0.96415770609319,0.6141330423869095,0.96415770609319,0.6380190736849461,0.6655021026067225,1.0,1.0,0.96415770609319,0.6141330423869094,0.6407204691047523,1.0,1.0,-0.02388603129803679,0.0,-0.02388603129803679,0.0,-0.02388603129803679,0.0,-0.02388603129803679,0.0,-0.024781633501970157,0.0,0.0,,,,,,,,,
35,23,order1,exposure_5,23,False,False,True,0.5472972972972973,0.19001625640483874,0.5472972972972973,0.1963125080662875,0.5472972972972973,0.1963125080662875,0.5472972972972973,0.1963125080662875,0.5472972972972973,0.1963125080662875,0.5472972972972973,0.1900162564048387,0.39108344914882454,0.0,0.0,0.5472972972972973,0.1963125080662876,0.39768494319447745,0.0,0.0,0.00629625166144876,0.0,0.00629625166144876,0.0,0.00629625166144876,0.0,0.006296251661448898,0.0,0.006601494045652911,0.0,0.0,,,,,,,,,
67,79,order1,exposure_5,24,True,True,True,0.8250728862973761,0.7043324253823063,0.8250728862973761,0.7027345512931776,0.8250728862973761,0.7027345512931776,0.9770114942528736,0.8251930713189017,0.8250728862973761,0.7058305344746203,0.8250728862973761,0.7043324253823068,0.8464076907160837,1.0,1.0,0.9770114942528736,0.8251930713189017,0.8443369813422629,1.0,1.0,-0.0015978740891287035,0.0,-0.0015978740891287035,0.1224585200257241,0.1208606459365954,0.003095983181442663,0.12086064593659496,0.15193860795549752,-0.0020707093738208115,0.0,0.0,"[0.7027345512931776,0.7404344677733027,0.8251930713189017,0.737909528007199,0.775609444487324,0.7202372705402539,0.7554122472542754,0.6828265380063796]","[0.8250728862973761,0.8688046647230321,0.9770114942528736,0.8688046647230321,0.9125364431486881,0.8454810495626822,0.8892128279883382,0.8017492711370262]","[0.15910271865642414,0.16753572494563393,0.1794382855201655,0.16753572494563393,0.1759687312348437,0.16303812159138872,0.17147112788059846,0.15460511530217896]",2,0.8251930713189017,0.9770114942528736,True,0.9810906511051356,0.9688868457990156
119,29,order1,exposure_5,25,False,False,False,0.9470588235294117,0.6609525976708653,0.9470588235294117,0.6684603880434139,0.9470588235294117,0.6684603880434139,0.9470588235294117,0.6684603880434139,0.9470588235294117,0.6684603880434139,0.9470588235294117,0.6609525976708653,0.6976678442439413,1.0,1.0,0.9470588235294117,0.6684603880434145,0.7054567501920749,1.0,1.0,0.007507790372548562,0.0,0.007507790372548562,0.0,0.007507790372548562,0.0,0.007507790372549117,0.0,0.007788905948133529,0.0,0.0,,,,,,,,,
86,69,order1,exposure_5,26,False,False,True,0.6896551724137931,0.29154748359238053,0.6896551724137931,0.29248918748144676,0.6896551724137931,0.29248918748144676,0.6896551724137931,0.29248918748144676,0.6896551724137931,0.29248918748144676,0.6896551724137931,0.2915474835923805,0.42246245981885233,0.0,0.0,0.6896551724137931,0.2924891874814468,0.4239564289990905,0.0,0.0,0.0009417038890662255,0.0,0.0009417038890662255,0.0,0.0009417038890662255,0.0,0.0009417038890663365,0.0,0.0014939691802381416,0.0,0.0,,,,,,,,,
38,54,order1,exposure_5,27,False,False,True,0.6259541984732825,0.46767879547056423,0.6259541984732825,0.47324070252816647,0.6259541984732825,0.47324070252816647,0.6259541984732825,0.47324070252816647,0.6259541984732825,0.47324070252816647,0.6259541984732825,0.4676787954705643,0.748742661930157,1.0,0.0,0.6259541984732825,0.4732407025281663,0.7614179656338989,1.0,0.0,0.005561907057602233,0.0,0.005561907057602233,0.0,0.005561907057602233,0.0,0.005561907057602011,0.0,0.012675303703741814,0.0,0.0,,,,,,,,,
34,22,order1,exposure_5,28,True,True,False,0.6441102756892231,0.24977064212177202,0.6441102756892231,0.16777639035400038,0.6441102756892231,0.16777639035400038,0.5068027210884354,0.15806636821499093,0.6441102756892231,0.16573756797377448,0.6441102756892231,0.24977064212177222,0.38627320235111284,0.0,0.0,0.5068027210884354,0.15806636821499087,0.2594681385707216,0.0,0.0,-0.08199425176777164,0.0,-0.08199425176777164,-0.009710022139009455,-0.0917042739067811,-0.002038822380225902,-0.09170427390678135,-0.1373075546007877,-0.12680506378039125,0.0,0.0,"[0.16777639035400038,0.1582571625324968,0.15806636821499093,0.10918281947695947,0.16208905508776308,0.17120915537403109,0.17120915537403109,0.16130790301505096]","[0.6441102756892231,0.607565011820331,0.5068027210884354,0.3469387755102041,0.6222760290556901,0.639386189258312,0.59846547314578,0.619277108433735]","[0.32167946608791137,0.3290256454422417,0.36027894645552416,0.2590861541090371,0.3369923680921749,0.3025665319296129,0.2821794021607612,0.3353683084869114]",2,0.17120915537403109,0.6441102756892231,False,0.8799967899701178,0.7922427191116296
66,102,order1,exposure_5,29,False,False,False,0.4515235457063712,0.14830089262523,0.4515235457063712,0.15434604345990613,0.4515235457063712,0.15434604345990613,0.4515235457063712,0.15434604345990613,0.4515235457063712,0.15434604345990613,0.4515235457063712,0.14830089262523002,0.2785400259018736,0.0,0.0,0.4515235457063712,0.15434604345990616,0.31592283976895025,0.0,0.0,0.006045150834676133,0.0,0.006045150834676133,0.0,0.006045150834676133,0.0,0.006045150834676133,0.0,0.03738281386707665,0.0,0.0,,,,,,,,,
112,5,order1,exposure_5,30,False,False,True,0.398989898989899,0.22283058758050883,0.398989898989899,0.23200204132109206,0.398989898989899,0.23200204132109206,0.398989898989899,0.23200204132109206,0.398989898989899,0.23200204132109206,0.398989898989899,0.22283058758050883,0.5620643684739461,0.0,0.0,0.398989898989899,0.23200204132109203,0.5864556288165452,0.0,0.0,0.00917145374058323,0.0,0.00917145374058323,0.0,0.00917145374058323,0.0,0.009171453740583202,0.0,0.024391260342599086,0.0,0.0,,,,,,,,,
47,108,order1,exposure_5,31,False,False,True,0.8384615384615385,0.48681015151246054,0.8384615384615385,0.353014586416033,0.8384615384615385,0.353014586416033,0.8384615384615385,0.353014586416033,0.8384615384615385,0.353014586416033,0.8384615384615385,0.48681015151246065,0.5736128375475082,1.0,0.0,0.8384615384615385,0.3530145864160329,0.44050684314519256,1.0,0.0,-0.13379556509642754,0.0,-0.13379556509642754,0.0,-0.13379556509642754,0.0,-0.13379556509642776,0.0,-0.13310599440231569,0.0,0.0,,,,,,,,,
74,126,order1,exposure_5,32,True,True,True,0.4456824512534819,0.2945797661833437,0.4456824512534819,0.30441683162868083,0.4456824512534819,0.30441683162868083,0.8955223880597015,0.5942359183343487,0.4456824512534819,0.30162059975415906,0.4456824512534819,0.2945797661833438,0.6246833885030398,0.0,0.0,0.8955223880597015,0.5942359183343485,0.6696757008364463,1.0,1.0,0.009837065445337134,0.0,0.009837065445337134,0.2898190867056679,0.29965615215100505,-0.0027962318745217707,0.2996561521510047,0.44983993680621964,0.0449923123334065,1.0,1.0,"[0.30441683162868083,0.29220760041362676,0.2802195962940934,0.2691764594943261,0.5203064459960507,0.5942359183343487,0.31135510699343705,0.31861703368716154]","[0.4456824512534819,0.42780748663101603,0.41025641025641024,0.39408866995073893,0.7759036144578313,0.8955223880597015,0.45584045584045585,0.46647230320699706]","[0.18476550046612342,0.19883393958790946,0.21294622952568948,0.19985713041831749,0.21245140454931358,0.28168476961011224,0.17726233293450416,0.16975916540288497]",5,0.5942359183343487,0.8955223880597015,True,0.8556838536290434,0.6575670893888296
73,94,order1,exposure_5,33,False,False,True,0.7518796992481203,0.3133999646150198,0.7518796992481203,0.32392655465354864,0.7518796992481203,0.32392655465354864,0.7518796992481203,0.32392655465354864,0.7518796992481203,0.32392655465354864,0.7518796992481203,0.3133999646150198,0.4110114012565153,1.0,0.0,0.7518796992481203,0.32392655465354864,0.4238279295857868,1.0,0.0,0.010526590038528849,0.0,0.010526590038528849,0.0,0.010526590038528849,0.0,0.010526590038528849,0.0,0.012816528329271493,0.0,0.0,,,,,,,,,
63,15,order1,exposure_5,34,False,False,True,0.29775280898876405,0.21032779810669466,0.29775280898876405,0.2147804727231819,0.29775280898876405,0.2147804727231819,0.29775280898876405,0.2147804727231819,0.29775280898876405,0.2147804727231819,0.29775280898876405,0.21032779810669464,0.700316370178482,0.0,0.0,0.29775280898876405,0.21478047272318182,0.7185755788518715,0.0,0.0,0.00445267461648724,0.0,0.00445267461648724,0.0,0.00445267461648724,0.0,0.004452674616487184,0.0,0.018259208673389482,0.0,0.0,,,,,,,,,
37,118,order1,exposure_5,35,False,False,True,0.7377049180327869,0.42567956573013266,0.7377049180327869,0.25676115513079,0.7377049180327869,0.25676115513079,0.7377049180327869,0.25676115513079,0.7377049180327869,0.25676115513079,0.7377049180327869,0.42567956573013277,0.5782479759488113,1.0,0.0,0.7377049180327869,0.25676115513078984,0.3501512436520794,0.0,0.0,-0.16891841059934265,0.0,-0.16891841059934265,0.0,-0.16891841059934265,0.0,-0.16891841059934293,0.0,-0.22809673229673189,-1.0,0.0,,,,,,,,,
41,98,order1,exposure_5,36,True,True,True,0.058823529411764705,0.044281015079930465,0.058823529411764705,0.043076778689822556,0.058823529411764705,0.043076778689822556,0.05764411027568922,0.042213083878999046,0.058823529411764705,0.04307869294027053,0.058823529411764705,0.044281015079930465,0.7253278155228661,0.0,0.0,0.05764411027568922,0.042213083878999046,0.7106231437517959,0.0,0.0,-0.0012042363901079087,0.0,-0.0012042363901079087,-0.0008636948108235107,-0.0020679312009314194,1.9142504479735534e-06,-0.0020679312009314194,-0.0011794191360754852,-0.014704671771070155,0.0,0.0,"[0.043076778689822556,0.027352915045967017,0.027020962193467415,0.0,0.055616765950594275,0.04397655474600684,0.042213083878999046,0.05677847385556752]","[0.058823529411764705,0.036855036855036855,0.03640776699029126,0.0,0.07672634271099744,0.06005221932114883,0.05764411027568922,0.0783289817232376]","[0.3408942503007504,0.3518044559777067,0.34392292551454257,0.12823640385012197,0.35407800583724347,0.32582710111618685,0.3559613994853139,0.33901085665267994]",6,0.05677847385556752,0.0783289817232376,False,0.8509822884567249,0.10887461892871922
13,107,order1,exposure_5,37,False,False,True,0.5301204819277109,0.29744788234186254,0.5301204819277109,0.27310740595573296,0.5301204819277109,0.27310740595573296,0.5301204819277109,0.27310740595573296,0.5301204819277109,0.27310740595573296,0.5301204819277109,0.2974478823418627,0.5556968601228209,0.0,0.0,0.5301204819277109,0.2731074059557329,0.5100246655742525,0.0,0.0,-0.024340476386129573,0.0,-0.024340476386129573,0.0,-0.024340476386129573,0.0,-0.024340476386129795,0.0,-0.04567219454856841,0.0,0.0,,,,,,,,,
77,101,order1,exposure_5,38,False,False,True,0.890295358649789,0.5374855306194349,0.890295358649789,0.5709837673356719,0.890295358649789,0.5709837673356719,0.890295358649789,0.5709837673356719,0.890295358649789,0.5709837673356719,0.890295358649789,0.5374855306194347,0.6078985116071567,1.0,1.0,0.890295358649789,0.570983767335672,0.6447498131245584,1.0,1.0,0.03349823671623697,0.0,0.03349823671623697,0.0,0.03349823671623697,0.0,0.033498236716237306,0.0,0.03685130151740168,0.0,0.0,,,,,,,,,
111,77,order1,exposure_5,39,False,False,True,0.8327137546468402,0.11511745789476398,0.8327137546468402,0.5799935978596944,0.8327137546468402,0.5799935978596944,0.8327137546468402,0.5799935978596944,0.8327137546468402,0.5799935978596944,0.8327137546468402,0.11511745789476395,0.1505450172109725,0.0,0.0,0.8327137546468402,0.5799935978596946,0.6956483952320291,1.0,1.0,0.46487613996493043,0.0,0.46487613996493043,0.0,0.46487613996493043,0.0,0.46487613996493066,0.0,0.5451033780210567,1.0,1.0,,,,,,,,,
108,33,order1,exposure_5,40,True,True,True,0.6735537190082644,0.37852759966658406,0.6735537190082644,0.37228317707927966,0.6735537190082644,0.37228317707927966,0.7520661157024794,0.4144686560452603,0.6735537190082644,0.37214482301019647,0.6735537190082644,0.37852759966658417,0.560775708605069,1.0,0.0,0.7520661157024794,0.41446865604526045,0.5507031280577015,1.0,0.0,-0.006244422587304399,0.0,-0.006244422587304399,0.04218547896598063,0.03594105637867623,-0.0001383540690831908,0.035941056378676284,0.07851239669421495,-0.010072580547367482,0.0,0.0,"[0.37228317707927966,0.39802148715457536,0.39121950834362007,0.21106129596016776,0.4144686560452603,0.3451821028857689,0.3842966082871762,0.3511359815315503]","[0.6735537190082644,0.7222222222222222,0.7107438016528925,0.37857142857142856,0.7520661157024794,0.6245210727969349,0.6973180076628352,0.6322314049586777]","[0.340551171665751,0.3566970432276483,0.34822688166092913,0.2907055863598168,0.36363515076097025,0.3170879105896394,0.3445342742178898,0.35500944637126197]",4,0.4144686560452603,0.7520661157024794,True,0.8537042910453353,0.7597503906890007
79,84,order1,exposure_5,41,False,False,True,0.8895348837209303,0.22779071069665868,0.8895348837209303,0.232584665350589,0.8895348837209303,0.232584665350589,0.8895348837209303,0.232584665350589,0.8895348837209303,0.232584665350589,0.8895348837209303,0.22779071069665846,0.2559365493940029,0.0,0.0,0.8895348837209303,0.23258466535058886,0.26118782550976277,0.0,0.0,0.004793954653930316,0.0,0.004793954653930316,0.0,0.004793954653930316,0.0,0.004793954653930399,0.0,0.005251276115759873,0.0,0.0,,,,,,,,,
40,26,order1,exposure_5,42,False,False,True,0.4521072796934866,0.18633464495635527,0.4521072796934866,0.05854359170683505,0.4521072796934866,0.05854359170683505,0.4521072796934866,0.05854359170683505,0.4521072796934866,0.05854359170683505,0.4521072796934866,0.18633464495635527,0.40787332659094416,0.0,0.0,0.4521072796934866,0.058543591706835055,0.1645364768943427,0.0,0.0,-0.12779105324952023,0.0,-0.12779105324952023,0.0,-0.12779105324952023,0.0,-0.12779105324952023,0.0,-0.24333684969660146,0.0,0.0,,,,,,,,,
127,2,order1,exposure_5,43,False,False,True,0.35904255319148937,0.16534931003450817,0.35904255319148937,0.19115133261275655,0.35904255319148937,0.19115133261275655,0.35904255319148937,0.19115133261275655,0.35904255319148937,0.19115133261275655,0.35904255319148937,0.16534931003450817,0.4364555037470744,0.0,0.0,0.35904255319148937,0.19115133261275663,0.508139422911729,0.0,0.0,0.025802022578248374,0.0,0.025802022578248374,0.0,0.025802022578248374,0.0,0.025802022578248457,0.0,0.07168391916465455,0.0,0.0,,,,,,,,,
25,34,order1,exposure_5,44,True,True,True,0.46996466431095407,0.2314842297447186,0.46996466431095407,0.24123543637457914,0.46996466431095407,0.24123543637457914,0.415625,0.21334258904376843,0.46996466431095407,0.24118163283978636,0.46996466431095407,0.2314842297447186,0.4933019690434212,0.0,0.0,0.415625,0.21334258904376852,0.5146683808387702,0.0,0.0,0.009751206629860537,0.0,0.009751206629860537,-0.02789284733081071,-0.018141640700950173,-5.3803534792784546e-05,-0.01814164070095009,-0.05433966431095405,0.021366411795348983,0.0,0.0,"[0.24123543637457914,0.21334258904376843,0.21942505190153339,0.22669703959895982,0.24915922808031352,0.25859707762881023,0.22680939699005281,0.2677240333098271]","[0.46996466431095407,0.415625,0.4276315789473684,0.42857142857142855,0.4854014598540146,0.5037878787878788,0.4418604651162791,0.5215686274509804]","[0.282615099601795,0.3195647769348919,0.30059061830438266,0.07265220409033249,0.27362734025050117,0.2752340693287953,0.30059061830438266,0.28494293025931494]",1,0.2677240333098271,0.5215686274509804,False,0.9243415025462455,0.34584774701349086
61,11,order1,exposure_5,45,False,False,True,0.83,0.6481364437362802,0.83,0.6473438070800327,0.83,0.6473438070800327,0.83,0.6473438070800327,0.83,0.6473438070800327,0.83,0.6481364437362802,0.7831923836618976,1.0,1.0,0.83,0.6473438070800327,0.7833238094176126,1.0,1.0,-0.000792636656247514,0.0,-0.000792636656247514,0.0,-0.000792636656247514,0.0,-0.000792636656247514,0.0,0.00013142575571500892,0.0,0.0,,,,,,,,,
102,50,order1,exposure_5,46,False,False,False,0.1869747899159664,0.12424992533262409,0.1869747899159664,0.0006670531128525398,0.1869747899159664,0.0006670531128525398,0.1869747899159664,0.0006670531128525398,0.1869747899159664,0.0006670531128525398,0.1869747899159664,0.1242499253326241,0.2154239366773977,0.0,0.0,0.1869747899159664,0.0006670531128525398,0.0011219691933491483,0.0,0.0,-0.12358287221977156,0.0,-0.12358287221977156,0.0,-0.12358287221977156,0.0,-0.12358287221977157,0.0,-0.21430196748404856,0.0,0.0,,,,,,,,,
22,76,order1,exposure_5,47,False,False,False,0.7919463087248322,0.3592673429883704,0.7919463087248322,0.3628624688219708,0.7919463087248322,0.3628624688219708,0.7919463087248322,0.3628624688219708,0.7919463087248322,0.3628624688219708,0.7919463087248322,0.3592673429883703,0.4286917852581516,1.0,0.0,0.7919463087248322,0.36286246882197076,0.4340126992034238,1.0,0.0,0.0035951258336004432,0.0,0.0035951258336004432,0.0,0.0035951258336004432,0.0,0.0035951258336004432,0.0,0.0053209139452721765,0.0,0.0,,,,,,,,,
123,68,order1,exposure_5,48,True,True,True,0.5146443514644351,0.19118501475181382,0.5146443514644351,0.20490751876974497,0.5146443514644351,0.20490751876974497,0.8232044198895028,0.37900279836276424,0.5146443514644351,0.22719657119148298,0.5146443514644351,0.1911850147518138,0.37201281700669636,0.0,0.0,0.8232044198895028,0.37900279836276424,0.42944508574442664,1.0,0.0,0.013722504017931153,0.0,0.013722504017931153,0.17409527959301926,0.18781778361095042,0.02228905242173801,0.18781778361095045,0.30856006842506767,0.057432268737730274,1.0,0.0,"[0.20490751876974497,0.0981014142090495,0.37900279836276424,0.2196094035245249,0.21200388305614307,0.22778091621380953,0.18704482612300716,0.2354466201248512]","[0.5146443514644351,0.329004329004329,0.8232044198895028,0.5515695067264574,0.5324675324675324,0.5720930232558139,0.4811715481171548,0.5913461538461539]","[0.2712993508807924,0.23053727094221924,0.29883967654147614,0.2864660306562611,0.2816196678115639,0.27257676856383634,0.2583017898756894,0.26042366423296465]",2,0.37900279836276424,0.8232044198895028,True,0.7901583518632611,0.7901583518632611
62,104,order1,exposure_5,49,False,False,True,0.8840579710144928,0.006555615559792582,0.8840579710144928,0.008100395181172376,0.8840579710144928,0.008100395181172376,0.8840579710144928,0.008100395181172376,0.8840579710144928,0.008100395181172376,0.8840579710144928,0.006555615559792582,0.007375067504766655,0.0,0.0,0.8840579710144928,0.008100395181172376,0.009112944578818923,0.0,0.0,0.0015447796213797936,0.0,0.0015447796213797936,0.0,0.0015447796213797936,0.0,0.0015447796213797936,0.0,0.0017378770740522683,0.0,0.0,,,,,,,,,
84,30,order1,exposure_5,50,False,False,False,0.24691358024691357,0.15899953498192848,0.24691358024691357,0.15174068379818081,0.24691358024691357,0.15174068379818081,0.24691358024691357,0.15174068379818081,0.24691358024691357,0.15174068379818081,0.24691358024691357,0.15899953498192848,0.645468224523951,0.0,0.0,0.24691358024691357,0.15174068379818087,0.5946419194942807,0.0,0.0,-0.007258851183747667,0.0,-0.007258851183747667,0.0,-0.007258851183747667,0.0,-0.007258851183747611,0.0,-0.05082630502967034,0.0,0.0,,,,,,,,,
52,9,order1,exposure_5,51,False,False,False,0.6833976833976834,0.4691674914649653,0.6833976833976834,0.48118611353830243,0.6833976833976834,0.48118611353830243,0.6833976833976834,0.48118611353830243,0.6833976833976834,0.48118611353830243,0.6833976833976834,0.4691674914649654,0.6863208793475932,1.0,0.0,0.6833976833976834,0.4811861135383026,0.7037848966507758,1.0,0.0,0.012018622073337148,0.0,0.012018622073337148,0.0,0.012018622073337148,0.0,0.012018622073337204,0.0,0.01746401730318259,0.0,0.0,,,,,,,,,
101,120,order1,exposure_5,52,True,True,False,0.6092436974789915,0.38286411813199156,0.6092436974789915,0.4005712970392967,0.6092436974789915,0.4005712970392967,0.6722689075630253,0.44202392947922453,0.6092436974789915,0.40271978788789403,0.6092436974789915,0.3828641181319913,0.6228955192918525,1.0,0.0,0.6722689075630253,0.44202392947922425,0.6554827610876467,1.0,0.0,0.017707178907305166,0.0,0.017707178907305166,0.041452632439927806,0.05915981134723297,0.0021484908485973064,0.05915981134723297,0.06302521008403372,0.0325872417957942,0.0,0.0,"[0.4005712970392967,0.3526191745139229,0.0,0.3875445881924903,0.41450421171892443,0.3768220106535677,0.44202392947922453,0.381041717189123]","[0.6092436974789915,0.5347826086956522,0.0,0.5894308943089431,0.6304347826086957,0.5731225296442688,0.6722689075630253,0.5798319327731093]","[0.3772378126546118,0.3306094227930506,0.06872903350143968,0.36461365536689383,0.39076750461364657,0.35424090466510005,0.41683454379308865,0.3587593381233226]",6,0.44202392947922453,0.6722689075630253,True,0.9778772985397134,0.9583532096054147
17,117,order1,exposure_5,53,False,False,True,0.35435435435435436,0.23162781439807367,0.35435435435435436,0.24732542910801844,0.35435435435435436,0.24732542910801844,0.35435435435435436,0.24732542910801844,0.35435435435435436,0.24732542910801844,0.35435435435435436,0.2316278143980737,0.6656687801503055,0.0,0.0,0.35435435435435436,0.2473254291080185,0.7068075859994617,0.0,0.0,0.015697614709944768,0.0,0.015697614709944768,0.0,0.015697614709944768,0.0,0.015697614709944796,0.0,0.04113880584915619,0.0,0.0,,,,,,,,,
7,61,order1,exposure_5,54,False,False,True,0.5201342281879194,0.3246900132727604,0.5201342281879194,0.33272240448844254,0.5201342281879194,0.33272240448844254,0.5201342281879194,0.33272240448844254,0.5201342281879194,0.33272240448844254,0.5201342281879194,0.3246900132727604,0.62457777615364,1.0,0.0,0.5201342281879194,0.3327224044884424,0.6399063548186992,1.0,0.0,0.008032391215682111,0.0,0.008032391215682111,0.0,0.008032391215682111,0.0,0.008032391215682,0.0,0.015328578665059212,0.0,0.0,,,,,,,,,
50,18,order1,exposure_5,55,False,False,False,0.7358490566037735,0.4553709552606945,0.7358490566037735,0.480697228483315,0.7358490566037735,0.480697228483315,0.7358490566037735,0.480697228483315,0.7358490566037735,0.480697228483315,0.7358490566037735,0.45537095526069465,0.6324988624679093,1.0,0.0,0.7358490566037735,0.480697228483315,0.6629416389931225,1.0,0.0,0.025326273222620488,0.0,0.025326273222620488,0.0,0.025326273222620488,0.0,0.02532627322262032,0.0,0.03044277652521321,0.0,0.0,,,,,,,,,
4,78,order1,exposure_5,56,True,True,False,0.5516129032258065,0.18081589745212517,0.5516129032258065,0.14351323730664228,0.5516129032258065,0.14351323730664228,0.42276422764227645,0.18085001449211022,0.5516129032258065,0.1437567638929294,0.5516129032258065,0.18081589745212512,0.32826633714802433,0.0,0.0,0.42276422764227645,0.18085001449211022,0.2612865196646906,0.0,0.0,-0.03730266014548289,0.0,-0.03730266014548289,0.037336777185467934,3.411703998504323e-05,0.00024352658628712387,3.411703998509874e-05,-0.12884867558353003,-0.06697981748333376,0.0,0.0,"[0.14351323730664228,0.13522523879957177,0.18085001449211022,0.14780433078092728,0.1390284486408097,0.13522523879957177,0.12784225162373308,0.1390284486408097]","[0.5516129032258065,0.5197568389057751,0.42276422764227645,0.5681063122923588,0.534375,0.5197568389057751,0.49137931034482757,0.534375]","[0.3679715538078525,0.4015848232805244,0.42333421428949425,0.3520494787944816,0.3856627482671535,0.3482405930731819,0.3800514892556741,0.3331722738288435]",2,0.18085001449211022,0.5681063122923588,True,0.9555328547605995,0.5957462598124615
46,81,order1,exposure_5,57,False,False,False,0.24644549763033174,0.008287140628726172,0.24644549763033174,0.004859435495914565,0.24644549763033174,0.004859435495914565,0.24644549763033174,0.004859435495914565,0.24644549763033174,0.004859435495914565,0.24644549763033174,0.008287140628726172,0.02795740312506902,0.0,0.0,0.24644549763033174,0.004859435495914565,0.015805784890255886,0.0,0.0,-0.003427705132811607,0.0,-0.003427705132811607,0.0,-0.003427705132811607,0.0,-0.003427705132811607,0.0,-0.012151618234813134,0.0,0.0,,,,,,,,,
65,85,order1,exposure_5,58,False,False,True,0.8191489361702128,0.47024745633143583,0.8191489361702128,0.46299037116595587,0.8191489361702128,0.46299037116595587,0.8191489361702128,0.46299037116595587,0.8191489361702128,0.46299037116595587,0.8191489361702128,0.47024745633143555,0.5773162291424206,1.0,0.0,0.8191489361702128,0.46299037116595604,0.5717267855053617,1.0,0.0,-0.0072570851654799595,0.0,-0.0072570851654799595,0.0,-0.0072570851654799595,0.0,-0.007257085165479515,0.0,-0.005589443637058933,0.0,0.0,,,,,,,,,
109,65,order1,exposure_5,59,False,False,True,0.8277027027027027,0.447994319077657,0.8277027027027027,0.4867485405477237,0.8277027027027027,0.4867485405477237,0.8277027027027027,0.4867485405477237,0.8277027027027027,0.4867485405477237,0.8277027027027027,0.4479943190776569,0.5507054514697415,1.0,0.0,0.8277027027027027,0.48674854054772376,0.5950797728644784,1.0,0.0,0.038754221470066685,0.0,0.038754221470066685,0.0,0.038754221470066685,0.0,0.03875422147006685,0.0,0.04437432139473696,0.0,0.0,,,,,,,,,
68,123,order1,exposure_5,60,True,True,False,0.7578125,0.4713851074618653,0.7578125,0.48612496806122213,0.7578125,0.48612496806122213,0.6328125,0.4070048038011192,0.7578125,0.47996856288314965,0.7578125,0.4713851074618655,0.6061974558559825,1.0,0.0,0.6328125,0.40700480380111914,0.6185892252119192,1.0,0.0,0.014739860599356835,0.0,0.014739860599356835,-0.07912016426010293,-0.0643803036607461,-0.006156405178072477,-0.06438030366074637,-0.125,0.012391769355936666,0.0,0.0,"[0.48612496806122213,0.44852364813953904,0.4070048038011192,0.12922817128181477,0.5058861456246865,0.5236030749565443,0.5448877528003063,0.5410782253203168]","[0.7578125,0.6953125,0.6328125,0.203125,0.7886178861788617,0.8203125,0.8536585365853658,0.8434782608695652]","[0.477313394349422,0.4743526584738228,0.5123008711517286,0.3381459136603608,0.4987380299543663,0.449661524371887,0.46855486573205035,0.4856745416727706]",2,0.5448877528003063,0.8536585365853658,False,0.8634077418900064,0.6740058553654625
21,115,order1,exposure_5,61,False,False,False,0.8900804289544236,0.5232062306374703,0.8900804289544236,0.5672965984102046,0.8900804289544236,0.5672965984102046,0.8900804289544236,0.5672965984102046,0.8900804289544236,0.5672965984102046,0.8900804289544236,0.5232062306374704,0.5870275768722473,1.0,1.0,0.8900804289544236,0.5672965984102046,0.6344111448069706,1.0,1.0,0.04409036777273434,0.0,0.04409036777273434,0.0,0.04409036777273434,0.0,0.04409036777273423,0.0,0.047383567934723314,0.0,0.0,,,,,,,,,
125,122,order1,exposure_5,62,False,False,False,0.7643312101910829,0.5199963586262838,0.7643312101910829,0.5404631878311207,0.7643312101910829,0.5404631878311207,0.7643312101910829,0.5404631878311207,0.7643312101910829,0.5404631878311207,0.7643312101910829,0.5199963586262841,0.6800391465206057,1.0,1.0,0.7643312101910829,0.5404631878311209,0.7068487940614784,1.0,1.0,0.02046682920483689,0.0,0.02046682920483689,0.0,0.02046682920483689,0.0,0.02046682920483678,0.0,0.026809647540872672,0.0,0.0,,,,,,,,,
30,0,order1,exposure_5,63,False,False,True,0.8022813688212928,0.6171808598802517,0.8022813688212928,0.6360172994970267,0.8022813688212928,0.6360172994970267,0.8022813688212928,0.6360172994970267,0.8022813688212928,0.6360172994970267,0.8022813688212928,0.617180859880252,0.7626466568354799,1.0,1.0,0.8022813688212928,0.6360172994970269,0.7856778375791146,1.0,1.0,0.018836439616774947,0.0,0.018836439616774947,0.0,0.018836439616774947,0.0,0.018836439616774947,0.0,0.02303118074363464,0.0,0.0,,,,,,,,,
26,10,order1,exposure_5,64,True,True,True,0.783410138248848,0.28311124047611996,0.783410138248848,0.27662103501139834,0.783410138248848,0.27662103501139834,0.783410138248848,0.27662103501139834,0.783410138248848,0.2804337836323375,0.783410138248848,0.28311124047612,0.37172901080059617,0.0,0.0,0.783410138248848,0.27662103501139834,0.36334601455951426,0.0,0.0,-0.006490205464721621,0.0,-0.006490205464721621,0.0,-0.006490205464721621,0.003812748620939166,-0.006490205464721677,0.0,-0.008382996241081908,0.0,0.0,"[0.27662103501139834,0.2566450244330257,0.24921209146979412,0.08998045306483768,0.27005244865973094,0.28859021441092997,0.24046677889649526,0.26774985722099315]","[0.783410138248848,0.7373271889400922,0.7259615384615384,0.18269230769230768,0.7740384615384616,0.8173076923076923,0.695852534562212,0.7692307692307693]","[0.47142944147111543,0.4650165752615963,0.4154881826301836,0.11546684330342392,0.42285960012964596,0.44714452080038075,0.4696888741087044,0.4402523789458899]",0,0.28859021441092997,0.8173076923076923,False,0.873165643588135,0.6384201369334425
98,44,order1,exposure_5,65,False,False,True,0.5496894409937888,0.17919942393051996,0.5496894409937888,0.16336124070730232,0.5496894409937888,0.16336124070730232,0.5496894409937888,0.16336124070730232,0.5496894409937888,0.16336124070730232,0.5496894409937888,0.17919942393051994,0.32416974441363716,0.0,0.0,0.5496894409937888,0.16336124070730237,0.29551864891995144,0.0,0.0,-0.015838183223217644,0.0,-0.015838183223217644,0.0,-0.015838183223217644,0.0,-0.01583818322321756,0.0,-0.02865109549368572,0.0,0.0,,,,,,,,,
5,49,order1,exposure_5,66,False,False,False,0.4148936170212766,0.2304229186970823,0.4148936170212766,0.23213722346146565,0.4148936170212766,0.23213722346146565,0.4148936170212766,0.23213722346146565,0.4148936170212766,0.23213722346146565,0.4148936170212766,0.2304229186970823,0.4281841595377145,0.0,0.0,0.4148936170212766,0.23213722346146548,0.43711979368302345,0.0,0.0,0.0017143047643833342,0.0,0.0017143047643833342,0.0,0.0017143047643833342,0.0,0.0017143047643831677,0.0,0.008935634145308957,0.0,0.0,,,,,,,,,
31,99,order1,exposure_5,67,False,False,True,0.6320754716981132,0.3925759964237826,0.6320754716981132,0.3944560264794499,0.6320754716981132,0.3944560264794499,0.6320754716981132,0.3944560264794499,0.6320754716981132,0.3944560264794499,0.6320754716981132,0.39257599642378294,0.6699599280297555,1.0,0.0,0.6320754716981132,0.3944560264794499,0.6564445316732915,1.0,0.0,0.001880030055667281,0.0,0.001880030055667281,0.0,0.001880030055667281,0.0,0.001880030055666948,0.0,-0.013515396356463927,0.0,0.0,,,,,,,,,
9,114,order1,exposure_5,68,True,True,False,0.8863636363636364,0.4917974493084859,0.8863636363636364,0.5028767111660618,0.8863636363636364,0.5028767111660618,0.8634686346863468,0.489887275822289,0.8863636363636364,0.506588245339583,0.8863636363636364,0.49179744930848557,0.5557053590000784,1.0,0.0,0.8634686346863468,0.4898872758222889,0.5682020048589967,1.0,0.0,0.011079261857575906,0.0,0.011079261857575906,-0.012989435343772782,-0.0019101734861968755,0.0037115341735212137,-0.0019101734861966535,-0.022895001677289528,0.012496645858918298,0.0,0.0,"[0.5028767111660618,0.49319251669432024,0.4466449646113696,0.47584032884530586,0.5185916083900013,0.489887275822289,0.489887275822289,0.5331704889471499]","[0.8863636363636364,0.8773946360153256,0.8376068376068376,0.8387096774193549,0.9140625,0.8634686346863468,0.8634686346863468,0.9397590361445783]","[0.49725263445120615,0.48095257510960604,0.4284134399224046,0.5278152457167062,0.5111570394474617,0.542574256390914,0.5115151863751062,0.5239772694496377]",5,0.5331704889471499,0.9397590361445783,False,0.9518947494720429,0.8535554709166598
100,45,order1,exposure_5,69,False,False,False,0.5028901734104047,0.29712339267036625,0.5028901734104047,0.3201829405771164,0.5028901734104047,0.3201829405771164,0.5028901734104047,0.3201829405771164,0.5028901734104047,0.3201829405771164,0.5028901734104047,0.29712339267036625,0.5891680377742513,0.0,0.0,0.5028901734104047,0.32018294057711644,0.6344950465254885,1.0,0.0,0.023059547906750133,0.0,0.023059547906750133,0.0,0.023059547906750133,0.0,0.02305954790675019,0.0,0.045327008751237186,1.0,0.0,,,,,,,,,
126,112,order1,exposure_5,70,False,False,False,0.5330396475770925,0.2735871109482274,0.5330396475770925,0.27222745119052844,0.5330396475770925,0.27222745119052844,0.5330396475770925,0.27222745119052844,0.5330396475770925,0.27222745119052844,0.5330396475770925,0.27358711094822724,0.5137786388976859,0.0,0.0,0.5330396475770925,0.27222745119052844,0.5117694708954302,0.0,0.0,-0.0013596597576989722,0.0,-0.0013596597576989722,0.0,-0.0013596597576989722,0.0,-0.0013596597576988056,0.0,-0.0020091680022557012,0.0,0.0,,,,,,,,,
55,16,order1,exposure_5,71,False,False,True,0.8383838383838383,0.5037564217730782,0.8383838383838383,0.48594171233735484,0.8383838383838383,0.48594171233735484,0.8383838383838383,0.48594171233735484,0.8383838383838383,0.48594171233735484,0.8383838383838383,0.5037564217730782,0.5782729221044851,1.0,1.0,0.8383838383838383,0.48594171233735456,0.537345652659811,1.0,0.0,-0.017814709435723386,0.0,-0.017814709435723386,0.0,-0.017814709435723386,0.0,-0.017814709435723663,0.0,-0.040927269444674064,0.0,-1.0,,,,,,,,,
27,7,order1,exposure_5,72,True,True,False,0.7605633802816901,0.45501330214478053,0.7605633802816901,0.4989816895083016,0.7605633802816901,0.4989816895083016,0.8140845070422535,0.5343882694524806,0.7605633802816901,0.5148861385216119,0.7605633802816901,0.4550133021447807,0.5883294407602015,1.0,0.0,0.8140845070422535,0.5343882694524803,0.6447292944908455,1.0,1.0,0.043968387363521044,0.0,0.043968387363521044,0.03540657994417906,0.0793749673077001,0.01590444901331034,0.0793749673076996,0.05352112676056342,0.056399853730643934,0.0,1.0,"[0.4989816895083016,0.5318590933917722,0.5183753417283188,0.5417079503836302,0.369479007014142,0.5119609820099627,0.5343882694524806,0.47889967894419766]","[0.7605633802816901,0.8092485549132948,0.7887323943661971,0.8256880733944955,0.5833333333333334,0.7803468208092486,0.8140845070422535,0.7352112676056338]","[0.5443948848297221,0.5787346820650346,0.5631427559948389,0.5286272925439771,0.3659727409919842,0.5594677321795254,0.5800158400434441,0.527521800781117]",6,0.5417079503836302,0.8256880733944955,False,0.9314071524766195,0.8800191943980006
118,67,order1,exposure_5,73,False,False,False,0.6556603773584906,0.3757844302921538,0.6556603773584906,0.47401097700474387,0.6556603773584906,0.47401097700474387,0.6556603773584906,0.47401097700474387,0.6556603773584906,0.47401097700474387,0.6556603773584906,0.3757844302921537,0.5740009038367159,1.0,0.0,0.6556603773584906,0.47401097700474365,0.7230660131625062,1.0,0.0,0.09822654671259007,0.0,0.09822654671259007,0.0,0.09822654671259007,0.0,0.09822654671258996,0.0,0.1490651093257903,0.0,0.0,,,,,,,,,
96,47,order1,exposure_5,74,False,False,True,0.7370030581039755,0.5579836351495628,0.7370030581039755,0.5675202365291534,0.7370030581039755,0.5675202365291534,0.7370030581039755,0.5675202365291534,0.7370030581039755,0.5675202365291534,0.7370030581039755,0.5579836351495626,0.7601440810497729,1.0,1.0,0.7370030581039755,0.5675202365291532,0.7733247484608106,1.0,1.0,0.009536601379590559,0.0,0.009536601379590559,0.0,0.009536601379590559,0.0,0.009536601379590559,0.0,0.013180667411037628,0.0,0.0,,,,,,,,,
24,73,order1,exposure_5,75,False,False,True,0.6883116883116883,0.24643324578324444,0.6883116883116883,0.21457133029460482,0.6883116883116883,0.21457133029460482,0.6883116883116883,0.21457133029460482,0.6883116883116883,0.21457133029460482,0.6883116883116883,0.2464332457832445,0.30438085051736674,0.0,0.0,0.6883116883116883,0.21457133029460482,0.27653630515481403,0.0,0.0,-0.03186191548863962,0.0,-0.03186191548863962,0.0,-0.03186191548863962,0.0,-0.031861915488639675,0.0,-0.02784454536255271,0.0,0.0,,,,,,,,,
0,71,order1,exposure_5,76,True,True,False,0.8418367346938775,0.19157680261305635,0.8418367346938775,0.1828295759306451,0.8418367346938775,0.1828295759306451,0.8418367346938775,0.1828295759306451,0.8418367346938775,0.18313483100786532,0.8418367346938775,0.1915768026130564,0.21712086742015596,0.0,0.0,0.8418367346938775,0.18282957593064497,0.20666423590145463,0.0,0.0,-0.008747226682411235,0.0,-0.008747226682411235,0.0,-0.008747226682411235,0.00030525507722020673,-0.00874722668241143,0.0,-0.010456631518701326,0.0,0.0,"[0.1828295759306451,0.12146152943157759,0.1783950956886674,0.18829284755454342,0.19792054879220705,0.1901186972226775,0.1872266685648565,0.17464402897515668]","[0.8418367346938775,0.44387755102040816,0.8061224489795918,0.9040404040404041,0.9183673469387755,0.8775510204081632,0.8826530612244898,0.8010204081632653]","[0.41125870141542525,0.2664983661044632,0.3969322886540467,0.3944980827644851,0.3769871429641398,0.3945214286834021,0.3922409579973709,0.397188707321636]",0,0.19792054879220705,0.9183673469387755,False,0.8320750995558135,0.8320750995558135
75,40,order1,exposure_5,77,False,False,False,0.2975206611570248,0.19707808142100355,0.2975206611570248,0.19936225374390942,0.2975206611570248,0.19936225374390942,0.2975206611570248,0.19936225374390942,0.2975206611570248,0.19936225374390942,0.2975206611570248,0.19707808142100358,0.6684052502490578,0.0,0.0,0.2975206611570248,0.19936225374390934,0.6765780667794145,0.0,0.0,0.0022841723229058697,0.0,0.0022841723229058697,0.0,0.0022841723229058697,0.0,0.0022841723229057587,0.0,0.00817281653035662,0.0,0.0,,,,,,,,,
88,20,order1,exposure_5,78,False,False,True,0.6340425531914894,0.23459709901467135,0.6340425531914894,0.2035224736895726,0.6340425531914894,0.2035224736895726,0.6340425531914894,0.2035224736895726,0.6340425531914894,0.2035224736895726,0.6340425531914894,0.23459709901467138,0.3693763581827472,0.0,0.0,0.6340425531914894,0.20352247368957258,0.32054481195648776,0.0,0.0,-0.031074625325098748,0.0,-0.031074625325098748,0.0,-0.031074625325098748,0.0,-0.031074625325098804,0.0,-0.04883154622625946,0.0,0.0,,,,,,,,,
53,103,order1,exposure_5,79,False,False,True,0.8092105263157895,0.4937852715622705,0.8092105263157895,0.500061284104661,0.8092105263157895,0.500061284104661,0.8092105263157895,0.500061284104661,0.8092105263157895,0.500061284104661,0.8092105263157895,0.4937852715622707,0.6051424670454766,1.0,0.0,0.8092105263157895,0.5000612841046613,0.6159485632482832,1.0,1.0,0.006276012542390519,0.0,0.006276012542390519,0.0,0.006276012542390519,0.0,0.00627601254239063,0.0,0.010806096202806592,0.0,1.0,,,,,,,,,
99,12,order1,exposure_5,80,True,True,True,0.0,0.0,0.0,0.0,0.0,0.0,0.21603563474387527,0.11005385395243165,0.0,0.0,0.0,0.0,0.5048666607620181,0.0,0.0,0.21603563474387527,0.11005385395243167,0.5178232577229659,0.0,0.0,0.0,0.0,0.0,0.11005385395243165,0.11005385395243165,0.0,0.11005385395243167,0.21603563474387527,0.012956596960947753,0.0,0.0,"[0.0,0.0,0.0,0.11005385395243165,0.0,0.0,0.0,0.0]","[0.0,0.0,0.0,0.21603563474387527,0.0,0.0,0.0,0.0]","[0.23149027384956758,0.24108042276483263,0.23239882262596825,0.3112379226951981,0.24056832380445262,0.2460332037378876,0.24976202290369698,0.24964637375933763]",3,0.11005385395243165,0.21603563474387527,True,0.7815990063968121,0.24379805729053575
72,21,order1,exposure_5,81,False,False,True,0.7905604719764012,0.4631848611393132,0.7905604719764012,0.5152344126948768,0.7905604719764012,0.5152344126948768,0.7905604719764012,0.5152344126948768,0.7905604719764012,0.5152344126948768,0.7905604719764012,0.46318486113931334,0.585779307427713,1.0,0.0,0.7905604719764012,0.5152344126948768,0.6513985186292792,1.0,1.0,0.05204955155556362,0.0,0.05204955155556362,0.0,0.05204955155556362,0.0,0.052049551555563456,0.0,0.06561921120156622,0.0,1.0,,,,,,,,,
110,93,order1,exposure_5,82,False,False,True,0.8761329305135952,0.5819058003904386,0.8761329305135952,0.5414861207729822,0.8761329305135952,0.5414861207729822,0.8761329305135952,0.5414861207729822,0.8761329305135952,0.5414861207729822,0.8761329305135952,0.5819058003904386,0.6699446934379694,1.0,1.0,0.8761329305135952,0.5414861207729826,0.6086605368304712,1.0,1.0,-0.040419679617456405,0.0,-0.040419679617456405,0.0,-0.040419679617456405,0.0,-0.04041967961745596,0.0,-0.0612841566074982,0.0,0.0,,,,,,,,,
56,72,order1,exposure_5,83,False,False,True,0.8660714285714286,0.4876861363915478,0.8660714285714286,0.4911978263453262,0.8660714285714286,0.4911978263453262,0.8660714285714286,0.4911978263453262,0.8660714285714286,0.4911978263453262,0.8660714285714286,0.487686136391548,0.5720607579561817,1.0,0.0,0.8660714285714286,0.4911978263453262,0.5761050533870278,1.0,0.0,0.0035116899537784296,0.0,0.0035116899537784296,0.0,0.0035116899537784296,0.0,0.0035116899537782076,0.0,0.004044295430846057,0.0,0.0,,,,,,,,,
19,31,order1,exposure_5,84,True,True,False,0.46866485013623976,0.015731085079456364,0.46866485013623976,0.002956251379046703,0.46866485013623976,0.002956251379046703,0.5181818181818182,0.0031354651314736107,0.46866485013623976,0.0,0.46866485013623976,0.015731085079456354,0.036702552229418366,0.0,0.0,0.5181818181818182,0.0031354651314736107,0.006271354081561501,0.0,0.0,-0.01277483370040966,0.0,-0.01277483370040966,0.0001792137524269078,-0.012595619947982754,-0.002956251379046703,-0.012595619947982743,0.049516968045578424,-0.030431198147856865,0.0,0.0,"[0.002956251379046703,0.0028107364147931086,0.0031354651314736107,0.002885490042846117,0.003117655908362471,0.003030570547793687,0.003117655908362471,0.003039059540924762]","[0.46866485013623976,0.44559585492227977,0.5181818181818182,0.4574468085106383,0.4942528735632184,0.48044692737430167,0.4942528735632184,0.48179271708683474]","[0.22937023448183802,0.23202840307684758,0.2391814433320777,0.23499511761627,0.22965190627481347,0.22493510095102937,0.21749548119803713,0.22312036433246912]",2,0.0031354651314736107,0.5181818181818182,True,0.9612507487452308,0.25427075002264476
90,111,order1,exposure_5,85,False,False,True,0.6442953020134228,0.37816380540785866,0.6442953020134228,0.37402152926083615,0.6442953020134228,0.37402152926083615,0.6442953020134228,0.37402152926083615,0.6442953020134228,0.37402152926083615,0.6442953020134228,0.37816380540785866,0.5930698412904513,1.0,0.0,0.6442953020134228,0.3740215292608361,0.5865161045974083,1.0,0.0,-0.004142276147022506,0.0,-0.004142276147022506,0.0,-0.004142276147022506,0.0,-0.004142276147022561,0.0,-0.006553736693042933,0.0,0.0,,,,,,,,,
95,35,order1,exposure_5,86,False,False,True,0.3372093023255814,0.14959846350320755,0.3372093023255814,0.14489395184152978,0.3372093023255814,0.14489395184152978,0.3372093023255814,0.14489395184152978,0.3372093023255814,0.14489395184152978,0.3372093023255814,0.14959846350320752,0.36643969336519217,0.0,0.0,0.3372093023255814,0.14489395184152978,0.36390673010120067,0.0,0.0,-0.004704511661677763,0.0,-0.004704511661677763,0.0,-0.004704511661677763,0.0,-0.004704511661677735,0.0,-0.0025329632639914945,0.0,0.0,,,,,,,,,
11,28,order1,exposure_5,87,False,False,False,0.47216035634743875,0.28058947026098974,0.47216035634743875,0.2948819963268177,0.47216035634743875,0.2948819963268177,0.47216035634743875,0.2948819963268177,0.47216035634743875,0.2948819963268177,0.47216035634743875,0.2805894702609898,0.6034091051721987,0.0,0.0,0.47216035634743875,0.29488199632681794,0.6340677477843547,0.0,0.0,0.014292526065827982,0.0,0.014292526065827982,0.0,0.014292526065827982,0.0,0.014292526065828148,0.0,0.030658642612156006,0.0,0.0,,,,,,,,,
81,75,order1,exposure_5,88,True,True,True,0.24316939890710382,0.06242772887501567,0.24316939890710382,0.11041889956873412,0.24316939890710382,0.11041889956873412,0.2109004739336493,0.09576615460226703,0.24316939890710382,0.10948740400017758,0.24316939890710382,0.06242772887501566,0.37048271631438057,0.0,0.0,0.2109004739336493,0.09576615460226705,0.5060000710750402,0.0,0.0,0.04799117069371844,0.0,0.04799117069371844,-0.014652744966467082,0.03333842572725136,-0.0009314955685565396,0.03333842572725139,-0.032268924973454516,0.13551735476065963,0.0,0.0,"[0.11041889956873412,0.1267460404249279,0.17197156273258166,0.09576615460226703,0.11646489118777144,0.12321133305535575,0.13368602534733032,0.14143003291318176]","[0.24316939890710382,0.27049180327868855,0.37872340425531914,0.2109004739336493,0.2564841498559078,0.27134146341463417,0.28530259365994237,0.3018292682926829]","[0.15560005986586303,0.15187779867120918,0.127564862822233,0.19789646730498278,0.15777723084543654,0.16683382300288327,0.15284669238151663,0.1613087794365443]",3,0.17197156273258166,0.37872340425531914,False,0.8953861708086839,0.0
45,110,order1,exposure_5,89,False,False,True,0.5028901734104047,0.22054982304658988,0.5028901734104047,0.22590684444977496,0.5028901734104047,0.22590684444977496,0.5028901734104047,0.22590684444977496,0.5028901734104047,0.22590684444977496,0.5028901734104047,0.22054982304658982,0.43753619736822463,0.0,0.0,0.5028901734104047,0.22590684444977502,0.4481964610850459,0.0,0.0,0.005357021403185086,0.0,0.005357021403185086,0.0,0.005357021403185086,0.0,0.005357021403185197,0.0,0.010660263716821272,0.0,0.0,,,,,,,,,
107,56,order1,exposure_5,90,False,False,True,0.7,0.4602355245642135,0.7,0.5022170590695114,0.7,0.5022170590695114,0.7,0.5022170590695114,0.7,0.5022170590695114,0.7,0.46023552456421357,0.6749836499435818,1.0,0.0,0.7,0.5022170590695116,0.7273526851787798,1.0,1.0,0.0419815345052979,0.0,0.0419815345052979,0.0,0.0419815345052979,0.0,0.04198153450529807,0.0,0.05236903523519798,0.0,1.0,,,,,,,,,
114,27,order1,exposure_5,91,False,False,False,0.5036764705882353,0.32274489468892376,0.5036764705882353,0.31948848052786494,0.5036764705882353,0.31948848052786494,0.5036764705882353,0.31948848052786494,0.5036764705882353,0.31948848052786494,0.5036764705882353,0.3227448946889238,0.6540988290586033,1.0,0.0,0.5036764705882353,0.31948848052786505,0.6509344144510916,1.0,0.0,-0.003256414161058818,0.0,-0.003256414161058818,0.0,-0.003256414161058818,0.0,-0.0032564141610587627,0.0,-0.003164414607511712,0.0,0.0,,,,,,,,,
43,57,order1,exposure_5,92,True,True,True,0.723404255319149,0.5217477160398858,0.723404255319149,0.5317389798453335,0.723404255319149,0.5317389798453335,0.6938775510204082,0.5100353480149118,0.723404255319149,0.5179358572352334,0.723404255319149,0.5217477160398859,0.7217205411768874,1.0,1.0,0.6938775510204082,0.5100353480149118,0.7351440038881184,1.0,1.0,0.009991263805447681,0.0,0.009991263805447681,-0.021703631830421677,-0.011712368024973996,-0.013803122610100083,-0.011712368024974107,-0.029526704298740825,0.01342346271123096,0.0,0.0,"[0.5317389798453335,0.5289255460895381,0.47154211420246556,0.6224988932929213,0.555371823394015,0.5100353480149118,0.5778435156700734,0.49003396181824854]","[0.723404255319149,0.7195767195767195,0.6415094339622641,0.8676470588235294,0.7555555555555555,0.6938775510204082,0.7861271676300579,0.6666666666666666]","[0.28381295654817384,0.24280028437345844,0.2833753140490981,0.25167130477033334,0.2689372457030581,0.2986886673932897,0.2559209987135818,0.2692622602488756]",5,0.6224988932929213,0.8676470588235294,False,0.9170231170664602,0.49656978886049136
8,41,order1,exposure_5,93,False,False,False,0.7818696883852692,0.4557248048911937,0.7818696883852692,0.4702291649575196,0.7818696883852692,0.4702291649575196,0.7818696883852692,0.4702291649575196,0.7818696883852692,0.4702291649575196,0.7818696883852692,0.45572480489119377,0.5829385389570308,1.0,0.0,0.7818696883852692,0.4702291649575193,0.6014846254808167,1.0,0.0,0.014504360066325883,0.0,0.014504360066325883,0.0,0.014504360066325883,0.0,0.01450436006632555,0.0,0.018546086523785865,0.0,0.0,,,,,,,,,
71,105,order1,exposure_5,94,False,False,False,0.1328125,0.07275054706879343,0.1328125,0.07558410483537001,0.1328125,0.07558410483537001,0.1328125,0.07558410483537001,0.1328125,0.07558410483537001,0.1328125,0.07275054706879343,0.5677729322954413,0.0,0.0,0.1328125,0.07558410483537001,0.5848109954476285,0.0,0.0,0.0028335577665765804,0.0,0.0028335577665765804,0.0,0.0028335577665765804,0.0,0.0028335577665765804,0.0,0.017038063152187144,0.0,0.0,,,,,,,,,
115,24,order1,exposure_5,95,False,False,True,0.46387832699619774,0.11403276965494077,0.46387832699619774,0.11395098152620257,0.46387832699619774,0.11395098152620257,0.46387832699619774,0.11395098152620257,0.46387832699619774,0.11395098152620257,0.46387832699619774,0.11403276965494083,0.24880773197049874,0.0,0.0,0.46387832699619774,0.11395098152620255,0.24896523851347946,0.0,0.0,-8.178812873819996e-05,0.0,-8.178812873819996e-05,0.0,-8.178812873819996e-05,0.0,-8.178812873828323e-05,0.0,0.00015750654298071765,0.0,0.0,,,,,,,,,
42,42,order1,exposure_5,96,True,False,True,0.5739514348785872,0.07960192799052294,0.5739514348785872,0.06625291000298061,0.5739514348785872,0.06625291000298061,0.6132075471698113,0.07078435903620335,0.5739514348785872,0.06625291000298061,0.5739514348785872,0.0796019279905229,0.13815966812148228,0.0,0.0,0.6132075471698113,0.07078435903620334,0.11499068287873646,0.0,0.0,-0.01334901798754233,0.0,-0.01334901798754233,0.004531449033222737,-0.008817568954319593,0.0,-0.008817568954319566,0.039256112291224055,-0.023168985242745826,0.0,0.0,"[0.06625291000298061,0.06412941929775688,0.06482196162278665,0.06881719224922991,0.08806962103324066,0.06867864583833003,0.07078435903620335,0.07128876064453733]","[0.5739514348785872,0.5555555555555556,0.5615550755939525,0.5720930232558139,0.7321428571428571,0.5949656750572082,0.6132075471698113,0.6175771971496437]","[0.5127123079092933,0.4962792211173288,0.501638607954449,0.41006278592952333,0.42764443984018896,0.5121315069430457,0.5237692391297841,0.516332576240014]",6,0.08806962103324066,0.7321428571428571,False,0.8416423113037697,0.6110287699394397
121,64,order1,exposure_5,97,False,False,False,0.6589861751152074,0.4136300895470769,0.6589861751152074,0.4378761645405554,0.6589861751152074,0.4378761645405554,0.6589861751152074,0.4378761645405554,0.6589861751152074,0.4378761645405554,0.6589861751152074,0.4136300895470769,0.627676450084315,1.0,0.0,0.6589861751152074,0.4378761645405556,0.6643805866931389,1.0,0.0,0.024246074993478473,0.0,0.024246074993478473,0.0,0.024246074993478473,0.0,0.024246074993478695,0.0,0.03670413660882388,0.0,0.0,,,,,,,,,
124,88,order1,exposure_5,98,False,False,True,0.4232209737827715,0.19520122497716286,0.4232209737827715,0.22916936565248272,0.4232209737827715,0.22916936565248272,0.4232209737827715,0.22916936565248272,0.4232209737827715,0.22916936565248272,0.4232209737827715,0.19520122497716288,0.45718181639388145,0.0,0.0,0.4232209737827715,0.22916936565248275,0.5391308476622296,0.0,0.0,0.03396814067531986,0.0,0.03396814067531986,0.0,0.03396814067531986,0.0,0.03396814067531986,0.0,0.08194903126834818,0.0,0.0,,,,,,,,,
113,52,order1,exposure_5,99,False,False,False,0.875968992248062,0.5857360412252793,0.875968992248062,0.595138211006633,0.875968992248062,0.595138211006633,0.875968992248062,0.595138211006633,0.875968992248062,0.595138211006633,0.875968992248062,0.5857360412252792,0.6694867520420575,1.0,1.0,0.875968992248062,0.595138211006633,0.6803386726892448,1.0,1.0,0.009402169781353664,0.0,0.009402169781353664,0.0,0.009402169781353664,0.0,0.009402169781353775,0.0,0.010851920647187208,0.0,0.0,,,,,,,,,
16,46,order1,exposure_5,100,True,True,True,0.5683297180043384,0.43168251475386654,0.5683297180043384,0.4350174044718604,0.5683297180043384,0.4350174044718604,0.6179245283018868,0.47297882891869725,0.5683297180043384,0.45550840508763746,0.5683297180043384,0.43168251475386676,0.759602685427186,1.0,0.0,0.6179245283018868,0.47297882891869747,0.765482268035703,1.0,0.0,0.0033348897179938386,0.0,0.0033348897179938386,0.03796142444683687,0.041296314164830705,0.020491000615777077,0.041296314164830705,0.04959481029754842,0.005879582608516953,0.0,0.0,"[0.4350174044718604,0.41779796554484927,0.4340758083582849,0.47297882891869725,0.453717247650515,0.4266872839606971,0.4526930552178953,0.4436792554458576]","[0.5683297180043384,0.5458333333333333,0.5670995670995671,0.6179245283018868,0.5927601809954751,0.5574468085106383,0.5914221218961625,0.5796460176991151]","[0.3140766524200083,0.3016444515950496,0.3133968328260256,0.34148428482458454,0.32757768499009915,0.3080624186502635,0.32683823197657746,0.32033039107438904]",3,0.47297882891869725,0.6179245283018868,True,0.7488152597122101,0.7488152597122101
103,48,order1,exposure_5,101,False,False,False,0.8224852071005917,0.44605400709853926,0.8224852071005917,0.49929643078587915,0.8224852071005917,0.49929643078587915,0.8224852071005917,0.49929643078587915,0.8224852071005917,0.49929643078587915,0.8224852071005917,0.44605400709853915,0.5332199668664105,1.0,0.0,0.8224852071005917,0.4992964307858793,0.5992383494088517,1.0,0.0,0.05324242368733989,0.0,0.05324242368733989,0.0,0.05324242368733989,0.0,0.05324242368734017,0.0,0.06601838254244119,0.0,0.0,,,,,,,,,
6,13,order1,exposure_5,102,False,False,True,0.4533678756476684,0.2833716864448661,0.4533678756476684,0.30047368333498525,0.4533678756476684,0.30047368333498525,0.4533678756476684,0.30047368333498525,0.4533678756476684,0.30047368333498525,0.4533678756476684,0.28337168644486604,0.6238916223734807,0.0,0.0,0.4533678756476684,0.3004736833349851,0.6614497841148856,1.0,0.0,0.017101996890119153,0.0,0.017101996890119153,0.0,0.017101996890119153,0.0,0.017101996890119042,0.0,0.037558161741404916,1.0,0.0,,,,,,,,,
29,74,order1,exposure_5,103,False,False,True,0.31978319783197834,0.19114720076520128,0.31978319783197834,0.1820871213080659,0.31978319783197834,0.1820871213080659,0.31978319783197834,0.1820871213080659,0.31978319783197834,0.1820871213080659,0.31978319783197834,0.1911472007652012,0.598011004897277,0.0,0.0,0.31978319783197834,0.18208712130806587,0.5701730846271572,0.0,0.0,-0.009060079457135384,0.0,-0.009060079457135384,0.0,-0.009060079457135384,0.0,-0.009060079457135328,0.0,-0.027837920270119776,0.0,0.0,,,,,,,,,
85,127,order1,exposure_5,104,True,True,True,0.708994708994709,0.474423758512402,0.708994708994709,0.49179814493213186,0.708994708994709,0.49179814493213186,0.6175115207373272,0.42834031977959874,0.708994708994709,0.49571741280594384,0.708994708994709,0.4744237585124018,0.6698419861781614,1.0,0.0,0.6175115207373272,0.4283403197795988,0.6941569066536264,1.0,0.0,0.01737438641972988,0.0,0.01737438641972988,-0.06345782515253312,-0.04608343873280324,0.003919267873811971,-0.04608343873280302,-0.09148318825738178,0.02431492047546502,0.0,0.0,"[0.49179814493213186,0.5163880521787385,0.3659442889455627,0.42834031977959874,0.49925423299372507,0.5467638199539584,0.46944368379885315,0.5192729016322509]","[0.708994708994709,0.7444444444444445,0.5275590551181102,0.6175115207373272,0.7089552238805971,0.788235294117647,0.6767676767676768,0.7486033519553073]","[0.31711051020837866,0.3311067098486209,0.3304703769626224,0.3868178605921939,0.28961352286892855,0.2818735400209663,0.3042495870261626,0.3106390782992268]",3,0.5467638199539584,0.788235294117647,False,0.9180700574010395,0.35401535368567155
15,6,order1,exposure_5,105,False,False,True,0.6368715083798883,0.1437629711214321,0.6368715083798883,0.13684611330317678,0.6368715083798883,0.13684611330317678,0.6368715083798883,0.13684611330317678,0.6368715083798883,0.13684611330317678,0.6368715083798883,0.14376297112143202,0.22778544347567656,0.0,0.0,0.6368715083798883,0.1368461133031768,0.21762593367648,0.0,0.0,-0.006916857818255323,0.0,-0.006916857818255323,0.0,-0.006916857818255323,0.0,-0.006916857818255212,0.0,-0.010159509799196553,0.0,0.0,,,,,,,,,
60,83,order1,exposure_5,106,False,False,False,0.6609195402298851,0.2297657123301463,0.6609195402298851,0.2401096270885337,0.6609195402298851,0.2401096270885337,0.6609195402298851,0.2401096270885337,0.6609195402298851,0.2401096270885337,0.6609195402298851,0.22976571233014625,0.34645123100926367,0.0,0.0,0.6609195402298851,0.24010962708853367,0.36219065579139736,0.0,0.0,0.01034391475838739,0.0,0.01034391475838739,0.0,0.01034391475838739,0.0,0.010343914758387418,0.0,0.015739424782133693,0.0,0.0,,,,,,,,,
122,19,order1,exposure_5,107,False,False,True,0.779874213836478,0.23896749934076322,0.779874213836478,0.2627121161882898,0.779874213836478,0.2627121161882898,0.779874213836478,0.2627121161882898,0.779874213836478,0.2627121161882898,0.779874213836478,0.23896749934076292,0.300745354349559,0.0,0.0,0.779874213836478,0.26271211618828966,0.32838225089083845,0.0,0.0,0.0237446168475266,0.0,0.0237446168475266,0.0,0.0237446168475266,0.0,0.02374461684752674,0.0,0.027636896541279432,0.0,0.0,,,,,,,,,
83,89,order1,exposure_5,108,True,True,True,0.0,0.0,0.0,0.0,0.0,0.0,0.0,0.0,0.0,0.0,0.0,0.0,0.6127888218851221,0.0,0.0,0.0,0.0,0.5990516414276438,0.0,0.0,0.0,0.0,0.0,0.0,0.0,0.0,0.0,0.0,-0.013737180457478293,0.0,0.0,"[0.0,0.0,0.0,0.0,0.0,0.0,0.0,0.0]","[0.0,0.0,0.0,0.0,0.0,0.0,0.0,0.0]","[0.32918529112243416,0.3145188601432153,0.23609271546110522,0.16515487172393328,0.3655634306510236,0.3145188601432153,0.34737436088672885,0.30198370376772826]",4,0.0,0.0,False,0.8167470364006766,0.0
89,17,order1,exposure_5,109,False,False,False,0.0,0.0,0.0,0.0,0.0,0.0,0.0,0.0,0.0,0.0,0.0,0.0,0.32957342137857626,0.0,0.0,0.0,0.0,0.32473969484125953,0.0,0.0,0.0,0.0,0.0,0.0,0.0,0.0,0.0,0.0,-0.004833726537316729,0.0,0.0,,,,,,,,,
12,95,order1,exposure_5,110,False,False,True,0.25680933852140075,0.0558497795198207,0.25680933852140075,0.08833733291427082,0.25680933852140075,0.08833733291427082,0.25680933852140075,0.08833733291427082,0.25680933852140075,0.08833733291427082,0.25680933852140075,0.0558497795198207,0.2619424486926439,0.0,0.0,0.25680933852140075,0.08833733291427083,0.38644684682425123,0.0,0.0,0.032487553394450114,0.0,0.032487553394450114,0.0,0.032487553394450114,0.0,0.03248755339445013,0.0,0.12450439813160735,0.0,0.0,,,,,,,,,
91,100,order1,exposure_5,111,False,False,False,0.17696629213483145,0.10136489774742881,0.17696629213483145,0.10251398435034623,0.17696629213483145,0.10251398435034623,0.17696629213483145,0.10251398435034623,0.17696629213483145,0.10251398435034623,0.17696629213483145,0.10136489774742882,0.419852083384716,0.0,0.0,0.17696629213483145,0.10251398435034623,0.566185567407457,0.0,0.0,0.001149086602917418,0.0,0.001149086602917418,0.0,0.001149086602917418,0.0,0.001149086602917404,0.0,0.14633348402274093,0.0,0.0,,,,,,,,,
36,53,order1,exposure_5,112,True,True,False,0.6,0.14058210141965818,0.6,0.1560120841549612,0.6,0.1560120841549612,0.2216624685138539,0.06076535275598839,0.6,0.1681584262647956,0.6,0.14058210141965816,0.23215392894989417,0.0,0.0,0.2216624685138539,0.060765352755988385,0.2580381421376941,0.0,0.0,0.015429982735303022,0.0,0.015429982735303022,-0.09524673139897281,-0.07981674866366979,0.012146342109834396,-0.07981674866366978,-0.3783375314861461,0.02588421318779993,0.0,0.0,"[0.1560120841549612,0.14858293729043923,0.17208150743607203,0.06076535275598839,0.16518926557584127,0.16518926557584127,0.17551359467433134,0.1834026592410768]","[0.6,0.5714285714285714,0.6604938271604939,0.2216624685138539,0.6352941176470588,0.6352941176470588,0.675,0.7039473684210527]","[0.2953377489624134,0.3103726244555269,0.2729859668572867,0.42356875601459365,0.28824605196111025,0.2786323317478428,0.2712904018457508,0.25603031674192733]",3,0.1834026592410768,0.7039473684210527,False,0.8617325535526982,0.14436869822617326
120,86,order1,exposure_5,113,False,False,False,0.6170212765957447,0.3553771616162182,0.6170212765957447,0.3850426562595609,0.6170212765957447,0.3850426562595609,0.6170212765957447,0.3850426562595609,0.6170212765957447,0.3850426562595609,0.6170212765957447,0.3553771616162184,0.5771859727792962,1.0,0.0,0.6170212765957447,0.38504265625956086,0.6250321564553144,1.0,0.0,0.029665494643342727,0.0,0.029665494643342727,0.0,0.029665494643342727,0.0,0.02966549464334245,0.0,0.04784618367601823,0.0,0.0,,,,,,,,,
1,32,order1,exposure_5,114,False,False,False,0.7531645569620253,0.39476260562383575,0.7531645569620253,0.348321449811163,0.7531645569620253,0.348321449811163,0.7531645569620253,0.348321449811163,0.7531645569620253,0.348321449811163,0.7531645569620253,0.39476260562383575,0.5256259482055023,1.0,0.0,0.7531645569620253,0.34832144981116303,0.4669878799843323,1.0,0.0,-0.046441155812672774,0.0,-0.046441155812672774,0.0,-0.046441155812672774,0.0,-0.04644115581267272,0.0,-0.05863806822117007,0.0,0.0,,,,,,,,,
58,43,order1,exposure_5,115,False,False,True,0.5736040609137056,0.4091794889510085,0.5736040609137056,0.4172815391821843,0.5736040609137056,0.4172815391821843,0.5736040609137056,0.4172815391821843,0.5736040609137056,0.4172815391821843,0.5736040609137056,0.40917948895100853,0.7070908712574445,1.0,0.0,0.5736040609137056,0.4172815391821844,0.7210917826218449,1.0,0.0,0.008102050231175828,0.0,0.008102050231175828,0.0,0.008102050231175828,0.0,0.008102050231175884,0.0,0.014000911364400404,0.0,0.0,,,,,,,,,
20,51,order1,exposure_5,116,True,True,True,0.2727272727272727,0.13354719995744502,0.2727272727272727,0.1476941219077889,0.2727272727272727,0.1476941219077889,0.33505154639175255,0.174594508516889,0.2727272727272727,0.13699896562411443,0.2727272727272727,0.13354719995744505,0.48553917099523203,0.0,0.0,0.33505154639175255,0.17459450851688896,0.5025559500271938,0.0,0.0,0.014146921950343894,0.0,0.014146921950343894,0.026900386609100102,0.041047308559443996,-0.010695156283674484,0.04104730855944391,0.062324273664479846,0.01701677903196175,0.0,0.0,"[0.1476941219077889,0.1210940928183939,0.048248650385325165,0.16206380216400224,0.15911377050890663,0.174594508516889,0.15281223504320735,0.16588968513444013]","[0.2727272727272727,0.2304147465437788,0.09216589861751152,0.31100478468899523,0.29381443298969073,0.33505154639175255,0.28217821782178215,0.3444976076555024]","[0.29665794850092086,0.29837273433040595,0.24692915944585317,0.31037623513680157,0.3058200413435941,0.32545757090911054,0.29364765723738073,0.3223797359431972]",5,0.174594508516889,0.3444976076555024,True,0.9070177917576591,0.5728564490794088
32,96,order1,exposure_5,117,False,False,True,0.5866666666666667,0.34408622240949294,0.5866666666666667,0.3458815009708042,0.5866666666666667,0.3458815009708042,0.5866666666666667,0.3458815009708042,0.5866666666666667,0.3458815009708042,0.5866666666666667,0.3440862224094928,0.6019737549878574,1.0,0.0,0.5866666666666667,0.3458815009708042,0.607287012938134,1.0,0.0,0.0017952785613112865,0.0,0.0017952785613112865,0.0,0.0017952785613112865,0.0,0.0017952785613113975,0.0,0.005313257950276595,0.0,0.0,,,,,,,,,
64,97,order1,exposure_5,118,False,False,True,0.8571428571428571,0.21422127173519087,0.8571428571428571,0.17989140145267826,0.8571428571428571,0.17989140145267826,0.8571428571428571,0.17989140145267826,0.8571428571428571,0.17989140145267826,0.8571428571428571,0.21422127173519087,0.24010279975893659,0.0,0.0,0.8571428571428571,0.1798914014526783,0.21668353832733475,0.0,0.0,-0.03432987028251261,0.0,-0.03432987028251261,0.0,-0.03432987028251261,0.0,-0.03432987028251258,0.0,-0.023419261431601834,0.0,0.0,,,,,,,,,
82,119,order1,exposure_5,119,False,False,True,0.3326612903225806,0.21983846950728547,0.3326612903225806,0.22738360476901195,0.3326612903225806,0.22738360476901195,0.3326612903225806,0.22738360476901195,0.3326612903225806,0.22738360476901195,0.3326612903225806,0.21983846950728553,0.6350332287817938,0.0,0.0,0.3326612903225806,0.22738360476901195,0.6486548639713882,0.0,0.0,0.007545135261726482,0.0,0.007545135261726482,0.0,0.007545135261726482,0.0,0.007545135261726427,0.0,0.013621635189594361,0.0,0.0,,,,,,,,,
117,59,order1,exposure_5,120,True,True,True,0.3788546255506608,0.15465629441893736,0.3788546255506608,0.1341596762178811,0.3788546255506608,0.1341596762178811,0.35390946502057613,0.12532611728995477,0.3788546255506608,0.1234491633249205,0.3788546255506608,0.15465629441893733,0.4107867578598595,0.0,0.0,0.35390946502057613,0.1253261172899548,0.35745708587535285,0.0,0.0,-0.02049661820105625,0.0,-0.02049661820105625,-0.008833558927926338,-0.029330177128982587,-0.010710512892960614,-0.029330177128982532,-0.024945160530084665,-0.053329671984506666,0.0,0.0,"[0.1341596762178811,0.1295925383040809,0.1213316593683626,0.14571409809310532,0.139060486308032,0.12532611728995477,0.12532611728995477,0.1436521061389576]","[0.3788546255506608,0.3659574468085106,0.3426294820717131,0.3875598086124402,0.3926940639269406,0.35390946502057613,0.35390946502057613,0.4056603773584906]","[0.3960469643068847,0.41003871483419846,0.38673000978110106,0.4041263455985071,0.39015407173062394,0.42403046536151223,0.37353362216567615,0.40303651749531433]",5,0.14571409809310532,0.4056603773584906,False,0.9004008222243648,0.3246355227694878
116,87,order1,exposure_5,121,False,False,True,0.7850877192982456,0.5183485651961524,0.7850877192982456,0.522754473197514,0.7850877192982456,0.522754473197514,0.7850877192982456,0.522754473197514,0.7850877192982456,0.522754473197514,0.7850877192982456,0.5183485651961524,0.6605059889431779,1.0,1.0,0.7850877192982456,0.5227544731975139,0.66615801949099,1.0,1.0,0.004405908001361647,0.0,0.004405908001361647,0.0,0.004405908001361647,0.0,0.004405908001361536,0.0,0.005652030547812048,0.0,0.0,,,,,,,,,
106,80,order1,exposure_5,122,False,False,True,0.4473684210526316,0.21054241680514335,0.4473684210526316,0.12423917590391217,0.4473684210526316,0.12423917590391217,0.4473684210526316,0.12423917590391217,0.4473684210526316,0.12423917590391217,0.4473684210526316,0.2105424168051434,0.47409102185981916,0.0,0.0,0.4473684210526316,0.12423917590391217,0.2793471336748984,0.0,0.0,-0.08630324090123118,0.0,-0.08630324090123118,0.0,-0.08630324090123118,0.0,-0.08630324090123123,0.0,-0.19474388818492078,0.0,0.0,,,,,,,,,
33,63,order1,exposure_5,123,False,False,False,0.5464362850971922,0.14169513599572175,0.5464362850971922,0.19499307791378045,0.5464362850971922,0.19499307791378045,0.5464362850971922,0.19499307791378045,0.5464362850971922,0.19499307791378045,0.5464362850971922,0.14169513599572167,0.25946133204056704,0.0,0.0,0.5464362850971922,0.1949930779137805,0.3563142775879654,0.0,0.0,0.0532979419180587,0.0,0.0532979419180587,0.0,0.0532979419180587,0.0,0.05329794191805884,0.0,0.09685294554739837,0.0,0.0,,,,,,,,,
49,14,order1,exposure_5,124,True,False,False,0.7318611987381703,0.4930278106320822,0.7318611987381703,0.46002959367695145,0.7318611987381703,0.46002959367695145,0.8517350157728707,0.470580066396013,0.7318611987381703,0.46002959367695145,0.7318611987381703,0.4930278106320822,0.6388331205920854,1.0,0.0,0.8517350157728707,0.4705800663960129,0.538177508362086,1.0,0.0,-0.03299821695513072,0.0,-0.03299821695513072,0.010550472719061565,-0.022447744236069156,0.0,-0.022447744236069267,0.11987381703470035,-0.10065561222999941,0.0,0.0,"[0.46002959367695145,0.45205394056677295,0.4561892386774805,0.470580066396013,0.20570494851801743,0.4459614103840783,0.46221606087531975,0.46631431724080363]","[0.7318611987381703,0.7675840978593272,0.8256880733944955,0.8517350157728707,0.2743682310469314,0.709480122324159,0.7634069400630915,0.7917981072555205]","[0.4438532781080709,0.4638762435327254,0.496077809605863,0.5100733804587066,0.15623262691466933,0.4316746774595877,0.4612796208319224,0.4769633292833888]",3,0.470580066396013,0.8517350157728707,True,0.892463716985471,0.8215783506857622
51,60,order1,exposure_5,125,False,False,True,0.5082872928176796,0.17658992113340463,0.5082872928176796,0.1730180314078319,0.5082872928176796,0.1730180314078319,0.5082872928176796,0.1730180314078319,0.5082872928176796,0.1730180314078319,0.5082872928176796,0.1765899211334047,0.35966324698489655,0.0,0.0,0.5082872928176796,0.1730180314078319,0.3296349731036254,0.0,0.0,-0.0035718897255727355,0.0,-0.0035718897255727355,0.0,-0.0035718897255727355,0.0,-0.003571889725572791,0.0,-0.03002827388127116,0.0,0.0,,,,,,,,,
97,124,order1,exposure_5,126,False,False,True,0.28044280442804426,0.06828387713642814,0.28044280442804426,0.05571761206689162,0.28044280442804426,0.05571761206689162,0.28044280442804426,0.05571761206689162,0.28044280442804426,0.05571761206689162,0.28044280442804426,0.06828387713642813,0.2172444386875314,0.0,0.0,0.28044280442804426,0.055717612066891624,0.18332199882828284,0.0,0.0,-0.012566265069536522,0.0,-0.012566265069536522,0.0,-0.012566265069536522,0.0,-0.012566265069536502,0.0,-0.03392243985924856,0.0,0.0,,,,,,,,,
76,39,order1,exposure_5,127,False,False,False,0.7313432835820896,0.13054826203442718,0.7313432835820896,0.10469201063124509,0.7313432835820896,0.10469201063124509,0.7313432835820896,0.10469201063124509,0.7313432835820896,0.10469201063124509,0.7313432835820896,0.1305482620344272,0.18172294856636684,0.0,0.0,0.7313432835820896,0.10469201063124509,0.14601807667882102,0.0,0.0,-0.025856251403182096,0.0,-0.025856251403182096,0.0,-0.025856251403182096,0.0,-0.025856251403182123,0.0,-0.035704871887545814,0.0,0.0,,,,,,,,,
