cell_key,dataset,split,source_id,condition,order,arrival,expert_scheduled,EMix_GT_supervised,N_v,N_t,A8_v,A8_t,R1_v,R1_t,EDeploy_v,EDeploy_t,EOracle_v,EOracle_t,EMix_v,EMix_t,EMix_map_v,EMix_map_t,EMix_minus_N_v,EMix_minus_N_t,EMix_minus_A8_v,EMix_minus_A8_t,EMix_minus_R1_v,EMix_minus_R1_t,EMix_minus_EDeploy_v,EMix_minus_EDeploy_t,EMix_minus_EOracle_v,EMix_minus_EOracle_t
vidstg/search/clean/order1/0,vidstg,search,8,clean,order1,0,True,False,0.08761806056923738,0.7858942065491183,0.10014742153093327,0.8286445012787724,0.1183665697544162,0.906801007556675,0.1183665697544162,0.906801007556675,0.1183665697544162,0.906801007556675,0.09863385848512572,0.8161209068010076,0.14693621942086482,0.982367758186398,0.011015797915888345,0.030226700251889227,-0.0015135630458075477,-0.012523594477764854,-0.01973271126929048,-0.09068010075566746,-0.01973271126929048,-0.09068010075566746,-0.01973271126929048,-0.09068010075566746
vidstg/search/clean/order1/1,vidstg,search,15,clean,order1,1,False,False,0.0,0.0,0.0,0.0,0.0,0.0,0.0,0.0,0.0,0.0,0.0,0.0,0.0,0.0,0.0,0.0,0.0,0.0,0.0,0.0,0.0,0.0,0.0,0.0
vidstg/search/clean/order1/2,vidstg,search,19,clean,order1,2,False,False,0.6035882984630244,0.8607142857142858,0.6035882984630244,0.8607142857142858,0.6035882984630244,0.8607142857142858,0.6035882984630244,0.8607142857142858,0.6035882984630244,0.8607142857142858,0.6035882984630244,0.8607142857142858,0.6035882984630244,0.8607142857142858,0.0,0.0,0.0,0.0,0.0,0.0,0.0,0.0,0.0,0.0
vidstg/search/clean/order1/3,vidstg,search,27,clean,order1,3,False,False,0.0,0.0,0.0,0.0,0.0,0.0,0.0,0.0,0.0,0.0,0.0,0.0,0.0,0.0,0.0,0.0,0.0,0.0,0.0,0.0,0.0,0.0,0.0,0.0
vidstg/search/clean/order1/4,vidstg,search,7,clean,order1,4,True,False,0.0,0.0,0.0,0.0,0.0,0.0,0.0,0.0,0.008014250389447213,0.171875,0.0,0.0,0.001793398688547628,0.038461538461538464,0.0,0.0,0.0,0.0,0.0,0.0,0.0,0.0,-0.008014250389447213,-0.171875
vidstg/search/clean/order1/5,vidstg,search,1,clean,order1,5,False,False,0.0,0.0,0.0,0.0,0.0,0.0,0.0,0.0,0.0,0.0,0.0,0.0,0.0,0.0,0.0,0.0,0.0,0.0,0.0,0.0,0.0,0.0,0.0,0.0
vidstg/search/clean/order1/6,vidstg,search,25,clean,order1,6,False,False,0.08254140430608899,0.11174785100286533,0.08254140430608899,0.11174785100286533,0.08254140430608899,0.11174785100286533,0.08254140430608899,0.11174785100286533,0.08254140430608899,0.11174785100286533,0.08254140430608899,0.11174785100286533,0.08254140430608899,0.11174785100286533,0.0,0.0,0.0,0.0,0.0,0.0,0.0,0.0,0.0,0.0
vidstg/search/clean/order1/7,vidstg,search,3,clean,order1,7,False,False,0.21422250646741212,0.37888198757763975,0.21422250646741212,0.37888198757763975,0.21422250646741212,0.37888198757763975,0.21422250646741212,0.37888198757763975,0.21422250646741212,0.37888198757763975,0.21422250646741212,0.37888198757763975,0.21422250646741212,0.37888198757763975,0.0,0.0,0.0,0.0,0.0,0.0,0.0,0.0,0.0,0.0
vidstg/search/clean/order1/8,vidstg,search,4,clean,order1,8,True,False,0.13050860603403167,0.5048543689320388,0.041287975387184234,0.18543046357615894,0.17103070791028446,0.6447368421052632,0.13050860603403167,0.5048543689320388,0.17103070791028446,0.6447368421052632,0.13050860603403167,0.5048543689320388,0.10455675798433865,0.39378238341968913,0.0,0.0,0.08922063064684743,0.3194239053558799,-0.0405221018762528,-0.13988247317322433,0.0,0.0,-0.0405221018762528,-0.13988247317322433
vidstg/search/clean/order1/9,vidstg,search,6,clean,order1,9,False,False,0.41067762142617636,0.5986842105263158,0.41067762142617636,0.5986842105263158,0.41067762142617636,0.5986842105263158,0.41067762142617636,0.5986842105263158,0.41067762142617636,0.5986842105263158,0.41067762142617636,0.5986842105263158,0.41067762142617636,0.5986842105263158,0.0,0.0,0.0,0.0,0.0,0.0,0.0,0.0,0.0,0.0
vidstg/search/clean/order1/10,vidstg,search,20,clean,order1,10,False,False,0.2721916707245217,0.4742268041237113,0.2721916707245217,0.4742268041237113,0.2721916707245217,0.4742268041237113,0.2721916707245217,0.4742268041237113,0.2721916707245217,0.4742268041237113,0.2721916707245217,0.4742268041237113,0.2721916707245217,0.4742268041237113,0.0,0.0,0.0,0.0,0.0,0.0,0.0,0.0,0.0,0.0
vidstg/search/clean/order1/11,vidstg,search,17,clean,order1,11,False,False,0.02142206467282315,0.3951612903225806,0.02142206467282315,0.3951612903225806,0.02142206467282315,0.3951612903225806,0.02142206467282315,0.3951612903225806,0.02142206467282315,0.3951612903225806,0.02142206467282315,0.3951612903225806,0.02142206467282315,0.3951612903225806,0.0,0.0,0.0,0.0,0.0,0.0,0.0,0.0,0.0,0.0
vidstg/search/clean/order1/12,vidstg,search,24,clean,order1,12,True,False,0.00225165002142903,0.7376093294460642,0.00225165002142903,0.8775510204081632,0.00225165002142903,0.8425655976676385,0.00225165002142903,0.8425655976676385,0.00225165002142903,0.8425655976676385,0.00225165002142903,0.8075801749271136,0.0022129397058743764,0.9828080229226361,0.0,0.06997084548104948,0.0,-0.06997084548104959,0.0,-0.03498542274052485,0.0,-0.03498542274052485,0.0,-0.03498542274052485
vidstg/search/clean/order1/13,vidstg,search,2,clean,order1,13,False,False,0.20159329211989888,0.919047619047619,0.20159329211989888,0.919047619047619,0.20159329211989888,0.919047619047619,0.20159329211989888,0.919047619047619,0.20159329211989888,0.919047619047619,0.20159329211989888,0.919047619047619,0.20159329211989888,0.919047619047619,0.0,0.0,0.0,0.0,0.0,0.0,0.0,0.0,0.0,0.0
vidstg/search/clean/order1/14,vidstg,search,0,clean,order1,14,False,False,0.028938873310852965,0.144136078782453,0.028938873310852965,0.144136078782453,0.028938873310852965,0.144136078782453,0.028938873310852965,0.144136078782453,0.028938873310852965,0.144136078782453,0.028938873310852965,0.144136078782453,0.028938873310852965,0.144136078782453,0.0,0.0,0.0,0.0,0.0,0.0,0.0,0.0,0.0,0.0
vidstg/search/clean/order1/15,vidstg,search,9,clean,order1,15,False,False,0.05403649432011465,0.32941176470588235,0.05403649432011465,0.32941176470588235,0.05403649432011465,0.32941176470588235,0.05403649432011465,0.32941176470588235,0.05403649432011465,0.32941176470588235,0.05403649432011465,0.32941176470588235,0.05403649432011465,0.32941176470588235,0.0,0.0,0.0,0.0,0.0,0.0,0.0,0.0,0.0,0.0
vidstg/search/clean/order1/16,vidstg,search,26,clean,order1,16,True,False,0.2191453104602114,0.6744904261890056,0.21649701587081147,0.6670784434836319,0.2191453104602114,0.6744904261890056,0.2168523958968546,0.6731352334748333,0.2158855437026418,0.6596664607782582,0.2137415426383223,0.6634787806335923,0.21434705936231094,0.6993520518358531,-0.005403767821889116,-0.01101164555541323,-0.002755473232489175,-0.0035996628500395422,-0.005403767821889116,-0.01101164555541323,-0.0031108532585323034,-0.009656452841240948,-0.0021440010643195007,0.0038123198553341453
vidstg/search/clean/order1/17,vidstg,search,22,clean,order1,17,False,False,0.499323013753303,0.6785714285714286,0.499323013753303,0.6785714285714286,0.499323013753303,0.6785714285714286,0.499323013753303,0.6785714285714286,0.499323013753303,0.6785714285714286,0.499323013753303,0.6785714285714286,0.499323013753303,0.6785714285714286,0.0,0.0,0.0,0.0,0.0,0.0,0.0,0.0,0.0,0.0
vidstg/search/clean/order1/18,vidstg,search,5,clean,order1,18,False,False,0.404970811599019,0.6312056737588653,0.404970811599019,0.6312056737588653,0.404970811599019,0.6312056737588653,0.404970811599019,0.6312056737588653,0.404970811599019,0.6312056737588653,0.404970811599019,0.6312056737588653,0.404970811599019,0.6312056737588653,0.0,0.0,0.0,0.0,0.0,0.0,0.0,0.0,0.0,0.0
vidstg/search/clean/order1/19,vidstg,search,13,clean,order1,19,False,False,0.02556958532297251,0.0319634703196347,0.02556958532297251,0.0319634703196347,0.02556958532297251,0.0319634703196347,0.02556958532297251,0.0319634703196347,0.02556958532297251,0.0319634703196347,0.02556958532297251,0.0319634703196347,0.02556958532297251,0.0319634703196347,0.0,0.0,0.0,0.0,0.0,0.0,0.0,0.0,0.0,0.0
vidstg/search/clean/order1/20,vidstg,search,18,clean,order1,20,True,False,0.0,0.0,0.003708199998385631,0.2616279069767442,0.0,0.0,0.0,0.0,0.0,0.0,0.0,0.0,0.003157477226348161,0.22277227722772278,0.0,0.0,-0.003708199998385631,-0.2616279069767442,0.0,0.0,0.0,0.0,0.0,0.0
vidstg/search/clean/order1/21,vidstg,search,10,clean,order1,21,False,False,0.21060959335494117,0.8282208588957055,0.21060959335494117,0.8282208588957055,0.21060959335494117,0.8282208588957055,0.21060959335494117,0.8282208588957055,0.21060959335494117,0.8282208588957055,0.21060959335494117,0.8282208588957055,0.21060959335494117,0.8282208588957055,0.0,0.0,0.0,0.0,0.0,0.0,0.0,0.0,0.0,0.0
vidstg/search/clean/order1/22,vidstg,search,28,clean,order1,22,False,False,0.6508764244362434,0.9043478260869565,0.6508764244362434,0.9043478260869565,0.6508764244362434,0.9043478260869565,0.6508764244362434,0.9043478260869565,0.6508764244362434,0.9043478260869565,0.6508764244362434,0.9043478260869565,0.6508764244362434,0.9043478260869565,0.0,0.0,0.0,0.0,0.0,0.0,0.0,0.0,0.0,0.0
vidstg/search/clean/order1/23,vidstg,search,31,clean,order1,23,False,False,0.0,0.9624664879356568,0.0,0.9624664879356568,0.0,0.9624664879356568,0.0,0.9624664879356568,0.0,0.9624664879356568,0.0,0.9624664879356568,0.0,0.9624664879356568,0.0,0.0,0.0,0.0,0.0,0.0,0.0,0.0,0.0,0.0
vidstg/search/clean/order1/24,vidstg,search,23,clean,order1,24,True,False,0.0,0.0,0.0,0.0,0.0,0.0,0.0,0.0,0.0,0.0,0.0,0.0,0.0,0.0,0.0,0.0,0.0,0.0,0.0,0.0,0.0,0.0,0.0,0.0
vidstg/search/clean/order1/25,vidstg,search,21,clean,order1,25,False,False,0.3115296778517049,0.6597938144329897,0.3115296778517049,0.6597938144329897,0.3115296778517049,0.6597938144329897,0.3115296778517049,0.6597938144329897,0.3115296778517049,0.6597938144329897,0.3115296778517049,0.6597938144329897,0.3115296778517049,0.6597938144329897,0.0,0.0,0.0,0.0,0.0,0.0,0.0,0.0,0.0,0.0
vidstg/search/clean/order1/26,vidstg,search,11,clean,order1,26,False,False,0.6404550711888826,0.84375,0.6404550711888826,0.84375,0.6404550711888826,0.84375,0.6404550711888826,0.84375,0.6404550711888826,0.84375,0.6404550711888826,0.84375,0.6404550711888826,0.84375,0.0,0.0,0.0,0.0,0.0,0.0,0.0,0.0,0.0,0.0
vidstg/search/clean/order1/27,vidstg,search,12,clean,order1,27,False,False,0.12446456667116229,0.3542319749216301,0.12446456667116229,0.3542319749216301,0.12446456667116229,0.3542319749216301,0.12446456667116229,0.3542319749216301,0.12446456667116229,0.3542319749216301,0.12446456667116229,0.3542319749216301,0.12446456667116229,0.3542319749216301,0.0,0.0,0.0,0.0,0.0,0.0,0.0,0.0,0.0,0.0
vidstg/search/clean/order1/28,vidstg,search,29,clean,order1,28,True,False,0.0,0.0,0.0,0.0,0.0,0.0,0.0,0.0,0.0,0.0,0.0,0.0,0.0,0.21899529042386184,0.0,0.0,0.0,0.0,0.0,0.0,0.0,0.0,0.0,0.0
vidstg/search/clean/order1/29,vidstg,search,16,clean,order1,29,False,False,0.00033708757809015254,0.10599078341013825,0.00033708757809015254,0.10599078341013825,0.00033708757809015254,0.10599078341013825,0.00033708757809015254,0.10599078341013825,0.00033708757809015254,0.10599078341013825,0.00033708757809015254,0.10599078341013825,0.00033708757809015254,0.10599078341013825,0.0,0.0,0.0,0.0,0.0,0.0,0.0,0.0,0.0,0.0
vidstg/search/clean/order1/30,vidstg,search,30,clean,order1,30,False,False,0.10261145584432114,0.30414746543778803,0.10261145584432114,0.30414746543778803,0.10261145584432114,0.30414746543778803,0.10261145584432114,0.30414746543778803,0.10261145584432114,0.30414746543778803,0.10261145584432114,0.30414746543778803,0.10261145584432114,0.30414746543778803,0.0,0.0,0.0,0.0,0.0,0.0,0.0,0.0,0.0,0.0
vidstg/search/clean/order1/31,vidstg,search,14,clean,order1,31,False,False,0.0,0.0,0.0,0.0,0.0,0.0,0.0,0.0,0.0,0.0,0.0,0.0,0.0,0.0,0.0,0.0,0.0,0.0,0.0,0.0,0.0,0.0,0.0,0.0
vidstg/search/clean/order2/0,vidstg,search,1,clean,order2,0,True,False,0.0,0.0,0.0,0.0,0.0,0.0,0.0,0.0,0.0,0.0,0.0,0.0,0.0,0.030063291139240507,0.0,0.0,0.0,0.0,0.0,0.0,0.0,0.0,0.0,0.0
vidstg/search/clean/order2/1,vidstg,search,18,clean,order2,1,False,False,0.0,0.0,0.0,0.0,0.0,0.0,0.0,0.0,0.0,0.0,0.0,0.0,0.0,0.0,0.0,0.0,0.0,0.0,0.0,0.0,0.0,0.0,0.0,0.0
vidstg/search/clean/order2/2,vidstg,search,20,clean,order2,2,False,False,0.33366874376347466,0.4742268041237113,0.33366874376347466,0.4742268041237113,0.33366874376347466,0.4742268041237113,0.33366874376347466,0.4742268041237113,0.33366874376347466,0.4742268041237113,0.33366874376347466,0.4742268041237113,0.33366874376347466,0.4742268041237113,0.0,0.0,0.0,0.0,0.0,0.0,0.0,0.0,0.0,0.0
vidstg/search/clean/order2/3,vidstg,search,22,clean,order2,3,False,False,0.4798161511860265,0.6785714285714286,0.4798161511860265,0.6785714285714286,0.4798161511860265,0.6785714285714286,0.4798161511860265,0.6785714285714286,0.4798161511860265,0.6785714285714286,0.4798161511860265,0.6785714285714286,0.4798161511860265,0.6785714285714286,0.0,0.0,0.0,0.0,0.0,0.0,0.0,0.0,0.0,0.0
vidstg/search/clean/order2/4,vidstg,search,10,clean,order2,4,True,False,0.23392829316071984,0.8282208588957055,0.2256231466579724,0.7988165680473372,0.23392829316071984,0.8282208588957055,0.23392829316071984,0.8282208588957055,0.23392829316071984,0.8282208588957055,0.23392829316071984,0.8282208588957055,0.23035868585871672,0.8742857142857143,0.0,0.0,0.00830514650274744,0.029404290848368264,0.0,0.0,0.0,0.0,0.0,0.0
vidstg/search/clean/order2/5,vidstg,search,17,clean,order2,5,False,False,0.02537272666323102,0.3951612903225806,0.02537272666323102,0.3951612903225806,0.02537272666323102,0.3951612903225806,0.02537272666323102,0.3951612903225806,0.02537272666323102,0.3951612903225806,0.02537272666323102,0.3951612903225806,0.02537272666323102,0.3951612903225806,0.0,0.0,0.0,0.0,0.0,0.0,0.0,0.0,0.0,0.0
vidstg/search/clean/order2/6,vidstg,search,16,clean,order2,6,False,False,0.0,0.10599078341013825,0.0,0.10599078341013825,0.0,0.10599078341013825,0.0,0.10599078341013825,0.0,0.10599078341013825,0.0,0.10599078341013825,0.0,0.10599078341013825,0.0,0.0,0.0,0.0,0.0,0.0,0.0,0.0,0.0,0.0
vidstg/search/clean/order2/7,vidstg,search,13,clean,order2,7,False,False,0.024797960231780224,0.0319634703196347,0.024797960231780224,0.0319634703196347,0.024797960231780224,0.0319634703196347,0.024797960231780224,0.0319634703196347,0.024797960231780224,0.0319634703196347,0.024797960231780224,0.0319634703196347,0.024797960231780224,0.0319634703196347,0.0,0.0,0.0,0.0,0.0,0.0,0.0,0.0,0.0,0.0
vidstg/search/clean/order2/8,vidstg,search,15,clean,order2,8,True,False,0.0,0.0,0.004752411989250036,0.009828009828009828,0.0,0.0,0.011424721291644712,0.02457002457002457,0.0489459112178884,0.10526315789473684,0.0,0.0,0.0349418415846517,0.07390300230946882,0.0,0.0,-0.004752411989250036,-0.009828009828009828,0.0,0.0,-0.011424721291644712,-0.02457002457002457,-0.0489459112178884,-0.10526315789473684
vidstg/search/clean/order2/9,vidstg,search,31,clean,order2,9,False,False,0.0,0.9624664879356568,0.0,0.9624664879356568,0.0,0.9624664879356568,0.0,0.9624664879356568,0.0,0.9624664879356568,0.0,0.9624664879356568,0.0,0.9624664879356568,0.0,0.0,0.0,0.0,0.0,0.0,0.0,0.0,0.0,0.0
vidstg/search/clean/order2/10,vidstg,search,23,clean,order2,10,False,False,0.0,0.0,0.0,0.0,0.0,0.0,0.0,0.0,0.0,0.0,0.0,0.0,0.0,0.0,0.0,0.0,0.0,0.0,0.0,0.0,0.0,0.0,0.0,0.0
vidstg/search/clean/order2/11,vidstg,search,28,clean,order2,11,False,False,0.6384556378804741,0.9043478260869565,0.6384556378804741,0.9043478260869565,0.6384556378804741,0.9043478260869565,0.6384556378804741,0.9043478260869565,0.6384556378804741,0.9043478260869565,0.6384556378804741,0.9043478260869565,0.6384556378804741,0.9043478260869565,0.0,0.0,0.0,0.0,0.0,0.0,0.0,0.0,0.0,0.0
vidstg/search/clean/order2/12,vidstg,search,30,clean,order2,12,True,False,0.1045728574734866,0.30414746543778803,0.1106941954719346,0.32195121951219513,0.1106941954719346,0.32195121951219513,0.1045728574734866,0.30414746543778803,0.1106941954719346,0.32195121951219513,0.1045728574734866,0.30414746543778803,0.11967934700324671,0.35944700460829493,0.0,0.0,-0.006121337998447995,-0.017803754074407097,-0.006121337998447995,-0.017803754074407097,0.0,0.0,-0.006121337998447995,-0.017803754074407097
vidstg/search/clean/order2/13,vidstg,search,21,clean,order2,13,False,False,0.32102222144192477,0.6597938144329897,0.32102222144192477,0.6597938144329897,0.32102222144192477,0.6597938144329897,0.32102222144192477,0.6597938144329897,0.32102222144192477,0.6597938144329897,0.32102222144192477,0.6597938144329897,0.32102222144192477,0.6597938144329897,0.0,0.0,0.0,0.0,0.0,0.0,0.0,0.0,0.0,0.0
vidstg/search/clean/order2/14,vidstg,search,4,clean,order2,14,False,False,0.22141029077106109,0.5048543689320388,0.22141029077106109,0.5048543689320388,0.22141029077106109,0.5048543689320388,0.22141029077106109,0.5048543689320388,0.22141029077106109,0.5048543689320388,0.22141029077106109,0.5048543689320388,0.22141029077106109,0.5048543689320388,0.0,0.0,0.0,0.0,0.0,0.0,0.0,0.0,0.0,0.0
vidstg/search/clean/order2/15,vidstg,search,26,clean,order2,15,False,False,0.2458568220435733,0.6744904261890056,0.2458568220435733,0.6744904261890056,0.2458568220435733,0.6744904261890056,0.2458568220435733,0.6744904261890056,0.2458568220435733,0.6744904261890056,0.2458568220435733,0.6744904261890056,0.2458568220435733,0.6744904261890056,0.0,0.0,0.0,0.0,0.0,0.0,0.0,0.0,0.0,0.0
vidstg/search/clean/order2/16,vidstg,search,11,clean,order2,16,True,False,0.6461317897736559,0.84375,0.544110980862026,0.7105263157894737,0.6461317897736559,0.84375,0.6461317897736559,0.84375,0.6461317897736559,0.84375,0.6461317897736559,0.84375,0.03434587586836709,0.044850498338870434,0.0,0.0,0.1020208089116299,0.13322368421052633,0.0,0.0,0.0,0.0,0.0,0.0
vidstg/search/clean/order2/17,vidstg,search,14,clean,order2,17,False,False,0.0,0.0,0.0,0.0,0.0,0.0,0.0,0.0,0.0,0.0,0.0,0.0,0.0,0.0,0.0,0.0,0.0,0.0,0.0,0.0,0.0,0.0,0.0,0.0
vidstg/search/clean/order2/18,vidstg,search,27,clean,order2,18,False,False,0.0,0.0,0.0,0.0,0.0,0.0,0.0,0.0,0.0,0.0,0.0,0.0,0.0,0.0,0.0,0.0,0.0,0.0,0.0,0.0,0.0,0.0,0.0,0.0
vidstg/search/clean/order2/19,vidstg,search,0,clean,order2,19,False,False,0.014056810864065033,0.144136078782453,0.014056810864065033,0.144136078782453,0.014056810864065033,0.144136078782453,0.014056810864065033,0.144136078782453,0.014056810864065033,0.144136078782453,0.014056810864065033,0.144136078782453,0.014056810864065033,0.144136078782453,0.0,0.0,0.0,0.0,0.0,0.0,0.0,0.0,0.0,0.0
vidstg/search/clean/order2/20,vidstg,search,19,clean,order2,20,True,False,0.6186579433562018,0.8607142857142858,0.569816526775449,0.7927631578947368,0.661161160838689,0.9198473282442748,0.6186579433562018,0.8607142857142858,0.661161160838689,0.9198473282442748,0.661161160838689,0.9198473282442748,0.3892679194151383,0.5415730337078651,0.0425032174824872,0.05913304252998908,0.09134463406324,0.127084170349538,0.0,0.0,0.0425032174824872,0.05913304252998908,0.0,0.0
vidstg/search/clean/order2/21,vidstg,search,12,clean,order2,21,False,False,0.07810388784650811,0.3542319749216301,0.07810388784650811,0.3542319749216301,0.07810388784650811,0.3542319749216301,0.07810388784650811,0.3542319749216301,0.07810388784650811,0.3542319749216301,0.07810388784650811,0.3542319749216301,0.07810388784650811,0.3542319749216301,0.0,0.0,0.0,0.0,0.0,0.0,0.0,0.0,0.0,0.0
vidstg/search/clean/order2/22,vidstg,search,8,clean,order2,22,False,False,0.09131824358154741,0.7858942065491183,0.09131824358154741,0.7858942065491183,0.09131824358154741,0.7858942065491183,0.09131824358154741,0.7858942065491183,0.09131824358154741,0.7858942065491183,0.09131824358154741,0.7858942065491183,0.09131824358154741,0.7858942065491183,0.0,0.0,0.0,0.0,0.0,0.0,0.0,0.0,0.0,0.0
vidstg/search/clean/order2/23,vidstg,search,24,clean,order2,23,False,False,0.013304601005808025,0.7376093294460642,0.013304601005808025,0.7376093294460642,0.013304601005808025,0.7376093294460642,0.013304601005808025,0.7376093294460642,0.013304601005808025,0.7376093294460642,0.013304601005808025,0.7376093294460642,0.013304601005808025,0.7376093294460642,0.0,0.0,0.0,0.0,0.0,0.0,0.0,0.0,0.0,0.0
vidstg/search/clean/order2/24,vidstg,search,3,clean,order2,24,True,False,0.2364944418398495,0.37888198757763975,0.2364944418398495,0.37888198757763975,0.3021873423509188,0.48412698412698413,0.22937111527840826,0.3674698795180723,0.3021873423509188,0.48412698412698413,0.1299776506508852,0.19254658385093168,0.26029561406273716,0.4897959183673469,-0.10651679118896429,-0.18633540372670807,-0.10651679118896429,-0.18633540372670807,-0.1722096917000336,-0.2915804002760525,-0.09939346462752305,-0.17492329566714063,-0.1722096917000336,-0.2915804002760525
vidstg/search/clean/order2/25,vidstg,search,5,clean,order2,25,False,False,0.4132158165378638,0.6312056737588653,0.4132158165378638,0.6312056737588653,0.4132158165378638,0.6312056737588653,0.4132158165378638,0.6312056737588653,0.4132158165378638,0.6312056737588653,0.4132158165378638,0.6312056737588653,0.4132158165378638,0.6312056737588653,0.0,0.0,0.0,0.0,0.0,0.0,0.0,0.0,0.0,0.0
vidstg/search/clean/order2/26,vidstg,search,2,clean,order2,26,False,False,0.39172955186689934,0.919047619047619,0.39172955186689934,0.919047619047619,0.39172955186689934,0.919047619047619,0.39172955186689934,0.919047619047619,0.39172955186689934,0.919047619047619,0.39172955186689934,0.919047619047619,0.39172955186689934,0.919047619047619,0.0,0.0,0.0,0.0,0.0,0.0,0.0,0.0,0.0,0.0
vidstg/search/clean/order2/27,vidstg,search,7,clean,order2,27,False,False,0.0,0.0,0.0,0.0,0.0,0.0,0.0,0.0,0.0,0.0,0.0,0.0,0.0,0.0,0.0,0.0,0.0,0.0,0.0,0.0,0.0,0.0,0.0,0.0
vidstg/search/clean/order2/28,vidstg,search,6,clean,order2,28,True,False,0.4487469209534772,0.5986842105263158,0.7665127553539378,0.9733333333333334,0.6387356476095247,0.8223684210526315,0.21025340645842516,0.2671232876712329,0.6387356476095247,0.8223684210526315,0.32480729516632634,0.43333333333333335,0.07019347576501261,0.08913308913308914,-0.12393962578715084,-0.16535087719298247,-0.4417054601876115,-0.54,-0.3139283524431984,-0.3890350877192982,0.11455388870790117,0.16621004566210046,-0.3139283524431984,-0.3890350877192982
vidstg/search/clean/order2/29,vidstg,search,9,clean,order2,29,False,False,0.06847092869118895,0.32941176470588235,0.06847092869118895,0.32941176470588235,0.06847092869118895,0.32941176470588235,0.06847092869118895,0.32941176470588235,0.06847092869118895,0.32941176470588235,0.06847092869118895,0.32941176470588235,0.06847092869118895,0.32941176470588235,0.0,0.0,0.0,0.0,0.0,0.0,0.0,0.0,0.0,0.0
vidstg/search/clean/order2/30,vidstg,search,25,clean,order2,30,False,False,0.08464559316537847,0.11174785100286533,0.08464559316537847,0.11174785100286533,0.08464559316537847,0.11174785100286533,0.08464559316537847,0.11174785100286533,0.08464559316537847,0.11174785100286533,0.08464559316537847,0.11174785100286533,0.08464559316537847,0.11174785100286533,0.0,0.0,0.0,0.0,0.0,0.0,0.0,0.0,0.0,0.0
vidstg/search/clean/order2/31,vidstg,search,29,clean,order2,31,False,False,0.0,0.0,0.0,0.0,0.0,0.0,0.0,0.0,0.0,0.0,0.0,0.0,0.0,0.0,0.0,0.0,0.0,0.0,0.0,0.0,0.0,0.0,0.0,0.0
vidstg/search/frame_drop_5/order1/0,vidstg,search,8,frame_drop_5,order1,0,True,False,0.09946066249002627,0.8161209068010076,0.10744998081102573,0.8463476070528967,0.10744998081102573,0.8463476070528967,0.10744998081102573,0.8463476070528967,0.10744998081102573,0.8463476070528967,0.10744998081102573,0.8463476070528967,0.13549762820411645,0.967741935483871,0.007989318320999458,0.030226700251889116,0.0,0.0,0.0,0.0,0.0,0.0,0.0,0.0
vidstg/search/frame_drop_5/order1/1,vidstg,search,15,frame_drop_5,order1,1,False,False,0.0,0.0,0.0,0.0,0.0,0.0,0.0,0.0,0.0,0.0,0.0,0.0,0.0,0.0,0.0,0.0,0.0,0.0,0.0,0.0,0.0,0.0,0.0,0.0
vidstg/search/frame_drop_5/order1/2,vidstg,search,19,frame_drop_5,order1,2,False,False,0.1719149008184836,0.2648221343873518,0.1719149008184836,0.2648221343873518,0.1719149008184836,0.2648221343873518,0.1719149008184836,0.2648221343873518,0.1719149008184836,0.2648221343873518,0.1719149008184836,0.2648221343873518,0.1719149008184836,0.2648221343873518,0.0,0.0,0.0,0.0,0.0,0.0,0.0,0.0,0.0,0.0
vidstg/search/frame_drop_5/order1/3,vidstg,search,27,frame_drop_5,order1,3,False,False,0.14280168126473083,0.5619834710743802,0.14280168126473083,0.5619834710743802,0.14280168126473083,0.5619834710743802,0.14280168126473083,0.5619834710743802,0.14280168126473083,0.5619834710743802,0.14280168126473083,0.5619834710743802,0.14280168126473083,0.5619834710743802,0.0,0.0,0.0,0.0,0.0,0.0,0.0,0.0,0.0,0.0
vidstg/search/frame_drop_5/order1/4,vidstg,search,7,frame_drop_5,order1,4,True,False,0.0,0.0,0.0,0.0,0.0,0.0,0.0051041639259189146,0.11,0.007975256134248303,0.171875,0.0,0.0,0.001803591493257567,0.038869257950530034,0.0,0.0,0.0,0.0,0.0,0.0,-0.0051041639259189146,-0.11,-0.007975256134248303,-0.171875
vidstg/search/frame_drop_5/order1/5,vidstg,search,1,frame_drop_5,order1,5,False,False,0.0,0.0,0.0,0.0,0.0,0.0,0.0,0.0,0.0,0.0,0.0,0.0,0.0,0.0,0.0,0.0,0.0,0.0,0.0,0.0,0.0,0.0,0.0,0.0
vidstg/search/frame_drop_5/order1/6,vidstg,search,25,frame_drop_5,order1,6,False,False,0.31633966401165425,0.42857142857142855,0.31633966401165425,0.42857142857142855,0.31633966401165425,0.42857142857142855,0.31633966401165425,0.42857142857142855,0.31633966401165425,0.42857142857142855,0.31633966401165425,0.42857142857142855,0.31633966401165425,0.42857142857142855,0.0,0.0,0.0,0.0,0.0,0.0,0.0,0.0,0.0,0.0
vidstg/search/frame_drop_5/order1/7,vidstg,search,3,frame_drop_5,order1,7,False,False,0.0036910298800096994,0.00641025641025641,0.0036910298800096994,0.00641025641025641,0.0036910298800096994,0.00641025641025641,0.0036910298800096994,0.00641025641025641,0.0036910298800096994,0.00641025641025641,0.0036910298800096994,0.00641025641025641,0.0036910298800096994,0.00641025641025641,0.0,0.0,0.0,0.0,0.0,0.0,0.0,0.0,0.0,0.0
vidstg/search/frame_drop_5/order1/8,vidstg,search,4,frame_drop_5,order1,8,True,False,0.14801808521616683,0.5048543689320388,0.06720724245987138,0.2251655629139073,0.14801808521616683,0.5048543689320388,0.14801808521616683,0.5048543689320388,0.14801808521616683,0.5048543689320388,0.14801808521616683,0.5048543689320388,0.11235477263364632,0.39378238341968913,0.0,0.0,0.08081084275629545,0.2796888060181315,0.0,0.0,0.0,0.0,0.0,0.0
vidstg/search/frame_drop_5/order1/9,vidstg,search,6,frame_drop_5,order1,9,False,False,0.4093790559151475,0.5986842105263158,0.4093790559151475,0.5986842105263158,0.4093790559151475,0.5986842105263158,0.4093790559151475,0.5986842105263158,0.4093790559151475,0.5986842105263158,0.4093790559151475,0.5986842105263158,0.4093790559151475,0.5986842105263158,0.0,0.0,0.0,0.0,0.0,0.0,0.0,0.0,0.0,0.0
vidstg/search/frame_drop_5/order1/10,vidstg,search,20,frame_drop_5,order1,10,False,False,0.2735855263581966,0.4742268041237113,0.2735855263581966,0.4742268041237113,0.2735855263581966,0.4742268041237113,0.2735855263581966,0.4742268041237113,0.2735855263581966,0.4742268041237113,0.2735855263581966,0.4742268041237113,0.2735855263581966,0.4742268041237113,0.0,0.0,0.0,0.0,0.0,0.0,0.0,0.0,0.0,0.0
vidstg/search/frame_drop_5/order1/11,vidstg,search,17,frame_drop_5,order1,11,False,False,0.0405306296178974,0.25,0.0405306296178974,0.25,0.0405306296178974,0.25,0.0405306296178974,0.25,0.0405306296178974,0.25,0.0405306296178974,0.25,0.0405306296178974,0.25,0.0,0.0,0.0,0.0,0.0,0.0,0.0,0.0,0.0,0.0
vidstg/search/frame_drop_5/order1/12,vidstg,search,24,frame_drop_5,order1,12,True,False,0.0005428389179922216,0.3177842565597668,0.0005701999306633481,0.7376093294460642,0.0005701999306633482,0.8775510204081632,0.0005603686202473502,0.5102040816326531,0.0005701999306633482,0.8775510204081632,0.0005428389179922216,0.3177842565597668,0.0005603970665258695,0.9828080229226361,0.0,0.0,-2.736101267112646e-05,-0.4198250728862974,-2.736101267112657e-05,-0.5597667638483965,-1.7529702255128575e-05,-0.1924198250728863,-2.736101267112657e-05,-0.5597667638483965
vidstg/search/frame_drop_5/order1/13,vidstg,search,2,frame_drop_5,order1,13,False,False,0.12212823191269072,0.46190476190476193,0.12212823191269072,0.46190476190476193,0.12212823191269072,0.46190476190476193,0.12212823191269072,0.46190476190476193,0.12212823191269072,0.46190476190476193,0.12212823191269072,0.46190476190476193,0.12212823191269072,0.46190476190476193,0.0,0.0,0.0,0.0,0.0,0.0,0.0,0.0,0.0,0.0
vidstg/search/frame_drop_5/order1/14,vidstg,search,0,frame_drop_5,order1,14,False,False,0.02744792501185828,0.144136078782453,0.02744792501185828,0.144136078782453,0.02744792501185828,0.144136078782453,0.02744792501185828,0.144136078782453,0.02744792501185828,0.144136078782453,0.02744792501185828,0.144136078782453,0.02744792501185828,0.144136078782453,0.0,0.0,0.0,0.0,0.0,0.0,0.0,0.0,0.0,0.0
vidstg/search/frame_drop_5/order1/15,vidstg,search,9,frame_drop_5,order1,15,False,False,0.05568265132701923,0.390625,0.05568265132701923,0.390625,0.05568265132701923,0.390625,0.05568265132701923,0.390625,0.05568265132701923,0.390625,0.05568265132701923,0.390625,0.05568265132701923,0.390625,0.0,0.0,0.0,0.0,0.0,0.0,0.0,0.0,0.0,0.0
vidstg/search/frame_drop_5/order1/16,vidstg,search,26,frame_drop_5,order1,16,True,False,0.23703491670075946,0.6744904261890056,0.26038272310722926,0.8486720197652872,0.23703491670075946,0.6744904261890056,0.234367250779013,0.6731352334748333,0.234367250779013,0.6731352334748333,0.231005138394855,0.6634787806335923,0.22607782723736936,0.6993520518358531,-0.006029778305904454,-0.01101164555541323,-0.029377584712374255,-0.18519323913169483,-0.006029778305904454,-0.01101164555541323,-0.0033621123841579836,-0.009656452841240948,-0.0033621123841579836,-0.009656452841240948
vidstg/search/frame_drop_5/order1/17,vidstg,search,22,frame_drop_5,order1,17,False,False,0.4826033549786981,0.6785714285714286,0.4826033549786981,0.6785714285714286,0.4826033549786981,0.6785714285714286,0.4826033549786981,0.6785714285714286,0.4826033549786981,0.6785714285714286,0.4826033549786981,0.6785714285714286,0.4826033549786981,0.6785714285714286,0.0,0.0,0.0,0.0,0.0,0.0,0.0,0.0,0.0,0.0
vidstg/search/frame_drop_5/order1/18,vidstg,search,5,frame_drop_5,order1,18,False,False,0.40872148545807263,0.6312056737588653,0.40872148545807263,0.6312056737588653,0.40872148545807263,0.6312056737588653,0.40872148545807263,0.6312056737588653,0.40872148545807263,0.6312056737588653,0.40872148545807263,0.6312056737588653,0.40872148545807263,0.6312056737588653,0.0,0.0,0.0,0.0,0.0,0.0,0.0,0.0,0.0,0.0
vidstg/search/frame_drop_5/order1/19,vidstg,search,13,frame_drop_5,order1,19,False,False,0.03285663994750834,0.05448717948717949,0.03285663994750834,0.05448717948717949,0.03285663994750834,0.05448717948717949,0.03285663994750834,0.05448717948717949,0.03285663994750834,0.05448717948717949,0.03285663994750834,0.05448717948717949,0.03285663994750834,0.05448717948717949,0.0,0.0,0.0,0.0,0.0,0.0,0.0,0.0,0.0,0.0
vidstg/search/frame_drop_5/order1/20,vidstg,search,18,frame_drop_5,order1,20,True,False,0.0,0.0,0.004384360846542441,0.2616279069767442,0.0,0.0,0.0,0.0,0.0,0.0,0.0,0.0,0.00373321814656089,0.22277227722772278,0.0,0.0,-0.004384360846542441,-0.2616279069767442,0.0,0.0,0.0,0.0,0.0,0.0
vidstg/search/frame_drop_5/order1/21,vidstg,search,10,frame_drop_5,order1,21,False,False,0.21650889554464392,0.7914110429447853,0.21650889554464392,0.7914110429447853,0.21650889554464392,0.7914110429447853,0.21650889554464392,0.7914110429447853,0.21650889554464392,0.7914110429447853,0.21650889554464392,0.7914110429447853,0.21650889554464392,0.7914110429447853,0.0,0.0,0.0,0.0,0.0,0.0,0.0,0.0,0.0,0.0
vidstg/search/frame_drop_5/order1/22,vidstg,search,28,frame_drop_5,order1,22,False,False,0.5989217511583381,0.8521739130434782,0.5989217511583381,0.8521739130434782,0.5989217511583381,0.8521739130434782,0.5989217511583381,0.8521739130434782,0.5989217511583381,0.8521739130434782,0.5989217511583381,0.8521739130434782,0.5989217511583381,0.8521739130434782,0.0,0.0,0.0,0.0,0.0,0.0,0.0,0.0,0.0,0.0
vidstg/search/frame_drop_5/order1/23,vidstg,search,31,frame_drop_5,order1,23,False,False,0.0,0.8921832884097035,0.0,0.8921832884097035,0.0,0.8921832884097035,0.0,0.8921832884097035,0.0,0.8921832884097035,0.0,0.8921832884097035,0.0,0.8921832884097035,0.0,0.0,0.0,0.0,0.0,0.0,0.0,0.0,0.0,0.0
vidstg/search/frame_drop_5/order1/24,vidstg,search,23,frame_drop_5,order1,24,True,False,0.0,0.0,0.0,0.0,0.0,0.0,0.0,0.0,0.0,0.0,0.0,0.0,0.0,0.0,0.0,0.0,0.0,0.0,0.0,0.0,0.0,0.0,0.0,0.0
vidstg/search/frame_drop_5/order1/25,vidstg,search,21,frame_drop_5,order1,25,False,False,0.32122048829306177,0.810126582278481,0.32122048829306177,0.810126582278481,0.32122048829306177,0.810126582278481,0.32122048829306177,0.810126582278481,0.32122048829306177,0.810126582278481,0.32122048829306177,0.810126582278481,0.32122048829306177,0.810126582278481,0.0,0.0,0.0,0.0,0.0,0.0,0.0,0.0,0.0,0.0
vidstg/search/frame_drop_5/order1/26,vidstg,search,11,frame_drop_5,order1,26,False,False,0.6501743246686493,0.84375,0.6501743246686493,0.84375,0.6501743246686493,0.84375,0.6501743246686493,0.84375,0.6501743246686493,0.84375,0.6501743246686493,0.84375,0.6501743246686493,0.84375,0.0,0.0,0.0,0.0,0.0,0.0,0.0,0.0,0.0,0.0
vidstg/search/frame_drop_5/order1/27,vidstg,search,12,frame_drop_5,order1,27,False,False,0.3412405603387737,0.7593984962406015,0.3412405603387737,0.7593984962406015,0.3412405603387737,0.7593984962406015,0.3412405603387737,0.7593984962406015,0.3412405603387737,0.7593984962406015,0.3412405603387737,0.7593984962406015,0.3412405603387737,0.7593984962406015,0.0,0.0,0.0,0.0,0.0,0.0,0.0,0.0,0.0,0.0
vidstg/search/frame_drop_5/order1/28,vidstg,search,29,frame_drop_5,order1,28,True,False,0.0,0.0,0.0,0.0,0.0,0.0,0.0,0.0,0.0,0.0,0.0,0.0,0.0,0.2237048665620094,0.0,0.0,0.0,0.0,0.0,0.0,0.0,0.0,0.0,0.0
vidstg/search/frame_drop_5/order1/29,vidstg,search,16,frame_drop_5,order1,29,False,False,9.805126598928804e-05,0.10043668122270742,9.805126598928804e-05,0.10043668122270742,9.805126598928804e-05,0.10043668122270742,9.805126598928804e-05,0.10043668122270742,9.805126598928804e-05,0.10043668122270742,9.805126598928804e-05,0.10043668122270742,9.805126598928804e-05,0.10043668122270742,0.0,0.0,0.0,0.0,0.0,0.0,0.0,0.0,0.0,0.0
vidstg/search/frame_drop_5/order1/30,vidstg,search,30,frame_drop_5,order1,30,False,False,0.12028359442236838,0.22748815165876776,0.12028359442236838,0.22748815165876776,0.12028359442236838,0.22748815165876776,0.12028359442236838,0.22748815165876776,0.12028359442236838,0.22748815165876776,0.12028359442236838,0.22748815165876776,0.12028359442236838,0.22748815165876776,0.0,0.0,0.0,0.0,0.0,0.0,0.0,0.0,0.0,0.0
vidstg/search/frame_drop_5/order1/31,vidstg,search,14,frame_drop_5,order1,31,False,False,0.0,0.0,0.0,0.0,0.0,0.0,0.0,0.0,0.0,0.0,0.0,0.0,0.0,0.0,0.0,0.0,0.0,0.0,0.0,0.0,0.0,0.0,0.0,0.0
vidstg/search/frame_drop_5/order2/0,vidstg,search,1,frame_drop_5,order2,0,True,False,0.0,0.0,0.0,0.0,0.0,0.0,0.0,0.0,0.0,0.0,0.0,0.0,0.0,0.030063291139240507,0.0,0.0,0.0,0.0,0.0,0.0,0.0,0.0,0.0,0.0
vidstg/search/frame_drop_5/order2/1,vidstg,search,18,frame_drop_5,order2,1,False,False,0.0,0.0,0.0,0.0,0.0,0.0,0.0,0.0,0.0,0.0,0.0,0.0,0.0,0.0,0.0,0.0,0.0,0.0,0.0,0.0,0.0,0.0,0.0,0.0
vidstg/search/frame_drop_5/order2/2,vidstg,search,20,frame_drop_5,order2,2,False,False,0.3347822730599365,0.4742268041237113,0.3347822730599365,0.4742268041237113,0.3347822730599365,0.4742268041237113,0.3347822730599365,0.4742268041237113,0.3347822730599365,0.4742268041237113,0.3347822730599365,0.4742268041237113,0.3347822730599365,0.4742268041237113,0.0,0.0,0.0,0.0,0.0,0.0,0.0,0.0,0.0,0.0
vidstg/search/frame_drop_5/order2/3,vidstg,search,22,frame_drop_5,order2,3,False,False,0.47802111917033324,0.6785714285714286,0.47802111917033324,0.6785714285714286,0.47802111917033324,0.6785714285714286,0.47802111917033324,0.6785714285714286,0.47802111917033324,0.6785714285714286,0.47802111917033324,0.6785714285714286,0.47802111917033324,0.6785714285714286,0.0,0.0,0.0,0.0,0.0,0.0,0.0,0.0,0.0,0.0
vidstg/search/frame_drop_5/order2/4,vidstg,search,10,frame_drop_5,order2,4,True,False,0.23438000788830998,0.7914110429447853,0.226058824176299,0.7633136094674556,0.23438000788830998,0.7914110429447853,0.23438000788830998,0.7914110429447853,0.23438000788830998,0.7914110429447853,0.23438000788830998,0.7914110429447853,0.2373266195900297,0.8742857142857143,0.0,0.0,0.008321183712010988,0.028097433477329625,0.0,0.0,0.0,0.0,0.0,0.0
vidstg/search/frame_drop_5/order2/5,vidstg,search,17,frame_drop_5,order2,5,False,False,0.037372201126482416,0.25,0.037372201126482416,0.25,0.037372201126482416,0.25,0.037372201126482416,0.25,0.037372201126482416,0.25,0.037372201126482416,0.25,0.037372201126482416,0.25,0.0,0.0,0.0,0.0,0.0,0.0,0.0,0.0,0.0,0.0
vidstg/search/frame_drop_5/order2/6,vidstg,search,16,frame_drop_5,order2,6,False,False,6.947236557322626e-05,0.10043668122270742,6.947236557322626e-05,0.10043668122270742,6.947236557322626e-05,0.10043668122270742,6.947236557322626e-05,0.10043668122270742,6.947236557322626e-05,0.10043668122270742,6.947236557322626e-05,0.10043668122270742,6.947236557322626e-05,0.10043668122270742,0.0,0.0,0.0,0.0,0.0,0.0,0.0,0.0,0.0,0.0
vidstg/search/frame_drop_5/order2/7,vidstg,search,13,frame_drop_5,order2,7,False,False,0.032955147806518176,0.05448717948717949,0.032955147806518176,0.05448717948717949,0.032955147806518176,0.05448717948717949,0.032955147806518176,0.05448717948717949,0.032955147806518176,0.05448717948717949,0.032955147806518176,0.05448717948717949,0.032955147806518176,0.05448717948717949,0.0,0.0,0.0,0.0,0.0,0.0,0.0,0.0,0.0,0.0
vidstg/search/frame_drop_5/order2/8,vidstg,search,15,frame_drop_5,order2,8,True,False,0.0,0.0,0.004681927397274193,0.009828009828009828,0.0,0.0,0.011241486972606263,0.02457002457002457,0.04816089681948157,0.10526315789473684,0.0,0.0,0.03438051374748013,0.07390300230946882,0.0,0.0,-0.004681927397274193,-0.009828009828009828,0.0,0.0,-0.011241486972606263,-0.02457002457002457,-0.04816089681948157,-0.10526315789473684
vidstg/search/frame_drop_5/order2/9,vidstg,search,31,frame_drop_5,order2,9,False,False,0.0,0.8921832884097035,0.0,0.8921832884097035,0.0,0.8921832884097035,0.0,0.8921832884097035,0.0,0.8921832884097035,0.0,0.8921832884097035,0.0,0.8921832884097035,0.0,0.0,0.0,0.0,0.0,0.0,0.0,0.0,0.0,0.0
vidstg/search/frame_drop_5/order2/10,vidstg,search,23,frame_drop_5,order2,10,False,False,0.0,0.0,0.0,0.0,0.0,0.0,0.0,0.0,0.0,0.0,0.0,0.0,0.0,0.0,0.0,0.0,0.0,0.0,0.0,0.0,0.0,0.0,0.0,0.0
vidstg/search/frame_drop_5/order2/11,vidstg,search,28,frame_drop_5,order2,11,False,False,0.5983238595553105,0.8521739130434782,0.5983238595553105,0.8521739130434782,0.5983238595553105,0.8521739130434782,0.5983238595553105,0.8521739130434782,0.5983238595553105,0.8521739130434782,0.5983238595553105,0.8521739130434782,0.5983238595553105,0.8521739130434782,0.0,0.0,0.0,0.0,0.0,0.0,0.0,0.0,0.0,0.0
vidstg/search/frame_drop_5/order2/12,vidstg,search,30,frame_drop_5,order2,12,True,False,0.08022881931452022,0.22748815165876776,0.10864907556873174,0.3127962085308057,0.10864907556873174,0.3127962085308057,0.10864907556873174,0.3127962085308057,0.10864907556873174,0.3127962085308057,0.08022881931452022,0.22748815165876776,0.1208009964463142,0.35944700460829493,0.0,0.0,-0.028420256254211518,-0.08530805687203794,-0.028420256254211518,-0.08530805687203794,-0.028420256254211518,-0.08530805687203794,-0.028420256254211518,-0.08530805687203794
vidstg/search/frame_drop_5/order2/13,vidstg,search,21,frame_drop_5,order2,13,False,False,0.37820660267878237,0.810126582278481,0.37820660267878237,0.810126582278481,0.37820660267878237,0.810126582278481,0.37820660267878237,0.810126582278481,0.37820660267878237,0.810126582278481,0.37820660267878237,0.810126582278481,0.37820660267878237,0.810126582278481,0.0,0.0,0.0,0.0,0.0,0.0,0.0,0.0,0.0,0.0
vidstg/search/frame_drop_5/order2/14,vidstg,search,4,frame_drop_5,order2,14,False,False,0.20654456139300734,0.5048543689320388,0.20654456139300734,0.5048543689320388,0.20654456139300734,0.5048543689320388,0.20654456139300734,0.5048543689320388,0.20654456139300734,0.5048543689320388,0.20654456139300734,0.5048543689320388,0.20654456139300734,0.5048543689320388,0.0,0.0,0.0,0.0,0.0,0.0,0.0,0.0,0.0,0.0
vidstg/search/frame_drop_5/order2/15,vidstg,search,26,frame_drop_5,order2,15,False,False,0.2506604781645248,0.6744904261890056,0.2506604781645248,0.6744904261890056,0.2506604781645248,0.6744904261890056,0.2506604781645248,0.6744904261890056,0.2506604781645248,0.6744904261890056,0.2506604781645248,0.6744904261890056,0.2506604781645248,0.6744904261890056,0.0,0.0,0.0,0.0,0.0,0.0,0.0,0.0,0.0,0.0
vidstg/search/frame_drop_5/order2/16,vidstg,search,11,frame_drop_5,order2,16,True,False,0.6482104386674725,0.84375,0.5458614220357664,0.7105263157894737,0.6482104386674725,0.84375,0.6482104386674725,0.84375,0.6482104386674725,0.84375,0.6482104386674725,0.84375,0.03445636883282246,0.044850498338870434,0.0,0.0,0.10234901663170615,0.13322368421052633,0.0,0.0,0.0,0.0,0.0,0.0
vidstg/search/frame_drop_5/order2/17,vidstg,search,14,frame_drop_5,order2,17,False,False,0.0,0.0,0.0,0.0,0.0,0.0,0.0,0.0,0.0,0.0,0.0,0.0,0.0,0.0,0.0,0.0,0.0,0.0,0.0,0.0,0.0,0.0,0.0,0.0
vidstg/search/frame_drop_5/order2/18,vidstg,search,27,frame_drop_5,order2,18,False,False,0.164673468966136,0.5619834710743802,0.164673468966136,0.5619834710743802,0.164673468966136,0.5619834710743802,0.164673468966136,0.5619834710743802,0.164673468966136,0.5619834710743802,0.164673468966136,0.5619834710743802,0.164673468966136,0.5619834710743802,0.0,0.0,0.0,0.0,0.0,0.0,0.0,0.0,0.0,0.0
vidstg/search/frame_drop_5/order2/19,vidstg,search,0,frame_drop_5,order2,19,False,False,0.01604782721022382,0.144136078782453,0.01604782721022382,0.144136078782453,0.01604782721022382,0.144136078782453,0.01604782721022382,0.144136078782453,0.01604782721022382,0.144136078782453,0.01604782721022382,0.144136078782453,0.01604782721022382,0.144136078782453,0.0,0.0,0.0,0.0,0.0,0.0,0.0,0.0,0.0,0.0
vidstg/search/frame_drop_5/order2/20,vidstg,search,19,frame_drop_5,order2,20,True,False,0.17889018450460237,0.2648221343873518,0.6765207112704084,0.94140625,0.18651714329901095,0.2766798418972332,0.19410775132950764,0.2885375494071146,0.19410775132950764,0.2885375494071146,0.17889018450460237,0.2648221343873518,0.3918310001928157,0.5452488687782805,0.0,0.0,-0.497630526765806,-0.6765841156126482,-0.007626958794408584,-0.01185770750988141,-0.015217566824905271,-0.02371541501976282,-0.015217566824905271,-0.02371541501976282
vidstg/search/frame_drop_5/order2/21,vidstg,search,12,frame_drop_5,order2,21,False,False,0.163137200478463,0.7593984962406015,0.163137200478463,0.7593984962406015,0.163137200478463,0.7593984962406015,0.163137200478463,0.7593984962406015,0.163137200478463,0.7593984962406015,0.163137200478463,0.7593984962406015,0.163137200478463,0.7593984962406015,0.0,0.0,0.0,0.0,0.0,0.0,0.0,0.0,0.0,0.0
vidstg/search/frame_drop_5/order2/22,vidstg,search,8,frame_drop_5,order2,22,False,False,0.09208895910948711,0.8161209068010076,0.09208895910948711,0.8161209068010076,0.09208895910948711,0.8161209068010076,0.09208895910948711,0.8161209068010076,0.09208895910948711,0.8161209068010076,0.09208895910948711,0.8161209068010076,0.09208895910948711,0.8161209068010076,0.0,0.0,0.0,0.0,0.0,0.0,0.0,0.0,0.0,0.0
vidstg/search/frame_drop_5/order2/23,vidstg,search,24,frame_drop_5,order2,23,False,False,0.002231294389619783,0.3177842565597668,0.002231294389619783,0.3177842565597668,0.002231294389619783,0.3177842565597668,0.002231294389619783,0.3177842565597668,0.002231294389619783,0.3177842565597668,0.002231294389619783,0.3177842565597668,0.002231294389619783,0.3177842565597668,0.0,0.0,0.0,0.0,0.0,0.0,0.0,0.0,0.0,0.0
vidstg/search/frame_drop_5/order2/24,vidstg,search,3,frame_drop_5,order2,24,True,False,0.004418078307100882,0.00641025641025641,0.06356513741148766,0.1346153846153846,0.07869969393803235,0.16666666666666666,0.05973591226621732,0.12650602409638553,0.08548415031200064,0.1810344827586207,0.0,0.0,0.22904088153844085,0.4897959183673469,-0.004418078307100882,-0.00641025641025641,-0.06356513741148766,-0.1346153846153846,-0.07869969393803235,-0.16666666666666666,-0.05973591226621732,-0.12650602409638553,-0.08548415031200064,-0.1810344827586207
vidstg/search/frame_drop_5/order2/25,vidstg,search,5,frame_drop_5,order2,25,False,False,0.4198559985835118,0.6312056737588653,0.4198559985835118,0.6312056737588653,0.4198559985835118,0.6312056737588653,0.4198559985835118,0.6312056737588653,0.4198559985835118,0.6312056737588653,0.4198559985835118,0.6312056737588653,0.4198559985835118,0.6312056737588653,0.0,0.0,0.0,0.0,0.0,0.0,0.0,0.0,0.0,0.0
vidstg/search/frame_drop_5/order2/26,vidstg,search,2,frame_drop_5,order2,26,False,False,0.129838476192643,0.46190476190476193,0.129838476192643,0.46190476190476193,0.129838476192643,0.46190476190476193,0.129838476192643,0.46190476190476193,0.129838476192643,0.46190476190476193,0.129838476192643,0.46190476190476193,0.129838476192643,0.46190476190476193,0.0,0.0,0.0,0.0,0.0,0.0,0.0,0.0,0.0,0.0
vidstg/search/frame_drop_5/order2/27,vidstg,search,7,frame_drop_5,order2,27,False,False,0.0,0.0,0.0,0.0,0.0,0.0,0.0,0.0,0.0,0.0,0.0,0.0,0.0,0.0,0.0,0.0,0.0,0.0,0.0,0.0,0.0,0.0,0.0,0.0
vidstg/search/frame_drop_5/order2/28,vidstg,search,6,frame_drop_5,order2,28,True,False,0.4512233316628261,0.5986842105263158,0.7733387925471695,0.9733333333333334,0.6435455244091797,0.8223684210526315,0.4108739014593848,0.5,0.6435455244091797,0.8223684210526315,0.326599744822617,0.43333333333333335,0.0708185707460778,0.08913308913308914,-0.12462358684020908,-0.16535087719298247,-0.44673904772455253,-0.54,-0.31694577958656267,-0.3890350877192982,-0.0842741566367678,-0.06666666666666665,-0.31694577958656267,-0.3890350877192982
vidstg/search/frame_drop_5/order2/29,vidstg,search,9,frame_drop_5,order2,29,False,False,0.07026728095852258,0.390625,0.07026728095852258,0.390625,0.07026728095852258,0.390625,0.07026728095852258,0.390625,0.07026728095852258,0.390625,0.07026728095852258,0.390625,0.07026728095852258,0.390625,0.0,0.0,0.0,0.0,0.0,0.0,0.0,0.0,0.0,0.0
vidstg/search/frame_drop_5/order2/30,vidstg,search,25,frame_drop_5,order2,30,False,False,0.32753242584298775,0.42857142857142855,0.32753242584298775,0.42857142857142855,0.32753242584298775,0.42857142857142855,0.32753242584298775,0.42857142857142855,0.32753242584298775,0.42857142857142855,0.32753242584298775,0.42857142857142855,0.32753242584298775,0.42857142857142855,0.0,0.0,0.0,0.0,0.0,0.0,0.0,0.0,0.0,0.0
vidstg/search/frame_drop_5/order2/31,vidstg,search,29,frame_drop_5,order2,31,False,False,0.0,0.0,0.0,0.0,0.0,0.0,0.0,0.0,0.0,0.0,0.0,0.0,0.0,0.0,0.0,0.0,0.0,0.0,0.0,0.0,0.0,0.0,0.0,0.0
vidstg/search/frame_freeze_5/order1/0,vidstg,search,8,frame_freeze_5,order1,0,True,False,0.0769616239449296,0.6794871794871795,0.08226162334090968,0.7871794871794872,0.12024175126020799,0.906801007556675,0.12024175126020799,0.906801007556675,0.12024175126020799,0.906801007556675,0.08798472932047559,0.7858942065491183,0.14424125417511968,0.982367758186398,0.011023105375545988,0.10640702706193883,0.005723105979565907,-0.0012852806303688125,-0.0322570219397324,-0.12090680100755669,-0.0322570219397324,-0.12090680100755669,-0.0322570219397324,-0.12090680100755669
vidstg/search/frame_freeze_5/order1/1,vidstg,search,15,frame_freeze_5,order1,1,False,False,0.0,0.0,0.0,0.0,0.0,0.0,0.0,0.0,0.0,0.0,0.0,0.0,0.0,0.0,0.0,0.0,0.0,0.0,0.0,0.0,0.0,0.0,0.0,0.0
vidstg/search/frame_freeze_5/order1/2,vidstg,search,19,frame_freeze_5,order1,2,False,False,0.5652566903542433,0.8087248322147651,0.5652566903542433,0.8087248322147651,0.5652566903542433,0.8087248322147651,0.5652566903542433,0.8087248322147651,0.5652566903542433,0.8087248322147651,0.5652566903542433,0.8087248322147651,0.5652566903542433,0.8087248322147651,0.0,0.0,0.0,0.0,0.0,0.0,0.0,0.0,0.0,0.0
vidstg/search/frame_freeze_5/order1/3,vidstg,search,27,frame_freeze_5,order1,3,False,False,0.08991054297534605,0.35883905013192613,0.08991054297534605,0.35883905013192613,0.08991054297534605,0.35883905013192613,0.08991054297534605,0.35883905013192613,0.08991054297534605,0.35883905013192613,0.08991054297534605,0.35883905013192613,0.08991054297534605,0.35883905013192613,0.0,0.0,0.0,0.0,0.0,0.0,0.0,0.0,0.0,0.0
vidstg/search/frame_freeze_5/order1/4,vidstg,search,7,frame_freeze_5,order1,4,True,False,0.0,0.0,0.0,0.0,0.0,0.0,0.005098519615390222,0.11,0.007966436899047222,0.171875,0.0,0.0,0.0017826991662203576,0.038461538461538464,0.0,0.0,0.0,0.0,0.0,0.0,-0.005098519615390222,-0.11,-0.007966436899047222,-0.171875
vidstg/search/frame_freeze_5/order1/5,vidstg,search,1,frame_freeze_5,order1,5,False,False,0.0,0.0,0.0,0.0,0.0,0.0,0.0,0.0,0.0,0.0,0.0,0.0,0.0,0.0,0.0,0.0,0.0,0.0,0.0,0.0,0.0,0.0,0.0,0.0
vidstg/search/frame_freeze_5/order1/6,vidstg,search,25,frame_freeze_5,order1,6,False,False,0.08249227525281667,0.11174785100286533,0.08249227525281667,0.11174785100286533,0.08249227525281667,0.11174785100286533,0.08249227525281667,0.11174785100286533,0.08249227525281667,0.11174785100286533,0.08249227525281667,0.11174785100286533,0.08249227525281667,0.11174785100286533,0.0,0.0,0.0,0.0,0.0,0.0,0.0,0.0,0.0,0.0
vidstg/search/frame_freeze_5/order1/7,vidstg,search,3,frame_freeze_5,order1,7,False,False,0.10342491061850531,0.19254658385093168,0.10342491061850531,0.19254658385093168,0.10342491061850531,0.19254658385093168,0.10342491061850531,0.19254658385093168,0.10342491061850531,0.19254658385093168,0.10342491061850531,0.19254658385093168,0.10342491061850531,0.19254658385093168,0.0,0.0,0.0,0.0,0.0,0.0,0.0,0.0,0.0,0.0
vidstg/search/frame_freeze_5/order1/8,vidstg,search,4,frame_freeze_5,order1,8,True,False,0.12164946764585481,0.5048543689320388,0.04957346464918356,0.2251655629139073,0.12164946764585481,0.5048543689320388,0.12164946764585481,0.5048543689320388,0.12164946764585481,0.5048543689320388,0.12164946764585481,0.5048543689320388,0.09790995019560834,0.39378238341968913,0.0,0.0,0.07207600299667125,0.2796888060181315,0.0,0.0,0.0,0.0,0.0,0.0
vidstg/search/frame_freeze_5/order1/9,vidstg,search,6,frame_freeze_5,order1,9,False,False,0.4102873350391204,0.5986842105263158,0.4102873350391204,0.5986842105263158,0.4102873350391204,0.5986842105263158,0.4102873350391204,0.5986842105263158,0.4102873350391204,0.5986842105263158,0.4102873350391204,0.5986842105263158,0.4102873350391204,0.5986842105263158,0.0,0.0,0.0,0.0,0.0,0.0,0.0,0.0,0.0,0.0
vidstg/search/frame_freeze_5/order1/10,vidstg,search,20,frame_freeze_5,order1,10,False,False,0.27416679864640064,0.4742268041237113,0.27416679864640064,0.4742268041237113,0.27416679864640064,0.4742268041237113,0.27416679864640064,0.4742268041237113,0.27416679864640064,0.4742268041237113,0.27416679864640064,0.4742268041237113,0.27416679864640064,0.4742268041237113,0.0,0.0,0.0,0.0,0.0,0.0,0.0,0.0,0.0,0.0
vidstg/search/frame_freeze_5/order1/11,vidstg,search,17,frame_freeze_5,order1,11,False,False,0.20935254635411732,0.3951612903225806,0.20935254635411732,0.3951612903225806,0.20935254635411732,0.3951612903225806,0.20935254635411732,0.3951612903225806,0.20935254635411732,0.3951612903225806,0.20935254635411732,0.3951612903225806,0.20935254635411732,0.3951612903225806,0.0,0.0,0.0,0.0,0.0,0.0,0.0,0.0,0.0,0.0
vidstg/search/frame_freeze_5/order1/12,vidstg,search,24,frame_freeze_5,order1,12,True,False,0.0005216586981208393,0.7376093294460642,0.0005216586981208393,0.8775510204081632,0.0005216586981208393,0.8425655976676385,0.0005216586981208393,0.8425655976676385,0.0005216586981208393,0.8425655976676385,0.0005216586981208393,0.8075801749271136,0.0005126903537405383,0.9828080229226361,0.0,0.06997084548104948,0.0,-0.06997084548104959,0.0,-0.03498542274052485,0.0,-0.03498542274052485,0.0,-0.03498542274052485
vidstg/search/frame_freeze_5/order1/13,vidstg,search,2,frame_freeze_5,order1,13,False,False,0.23551017562638377,0.919047619047619,0.23551017562638377,0.919047619047619,0.23551017562638377,0.919047619047619,0.23551017562638377,0.919047619047619,0.23551017562638377,0.919047619047619,0.23551017562638377,0.919047619047619,0.23551017562638377,0.919047619047619,0.0,0.0,0.0,0.0,0.0,0.0,0.0,0.0,0.0,0.0
vidstg/search/frame_freeze_5/order1/14,vidstg,search,0,frame_freeze_5,order1,14,False,False,0.02689933325780365,0.144136078782453,0.02689933325780365,0.144136078782453,0.02689933325780365,0.144136078782453,0.02689933325780365,0.144136078782453,0.02689933325780365,0.144136078782453,0.02689933325780365,0.144136078782453,0.02689933325780365,0.144136078782453,0.0,0.0,0.0,0.0,0.0,0.0,0.0,0.0,0.0,0.0
vidstg/search/frame_freeze_5/order1/15,vidstg,search,9,frame_freeze_5,order1,15,False,False,0.03559350957014375,0.2014388489208633,0.03559350957014375,0.2014388489208633,0.03559350957014375,0.2014388489208633,0.03559350957014375,0.2014388489208633,0.03559350957014375,0.2014388489208633,0.03559350957014375,0.2014388489208633,0.03559350957014375,0.2014388489208633,0.0,0.0,0.0,0.0,0.0,0.0,0.0,0.0,0.0,0.0
vidstg/search/frame_freeze_5/order1/16,vidstg,search,26,frame_freeze_5,order1,16,True,False,0.23732830342003053,0.6744904261890056,0.23441550285056245,0.6670784434836319,0.23732830342003053,0.6744904261890056,0.234608721716497,0.6731352334748333,0.23415831491366518,0.6596664607782582,0.2312431453141085,0.6634787806335923,0.22792424490903407,0.6993520518358531,-0.006085158105922028,-0.01101164555541323,-0.0031723575364539514,-0.0035996628500395422,-0.006085158105922028,-0.01101164555541323,-0.0033655764023884926,-0.009656452841240948,-0.0029151695995566773,0.0038123198553341453
vidstg/search/frame_freeze_5/order1/17,vidstg,search,22,frame_freeze_5,order1,17,False,False,0.48302407616879206,0.6785714285714286,0.48302407616879206,0.6785714285714286,0.48302407616879206,0.6785714285714286,0.48302407616879206,0.6785714285714286,0.48302407616879206,0.6785714285714286,0.48302407616879206,0.6785714285714286,0.48302407616879206,0.6785714285714286,0.0,0.0,0.0,0.0,0.0,0.0,0.0,0.0,0.0,0.0
vidstg/search/frame_freeze_5/order1/18,vidstg,search,5,frame_freeze_5,order1,18,False,False,0.4077436092005547,0.6312056737588653,0.4077436092005547,0.6312056737588653,0.4077436092005547,0.6312056737588653,0.4077436092005547,0.6312056737588653,0.4077436092005547,0.6312056737588653,0.4077436092005547,0.6312056737588653,0.4077436092005547,0.6312056737588653,0.0,0.0,0.0,0.0,0.0,0.0,0.0,0.0,0.0,0.0
vidstg/search/frame_freeze_5/order1/19,vidstg,search,13,frame_freeze_5,order1,19,False,False,0.021189173468841426,0.0319634703196347,0.021189173468841426,0.0319634703196347,0.021189173468841426,0.0319634703196347,0.021189173468841426,0.0319634703196347,0.021189173468841426,0.0319634703196347,0.021189173468841426,0.0319634703196347,0.021189173468841426,0.0319634703196347,0.0,0.0,0.0,0.0,0.0,0.0,0.0,0.0,0.0,0.0
vidstg/search/frame_freeze_5/order1/20,vidstg,search,18,frame_freeze_5,order1,20,True,False,0.0,0.0,0.011138315732986362,0.2616279069767442,0.0,0.0,0.0,0.0,0.0,0.0,0.0,0.0,0.009484110426107199,0.22277227722772278,0.0,0.0,-0.011138315732986362,-0.2616279069767442,0.0,0.0,0.0,0.0,0.0,0.0
vidstg/search/frame_freeze_5/order1/21,vidstg,search,10,frame_freeze_5,order1,21,False,False,0.22328631381694292,0.8282208588957055,0.22328631381694292,0.8282208588957055,0.22328631381694292,0.8282208588957055,0.22328631381694292,0.8282208588957055,0.22328631381694292,0.8282208588957055,0.22328631381694292,0.8282208588957055,0.22328631381694292,0.8282208588957055,0.0,0.0,0.0,0.0,0.0,0.0,0.0,0.0,0.0,0.0
vidstg/search/frame_freeze_5/order1/22,vidstg,search,28,frame_freeze_5,order1,22,False,False,0.6092189557668434,0.859504132231405,0.6092189557668434,0.859504132231405,0.6092189557668434,0.859504132231405,0.6092189557668434,0.859504132231405,0.6092189557668434,0.859504132231405,0.6092189557668434,0.859504132231405,0.6092189557668434,0.859504132231405,0.0,0.0,0.0,0.0,0.0,0.0,0.0,0.0,0.0,0.0
vidstg/search/frame_freeze_5/order1/23,vidstg,search,31,frame_freeze_5,order1,23,False,False,0.0,0.9624664879356568,0.0,0.9624664879356568,0.0,0.9624664879356568,0.0,0.9624664879356568,0.0,0.9624664879356568,0.0,0.9624664879356568,0.0,0.9624664879356568,0.0,0.0,0.0,0.0,0.0,0.0,0.0,0.0,0.0,0.0
vidstg/search/frame_freeze_5/order1/24,vidstg,search,23,frame_freeze_5,order1,24,True,False,0.0,0.0,0.0,0.0,0.0,0.0,0.0,0.0,0.0,0.0,0.0,0.0,0.0,0.0,0.0,0.0,0.0,0.0,0.0,0.0,0.0,0.0,0.0,0.0
vidstg/search/frame_freeze_5/order1/25,vidstg,search,21,frame_freeze_5,order1,25,False,False,0.2619742875625868,0.6597938144329897,0.2619742875625868,0.6597938144329897,0.2619742875625868,0.6597938144329897,0.2619742875625868,0.6597938144329897,0.2619742875625868,0.6597938144329897,0.2619742875625868,0.6597938144329897,0.2619742875625868,0.6597938144329897,0.0,0.0,0.0,0.0,0.0,0.0,0.0,0.0,0.0,0.0
vidstg/search/frame_freeze_5/order1/26,vidstg,search,11,frame_freeze_5,order1,26,False,False,0.6486014030555962,0.84375,0.6486014030555962,0.84375,0.6486014030555962,0.84375,0.6486014030555962,0.84375,0.6486014030555962,0.84375,0.6486014030555962,0.84375,0.6486014030555962,0.84375,0.0,0.0,0.0,0.0,0.0,0.0,0.0,0.0,0.0,0.0
vidstg/search/frame_freeze_5/order1/27,vidstg,search,12,frame_freeze_5,order1,27,False,False,0.15236193327817754,0.3542319749216301,0.15236193327817754,0.3542319749216301,0.15236193327817754,0.3542319749216301,0.15236193327817754,0.3542319749216301,0.15236193327817754,0.3542319749216301,0.15236193327817754,0.3542319749216301,0.15236193327817754,0.3542319749216301,0.0,0.0,0.0,0.0,0.0,0.0,0.0,0.0,0.0,0.0
vidstg/search/frame_freeze_5/order1/28,vidstg,search,29,frame_freeze_5,order1,28,True,False,0.0,0.0,0.0,0.0,0.0,0.0,0.0,0.0,0.0,0.0,0.0,0.0,0.0,0.21899529042386184,0.0,0.0,0.0,0.0,0.0,0.0,0.0,0.0,0.0,0.0
vidstg/search/frame_freeze_5/order1/29,vidstg,search,16,frame_freeze_5,order1,29,False,False,6.588472174970489e-05,0.11219512195121951,6.588472174970489e-05,0.11219512195121951,6.588472174970489e-05,0.11219512195121951,6.588472174970489e-05,0.11219512195121951,6.588472174970489e-05,0.11219512195121951,6.588472174970489e-05,0.11219512195121951,6.588472174970489e-05,0.11219512195121951,0.0,0.0,0.0,0.0,0.0,0.0,0.0,0.0,0.0,0.0
vidstg/search/frame_freeze_5/order1/30,vidstg,search,30,frame_freeze_5,order1,30,False,False,0.08933160711086613,0.30414746543778803,0.08933160711086613,0.30414746543778803,0.08933160711086613,0.30414746543778803,0.08933160711086613,0.30414746543778803,0.08933160711086613,0.30414746543778803,0.08933160711086613,0.30414746543778803,0.08933160711086613,0.30414746543778803,0.0,0.0,0.0,0.0,0.0,0.0,0.0,0.0,0.0,0.0
vidstg/search/frame_freeze_5/order1/31,vidstg,search,14,frame_freeze_5,order1,31,False,False,0.0,0.0,0.0,0.0,0.0,0.0,0.0,0.0,0.0,0.0,0.0,0.0,0.0,0.0,0.0,0.0,0.0,0.0,0.0,0.0,0.0,0.0,0.0,0.0
vidstg/search/frame_freeze_5/order2/0,vidstg,search,1,frame_freeze_5,order2,0,True,False,0.0,0.0,0.0,0.0,0.0,0.0,0.0,0.0,0.0,0.0,0.0,0.0,0.0,0.030063291139240507,0.0,0.0,0.0,0.0,0.0,0.0,0.0,0.0,0.0,0.0
vidstg/search/frame_freeze_5/order2/1,vidstg,search,18,frame_freeze_5,order2,1,False,False,0.0,0.0,0.0,0.0,0.0,0.0,0.0,0.0,0.0,0.0,0.0,0.0,0.0,0.0,0.0,0.0,0.0,0.0,0.0,0.0,0.0,0.0,0.0,0.0
vidstg/search/frame_freeze_5/order2/2,vidstg,search,20,frame_freeze_5,order2,2,False,False,0.33621615023974644,0.4742268041237113,0.33621615023974644,0.4742268041237113,0.33621615023974644,0.4742268041237113,0.33621615023974644,0.4742268041237113,0.33621615023974644,0.4742268041237113,0.33621615023974644,0.4742268041237113,0.33621615023974644,0.4742268041237113,0.0,0.0,0.0,0.0,0.0,0.0,0.0,0.0,0.0,0.0
vidstg/search/frame_freeze_5/order2/3,vidstg,search,22,frame_freeze_5,order2,3,False,False,0.47440141093969695,0.6785714285714286,0.47440141093969695,0.6785714285714286,0.47440141093969695,0.6785714285714286,0.47440141093969695,0.6785714285714286,0.47440141093969695,0.6785714285714286,0.47440141093969695,0.6785714285714286,0.47440141093969695,0.6785714285714286,0.0,0.0,0.0,0.0,0.0,0.0,0.0,0.0,0.0,0.0
vidstg/search/frame_freeze_5/order2/4,vidstg,search,10,frame_freeze_5,order2,4,True,False,0.2455422948941358,0.8282208588957055,0.23125381493953293,0.7633136094674556,0.2455422948941358,0.8282208588957055,0.2455422948941358,0.8282208588957055,0.2455422948941358,0.8282208588957055,0.2455422948941358,0.8282208588957055,0.24168214159520152,0.8742857142857143,0.0,0.0,0.014288479954602862,0.06490724942824988,0.0,0.0,0.0,0.0,0.0,0.0
vidstg/search/frame_freeze_5/order2/5,vidstg,search,17,frame_freeze_5,order2,5,False,False,0.22073179708236895,0.3951612903225806,0.22073179708236895,0.3951612903225806,0.22073179708236895,0.3951612903225806,0.22073179708236895,0.3951612903225806,0.22073179708236895,0.3951612903225806,0.22073179708236895,0.3951612903225806,0.22073179708236895,0.3951612903225806,0.0,0.0,0.0,0.0,0.0,0.0,0.0,0.0,0.0,0.0
vidstg/search/frame_freeze_5/order2/6,vidstg,search,16,frame_freeze_5,order2,6,False,False,0.0,0.11219512195121951,0.0,0.11219512195121951,0.0,0.11219512195121951,0.0,0.11219512195121951,0.0,0.11219512195121951,0.0,0.11219512195121951,0.0,0.11219512195121951,0.0,0.0,0.0,0.0,0.0,0.0,0.0,0.0,0.0,0.0
vidstg/search/frame_freeze_5/order2/7,vidstg,search,13,frame_freeze_5,order2,7,False,False,0.02110537679140753,0.0319634703196347,0.02110537679140753,0.0319634703196347,0.02110537679140753,0.0319634703196347,0.02110537679140753,0.0319634703196347,0.02110537679140753,0.0319634703196347,0.02110537679140753,0.0319634703196347,0.02110537679140753,0.0319634703196347,0.0,0.0,0.0,0.0,0.0,0.0,0.0,0.0,0.0,0.0
vidstg/search/frame_freeze_5/order2/8,vidstg,search,15,frame_freeze_5,order2,8,True,False,0.0,0.0,0.004663840950010955,0.009828009828009828,0.0,0.0,0.011196482709839138,0.02457002457002457,0.04796808908320557,0.10526315789473684,0.0,0.0,0.034232228715732636,0.07390300230946882,0.0,0.0,-0.004663840950010955,-0.009828009828009828,0.0,0.0,-0.011196482709839138,-0.02457002457002457,-0.04796808908320557,-0.10526315789473684
vidstg/search/frame_freeze_5/order2/9,vidstg,search,31,frame_freeze_5,order2,9,False,False,0.0,0.9624664879356568,0.0,0.9624664879356568,0.0,0.9624664879356568,0.0,0.9624664879356568,0.0,0.9624664879356568,0.0,0.9624664879356568,0.0,0.9624664879356568,0.0,0.0,0.0,0.0,0.0,0.0,0.0,0.0,0.0,0.0
vidstg/search/frame_freeze_5/order2/10,vidstg,search,23,frame_freeze_5,order2,10,False,False,0.0,0.0,0.0,0.0,0.0,0.0,0.0,0.0,0.0,0.0,0.0,0.0,0.0,0.0,0.0,0.0,0.0,0.0,0.0,0.0,0.0,0.0,0.0,0.0
vidstg/search/frame_freeze_5/order2/11,vidstg,search,28,frame_freeze_5,order2,11,False,False,0.6107693560312217,0.859504132231405,0.6107693560312217,0.859504132231405,0.6107693560312217,0.859504132231405,0.6107693560312217,0.859504132231405,0.6107693560312217,0.859504132231405,0.6107693560312217,0.859504132231405,0.6107693560312217,0.859504132231405,0.0,0.0,0.0,0.0,0.0,0.0,0.0,0.0,0.0,0.0
vidstg/search/frame_freeze_5/order2/12,vidstg,search,30,frame_freeze_5,order2,12,True,False,0.10613253651728334,0.30414746543778803,0.10915052333768002,0.3127962085308057,0.10613253651728334,0.30414746543778803,0.10613253651728334,0.30414746543778803,0.10613253651728334,0.30414746543778803,0.10613253651728334,0.30414746543778803,0.121340192331008,0.35944700460829493,0.0,0.0,-0.0030179868203966814,-0.008648743093017663,0.0,0.0,0.0,0.0,0.0,0.0
vidstg/search/frame_freeze_5/order2/13,vidstg,search,21,frame_freeze_5,order2,13,False,False,0.31075842101653134,0.6597938144329897,0.31075842101653134,0.6597938144329897,0.31075842101653134,0.6597938144329897,0.31075842101653134,0.6597938144329897,0.31075842101653134,0.6597938144329897,0.31075842101653134,0.6597938144329897,0.31075842101653134,0.6597938144329897,0.0,0.0,0.0,0.0,0.0,0.0,0.0,0.0,0.0,0.0
vidstg/search/frame_freeze_5/order2/14,vidstg,search,4,frame_freeze_5,order2,14,False,False,0.22280485885816984,0.5048543689320388,0.22280485885816984,0.5048543689320388,0.22280485885816984,0.5048543689320388,0.22280485885816984,0.5048543689320388,0.22280485885816984,0.5048543689320388,0.22280485885816984,0.5048543689320388,0.22280485885816984,0.5048543689320388,0.0,0.0,0.0,0.0,0.0,0.0,0.0,0.0,0.0,0.0
vidstg/search/frame_freeze_5/order2/15,vidstg,search,26,frame_freeze_5,order2,15,False,False,0.24534314746378247,0.6744904261890056,0.24534314746378247,0.6744904261890056,0.24534314746378247,0.6744904261890056,0.24534314746378247,0.6744904261890056,0.24534314746378247,0.6744904261890056,0.24534314746378247,0.6744904261890056,0.24534314746378247,0.6744904261890056,0.0,0.0,0.0,0.0,0.0,0.0,0.0,0.0,0.0,0.0
vidstg/search/frame_freeze_5/order2/16,vidstg,search,11,frame_freeze_5,order2,16,True,False,0.6503371033105697,0.84375,0.5476522975246902,0.7105263157894737,0.6503371033105697,0.84375,0.6503371033105697,0.84375,0.6503371033105697,0.84375,0.6503371033105697,0.84375,0.0345694141294655,0.044850498338870434,0.0,0.0,0.10268480578587946,0.13322368421052633,0.0,0.0,0.0,0.0,0.0,0.0
vidstg/search/frame_freeze_5/order2/17,vidstg,search,14,frame_freeze_5,order2,17,False,False,0.0,0.0,0.0,0.0,0.0,0.0,0.0,0.0,0.0,0.0,0.0,0.0,0.0,0.0,0.0,0.0,0.0,0.0,0.0,0.0,0.0,0.0,0.0,0.0
vidstg/search/frame_freeze_5/order2/18,vidstg,search,27,frame_freeze_5,order2,18,False,False,0.1497734120907657,0.35883905013192613,0.1497734120907657,0.35883905013192613,0.1497734120907657,0.35883905013192613,0.1497734120907657,0.35883905013192613,0.1497734120907657,0.35883905013192613,0.1497734120907657,0.35883905013192613,0.1497734120907657,0.35883905013192613,0.0,0.0,0.0,0.0,0.0,0.0,0.0,0.0,0.0,0.0
vidstg/search/frame_freeze_5/order2/19,vidstg,search,0,frame_freeze_5,order2,19,False,False,0.00552577689096565,0.144136078782453,0.00552577689096565,0.144136078782453,0.00552577689096565,0.144136078782453,0.00552577689096565,0.144136078782453,0.00552577689096565,0.144136078782453,0.00552577689096565,0.144136078782453,0.00552577689096565,0.144136078782453,0.0,0.0,0.0,0.0,0.0,0.0,0.0,0.0,0.0,0.0
vidstg/search/frame_freeze_5/order2/20,vidstg,search,19,frame_freeze_5,order2,20,True,False,0.5827076256401689,0.8087248322147651,0.565624991663747,0.7850162866449512,0.5827076256401689,0.8087248322147651,0.5827076256401689,0.8087248322147651,0.5827076256401689,0.8087248322147651,0.5827076256401689,0.8087248322147651,0.39021769087813557,0.5415730337078651,0.0,0.0,0.017082633976421846,0.023708545569813944,0.0,0.0,0.0,0.0,0.0,0.0
vidstg/search/frame_freeze_5/order2/21,vidstg,search,12,frame_freeze_5,order2,21,False,False,0.08123789175492974,0.3542319749216301,0.08123789175492974,0.3542319749216301,0.08123789175492974,0.3542319749216301,0.08123789175492974,0.3542319749216301,0.08123789175492974,0.3542319749216301,0.08123789175492974,0.3542319749216301,0.08123789175492974,0.3542319749216301,0.0,0.0,0.0,0.0,0.0,0.0,0.0,0.0,0.0,0.0
vidstg/search/frame_freeze_5/order2/22,vidstg,search,8,frame_freeze_5,order2,22,False,False,0.07170685419918015,0.6794871794871795,0.07170685419918015,0.6794871794871795,0.07170685419918015,0.6794871794871795,0.07170685419918015,0.6794871794871795,0.07170685419918015,0.6794871794871795,0.07170685419918015,0.6794871794871795,0.07170685419918015,0.6794871794871795,0.0,0.0,0.0,0.0,0.0,0.0,0.0,0.0,0.0,0.0
vidstg/search/frame_freeze_5/order2/23,vidstg,search,24,frame_freeze_5,order2,23,False,False,0.0032976054580668764,0.7376093294460642,0.0032976054580668764,0.7376093294460642,0.0032976054580668764,0.7376093294460642,0.0032976054580668764,0.7376093294460642,0.0032976054580668764,0.7376093294460642,0.0032976054580668764,0.7376093294460642,0.0032976054580668764,0.7376093294460642,0.0,0.0,0.0,0.0,0.0,0.0,0.0,0.0,0.0,0.0
vidstg/search/frame_freeze_5/order2/24,vidstg,search,3,frame_freeze_5,order2,24,True,False,0.1211677718405717,0.19254658385093168,0.2267453399495282,0.37888198757763975,0.28973015660217494,0.48412698412698413,0.2199156610353858,0.3674698795180723,0.28973015660217494,0.48412698412698413,0.12505135427135924,0.1987179487179487,0.2521904980528255,0.4897959183673469,0.003883582430787541,0.006171364867017026,-0.10169398567816895,-0.18016403885969104,-0.1646788023308157,-0.2854090354090354,-0.09486430676402655,-0.1687519308001236,-0.1646788023308157,-0.2854090354090354
vidstg/search/frame_freeze_5/order2/25,vidstg,search,5,frame_freeze_5,order2,25,False,False,0.39623584818969276,0.6312056737588653,0.39623584818969276,0.6312056737588653,0.39623584818969276,0.6312056737588653,0.39623584818969276,0.6312056737588653,0.39623584818969276,0.6312056737588653,0.39623584818969276,0.6312056737588653,0.39623584818969276,0.6312056737588653,0.0,0.0,0.0,0.0,0.0,0.0,0.0,0.0,0.0,0.0
vidstg/search/frame_freeze_5/order2/26,vidstg,search,2,frame_freeze_5,order2,26,False,False,0.38089446741341304,0.919047619047619,0.38089446741341304,0.919047619047619,0.38089446741341304,0.919047619047619,0.38089446741341304,0.919047619047619,0.38089446741341304,0.919047619047619,0.38089446741341304,0.919047619047619,0.38089446741341304,0.919047619047619,0.0,0.0,0.0,0.0,0.0,0.0,0.0,0.0,0.0,0.0
vidstg/search/frame_freeze_5/order2/27,vidstg,search,7,frame_freeze_5,order2,27,False,False,0.0,0.0,0.0,0.0,0.0,0.0,0.0,0.0,0.0,0.0,0.0,0.0,0.0,0.0,0.0,0.0,0.0,0.0,0.0,0.0,0.0,0.0,0.0,0.0
vidstg/search/frame_freeze_5/order2/28,vidstg,search,6,frame_freeze_5,order2,28,True,False,0.44788878827187856,0.5986842105263158,0.7638761494079106,0.9733333333333334,0.6373132034613112,0.8223684210526315,0.21007905335956226,0.2671232876712329,0.6373132034613112,0.8223684210526315,0.32418617055869303,0.43333333333333335,0.06995202833405775,0.08913308913308914,-0.12370261771318553,-0.16535087719298247,-0.43968997884921757,-0.54,-0.3131270329026181,-0.3890350877192982,0.11410711719913078,0.16621004566210046,-0.3131270329026181,-0.3890350877192982
vidstg/search/frame_freeze_5/order2/29,vidstg,search,9,frame_freeze_5,order2,29,False,False,0.040675957926878274,0.2014388489208633,0.040675957926878274,0.2014388489208633,0.040675957926878274,0.2014388489208633,0.040675957926878274,0.2014388489208633,0.040675957926878274,0.2014388489208633,0.040675957926878274,0.2014388489208633,0.040675957926878274,0.2014388489208633,0.0,0.0,0.0,0.0,0.0,0.0,0.0,0.0,0.0,0.0
vidstg/search/frame_freeze_5/order2/30,vidstg,search,25,frame_freeze_5,order2,30,False,False,0.08296668549454063,0.11174785100286533,0.08296668549454063,0.11174785100286533,0.08296668549454063,0.11174785100286533,0.08296668549454063,0.11174785100286533,0.08296668549454063,0.11174785100286533,0.08296668549454063,0.11174785100286533,0.08296668549454063,0.11174785100286533,0.0,0.0,0.0,0.0,0.0,0.0,0.0,0.0,0.0,0.0
vidstg/search/frame_freeze_5/order2/31,vidstg,search,29,frame_freeze_5,order2,31,False,False,0.0,0.0,0.0,0.0,0.0,0.0,0.0,0.0,0.0,0.0,0.0,0.0,0.0,0.0,0.0,0.0,0.0,0.0,0.0,0.0,0.0,0.0,0.0,0.0
vidstg/search/motion_blur_5/order1/0,vidstg,search,8,motion_blur_5,order1,0,True,False,0.10724627016492848,0.8463476070528967,0.10187041858738255,0.8487179487179487,0.10724627016492848,0.8463476070528967,0.10724627016492848,0.8463476070528967,0.10724627016492848,0.8463476070528967,0.10724627016492848,0.8463476070528967,0.14363614238374936,0.982367758186398,0.0,0.0,0.005375851577545929,-0.0023703416650520115,0.0,0.0,0.0,0.0,0.0,0.0
vidstg/search/motion_blur_5/order1/1,vidstg,search,15,motion_blur_5,order1,1,False,False,0.0,0.0,0.0,0.0,0.0,0.0,0.0,0.0,0.0,0.0,0.0,0.0,0.0,0.0,0.0,0.0,0.0,0.0,0.0,0.0,0.0,0.0,0.0,0.0
vidstg/search/motion_blur_5/order1/2,vidstg,search,19,motion_blur_5,order1,2,False,False,0.17263091081556545,0.2648221343873518,0.17263091081556545,0.2648221343873518,0.17263091081556545,0.2648221343873518,0.17263091081556545,0.2648221343873518,0.17263091081556545,0.2648221343873518,0.17263091081556545,0.2648221343873518,0.17263091081556545,0.2648221343873518,0.0,0.0,0.0,0.0,0.0,0.0,0.0,0.0,0.0,0.0
vidstg/search/motion_blur_5/order1/3,vidstg,search,27,motion_blur_5,order1,3,False,False,0.09191357567402288,0.3646112600536193,0.09191357567402288,0.3646112600536193,0.09191357567402288,0.3646112600536193,0.09191357567402288,0.3646112600536193,0.09191357567402288,0.3646112600536193,0.09191357567402288,0.3646112600536193,0.09191357567402288,0.3646112600536193,0.0,0.0,0.0,0.0,0.0,0.0,0.0,0.0,0.0,0.0
vidstg/search/motion_blur_5/order1/4,vidstg,search,7,motion_blur_5,order1,4,True,False,0.0,0.0,0.0,0.0,0.0,0.0,0.005142977995648877,0.11,0.00803590311820137,0.171875,0.0,0.0,0.001798244054422684,0.038461538461538464,0.0,0.0,0.0,0.0,0.0,0.0,-0.005142977995648877,-0.11,-0.00803590311820137,-0.171875
vidstg/search/motion_blur_5/order1/5,vidstg,search,1,motion_blur_5,order1,5,False,False,0.0,0.0,0.0,0.0,0.0,0.0,0.0,0.0,0.0,0.0,0.0,0.0,0.0,0.0,0.0,0.0,0.0,0.0,0.0,0.0,0.0,0.0,0.0,0.0
vidstg/search/motion_blur_5/order1/6,vidstg,search,25,motion_blur_5,order1,6,False,False,0.08256510421690379,0.11174785100286533,0.08256510421690379,0.11174785100286533,0.08256510421690379,0.11174785100286533,0.08256510421690379,0.11174785100286533,0.08256510421690379,0.11174785100286533,0.08256510421690379,0.11174785100286533,0.08256510421690379,0.11174785100286533,0.0,0.0,0.0,0.0,0.0,0.0,0.0,0.0,0.0,0.0
vidstg/search/motion_blur_5/order1/7,vidstg,search,3,motion_blur_5,order1,7,False,False,0.0704048351919994,0.1346153846153846,0.0704048351919994,0.1346153846153846,0.0704048351919994,0.1346153846153846,0.0704048351919994,0.1346153846153846,0.0704048351919994,0.1346153846153846,0.0704048351919994,0.1346153846153846,0.0704048351919994,0.1346153846153846,0.0,0.0,0.0,0.0,0.0,0.0,0.0,0.0,0.0,0.0
vidstg/search/motion_blur_5/order1/8,vidstg,search,4,motion_blur_5,order1,8,True,False,0.1302470706281343,0.5048543689320388,0.05369832922217827,0.2251655629139073,0.1302470706281343,0.5048543689320388,0.1302470706281343,0.5048543689320388,0.1302470706281343,0.5048543689320388,0.1302470706281343,0.5048543689320388,0.10440864369321488,0.39378238341968913,0.0,0.0,0.07654874140595602,0.2796888060181315,0.0,0.0,0.0,0.0,0.0,0.0
vidstg/search/motion_blur_5/order1/9,vidstg,search,6,motion_blur_5,order1,9,False,False,0.40731274105828824,0.5986842105263158,0.40731274105828824,0.5986842105263158,0.40731274105828824,0.5986842105263158,0.40731274105828824,0.5986842105263158,0.40731274105828824,0.5986842105263158,0.40731274105828824,0.5986842105263158,0.40731274105828824,0.5986842105263158,0.0,0.0,0.0,0.0,0.0,0.0,0.0,0.0,0.0,0.0
vidstg/search/motion_blur_5/order1/10,vidstg,search,20,motion_blur_5,order1,10,False,False,0.2702374408385505,0.4742268041237113,0.2702374408385505,0.4742268041237113,0.2702374408385505,0.4742268041237113,0.2702374408385505,0.4742268041237113,0.2702374408385505,0.4742268041237113,0.2702374408385505,0.4742268041237113,0.2702374408385505,0.4742268041237113,0.0,0.0,0.0,0.0,0.0,0.0,0.0,0.0,0.0,0.0
vidstg/search/motion_blur_5/order1/11,vidstg,search,17,motion_blur_5,order1,11,False,False,0.06472874535136,0.3467741935483871,0.06472874535136,0.3467741935483871,0.06472874535136,0.3467741935483871,0.06472874535136,0.3467741935483871,0.06472874535136,0.3467741935483871,0.06472874535136,0.3467741935483871,0.06472874535136,0.3467741935483871,0.0,0.0,0.0,0.0,0.0,0.0,0.0,0.0,0.0,0.0
vidstg/search/motion_blur_5/order1/12,vidstg,search,24,motion_blur_5,order1,12,True,False,0.007183209192352537,0.685131195335277,0.007183209192352537,0.7201166180758017,0.007183209192352537,0.8425655976676385,0.007183209192352537,0.7900874635568513,0.007183209192352537,0.8425655976676385,0.007183209192352537,0.7376093294460642,0.007059715624575702,0.9828080229226361,0.0,0.05247813411078717,0.0,0.017492711370262426,0.0,-0.10495626822157433,0.0,-0.05247813411078717,0.0,-0.10495626822157433
vidstg/search/motion_blur_5/order1/13,vidstg,search,2,motion_blur_5,order1,13,False,False,0.1828411623314749,0.861904761904762,0.1828411623314749,0.861904761904762,0.1828411623314749,0.861904761904762,0.1828411623314749,0.861904761904762,0.1828411623314749,0.861904761904762,0.1828411623314749,0.861904761904762,0.1828411623314749,0.861904761904762,0.0,0.0,0.0,0.0,0.0,0.0,0.0,0.0,0.0,0.0
vidstg/search/motion_blur_5/order1/14,vidstg,search,0,motion_blur_5,order1,14,False,False,0.028466618472529223,0.144136078782453,0.028466618472529223,0.144136078782453,0.028466618472529223,0.144136078782453,0.028466618472529223,0.144136078782453,0.028466618472529223,0.144136078782453,0.028466618472529223,0.144136078782453,0.028466618472529223,0.144136078782453,0.0,0.0,0.0,0.0,0.0,0.0,0.0,0.0,0.0,0.0
vidstg/search/motion_blur_5/order1/15,vidstg,search,9,motion_blur_5,order1,15,False,False,0.04717126002757894,0.28865979381443296,0.04717126002757894,0.28865979381443296,0.04717126002757894,0.28865979381443296,0.04717126002757894,0.28865979381443296,0.04717126002757894,0.28865979381443296,0.04717126002757894,0.28865979381443296,0.04717126002757894,0.28865979381443296,0.0,0.0,0.0,0.0,0.0,0.0,0.0,0.0,0.0,0.0
vidstg/search/motion_blur_5/order1/16,vidstg,search,26,motion_blur_5,order1,16,True,False,0.22116317957249867,0.6744904261890056,0.2417139510998666,0.8486720197652872,0.22116317957249867,0.6744904261890056,0.2188446183377342,0.6731352334748333,0.2188446183377342,0.6731352334748333,0.21570518567777863,0.6634787806335923,0.21106649808851616,0.6993520518358531,-0.005457993894720042,-0.01101164555541323,-0.026008765422087965,-0.18519323913169483,-0.005457993894720042,-0.01101164555541323,-0.00313943265995556,-0.009656452841240948,-0.00313943265995556,-0.009656452841240948
vidstg/search/motion_blur_5/order1/17,vidstg,search,22,motion_blur_5,order1,17,False,False,0.49693363098453275,0.6785714285714286,0.49693363098453275,0.6785714285714286,0.49693363098453275,0.6785714285714286,0.49693363098453275,0.6785714285714286,0.49693363098453275,0.6785714285714286,0.49693363098453275,0.6785714285714286,0.49693363098453275,0.6785714285714286,0.0,0.0,0.0,0.0,0.0,0.0,0.0,0.0,0.0,0.0
vidstg/search/motion_blur_5/order1/18,vidstg,search,5,motion_blur_5,order1,18,False,False,0.4026347281339664,0.6312056737588653,0.4026347281339664,0.6312056737588653,0.4026347281339664,0.6312056737588653,0.4026347281339664,0.6312056737588653,0.4026347281339664,0.6312056737588653,0.4026347281339664,0.6312056737588653,0.4026347281339664,0.6312056737588653,0.0,0.0,0.0,0.0,0.0,0.0,0.0,0.0,0.0,0.0
vidstg/search/motion_blur_5/order1/19,vidstg,search,13,motion_blur_5,order1,19,False,False,0.03702692365141069,0.05448717948717949,0.03702692365141069,0.05448717948717949,0.03702692365141069,0.05448717948717949,0.03702692365141069,0.05448717948717949,0.03702692365141069,0.05448717948717949,0.03702692365141069,0.05448717948717949,0.03702692365141069,0.05448717948717949,0.0,0.0,0.0,0.0,0.0,0.0,0.0,0.0,0.0,0.0
vidstg/search/motion_blur_5/order1/20,vidstg,search,18,motion_blur_5,order1,20,True,False,0.0,0.0,0.007941445540529179,0.2616279069767442,0.0,0.0,0.0,0.0,0.0,0.0,0.0,0.0,0.006762022935500093,0.22277227722772278,0.0,0.0,-0.007941445540529179,-0.2616279069767442,0.0,0.0,0.0,0.0,0.0,0.0
vidstg/search/motion_blur_5/order1/21,vidstg,search,10,motion_blur_5,order1,21,False,False,0.2183288068520704,0.7914110429447853,0.2183288068520704,0.7914110429447853,0.2183288068520704,0.7914110429447853,0.2183288068520704,0.7914110429447853,0.2183288068520704,0.7914110429447853,0.2183288068520704,0.7914110429447853,0.2183288068520704,0.7914110429447853,0.0,0.0,0.0,0.0,0.0,0.0,0.0,0.0,0.0,0.0
vidstg/search/motion_blur_5/order1/22,vidstg,search,28,motion_blur_5,order1,22,False,False,0.6126023488462373,0.8521739130434782,0.6126023488462373,0.8521739130434782,0.6126023488462373,0.8521739130434782,0.6126023488462373,0.8521739130434782,0.6126023488462373,0.8521739130434782,0.6126023488462373,0.8521739130434782,0.6126023488462373,0.8521739130434782,0.0,0.0,0.0,0.0,0.0,0.0,0.0,0.0,0.0,0.0
vidstg/search/motion_blur_5/order1/23,vidstg,search,31,motion_blur_5,order1,23,False,False,0.0,0.9222520107238605,0.0,0.9222520107238605,0.0,0.9222520107238605,0.0,0.9222520107238605,0.0,0.9222520107238605,0.0,0.9222520107238605,0.0,0.9222520107238605,0.0,0.0,0.0,0.0,0.0,0.0,0.0,0.0,0.0,0.0
vidstg/search/motion_blur_5/order1/24,vidstg,search,23,motion_blur_5,order1,24,True,False,0.0,0.0,0.0,0.0,0.0,0.0,0.0,0.0,0.0,0.0,0.0,0.0,0.0,0.0,0.0,0.0,0.0,0.0,0.0,0.0,0.0,0.0,0.0,0.0
vidstg/search/motion_blur_5/order1/25,vidstg,search,21,motion_blur_5,order1,25,False,False,0.2771070836892388,0.5871559633027523,0.2771070836892388,0.5871559633027523,0.2771070836892388,0.5871559633027523,0.2771070836892388,0.5871559633027523,0.2771070836892388,0.5871559633027523,0.2771070836892388,0.5871559633027523,0.2771070836892388,0.5871559633027523,0.0,0.0,0.0,0.0,0.0,0.0,0.0,0.0,0.0,0.0
vidstg/search/motion_blur_5/order1/26,vidstg,search,11,motion_blur_5,order1,26,False,False,0.6406530242946237,0.84375,0.6406530242946237,0.84375,0.6406530242946237,0.84375,0.6406530242946237,0.84375,0.6406530242946237,0.84375,0.6406530242946237,0.84375,0.6406530242946237,0.84375,0.0,0.0,0.0,0.0,0.0,0.0,0.0,0.0,0.0,0.0
vidstg/search/motion_blur_5/order1/27,vidstg,search,12,motion_blur_5,order1,27,False,False,0.0971266158844932,0.27228915662650605,0.0971266158844932,0.27228915662650605,0.0971266158844932,0.27228915662650605,0.0971266158844932,0.27228915662650605,0.0971266158844932,0.27228915662650605,0.0971266158844932,0.27228915662650605,0.0971266158844932,0.27228915662650605,0.0,0.0,0.0,0.0,0.0,0.0,0.0,0.0,0.0,0.0
vidstg/search/motion_blur_5/order1/28,vidstg,search,29,motion_blur_5,order1,28,True,False,0.0,0.0,0.0,0.0,0.0,0.0,0.0,0.0,0.0,0.0,0.0,0.0,0.0,0.21899529042386184,0.0,0.0,0.0,0.0,0.0,0.0,0.0,0.0,0.0,0.0
vidstg/search/motion_blur_5/order1/29,vidstg,search,16,motion_blur_5,order1,29,False,False,0.0001484457018888378,0.10043668122270742,0.0001484457018888378,0.10043668122270742,0.0001484457018888378,0.10043668122270742,0.0001484457018888378,0.10043668122270742,0.0001484457018888378,0.10043668122270742,0.0001484457018888378,0.10043668122270742,0.0001484457018888378,0.10043668122270742,0.0,0.0,0.0,0.0,0.0,0.0,0.0,0.0,0.0,0.0
vidstg/search/motion_blur_5/order1/30,vidstg,search,30,motion_blur_5,order1,30,False,False,0.15233673853925994,0.3127962085308057,0.15233673853925994,0.3127962085308057,0.15233673853925994,0.3127962085308057,0.15233673853925994,0.3127962085308057,0.15233673853925994,0.3127962085308057,0.15233673853925994,0.3127962085308057,0.15233673853925994,0.3127962085308057,0.0,0.0,0.0,0.0,0.0,0.0,0.0,0.0,0.0,0.0
vidstg/search/motion_blur_5/order1/31,vidstg,search,14,motion_blur_5,order1,31,False,False,0.0,0.0,0.0,0.0,0.0,0.0,0.0,0.0,0.0,0.0,0.0,0.0,0.0,0.0,0.0,0.0,0.0,0.0,0.0,0.0,0.0,0.0,0.0,0.0
vidstg/search/motion_blur_5/order2/0,vidstg,search,1,motion_blur_5,order2,0,True,False,0.0,0.0,0.0,0.0,0.0,0.0,0.0,0.0,0.0,0.0,0.0,0.0,0.0,0.030063291139240507,0.0,0.0,0.0,0.0,0.0,0.0,0.0,0.0,0.0,0.0
vidstg/search/motion_blur_5/order2/1,vidstg,search,18,motion_blur_5,order2,1,False,False,0.0,0.0,0.0,0.0,0.0,0.0,0.0,0.0,0.0,0.0,0.0,0.0,0.0,0.0,0.0,0.0,0.0,0.0,0.0,0.0,0.0,0.0,0.0,0.0
vidstg/search/motion_blur_5/order2/2,vidstg,search,20,motion_blur_5,order2,2,False,False,0.33450899520197236,0.4742268041237113,0.33450899520197236,0.4742268041237113,0.33450899520197236,0.4742268041237113,0.33450899520197236,0.4742268041237113,0.33450899520197236,0.4742268041237113,0.33450899520197236,0.4742268041237113,0.33450899520197236,0.4742268041237113,0.0,0.0,0.0,0.0,0.0,0.0,0.0,0.0,0.0,0.0
vidstg/search/motion_blur_5/order2/3,vidstg,search,22,motion_blur_5,order2,3,False,False,0.4780193140592753,0.6785714285714286,0.4780193140592753,0.6785714285714286,0.4780193140592753,0.6785714285714286,0.4780193140592753,0.6785714285714286,0.4780193140592753,0.6785714285714286,0.4780193140592753,0.6785714285714286,0.4780193140592753,0.6785714285714286,0.0,0.0,0.0,0.0,0.0,0.0,0.0,0.0,0.0,0.0
vidstg/search/motion_blur_5/order2/4,vidstg,search,10,motion_blur_5,order2,4,True,False,0.250952141998507,0.7914110429447853,0.250952141998507,0.7914110429447853,0.250952141998507,0.7914110429447853,0.250952141998507,0.7914110429447853,0.250952141998507,0.7914110429447853,0.250952141998507,0.7914110429447853,0.2528830044562589,0.8742857142857143,0.0,0.0,0.0,0.0,0.0,0.0,0.0,0.0,0.0,0.0
vidstg/search/motion_blur_5/order2/5,vidstg,search,17,motion_blur_5,order2,5,False,False,0.07311579101460954,0.3467741935483871,0.07311579101460954,0.3467741935483871,0.07311579101460954,0.3467741935483871,0.07311579101460954,0.3467741935483871,0.07311579101460954,0.3467741935483871,0.07311579101460954,0.3467741935483871,0.07311579101460954,0.3467741935483871,0.0,0.0,0.0,0.0,0.0,0.0,0.0,0.0,0.0,0.0
vidstg/search/motion_blur_5/order2/6,vidstg,search,16,motion_blur_5,order2,6,False,False,7.530809946440707e-05,0.10043668122270742,7.530809946440707e-05,0.10043668122270742,7.530809946440707e-05,0.10043668122270742,7.530809946440707e-05,0.10043668122270742,7.530809946440707e-05,0.10043668122270742,7.530809946440707e-05,0.10043668122270742,7.530809946440707e-05,0.10043668122270742,0.0,0.0,0.0,0.0,0.0,0.0,0.0,0.0,0.0,0.0
vidstg/search/motion_blur_5/order2/7,vidstg,search,13,motion_blur_5,order2,7,False,False,0.03677006853734143,0.05448717948717949,0.03677006853734143,0.05448717948717949,0.03677006853734143,0.05448717948717949,0.03677006853734143,0.05448717948717949,0.03677006853734143,0.05448717948717949,0.03677006853734143,0.05448717948717949,0.03677006853734143,0.05448717948717949,0.0,0.0,0.0,0.0,0.0,0.0,0.0,0.0,0.0,0.0
vidstg/search/motion_blur_5/order2/8,vidstg,search,15,motion_blur_5,order2,8,True,False,0.0,0.0,0.00472173214913262,0.009828009828009828,0.0,0.0,0.01133672899833823,0.02457002457002457,0.0485689337086701,0.10526315789473684,0.0,0.0,0.03464833900465737,0.07390300230946882,0.0,0.0,-0.00472173214913262,-0.009828009828009828,0.0,0.0,-0.01133672899833823,-0.02457002457002457,-0.0485689337086701,-0.10526315789473684
vidstg/search/motion_blur_5/order2/9,vidstg,search,31,motion_blur_5,order2,9,False,False,0.0,0.9222520107238605,0.0,0.9222520107238605,0.0,0.9222520107238605,0.0,0.9222520107238605,0.0,0.9222520107238605,0.0,0.9222520107238605,0.0,0.9222520107238605,0.0,0.0,0.0,0.0,0.0,0.0,0.0,0.0,0.0,0.0
vidstg/search/motion_blur_5/order2/10,vidstg,search,23,motion_blur_5,order2,10,False,False,0.0,0.0,0.0,0.0,0.0,0.0,0.0,0.0,0.0,0.0,0.0,0.0,0.0,0.0,0.0,0.0,0.0,0.0,0.0,0.0,0.0,0.0,0.0,0.0
vidstg/search/motion_blur_5/order2/11,vidstg,search,28,motion_blur_5,order2,11,False,False,0.5988808509273742,0.8521739130434782,0.5988808509273742,0.8521739130434782,0.5988808509273742,0.8521739130434782,0.5988808509273742,0.8521739130434782,0.5988808509273742,0.8521739130434782,0.5988808509273742,0.8521739130434782,0.5988808509273742,0.8521739130434782,0.0,0.0,0.0,0.0,0.0,0.0,0.0,0.0,0.0,0.0
vidstg/search/motion_blur_5/order2/12,vidstg,search,30,motion_blur_5,order2,12,True,False,0.10848595809161776,0.3127962085308057,0.11166115686503096,0.32195121951219513,0.10848595809161776,0.3127962085308057,0.10848595809161776,0.3127962085308057,0.10848595809161776,0.3127962085308057,0.10848595809161776,0.3127962085308057,0.12079509450083116,0.35944700460829493,0.0,0.0,-0.0031751987734131987,-0.009155010981389433,0.0,0.0,0.0,0.0,0.0,0.0
vidstg/search/motion_blur_5/order2/13,vidstg,search,21,motion_blur_5,order2,13,False,False,0.27691003764031913,0.5871559633027523,0.27691003764031913,0.5871559633027523,0.27691003764031913,0.5871559633027523,0.27691003764031913,0.5871559633027523,0.27691003764031913,0.5871559633027523,0.27691003764031913,0.5871559633027523,0.27691003764031913,0.5871559633027523,0.0,0.0,0.0,0.0,0.0,0.0,0.0,0.0,0.0,0.0
vidstg/search/motion_blur_5/order2/14,vidstg,search,4,motion_blur_5,order2,14,False,False,0.2331841124359625,0.5048543689320388,0.2331841124359625,0.5048543689320388,0.2331841124359625,0.5048543689320388,0.2331841124359625,0.5048543689320388,0.2331841124359625,0.5048543689320388,0.2331841124359625,0.5048543689320388,0.2331841124359625,0.5048543689320388,0.0,0.0,0.0,0.0,0.0,0.0,0.0,0.0,0.0,0.0
vidstg/search/motion_blur_5/order2/15,vidstg,search,26,motion_blur_5,order2,15,False,False,0.24690784315570502,0.6744904261890056,0.24690784315570502,0.6744904261890056,0.24690784315570502,0.6744904261890056,0.24690784315570502,0.6744904261890056,0.24690784315570502,0.6744904261890056,0.24690784315570502,0.6744904261890056,0.24690784315570502,0.6744904261890056,0.0,0.0,0.0,0.0,0.0,0.0,0.0,0.0,0.0,0.0
vidstg/search/motion_blur_5/order2/16,vidstg,search,11,motion_blur_5,order2,16,True,False,0.6445911251066706,0.84375,0.5428135790371963,0.7105263157894737,0.6445911251066706,0.84375,0.6445911251066706,0.84375,0.6445911251066706,0.84375,0.6445911251066706,0.84375,0.03426398007211538,0.044850498338870434,0.0,0.0,0.10177754606947431,0.13322368421052633,0.0,0.0,0.0,0.0,0.0,0.0
vidstg/search/motion_blur_5/order2/17,vidstg,search,14,motion_blur_5,order2,17,False,False,0.0,0.0,0.0,0.0,0.0,0.0,0.0,0.0,0.0,0.0,0.0,0.0,0.0,0.0,0.0,0.0,0.0,0.0,0.0,0.0,0.0,0.0,0.0,0.0
vidstg/search/motion_blur_5/order2/18,vidstg,search,27,motion_blur_5,order2,18,False,False,0.14225750076752236,0.3646112600536193,0.14225750076752236,0.3646112600536193,0.14225750076752236,0.3646112600536193,0.14225750076752236,0.3646112600536193,0.14225750076752236,0.3646112600536193,0.14225750076752236,0.3646112600536193,0.14225750076752236,0.3646112600536193,0.0,0.0,0.0,0.0,0.0,0.0,0.0,0.0,0.0,0.0
vidstg/search/motion_blur_5/order2/19,vidstg,search,0,motion_blur_5,order2,19,False,False,0.0043092481138129,0.144136078782453,0.0043092481138129,0.144136078782453,0.0043092481138129,0.144136078782453,0.0043092481138129,0.144136078782453,0.0043092481138129,0.144136078782453,0.0043092481138129,0.144136078782453,0.0043092481138129,0.144136078782453,0.0,0.0,0.0,0.0,0.0,0.0,0.0,0.0,0.0,0.0
vidstg/search/motion_blur_5/order2/20,vidstg,search,19,motion_blur_5,order2,20,True,False,0.17920539297777943,0.2648221343873518,0.6409659329567389,0.8892988929889298,0.6629838466842605,0.9198473282442748,0.6629838466842605,0.9198473282442748,0.6629838466842605,0.9198473282442748,0.17920539297777943,0.2648221343873518,0.39034105130623875,0.5415730337078651,0.0,0.0,-0.46176053997895944,-0.624476758601578,-0.48377845370648104,-0.655025193856923,-0.48377845370648104,-0.655025193856923,-0.48377845370648104,-0.655025193856923
vidstg/search/motion_blur_5/order2/21,vidstg,search,12,motion_blur_5,order2,21,False,False,0.05080096493066159,0.27228915662650605,0.05080096493066159,0.27228915662650605,0.05080096493066159,0.27228915662650605,0.05080096493066159,0.27228915662650605,0.05080096493066159,0.27228915662650605,0.05080096493066159,0.27228915662650605,0.05080096493066159,0.27228915662650605,0.0,0.0,0.0,0.0,0.0,0.0,0.0,0.0,0.0,0.0
vidstg/search/motion_blur_5/order2/22,vidstg,search,8,motion_blur_5,order2,22,False,False,0.133268318735385,0.8463476070528967,0.133268318735385,0.8463476070528967,0.133268318735385,0.8463476070528967,0.133268318735385,0.8463476070528967,0.133268318735385,0.8463476070528967,0.133268318735385,0.8463476070528967,0.133268318735385,0.8463476070528967,0.0,0.0,0.0,0.0,0.0,0.0,0.0,0.0,0.0,0.0
vidstg/search/motion_blur_5/order2/23,vidstg,search,24,motion_blur_5,order2,23,False,False,0.012914189810880005,0.685131195335277,0.012914189810880005,0.685131195335277,0.012914189810880005,0.685131195335277,0.012914189810880005,0.685131195335277,0.012914189810880005,0.685131195335277,0.012914189810880005,0.685131195335277,0.012914189810880005,0.685131195335277,0.0,0.0,0.0,0.0,0.0,0.0,0.0,0.0,0.0,0.0
vidstg/search/motion_blur_5/order2/24,vidstg,search,3,motion_blur_5,order2,24,True,False,0.08596529089171753,0.1346153846153846,0.11943495360031113,0.19254658385093168,0.10643321729450743,0.16666666666666666,0.08078665891028877,0.12650602409638553,0.10643321729450743,0.16666666666666666,0.08596529089171753,0.1346153846153846,0.24959922855609,0.4897959183673469,0.0,0.0,-0.0334696627085936,-0.05793119923554707,-0.020467926402789896,-0.03205128205128205,0.005178631981428761,0.008109360518999076,-0.020467926402789896,-0.03205128205128205
vidstg/search/motion_blur_5/order2/25,vidstg,search,5,motion_blur_5,order2,25,False,False,0.39204926264540546,0.6312056737588653,0.39204926264540546,0.6312056737588653,0.39204926264540546,0.6312056737588653,0.39204926264540546,0.6312056737588653,0.39204926264540546,0.6312056737588653,0.39204926264540546,0.6312056737588653,0.39204926264540546,0.6312056737588653,0.0,0.0,0.0,0.0,0.0,0.0,0.0,0.0,0.0,0.0
vidstg/search/motion_blur_5/order2/26,vidstg,search,2,motion_blur_5,order2,26,False,False,0.35215473926287,0.861904761904762,0.35215473926287,0.861904761904762,0.35215473926287,0.861904761904762,0.35215473926287,0.861904761904762,0.35215473926287,0.861904761904762,0.35215473926287,0.861904761904762,0.35215473926287,0.861904761904762,0.0,0.0,0.0,0.0,0.0,0.0,0.0,0.0,0.0,0.0
vidstg/search/motion_blur_5/order2/27,vidstg,search,7,motion_blur_5,order2,27,False,False,0.0,0.0,0.0,0.0,0.0,0.0,0.0,0.0,0.0,0.0,0.0,0.0,0.0,0.0,0.0,0.0,0.0,0.0,0.0,0.0,0.0,0.0,0.0,0.0
vidstg/search/motion_blur_5/order2/28,vidstg,search,6,motion_blur_5,order2,28,True,False,0.4410575223467361,0.5986842105263158,0.7466886399394409,0.9733333333333334,0.6245198374521637,0.8223684210526315,0.20721874160225937,0.2671232876712329,0.6245198374521637,0.8223684210526315,0.31924163522239946,0.43333333333333335,0.06837808058053489,0.08913308913308914,-0.12181588712433666,-0.16535087719298247,-0.42744700471704145,-0.54,-0.3052782022297642,-0.3890350877192982,0.11202289362014009,0.16621004566210046,-0.3052782022297642,-0.3890350877192982
vidstg/search/motion_blur_5/order2/29,vidstg,search,9,motion_blur_5,order2,29,False,False,0.05649816005520128,0.28865979381443296,0.05649816005520128,0.28865979381443296,0.05649816005520128,0.28865979381443296,0.05649816005520128,0.28865979381443296,0.05649816005520128,0.28865979381443296,0.05649816005520128,0.28865979381443296,0.05649816005520128,0.28865979381443296,0.0,0.0,0.0,0.0,0.0,0.0,0.0,0.0,0.0,0.0
vidstg/search/motion_blur_5/order2/30,vidstg,search,25,motion_blur_5,order2,30,False,False,0.08380878334595192,0.11174785100286533,0.08380878334595192,0.11174785100286533,0.08380878334595192,0.11174785100286533,0.08380878334595192,0.11174785100286533,0.08380878334595192,0.11174785100286533,0.08380878334595192,0.11174785100286533,0.08380878334595192,0.11174785100286533,0.0,0.0,0.0,0.0,0.0,0.0,0.0,0.0,0.0,0.0
vidstg/search/motion_blur_5/order2/31,vidstg,search,29,motion_blur_5,order2,31,False,False,0.0,0.0,0.0,0.0,0.0,0.0,0.0,0.0,0.0,0.0,0.0,0.0,0.0,0.0,0.0,0.0,0.0,0.0,0.0,0.0,0.0,0.0,0.0,0.0
vidstg/search/occlusion_5/order1/0,vidstg,search,8,occlusion_5,order1,0,True,False,0.0995061743917958,0.8161209068010076,0.10916832492860544,0.8593350383631714,0.10751842581129654,0.8463476070528967,0.10751842581129654,0.8463476070528967,0.10751842581129654,0.8463476070528967,0.10751842581129654,0.8463476070528967,0.1404128928441977,0.982367758186398,0.008012251419500738,0.030226700251889116,-0.001649899117308895,-0.012987431310274689,0.0,0.0,0.0,0.0,0.0,0.0
vidstg/search/occlusion_5/order1/1,vidstg,search,15,occlusion_5,order1,1,False,False,0.0,0.0,0.0,0.0,0.0,0.0,0.0,0.0,0.0,0.0,0.0,0.0,0.0,0.0,0.0,0.0,0.0,0.0,0.0,0.0,0.0,0.0,0.0,0.0
vidstg/search/occlusion_5/order1/2,vidstg,search,19,occlusion_5,order1,2,False,False,0.5704998795090411,0.8169491525423729,0.5704998795090411,0.8169491525423729,0.5704998795090411,0.8169491525423729,0.5704998795090411,0.8169491525423729,0.5704998795090411,0.8169491525423729,0.5704998795090411,0.8169491525423729,0.5704998795090411,0.8169491525423729,0.0,0.0,0.0,0.0,0.0,0.0,0.0,0.0,0.0,0.0
vidstg/search/occlusion_5/order1/3,vidstg,search,27,occlusion_5,order1,3,False,False,0.09218067974526811,0.37057220708446864,0.09218067974526811,0.37057220708446864,0.09218067974526811,0.37057220708446864,0.09218067974526811,0.37057220708446864,0.09218067974526811,0.37057220708446864,0.09218067974526811,0.37057220708446864,0.09218067974526811,0.37057220708446864,0.0,0.0,0.0,0.0,0.0,0.0,0.0,0.0,0.0,0.0
vidstg/search/occlusion_5/order1/4,vidstg,search,7,occlusion_5,order1,4,True,False,0.0,0.0,0.0,0.0,0.0,0.0,0.0,0.0,0.007970884827787359,0.171875,0.0,0.0,0.0017836945069174509,0.038461538461538464,0.0,0.0,0.0,0.0,0.0,0.0,0.0,0.0,-0.007970884827787359,-0.171875
vidstg/search/occlusion_5/order1/5,vidstg,search,1,occlusion_5,order1,5,False,False,0.0,0.0,0.0,0.0,0.0,0.0,0.0,0.0,0.0,0.0,0.0,0.0,0.0,0.0,0.0,0.0,0.0,0.0,0.0,0.0,0.0,0.0,0.0,0.0
vidstg/search/occlusion_5/order1/6,vidstg,search,25,occlusion_5,order1,6,False,False,0.08252886672931405,0.11174785100286533,0.08252886672931405,0.11174785100286533,0.08252886672931405,0.11174785100286533,0.08252886672931405,0.11174785100286533,0.08252886672931405,0.11174785100286533,0.08252886672931405,0.11174785100286533,0.08252886672931405,0.11174785100286533,0.0,0.0,0.0,0.0,0.0,0.0,0.0,0.0,0.0,0.0
vidstg/search/occlusion_5/order1/7,vidstg,search,3,occlusion_5,order1,7,False,False,0.10902974217950669,0.1987179487179487,0.10902974217950669,0.1987179487179487,0.10902974217950669,0.1987179487179487,0.10902974217950669,0.1987179487179487,0.10902974217950669,0.1987179487179487,0.10902974217950669,0.1987179487179487,0.10902974217950669,0.1987179487179487,0.0,0.0,0.0,0.0,0.0,0.0,0.0,0.0,0.0,0.0
vidstg/search/occlusion_5/order1/8,vidstg,search,4,occlusion_5,order1,8,True,False,0.12696614997122538,0.5048543689320388,0.040646166994737984,0.18543046357615894,0.12696614997122538,0.5048543689320388,0.12696614997122538,0.5048543689320388,0.12696614997122538,0.5048543689320388,0.12696614997122538,0.5048543689320388,0.10114928733088004,0.39378238341968913,0.0,0.0,0.0863199829764874,0.3194239053558799,0.0,0.0,0.0,0.0,0.0,0.0
vidstg/search/occlusion_5/order1/9,vidstg,search,6,occlusion_5,order1,9,False,False,0.4103782847974096,0.5986842105263158,0.4103782847974096,0.5986842105263158,0.4103782847974096,0.5986842105263158,0.4103782847974096,0.5986842105263158,0.4103782847974096,0.5986842105263158,0.4103782847974096,0.5986842105263158,0.4103782847974096,0.5986842105263158,0.0,0.0,0.0,0.0,0.0,0.0,0.0,0.0,0.0,0.0
vidstg/search/occlusion_5/order1/10,vidstg,search,20,occlusion_5,order1,10,False,False,0.27444121073196365,0.4742268041237113,0.27444121073196365,0.4742268041237113,0.27444121073196365,0.4742268041237113,0.27444121073196365,0.4742268041237113,0.27444121073196365,0.4742268041237113,0.27444121073196365,0.4742268041237113,0.27444121073196365,0.4742268041237113,0.0,0.0,0.0,0.0,0.0,0.0,0.0,0.0,0.0,0.0
vidstg/search/occlusion_5/order1/11,vidstg,search,17,occlusion_5,order1,11,False,False,0.05328505681371833,0.25,0.05328505681371833,0.25,0.05328505681371833,0.25,0.05328505681371833,0.25,0.05328505681371833,0.25,0.05328505681371833,0.25,0.05328505681371833,0.25,0.0,0.0,0.0,0.0,0.0,0.0,0.0,0.0,0.0,0.0
vidstg/search/occlusion_5/order1/12,vidstg,search,24,occlusion_5,order1,12,True,False,0.006099234290313754,0.7376093294460642,0.006099234290313754,0.8775510204081632,0.006099234290313754,0.8425655976676385,0.006099234290313754,0.8425655976676385,0.006099234290313754,0.8425655976676385,0.006099234290313754,0.7376093294460642,0.005994376394205208,0.9828080229226361,0.0,0.0,0.0,-0.13994169096209907,0.0,-0.10495626822157433,0.0,-0.10495626822157433,0.0,-0.10495626822157433
vidstg/search/occlusion_5/order1/13,vidstg,search,2,occlusion_5,order1,13,False,False,0.09074798711445857,0.8047619047619048,0.09074798711445857,0.8047619047619048,0.09074798711445857,0.8047619047619048,0.09074798711445857,0.8047619047619048,0.09074798711445857,0.8047619047619048,0.09074798711445857,0.8047619047619048,0.09074798711445857,0.8047619047619048,0.0,0.0,0.0,0.0,0.0,0.0,0.0,0.0,0.0,0.0
vidstg/search/occlusion_5/order1/14,vidstg,search,0,occlusion_5,order1,14,False,False,0.026728605896777054,0.144136078782453,0.026728605896777054,0.144136078782453,0.026728605896777054,0.144136078782453,0.026728605896777054,0.144136078782453,0.026728605896777054,0.144136078782453,0.026728605896777054,0.144136078782453,0.026728605896777054,0.144136078782453,0.0,0.0,0.0,0.0,0.0,0.0,0.0,0.0,0.0,0.0
vidstg/search/occlusion_5/order1/15,vidstg,search,9,occlusion_5,order1,15,False,False,0.03550680471852286,0.2014388489208633,0.03550680471852286,0.2014388489208633,0.03550680471852286,0.2014388489208633,0.03550680471852286,0.2014388489208633,0.03550680471852286,0.2014388489208633,0.03550680471852286,0.2014388489208633,0.03550680471852286,0.2014388489208633,0.0,0.0,0.0,0.0,0.0,0.0,0.0,0.0,0.0,0.0
vidstg/search/occlusion_5/order1/16,vidstg,search,26,occlusion_5,order1,16,True,False,0.23725017696988304,0.6744904261890056,0.23725017696988304,0.6744904261890056,0.23725017696988304,0.6744904261890056,0.23451440683429695,0.6731352334748333,0.23410496093305974,0.6596664607782582,0.231150183424839,0.6634787806335923,0.22801516772617988,0.6993520518358531,-0.006099993545044036,-0.01101164555541323,-0.006099993545044036,-0.01101164555541323,-0.006099993545044036,-0.01101164555541323,-0.0033642234094579393,-0.009656452841240948,-0.002954777508220735,0.0038123198553341453
vidstg/search/occlusion_5/order1/17,vidstg,search,22,occlusion_5,order1,17,False,False,0.48089141965757937,0.6785714285714286,0.48089141965757937,0.6785714285714286,0.48089141965757937,0.6785714285714286,0.48089141965757937,0.6785714285714286,0.48089141965757937,0.6785714285714286,0.48089141965757937,0.6785714285714286,0.48089141965757937,0.6785714285714286,0.0,0.0,0.0,0.0,0.0,0.0,0.0,0.0,0.0,0.0
vidstg/search/occlusion_5/order1/18,vidstg,search,5,occlusion_5,order1,18,False,False,0.4087614155030706,0.6312056737588653,0.4087614155030706,0.6312056737588653,0.4087614155030706,0.6312056737588653,0.4087614155030706,0.6312056737588653,0.4087614155030706,0.6312056737588653,0.4087614155030706,0.6312056737588653,0.4087614155030706,0.6312056737588653,0.0,0.0,0.0,0.0,0.0,0.0,0.0,0.0,0.0,0.0
vidstg/search/occlusion_5/order1/19,vidstg,search,13,occlusion_5,order1,19,False,False,0.024074694559374093,0.0319634703196347,0.024074694559374093,0.0319634703196347,0.024074694559374093,0.0319634703196347,0.024074694559374093,0.0319634703196347,0.024074694559374093,0.0319634703196347,0.024074694559374093,0.0319634703196347,0.024074694559374093,0.0319634703196347,0.0,0.0,0.0,0.0,0.0,0.0,0.0,0.0,0.0,0.0
vidstg/search/occlusion_5/order1/20,vidstg,search,18,occlusion_5,order1,20,True,False,0.0,0.0,0.03951774572205641,0.2616279069767442,0.0,0.0,0.0,0.0,0.0,0.0,0.0,0.0,0.03348301607977193,0.22167487684729065,0.0,0.0,-0.03951774572205641,-0.2616279069767442,0.0,0.0,0.0,0.0,0.0,0.0
vidstg/search/occlusion_5/order1/21,vidstg,search,10,occlusion_5,order1,21,False,False,0.22736339078604315,0.7914110429447853,0.22736339078604315,0.7914110429447853,0.22736339078604315,0.7914110429447853,0.22736339078604315,0.7914110429447853,0.22736339078604315,0.7914110429447853,0.22736339078604315,0.7914110429447853,0.22736339078604315,0.7914110429447853,0.0,0.0,0.0,0.0,0.0,0.0,0.0,0.0,0.0,0.0
vidstg/search/occlusion_5/order1/22,vidstg,search,28,occlusion_5,order1,22,False,False,0.5974221607902607,0.8521739130434782,0.5974221607902607,0.8521739130434782,0.5974221607902607,0.8521739130434782,0.5974221607902607,0.8521739130434782,0.5974221607902607,0.8521739130434782,0.5974221607902607,0.8521739130434782,0.5974221607902607,0.8521739130434782,0.0,0.0,0.0,0.0,0.0,0.0,0.0,0.0,0.0,0.0
vidstg/search/occlusion_5/order1/23,vidstg,search,31,occlusion_5,order1,23,False,False,0.0,0.9624664879356568,0.0,0.9624664879356568,0.0,0.9624664879356568,0.0,0.9624664879356568,0.0,0.9624664879356568,0.0,0.9624664879356568,0.0,0.9624664879356568,0.0,0.0,0.0,0.0,0.0,0.0,0.0,0.0,0.0,0.0
vidstg/search/occlusion_5/order1/24,vidstg,search,23,occlusion_5,order1,24,True,False,0.0,0.0,0.0,0.0,0.0,0.0,0.0,0.0,0.0,0.0,0.0,0.0,0.0,0.0,0.0,0.0,0.0,0.0,0.0,0.0,0.0,0.0,0.0,0.0
vidstg/search/occlusion_5/order1/25,vidstg,search,21,occlusion_5,order1,25,False,False,0.25805447975642976,0.6597938144329897,0.25805447975642976,0.6597938144329897,0.25805447975642976,0.6597938144329897,0.25805447975642976,0.6597938144329897,0.25805447975642976,0.6597938144329897,0.25805447975642976,0.6597938144329897,0.25805447975642976,0.6597938144329897,0.0,0.0,0.0,0.0,0.0,0.0,0.0,0.0,0.0,0.0
vidstg/search/occlusion_5/order1/26,vidstg,search,11,occlusion_5,order1,26,False,False,0.6494834078092949,0.84375,0.6494834078092949,0.84375,0.6494834078092949,0.84375,0.6494834078092949,0.84375,0.6494834078092949,0.84375,0.6494834078092949,0.84375,0.6494834078092949,0.84375,0.0,0.0,0.0,0.0,0.0,0.0,0.0,0.0,0.0,0.0
vidstg/search/occlusion_5/order1/27,vidstg,search,12,occlusion_5,order1,27,False,False,0.15652384839120415,0.3542319749216301,0.15652384839120415,0.3542319749216301,0.15652384839120415,0.3542319749216301,0.15652384839120415,0.3542319749216301,0.15652384839120415,0.3542319749216301,0.15652384839120415,0.3542319749216301,0.15652384839120415,0.3542319749216301,0.0,0.0,0.0,0.0,0.0,0.0,0.0,0.0,0.0,0.0
vidstg/search/occlusion_5/order1/28,vidstg,search,29,occlusion_5,order1,28,True,False,0.0,0.0,0.0,0.0,0.0,0.0,0.0,0.0,0.0,0.0,0.0,0.0,0.0,0.2237048665620094,0.0,0.0,0.0,0.0,0.0,0.0,0.0,0.0,0.0,0.0
vidstg/search/occlusion_5/order1/29,vidstg,search,16,occlusion_5,order1,29,False,False,6.90502671735363e-05,0.11219512195121951,6.90502671735363e-05,0.11219512195121951,6.90502671735363e-05,0.11219512195121951,6.90502671735363e-05,0.11219512195121951,6.90502671735363e-05,0.11219512195121951,6.90502671735363e-05,0.11219512195121951,6.90502671735363e-05,0.11219512195121951,0.0,0.0,0.0,0.0,0.0,0.0,0.0,0.0,0.0,0.0
vidstg/search/occlusion_5/order1/30,vidstg,search,30,occlusion_5,order1,30,False,False,0.14191854804249535,0.3127962085308057,0.14191854804249535,0.3127962085308057,0.14191854804249535,0.3127962085308057,0.14191854804249535,0.3127962085308057,0.14191854804249535,0.3127962085308057,0.14191854804249535,0.3127962085308057,0.14191854804249535,0.3127962085308057,0.0,0.0,0.0,0.0,0.0,0.0,0.0,0.0,0.0,0.0
vidstg/search/occlusion_5/order1/31,vidstg,search,14,occlusion_5,order1,31,False,False,0.0,0.0,0.0,0.0,0.0,0.0,0.0,0.0,0.0,0.0,0.0,0.0,0.0,0.0,0.0,0.0,0.0,0.0,0.0,0.0,0.0,0.0,0.0,0.0
vidstg/search/occlusion_5/order2/0,vidstg,search,1,occlusion_5,order2,0,True,False,0.0,0.0,0.0,0.0,0.0,0.0,0.0,0.0,0.0,0.0,0.0,0.0,0.0,0.030063291139240507,0.0,0.0,0.0,0.0,0.0,0.0,0.0,0.0,0.0,0.0
vidstg/search/occlusion_5/order2/1,vidstg,search,18,occlusion_5,order2,1,False,False,0.0,0.0,0.0,0.0,0.0,0.0,0.0,0.0,0.0,0.0,0.0,0.0,0.0,0.0,0.0,0.0,0.0,0.0,0.0,0.0,0.0,0.0,0.0,0.0
vidstg/search/occlusion_5/order2/2,vidstg,search,20,occlusion_5,order2,2,False,False,0.33238220285562214,0.4742268041237113,0.33238220285562214,0.4742268041237113,0.33238220285562214,0.4742268041237113,0.33238220285562214,0.4742268041237113,0.33238220285562214,0.4742268041237113,0.33238220285562214,0.4742268041237113,0.33238220285562214,0.4742268041237113,0.0,0.0,0.0,0.0,0.0,0.0,0.0,0.0,0.0,0.0
vidstg/search/occlusion_5/order2/3,vidstg,search,22,occlusion_5,order2,3,False,False,0.4812934142105214,0.6785714285714286,0.4812934142105214,0.6785714285714286,0.4812934142105214,0.6785714285714286,0.4812934142105214,0.6785714285714286,0.4812934142105214,0.6785714285714286,0.4812934142105214,0.6785714285714286,0.4812934142105214,0.6785714285714286,0.0,0.0,0.0,0.0,0.0,0.0,0.0,0.0,0.0,0.0
vidstg/search/occlusion_5/order2/4,vidstg,search,10,occlusion_5,order2,4,True,False,0.2445430705251219,0.7914110429447853,0.2445430705251219,0.7914110429447853,0.2445430705251219,0.7914110429447853,0.2445430705251219,0.7914110429447853,0.2445430705251219,0.7914110429447853,0.2445430705251219,0.7914110429447853,0.24674294075895253,0.8742857142857143,0.0,0.0,0.0,0.0,0.0,0.0,0.0,0.0,0.0,0.0
vidstg/search/occlusion_5/order2/5,vidstg,search,17,occlusion_5,order2,5,False,False,0.040346293079752814,0.25,0.040346293079752814,0.25,0.040346293079752814,0.25,0.040346293079752814,0.25,0.040346293079752814,0.25,0.040346293079752814,0.25,0.040346293079752814,0.25,0.0,0.0,0.0,0.0,0.0,0.0,0.0,0.0,0.0,0.0
vidstg/search/occlusion_5/order2/6,vidstg,search,16,occlusion_5,order2,6,False,False,9.365520938791382e-05,0.11219512195121951,9.365520938791382e-05,0.11219512195121951,9.365520938791382e-05,0.11219512195121951,9.365520938791382e-05,0.11219512195121951,9.365520938791382e-05,0.11219512195121951,9.365520938791382e-05,0.11219512195121951,9.365520938791382e-05,0.11219512195121951,0.0,0.0,0.0,0.0,0.0,0.0,0.0,0.0,0.0,0.0
vidstg/search/occlusion_5/order2/7,vidstg,search,13,occlusion_5,order2,7,False,False,0.02245510350182971,0.0319634703196347,0.02245510350182971,0.0319634703196347,0.02245510350182971,0.0319634703196347,0.02245510350182971,0.0319634703196347,0.02245510350182971,0.0319634703196347,0.02245510350182971,0.0319634703196347,0.02245510350182971,0.0319634703196347,0.0,0.0,0.0,0.0,0.0,0.0,0.0,0.0,0.0,0.0
vidstg/search/occlusion_5/order2/8,vidstg,search,15,occlusion_5,order2,8,True,False,0.0,0.0,0.004758851566309418,0.009828009828009828,0.0,0.0,0.011457801168529128,0.02457002457002457,0.04908763237464584,0.10526315789473684,0.0,0.0,0.03507523548120764,0.07390300230946882,0.0,0.0,-0.004758851566309418,-0.009828009828009828,0.0,0.0,-0.011457801168529128,-0.02457002457002457,-0.04908763237464584,-0.10526315789473684
vidstg/search/occlusion_5/order2/9,vidstg,search,31,occlusion_5,order2,9,False,False,0.0,0.9624664879356568,0.0,0.9624664879356568,0.0,0.9624664879356568,0.0,0.9624664879356568,0.0,0.9624664879356568,0.0,0.9624664879356568,0.0,0.9624664879356568,0.0,0.0,0.0,0.0,0.0,0.0,0.0,0.0,0.0,0.0
vidstg/search/occlusion_5/order2/10,vidstg,search,23,occlusion_5,order2,10,False,False,0.0,0.0,0.0,0.0,0.0,0.0,0.0,0.0,0.0,0.0,0.0,0.0,0.0,0.0,0.0,0.0,0.0,0.0,0.0,0.0,0.0,0.0,0.0,0.0
vidstg/search/occlusion_5/order2/11,vidstg,search,28,occlusion_5,order2,11,False,False,0.5967130666433439,0.8521739130434782,0.5967130666433439,0.8521739130434782,0.5967130666433439,0.8521739130434782,0.5967130666433439,0.8521739130434782,0.5967130666433439,0.8521739130434782,0.5967130666433439,0.8521739130434782,0.5967130666433439,0.8521739130434782,0.0,0.0,0.0,0.0,0.0,0.0,0.0,0.0,0.0,0.0
vidstg/search/occlusion_5/order2/12,vidstg,search,30,occlusion_5,order2,12,True,False,0.11413548045912582,0.3127962085308057,0.11747603110670998,0.32195121951219513,0.11413548045912582,0.3127962085308057,0.11413548045912582,0.3127962085308057,0.11413548045912582,0.3127962085308057,0.11413548045912582,0.3127962085308057,0.1273733748540647,0.35944700460829493,0.0,0.0,-0.0033405506475841645,-0.009155010981389433,0.0,0.0,0.0,0.0,0.0,0.0
vidstg/search/occlusion_5/order2/13,vidstg,search,21,occlusion_5,order2,13,False,False,0.2969959411439873,0.6597938144329897,0.2969959411439873,0.6597938144329897,0.2969959411439873,0.6597938144329897,0.2969959411439873,0.6597938144329897,0.2969959411439873,0.6597938144329897,0.2969959411439873,0.6597938144329897,0.2969959411439873,0.6597938144329897,0.0,0.0,0.0,0.0,0.0,0.0,0.0,0.0,0.0,0.0
vidstg/search/occlusion_5/order2/14,vidstg,search,4,occlusion_5,order2,14,False,False,0.2159590748330931,0.5048543689320388,0.2159590748330931,0.5048543689320388,0.2159590748330931,0.5048543689320388,0.2159590748330931,0.5048543689320388,0.2159590748330931,0.5048543689320388,0.2159590748330931,0.5048543689320388,0.2159590748330931,0.5048543689320388,0.0,0.0,0.0,0.0,0.0,0.0,0.0,0.0,0.0,0.0
vidstg/search/occlusion_5/order2/15,vidstg,search,26,occlusion_5,order2,15,False,False,0.26023305562650406,0.6744904261890056,0.26023305562650406,0.6744904261890056,0.26023305562650406,0.6744904261890056,0.26023305562650406,0.6744904261890056,0.26023305562650406,0.6744904261890056,0.26023305562650406,0.6744904261890056,0.26023305562650406,0.6744904261890056,0.0,0.0,0.0,0.0,0.0,0.0,0.0,0.0,0.0,0.0
vidstg/search/occlusion_5/order2/16,vidstg,search,11,occlusion_5,order2,16,True,False,0.6683971080565603,0.84375,0.5628607225739455,0.7105263157894737,0.6683971080565603,0.84375,0.6683971080565603,0.84375,0.6683971080565603,0.84375,0.6683971080565603,0.84375,0.03552941438174407,0.044850498338870434,0.0,0.0,0.10553638548261479,0.13322368421052633,0.0,0.0,0.0,0.0,0.0,0.0
vidstg/search/occlusion_5/order2/17,vidstg,search,14,occlusion_5,order2,17,False,False,0.0,0.0,0.0,0.0,0.0,0.0,0.0,0.0,0.0,0.0,0.0,0.0,0.0,0.0,0.0,0.0,0.0,0.0,0.0,0.0,0.0,0.0,0.0,0.0
vidstg/search/occlusion_5/order2/18,vidstg,search,27,occlusion_5,order2,18,False,False,0.0979071144569738,0.37057220708446864,0.0979071144569738,0.37057220708446864,0.0979071144569738,0.37057220708446864,0.0979071144569738,0.37057220708446864,0.0979071144569738,0.37057220708446864,0.0979071144569738,0.37057220708446864,0.0979071144569738,0.37057220708446864,0.0,0.0,0.0,0.0,0.0,0.0,0.0,0.0,0.0,0.0
vidstg/search/occlusion_5/order2/19,vidstg,search,0,occlusion_5,order2,19,False,False,0.015191723479620165,0.144136078782453,0.015191723479620165,0.144136078782453,0.015191723479620165,0.144136078782453,0.015191723479620165,0.144136078782453,0.015191723479620165,0.144136078782453,0.015191723479620165,0.144136078782453,0.015191723479620165,0.144136078782453,0.0,0.0,0.0,0.0,0.0,0.0,0.0,0.0,0.0,0.0
vidstg/search/occlusion_5/order2/20,vidstg,search,19,occlusion_5,order2,20,True,False,0.5843213406893271,0.8169491525423729,0.5726737392137924,0.8006644518272426,0.5903246421347654,0.8253424657534246,0.5843213406893271,0.8169491525423729,0.5903246421347654,0.8253424657534246,0.5903246421347654,0.8253424657534246,0.3873590910187674,0.5415730337078651,0.006003301445438369,0.008393313211051745,0.017650902920973044,0.024678013926182074,0.0,0.0,0.006003301445438369,0.008393313211051745,0.0,0.0
vidstg/search/occlusion_5/order2/21,vidstg,search,12,occlusion_5,order2,21,False,False,0.09088400626076112,0.3542319749216301,0.09088400626076112,0.3542319749216301,0.09088400626076112,0.3542319749216301,0.09088400626076112,0.3542319749216301,0.09088400626076112,0.3542319749216301,0.09088400626076112,0.3542319749216301,0.09088400626076112,0.3542319749216301,0.0,0.0,0.0,0.0,0.0,0.0,0.0,0.0,0.0,0.0
vidstg/search/occlusion_5/order2/22,vidstg,search,8,occlusion_5,order2,22,False,False,0.10230650769821241,0.8161209068010076,0.10230650769821241,0.8161209068010076,0.10230650769821241,0.8161209068010076,0.10230650769821241,0.8161209068010076,0.10230650769821241,0.8161209068010076,0.10230650769821241,0.8161209068010076,0.10230650769821241,0.8161209068010076,0.0,0.0,0.0,0.0,0.0,0.0,0.0,0.0,0.0,0.0
vidstg/search/occlusion_5/order2/23,vidstg,search,24,occlusion_5,order2,23,False,False,0.021015936050350795,0.7376093294460642,0.021015936050350795,0.7376093294460642,0.021015936050350795,0.7376093294460642,0.021015936050350795,0.7376093294460642,0.021015936050350795,0.7376093294460642,0.021015936050350795,0.7376093294460642,0.021015936050350795,0.7376093294460642,0.0,0.0,0.0,0.0,0.0,0.0,0.0,0.0,0.0,0.0
vidstg/search/occlusion_5/order2/24,vidstg,search,3,occlusion_5,order2,24,True,False,0.12333462393496998,0.1987179487179487,0.1540827720038839,0.2469879518072289,0.15270001058615332,0.24603174603174602,0.11590482731238143,0.18674698795180722,0.15270001058615332,0.24603174603174602,0.12333462393496998,0.1987179487179487,0.25104880348247255,0.4897959183673469,0.0,0.0,-0.03074814806891392,-0.0482700030892802,-0.029365386651183337,-0.04731379731379731,0.0074297966225885526,0.011970960766141486,-0.029365386651183337,-0.04731379731379731
vidstg/search/occlusion_5/order2/25,vidstg,search,5,occlusion_5,order2,25,False,False,0.41809256790218197,0.6312056737588653,0.41809256790218197,0.6312056737588653,0.41809256790218197,0.6312056737588653,0.41809256790218197,0.6312056737588653,0.41809256790218197,0.6312056737588653,0.41809256790218197,0.6312056737588653,0.41809256790218197,0.6312056737588653,0.0,0.0,0.0,0.0,0.0,0.0,0.0,0.0,0.0,0.0
vidstg/search/occlusion_5/order2/26,vidstg,search,2,occlusion_5,order2,26,False,False,0.2744657498442849,0.8047619047619048,0.2744657498442849,0.8047619047619048,0.2744657498442849,0.8047619047619048,0.2744657498442849,0.8047619047619048,0.2744657498442849,0.8047619047619048,0.2744657498442849,0.8047619047619048,0.2744657498442849,0.8047619047619048,0.0,0.0,0.0,0.0,0.0,0.0,0.0,0.0,0.0,0.0
vidstg/search/occlusion_5/order2/27,vidstg,search,7,occlusion_5,order2,27,False,False,0.0,0.0,0.0,0.0,0.0,0.0,0.0,0.0,0.0,0.0,0.0,0.0,0.0,0.0,0.0,0.0,0.0,0.0,0.0,0.0,0.0,0.0,0.0,0.0
vidstg/search/occlusion_5/order2/28,vidstg,search,6,occlusion_5,order2,28,True,False,0.4452334564551182,0.5986842105263158,0.7693903061920606,0.9733333333333334,0.6394666791208918,0.8223684210526315,0.13225441719354494,0.17123287671232876,0.6394666791208918,0.8223684210526315,0.32226421610084743,0.43333333333333335,0.0704569877465257,0.08913308913308914,-0.12296924035427076,-0.16535087719298247,-0.4471260900912132,-0.54,-0.3172024630200444,-0.3890350877192982,0.1900097989073025,0.26210045662100456,-0.3172024630200444,-0.3890350877192982
vidstg/search/occlusion_5/order2/29,vidstg,search,9,occlusion_5,order2,29,False,False,0.04457524926261546,0.2014388489208633,0.04457524926261546,0.2014388489208633,0.04457524926261546,0.2014388489208633,0.04457524926261546,0.2014388489208633,0.04457524926261546,0.2014388489208633,0.04457524926261546,0.2014388489208633,0.04457524926261546,0.2014388489208633,0.0,0.0,0.0,0.0,0.0,0.0,0.0,0.0,0.0,0.0
vidstg/search/occlusion_5/order2/30,vidstg,search,25,occlusion_5,order2,30,False,False,0.08462778647371753,0.11174785100286533,0.08462778647371753,0.11174785100286533,0.08462778647371753,0.11174785100286533,0.08462778647371753,0.11174785100286533,0.08462778647371753,0.11174785100286533,0.08462778647371753,0.11174785100286533,0.08462778647371753,0.11174785100286533,0.0,0.0,0.0,0.0,0.0,0.0,0.0,0.0,0.0,0.0
vidstg/search/occlusion_5/order2/31,vidstg,search,29,occlusion_5,order2,31,False,False,0.0,0.0,0.0,0.0,0.0,0.0,0.0,0.0,0.0,0.0,0.0,0.0,0.0,0.0,0.0,0.0,0.0,0.0,0.0,0.0,0.0,0.0,0.0,0.0
vidstg/search/exposure_5/order1/0,vidstg,search,8,exposure_5,order1,0,True,False,0.09934382926630014,0.8161209068010076,0.1090024028384172,0.8593350383631714,0.10735501135975094,0.8463476070528967,0.10735501135975094,0.8463476070528967,0.10735501135975094,0.8463476070528967,0.10735501135975094,0.8463476070528967,0.14658863635536631,0.982367758186398,0.008011182093450794,0.030226700251889116,-0.0016473914786662575,-0.012987431310274689,0.0,0.0,0.0,0.0,0.0,0.0
vidstg/search/exposure_5/order1/1,vidstg,search,15,exposure_5,order1,1,False,False,0.0,0.0,0.0,0.0,0.0,0.0,0.0,0.0,0.0,0.0,0.0,0.0,0.0,0.0,0.0,0.0,0.0,0.0,0.0,0.0,0.0,0.0,0.0,0.0
vidstg/search/exposure_5/order1/2,vidstg,search,19,exposure_5,order1,2,False,False,0.5710481508366126,0.8169491525423729,0.5710481508366126,0.8169491525423729,0.5710481508366126,0.8169491525423729,0.5710481508366126,0.8169491525423729,0.5710481508366126,0.8169491525423729,0.5710481508366126,0.8169491525423729,0.5710481508366126,0.8169491525423729,0.0,0.0,0.0,0.0,0.0,0.0,0.0,0.0,0.0,0.0
vidstg/search/exposure_5/order1/3,vidstg,search,27,exposure_5,order1,3,False,False,0.09470717670878187,0.37057220708446864,0.09470717670878187,0.37057220708446864,0.09470717670878187,0.37057220708446864,0.09470717670878187,0.37057220708446864,0.09470717670878187,0.37057220708446864,0.09470717670878187,0.37057220708446864,0.09470717670878187,0.37057220708446864,0.0,0.0,0.0,0.0,0.0,0.0,0.0,0.0,0.0,0.0
vidstg/search/exposure_5/order1/4,vidstg,search,7,exposure_5,order1,4,True,False,0.0,0.0,0.0,0.0,0.0,0.0,0.0,0.0,0.007928808546410602,0.171875,0.0,0.0,0.0017742788355604143,0.038461538461538464,0.0,0.0,0.0,0.0,0.0,0.0,0.0,0.0,-0.007928808546410602,-0.171875
vidstg/search/exposure_5/order1/5,vidstg,search,1,exposure_5,order1,5,False,False,0.0,0.0,0.0,0.0,0.0,0.0,0.0,0.0,0.0,0.0,0.0,0.0,0.0,0.0,0.0,0.0,0.0,0.0,0.0,0.0,0.0,0.0,0.0,0.0
vidstg/search/exposure_5/order1/6,vidstg,search,25,exposure_5,order1,6,False,False,0.08251287534964813,0.11174785100286533,0.08251287534964813,0.11174785100286533,0.08251287534964813,0.11174785100286533,0.08251287534964813,0.11174785100286533,0.08251287534964813,0.11174785100286533,0.08251287534964813,0.11174785100286533,0.08251287534964813,0.11174785100286533,0.0,0.0,0.0,0.0,0.0,0.0,0.0,0.0,0.0,0.0
vidstg/search/exposure_5/order1/7,vidstg,search,3,exposure_5,order1,7,False,False,0.12260050614120939,0.1987179487179487,0.12260050614120939,0.1987179487179487,0.12260050614120939,0.1987179487179487,0.12260050614120939,0.1987179487179487,0.12260050614120939,0.1987179487179487,0.12260050614120939,0.1987179487179487,0.12260050614120939,0.1987179487179487,0.0,0.0,0.0,0.0,0.0,0.0,0.0,0.0,0.0,0.0
vidstg/search/exposure_5/order1/8,vidstg,search,4,exposure_5,order1,8,True,False,0.12709257016689018,0.5048543689320388,0.04091173038371443,0.18543046357615894,0.12709257016689018,0.5048543689320388,0.12709257016689018,0.5048543689320388,0.12709257016689018,0.5048543689320388,0.12709257016689018,0.5048543689320388,0.10105616259461993,0.39378238341968913,0.0,0.0,0.08618083978317576,0.3194239053558799,0.0,0.0,0.0,0.0,0.0,0.0
vidstg/search/exposure_5/order1/9,vidstg,search,6,exposure_5,order1,9,False,False,0.41216821204534615,0.5986842105263158,0.41216821204534615,0.5986842105263158,0.41216821204534615,0.5986842105263158,0.41216821204534615,0.5986842105263158,0.41216821204534615,0.5986842105263158,0.41216821204534615,0.5986842105263158,0.41216821204534615,0.5986842105263158,0.0,0.0,0.0,0.0,0.0,0.0,0.0,0.0,0.0,0.0
vidstg/search/exposure_5/order1/10,vidstg,search,20,exposure_5,order1,10,False,False,0.27439812935120395,0.4742268041237113,0.27439812935120395,0.4742268041237113,0.27439812935120395,0.4742268041237113,0.27439812935120395,0.4742268041237113,0.27439812935120395,0.4742268041237113,0.27439812935120395,0.4742268041237113,0.27439812935120395,0.4742268041237113,0.0,0.0,0.0,0.0,0.0,0.0,0.0,0.0,0.0,0.0
vidstg/search/exposure_5/order1/11,vidstg,search,17,exposure_5,order1,11,False,False,0.10662277972800414,0.3951612903225806,0.10662277972800414,0.3951612903225806,0.10662277972800414,0.3951612903225806,0.10662277972800414,0.3951612903225806,0.10662277972800414,0.3951612903225806,0.10662277972800414,0.3951612903225806,0.10662277972800414,0.3951612903225806,0.0,0.0,0.0,0.0,0.0,0.0,0.0,0.0,0.0,0.0
vidstg/search/exposure_5/order1/12,vidstg,search,24,exposure_5,order1,12,True,False,0.015131738702830784,0.597667638483965,0.015131738702830787,0.685131195335277,0.015131738702830784,0.8950437317784257,0.015131738702830784,0.8950437317784257,0.015131738702830784,0.8950437317784257,0.015131738702830784,0.597667638483965,0.014871594197911057,0.9828080229226361,0.0,0.0,-3.469446951953614e-18,-0.08746355685131202,0.0,-0.2973760932944607,0.0,-0.2973760932944607,0.0,-0.2973760932944607
vidstg/search/exposure_5/order1/13,vidstg,search,2,exposure_5,order1,13,False,False,0.21124136528113194,0.8333333333333334,0.21124136528113194,0.8333333333333334,0.21124136528113194,0.8333333333333334,0.21124136528113194,0.8333333333333334,0.21124136528113194,0.8333333333333334,0.21124136528113194,0.8333333333333334,0.21124136528113194,0.8333333333333334,0.0,0.0,0.0,0.0,0.0,0.0,0.0,0.0,0.0,0.0
vidstg/search/exposure_5/order1/14,vidstg,search,0,exposure_5,order1,14,False,False,0.0284960021148673,0.144136078782453,0.0284960021148673,0.144136078782453,0.0284960021148673,0.144136078782453,0.0284960021148673,0.144136078782453,0.0284960021148673,0.144136078782453,0.0284960021148673,0.144136078782453,0.0284960021148673,0.144136078782453,0.0,0.0,0.0,0.0,0.0,0.0,0.0,0.0,0.0,0.0
vidstg/search/exposure_5/order1/15,vidstg,search,9,exposure_5,order1,15,False,False,0.050211932939398275,0.28865979381443296,0.050211932939398275,0.28865979381443296,0.050211932939398275,0.28865979381443296,0.050211932939398275,0.28865979381443296,0.050211932939398275,0.28865979381443296,0.050211932939398275,0.28865979381443296,0.050211932939398275,0.28865979381443296,0.0,0.0,0.0,0.0,0.0,0.0,0.0,0.0,0.0,0.0
vidstg/search/exposure_5/order1/16,vidstg,search,26,exposure_5,order1,16,True,False,0.23265674276279832,0.6744904261890056,0.2561602856076893,0.8412600370599135,0.23265674276279832,0.6744904261890056,0.23003678055809934,0.6731352334748333,0.2294809648908055,0.6596664607782582,0.22673679087884388,0.6634787806335923,0.22534287527000757,0.6993520518358531,-0.005919951883954444,-0.01101164555541323,-0.029423494728845395,-0.17778125642632114,-0.005919951883954444,-0.01101164555541323,-0.0032999896792554606,-0.009656452841240948,-0.0027441740119616143,0.0038123198553341453
vidstg/search/exposure_5/order1/17,vidstg,search,22,exposure_5,order1,17,False,False,0.4817947602568876,0.6785714285714286,0.4817947602568876,0.6785714285714286,0.4817947602568876,0.6785714285714286,0.4817947602568876,0.6785714285714286,0.4817947602568876,0.6785714285714286,0.4817947602568876,0.6785714285714286,0.4817947602568876,0.6785714285714286,0.0,0.0,0.0,0.0,0.0,0.0,0.0,0.0,0.0,0.0
vidstg/search/exposure_5/order1/18,vidstg,search,5,exposure_5,order1,18,False,False,0.4088018915198505,0.6312056737588653,0.4088018915198505,0.6312056737588653,0.4088018915198505,0.6312056737588653,0.4088018915198505,0.6312056737588653,0.4088018915198505,0.6312056737588653,0.4088018915198505,0.6312056737588653,0.4088018915198505,0.6312056737588653,0.0,0.0,0.0,0.0,0.0,0.0,0.0,0.0,0.0,0.0
vidstg/search/exposure_5/order1/19,vidstg,search,13,exposure_5,order1,19,False,False,0.035826409620150226,0.05448717948717949,0.035826409620150226,0.05448717948717949,0.035826409620150226,0.05448717948717949,0.035826409620150226,0.05448717948717949,0.035826409620150226,0.05448717948717949,0.035826409620150226,0.05448717948717949,0.035826409620150226,0.05448717948717949,0.0,0.0,0.0,0.0,0.0,0.0,0.0,0.0,0.0,0.0
vidstg/search/exposure_5/order1/20,vidstg,search,18,exposure_5,order1,20,True,False,0.0,0.0,0.013476435521605176,0.2616279069767442,0.0,0.0,0.0,0.0,0.0,0.0,0.0,0.0,0.011418457683330495,0.22167487684729065,0.0,0.0,-0.013476435521605176,-0.2616279069767442,0.0,0.0,0.0,0.0,0.0,0.0
vidstg/search/exposure_5/order1/21,vidstg,search,10,exposure_5,order1,21,False,False,0.22689373297780965,0.8282208588957055,0.22689373297780965,0.8282208588957055,0.22689373297780965,0.8282208588957055,0.22689373297780965,0.8282208588957055,0.22689373297780965,0.8282208588957055,0.22689373297780965,0.8282208588957055,0.22689373297780965,0.8282208588957055,0.0,0.0,0.0,0.0,0.0,0.0,0.0,0.0,0.0,0.0
vidstg/search/exposure_5/order1/22,vidstg,search,28,exposure_5,order1,22,False,False,0.6396393847100661,0.9043478260869565,0.6396393847100661,0.9043478260869565,0.6396393847100661,0.9043478260869565,0.6396393847100661,0.9043478260869565,0.6396393847100661,0.9043478260869565,0.6396393847100661,0.9043478260869565,0.6396393847100661,0.9043478260869565,0.0,0.0,0.0,0.0,0.0,0.0,0.0,0.0,0.0,0.0
vidstg/search/exposure_5/order1/23,vidstg,search,31,exposure_5,order1,23,False,False,0.0,0.9222520107238605,0.0,0.9222520107238605,0.0,0.9222520107238605,0.0,0.9222520107238605,0.0,0.9222520107238605,0.0,0.9222520107238605,0.0,0.9222520107238605,0.0,0.0,0.0,0.0,0.0,0.0,0.0,0.0,0.0,0.0
vidstg/search/exposure_5/order1/24,vidstg,search,23,exposure_5,order1,24,True,False,0.0,0.0,0.0,0.0,0.0,0.0,0.0,0.0,0.0,0.0,0.0,0.0,0.0,0.0,0.0,0.0,0.0,0.0,0.0,0.0,0.0,0.0,0.0,0.0
vidstg/search/exposure_5/order1/25,vidstg,search,21,exposure_5,order1,25,False,False,0.29149322461845345,0.7032967032967034,0.29149322461845345,0.7032967032967034,0.29149322461845345,0.7032967032967034,0.29149322461845345,0.7032967032967034,0.29149322461845345,0.7032967032967034,0.29149322461845345,0.7032967032967034,0.29149322461845345,0.7032967032967034,0.0,0.0,0.0,0.0,0.0,0.0,0.0,0.0,0.0,0.0
vidstg/search/exposure_5/order1/26,vidstg,search,11,exposure_5,order1,26,False,False,0.6508650927530738,0.84375,0.6508650927530738,0.84375,0.6508650927530738,0.84375,0.6508650927530738,0.84375,0.6508650927530738,0.84375,0.6508650927530738,0.84375,0.6508650927530738,0.84375,0.0,0.0,0.0,0.0,0.0,0.0,0.0,0.0,0.0,0.0
vidstg/search/exposure_5/order1/27,vidstg,search,12,exposure_5,order1,27,False,False,0.1507075700525012,0.3542319749216301,0.1507075700525012,0.3542319749216301,0.1507075700525012,0.3542319749216301,0.1507075700525012,0.3542319749216301,0.1507075700525012,0.3542319749216301,0.1507075700525012,0.3542319749216301,0.1507075700525012,0.3542319749216301,0.0,0.0,0.0,0.0,0.0,0.0,0.0,0.0,0.0,0.0
vidstg/search/exposure_5/order1/28,vidstg,search,29,exposure_5,order1,28,True,False,0.0,0.0,0.0,0.0,0.0,0.0,0.0,0.0,0.0,0.0,0.0,0.0,0.0,0.21899529042386184,0.0,0.0,0.0,0.0,0.0,0.0,0.0,0.0,0.0,0.0
vidstg/search/exposure_5/order1/29,vidstg,search,16,exposure_5,order1,29,False,False,0.00020107903312597216,0.11219512195121951,0.00020107903312597216,0.11219512195121951,0.00020107903312597216,0.11219512195121951,0.00020107903312597216,0.11219512195121951,0.00020107903312597216,0.11219512195121951,0.00020107903312597216,0.11219512195121951,0.00020107903312597216,0.11219512195121951,0.0,0.0,0.0,0.0,0.0,0.0,0.0,0.0,0.0,0.0
vidstg/search/exposure_5/order1/30,vidstg,search,30,exposure_5,order1,30,False,False,0.14278077050137422,0.3127962085308057,0.14278077050137422,0.3127962085308057,0.14278077050137422,0.3127962085308057,0.14278077050137422,0.3127962085308057,0.14278077050137422,0.3127962085308057,0.14278077050137422,0.3127962085308057,0.14278077050137422,0.3127962085308057,0.0,0.0,0.0,0.0,0.0,0.0,0.0,0.0,0.0,0.0
vidstg/search/exposure_5/order1/31,vidstg,search,14,exposure_5,order1,31,False,False,0.0,0.0,0.0,0.0,0.0,0.0,0.0,0.0,0.0,0.0,0.0,0.0,0.0,0.0,0.0,0.0,0.0,0.0,0.0,0.0,0.0,0.0,0.0,0.0
vidstg/search/exposure_5/order2/0,vidstg,search,1,exposure_5,order2,0,True,False,0.0,0.0,0.0,0.0,0.0,0.0,0.0,0.0,0.0,0.0,0.0,0.0,0.0,0.030063291139240507,0.0,0.0,0.0,0.0,0.0,0.0,0.0,0.0,0.0,0.0
vidstg/search/exposure_5/order2/1,vidstg,search,18,exposure_5,order2,1,False,False,0.0,0.0,0.0,0.0,0.0,0.0,0.0,0.0,0.0,0.0,0.0,0.0,0.0,0.0,0.0,0.0,0.0,0.0,0.0,0.0,0.0,0.0,0.0,0.0
vidstg/search/exposure_5/order2/2,vidstg,search,20,exposure_5,order2,2,False,False,0.3340023901740409,0.4742268041237113,0.3340023901740409,0.4742268041237113,0.3340023901740409,0.4742268041237113,0.3340023901740409,0.4742268041237113,0.3340023901740409,0.4742268041237113,0.3340023901740409,0.4742268041237113,0.3340023901740409,0.4742268041237113,0.0,0.0,0.0,0.0,0.0,0.0,0.0,0.0,0.0,0.0
vidstg/search/exposure_5/order2/3,vidstg,search,22,exposure_5,order2,3,False,False,0.4795104326058376,0.6785714285714286,0.4795104326058376,0.6785714285714286,0.4795104326058376,0.6785714285714286,0.4795104326058376,0.6785714285714286,0.4795104326058376,0.6785714285714286,0.4795104326058376,0.6785714285714286,0.4795104326058376,0.6785714285714286,0.0,0.0,0.0,0.0,0.0,0.0,0.0,0.0,0.0,0.0
vidstg/search/exposure_5/order2/4,vidstg,search,10,exposure_5,order2,4,True,False,0.2378980955662758,0.8282208588957055,0.22945200933315357,0.7988165680473372,0.2378980955662758,0.8282208588957055,0.2378980955662758,0.8282208588957055,0.2378980955662758,0.8282208588957055,0.2378980955662758,0.8282208588957055,0.23443348790458904,0.8742857142857143,0.0,0.0,0.008446086233122235,0.029404290848368264,0.0,0.0,0.0,0.0,0.0,0.0
vidstg/search/exposure_5/order2/5,vidstg,search,17,exposure_5,order2,5,False,False,0.10920560477716244,0.3951612903225806,0.10920560477716244,0.3951612903225806,0.10920560477716244,0.3951612903225806,0.10920560477716244,0.3951612903225806,0.10920560477716244,0.3951612903225806,0.10920560477716244,0.3951612903225806,0.10920560477716244,0.3951612903225806,0.0,0.0,0.0,0.0,0.0,0.0,0.0,0.0,0.0,0.0
vidstg/search/exposure_5/order2/6,vidstg,search,16,exposure_5,order2,6,False,False,0.0,0.11219512195121951,0.0,0.11219512195121951,0.0,0.11219512195121951,0.0,0.11219512195121951,0.0,0.11219512195121951,0.0,0.11219512195121951,0.0,0.11219512195121951,0.0,0.0,0.0,0.0,0.0,0.0,0.0,0.0,0.0,0.0
vidstg/search/exposure_5/order2/7,vidstg,search,13,exposure_5,order2,7,False,False,0.034955641118920126,0.05448717948717949,0.034955641118920126,0.05448717948717949,0.034955641118920126,0.05448717948717949,0.034955641118920126,0.05448717948717949,0.034955641118920126,0.05448717948717949,0.034955641118920126,0.05448717948717949,0.034955641118920126,0.05448717948717949,0.0,0.0,0.0,0.0,0.0,0.0,0.0,0.0,0.0,0.0
vidstg/search/exposure_5/order2/8,vidstg,search,15,exposure_5,order2,8,True,False,0.0,0.0,0.004744871944180582,0.009828009828009828,0.0,0.0,0.011394093303993179,0.02457002457002457,0.04881469447079183,0.10526315789473684,0.0,0.0,0.03483305628263629,0.07390300230946882,0.0,0.0,-0.004744871944180582,-0.009828009828009828,0.0,0.0,-0.011394093303993179,-0.02457002457002457,-0.04881469447079183,-0.10526315789473684
vidstg/search/exposure_5/order2/9,vidstg,search,31,exposure_5,order2,9,False,False,0.0,0.9222520107238605,0.0,0.9222520107238605,0.0,0.9222520107238605,0.0,0.9222520107238605,0.0,0.9222520107238605,0.0,0.9222520107238605,0.0,0.9222520107238605,0.0,0.0,0.0,0.0,0.0,0.0,0.0,0.0,0.0,0.0
vidstg/search/exposure_5/order2/10,vidstg,search,23,exposure_5,order2,10,False,False,0.0,0.0,0.0,0.0,0.0,0.0,0.0,0.0,0.0,0.0,0.0,0.0,0.0,0.0,0.0,0.0,0.0,0.0,0.0,0.0,0.0,0.0,0.0,0.0
vidstg/search/exposure_5/order2/11,vidstg,search,28,exposure_5,order2,11,False,False,0.6374261611612504,0.9043478260869565,0.6374261611612504,0.9043478260869565,0.6374261611612504,0.9043478260869565,0.6374261611612504,0.9043478260869565,0.6374261611612504,0.9043478260869565,0.6374261611612504,0.9043478260869565,0.6374261611612504,0.9043478260869565,0.0,0.0,0.0,0.0,0.0,0.0,0.0,0.0,0.0,0.0
vidstg/search/exposure_5/order2/12,vidstg,search,30,exposure_5,order2,12,True,False,0.10824578262850729,0.3127962085308057,0.11141395187617091,0.32195121951219513,0.10824578262850729,0.3127962085308057,0.10824578262850729,0.3127962085308057,0.10824578262850729,0.3127962085308057,0.10824578262850729,0.3127962085308057,0.12056523671182691,0.35944700460829493,0.0,0.0,-0.003168169247663624,-0.009155010981389433,0.0,0.0,0.0,0.0,0.0,0.0
vidstg/search/exposure_5/order2/13,vidstg,search,21,exposure_5,order2,13,False,False,0.3377049733079449,0.7032967032967034,0.3377049733079449,0.7032967032967034,0.3377049733079449,0.7032967032967034,0.3377049733079449,0.7032967032967034,0.3377049733079449,0.7032967032967034,0.3377049733079449,0.7032967032967034,0.3377049733079449,0.7032967032967034,0.0,0.0,0.0,0.0,0.0,0.0,0.0,0.0,0.0,0.0
vidstg/search/exposure_5/order2/14,vidstg,search,4,exposure_5,order2,14,False,False,0.22804444562370924,0.5048543689320388,0.22804444562370924,0.5048543689320388,0.22804444562370924,0.5048543689320388,0.22804444562370924,0.5048543689320388,0.22804444562370924,0.5048543689320388,0.22804444562370924,0.5048543689320388,0.22804444562370924,0.5048543689320388,0.0,0.0,0.0,0.0,0.0,0.0,0.0,0.0,0.0,0.0
vidstg/search/exposure_5/order2/15,vidstg,search,26,exposure_5,order2,15,False,False,0.24795378362584575,0.6744904261890056,0.24795378362584575,0.6744904261890056,0.24795378362584575,0.6744904261890056,0.24795378362584575,0.6744904261890056,0.24795378362584575,0.6744904261890056,0.24795378362584575,0.6744904261890056,0.24795378362584575,0.6744904261890056,0.0,0.0,0.0,0.0,0.0,0.0,0.0,0.0,0.0,0.0
vidstg/search/exposure_5/order2/16,vidstg,search,11,exposure_5,order2,16,True,False,0.6516921523244926,0.84375,0.5487933914311517,0.7105263157894737,0.6516921523244926,0.84375,0.6516921523244926,0.84375,0.6516921523244926,0.84375,0.6516921523244926,0.84375,0.03464144331292984,0.044850498338870434,0.0,0.0,0.10289876089334093,0.13322368421052633,0.0,0.0,0.0,0.0,0.0,0.0
vidstg/search/exposure_5/order2/17,vidstg,search,14,exposure_5,order2,17,False,False,0.0,0.0,0.0,0.0,0.0,0.0,0.0,0.0,0.0,0.0,0.0,0.0,0.0,0.0,0.0,0.0,0.0,0.0,0.0,0.0,0.0,0.0,0.0,0.0
vidstg/search/exposure_5/order2/18,vidstg,search,27,exposure_5,order2,18,False,False,0.10550465808589646,0.37057220708446864,0.10550465808589646,0.37057220708446864,0.10550465808589646,0.37057220708446864,0.10550465808589646,0.37057220708446864,0.10550465808589646,0.37057220708446864,0.10550465808589646,0.37057220708446864,0.10550465808589646,0.37057220708446864,0.0,0.0,0.0,0.0,0.0,0.0,0.0,0.0,0.0,0.0
vidstg/search/exposure_5/order2/19,vidstg,search,0,exposure_5,order2,19,False,False,0.01185004339993462,0.144136078782453,0.01185004339993462,0.144136078782453,0.01185004339993462,0.144136078782453,0.01185004339993462,0.144136078782453,0.01185004339993462,0.144136078782453,0.01185004339993462,0.144136078782453,0.01185004339993462,0.144136078782453,0.0,0.0,0.0,0.0,0.0,0.0,0.0,0.0,0.0,0.0
vidstg/search/exposure_5/order2/20,vidstg,search,19,exposure_5,order2,20,True,False,0.5832145999872483,0.8169491525423729,0.571589059788167,0.8006644518272426,0.5832145999872483,0.8169491525423729,0.5832145999872483,0.8169491525423729,0.5832145999872483,0.8169491525423729,0.5832145999872483,0.8169491525423729,0.3866254089803107,0.5415730337078651,0.0,0.0,0.011625540199081352,0.01628470071513033,0.0,0.0,0.0,0.0,0.0,0.0
vidstg/search/exposure_5/order2/21,vidstg,search,12,exposure_5,order2,21,False,False,0.09074882516555524,0.3542319749216301,0.09074882516555524,0.3542319749216301,0.09074882516555524,0.3542319749216301,0.09074882516555524,0.3542319749216301,0.09074882516555524,0.3542319749216301,0.09074882516555524,0.3542319749216301,0.09074882516555524,0.3542319749216301,0.0,0.0,0.0,0.0,0.0,0.0,0.0,0.0,0.0,0.0
vidstg/search/exposure_5/order2/22,vidstg,search,8,exposure_5,order2,22,False,False,0.1087264349276288,0.8161209068010076,0.1087264349276288,0.8161209068010076,0.1087264349276288,0.8161209068010076,0.1087264349276288,0.8161209068010076,0.1087264349276288,0.8161209068010076,0.1087264349276288,0.8161209068010076,0.1087264349276288,0.8161209068010076,0.0,0.0,0.0,0.0,0.0,0.0,0.0,0.0,0.0,0.0
vidstg/search/exposure_5/order2/23,vidstg,search,24,exposure_5,order2,23,False,False,0.017736864737264723,0.597667638483965,0.017736864737264723,0.597667638483965,0.017736864737264723,0.597667638483965,0.017736864737264723,0.597667638483965,0.017736864737264723,0.597667638483965,0.017736864737264723,0.597667638483965,0.017736864737264723,0.597667638483965,0.0,0.0,0.0,0.0,0.0,0.0,0.0,0.0,0.0,0.0
vidstg/search/exposure_5/order2/24,vidstg,search,3,exposure_5,order2,24,True,False,0.13317679545897582,0.1987179487179487,0.24063852219592702,0.391025641025641,0.2979334084330525,0.48412698412698413,0.22614222567810008,0.3674698795180723,0.2979334084330525,0.48412698412698413,0.13317679545897582,0.1987179487179487,0.25503363027085113,0.4897959183673469,0.0,0.0,-0.1074617267369512,-0.19230769230769232,-0.16475661297407668,-0.2854090354090354,-0.09296543021912426,-0.1687519308001236,-0.16475661297407668,-0.2854090354090354
vidstg/search/exposure_5/order2/25,vidstg,search,5,exposure_5,order2,25,False,False,0.4155298679031515,0.6312056737588653,0.4155298679031515,0.6312056737588653,0.4155298679031515,0.6312056737588653,0.4155298679031515,0.6312056737588653,0.4155298679031515,0.6312056737588653,0.4155298679031515,0.6312056737588653,0.4155298679031515,0.6312056737588653,0.0,0.0,0.0,0.0,0.0,0.0,0.0,0.0,0.0,0.0
vidstg/search/exposure_5/order2/26,vidstg,search,2,exposure_5,order2,26,False,False,0.32815902948240816,0.8333333333333334,0.32815902948240816,0.8333333333333334,0.32815902948240816,0.8333333333333334,0.32815902948240816,0.8333333333333334,0.32815902948240816,0.8333333333333334,0.32815902948240816,0.8333333333333334,0.32815902948240816,0.8333333333333334,0.0,0.0,0.0,0.0,0.0,0.0,0.0,0.0,0.0,0.0
vidstg/search/exposure_5/order2/27,vidstg,search,7,exposure_5,order2,27,False,False,0.0,0.0,0.0,0.0,0.0,0.0,0.0,0.0,0.0,0.0,0.0,0.0,0.0,0.0,0.0,0.0,0.0,0.0,0.0,0.0,0.0,0.0,0.0,0.0
vidstg/search/exposure_5/order2/28,vidstg,search,6,exposure_5,order2,28,True,False,0.4495975390418325,0.5986842105263158,0.7708769075594853,0.9733333333333334,0.6412153986802847,0.8223684210526315,0.21025722521568505,0.2671232876712329,0.6412153986802847,0.8223684210526315,0.3254229806398026,0.43333333333333335,0.07059312340288328,0.08913308913308914,-0.1241745584020299,-0.16535087719298247,-0.4454539269196828,-0.54,-0.3157924180404821,-0.3890350877192982,0.11516575542411753,0.16621004566210046,-0.3157924180404821,-0.3890350877192982
vidstg/search/exposure_5/order2/29,vidstg,search,9,exposure_5,order2,29,False,False,0.06001169613424505,0.28865979381443296,0.06001169613424505,0.28865979381443296,0.06001169613424505,0.28865979381443296,0.06001169613424505,0.28865979381443296,0.06001169613424505,0.28865979381443296,0.06001169613424505,0.28865979381443296,0.06001169613424505,0.28865979381443296,0.0,0.0,0.0,0.0,0.0,0.0,0.0,0.0,0.0,0.0
vidstg/search/exposure_5/order2/30,vidstg,search,25,exposure_5,order2,30,False,False,0.08538336796832446,0.11174785100286533,0.08538336796832446,0.11174785100286533,0.08538336796832446,0.11174785100286533,0.08538336796832446,0.11174785100286533,0.08538336796832446,0.11174785100286533,0.08538336796832446,0.11174785100286533,0.08538336796832446,0.11174785100286533,0.0,0.0,0.0,0.0,0.0,0.0,0.0,0.0,0.0,0.0
vidstg/search/exposure_5/order2/31,vidstg,search,29,exposure_5,order2,31,False,False,0.0,0.0,0.0,0.0,0.0,0.0,0.0,0.0,0.0,0.0,0.0,0.0,0.0,0.0,0.0,0.0,0.0,0.0,0.0,0.0,0.0,0.0,0.0,0.0
vidstg/confirm/clean/order1/0,vidstg,confirm,38,clean,order1,0,True,False,0.044317744935804156,0.17674418604651163,0.04494488283583912,0.1792452830188679,0.044317744935804156,0.17674418604651163,0.044317744935804156,0.17674418604651163,0.044317744935804156,0.17674418604651163,0.044317744935804156,0.17674418604651163,0.0318210184752031,0.12779552715654952,0.0,0.0,-0.0006271379000349631,-0.002501096972356287,0.0,0.0,0.0,0.0,0.0,0.0
vidstg/confirm/clean/order1/1,vidstg,confirm,40,clean,order1,1,False,False,0.48677458382429767,0.8473895582329317,0.48677458382429767,0.8473895582329317,0.48677458382429767,0.8473895582329317,0.48677458382429767,0.8473895582329317,0.48677458382429767,0.8473895582329317,0.48677458382429767,0.8473895582329317,0.48677458382429767,0.8473895582329317,0.0,0.0,0.0,0.0,0.0,0.0,0.0,0.0,0.0,0.0
vidstg/confirm/clean/order1/2,vidstg,confirm,43,clean,order1,2,False,False,0.009059761260609655,0.5368663594470046,0.009059761260609655,0.5368663594470046,0.009059761260609655,0.5368663594470046,0.009059761260609655,0.5368663594470046,0.009059761260609655,0.5368663594470046,0.009059761260609655,0.5368663594470046,0.009059761260609655,0.5368663594470046,0.0,0.0,0.0,0.0,0.0,0.0,0.0,0.0,0.0,0.0
vidstg/confirm/clean/order1/3,vidstg,confirm,46,clean,order1,3,False,False,0.17951339209516096,0.2645161290322581,0.17951339209516096,0.2645161290322581,0.17951339209516096,0.2645161290322581,0.17951339209516096,0.2645161290322581,0.17951339209516096,0.2645161290322581,0.17951339209516096,0.2645161290322581,0.17951339209516096,0.2645161290322581,0.0,0.0,0.0,0.0,0.0,0.0,0.0,0.0,0.0,0.0
vidstg/confirm/clean/order1/4,vidstg,confirm,34,clean,order1,4,True,False,0.17866592852976407,0.2914285714285714,0.19181924842152584,0.3128834355828221,0.17866592852976407,0.2914285714285714,0.17866592852976407,0.2914285714285714,0.17866592852976407,0.2914285714285714,0.17866592852976407,0.2914285714285714,0.1440854262336807,0.2350230414746544,0.0,0.0,-0.013153319891761772,-0.021454864154250686,0.0,0.0,0.0,0.0,0.0,0.0
vidstg/confirm/clean/order1/5,vidstg,confirm,37,clean,order1,5,False,False,0.4461055557633001,0.9649122807017544,0.4461055557633001,0.9649122807017544,0.4461055557633001,0.9649122807017544,0.4461055557633001,0.9649122807017544,0.4461055557633001,0.9649122807017544,0.4461055557633001,0.9649122807017544,0.4461055557633001,0.9649122807017544,0.0,0.0,0.0,0.0,0.0,0.0,0.0,0.0,0.0,0.0
vidstg/confirm/clean/order1/6,vidstg,confirm,44,clean,order1,6,False,False,0.623544876467042,0.7602040816326531,0.623544876467042,0.7602040816326531,0.623544876467042,0.7602040816326531,0.623544876467042,0.7602040816326531,0.623544876467042,0.7602040816326531,0.623544876467042,0.7602040816326531,0.623544876467042,0.7602040816326531,0.0,0.0,0.0,0.0,0.0,0.0,0.0,0.0,0.0,0.0
vidstg/confirm/clean/order1/7,vidstg,confirm,45,clean,order1,7,False,False,0.05478640167392588,0.09898762654668167,0.05478640167392588,0.09898762654668167,0.05478640167392588,0.09898762654668167,0.05478640167392588,0.09898762654668167,0.05478640167392588,0.09898762654668167,0.05478640167392588,0.09898762654668167,0.05478640167392588,0.09898762654668167,0.0,0.0,0.0,0.0,0.0,0.0,0.0,0.0,0.0,0.0
vidstg/confirm/clean/order1/8,vidstg,confirm,36,clean,order1,8,True,False,0.5896317177372823,0.8223140495867769,0.6175307307026215,0.871900826446281,0.5896317177372823,0.8223140495867769,0.06004880091590735,0.0950920245398773,0.664472380173859,0.9214876033057852,0.41846762892055067,0.5743801652892562,0.32200459072539106,0.4523364485981308,-0.17116408881673162,-0.24793388429752072,-0.19906310178207087,-0.2975206611570248,-0.17116408881673162,-0.24793388429752072,0.3584188280046433,0.47928814074937887,-0.24600475125330834,-0.347107438016529
vidstg/confirm/clean/order1/9,vidstg,confirm,35,clean,order1,9,False,False,0.460754350147012,0.9537037037037037,0.460754350147012,0.9537037037037037,0.460754350147012,0.9537037037037037,0.460754350147012,0.9537037037037037,0.460754350147012,0.9537037037037037,0.460754350147012,0.9537037037037037,0.460754350147012,0.9537037037037037,0.0,0.0,0.0,0.0,0.0,0.0,0.0,0.0,0.0,0.0
vidstg/confirm/clean/order1/10,vidstg,confirm,42,clean,order1,10,False,False,0.6265845905207785,0.7427536231884058,0.6265845905207785,0.7427536231884058,0.6265845905207785,0.7427536231884058,0.6265845905207785,0.7427536231884058,0.6265845905207785,0.7427536231884058,0.6265845905207785,0.7427536231884058,0.6265845905207785,0.7427536231884058,0.0,0.0,0.0,0.0,0.0,0.0,0.0,0.0,0.0,0.0
vidstg/confirm/clean/order1/11,vidstg,confirm,39,clean,order1,11,False,False,0.029488125831656546,0.06593406593406594,0.029488125831656546,0.06593406593406594,0.029488125831656546,0.06593406593406594,0.029488125831656546,0.06593406593406594,0.029488125831656546,0.06593406593406594,0.029488125831656546,0.06593406593406594,0.029488125831656546,0.06593406593406594,0.0,0.0,0.0,0.0,0.0,0.0,0.0,0.0,0.0,0.0
vidstg/confirm/clean/order1/12,vidstg,confirm,41,clean,order1,12,True,False,0.20903311261430313,0.902834008097166,0.17133281874697617,0.805668016194332,0.20903311261430313,0.902834008097166,0.20903311261430313,0.902834008097166,0.20903311261430313,0.902834008097166,0.20903311261430313,0.902834008097166,0.24716880242865166,1.0,0.0,0.0,0.037700293867326956,0.09716599190283393,0.0,0.0,0.0,0.0,0.0,0.0
vidstg/confirm/clean/order1/13,vidstg,confirm,47,clean,order1,13,False,False,0.6823544465487231,0.9323432343234324,0.6823544465487231,0.9323432343234324,0.6823544465487231,0.9323432343234324,0.6823544465487231,0.9323432343234324,0.6823544465487231,0.9323432343234324,0.6823544465487231,0.9323432343234324,0.6823544465487231,0.9323432343234324,0.0,0.0,0.0,0.0,0.0,0.0,0.0,0.0,0.0,0.0
vidstg/confirm/clean/order1/14,vidstg,confirm,32,clean,order1,14,False,False,0.8067029981478873,0.9532374100719424,0.8067029981478873,0.9532374100719424,0.8067029981478873,0.9532374100719424,0.8067029981478873,0.9532374100719424,0.8067029981478873,0.9532374100719424,0.8067029981478873,0.9532374100719424,0.8067029981478873,0.9532374100719424,0.0,0.0,0.0,0.0,0.0,0.0,0.0,0.0,0.0,0.0
vidstg/confirm/clean/order1/15,vidstg,confirm,33,clean,order1,15,False,False,0.045277914367229145,0.054313099041533544,0.045277914367229145,0.054313099041533544,0.045277914367229145,0.054313099041533544,0.045277914367229145,0.054313099041533544,0.045277914367229145,0.054313099041533544,0.045277914367229145,0.054313099041533544,0.045277914367229145,0.054313099041533544,0.0,0.0,0.0,0.0,0.0,0.0,0.0,0.0,0.0,0.0
vidstg/confirm/clean/order2/0,vidstg,confirm,45,clean,order2,0,True,False,0.053958813585813184,0.09898762654668167,0.04069686630782114,0.07681159420289856,0.053958813585813184,0.09898762654668167,0.053240161240608125,0.097669256381798,0.053958813585813184,0.09898762654668167,0.053240161240608125,0.097669256381798,0.04091526678245871,0.07810320781032078,-0.0007186523452050592,-0.0013183701648836615,0.012543294932786983,0.02085766217889945,-0.0007186523452050592,-0.0013183701648836615,0.0,0.0,-0.0007186523452050592,-0.0013183701648836615
vidstg/confirm/clean/order2/1,vidstg,confirm,47,clean,order2,1,False,False,0.701965523333706,0.9323432343234324,0.701965523333706,0.9323432343234324,0.701965523333706,0.9323432343234324,0.701965523333706,0.9323432343234324,0.701965523333706,0.9323432343234324,0.701965523333706,0.9323432343234324,0.701965523333706,0.9323432343234324,0.0,0.0,0.0,0.0,0.0,0.0,0.0,0.0,0.0,0.0
vidstg/confirm/clean/order2/2,vidstg,confirm,36,clean,order2,2,False,False,0.6018802611003279,0.8223140495867769,0.6018802611003279,0.8223140495867769,0.6018802611003279,0.8223140495867769,0.6018802611003279,0.8223140495867769,0.6018802611003279,0.8223140495867769,0.6018802611003279,0.8223140495867769,0.6018802611003279,0.8223140495867769,0.0,0.0,0.0,0.0,0.0,0.0,0.0,0.0,0.0,0.0
vidstg/confirm/clean/order2/3,vidstg,confirm,41,clean,order2,3,False,False,0.1954812756326596,0.902834008097166,0.1954812756326596,0.902834008097166,0.1954812756326596,0.902834008097166,0.1954812756326596,0.902834008097166,0.1954812756326596,0.902834008097166,0.1954812756326596,0.902834008097166,0.1954812756326596,0.902834008097166,0.0,0.0,0.0,0.0,0.0,0.0,0.0,0.0,0.0,0.0
vidstg/confirm/clean/order2/4,vidstg,confirm,33,clean,order2,4,True,False,0.042942662477474615,0.054313099041533544,0.03918674447652931,0.04956268221574344,0.43358236630482433,0.5483870967741935,0.0450492815971099,0.05623471882640587,0.4979771938707554,0.6216216216216216,0.0,0.0,0.03878980246993253,0.04842105263157895,-0.042942662477474615,-0.054313099041533544,-0.03918674447652931,-0.04956268221574344,-0.43358236630482433,-0.5483870967741935,-0.0450492815971099,-0.05623471882640587,-0.4979771938707554,-0.6216216216216216
vidstg/confirm/clean/order2/5,vidstg,confirm,38,clean,order2,5,False,False,0.04342460964319792,0.17674418604651163,0.04342460964319792,0.17674418604651163,0.04342460964319792,0.17674418604651163,0.04342460964319792,0.17674418604651163,0.04342460964319792,0.17674418604651163,0.04342460964319792,0.17674418604651163,0.04342460964319792,0.17674418604651163,0.0,0.0,0.0,0.0,0.0,0.0,0.0,0.0,0.0,0.0
vidstg/confirm/clean/order2/6,vidstg,confirm,32,clean,order2,6,False,False,0.7929393285149836,0.9532374100719424,0.7929393285149836,0.9532374100719424,0.7929393285149836,0.9532374100719424,0.7929393285149836,0.9532374100719424,0.7929393285149836,0.9532374100719424,0.7929393285149836,0.9532374100719424,0.7929393285149836,0.9532374100719424,0.0,0.0,0.0,0.0,0.0,0.0,0.0,0.0,0.0,0.0
vidstg/confirm/clean/order2/7,vidstg,confirm,34,clean,order2,7,False,False,0.1763292821451926,0.2914285714285714,0.1763292821451926,0.2914285714285714,0.1763292821451926,0.2914285714285714,0.1763292821451926,0.2914285714285714,0.1763292821451926,0.2914285714285714,0.1763292821451926,0.2914285714285714,0.1763292821451926,0.2914285714285714,0.0,0.0,0.0,0.0,0.0,0.0,0.0,0.0,0.0,0.0
vidstg/confirm/clean/order2/8,vidstg,confirm,40,clean,order2,8,True,False,0.4467777342251405,0.8473895582329317,0.4106129408083417,0.7753623188405797,0.4467777342251405,0.8473895582329317,0.4467777342251405,0.8473895582329317,0.45780928321835385,0.8683127572016461,0.4467777342251405,0.8473895582329317,0.33137184696813543,0.6257309941520468,0.0,0.0,0.03616479341679879,0.072027239392352,0.0,0.0,0.0,0.0,-0.011031548993213347,-0.020923198968714418
vidstg/confirm/clean/order2/9,vidstg,confirm,44,clean,order2,9,False,False,0.6304664623435203,0.7602040816326531,0.6304664623435203,0.7602040816326531,0.6304664623435203,0.7602040816326531,0.6304664623435203,0.7602040816326531,0.6304664623435203,0.7602040816326531,0.6304664623435203,0.7602040816326531,0.6304664623435203,0.7602040816326531,0.0,0.0,0.0,0.0,0.0,0.0,0.0,0.0,0.0,0.0
vidstg/confirm/clean/order2/10,vidstg,confirm,35,clean,order2,10,False,False,0.43702665567864124,0.9537037037037037,0.43702665567864124,0.9537037037037037,0.43702665567864124,0.9537037037037037,0.43702665567864124,0.9537037037037037,0.43702665567864124,0.9537037037037037,0.43702665567864124,0.9537037037037037,0.43702665567864124,0.9537037037037037,0.0,0.0,0.0,0.0,0.0,0.0,0.0,0.0,0.0,0.0
vidstg/confirm/clean/order2/11,vidstg,confirm,42,clean,order2,11,False,False,0.6389130473520374,0.7427536231884058,0.6389130473520374,0.7427536231884058,0.6389130473520374,0.7427536231884058,0.6389130473520374,0.7427536231884058,0.6389130473520374,0.7427536231884058,0.6389130473520374,0.7427536231884058,0.6389130473520374,0.7427536231884058,0.0,0.0,0.0,0.0,0.0,0.0,0.0,0.0,0.0,0.0
vidstg/confirm/clean/order2/12,vidstg,confirm,37,clean,order2,12,True,False,0.43136058949167616,0.9649122807017544,0.390278628587707,0.873015873015873,0.43136058949167616,0.9649122807017544,0.25892694397786,0.5876288659793815,0.3748643815798869,0.8507462686567164,0.2438438210276934,0.5533980582524272,0.04858010360899888,0.1102514506769826,-0.18751676846398277,-0.4115142224493272,-0.14643480756001362,-0.31961781476344586,-0.18751676846398277,-0.4115142224493272,-0.015083122950166589,-0.034230807726954304,-0.1310205605521935,-0.29734821040428927
vidstg/confirm/clean/order2/13,vidstg,confirm,46,clean,order2,13,False,False,0.1790734371423504,0.2645161290322581,0.1790734371423504,0.2645161290322581,0.1790734371423504,0.2645161290322581,0.1790734371423504,0.2645161290322581,0.1790734371423504,0.2645161290322581,0.1790734371423504,0.2645161290322581,0.1790734371423504,0.2645161290322581,0.0,0.0,0.0,0.0,0.0,0.0,0.0,0.0,0.0,0.0
vidstg/confirm/clean/order2/14,vidstg,confirm,39,clean,order2,14,False,False,0.031394598509569396,0.06593406593406594,0.031394598509569396,0.06593406593406594,0.031394598509569396,0.06593406593406594,0.031394598509569396,0.06593406593406594,0.031394598509569396,0.06593406593406594,0.031394598509569396,0.06593406593406594,0.031394598509569396,0.06593406593406594,0.0,0.0,0.0,0.0,0.0,0.0,0.0,0.0,0.0,0.0
vidstg/confirm/clean/order2/15,vidstg,confirm,43,clean,order2,15,False,False,0.017735726122907802,0.5368663594470046,0.017735726122907802,0.5368663594470046,0.017735726122907802,0.5368663594470046,0.017735726122907802,0.5368663594470046,0.017735726122907802,0.5368663594470046,0.017735726122907802,0.5368663594470046,0.017735726122907802,0.5368663594470046,0.0,0.0,0.0,0.0,0.0,0.0,0.0,0.0,0.0,0.0
vidstg/confirm/frame_drop_5/order1/0,vidstg,confirm,38,frame_drop_5,order1,0,True,False,0.0,0.0,0.0015377688797991577,0.02577319587628866,0.0,0.0,0.0,0.0,0.0,0.0,0.0,0.0,0.017087250979649766,0.12779552715654952,0.0,0.0,-0.0015377688797991577,-0.02577319587628866,0.0,0.0,0.0,0.0,0.0,0.0
vidstg/confirm/frame_drop_5/order1/1,vidstg,confirm,40,frame_drop_5,order1,1,False,False,0.48343277055473227,0.8473895582329317,0.48343277055473227,0.8473895582329317,0.48343277055473227,0.8473895582329317,0.48343277055473227,0.8473895582329317,0.48343277055473227,0.8473895582329317,0.48343277055473227,0.8473895582329317,0.48343277055473227,0.8473895582329317,0.0,0.0,0.0,0.0,0.0,0.0,0.0,0.0,0.0,0.0
vidstg/confirm/frame_drop_5/order1/2,vidstg,confirm,43,frame_drop_5,order1,2,False,False,0.008572355285645004,0.544392523364486,0.008572355285645004,0.544392523364486,0.008572355285645004,0.544392523364486,0.008572355285645004,0.544392523364486,0.008572355285645004,0.544392523364486,0.008572355285645004,0.544392523364486,0.008572355285645004,0.544392523364486,0.0,0.0,0.0,0.0,0.0,0.0,0.0,0.0,0.0,0.0
vidstg/confirm/frame_drop_5/order1/3,vidstg,confirm,46,frame_drop_5,order1,3,False,False,0.18038117618626862,0.2645161290322581,0.18038117618626862,0.2645161290322581,0.18038117618626862,0.2645161290322581,0.18038117618626862,0.2645161290322581,0.18038117618626862,0.2645161290322581,0.18038117618626862,0.2645161290322581,0.18038117618626862,0.2645161290322581,0.0,0.0,0.0,0.0,0.0,0.0,0.0,0.0,0.0,0.0
vidstg/confirm/frame_drop_5/order1/4,vidstg,confirm,34,frame_drop_5,order1,4,True,False,0.1778098524388945,0.2914285714285714,0.1441921873040965,0.23699421965317918,0.1778098524388945,0.2914285714285714,0.1778098524388945,0.2914285714285714,0.1778098524388945,0.2914285714285714,0.1778098524388945,0.2914285714285714,0.14339504228943106,0.2350230414746544,0.0,0.0,0.033617665134798,0.05443435177539224,0.0,0.0,0.0,0.0,0.0,0.0
vidstg/confirm/frame_drop_5/order1/5,vidstg,confirm,37,frame_drop_5,order1,5,False,False,0.44053555612359274,0.9649122807017544,0.44053555612359274,0.9649122807017544,0.44053555612359274,0.9649122807017544,0.44053555612359274,0.9649122807017544,0.44053555612359274,0.9649122807017544,0.44053555612359274,0.9649122807017544,0.44053555612359274,0.9649122807017544,0.0,0.0,0.0,0.0,0.0,0.0,0.0,0.0,0.0,0.0
vidstg/confirm/frame_drop_5/order1/6,vidstg,confirm,44,frame_drop_5,order1,6,False,False,0.4491037220007059,0.5459183673469388,0.4491037220007059,0.5459183673469388,0.4491037220007059,0.5459183673469388,0.4491037220007059,0.5459183673469388,0.4491037220007059,0.5459183673469388,0.4491037220007059,0.5459183673469388,0.4491037220007059,0.5459183673469388,0.0,0.0,0.0,0.0,0.0,0.0,0.0,0.0,0.0,0.0
vidstg/confirm/frame_drop_5/order1/7,vidstg,confirm,45,frame_drop_5,order1,7,False,False,0.04731504618616737,0.08149010477299184,0.04731504618616737,0.08149010477299184,0.04731504618616737,0.08149010477299184,0.04731504618616737,0.08149010477299184,0.04731504618616737,0.08149010477299184,0.04731504618616737,0.08149010477299184,0.04731504618616737,0.08149010477299184,0.0,0.0,0.0,0.0,0.0,0.0,0.0,0.0,0.0,0.0
vidstg/confirm/frame_drop_5/order1/8,vidstg,confirm,36,frame_drop_5,order1,8,True,False,0.44276397261542216,0.6239669421487604,0.38729650733654786,0.5247933884297521,0.6073292698187207,0.888030888030888,0.1585896640722887,0.21467391304347827,0.49309805919450994,0.7210031347962382,0.32868472392155146,0.47520661157024796,0.3066250549529369,0.4523364485981308,-0.1140792486938707,-0.1487603305785124,-0.0586117834149964,-0.049586776859504134,-0.27864454589716925,-0.41282427646064007,0.17009505984926276,0.2605326985267697,-0.16441333527295848,-0.24579652322599027
vidstg/confirm/frame_drop_5/order1/9,vidstg,confirm,35,frame_drop_5,order1,9,False,False,0.44695061205894177,0.9537037037037037,0.44695061205894177,0.9537037037037037,0.44695061205894177,0.9537037037037037,0.44695061205894177,0.9537037037037037,0.44695061205894177,0.9537037037037037,0.44695061205894177,0.9537037037037037,0.44695061205894177,0.9537037037037037,0.0,0.0,0.0,0.0,0.0,0.0,0.0,0.0,0.0,0.0
vidstg/confirm/frame_drop_5/order1/10,vidstg,confirm,42,frame_drop_5,order1,10,False,False,0.6270669806060305,0.7427536231884058,0.6270669806060305,0.7427536231884058,0.6270669806060305,0.7427536231884058,0.6270669806060305,0.7427536231884058,0.6270669806060305,0.7427536231884058,0.6270669806060305,0.7427536231884058,0.6270669806060305,0.7427536231884058,0.0,0.0,0.0,0.0,0.0,0.0,0.0,0.0,0.0,0.0
vidstg/confirm/frame_drop_5/order1/11,vidstg,confirm,39,frame_drop_5,order1,11,False,False,0.10329279852884386,0.24,0.10329279852884386,0.24,0.10329279852884386,0.24,0.10329279852884386,0.24,0.10329279852884386,0.24,0.10329279852884386,0.24,0.10329279852884386,0.24,0.0,0.0,0.0,0.0,0.0,0.0,0.0,0.0,0.0,0.0
vidstg/confirm/frame_drop_5/order1/12,vidstg,confirm,41,frame_drop_5,order1,12,True,False,0.2000593795743555,0.8299595141700404,0.15823609024713942,0.6842105263157895,0.2000593795743555,0.8299595141700404,0.2000593795743555,0.8299595141700404,0.2000593795743555,0.8299595141700404,0.2000593795743555,0.8299595141700404,0.25782976915546746,1.0,0.0,0.0,0.04182328932721607,0.14574898785425094,0.0,0.0,0.0,0.0,0.0,0.0
vidstg/confirm/frame_drop_5/order1/13,vidstg,confirm,47,frame_drop_5,order1,13,False,False,0.6601896593821198,0.8828382838283828,0.6601896593821198,0.8828382838283828,0.6601896593821198,0.8828382838283828,0.6601896593821198,0.8828382838283828,0.6601896593821198,0.8828382838283828,0.6601896593821198,0.8828382838283828,0.6601896593821198,0.8828382838283828,0.0,0.0,0.0,0.0,0.0,0.0,0.0,0.0,0.0,0.0
vidstg/confirm/frame_drop_5/order1/14,vidstg,confirm,32,frame_drop_5,order1,14,False,False,0.5468359814209147,0.658273381294964,0.5468359814209147,0.658273381294964,0.5468359814209147,0.658273381294964,0.5468359814209147,0.658273381294964,0.5468359814209147,0.658273381294964,0.5468359814209147,0.658273381294964,0.5468359814209147,0.658273381294964,0.0,0.0,0.0,0.0,0.0,0.0,0.0,0.0,0.0,0.0
vidstg/confirm/frame_drop_5/order1/15,vidstg,confirm,33,frame_drop_5,order1,15,False,False,0.0426453683882424,0.054313099041533544,0.0426453683882424,0.054313099041533544,0.0426453683882424,0.054313099041533544,0.0426453683882424,0.054313099041533544,0.0426453683882424,0.054313099041533544,0.0426453683882424,0.054313099041533544,0.0426453683882424,0.054313099041533544,0.0,0.0,0.0,0.0,0.0,0.0,0.0,0.0,0.0,0.0
vidstg/confirm/frame_drop_5/order2/0,vidstg,confirm,45,frame_drop_5,order2,0,True,False,0.04672153738431414,0.08149010477299184,0.04068741435650995,0.07681159420289856,0.04987183267335036,0.08847497089639116,0.04987183267335036,0.08847497089639116,0.04987183267335036,0.08847497089639116,0.04514488257944414,0.07874015748031496,0.03915525230961209,0.07391910739191074,-0.0015766548048699938,-0.0027499472926768853,0.004457468222934191,0.0019285632774164035,-0.004726950093906217,-0.009734813416076196,-0.004726950093906217,-0.009734813416076196,-0.004726950093906217,-0.009734813416076196
vidstg/confirm/frame_drop_5/order2/1,vidstg,confirm,47,frame_drop_5,order2,1,False,False,0.6667643897978274,0.8828382838283828,0.6667643897978274,0.8828382838283828,0.6667643897978274,0.8828382838283828,0.6667643897978274,0.8828382838283828,0.6667643897978274,0.8828382838283828,0.6667643897978274,0.8828382838283828,0.6667643897978274,0.8828382838283828,0.0,0.0,0.0,0.0,0.0,0.0,0.0,0.0,0.0,0.0
vidstg/confirm/frame_drop_5/order2/2,vidstg,confirm,36,frame_drop_5,order2,2,False,False,0.44874682827088924,0.6239669421487604,0.44874682827088924,0.6239669421487604,0.44874682827088924,0.6239669421487604,0.44874682827088924,0.6239669421487604,0.44874682827088924,0.6239669421487604,0.44874682827088924,0.6239669421487604,0.44874682827088924,0.6239669421487604,0.0,0.0,0.0,0.0,0.0,0.0,0.0,0.0,0.0,0.0
vidstg/confirm/frame_drop_5/order2/3,vidstg,confirm,41,frame_drop_5,order2,3,False,False,0.20151600781353593,0.8299595141700404,0.20151600781353593,0.8299595141700404,0.20151600781353593,0.8299595141700404,0.20151600781353593,0.8299595141700404,0.20151600781353593,0.8299595141700404,0.20151600781353593,0.8299595141700404,0.20151600781353593,0.8299595141700404,0.0,0.0,0.0,0.0,0.0,0.0,0.0,0.0,0.0,0.0
vidstg/confirm/frame_drop_5/order2/4,vidstg,confirm,33,frame_drop_5,order2,4,True,False,0.04297104205700182,0.054313099041533544,0.03921264187708913,0.04956268221574344,0.4338689085110184,0.5483870967741935,0.04507385291679421,0.05623471882640587,0.49824880656672516,0.6216216216216216,0.0,0.0,0.03881095966940806,0.04842105263157895,-0.04297104205700182,-0.054313099041533544,-0.03921264187708913,-0.04956268221574344,-0.4338689085110184,-0.5483870967741935,-0.04507385291679421,-0.05623471882640587,-0.49824880656672516,-0.6216216216216216
vidstg/confirm/frame_drop_5/order2/5,vidstg,confirm,38,frame_drop_5,order2,5,False,False,0.0,0.0,0.0,0.0,0.0,0.0,0.0,0.0,0.0,0.0,0.0,0.0,0.0,0.0,0.0,0.0,0.0,0.0,0.0,0.0,0.0,0.0,0.0,0.0
vidstg/confirm/frame_drop_5/order2/6,vidstg,confirm,32,frame_drop_5,order2,6,False,False,0.5375783833276684,0.658273381294964,0.5375783833276684,0.658273381294964,0.5375783833276684,0.658273381294964,0.5375783833276684,0.658273381294964,0.5375783833276684,0.658273381294964,0.5375783833276684,0.658273381294964,0.5375783833276684,0.658273381294964,0.0,0.0,0.0,0.0,0.0,0.0,0.0,0.0,0.0,0.0
vidstg/confirm/frame_drop_5/order2/7,vidstg,confirm,34,frame_drop_5,order2,7,False,False,0.176416695468016,0.2914285714285714,0.176416695468016,0.2914285714285714,0.176416695468016,0.2914285714285714,0.176416695468016,0.2914285714285714,0.176416695468016,0.2914285714285714,0.176416695468016,0.2914285714285714,0.176416695468016,0.2914285714285714,0.0,0.0,0.0,0.0,0.0,0.0,0.0,0.0,0.0,0.0
vidstg/confirm/frame_drop_5/order2/8,vidstg,confirm,40,frame_drop_5,order2,8,True,False,0.4471410374115025,0.8473895582329317,0.41095319481866854,0.7753623188405797,0.4471410374115025,0.8473895582329317,0.4471410374115025,0.8473895582329317,0.45818155685376183,0.8683127572016461,0.4471410374115025,0.8473895582329317,0.33164643792383774,0.6257309941520468,0.0,0.0,0.036187842592833974,0.072027239392352,0.0,0.0,0.0,0.0,-0.011040519442259311,-0.020923198968714418
vidstg/confirm/frame_drop_5/order2/9,vidstg,confirm,44,frame_drop_5,order2,9,False,False,0.4538408430551952,0.5459183673469388,0.4538408430551952,0.5459183673469388,0.4538408430551952,0.5459183673469388,0.4538408430551952,0.5459183673469388,0.4538408430551952,0.5459183673469388,0.4538408430551952,0.5459183673469388,0.4538408430551952,0.5459183673469388,0.0,0.0,0.0,0.0,0.0,0.0,0.0,0.0,0.0,0.0
vidstg/confirm/frame_drop_5/order2/10,vidstg,confirm,35,frame_drop_5,order2,10,False,False,0.44037390205140314,0.9537037037037037,0.44037390205140314,0.9537037037037037,0.44037390205140314,0.9537037037037037,0.44037390205140314,0.9537037037037037,0.44037390205140314,0.9537037037037037,0.44037390205140314,0.9537037037037037,0.44037390205140314,0.9537037037037037,0.0,0.0,0.0,0.0,0.0,0.0,0.0,0.0,0.0,0.0
vidstg/confirm/frame_drop_5/order2/11,vidstg,confirm,42,frame_drop_5,order2,11,False,False,0.6388010416770163,0.7427536231884058,0.6388010416770163,0.7427536231884058,0.6388010416770163,0.7427536231884058,0.6388010416770163,0.7427536231884058,0.6388010416770163,0.7427536231884058,0.6388010416770163,0.7427536231884058,0.6388010416770163,0.7427536231884058,0.0,0.0,0.0,0.0,0.0,0.0,0.0,0.0,0.0,0.0
vidstg/confirm/frame_drop_5/order2/12,vidstg,confirm,37,frame_drop_5,order2,12,True,False,0.4317570892190534,0.9649122807017544,0.39063736643628644,0.873015873015873,0.4317570892190534,0.9649122807017544,0.2591653128814583,0.5876288659793815,0.3752094828283799,0.8507462686567164,0.2440683043640918,0.5533980582524272,0.04862482659478038,0.1102514506769826,-0.18768878485496163,-0.4115142224493272,-0.14656906207219464,-0.31961781476344586,-0.18768878485496163,-0.4115142224493272,-0.015097008517366478,-0.034230807726954304,-0.1311411784642881,-0.29734821040428927
vidstg/confirm/frame_drop_5/order2/13,vidstg,confirm,46,frame_drop_5,order2,13,False,False,0.17862308360031467,0.2645161290322581,0.17862308360031467,0.2645161290322581,0.17862308360031467,0.2645161290322581,0.17862308360031467,0.2645161290322581,0.17862308360031467,0.2645161290322581,0.17862308360031467,0.2645161290322581,0.17862308360031467,0.2645161290322581,0.0,0.0,0.0,0.0,0.0,0.0,0.0,0.0,0.0,0.0
vidstg/confirm/frame_drop_5/order2/14,vidstg,confirm,39,frame_drop_5,order2,14,False,False,0.11494595499431455,0.24,0.11494595499431455,0.24,0.11494595499431455,0.24,0.11494595499431455,0.24,0.11494595499431455,0.24,0.11494595499431455,0.24,0.11494595499431455,0.24,0.0,0.0,0.0,0.0,0.0,0.0,0.0,0.0,0.0,0.0
vidstg/confirm/frame_drop_5/order2/15,vidstg,confirm,43,frame_drop_5,order2,15,False,False,0.018672607664715336,0.544392523364486,0.018672607664715336,0.544392523364486,0.018672607664715336,0.544392523364486,0.018672607664715336,0.544392523364486,0.018672607664715336,0.544392523364486,0.018672607664715336,0.544392523364486,0.018672607664715336,0.544392523364486,0.0,0.0,0.0,0.0,0.0,0.0,0.0,0.0,0.0,0.0
vidstg/confirm/frame_freeze_5/order1/0,vidstg,confirm,38,frame_freeze_5,order1,0,True,False,0.0,0.0,0.00769635056543358,0.09595959595959595,0.0,0.0,0.0,0.0,0.0,0.0,0.0,0.0,0.018149306953369155,0.12779552715654952,0.0,0.0,-0.00769635056543358,-0.09595959595959595,0.0,0.0,0.0,0.0,0.0,0.0
vidstg/confirm/frame_freeze_5/order1/1,vidstg,confirm,40,frame_freeze_5,order1,1,False,False,0.4867838685167707,0.8473895582329317,0.4867838685167707,0.8473895582329317,0.4867838685167707,0.8473895582329317,0.4867838685167707,0.8473895582329317,0.4867838685167707,0.8473895582329317,0.4867838685167707,0.8473895582329317,0.4867838685167707,0.8473895582329317,0.0,0.0,0.0,0.0,0.0,0.0,0.0,0.0,0.0,0.0
vidstg/confirm/frame_freeze_5/order1/2,vidstg,confirm,43,frame_freeze_5,order1,2,False,False,0.00900515433382474,0.5154867256637168,0.00900515433382474,0.5154867256637168,0.00900515433382474,0.5154867256637168,0.00900515433382474,0.5154867256637168,0.00900515433382474,0.5154867256637168,0.00900515433382474,0.5154867256637168,0.00900515433382474,0.5154867256637168,0.0,0.0,0.0,0.0,0.0,0.0,0.0,0.0,0.0,0.0
vidstg/confirm/frame_freeze_5/order1/3,vidstg,confirm,46,frame_freeze_5,order1,3,False,False,0.17952080742891038,0.2645161290322581,0.17952080742891038,0.2645161290322581,0.17952080742891038,0.2645161290322581,0.17952080742891038,0.2645161290322581,0.17952080742891038,0.2645161290322581,0.17952080742891038,0.2645161290322581,0.17952080742891038,0.2645161290322581,0.0,0.0,0.0,0.0,0.0,0.0,0.0,0.0,0.0,0.0
vidstg/confirm/frame_freeze_5/order1/4,vidstg,confirm,34,frame_freeze_5,order1,4,True,False,0.17879406257090283,0.2914285714285714,0.19195681564360734,0.3128834355828221,0.17879406257090283,0.2914285714285714,0.17879406257090283,0.2914285714285714,0.17879406257090283,0.2914285714285714,0.17879406257090283,0.2914285714285714,0.14418876013782486,0.2350230414746544,0.0,0.0,-0.013162753072704508,-0.021454864154250686,0.0,0.0,0.0,0.0,0.0,0.0
vidstg/confirm/frame_freeze_5/order1/5,vidstg,confirm,37,frame_freeze_5,order1,5,False,False,0.44551136108134054,0.9649122807017544,0.44551136108134054,0.9649122807017544,0.44551136108134054,0.9649122807017544,0.44551136108134054,0.9649122807017544,0.44551136108134054,0.9649122807017544,0.44551136108134054,0.9649122807017544,0.44551136108134054,0.9649122807017544,0.0,0.0,0.0,0.0,0.0,0.0,0.0,0.0,0.0,0.0
vidstg/confirm/frame_freeze_5/order1/6,vidstg,confirm,44,frame_freeze_5,order1,6,False,False,0.6230751544016205,0.7602040816326531,0.6230751544016205,0.7602040816326531,0.6230751544016205,0.7602040816326531,0.6230751544016205,0.7602040816326531,0.6230751544016205,0.7602040816326531,0.6230751544016205,0.7602040816326531,0.6230751544016205,0.7602040816326531,0.0,0.0,0.0,0.0,0.0,0.0,0.0,0.0,0.0,0.0
vidstg/confirm/frame_freeze_5/order1/7,vidstg,confirm,45,frame_freeze_5,order1,7,False,False,0.05479363273487238,0.09898762654668167,0.05479363273487238,0.09898762654668167,0.05479363273487238,0.09898762654668167,0.05479363273487238,0.09898762654668167,0.05479363273487238,0.09898762654668167,0.05479363273487238,0.09898762654668167,0.05479363273487238,0.09898762654668167,0.0,0.0,0.0,0.0,0.0,0.0,0.0,0.0,0.0,0.0
vidstg/confirm/frame_freeze_5/order1/8,vidstg,confirm,36,frame_freeze_5,order1,8,True,False,0.505923195399225,0.7231404958677686,0.5623831610172894,0.8223140495867769,0.5623831610172894,0.8223140495867769,0.059993739456574734,0.0950920245398773,0.6376425820948262,0.9214876033057852,0.45639860104608354,0.6487603305785123,0.30989512789787504,0.4523364485981308,-0.04952459435314149,-0.07438016528925628,-0.10598455997120582,-0.17355371900826455,-0.10598455997120582,-0.17355371900826455,0.39640486158950883,0.553668306038635,-0.18124398104874262,-0.2727272727272728
vidstg/confirm/frame_freeze_5/order1/9,vidstg,confirm,35,frame_freeze_5,order1,9,False,False,0.31883709317650694,0.7039473684210527,0.31883709317650694,0.7039473684210527,0.31883709317650694,0.7039473684210527,0.31883709317650694,0.7039473684210527,0.31883709317650694,0.7039473684210527,0.31883709317650694,0.7039473684210527,0.31883709317650694,0.7039473684210527,0.0,0.0,0.0,0.0,0.0,0.0,0.0,0.0,0.0,0.0
vidstg/confirm/frame_freeze_5/order1/10,vidstg,confirm,42,frame_freeze_5,order1,10,False,False,0.6265546737012385,0.7427536231884058,0.6265546737012385,0.7427536231884058,0.6265546737012385,0.7427536231884058,0.6265546737012385,0.7427536231884058,0.6265546737012385,0.7427536231884058,0.6265546737012385,0.7427536231884058,0.6265546737012385,0.7427536231884058,0.0,0.0,0.0,0.0,0.0,0.0,0.0,0.0,0.0,0.0
vidstg/confirm/frame_freeze_5/order1/11,vidstg,confirm,39,frame_freeze_5,order1,11,False,False,0.13475270866817324,0.3,0.13475270866817324,0.3,0.13475270866817324,0.3,0.13475270866817324,0.3,0.13475270866817324,0.3,0.13475270866817324,0.3,0.13475270866817324,0.3,0.0,0.0,0.0,0.0,0.0,0.0,0.0,0.0,0.0,0.0
vidstg/confirm/frame_freeze_5/order1/12,vidstg,confirm,41,frame_freeze_5,order1,12,True,False,0.23838981612374693,0.902834008097166,0.21896145783451249,0.854251012145749,0.23838981612374693,0.902834008097166,0.23838981612374693,0.902834008097166,0.23838981612374693,0.902834008097166,0.23838981612374693,0.902834008097166,0.27643601705461857,1.0,0.0,0.0,0.01942835828923445,0.04858299595141702,0.0,0.0,0.0,0.0,0.0,0.0
vidstg/confirm/frame_freeze_5/order1/13,vidstg,confirm,47,frame_freeze_5,order1,13,False,False,0.6917724858545673,0.9323432343234324,0.6917724858545673,0.9323432343234324,0.6917724858545673,0.9323432343234324,0.6917724858545673,0.9323432343234324,0.6917724858545673,0.9323432343234324,0.6917724858545673,0.9323432343234324,0.6917724858545673,0.9323432343234324,0.0,0.0,0.0,0.0,0.0,0.0,0.0,0.0,0.0,0.0
vidstg/confirm/frame_freeze_5/order1/14,vidstg,confirm,32,frame_freeze_5,order1,14,False,False,0.8035560351072213,0.9532374100719424,0.8035560351072213,0.9532374100719424,0.8035560351072213,0.9532374100719424,0.8035560351072213,0.9532374100719424,0.8035560351072213,0.9532374100719424,0.8035560351072213,0.9532374100719424,0.8035560351072213,0.9532374100719424,0.0,0.0,0.0,0.0,0.0,0.0,0.0,0.0,0.0,0.0
vidstg/confirm/frame_freeze_5/order1/15,vidstg,confirm,33,frame_freeze_5,order1,15,False,False,0.04309601702704209,0.054313099041533544,0.04309601702704209,0.054313099041533544,0.04309601702704209,0.054313099041533544,0.04309601702704209,0.054313099041533544,0.04309601702704209,0.054313099041533544,0.04309601702704209,0.054313099041533544,0.04309601702704209,0.054313099041533544,0.0,0.0,0.0,0.0,0.0,0.0,0.0,0.0,0.0,0.0
vidstg/confirm/frame_freeze_5/order2/0,vidstg,confirm,45,frame_freeze_5,order2,0,True,False,0.05396022448562267,0.09898762654668167,0.040697285670845344,0.07681159420289856,0.05396022448562267,0.09898762654668167,0.05396022448562267,0.09898762654668167,0.05396022448562267,0.09898762654668167,0.05324155334929917,0.097669256381798,0.04091554804041693,0.07810320781032078,-0.0007186711363234982,-0.0013183701648836615,0.012544267678453826,0.02085766217889945,-0.0007186711363234982,-0.0013183701648836615,-0.0007186711363234982,-0.0013183701648836615,-0.0007186711363234982,-0.0013183701648836615
vidstg/confirm/frame_freeze_5/order2/1,vidstg,confirm,47,frame_freeze_5,order2,1,False,False,0.7024187581197544,0.9323432343234324,0.7024187581197544,0.9323432343234324,0.7024187581197544,0.9323432343234324,0.7024187581197544,0.9323432343234324,0.7024187581197544,0.9323432343234324,0.7024187581197544,0.9323432343234324,0.7024187581197544,0.9323432343234324,0.0,0.0,0.0,0.0,0.0,0.0,0.0,0.0,0.0,0.0
vidstg/confirm/frame_freeze_5/order2/2,vidstg,confirm,36,frame_freeze_5,order2,2,False,False,0.5149288985720826,0.7231404958677686,0.5149288985720826,0.7231404958677686,0.5149288985720826,0.7231404958677686,0.5149288985720826,0.7231404958677686,0.5149288985720826,0.7231404958677686,0.5149288985720826,0.7231404958677686,0.5149288985720826,0.7231404958677686,0.0,0.0,0.0,0.0,0.0,0.0,0.0,0.0,0.0,0.0
vidstg/confirm/frame_freeze_5/order2/3,vidstg,confirm,41,frame_freeze_5,order2,3,False,False,0.23886982448913743,0.902834008097166,0.23886982448913743,0.902834008097166,0.23886982448913743,0.902834008097166,0.23886982448913743,0.902834008097166,0.23886982448913743,0.902834008097166,0.23886982448913743,0.902834008097166,0.23886982448913743,0.902834008097166,0.0,0.0,0.0,0.0,0.0,0.0,0.0,0.0,0.0,0.0
vidstg/confirm/frame_freeze_5/order2/4,vidstg,confirm,33,frame_freeze_5,order2,4,True,False,0.042948695967750035,0.054313099041533544,0.03919225025628501,0.04956268221574344,0.4336432850937342,0.5483870967741935,0.045054642614727115,0.05623471882640587,0.49803645484928083,0.6216216216216216,0.0,0.0,0.03879441858825977,0.04842105263157895,-0.042948695967750035,-0.054313099041533544,-0.03919225025628501,-0.04956268221574344,-0.4336432850937342,-0.5483870967741935,-0.045054642614727115,-0.05623471882640587,-0.49803645484928083,-0.6216216216216216
vidstg/confirm/frame_freeze_5/order2/5,vidstg,confirm,38,frame_freeze_5,order2,5,False,False,0.0,0.0,0.0,0.0,0.0,0.0,0.0,0.0,0.0,0.0,0.0,0.0,0.0,0.0,0.0,0.0,0.0,0.0,0.0,0.0,0.0,0.0,0.0,0.0
vidstg/confirm/frame_freeze_5/order2/6,vidstg,confirm,32,frame_freeze_5,order2,6,False,False,0.7925992603726953,0.9532374100719424,0.7925992603726953,0.9532374100719424,0.7925992603726953,0.9532374100719424,0.7925992603726953,0.9532374100719424,0.7925992603726953,0.9532374100719424,0.7925992603726953,0.9532374100719424,0.7925992603726953,0.9532374100719424,0.0,0.0,0.0,0.0,0.0,0.0,0.0,0.0,0.0,0.0
vidstg/confirm/frame_freeze_5/order2/7,vidstg,confirm,34,frame_freeze_5,order2,7,False,False,0.1764089670100575,0.2914285714285714,0.1764089670100575,0.2914285714285714,0.1764089670100575,0.2914285714285714,0.1764089670100575,0.2914285714285714,0.1764089670100575,0.2914285714285714,0.1764089670100575,0.2914285714285714,0.1764089670100575,0.2914285714285714,0.0,0.0,0.0,0.0,0.0,0.0,0.0,0.0,0.0,0.0
vidstg/confirm/frame_freeze_5/order2/8,vidstg,confirm,40,frame_freeze_5,order2,8,True,False,0.4469221464721954,0.8473895582329317,0.4107448653963331,0.7753623188405797,0.4469221464721954,0.8473895582329317,0.4469221464721954,0.8473895582329317,0.45795726119990393,0.8683127572016461,0.4469221464721954,0.8473895582329317,0.33147831242511094,0.6257309941520468,0.0,0.0,0.03617728107586232,0.072027239392352,0.0,0.0,0.0,0.0,-0.011035114727708517,-0.020923198968714418
vidstg/confirm/frame_freeze_5/order2/9,vidstg,confirm,44,frame_freeze_5,order2,9,False,False,0.6302493054147732,0.7602040816326531,0.6302493054147732,0.7602040816326531,0.6302493054147732,0.7602040816326531,0.6302493054147732,0.7602040816326531,0.6302493054147732,0.7602040816326531,0.6302493054147732,0.7602040816326531,0.6302493054147732,0.7602040816326531,0.0,0.0,0.0,0.0,0.0,0.0,0.0,0.0,0.0,0.0
vidstg/confirm/frame_freeze_5/order2/10,vidstg,confirm,35,frame_freeze_5,order2,10,False,False,0.294299385959192,0.7039473684210527,0.294299385959192,0.7039473684210527,0.294299385959192,0.7039473684210527,0.294299385959192,0.7039473684210527,0.294299385959192,0.7039473684210527,0.294299385959192,0.7039473684210527,0.294299385959192,0.7039473684210527,0.0,0.0,0.0,0.0,0.0,0.0,0.0,0.0,0.0,0.0
vidstg/confirm/frame_freeze_5/order2/11,vidstg,confirm,42,frame_freeze_5,order2,11,False,False,0.6391154738627719,0.7427536231884058,0.6391154738627719,0.7427536231884058,0.6391154738627719,0.7427536231884058,0.6391154738627719,0.7427536231884058,0.6391154738627719,0.7427536231884058,0.6391154738627719,0.7427536231884058,0.6391154738627719,0.7427536231884058,0.0,0.0,0.0,0.0,0.0,0.0,0.0,0.0,0.0,0.0
vidstg/confirm/frame_freeze_5/order2/12,vidstg,confirm,37,frame_freeze_5,order2,12,True,False,0.4315246854863417,0.9649122807017544,0.3904270963924044,0.873015873015873,0.4315246854863417,0.9649122807017544,0.25902745405240424,0.5876288659793815,0.3750098961654211,0.8507462686567164,0.24393847614643893,0.5533980582524272,0.04859896139861356,0.1102514506769826,-0.18758620933990278,-0.4115142224493272,-0.14648862024596548,-0.31961781476344586,-0.18758620933990278,-0.4115142224493272,-0.015088977905965306,-0.034230807726954304,-0.13107142001898214,-0.29734821040428927
vidstg/confirm/frame_freeze_5/order2/13,vidstg,confirm,46,frame_freeze_5,order2,13,False,False,0.17921984967617283,0.2645161290322581,0.17921984967617283,0.2645161290322581,0.17921984967617283,0.2645161290322581,0.17921984967617283,0.2645161290322581,0.17921984967617283,0.2645161290322581,0.17921984967617283,0.2645161290322581,0.17921984967617283,0.2645161290322581,0.0,0.0,0.0,0.0,0.0,0.0,0.0,0.0,0.0,0.0
vidstg/confirm/frame_freeze_5/order2/14,vidstg,confirm,39,frame_freeze_5,order2,14,False,False,0.13637697264153748,0.3,0.13637697264153748,0.3,0.13637697264153748,0.3,0.13637697264153748,0.3,0.13637697264153748,0.3,0.13637697264153748,0.3,0.13637697264153748,0.3,0.0,0.0,0.0,0.0,0.0,0.0,0.0,0.0,0.0,0.0
vidstg/confirm/frame_freeze_5/order2/15,vidstg,confirm,43,frame_freeze_5,order2,15,False,False,0.01744254813457701,0.5154867256637168,0.01744254813457701,0.5154867256637168,0.01744254813457701,0.5154867256637168,0.01744254813457701,0.5154867256637168,0.01744254813457701,0.5154867256637168,0.01744254813457701,0.5154867256637168,0.01744254813457701,0.5154867256637168,0.0,0.0,0.0,0.0,0.0,0.0,0.0,0.0,0.0,0.0
vidstg/confirm/motion_blur_5/order1/0,vidstg,confirm,38,motion_blur_5,order1,0,True,False,0.008682669370241662,0.14883720930232558,0.007155237779969883,0.11162790697674418,0.008682669370241662,0.14883720930232558,0.0,0.0,0.008682669370241662,0.14883720930232558,0.008682669370241662,0.14883720930232558,0.009117165915059275,0.12779552715654952,0.0,0.0,0.0015274315902717795,0.037209302325581395,0.0,0.0,0.008682669370241662,0.14883720930232558,0.0,0.0
vidstg/confirm/motion_blur_5/order1/1,vidstg,confirm,40,motion_blur_5,order1,1,False,False,0.48633923118310735,0.8473895582329317,0.48633923118310735,0.8473895582329317,0.48633923118310735,0.8473895582329317,0.48633923118310735,0.8473895582329317,0.48633923118310735,0.8473895582329317,0.48633923118310735,0.8473895582329317,0.48633923118310735,0.8473895582329317,0.0,0.0,0.0,0.0,0.0,0.0,0.0,0.0,0.0,0.0
vidstg/confirm/motion_blur_5/order1/2,vidstg,confirm,43,motion_blur_5,order1,2,False,False,0.009247078202819786,0.5368663594470046,0.009247078202819786,0.5368663594470046,0.009247078202819786,0.5368663594470046,0.009247078202819786,0.5368663594470046,0.009247078202819786,0.5368663594470046,0.009247078202819786,0.5368663594470046,0.009247078202819786,0.5368663594470046,0.0,0.0,0.0,0.0,0.0,0.0,0.0,0.0,0.0,0.0
vidstg/confirm/motion_blur_5/order1/3,vidstg,confirm,46,motion_blur_5,order1,3,False,False,0.18017840671573204,0.2645161290322581,0.18017840671573204,0.2645161290322581,0.18017840671573204,0.2645161290322581,0.18017840671573204,0.2645161290322581,0.18017840671573204,0.2645161290322581,0.18017840671573204,0.2645161290322581,0.18017840671573204,0.2645161290322581,0.0,0.0,0.0,0.0,0.0,0.0,0.0,0.0,0.0,0.0
vidstg/confirm/motion_blur_5/order1/4,vidstg,confirm,34,motion_blur_5,order1,4,True,False,0.179211306705061,0.2914285714285714,0.19240477713733542,0.3128834355828221,0.179211306705061,0.2914285714285714,0.179211306705061,0.2914285714285714,0.179211306705061,0.2914285714285714,0.179211306705061,0.2914285714285714,0.14452524734279112,0.2350230414746544,0.0,0.0,-0.013193470432274423,-0.021454864154250686,0.0,0.0,0.0,0.0,0.0,0.0
vidstg/confirm/motion_blur_5/order1/5,vidstg,confirm,37,motion_blur_5,order1,5,False,False,0.44451186711074053,0.9649122807017544,0.44451186711074053,0.9649122807017544,0.44451186711074053,0.9649122807017544,0.44451186711074053,0.9649122807017544,0.44451186711074053,0.9649122807017544,0.44451186711074053,0.9649122807017544,0.44451186711074053,0.9649122807017544,0.0,0.0,0.0,0.0,0.0,0.0,0.0,0.0,0.0,0.0
vidstg/confirm/motion_blur_5/order1/6,vidstg,confirm,44,motion_blur_5,order1,6,False,False,0.6220745965762892,0.7602040816326531,0.6220745965762892,0.7602040816326531,0.6220745965762892,0.7602040816326531,0.6220745965762892,0.7602040816326531,0.6220745965762892,0.7602040816326531,0.6220745965762892,0.7602040816326531,0.6220745965762892,0.7602040816326531,0.0,0.0,0.0,0.0,0.0,0.0,0.0,0.0,0.0,0.0
vidstg/confirm/motion_blur_5/order1/7,vidstg,confirm,45,motion_blur_5,order1,7,False,False,0.05482096238069625,0.09898762654668167,0.05482096238069625,0.09898762654668167,0.05482096238069625,0.09898762654668167,0.05482096238069625,0.09898762654668167,0.05482096238069625,0.09898762654668167,0.05482096238069625,0.09898762654668167,0.05482096238069625,0.09898762654668167,0.0,0.0,0.0,0.0,0.0,0.0,0.0,0.0,0.0,0.0
vidstg/confirm/motion_blur_5/order1/8,vidstg,confirm,36,motion_blur_5,order1,8,True,False,0.5322699099012642,0.7231404958677686,0.4246579619340937,0.5743801652892562,0.5322699099012642,0.7231404958677686,0.12476711087835204,0.1687116564417178,0.539597183824935,0.749185667752443,0.39070362471527453,0.5247933884297521,0.3222981210147364,0.4523364485981308,-0.14156628518598968,-0.19834710743801653,-0.033954337218819186,-0.04958677685950408,-0.14156628518598968,-0.19834710743801653,0.2659365138369225,0.3560817319880343,-0.1488935591096605,-0.2243922793226909
vidstg/confirm/motion_blur_5/order1/9,vidstg,confirm,35,motion_blur_5,order1,9,False,False,0.458594810300722,0.9537037037037037,0.458594810300722,0.9537037037037037,0.458594810300722,0.9537037037037037,0.458594810300722,0.9537037037037037,0.458594810300722,0.9537037037037037,0.458594810300722,0.9537037037037037,0.458594810300722,0.9537037037037037,0.0,0.0,0.0,0.0,0.0,0.0,0.0,0.0,0.0,0.0
vidstg/confirm/motion_blur_5/order1/10,vidstg,confirm,42,motion_blur_5,order1,10,False,False,0.6274011968552706,0.7427536231884058,0.6274011968552706,0.7427536231884058,0.6274011968552706,0.7427536231884058,0.6274011968552706,0.7427536231884058,0.6274011968552706,0.7427536231884058,0.6274011968552706,0.7427536231884058,0.6274011968552706,0.7427536231884058,0.0,0.0,0.0,0.0,0.0,0.0,0.0,0.0,0.0,0.0
vidstg/confirm/motion_blur_5/order1/11,vidstg,confirm,39,motion_blur_5,order1,11,False,False,0.13299969207102372,0.3,0.13299969207102372,0.3,0.13299969207102372,0.3,0.13299969207102372,0.3,0.13299969207102372,0.3,0.13299969207102372,0.3,0.13299969207102372,0.3,0.0,0.0,0.0,0.0,0.0,0.0,0.0,0.0,0.0,0.0
vidstg/confirm/motion_blur_5/order1/12,vidstg,confirm,41,motion_blur_5,order1,12,True,False,0.2041564767786847,0.8299595141700404,0.18484918473418802,0.7813765182186235,0.2041564767786847,0.8299595141700404,0.2041564767786847,0.8299595141700404,0.2041564767786847,0.8299595141700404,0.2041564767786847,0.8299595141700404,0.2676331018729655,1.0,0.0,0.0,0.019307292044496688,0.04858299595141691,0.0,0.0,0.0,0.0,0.0,0.0
vidstg/confirm/motion_blur_5/order1/13,vidstg,confirm,47,motion_blur_5,order1,13,False,False,0.6888295138777325,0.9323432343234324,0.6888295138777325,0.9323432343234324,0.6888295138777325,0.9323432343234324,0.6888295138777325,0.9323432343234324,0.6888295138777325,0.9323432343234324,0.6888295138777325,0.9323432343234324,0.6888295138777325,0.9323432343234324,0.0,0.0,0.0,0.0,0.0,0.0,0.0,0.0,0.0,0.0
vidstg/confirm/motion_blur_5/order1/14,vidstg,confirm,32,motion_blur_5,order1,14,False,False,0.7938221264224276,0.9532374100719424,0.7938221264224276,0.9532374100719424,0.7938221264224276,0.9532374100719424,0.7938221264224276,0.9532374100719424,0.7938221264224276,0.9532374100719424,0.7938221264224276,0.9532374100719424,0.7938221264224276,0.9532374100719424,0.0,0.0,0.0,0.0,0.0,0.0,0.0,0.0,0.0,0.0
vidstg/confirm/motion_blur_5/order1/15,vidstg,confirm,33,motion_blur_5,order1,15,False,False,0.04337369468928179,0.054313099041533544,0.04337369468928179,0.054313099041533544,0.04337369468928179,0.054313099041533544,0.04337369468928179,0.054313099041533544,0.04337369468928179,0.054313099041533544,0.04337369468928179,0.054313099041533544,0.04337369468928179,0.054313099041533544,0.0,0.0,0.0,0.0,0.0,0.0,0.0,0.0,0.0,0.0
vidstg/confirm/motion_blur_5/order2/0,vidstg,confirm,45,motion_blur_5,order2,0,True,False,0.05395797017430281,0.09898762654668167,0.04069493474734941,0.07681159420289856,0.05395797017430281,0.09898762654668167,0.05395797017430281,0.09898762654668167,0.05395797017430281,0.09898762654668167,0.05323932906210344,0.097669256381798,0.040912650503242005,0.07810320781032078,-0.0007186411121993669,-0.0013183701648836615,0.012544394314754036,0.02085766217889945,-0.0007186411121993669,-0.0013183701648836615,-0.0007186411121993669,-0.0013183701648836615,-0.0007186411121993669,-0.0013183701648836615
vidstg/confirm/motion_blur_5/order2/1,vidstg,confirm,47,motion_blur_5,order2,1,False,False,0.6984632264645908,0.9323432343234324,0.6984632264645908,0.9323432343234324,0.6984632264645908,0.9323432343234324,0.6984632264645908,0.9323432343234324,0.6984632264645908,0.9323432343234324,0.6984632264645908,0.9323432343234324,0.6984632264645908,0.9323432343234324,0.0,0.0,0.0,0.0,0.0,0.0,0.0,0.0,0.0,0.0
vidstg/confirm/motion_blur_5/order2/2,vidstg,confirm,36,motion_blur_5,order2,2,False,False,0.5412186477121296,0.7231404958677686,0.5412186477121296,0.7231404958677686,0.5412186477121296,0.7231404958677686,0.5412186477121296,0.7231404958677686,0.5412186477121296,0.7231404958677686,0.5412186477121296,0.7231404958677686,0.5412186477121296,0.7231404958677686,0.0,0.0,0.0,0.0,0.0,0.0,0.0,0.0,0.0,0.0
vidstg/confirm/motion_blur_5/order2/3,vidstg,confirm,41,motion_blur_5,order2,3,False,False,0.20659296408804942,0.8299595141700404,0.20659296408804942,0.8299595141700404,0.20659296408804942,0.8299595141700404,0.20659296408804942,0.8299595141700404,0.20659296408804942,0.8299595141700404,0.20659296408804942,0.8299595141700404,0.20659296408804942,0.8299595141700404,0.0,0.0,0.0,0.0,0.0,0.0,0.0,0.0,0.0,0.0
vidstg/confirm/motion_blur_5/order2/4,vidstg,confirm,33,motion_blur_5,order2,4,True,False,0.04294699520394595,0.054313099041533544,0.0391906982473326,0.04956268221574344,0.43362611286564784,0.5483870967741935,0.04505365114584485,0.05623471882640587,0.49802549509866334,0.6216216216216216,0.0,0.0,0.03879356488136956,0.04842105263157895,-0.04294699520394595,-0.054313099041533544,-0.0391906982473326,-0.04956268221574344,-0.43362611286564784,-0.5483870967741935,-0.04505365114584485,-0.05623471882640587,-0.49802549509866334,-0.6216216216216216
vidstg/confirm/motion_blur_5/order2/5,vidstg,confirm,38,motion_blur_5,order2,5,False,False,0.00950687098487272,0.14883720930232558,0.00950687098487272,0.14883720930232558,0.00950687098487272,0.14883720930232558,0.00950687098487272,0.14883720930232558,0.00950687098487272,0.14883720930232558,0.00950687098487272,0.14883720930232558,0.00950687098487272,0.14883720930232558,0.0,0.0,0.0,0.0,0.0,0.0,0.0,0.0,0.0,0.0
vidstg/confirm/motion_blur_5/order2/6,vidstg,confirm,32,motion_blur_5,order2,6,False,False,0.7811294455994456,0.9532374100719424,0.7811294455994456,0.9532374100719424,0.7811294455994456,0.9532374100719424,0.7811294455994456,0.9532374100719424,0.7811294455994456,0.9532374100719424,0.7811294455994456,0.9532374100719424,0.7811294455994456,0.9532374100719424,0.0,0.0,0.0,0.0,0.0,0.0,0.0,0.0,0.0,0.0
vidstg/confirm/motion_blur_5/order2/7,vidstg,confirm,34,motion_blur_5,order2,7,False,False,0.17635924354496219,0.2914285714285714,0.17635924354496219,0.2914285714285714,0.17635924354496219,0.2914285714285714,0.17635924354496219,0.2914285714285714,0.17635924354496219,0.2914285714285714,0.17635924354496219,0.2914285714285714,0.17635924354496219,0.2914285714285714,0.0,0.0,0.0,0.0,0.0,0.0,0.0,0.0,0.0,0.0
vidstg/confirm/motion_blur_5/order2/8,vidstg,confirm,40,motion_blur_5,order2,8,True,False,0.4468257744049206,0.8473895582329317,0.41065306390367823,0.7753623188405797,0.4468257744049206,0.8473895582329317,0.4468257744049206,0.8473895582329317,0.45785850957541246,0.8683127572016461,0.4468257744049206,0.8473895582329317,0.33140422700998595,0.6257309941520468,0.0,0.0,0.03617271050124238,0.072027239392352,0.0,0.0,0.0,0.0,-0.011032735170491859,-0.020923198968714418
vidstg/confirm/motion_blur_5/order2/9,vidstg,confirm,44,motion_blur_5,order2,9,False,False,0.6290503182476757,0.7602040816326531,0.6290503182476757,0.7602040816326531,0.6290503182476757,0.7602040816326531,0.6290503182476757,0.7602040816326531,0.6290503182476757,0.7602040816326531,0.6290503182476757,0.7602040816326531,0.6290503182476757,0.7602040816326531,0.0,0.0,0.0,0.0,0.0,0.0,0.0,0.0,0.0,0.0
vidstg/confirm/motion_blur_5/order2/10,vidstg,confirm,35,motion_blur_5,order2,10,False,False,0.43257146120129153,0.9537037037037037,0.43257146120129153,0.9537037037037037,0.43257146120129153,0.9537037037037037,0.43257146120129153,0.9537037037037037,0.43257146120129153,0.9537037037037037,0.43257146120129153,0.9537037037037037,0.43257146120129153,0.9537037037037037,0.0,0.0,0.0,0.0,0.0,0.0,0.0,0.0,0.0,0.0
vidstg/confirm/motion_blur_5/order2/11,vidstg,confirm,42,motion_blur_5,order2,11,False,False,0.6390171425321759,0.7427536231884058,0.6390171425321759,0.7427536231884058,0.6390171425321759,0.7427536231884058,0.6390171425321759,0.7427536231884058,0.6390171425321759,0.7427536231884058,0.6390171425321759,0.7427536231884058,0.6390171425321759,0.7427536231884058,0.0,0.0,0.0,0.0,0.0,0.0,0.0,0.0,0.0,0.0
vidstg/confirm/motion_blur_5/order2/12,vidstg,confirm,37,motion_blur_5,order2,12,True,False,0.43167145754397007,0.9649122807017544,0.3905598901588301,0.873015873015873,0.43167145754397007,0.9649122807017544,0.2591095207247056,0.5876288659793815,0.37512870910890217,0.8507462686567164,0.2440157622358878,0.5533980582524272,0.04861435882068945,0.1102514506769826,-0.18765569530808227,-0.4115142224493272,-0.14654412792294227,-0.31961781476344586,-0.18765569530808227,-0.4115142224493272,-0.015093758488817804,-0.034230807726954304,-0.13111294687301436,-0.29734821040428927
vidstg/confirm/motion_blur_5/order2/13,vidstg,confirm,46,motion_blur_5,order2,13,False,False,0.1791745091285009,0.2645161290322581,0.1791745091285009,0.2645161290322581,0.1791745091285009,0.2645161290322581,0.1791745091285009,0.2645161290322581,0.1791745091285009,0.2645161290322581,0.1791745091285009,0.2645161290322581,0.1791745091285009,0.2645161290322581,0.0,0.0,0.0,0.0,0.0,0.0,0.0,0.0,0.0,0.0
vidstg/confirm/motion_blur_5/order2/14,vidstg,confirm,39,motion_blur_5,order2,14,False,False,0.13753117305707724,0.3,0.13753117305707724,0.3,0.13753117305707724,0.3,0.13753117305707724,0.3,0.13753117305707724,0.3,0.13753117305707724,0.3,0.13753117305707724,0.3,0.0,0.0,0.0,0.0,0.0,0.0,0.0,0.0,0.0,0.0
vidstg/confirm/motion_blur_5/order2/15,vidstg,confirm,43,motion_blur_5,order2,15,False,False,0.018434983941883292,0.5368663594470046,0.018434983941883292,0.5368663594470046,0.018434983941883292,0.5368663594470046,0.018434983941883292,0.5368663594470046,0.018434983941883292,0.5368663594470046,0.018434983941883292,0.5368663594470046,0.018434983941883292,0.5368663594470046,0.0,0.0,0.0,0.0,0.0,0.0,0.0,0.0,0.0,0.0
vidstg/confirm/occlusion_5/order1/0,vidstg,confirm,38,occlusion_5,order1,0,True,False,0.0,0.0,0.004532512139815581,0.09767441860465116,0.010930264734558316,0.17674418604651163,0.0,0.0,0.010930264734558316,0.17674418604651163,0.0,0.0,0.008781165438217152,0.12779552715654952,0.0,0.0,-0.004532512139815581,-0.09767441860465116,-0.010930264734558316,-0.17674418604651163,0.0,0.0,-0.010930264734558316,-0.17674418604651163
vidstg/confirm/occlusion_5/order1/1,vidstg,confirm,40,occlusion_5,order1,1,False,False,0.4853852807278802,0.8473895582329317,0.4853852807278802,0.8473895582329317,0.4853852807278802,0.8473895582329317,0.4853852807278802,0.8473895582329317,0.4853852807278802,0.8473895582329317,0.4853852807278802,0.8473895582329317,0.4853852807278802,0.8473895582329317,0.0,0.0,0.0,0.0,0.0,0.0,0.0,0.0,0.0,0.0
vidstg/confirm/occlusion_5/order1/2,vidstg,confirm,43,occlusion_5,order1,2,False,False,0.009489861168316203,0.5368663594470046,0.009489861168316203,0.5368663594470046,0.009489861168316203,0.5368663594470046,0.009489861168316203,0.5368663594470046,0.009489861168316203,0.5368663594470046,0.009489861168316203,0.5368663594470046,0.009489861168316203,0.5368663594470046,0.0,0.0,0.0,0.0,0.0,0.0,0.0,0.0,0.0,0.0
vidstg/confirm/occlusion_5/order1/3,vidstg,confirm,46,occlusion_5,order1,3,False,False,0.1811844673493957,0.2645161290322581,0.1811844673493957,0.2645161290322581,0.1811844673493957,0.2645161290322581,0.1811844673493957,0.2645161290322581,0.1811844673493957,0.2645161290322581,0.1811844673493957,0.2645161290322581,0.1811844673493957,0.2645161290322581,0.0,0.0,0.0,0.0,0.0,0.0,0.0,0.0,0.0,0.0
vidstg/confirm/occlusion_5/order1/4,vidstg,confirm,34,occlusion_5,order1,4,True,False,0.17945888677285984,0.2914285714285714,0.19267058395859185,0.3128834355828221,0.17945888677285984,0.2914285714285714,0.17945888677285984,0.2914285714285714,0.17945888677285984,0.2914285714285714,0.17945888677285984,0.2914285714285714,0.1447249086877902,0.2350230414746544,0.0,0.0,-0.013211697185732008,-0.021454864154250686,0.0,0.0,0.0,0.0,0.0,0.0
vidstg/confirm/occlusion_5/order1/5,vidstg,confirm,37,occlusion_5,order1,5,False,False,0.44336766736499444,0.9649122807017544,0.44336766736499444,0.9649122807017544,0.44336766736499444,0.9649122807017544,0.44336766736499444,0.9649122807017544,0.44336766736499444,0.9649122807017544,0.44336766736499444,0.9649122807017544,0.44336766736499444,0.9649122807017544,0.0,0.0,0.0,0.0,0.0,0.0,0.0,0.0,0.0,0.0
vidstg/confirm/occlusion_5/order1/6,vidstg,confirm,44,occlusion_5,order1,6,False,False,0.6235540666171433,0.7602040816326531,0.6235540666171433,0.7602040816326531,0.6235540666171433,0.7602040816326531,0.6235540666171433,0.7602040816326531,0.6235540666171433,0.7602040816326531,0.6235540666171433,0.7602040816326531,0.6235540666171433,0.7602040816326531,0.0,0.0,0.0,0.0,0.0,0.0,0.0,0.0,0.0,0.0
vidstg/confirm/occlusion_5/order1/7,vidstg,confirm,45,occlusion_5,order1,7,False,False,0.05484626832924208,0.09898762654668167,0.05484626832924208,0.09898762654668167,0.05484626832924208,0.09898762654668167,0.05484626832924208,0.09898762654668167,0.05484626832924208,0.09898762654668167,0.05484626832924208,0.09898762654668167,0.05484626832924208,0.09898762654668167,0.0,0.0,0.0,0.0,0.0,0.0,0.0,0.0,0.0,0.0
vidstg/confirm/occlusion_5/order1/8,vidstg,confirm,36,occlusion_5,order1,8,True,False,0.5259930633101512,0.7231404958677686,0.5540937629007799,0.7727272727272727,0.665527950367246,0.9311740890688259,0.12501280969942066,0.1687116564417178,0.6346926785355589,0.888030888030888,0.41148931390788906,0.5743801652892562,0.3199734075544708,0.4523364485981308,-0.1145037494022621,-0.14876033057851246,-0.14260444899289088,-0.19834710743801653,-0.2540386364593569,-0.35679392377956975,0.2864765042084684,0.40566850884753836,-0.22320336462766982,-0.31365072274163186
vidstg/confirm/occlusion_5/order1/9,vidstg,confirm,35,occlusion_5,order1,9,False,False,0.4871882889173104,0.9537037037037037,0.4871882889173104,0.9537037037037037,0.4871882889173104,0.9537037037037037,0.4871882889173104,0.9537037037037037,0.4871882889173104,0.9537037037037037,0.4871882889173104,0.9537037037037037,0.4871882889173104,0.9537037037037037,0.0,0.0,0.0,0.0,0.0,0.0,0.0,0.0,0.0,0.0
vidstg/confirm/occlusion_5/order1/10,vidstg,confirm,42,occlusion_5,order1,10,False,False,0.6283284882708329,0.7427536231884058,0.6283284882708329,0.7427536231884058,0.6283284882708329,0.7427536231884058,0.6283284882708329,0.7427536231884058,0.6283284882708329,0.7427536231884058,0.6283284882708329,0.7427536231884058,0.6283284882708329,0.7427536231884058,0.0,0.0,0.0,0.0,0.0,0.0,0.0,0.0,0.0,0.0
vidstg/confirm/occlusion_5/order1/11,vidstg,confirm,39,occlusion_5,order1,11,False,False,0.07218141328477885,0.17647058823529413,0.07218141328477885,0.17647058823529413,0.07218141328477885,0.17647058823529413,0.07218141328477885,0.17647058823529413,0.07218141328477885,0.17647058823529413,0.07218141328477885,0.17647058823529413,0.07218141328477885,0.17647058823529413,0.0,0.0,0.0,0.0,0.0,0.0,0.0,0.0,0.0,0.0
vidstg/confirm/occlusion_5/order1/12,vidstg,confirm,41,occlusion_5,order1,12,True,False,0.19014632129423936,0.902834008097166,0.17069362416574457,0.854251012145749,0.19014632129423936,0.902834008097166,0.19014632129423936,0.902834008097166,0.19014632129423936,0.902834008097166,0.19014632129423936,0.902834008097166,0.22868302924322456,1.0,0.0,0.0,0.01945269712849479,0.04858299595141702,0.0,0.0,0.0,0.0,0.0,0.0
vidstg/confirm/occlusion_5/order1/13,vidstg,confirm,47,occlusion_5,order1,13,False,False,0.6292091138458367,0.8531353135313532,0.6292091138458367,0.8531353135313532,0.6292091138458367,0.8531353135313532,0.6292091138458367,0.8531353135313532,0.6292091138458367,0.8531353135313532,0.6292091138458367,0.8531353135313532,0.6292091138458367,0.8531353135313532,0.0,0.0,0.0,0.0,0.0,0.0,0.0,0.0,0.0,0.0
vidstg/confirm/occlusion_5/order1/14,vidstg,confirm,32,occlusion_5,order1,14,False,False,0.7844305311668639,0.935251798561151,0.7844305311668639,0.935251798561151,0.7844305311668639,0.935251798561151,0.7844305311668639,0.935251798561151,0.7844305311668639,0.935251798561151,0.7844305311668639,0.935251798561151,0.7844305311668639,0.935251798561151,0.0,0.0,0.0,0.0,0.0,0.0,0.0,0.0,0.0,0.0
vidstg/confirm/occlusion_5/order1/15,vidstg,confirm,33,occlusion_5,order1,15,False,False,0.04604173703497164,0.054313099041533544,0.04604173703497164,0.054313099041533544,0.04604173703497164,0.054313099041533544,0.04604173703497164,0.054313099041533544,0.04604173703497164,0.054313099041533544,0.04604173703497164,0.054313099041533544,0.04604173703497164,0.054313099041533544,0.0,0.0,0.0,0.0,0.0,0.0,0.0,0.0,0.0,0.0
vidstg/confirm/occlusion_5/order2/0,vidstg,confirm,45,occlusion_5,order2,0,True,False,0.05395707480017464,0.09898762654668167,0.04069498909541249,0.07681159420289856,0.05395707480017464,0.09898762654668167,0.05395707480017464,0.09898762654668167,0.05395707480017464,0.09898762654668167,0.0532384456130469,0.097669256381798,0.04091259324466674,0.07810320781032078,-0.0007186291871277423,-0.0013183701648836615,0.012543456517634409,0.02085766217889945,-0.0007186291871277423,-0.0013183701648836615,-0.0007186291871277423,-0.0013183701648836615,-0.0007186291871277423,-0.0013183701648836615
vidstg/confirm/occlusion_5/order2/1,vidstg,confirm,47,occlusion_5,order2,1,False,False,0.6466693104144163,0.8531353135313532,0.6466693104144163,0.8531353135313532,0.6466693104144163,0.8531353135313532,0.6466693104144163,0.8531353135313532,0.6466693104144163,0.8531353135313532,0.6466693104144163,0.8531353135313532,0.6466693104144163,0.8531353135313532,0.0,0.0,0.0,0.0,0.0,0.0,0.0,0.0,0.0,0.0
vidstg/confirm/occlusion_5/order2/2,vidstg,confirm,36,occlusion_5,order2,2,False,False,0.5336323861184687,0.7231404958677686,0.5336323861184687,0.7231404958677686,0.5336323861184687,0.7231404958677686,0.5336323861184687,0.7231404958677686,0.5336323861184687,0.7231404958677686,0.5336323861184687,0.7231404958677686,0.5336323861184687,0.7231404958677686,0.0,0.0,0.0,0.0,0.0,0.0,0.0,0.0,0.0,0.0
vidstg/confirm/occlusion_5/order2/3,vidstg,confirm,41,occlusion_5,order2,3,False,False,0.18857030613885895,0.902834008097166,0.18857030613885895,0.902834008097166,0.18857030613885895,0.902834008097166,0.18857030613885895,0.902834008097166,0.18857030613885895,0.902834008097166,0.18857030613885895,0.902834008097166,0.18857030613885895,0.902834008097166,0.0,0.0,0.0,0.0,0.0,0.0,0.0,0.0,0.0,0.0
vidstg/confirm/occlusion_5/order2/4,vidstg,confirm,33,occlusion_5,order2,4,True,False,0.04297979378068301,0.054313099041533544,0.039220628143888575,0.04956268221574344,0.4339572726888316,0.5483870967741935,0.04508878578420409,0.05623471882640587,0.49841387529025605,0.6216216216216216,0.0,0.0,0.03882381765418837,0.04842105263157895,-0.04297979378068301,-0.054313099041533544,-0.039220628143888575,-0.04956268221574344,-0.4339572726888316,-0.5483870967741935,-0.04508878578420409,-0.05623471882640587,-0.49841387529025605,-0.6216216216216216
vidstg/confirm/occlusion_5/order2/5,vidstg,confirm,38,occlusion_5,order2,5,False,False,0.0,0.0,0.0,0.0,0.0,0.0,0.0,0.0,0.0,0.0,0.0,0.0,0.0,0.0,0.0,0.0,0.0,0.0,0.0,0.0,0.0,0.0,0.0,0.0
vidstg/confirm/occlusion_5/order2/6,vidstg,confirm,32,occlusion_5,order2,6,False,False,0.7719483917526838,0.935251798561151,0.7719483917526838,0.935251798561151,0.7719483917526838,0.935251798561151,0.7719483917526838,0.935251798561151,0.7719483917526838,0.935251798561151,0.7719483917526838,0.935251798561151,0.7719483917526838,0.935251798561151,0.0,0.0,0.0,0.0,0.0,0.0,0.0,0.0,0.0,0.0
vidstg/confirm/occlusion_5/order2/7,vidstg,confirm,34,occlusion_5,order2,7,False,False,0.17643884878254867,0.2914285714285714,0.17643884878254867,0.2914285714285714,0.17643884878254867,0.2914285714285714,0.17643884878254867,0.2914285714285714,0.17643884878254867,0.2914285714285714,0.17643884878254867,0.2914285714285714,0.17643884878254867,0.2914285714285714,0.0,0.0,0.0,0.0,0.0,0.0,0.0,0.0,0.0,0.0
vidstg/confirm/occlusion_5/order2/8,vidstg,confirm,40,occlusion_5,order2,8,True,False,0.4470913562452097,0.8473895582329317,0.4109033634121233,0.7753623188405797,0.4470913562452097,0.8473895582329317,0.4470913562452097,0.8473895582329317,0.458130648992005,0.8683127572016461,0.4470913562452097,0.8473895582329317,0.33160622310452054,0.6257309941520468,0.0,0.0,0.03618799283308638,0.072027239392352,0.0,0.0,0.0,0.0,-0.011039292746795326,-0.020923198968714418
vidstg/confirm/occlusion_5/order2/9,vidstg,confirm,44,occlusion_5,order2,9,False,False,0.6294253191197386,0.7602040816326531,0.6294253191197386,0.7602040816326531,0.6294253191197386,0.7602040816326531,0.6294253191197386,0.7602040816326531,0.6294253191197386,0.7602040816326531,0.6294253191197386,0.7602040816326531,0.6294253191197386,0.7602040816326531,0.0,0.0,0.0,0.0,0.0,0.0,0.0,0.0,0.0,0.0
vidstg/confirm/occlusion_5/order2/10,vidstg,confirm,35,occlusion_5,order2,10,False,False,0.43229300212543925,0.9537037037037037,0.43229300212543925,0.9537037037037037,0.43229300212543925,0.9537037037037037,0.43229300212543925,0.9537037037037037,0.43229300212543925,0.9537037037037037,0.43229300212543925,0.9537037037037037,0.43229300212543925,0.9537037037037037,0.0,0.0,0.0,0.0,0.0,0.0,0.0,0.0,0.0,0.0
vidstg/confirm/occlusion_5/order2/11,vidstg,confirm,42,occlusion_5,order2,11,False,False,0.6391564492493947,0.7427536231884058,0.6391564492493947,0.7427536231884058,0.6391564492493947,0.7427536231884058,0.6391564492493947,0.7427536231884058,0.6391564492493947,0.7427536231884058,0.6391564492493947,0.7427536231884058,0.6391564492493947,0.7427536231884058,0.0,0.0,0.0,0.0,0.0,0.0,0.0,0.0,0.0,0.0
vidstg/confirm/occlusion_5/order2/12,vidstg,confirm,37,occlusion_5,order2,12,True,False,0.4319897967753993,0.9649122807017544,0.3908479113682184,0.873015873015873,0.4319897967753993,0.9649122807017544,0.2593016163892182,0.5876288659793815,0.37540681775752494,0.8507462686567164,0.24419666786169097,0.5533980582524272,0.04865039998018215,0.1102514506769826,-0.1877931289137083,-0.4115142224493272,-0.14665124350652742,-0.31961781476344586,-0.1877931289137083,-0.4115142224493272,-0.015104948527527251,-0.034230807726954304,-0.13121014989583396,-0.29734821040428927
vidstg/confirm/occlusion_5/order2/13,vidstg,confirm,46,occlusion_5,order2,13,False,False,0.1787808344430569,0.2645161290322581,0.1787808344430569,0.2645161290322581,0.1787808344430569,0.2645161290322581,0.1787808344430569,0.2645161290322581,0.1787808344430569,0.2645161290322581,0.1787808344430569,0.2645161290322581,0.1787808344430569,0.2645161290322581,0.0,0.0,0.0,0.0,0.0,0.0,0.0,0.0,0.0,0.0
vidstg/confirm/occlusion_5/order2/14,vidstg,confirm,39,occlusion_5,order2,14,False,False,0.08038158488875806,0.17647058823529413,0.08038158488875806,0.17647058823529413,0.08038158488875806,0.17647058823529413,0.08038158488875806,0.17647058823529413,0.08038158488875806,0.17647058823529413,0.08038158488875806,0.17647058823529413,0.08038158488875806,0.17647058823529413,0.0,0.0,0.0,0.0,0.0,0.0,0.0,0.0,0.0,0.0
vidstg/confirm/occlusion_5/order2/15,vidstg,confirm,43,occlusion_5,order2,15,False,False,0.018726299903370155,0.5368663594470046,0.018726299903370155,0.5368663594470046,0.018726299903370155,0.5368663594470046,0.018726299903370155,0.5368663594470046,0.018726299903370155,0.5368663594470046,0.018726299903370155,0.5368663594470046,0.018726299903370155,0.5368663594470046,0.0,0.0,0.0,0.0,0.0,0.0,0.0,0.0,0.0,0.0
vidstg/confirm/exposure_5/order1/0,vidstg,confirm,38,exposure_5,order1,0,True,False,0.013612534008341103,0.17674418604651163,0.013805164206572346,0.1792452830188679,0.013612534008341103,0.17674418604651163,0.013612534008341103,0.17674418604651163,0.013612534008341103,0.17674418604651163,0.013612534008341103,0.17674418604651163,0.010586666001198059,0.12779552715654952,0.0,0.0,-0.0001926301982312431,-0.002501096972356287,0.0,0.0,0.0,0.0,0.0,0.0
vidstg/confirm/exposure_5/order1/1,vidstg,confirm,40,exposure_5,order1,1,False,False,0.4865146616985848,0.8473895582329317,0.4865146616985848,0.8473895582329317,0.4865146616985848,0.8473895582329317,0.4865146616985848,0.8473895582329317,0.4865146616985848,0.8473895582329317,0.4865146616985848,0.8473895582329317,0.4865146616985848,0.8473895582329317,0.0,0.0,0.0,0.0,0.0,0.0,0.0,0.0,0.0,0.0
vidstg/confirm/exposure_5/order1/2,vidstg,confirm,43,exposure_5,order1,2,False,False,0.009306458554235295,0.5368663594470046,0.009306458554235295,0.5368663594470046,0.009306458554235295,0.5368663594470046,0.009306458554235295,0.5368663594470046,0.009306458554235295,0.5368663594470046,0.009306458554235295,0.5368663594470046,0.009306458554235295,0.5368663594470046,0.0,0.0,0.0,0.0,0.0,0.0,0.0,0.0,0.0,0.0
vidstg/confirm/exposure_5/order1/3,vidstg,confirm,46,exposure_5,order1,3,False,False,0.18046332224770048,0.2645161290322581,0.18046332224770048,0.2645161290322581,0.18046332224770048,0.2645161290322581,0.18046332224770048,0.2645161290322581,0.18046332224770048,0.2645161290322581,0.18046332224770048,0.2645161290322581,0.18046332224770048,0.2645161290322581,0.0,0.0,0.0,0.0,0.0,0.0,0.0,0.0,0.0,0.0
vidstg/confirm/exposure_5/order1/4,vidstg,confirm,34,exposure_5,order1,4,True,False,0.1790926723785874,0.2914285714285714,0.19227740899541593,0.3128834355828221,0.1790926723785874,0.2914285714285714,0.1790926723785874,0.2914285714285714,0.1790926723785874,0.2914285714285714,0.1790926723785874,0.2914285714285714,0.14442957449886082,0.2350230414746544,0.0,0.0,-0.013184736616828535,-0.021454864154250686,0.0,0.0,0.0,0.0,0.0,0.0
vidstg/confirm/exposure_5/order1/5,vidstg,confirm,37,exposure_5,order1,5,False,False,0.44626598658503835,0.9649122807017544,0.44626598658503835,0.9649122807017544,0.44626598658503835,0.9649122807017544,0.44626598658503835,0.9649122807017544,0.44626598658503835,0.9649122807017544,0.44626598658503835,0.9649122807017544,0.44626598658503835,0.9649122807017544,0.0,0.0,0.0,0.0,0.0,0.0,0.0,0.0,0.0,0.0
vidstg/confirm/exposure_5/order1/6,vidstg,confirm,44,exposure_5,order1,6,False,False,0.6250763256260716,0.7602040816326531,0.6250763256260716,0.7602040816326531,0.6250763256260716,0.7602040816326531,0.6250763256260716,0.7602040816326531,0.6250763256260716,0.7602040816326531,0.6250763256260716,0.7602040816326531,0.6250763256260716,0.7602040816326531,0.0,0.0,0.0,0.0,0.0,0.0,0.0,0.0,0.0,0.0
vidstg/confirm/exposure_5/order1/7,vidstg,confirm,45,exposure_5,order1,7,False,False,0.05474872256599396,0.09898762654668167,0.05474872256599396,0.09898762654668167,0.05474872256599396,0.09898762654668167,0.05474872256599396,0.09898762654668167,0.05474872256599396,0.09898762654668167,0.05474872256599396,0.09898762654668167,0.05474872256599396,0.09898762654668167,0.0,0.0,0.0,0.0,0.0,0.0,0.0,0.0,0.0,0.0
vidstg/confirm/exposure_5/order1/8,vidstg,confirm,36,exposure_5,order1,8,True,False,0.5917014360523744,0.8223140495867769,0.6197248962715548,0.871900826446281,0.5917014360523744,0.8223140495867769,0.060259970171169096,0.0950920245398773,0.6417978023961839,0.888030888030888,0.48431916222874444,0.6487603305785123,0.3233781461563613,0.4523364485981308,-0.10738227382362991,-0.17355371900826455,-0.13540573404281037,-0.22314049586776863,-0.10738227382362991,-0.17355371900826455,0.42405919205757536,0.553668306038635,-0.15747864016743945,-0.2392705574523757
vidstg/confirm/exposure_5/order1/9,vidstg,confirm,35,exposure_5,order1,9,False,False,0.458715091775682,0.9537037037037037,0.458715091775682,0.9537037037037037,0.458715091775682,0.9537037037037037,0.458715091775682,0.9537037037037037,0.458715091775682,0.9537037037037037,0.458715091775682,0.9537037037037037,0.458715091775682,0.9537037037037037,0.0,0.0,0.0,0.0,0.0,0.0,0.0,0.0,0.0,0.0
vidstg/confirm/exposure_5/order1/10,vidstg,confirm,42,exposure_5,order1,10,False,False,0.627344833231603,0.7427536231884058,0.627344833231603,0.7427536231884058,0.627344833231603,0.7427536231884058,0.627344833231603,0.7427536231884058,0.627344833231603,0.7427536231884058,0.627344833231603,0.7427536231884058,0.627344833231603,0.7427536231884058,0.0,0.0,0.0,0.0,0.0,0.0,0.0,0.0,0.0,0.0
vidstg/confirm/exposure_5/order1/11,vidstg,confirm,39,exposure_5,order1,11,False,False,0.09479964662549148,0.21428571428571427,0.09479964662549148,0.21428571428571427,0.09479964662549148,0.21428571428571427,0.09479964662549148,0.21428571428571427,0.09479964662549148,0.21428571428571427,0.09479964662549148,0.21428571428571427,0.09479964662549148,0.21428571428571427,0.0,0.0,0.0,0.0,0.0,0.0,0.0,0.0,0.0,0.0
vidstg/confirm/exposure_5/order1/12,vidstg,confirm,41,exposure_5,order1,12,True,False,0.2073527733516984,0.902834008097166,0.1697778759348174,0.805668016194332,0.2073527733516984,0.902834008097166,0.2073527733516984,0.902834008097166,0.2073527733516984,0.902834008097166,0.2073527733516984,0.902834008097166,0.24542488723078124,1.0,0.0,0.0,0.037574897416881,0.09716599190283393,0.0,0.0,0.0,0.0,0.0,0.0
vidstg/confirm/exposure_5/order1/13,vidstg,confirm,47,exposure_5,order1,13,False,False,0.6944995671786554,0.9323432343234324,0.6944995671786554,0.9323432343234324,0.6944995671786554,0.9323432343234324,0.6944995671786554,0.9323432343234324,0.6944995671786554,0.9323432343234324,0.6944995671786554,0.9323432343234324,0.6944995671786554,0.9323432343234324,0.0,0.0,0.0,0.0,0.0,0.0,0.0,0.0,0.0,0.0
vidstg/confirm/exposure_5/order1/14,vidstg,confirm,32,exposure_5,order1,14,False,False,0.8036219712744166,0.9532374100719424,0.8036219712744166,0.9532374100719424,0.8036219712744166,0.9532374100719424,0.8036219712744166,0.9532374100719424,0.8036219712744166,0.9532374100719424,0.8036219712744166,0.9532374100719424,0.8036219712744166,0.9532374100719424,0.0,0.0,0.0,0.0,0.0,0.0,0.0,0.0,0.0,0.0
vidstg/confirm/exposure_5/order1/15,vidstg,confirm,33,exposure_5,order1,15,False,False,0.043170292983560433,0.054313099041533544,0.043170292983560433,0.054313099041533544,0.043170292983560433,0.054313099041533544,0.043170292983560433,0.054313099041533544,0.043170292983560433,0.054313099041533544,0.043170292983560433,0.054313099041533544,0.043170292983560433,0.054313099041533544,0.0,0.0,0.0,0.0,0.0,0.0,0.0,0.0,0.0,0.0
vidstg/confirm/exposure_5/order2/0,vidstg,confirm,45,exposure_5,order2,0,True,False,0.05394944402409036,0.09898762654668167,0.05323091646772068,0.097669256381798,0.05394944402409036,0.09898762654668167,0.05394944402409036,0.09898762654668167,0.05394944402409036,0.09898762654668167,0.05323091646772068,0.097669256381798,0.04090742475228123,0.07810320781032078,-0.000718527556369683,-0.0013183701648836615,0.0,0.0,-0.000718527556369683,-0.0013183701648836615,-0.000718527556369683,-0.0013183701648836615,-0.000718527556369683,-0.0013183701648836615
vidstg/confirm/exposure_5/order2/1,vidstg,confirm,47,exposure_5,order2,1,False,False,0.7018202234639561,0.9323432343234324,0.7018202234639561,0.9323432343234324,0.7018202234639561,0.9323432343234324,0.7018202234639561,0.9323432343234324,0.7018202234639561,0.9323432343234324,0.7018202234639561,0.9323432343234324,0.7018202234639561,0.9323432343234324,0.0,0.0,0.0,0.0,0.0,0.0,0.0,0.0,0.0,0.0
vidstg/confirm/exposure_5/order2/2,vidstg,confirm,36,exposure_5,order2,2,False,False,0.6021554997430293,0.8223140495867769,0.6021554997430293,0.8223140495867769,0.6021554997430293,0.8223140495867769,0.6021554997430293,0.8223140495867769,0.6021554997430293,0.8223140495867769,0.6021554997430293,0.8223140495867769,0.6021554997430293,0.8223140495867769,0.0,0.0,0.0,0.0,0.0,0.0,0.0,0.0,0.0,0.0
vidstg/confirm/exposure_5/order2/3,vidstg,confirm,41,exposure_5,order2,3,False,False,0.20852899424834365,0.902834008097166,0.20852899424834365,0.902834008097166,0.20852899424834365,0.902834008097166,0.20852899424834365,0.902834008097166,0.20852899424834365,0.902834008097166,0.20852899424834365,0.902834008097166,0.20852899424834365,0.902834008097166,0.0,0.0,0.0,0.0,0.0,0.0,0.0,0.0,0.0,0.0
vidstg/confirm/exposure_5/order2/4,vidstg,confirm,33,exposure_5,order2,4,True,False,0.04296988853606202,0.054313099041533544,0.039211589247193625,0.04956268221574344,0.4338572616705617,0.5483870967741935,0.04507225381999366,0.05623471882640587,0.49823113006425424,0.6216216216216216,0.0,0.0,0.0388095827628998,0.04842105263157895,-0.04296988853606202,-0.054313099041533544,-0.039211589247193625,-0.04956268221574344,-0.4338572616705617,-0.5483870967741935,-0.04507225381999366,-0.05623471882640587,-0.49823113006425424,-0.6216216216216216
vidstg/confirm/exposure_5/order2/5,vidstg,confirm,38,exposure_5,order2,5,False,False,0.013772545226634144,0.17674418604651163,0.013772545226634144,0.17674418604651163,0.013772545226634144,0.17674418604651163,0.013772545226634144,0.17674418604651163,0.013772545226634144,0.17674418604651163,0.013772545226634144,0.17674418604651163,0.013772545226634144,0.17674418604651163,0.0,0.0,0.0,0.0,0.0,0.0,0.0,0.0,0.0,0.0
vidstg/confirm/exposure_5/order2/6,vidstg,confirm,32,exposure_5,order2,6,False,False,0.7928091004459165,0.9532374100719424,0.7928091004459165,0.9532374100719424,0.7928091004459165,0.9532374100719424,0.7928091004459165,0.9532374100719424,0.7928091004459165,0.9532374100719424,0.7928091004459165,0.9532374100719424,0.7928091004459165,0.9532374100719424,0.0,0.0,0.0,0.0,0.0,0.0,0.0,0.0,0.0,0.0
vidstg/confirm/exposure_5/order2/7,vidstg,confirm,34,exposure_5,order2,7,False,False,0.1765424073779522,0.2914285714285714,0.1765424073779522,0.2914285714285714,0.1765424073779522,0.2914285714285714,0.1765424073779522,0.2914285714285714,0.1765424073779522,0.2914285714285714,0.1765424073779522,0.2914285714285714,0.1765424073779522,0.2914285714285714,0.0,0.0,0.0,0.0,0.0,0.0,0.0,0.0,0.0,0.0
vidstg/confirm/exposure_5/order2/8,vidstg,confirm,40,exposure_5,order2,8,True,False,0.44742672967752883,0.8473895582329317,0.4112103079620675,0.7753623188405797,0.44742672967752883,0.8473895582329317,0.44742672967752883,0.8473895582329317,0.4584743032498135,0.8683127572016461,0.44742672967752883,0.8473895582329317,0.33185393274131764,0.6257309941520468,0.0,0.0,0.036216421715461355,0.072027239392352,0.0,0.0,0.0,0.0,-0.011047573572284641,-0.020923198968714418
vidstg/confirm/exposure_5/order2/9,vidstg,confirm,44,exposure_5,order2,9,False,False,0.6313496966794225,0.7602040816326531,0.6313496966794225,0.7602040816326531,0.6313496966794225,0.7602040816326531,0.6313496966794225,0.7602040816326531,0.6313496966794225,0.7602040816326531,0.6313496966794225,0.7602040816326531,0.6313496966794225,0.7602040816326531,0.0,0.0,0.0,0.0,0.0,0.0,0.0,0.0,0.0,0.0
vidstg/confirm/exposure_5/order2/10,vidstg,confirm,35,exposure_5,order2,10,False,False,0.4418069138993182,0.9537037037037037,0.4418069138993182,0.9537037037037037,0.4418069138993182,0.9537037037037037,0.4418069138993182,0.9537037037037037,0.4418069138993182,0.9537037037037037,0.4418069138993182,0.9537037037037037,0.4418069138993182,0.9537037037037037,0.0,0.0,0.0,0.0,0.0,0.0,0.0,0.0,0.0,0.0
vidstg/confirm/exposure_5/order2/11,vidstg,confirm,42,exposure_5,order2,11,False,False,0.6389545223065649,0.7427536231884058,0.6389545223065649,0.7427536231884058,0.6389545223065649,0.7427536231884058,0.6389545223065649,0.7427536231884058,0.6389545223065649,0.7427536231884058,0.6389545223065649,0.7427536231884058,0.6389545223065649,0.7427536231884058,0.0,0.0,0.0,0.0,0.0,0.0,0.0,0.0,0.0,0.0
vidstg/confirm/exposure_5/order2/12,vidstg,confirm,37,exposure_5,order2,12,True,False,0.43251964184055003,0.9649122807017544,0.39132729499859287,0.873015873015873,0.43251964184055003,0.9649122807017544,0.2767510689473675,0.6263736263736264,0.3758857802120961,0.8507462686567164,0.24450822596320818,0.5533980582524272,0.04871247054973006,0.1102514506769826,-0.18801141587734185,-0.4115142224493272,-0.1468190690353847,-0.31961781476344586,-0.18801141587734185,-0.4115142224493272,-0.03224284298415933,-0.07297556812119921,-0.13137755424888795,-0.29734821040428927
vidstg/confirm/exposure_5/order2/13,vidstg,confirm,46,exposure_5,order2,13,False,False,0.17881167032382853,0.2645161290322581,0.17881167032382853,0.2645161290322581,0.17881167032382853,0.2645161290322581,0.17881167032382853,0.2645161290322581,0.17881167032382853,0.2645161290322581,0.17881167032382853,0.2645161290322581,0.17881167032382853,0.2645161290322581,0.0,0.0,0.0,0.0,0.0,0.0,0.0,0.0,0.0,0.0
vidstg/confirm/exposure_5/order2/14,vidstg,confirm,39,exposure_5,order2,14,False,False,0.10159775622227948,0.21428571428571427,0.10159775622227948,0.21428571428571427,0.10159775622227948,0.21428571428571427,0.10159775622227948,0.21428571428571427,0.10159775622227948,0.21428571428571427,0.10159775622227948,0.21428571428571427,0.10159775622227948,0.21428571428571427,0.0,0.0,0.0,0.0,0.0,0.0,0.0,0.0,0.0,0.0
vidstg/confirm/exposure_5/order2/15,vidstg,confirm,43,exposure_5,order2,15,False,False,0.018263127486140236,0.5368663594470046,0.018263127486140236,0.5368663594470046,0.018263127486140236,0.5368663594470046,0.018263127486140236,0.5368663594470046,0.018263127486140236,0.5368663594470046,0.018263127486140236,0.5368663594470046,0.018263127486140236,0.5368663594470046,0.0,0.0,0.0,0.0,0.0,0.0,0.0,0.0,0.0,0.0
hc2/search/clean/order1/0,hc2,search,2,clean,order1,0,True,False,0.14707668065697146,0.31100478468899523,0.1719483512365783,0.3827751196172249,0.28297012132633753,0.6299212598425197,0.2681881000630214,0.5970149253731343,0.28297012132633753,0.6299212598425197,0.11382901386844149,0.23923444976076555,0.09531345919029421,0.1962025316455696,-0.03324766678852997,-0.07177033492822968,-0.05811933736813682,-0.14354066985645933,-0.16914110745789604,-0.3906868100817541,-0.15435908619457991,-0.3577804756123687,-0.16914110745789604,-0.3906868100817541
hc2/search/clean/order1/1,hc2,search,0,clean,order1,1,False,False,0.19009517190679653,0.3778801843317972,0.19009517190679653,0.3778801843317972,0.19009517190679653,0.3778801843317972,0.19009517190679653,0.3778801843317972,0.19009517190679653,0.3778801843317972,0.19009517190679653,0.3778801843317972,0.19009517190679653,0.3778801843317972,0.0,0.0,0.0,0.0,0.0,0.0,0.0,0.0,0.0,0.0
hc2/search/clean/order1/2,hc2,search,25,clean,order1,2,False,False,0.24833253900321872,0.6883116883116883,0.24833253900321872,0.6883116883116883,0.24833253900321872,0.6883116883116883,0.24833253900321872,0.6883116883116883,0.24833253900321872,0.6883116883116883,0.24833253900321872,0.6883116883116883,0.24833253900321872,0.6883116883116883,0.0,0.0,0.0,0.0,0.0,0.0,0.0,0.0,0.0,0.0
hc2/search/clean/order1/3,hc2,search,22,clean,order1,3,False,False,0.0743398697598623,0.24316939890710382,0.0743398697598623,0.24316939890710382,0.0743398697598623,0.24316939890710382,0.0743398697598623,0.24316939890710382,0.0743398697598623,0.24316939890710382,0.0743398697598623,0.24316939890710382,0.0743398697598623,0.24316939890710382,0.0,0.0,0.0,0.0,0.0,0.0,0.0,0.0,0.0,0.0
hc2/search/clean/order1/4,hc2,search,27,clean,order1,4,True,False,0.5444791153564177,0.7095588235294118,0.257698601042441,0.32987012987012987,0.5933056184609824,0.7757352941176471,0.419166566808798,0.548051948051948,0.5933056184609824,0.7757352941176471,0.5444791153564177,0.7095588235294118,0.31744560231880214,0.4189189189189189,0.0,0.0,0.28678051431397666,0.37968869365928193,-0.04882650310456471,-0.06617647058823528,0.1253125485476197,0.16150687547746378,-0.04882650310456471,-0.06617647058823528
hc2/search/clean/order1/5,hc2,search,31,clean,order1,5,False,False,0.49090316813531326,0.8092105263157895,0.49090316813531326,0.8092105263157895,0.49090316813531326,0.8092105263157895,0.49090316813531326,0.8092105263157895,0.49090316813531326,0.8092105263157895,0.49090316813531326,0.8092105263157895,0.49090316813531326,0.8092105263157895,0.0,0.0,0.0,0.0,0.0,0.0,0.0,0.0,0.0,0.0
hc2/search/clean/order1/6,hc2,search,11,clean,order1,6,False,False,0.2469132596093794,0.8641114982578397,0.2469132596093794,0.8641114982578397,0.2469132596093794,0.8641114982578397,0.2469132596093794,0.8641114982578397,0.2469132596093794,0.8641114982578397,0.2469132596093794,0.8641114982578397,0.2469132596093794,0.8641114982578397,0.0,0.0,0.0,0.0,0.0,0.0,0.0,0.0,0.0,0.0
hc2/search/clean/order1/7,hc2,search,30,clean,order1,7,False,False,0.5299847306393535,0.723404255319149,0.5299847306393535,0.723404255319149,0.5299847306393535,0.723404255319149,0.5299847306393535,0.723404255319149,0.5299847306393535,0.723404255319149,0.5299847306393535,0.723404255319149,0.5299847306393535,0.723404255319149,0.0,0.0,0.0,0.0,0.0,0.0,0.0,0.0,0.0,0.0
hc2/search/clean/order1/8,hc2,search,26,clean,order1,8,True,False,0.12408215791763476,0.4473684210526316,0.12408215791763476,0.4473684210526316,0.13344684908122983,0.4811320754716981,0.10967131597099897,0.4375,0.12859423638736694,0.4636363636363636,0.1122648095445267,0.40476190476190477,0.05715299394994086,0.20606060606060606,-0.011817348373108064,-0.042606516290726815,-0.011817348373108064,-0.042606516290726815,-0.02118203953670314,-0.07637017070979335,0.0025934935735277276,-0.03273809523809523,-0.01632942684284025,-0.05887445887445886
hc2/search/clean/order1/9,hc2,search,24,clean,order1,9,False,False,0.017592931616054512,0.342911877394636,0.017592931616054512,0.342911877394636,0.017592931616054512,0.342911877394636,0.017592931616054512,0.342911877394636,0.017592931616054512,0.342911877394636,0.017592931616054512,0.342911877394636,0.017592931616054512,0.342911877394636,0.0,0.0,0.0,0.0,0.0,0.0,0.0,0.0,0.0,0.0
hc2/search/clean/order1/10,hc2,search,19,clean,order1,10,False,False,0.5873359233394453,0.8327137546468402,0.5873359233394453,0.8327137546468402,0.5873359233394453,0.8327137546468402,0.5873359233394453,0.8327137546468402,0.5873359233394453,0.8327137546468402,0.5873359233394453,0.8327137546468402,0.5873359233394453,0.8327137546468402,0.0,0.0,0.0,0.0,0.0,0.0,0.0,0.0,0.0,0.0
hc2/search/clean/order1/11,hc2,search,13,clean,order1,11,False,False,0.3527928162190368,0.5476190476190477,0.3527928162190368,0.5476190476190477,0.3527928162190368,0.5476190476190477,0.3527928162190368,0.5476190476190477,0.3527928162190368,0.5476190476190477,0.3527928162190368,0.5476190476190477,0.3527928162190368,0.5476190476190477,0.0,0.0,0.0,0.0,0.0,0.0,0.0,0.0,0.0,0.0
hc2/search/clean/order1/12,hc2,search,14,clean,order1,12,True,False,0.4937913483189059,0.7444444444444445,0.4095965101262814,0.6175115207373272,0.5520648614745532,0.8322981366459627,0.2793270010380452,0.4011299435028249,0.4937913483189059,0.7444444444444445,0.15921654592076637,0.22388059701492538,0.14838471234958775,0.22370617696160267,-0.3345748023981395,-0.5205638474295191,-0.250379964205515,-0.3936309237224018,-0.39284831555378685,-0.6084175396310374,-0.12011045511727883,-0.1772493464878995,-0.3345748023981395,-0.5205638474295191
hc2/search/clean/order1/13,hc2,search,16,clean,order1,13,False,False,0.16633640861777202,0.3333333333333333,0.16633640861777202,0.3333333333333333,0.16633640861777202,0.3333333333333333,0.16633640861777202,0.3333333333333333,0.16633640861777202,0.3333333333333333,0.16633640861777202,0.3333333333333333,0.16633640861777202,0.3333333333333333,0.0,0.0,0.0,0.0,0.0,0.0,0.0,0.0,0.0,0.0
hc2/search/clean/order1/14,hc2,search,17,clean,order1,14,False,False,0.2970118914547018,0.4533678756476684,0.2970118914547018,0.4533678756476684,0.2970118914547018,0.4533678756476684,0.2970118914547018,0.4533678756476684,0.2970118914547018,0.4533678756476684,0.2970118914547018,0.4533678756476684,0.2970118914547018,0.4533678756476684,0.0,0.0,0.0,0.0,0.0,0.0,0.0,0.0,0.0,0.0
hc2/search/clean/order1/15,hc2,search,23,clean,order1,15,False,False,0.06449226600135811,0.5739514348785872,0.06449226600135811,0.5739514348785872,0.06449226600135811,0.5739514348785872,0.06449226600135811,0.5739514348785872,0.06449226600135811,0.5739514348785872,0.06449226600135811,0.5739514348785872,0.06449226600135811,0.5739514348785872,0.0,0.0,0.0,0.0,0.0,0.0,0.0,0.0,0.0,0.0
hc2/search/clean/order1/16,hc2,search,29,clean,order1,16,True,False,0.22459467832780688,0.4232209737827715,0.20678199694318772,0.3896551724137931,0.22459467832780688,0.4232209737827715,0.20123080239437732,0.37919463087248323,0.22459467832780688,0.4232209737827715,0.2389114705718105,0.450199203187251,0.1221319330214347,0.23014256619144602,0.014316792244003618,0.02697822940447947,0.032129473628622784,0.06054403077345788,0.014316792244003618,0.02697822940447947,0.03768066817743318,0.07100457231476776,0.014316792244003618,0.02697822940447947
hc2/search/clean/order1/17,hc2,search,9,clean,order1,17,False,False,0.0,0.0,0.0,0.0,0.0,0.0,0.0,0.0,0.0,0.0,0.0,0.0,0.0,0.0,0.0,0.0,0.0,0.0,0.0,0.0,0.0,0.0,0.0,0.0
hc2/search/clean/order1/18,hc2,search,5,clean,order1,18,False,False,0.22891580751321455,0.46996466431095407,0.22891580751321455,0.46996466431095407,0.22891580751321455,0.46996466431095407,0.22891580751321455,0.46996466431095407,0.22891580751321455,0.46996466431095407,0.22891580751321455,0.46996466431095407,0.22891580751321455,0.46996466431095407,0.0,0.0,0.0,0.0,0.0,0.0,0.0,0.0,0.0,0.0
hc2/search/clean/order1/19,hc2,search,8,clean,order1,19,False,False,0.7399432003760843,0.8688046647230321,0.7399432003760843,0.8688046647230321,0.7399432003760843,0.8688046647230321,0.7399432003760843,0.8688046647230321,0.7399432003760843,0.8688046647230321,0.7399432003760843,0.8688046647230321,0.7399432003760843,0.8688046647230321,0.0,0.0,0.0,0.0,0.0,0.0,0.0,0.0,0.0,0.0
hc2/search/clean/order1/20,hc2,search,28,clean,order1,20,True,False,0.40198194844789553,0.5736040609137056,0.38629484802066055,0.551219512195122,0.5012053407863001,0.7151898734177216,0.28796525034267423,0.4109090909090909,0.5012053407863001,0.7151898734177216,0.42240613251235765,0.5697674418604651,0.16030454219480852,0.22874493927125505,0.020424184064462114,-0.0038366190532405087,0.03611128449169709,0.018547929665343132,-0.07879920827394243,-0.14542243155725643,0.13444088216968342,0.15885835095137424,-0.07879920827394243,-0.14542243155725643
hc2/search/clean/order1/21,hc2,search,10,clean,order1,21,False,False,0.2721643090473695,0.3598326359832636,0.2721643090473695,0.3598326359832636,0.2721643090473695,0.3598326359832636,0.2721643090473695,0.3598326359832636,0.2721643090473695,0.3598326359832636,0.2721643090473695,0.3598326359832636,0.2721643090473695,0.3598326359832636,0.0,0.0,0.0,0.0,0.0,0.0,0.0,0.0,0.0,0.0
hc2/search/clean/order1/22,hc2,search,21,clean,order1,22,False,False,0.5858715086524269,0.8761329305135952,0.5858715086524269,0.8761329305135952,0.5858715086524269,0.8761329305135952,0.5858715086524269,0.8761329305135952,0.5858715086524269,0.8761329305135952,0.5858715086524269,0.8761329305135952,0.5858715086524269,0.8761329305135952,0.0,0.0,0.0,0.0,0.0,0.0,0.0,0.0,0.0,0.0
hc2/search/clean/order1/23,hc2,search,20,clean,order1,23,False,False,0.5372545027437563,0.890295358649789,0.5372545027437563,0.890295358649789,0.5372545027437563,0.890295358649789,0.5372545027437563,0.890295358649789,0.5372545027437563,0.890295358649789,0.5372545027437563,0.890295358649789,0.5372545027437563,0.890295358649789,0.0,0.0,0.0,0.0,0.0,0.0,0.0,0.0,0.0,0.0
hc2/search/clean/order1/24,hc2,search,1,clean,order1,24,True,False,0.3777558932453901,0.6735537190082644,0.4211516143275015,0.7520661157024794,0.3777558932453901,0.6735537190082644,0.3777558932453901,0.6735537190082644,0.4211516143275015,0.7520661157024794,0.2927574392198628,0.5165289256198347,0.17742858874421605,0.31703204047217537,-0.0849984540255273,-0.15702479338842978,-0.12839417510763868,-0.23553719008264473,-0.0849984540255273,-0.15702479338842978,-0.0849984540255273,-0.15702479338842978,-0.12839417510763868,-0.23553719008264473
hc2/search/clean/order1/25,hc2,search,7,clean,order1,25,False,False,0.6467763331036581,0.9824561403508771,0.6467763331036581,0.9824561403508771,0.6467763331036581,0.9824561403508771,0.6467763331036581,0.9824561403508771,0.6467763331036581,0.9824561403508771,0.6467763331036581,0.9824561403508771,0.6467763331036581,0.9824561403508771,0.0,0.0,0.0,0.0,0.0,0.0,0.0,0.0,0.0,0.0
hc2/search/clean/order1/26,hc2,search,12,clean,order1,26,False,False,0.47071953724545923,0.8191489361702128,0.47071953724545923,0.8191489361702128,0.47071953724545923,0.8191489361702128,0.47071953724545923,0.8191489361702128,0.47071953724545923,0.8191489361702128,0.47071953724545923,0.8191489361702128,0.47071953724545923,0.8191489361702128,0.0,0.0,0.0,0.0,0.0,0.0,0.0,0.0,0.0,0.0
hc2/search/clean/order1/27,hc2,search,18,clean,order1,27,False,False,0.23342082383226637,0.35435435435435436,0.23342082383226637,0.35435435435435436,0.23342082383226637,0.35435435435435436,0.23342082383226637,0.35435435435435436,0.23342082383226637,0.35435435435435436,0.23342082383226637,0.35435435435435436,0.23342082383226637,0.35435435435435436,0.0,0.0,0.0,0.0,0.0,0.0,0.0,0.0,0.0,0.0
hc2/search/clean/order1/28,hc2,search,3,clean,order1,28,True,False,0.22420851244213602,0.5028901734104047,0.23796363590484376,0.5337423312883436,0.3765832296358207,0.8446601941747572,0.3078418464483296,0.6904761904761905,0.3765832296358207,0.8446601941747572,0.30895187161226023,0.6982758620689655,0.07773160852202311,0.1743486973947896,0.08474335917012421,0.19538568865856087,0.07098823570741647,0.16453353078062194,-0.06763135802356046,-0.14638433210579171,0.0011100251639306058,0.007799671592775059,-0.06763135802356046,-0.14638433210579171
hc2/search/clean/order1/29,hc2,search,6,clean,order1,29,False,False,0.30368914614783094,0.6896551724137931,0.30368914614783094,0.6896551724137931,0.30368914614783094,0.6896551724137931,0.30368914614783094,0.6896551724137931,0.30368914614783094,0.6896551724137931,0.30368914614783094,0.6896551724137931,0.30368914614783094,0.6896551724137931,0.0,0.0,0.0,0.0,0.0,0.0,0.0,0.0,0.0,0.0
hc2/search/clean/order1/30,hc2,search,15,clean,order1,30,False,False,0.05680580535574577,0.28044280442804426,0.05680580535574577,0.28044280442804426,0.05680580535574577,0.28044280442804426,0.05680580535574577,0.28044280442804426,0.05680580535574577,0.28044280442804426,0.05680580535574577,0.28044280442804426,0.05680580535574577,0.28044280442804426,0.0,0.0,0.0,0.0,0.0,0.0,0.0,0.0,0.0,0.0
hc2/search/clean/order1/31,hc2,search,4,clean,order1,31,False,False,0.0,0.0,0.0,0.0,0.0,0.0,0.0,0.0,0.0,0.0,0.0,0.0,0.0,0.0,0.0,0.0,0.0,0.0,0.0,0.0,0.0,0.0,0.0,0.0
hc2/search/clean/order2/0,hc2,search,16,clean,order2,0,True,False,0.15028470927788676,0.3333333333333333,0.174351360445409,0.3723958333333333,0.36801685963586345,0.7872340425531915,0.256367121607075,0.5478723404255319,0.36801685963586345,0.7872340425531915,0.14241675497298276,0.3191489361702128,0.22760209896291872,0.52,-0.007867954304904001,-0.014184397163120532,-0.03193460547242624,-0.05324689716312053,-0.2256001046628807,-0.46808510638297873,-0.11395036663409222,-0.22872340425531912,-0.2256001046628807,-0.46808510638297873
hc2/search/clean/order2/1,hc2,search,2,clean,order2,1,False,False,0.15697525235908516,0.31100478468899523,0.15697525235908516,0.31100478468899523,0.15697525235908516,0.31100478468899523,0.15697525235908516,0.31100478468899523,0.15697525235908516,0.31100478468899523,0.15697525235908516,0.31100478468899523,0.15697525235908516,0.31100478468899523,0.0,0.0,0.0,0.0,0.0,0.0,0.0,0.0,0.0,0.0
hc2/search/clean/order2/2,hc2,search,27,clean,order2,2,False,False,0.5349906309325663,0.7095588235294118,0.5349906309325663,0.7095588235294118,0.5349906309325663,0.7095588235294118,0.5349906309325663,0.7095588235294118,0.5349906309325663,0.7095588235294118,0.5349906309325663,0.7095588235294118,0.5349906309325663,0.7095588235294118,0.0,0.0,0.0,0.0,0.0,0.0,0.0,0.0,0.0,0.0
hc2/search/clean/order2/3,hc2,search,22,clean,order2,3,False,False,0.0663011064400894,0.24316939890710382,0.0663011064400894,0.24316939890710382,0.0663011064400894,0.24316939890710382,0.0663011064400894,0.24316939890710382,0.0663011064400894,0.24316939890710382,0.0663011064400894,0.24316939890710382,0.0663011064400894,0.24316939890710382,0.0,0.0,0.0,0.0,0.0,0.0,0.0,0.0,0.0,0.0
hc2/search/clean/order2/4,hc2,search,23,clean,order2,4,True,False,0.07768002550445777,0.5739514348785872,0.08299304611679097,0.6132075471698113,0.07768002550445777,0.5739514348785872,0.07768002550445777,0.5739514348785872,0.07768002550445777,0.5739514348785872,0.09140013390524512,0.6753246753246753,0.07108899303741287,0.5252525252525253,0.013720108400787356,0.10137324044608809,0.008407087788454157,0.06211712815486403,0.013720108400787356,0.10137324044608809,0.013720108400787356,0.10137324044608809,0.013720108400787356,0.10137324044608809
hc2/search/clean/order2/5,hc2,search,26,clean,order2,5,False,False,0.14239622617206601,0.4473684210526316,0.14239622617206601,0.4473684210526316,0.14239622617206601,0.4473684210526316,0.14239622617206601,0.4473684210526316,0.14239622617206601,0.4473684210526316,0.14239622617206601,0.4473684210526316,0.14239622617206601,0.4473684210526316,0.0,0.0,0.0,0.0,0.0,0.0,0.0,0.0,0.0,0.0
hc2/search/clean/order2/6,hc2,search,15,clean,order2,6,False,False,0.06574733474456611,0.28044280442804426,0.06574733474456611,0.28044280442804426,0.06574733474456611,0.28044280442804426,0.06574733474456611,0.28044280442804426,0.06574733474456611,0.28044280442804426,0.06574733474456611,0.28044280442804426,0.06574733474456611,0.28044280442804426,0.0,0.0,0.0,0.0,0.0,0.0,0.0,0.0,0.0,0.0
hc2/search/clean/order2/7,hc2,search,12,clean,order2,7,False,False,0.4744471895643662,0.8191489361702128,0.4744471895643662,0.8191489361702128,0.4744471895643662,0.8191489361702128,0.4744471895643662,0.8191489361702128,0.4744471895643662,0.8191489361702128,0.4744471895643662,0.8191489361702128,0.4744471895643662,0.8191489361702128,0.0,0.0,0.0,0.0,0.0,0.0,0.0,0.0,0.0,0.0
hc2/search/clean/order2/8,hc2,search,5,clean,order2,8,True,False,0.23682314809594693,0.46996466431095407,0.2157621422018512,0.4276315789473684,0.3546082058791163,0.7037037037037037,0.0844823230997811,0.17228464419475656,0.3546082058791163,0.7037037037037037,0.2456617649039804,0.4868913857677903,0.0,0.0,0.008838616808033467,0.016926721456836213,0.029899622702129203,0.05925980682042187,-0.1089464409751359,-0.21681231793591343,0.1611794418041993,0.3146067415730337,-0.1089464409751359,-0.21681231793591343
hc2/search/clean/order2/9,hc2,search,17,clean,order2,9,False,False,0.2871629303330803,0.4533678756476684,0.2871629303330803,0.4533678756476684,0.2871629303330803,0.4533678756476684,0.2871629303330803,0.4533678756476684,0.2871629303330803,0.4533678756476684,0.2871629303330803,0.4533678756476684,0.2871629303330803,0.4533678756476684,0.0,0.0,0.0,0.0,0.0,0.0,0.0,0.0,0.0,0.0
hc2/search/clean/order2/10,hc2,search,11,clean,order2,10,False,False,0.281889840029076,0.8641114982578397,0.281889840029076,0.8641114982578397,0.281889840029076,0.8641114982578397,0.281889840029076,0.8641114982578397,0.281889840029076,0.8641114982578397,0.281889840029076,0.8641114982578397,0.281889840029076,0.8641114982578397,0.0,0.0,0.0,0.0,0.0,0.0,0.0,0.0,0.0,0.0
hc2/search/clean/order2/11,hc2,search,3,clean,order2,11,False,False,0.21826247843048938,0.5028901734104047,0.21826247843048938,0.5028901734104047,0.21826247843048938,0.5028901734104047,0.21826247843048938,0.5028901734104047,0.21826247843048938,0.5028901734104047,0.21826247843048938,0.5028901734104047,0.21826247843048938,0.5028901734104047,0.0,0.0,0.0,0.0,0.0,0.0,0.0,0.0,0.0,0.0
hc2/search/clean/order2/12,hc2,search,1,clean,order2,12,True,False,0.3776402660628962,0.6735537190082644,0.4205251637552805,0.7520661157024794,0.3776402660628962,0.6735537190082644,0.3776402660628962,0.6735537190082644,0.4205251637552805,0.7520661157024794,0.29303211864480955,0.5165289256198347,0.17714462044740872,0.31703204047217537,-0.08460814741808664,-0.15702479338842978,-0.12749304511047094,-0.23553719008264473,-0.08460814741808664,-0.15702479338842978,-0.08460814741808664,-0.15702479338842978,-0.12749304511047094,-0.23553719008264473
hc2/search/clean/order2/13,hc2,search,9,clean,order2,13,False,False,0.0,0.0,0.0,0.0,0.0,0.0,0.0,0.0,0.0,0.0,0.0,0.0,0.0,0.0,0.0,0.0,0.0,0.0,0.0,0.0,0.0,0.0,0.0,0.0
hc2/search/clean/order2/14,hc2,search,14,clean,order2,14,False,False,0.5131389020655738,0.7444444444444445,0.5131389020655738,0.7444444444444445,0.5131389020655738,0.7444444444444445,0.5131389020655738,0.7444444444444445,0.5131389020655738,0.7444444444444445,0.5131389020655738,0.7444444444444445,0.5131389020655738,0.7444444444444445,0.0,0.0,0.0,0.0,0.0,0.0,0.0,0.0,0.0,0.0
hc2/search/clean/order2/15,hc2,search,31,clean,order2,15,False,False,0.5041580396219122,0.8092105263157895,0.5041580396219122,0.8092105263157895,0.5041580396219122,0.8092105263157895,0.5041580396219122,0.8092105263157895,0.5041580396219122,0.8092105263157895,0.5041580396219122,0.8092105263157895,0.5041580396219122,0.8092105263157895,0.0,0.0,0.0,0.0,0.0,0.0,0.0,0.0,0.0,0.0
hc2/search/clean/order2/16,hc2,search,20,clean,order2,16,True,False,0.5584889159548452,0.890295358649789,0.5004372701843331,0.8,0.5584889159548452,0.890295358649789,0.027363524518957707,0.045317220543806644,0.5584889159548452,0.890295358649789,0.5173296674901334,0.8270042194092827,0.2877730022499943,0.456,-0.04115924846471175,-0.06329113924050633,0.016892397305800277,0.02700421940928266,-0.04115924846471175,-0.06329113924050633,0.48996614297117574,0.7816869988654761,-0.04115924846471175,-0.06329113924050633
hc2/search/clean/order2/17,hc2,search,0,clean,order2,17,False,False,0.20738135993276474,0.3778801843317972,0.20738135993276474,0.3778801843317972,0.20738135993276474,0.3778801843317972,0.20738135993276474,0.3778801843317972,0.20738135993276474,0.3778801843317972,0.20738135993276474,0.3778801843317972,0.20738135993276474,0.3778801843317972,0.0,0.0,0.0,0.0,0.0,0.0,0.0,0.0,0.0,0.0
hc2/search/clean/order2/18,hc2,search,24,clean,order2,18,False,False,0.01963364243479532,0.342911877394636,0.01963364243479532,0.342911877394636,0.01963364243479532,0.342911877394636,0.01963364243479532,0.342911877394636,0.01963364243479532,0.342911877394636,0.01963364243479532,0.342911877394636,0.01963364243479532,0.342911877394636,0.0,0.0,0.0,0.0,0.0,0.0,0.0,0.0,0.0,0.0
hc2/search/clean/order2/19,hc2,search,6,clean,order2,19,False,False,0.30782151450513356,0.6896551724137931,0.30782151450513356,0.6896551724137931,0.30782151450513356,0.6896551724137931,0.30782151450513356,0.6896551724137931,0.30782151450513356,0.6896551724137931,0.30782151450513356,0.6896551724137931,0.30782151450513356,0.6896551724137931,0.0,0.0,0.0,0.0,0.0,0.0,0.0,0.0,0.0,0.0
hc2/search/clean/order2/20,hc2,search,4,clean,order2,20,True,False,0.0,0.0,0.0,0.0,0.0,0.0,0.0,0.0,0.0,0.0,0.0,0.0,0.0,0.0,0.0,0.0,0.0,0.0,0.0,0.0,0.0,0.0,0.0,0.0
hc2/search/clean/order2/21,hc2,search,28,clean,order2,21,False,False,0.3989811398358037,0.5736040609137056,0.3989811398358037,0.5736040609137056,0.3989811398358037,0.5736040609137056,0.3989811398358037,0.5736040609137056,0.3989811398358037,0.5736040609137056,0.3989811398358037,0.5736040609137056,0.3989811398358037,0.5736040609137056,0.0,0.0,0.0,0.0,0.0,0.0,0.0,0.0,0.0,0.0
hc2/search/clean/order2/22,hc2,search,30,clean,order2,22,False,False,0.5027062060150256,0.723404255319149,0.5027062060150256,0.723404255319149,0.5027062060150256,0.723404255319149,0.5027062060150256,0.723404255319149,0.5027062060150256,0.723404255319149,0.5027062060150256,0.723404255319149,0.5027062060150256,0.723404255319149,0.0,0.0,0.0,0.0,0.0,0.0,0.0,0.0,0.0,0.0
hc2/search/clean/order2/23,hc2,search,25,clean,order2,23,False,False,0.23102835884050515,0.6883116883116883,0.23102835884050515,0.6883116883116883,0.23102835884050515,0.6883116883116883,0.23102835884050515,0.6883116883116883,0.23102835884050515,0.6883116883116883,0.23102835884050515,0.6883116883116883,0.23102835884050515,0.6883116883116883,0.0,0.0,0.0,0.0,0.0,0.0,0.0,0.0,0.0,0.0
hc2/search/clean/order2/24,hc2,search,29,clean,order2,24,True,False,0.23209295349296583,0.4232209737827715,0.21368558131938578,0.3896551724137931,0.23209295349296583,0.4232209737827715,0.20794905564638214,0.37919463087248323,0.23209295349296583,0.4232209737827715,0.24688772343674056,0.450199203187251,0.12620940648191828,0.23014256619144602,0.014794769943774738,0.02697822940447947,0.03320214211735478,0.06054403077345788,0.014794769943774738,0.02697822940447947,0.03893866779035843,0.07100457231476776,0.014794769943774738,0.02697822940447947
hc2/search/clean/order2/25,hc2,search,21,clean,order2,25,False,False,0.5943563883938278,0.8761329305135952,0.5943563883938278,0.8761329305135952,0.5943563883938278,0.8761329305135952,0.5943563883938278,0.8761329305135952,0.5943563883938278,0.8761329305135952,0.5943563883938278,0.8761329305135952,0.5943563883938278,0.8761329305135952,0.0,0.0,0.0,0.0,0.0,0.0,0.0,0.0,0.0,0.0
hc2/search/clean/order2/26,hc2,search,19,clean,order2,26,False,False,0.581671323196035,0.8327137546468402,0.581671323196035,0.8327137546468402,0.581671323196035,0.8327137546468402,0.581671323196035,0.8327137546468402,0.581671323196035,0.8327137546468402,0.581671323196035,0.8327137546468402,0.581671323196035,0.8327137546468402,0.0,0.0,0.0,0.0,0.0,0.0,0.0,0.0,0.0,0.0
hc2/search/clean/order2/27,hc2,search,18,clean,order2,27,False,False,0.2504930960185177,0.35435435435435436,0.2504930960185177,0.35435435435435436,0.2504930960185177,0.35435435435435436,0.2504930960185177,0.35435435435435436,0.2504930960185177,0.35435435435435436,0.2504930960185177,0.35435435435435436,0.2504930960185177,0.35435435435435436,0.0,0.0,0.0,0.0,0.0,0.0,0.0,0.0,0.0,0.0
hc2/search/clean/order2/28,hc2,search,8,clean,order2,28,True,False,0.7266273191996117,0.8688046647230321,0.8169324337973554,0.9825072886297376,0.7638089131137373,0.9125364431486881,0.05426316221325512,0.0645933014354067,0.7638089131137373,0.9125364431486881,0.6911131164168902,0.8250728862973761,0.5767417934781535,0.694331983805668,-0.03551420278272144,-0.04373177842565601,-0.12581931738046515,-0.1574344023323615,-0.07269579669684711,-0.08746355685131202,0.6368499542036351,0.7604795848619694,-0.07269579669684711,-0.08746355685131202
hc2/search/clean/order2/29,hc2,search,7,clean,order2,29,False,False,0.658047712444789,0.9824561403508771,0.658047712444789,0.9824561403508771,0.658047712444789,0.9824561403508771,0.658047712444789,0.9824561403508771,0.658047712444789,0.9824561403508771,0.658047712444789,0.9824561403508771,0.658047712444789,0.9824561403508771,0.0,0.0,0.0,0.0,0.0,0.0,0.0,0.0,0.0,0.0
hc2/search/clean/order2/30,hc2,search,10,clean,order2,30,False,False,0.28083539471921526,0.3598326359832636,0.28083539471921526,0.3598326359832636,0.28083539471921526,0.3598326359832636,0.28083539471921526,0.3598326359832636,0.28083539471921526,0.3598326359832636,0.28083539471921526,0.3598326359832636,0.28083539471921526,0.3598326359832636,0.0,0.0,0.0,0.0,0.0,0.0,0.0,0.0,0.0,0.0
hc2/search/clean/order2/31,hc2,search,13,clean,order2,31,False,False,0.34561362922205424,0.5476190476190477,0.34561362922205424,0.5476190476190477,0.34561362922205424,0.5476190476190477,0.34561362922205424,0.5476190476190477,0.34561362922205424,0.5476190476190477,0.34561362922205424,0.5476190476190477,0.34561362922205424,0.5476190476190477,0.0,0.0,0.0,0.0,0.0,0.0,0.0,0.0,0.0,0.0
hc2/search/frame_drop_5/order1/0,hc2,search,2,frame_drop_5,order1,0,True,False,0.0762338369190863,0.16129032258064516,0.11034013717447065,0.2995391705069124,0.18616607049489525,0.5373134328358209,0.1964271924906769,0.5669291338582677,0.1964271924906769,0.5669291338582677,0.07915187852364464,0.1674641148325359,0.26689022141748187,0.7052631578947368,0.00291804160455833,0.006173792251890742,-0.031188258650826015,-0.13207505567437652,-0.10701419197125062,-0.369849318003285,-0.11727531396703225,-0.39946501902573184,-0.11727531396703225,-0.39946501902573184
hc2/search/frame_drop_5/order1/1,hc2,search,0,frame_drop_5,order1,1,False,False,0.19378984384759565,0.3778801843317972,0.19378984384759565,0.3778801843317972,0.19378984384759565,0.3778801843317972,0.19378984384759565,0.3778801843317972,0.19378984384759565,0.3778801843317972,0.19378984384759565,0.3778801843317972,0.19378984384759565,0.3778801843317972,0.0,0.0,0.0,0.0,0.0,0.0,0.0,0.0,0.0,0.0
hc2/search/frame_drop_5/order1/2,hc2,search,25,frame_drop_5,order1,2,False,False,0.24235649474735305,0.6883116883116883,0.24235649474735305,0.6883116883116883,0.24235649474735305,0.6883116883116883,0.24235649474735305,0.6883116883116883,0.24235649474735305,0.6883116883116883,0.24235649474735305,0.6883116883116883,0.24235649474735305,0.6883116883116883,0.0,0.0,0.0,0.0,0.0,0.0,0.0,0.0,0.0,0.0
hc2/search/frame_drop_5/order1/3,hc2,search,22,frame_drop_5,order1,3,False,False,0.07865667860417365,0.24316939890710382,0.07865667860417365,0.24316939890710382,0.07865667860417365,0.24316939890710382,0.07865667860417365,0.24316939890710382,0.07865667860417365,0.24316939890710382,0.07865667860417365,0.24316939890710382,0.07865667860417365,0.24316939890710382,0.0,0.0,0.0,0.0,0.0,0.0,0.0,0.0,0.0,0.0
hc2/search/frame_drop_5/order1/4,hc2,search,27,frame_drop_5,order1,4,True,False,0.6061994119063525,0.875,0.5769753032557927,0.8346774193548387,0.6061994119063525,0.875,0.40963063878491934,0.5893333333333334,0.6061994119063525,0.875,0.5234882253838168,0.7620967741935484,0.2886293948779905,0.41402337228714525,-0.08271118652253573,-0.11290322580645162,-0.05348707787197593,-0.07258064516129037,-0.08271118652253573,-0.11290322580645162,0.11385758659889744,0.172763440860215,-0.08271118652253573,-0.11290322580645162
hc2/search/frame_drop_5/order1/5,hc2,search,31,frame_drop_5,order1,5,False,False,0.419828691542619,0.6885964912280702,0.419828691542619,0.6885964912280702,0.419828691542619,0.6885964912280702,0.419828691542619,0.6885964912280702,0.419828691542619,0.6885964912280702,0.419828691542619,0.6885964912280702,0.419828691542619,0.6885964912280702,0.0,0.0,0.0,0.0,0.0,0.0,0.0,0.0,0.0,0.0
hc2/search/frame_drop_5/order1/6,hc2,search,11,frame_drop_5,order1,6,False,False,0.20680677498261274,0.7013698630136986,0.20680677498261274,0.7013698630136986,0.20680677498261274,0.7013698630136986,0.20680677498261274,0.7013698630136986,0.20680677498261274,0.7013698630136986,0.20680677498261274,0.7013698630136986,0.20680677498261274,0.7013698630136986,0.0,0.0,0.0,0.0,0.0,0.0,0.0,0.0,0.0,0.0
hc2/search/frame_drop_5/order1/7,hc2,search,30,frame_drop_5,order1,7,False,False,0.6036291614802743,0.8242424242424242,0.6036291614802743,0.8242424242424242,0.6036291614802743,0.8242424242424242,0.6036291614802743,0.8242424242424242,0.6036291614802743,0.8242424242424242,0.6036291614802743,0.8242424242424242,0.6036291614802743,0.8242424242424242,0.0,0.0,0.0,0.0,0.0,0.0,0.0,0.0,0.0,0.0
hc2/search/frame_drop_5/order1/8,hc2,search,26,frame_drop_5,order1,8,True,False,0.17297034584172905,0.4473684210526316,0.166787780992138,0.4272300469483568,0.19331979829369716,0.5,0.18515135611227335,0.4788732394366197,0.19331979829369716,0.5,0.16162802808161567,0.4180327868852459,0.07967118959982672,0.20606060606060606,-0.01134231776011338,-0.02933563416738566,-0.005159752910522342,-0.00919726006311089,-0.0316917702120815,-0.08196721311475408,-0.02352332803065768,-0.06084045255137377,-0.0316917702120815,-0.08196721311475408
hc2/search/frame_drop_5/order1/9,hc2,search,24,frame_drop_5,order1,9,False,False,0.01767595317267362,0.30842911877394635,0.01767595317267362,0.30842911877394635,0.01767595317267362,0.30842911877394635,0.01767595317267362,0.30842911877394635,0.01767595317267362,0.30842911877394635,0.01767595317267362,0.30842911877394635,0.01767595317267362,0.30842911877394635,0.0,0.0,0.0,0.0,0.0,0.0,0.0,0.0,0.0,0.0
hc2/search/frame_drop_5/order1/10,hc2,search,19,frame_drop_5,order1,10,False,False,0.5929065633298619,0.8853754940711462,0.5929065633298619,0.8853754940711462,0.5929065633298619,0.8853754940711462,0.5929065633298619,0.8853754940711462,0.5929065633298619,0.8853754940711462,0.5929065633298619,0.8853754940711462,0.5929065633298619,0.8853754940711462,0.0,0.0,0.0,0.0,0.0,0.0,0.0,0.0,0.0,0.0
hc2/search/frame_drop_5/order1/11,hc2,search,13,frame_drop_5,order1,11,False,False,0.3559402791943792,0.5476190476190477,0.3559402791943792,0.5476190476190477,0.3559402791943792,0.5476190476190477,0.3559402791943792,0.5476190476190477,0.3559402791943792,0.5476190476190477,0.3559402791943792,0.5476190476190477,0.3559402791943792,0.5476190476190477,0.0,0.0,0.0,0.0,0.0,0.0,0.0,0.0,0.0,0.0
hc2/search/frame_drop_5/order1/12,hc2,search,14,frame_drop_5,order1,12,True,False,0.45314736040376336,0.7486033519553073,0.4799608136820926,0.7928994082840237,0.45314736040376336,0.7486033519553073,0.3160379188770895,0.5405405405405406,0.4799608136820926,0.7928994082840237,0.33286495570494323,0.5,0.13541465360980576,0.22370617696160267,-0.12028240469882012,-0.24860335195530725,-0.14709585797714936,-0.2928994082840237,-0.12028240469882012,-0.24860335195530725,0.016827036827853747,-0.04054054054054057,-0.14709585797714936,-0.2928994082840237
hc2/search/frame_drop_5/order1/13,hc2,search,16,frame_drop_5,order1,13,False,False,0.19097733958384316,0.3803191489361702,0.19097733958384316,0.3803191489361702,0.19097733958384316,0.3803191489361702,0.19097733958384316,0.3803191489361702,0.19097733958384316,0.3803191489361702,0.19097733958384316,0.3803191489361702,0.19097733958384316,0.3803191489361702,0.0,0.0,0.0,0.0,0.0,0.0,0.0,0.0,0.0,0.0
hc2/search/frame_drop_5/order1/14,hc2,search,17,frame_drop_5,order1,14,False,False,0.2991016425545666,0.4533678756476684,0.2991016425545666,0.4533678756476684,0.2991016425545666,0.4533678756476684,0.2991016425545666,0.4533678756476684,0.2991016425545666,0.4533678756476684,0.2991016425545666,0.4533678756476684,0.2991016425545666,0.4533678756476684,0.0,0.0,0.0,0.0,0.0,0.0,0.0,0.0,0.0,0.0
hc2/search/frame_drop_5/order1/15,hc2,search,23,frame_drop_5,order1,15,False,False,0.09514920841617952,0.8538205980066446,0.09514920841617952,0.8538205980066446,0.09514920841617952,0.8538205980066446,0.09514920841617952,0.8538205980066446,0.09514920841617952,0.8538205980066446,0.09514920841617952,0.8538205980066446,0.09514920841617952,0.8538205980066446,0.0,0.0,0.0,0.0,0.0,0.0,0.0,0.0,0.0,0.0
hc2/search/frame_drop_5/order1/16,hc2,search,29,frame_drop_5,order1,16,True,False,0.22414190183753818,0.4232209737827715,0.21146956816474452,0.3992932862190813,0.23842983183515018,0.450199203187251,0.22414190183753818,0.4232209737827715,0.23842983183515018,0.450199203187251,0.23842983183515018,0.450199203187251,0.12114552184336579,0.22874493927125505,0.014287929997611998,0.02697822940447947,0.02696026367040566,0.05090591696816971,0.0,0.0,0.014287929997611998,0.02697822940447947,0.0,0.0
hc2/search/frame_drop_5/order1/17,hc2,search,9,frame_drop_5,order1,17,False,False,0.0,0.0,0.0,0.0,0.0,0.0,0.0,0.0,0.0,0.0,0.0,0.0,0.0,0.0,0.0,0.0,0.0,0.0,0.0,0.0,0.0,0.0,0.0,0.0
hc2/search/frame_drop_5/order1/18,hc2,search,5,frame_drop_5,order1,18,False,False,0.23156708508658186,0.46996466431095407,0.23156708508658186,0.46996466431095407,0.23156708508658186,0.46996466431095407,0.23156708508658186,0.46996466431095407,0.23156708508658186,0.46996466431095407,0.23156708508658186,0.46996466431095407,0.23156708508658186,0.46996466431095407,0.0,0.0,0.0,0.0,0.0,0.0,0.0,0.0,0.0,0.0
hc2/search/frame_drop_5/order1/19,hc2,search,8,frame_drop_5,order1,19,False,False,0.6534870786032159,0.7551020408163265,0.6534870786032159,0.7551020408163265,0.6534870786032159,0.7551020408163265,0.6534870786032159,0.7551020408163265,0.6534870786032159,0.7551020408163265,0.6534870786032159,0.7551020408163265,0.6534870786032159,0.7551020408163265,0.0,0.0,0.0,0.0,0.0,0.0,0.0,0.0,0.0,0.0
hc2/search/frame_drop_5/order1/20,hc2,search,28,frame_drop_5,order1,20,True,False,0.43679217179534574,0.6243093922651933,0.4569906537280785,0.653179190751445,0.5003758423731492,0.7151898734177216,0.3052485833782146,0.4362934362934363,0.47914777633307626,0.6848484848484848,0.5139534357533954,0.6950354609929078,0.15843563746484485,0.22645290581162325,0.07716126395804962,0.07072606872771448,0.05696278202531685,0.04185627024146277,0.013577593380246111,-0.02015441242481375,0.20870485237518077,0.2587420246994715,0.0348056594203191,0.010186976144422988
hc2/search/frame_drop_5/order1/21,hc2,search,10,frame_drop_5,order1,21,False,False,0.2703963321860502,0.3598326359832636,0.2703963321860502,0.3598326359832636,0.2703963321860502,0.3598326359832636,0.2703963321860502,0.3598326359832636,0.2703963321860502,0.3598326359832636,0.2703963321860502,0.3598326359832636,0.2703963321860502,0.3598326359832636,0.0,0.0,0.0,0.0,0.0,0.0,0.0,0.0,0.0,0.0
hc2/search/frame_drop_5/order1/22,hc2,search,21,frame_drop_5,order1,22,False,False,0.5866710757276893,0.8664688427299704,0.5866710757276893,0.8664688427299704,0.5866710757276893,0.8664688427299704,0.5866710757276893,0.8664688427299704,0.5866710757276893,0.8664688427299704,0.5866710757276893,0.8664688427299704,0.5866710757276893,0.8664688427299704,0.0,0.0,0.0,0.0,0.0,0.0,0.0,0.0,0.0,0.0
hc2/search/frame_drop_5/order1/23,hc2,search,20,frame_drop_5,order1,23,False,False,0.5440806782985987,0.890295358649789,0.5440806782985987,0.890295358649789,0.5440806782985987,0.890295358649789,0.5440806782985987,0.890295358649789,0.5440806782985987,0.890295358649789,0.5440806782985987,0.890295358649789,0.5440806782985987,0.890295358649789,0.0,0.0,0.0,0.0,0.0,0.0,0.0,0.0,0.0,0.0
hc2/search/frame_drop_5/order1/24,hc2,search,1,frame_drop_5,order1,24,True,False,0.3768424125922694,0.6735537190082644,0.42066052259010145,0.7520661157024794,0.3768424125922694,0.6735537190082644,0.2326425098146153,0.41581632653061223,0.3768424125922694,0.6735537190082644,0.2915398833744392,0.5165289256198347,0.08605736661230284,0.1572052401746725,-0.08530252921783021,-0.15702479338842978,-0.12912063921566225,-0.23553719008264473,-0.08530252921783021,-0.15702479338842978,0.05889737355982391,0.10071259908922242,-0.08530252921783021,-0.15702479338842978
hc2/search/frame_drop_5/order1/25,hc2,search,7,frame_drop_5,order1,25,False,False,0.636969664856328,0.9619883040935673,0.636969664856328,0.9619883040935673,0.636969664856328,0.9619883040935673,0.636969664856328,0.9619883040935673,0.636969664856328,0.9619883040935673,0.636969664856328,0.9619883040935673,0.636969664856328,0.9619883040935673,0.0,0.0,0.0,0.0,0.0,0.0,0.0,0.0,0.0,0.0
hc2/search/frame_drop_5/order1/26,hc2,search,12,frame_drop_5,order1,26,False,False,0.469312294232951,0.8191489361702128,0.469312294232951,0.8191489361702128,0.469312294232951,0.8191489361702128,0.469312294232951,0.8191489361702128,0.469312294232951,0.8191489361702128,0.469312294232951,0.8191489361702128,0.469312294232951,0.8191489361702128,0.0,0.0,0.0,0.0,0.0,0.0,0.0,0.0,0.0,0.0
hc2/search/frame_drop_5/order1/27,hc2,search,18,frame_drop_5,order1,27,False,False,0.13912157260860153,0.25,0.13912157260860153,0.25,0.13912157260860153,0.25,0.13912157260860153,0.25,0.13912157260860153,0.25,0.13912157260860153,0.25,0.13912157260860153,0.25,0.0,0.0,0.0,0.0,0.0,0.0,0.0,0.0,0.0,0.0
hc2/search/frame_drop_5/order1/28,hc2,search,3,frame_drop_5,order1,28,True,False,0.22461760369015663,0.5028901734104047,0.2383978247754423,0.5337423312883436,0.37727034406210774,0.8446601941747572,0.3084035352253738,0.6904761904761905,0.37727034406210774,0.8446601941747572,0.30960764568722504,0.6982758620689655,0.0778734377522988,0.1743486973947896,0.08499004199706842,0.19538568865856087,0.07120982091178274,0.16453353078062194,-0.0676626983748827,-0.14638433210579171,0.00120411046185126,0.007799671592775059,-0.0676626983748827,-0.14638433210579171
hc2/search/frame_drop_5/order1/29,hc2,search,6,frame_drop_5,order1,29,False,False,0.302082761760195,0.6896551724137931,0.302082761760195,0.6896551724137931,0.302082761760195,0.6896551724137931,0.302082761760195,0.6896551724137931,0.302082761760195,0.6896551724137931,0.302082761760195,0.6896551724137931,0.302082761760195,0.6896551724137931,0.0,0.0,0.0,0.0,0.0,0.0,0.0,0.0,0.0,0.0
hc2/search/frame_drop_5/order1/30,hc2,search,15,frame_drop_5,order1,30,False,False,0.06627665632622322,0.28044280442804426,0.06627665632622322,0.28044280442804426,0.06627665632622322,0.28044280442804426,0.06627665632622322,0.28044280442804426,0.06627665632622322,0.28044280442804426,0.06627665632622322,0.28044280442804426,0.06627665632622322,0.28044280442804426,0.0,0.0,0.0,0.0,0.0,0.0,0.0,0.0,0.0,0.0
hc2/search/frame_drop_5/order1/31,hc2,search,4,frame_drop_5,order1,31,False,False,0.0,0.0,0.0,0.0,0.0,0.0,0.0,0.0,0.0,0.0,0.0,0.0,0.0,0.0,0.0,0.0,0.0,0.0,0.0,0.0,0.0,0.0,0.0,0.0
hc2/search/frame_drop_5/order2/0,hc2,search,16,frame_drop_5,order2,0,True,False,0.17874414097171398,0.3803191489361702,0.19472829767177782,0.41032608695652173,0.3663906133478861,0.7896551724137931,0.19472829767177782,0.41032608695652173,0.3663906133478861,0.7896551724137931,0.16576461830039713,0.35904255319148937,0.22816946987189765,0.52,-0.012979522671316857,-0.021276595744680826,-0.028963679371380696,-0.05128353376503236,-0.20062599504748896,-0.43061261922230376,-0.028963679371380696,-0.05128353376503236,-0.20062599504748896,-0.43061261922230376
hc2/search/frame_drop_5/order2/1,hc2,search,2,frame_drop_5,order2,1,False,False,0.08233207188219954,0.16129032258064516,0.08233207188219954,0.16129032258064516,0.08233207188219954,0.16129032258064516,0.08233207188219954,0.16129032258064516,0.08233207188219954,0.16129032258064516,0.08233207188219954,0.16129032258064516,0.08233207188219954,0.16129032258064516,0.0,0.0,0.0,0.0,0.0,0.0,0.0,0.0,0.0,0.0
hc2/search/frame_drop_5/order2/2,hc2,search,27,frame_drop_5,order2,2,False,False,0.5960826494752165,0.875,0.5960826494752165,0.875,0.5960826494752165,0.875,0.5960826494752165,0.875,0.5960826494752165,0.875,0.5960826494752165,0.875,0.5960826494752165,0.875,0.0,0.0,0.0,0.0,0.0,0.0,0.0,0.0,0.0,0.0
hc2/search/frame_drop_5/order2/3,hc2,search,22,frame_drop_5,order2,3,False,False,0.07871785432363394,0.24316939890710382,0.07871785432363394,0.24316939890710382,0.07871785432363394,0.24316939890710382,0.07871785432363394,0.24316939890710382,0.07871785432363394,0.24316939890710382,0.07871785432363394,0.24316939890710382,0.07871785432363394,0.24316939890710382,0.0,0.0,0.0,0.0,0.0,0.0,0.0,0.0,0.0,0.0
hc2/search/frame_drop_5/order2/4,hc2,search,23,frame_drop_5,order2,4,True,False,0.11537296963837254,0.8538205980066446,0.11299813835695557,0.8280254777070064,0.11537296963837254,0.8538205980066446,0.09828646937419404,0.7202216066481995,0.13254680863034402,0.9809160305343512,0.11675489856173324,0.9236641221374046,0.0,0.0,0.001381928923360698,0.06984352413076,0.003756760204777665,0.09563864443039816,0.001381928923360698,0.06984352413076,0.0184684291875392,0.2034425154892051,-0.015791910068610776,-0.057251908396946605
hc2/search/frame_drop_5/order2/5,hc2,search,26,frame_drop_5,order2,5,False,False,0.2065315193040855,0.4473684210526316,0.2065315193040855,0.4473684210526316,0.2065315193040855,0.4473684210526316,0.2065315193040855,0.4473684210526316,0.2065315193040855,0.4473684210526316,0.2065315193040855,0.4473684210526316,0.2065315193040855,0.4473684210526316,0.0,0.0,0.0,0.0,0.0,0.0,0.0,0.0,0.0,0.0
hc2/search/frame_drop_5/order2/6,hc2,search,15,frame_drop_5,order2,6,False,False,0.06533151010467352,0.28044280442804426,0.06533151010467352,0.28044280442804426,0.06533151010467352,0.28044280442804426,0.06533151010467352,0.28044280442804426,0.06533151010467352,0.28044280442804426,0.06533151010467352,0.28044280442804426,0.06533151010467352,0.28044280442804426,0.0,0.0,0.0,0.0,0.0,0.0,0.0,0.0,0.0,0.0
hc2/search/frame_drop_5/order2/7,hc2,search,12,frame_drop_5,order2,7,False,False,0.4742992754940312,0.8191489361702128,0.4742992754940312,0.8191489361702128,0.4742992754940312,0.8191489361702128,0.4742992754940312,0.8191489361702128,0.4742992754940312,0.8191489361702128,0.4742992754940312,0.8191489361702128,0.4742992754940312,0.8191489361702128,0.0,0.0,0.0,0.0,0.0,0.0,0.0,0.0,0.0,0.0
hc2/search/frame_drop_5/order2/8,hc2,search,5,frame_drop_5,order2,8,True,False,0.2364248564007442,0.46996466431095407,0.20908823237940816,0.415625,0.35401182201804554,0.7037037037037037,0.10118453590424144,0.20599250936329588,0.35401182201804554,0.7037037037037037,0.24525132918777526,0.4868913857677903,0.0,0.0,0.008826472787031053,0.016926721456836213,0.0361630968083671,0.07126638576779026,-0.10876049283027028,-0.21681231793591343,0.14406679328353383,0.2808988764044944,-0.10876049283027028,-0.21681231793591343
hc2/search/frame_drop_5/order2/9,hc2,search,17,frame_drop_5,order2,9,False,False,0.28719023087804213,0.4533678756476684,0.28719023087804213,0.4533678756476684,0.28719023087804213,0.4533678756476684,0.28719023087804213,0.4533678756476684,0.28719023087804213,0.4533678756476684,0.28719023087804213,0.4533678756476684,0.28719023087804213,0.4533678756476684,0.0,0.0,0.0,0.0,0.0,0.0,0.0,0.0,0.0,0.0
hc2/search/frame_drop_5/order2/10,hc2,search,11,frame_drop_5,order2,10,False,False,0.22839360153185986,0.7013698630136986,0.22839360153185986,0.7013698630136986,0.22839360153185986,0.7013698630136986,0.22839360153185986,0.7013698630136986,0.22839360153185986,0.7013698630136986,0.22839360153185986,0.7013698630136986,0.22839360153185986,0.7013698630136986,0.0,0.0,0.0,0.0,0.0,0.0,0.0,0.0,0.0,0.0
hc2/search/frame_drop_5/order2/11,hc2,search,3,frame_drop_5,order2,11,False,False,0.21848795843969468,0.5028901734104047,0.21848795843969468,0.5028901734104047,0.21848795843969468,0.5028901734104047,0.21848795843969468,0.5028901734104047,0.21848795843969468,0.5028901734104047,0.21848795843969468,0.5028901734104047,0.21848795843969468,0.5028901734104047,0.0,0.0,0.0,0.0,0.0,0.0,0.0,0.0,0.0,0.0
hc2/search/frame_drop_5/order2/12,hc2,search,1,frame_drop_5,order2,12,True,False,0.37744956451712264,0.6735537190082644,0.4202440915421617,0.7520661157024794,0.37744956451712264,0.6735537190082644,0.2330173331967951,0.41581632653061223,0.37744956451712264,0.6735537190082644,0.2930682553554518,0.5165289256198347,0.08430783109019015,0.1572052401746725,-0.08438130916167086,-0.15702479338842978,-0.1271758361867099,-0.23553719008264473,-0.08438130916167086,-0.15702479338842978,0.06005092215865668,0.10071259908922242,-0.08438130916167086,-0.15702479338842978
hc2/search/frame_drop_5/order2/13,hc2,search,9,frame_drop_5,order2,13,False,False,0.0,0.0,0.0,0.0,0.0,0.0,0.0,0.0,0.0,0.0,0.0,0.0,0.0,0.0,0.0,0.0,0.0,0.0,0.0,0.0,0.0,0.0,0.0,0.0
hc2/search/frame_drop_5/order2/14,hc2,search,14,frame_drop_5,order2,14,False,False,0.4701668696760254,0.7486033519553073,0.4701668696760254,0.7486033519553073,0.4701668696760254,0.7486033519553073,0.4701668696760254,0.7486033519553073,0.4701668696760254,0.7486033519553073,0.4701668696760254,0.7486033519553073,0.4701668696760254,0.7486033519553073,0.0,0.0,0.0,0.0,0.0,0.0,0.0,0.0,0.0,0.0
hc2/search/frame_drop_5/order2/15,hc2,search,31,frame_drop_5,order2,15,False,False,0.4324475307756506,0.6885964912280702,0.4324475307756506,0.6885964912280702,0.4324475307756506,0.6885964912280702,0.4324475307756506,0.6885964912280702,0.4324475307756506,0.6885964912280702,0.4324475307756506,0.6885964912280702,0.4324475307756506,0.6885964912280702,0.0,0.0,0.0,0.0,0.0,0.0,0.0,0.0,0.0,0.0
hc2/search/frame_drop_5/order2/16,hc2,search,20,frame_drop_5,order2,16,True,False,0.5595546030589322,0.890295358649789,0.5013753409067807,0.8,0.5595546030589322,0.890295358649789,0.027418384898868928,0.045317220543806644,0.5595546030589322,0.890295358649789,0.518299403047094,0.8270042194092827,0.28832634901352483,0.456,-0.041255200011838244,-0.06329113924050633,0.01692406214031328,0.02700421940928266,-0.041255200011838244,-0.06329113924050633,0.49088101814822505,0.7816869988654761,-0.041255200011838244,-0.06329113924050633
hc2/search/frame_drop_5/order2/17,hc2,search,0,frame_drop_5,order2,17,False,False,0.21257882359869693,0.3778801843317972,0.21257882359869693,0.3778801843317972,0.21257882359869693,0.3778801843317972,0.21257882359869693,0.3778801843317972,0.21257882359869693,0.3778801843317972,0.21257882359869693,0.3778801843317972,0.21257882359869693,0.3778801843317972,0.0,0.0,0.0,0.0,0.0,0.0,0.0,0.0,0.0,0.0
hc2/search/frame_drop_5/order2/18,hc2,search,24,frame_drop_5,order2,18,False,False,0.019196715154038622,0.30842911877394635,0.019196715154038622,0.30842911877394635,0.019196715154038622,0.30842911877394635,0.019196715154038622,0.30842911877394635,0.019196715154038622,0.30842911877394635,0.019196715154038622,0.30842911877394635,0.019196715154038622,0.30842911877394635,0.0,0.0,0.0,0.0,0.0,0.0,0.0,0.0,0.0,0.0
hc2/search/frame_drop_5/order2/19,hc2,search,6,frame_drop_5,order2,19,False,False,0.30849776991754324,0.6896551724137931,0.30849776991754324,0.6896551724137931,0.30849776991754324,0.6896551724137931,0.30849776991754324,0.6896551724137931,0.30849776991754324,0.6896551724137931,0.30849776991754324,0.6896551724137931,0.30849776991754324,0.6896551724137931,0.0,0.0,0.0,0.0,0.0,0.0,0.0,0.0,0.0,0.0
hc2/search/frame_drop_5/order2/20,hc2,search,4,frame_drop_5,order2,20,True,False,0.0,0.0,0.0,0.0,0.0,0.0,0.0,0.0,0.0,0.0,0.0,0.0,0.0,0.0,0.0,0.0,0.0,0.0,0.0,0.0,0.0,0.0,0.0,0.0
hc2/search/frame_drop_5/order2/21,hc2,search,28,frame_drop_5,order2,21,False,False,0.45440113415673444,0.6243093922651933,0.45440113415673444,0.6243093922651933,0.45440113415673444,0.6243093922651933,0.45440113415673444,0.6243093922651933,0.45440113415673444,0.6243093922651933,0.45440113415673444,0.6243093922651933,0.45440113415673444,0.6243093922651933,0.0,0.0,0.0,0.0,0.0,0.0,0.0,0.0,0.0,0.0
hc2/search/frame_drop_5/order2/22,hc2,search,30,frame_drop_5,order2,22,False,False,0.5731813093374064,0.8242424242424242,0.5731813093374064,0.8242424242424242,0.5731813093374064,0.8242424242424242,0.5731813093374064,0.8242424242424242,0.5731813093374064,0.8242424242424242,0.5731813093374064,0.8242424242424242,0.5731813093374064,0.8242424242424242,0.0,0.0,0.0,0.0,0.0,0.0,0.0,0.0,0.0,0.0
hc2/search/frame_drop_5/order2/23,hc2,search,25,frame_drop_5,order2,23,False,False,0.2306522128336626,0.6883116883116883,0.2306522128336626,0.6883116883116883,0.2306522128336626,0.6883116883116883,0.2306522128336626,0.6883116883116883,0.2306522128336626,0.6883116883116883,0.2306522128336626,0.6883116883116883,0.2306522128336626,0.6883116883116883,0.0,0.0,0.0,0.0,0.0,0.0,0.0,0.0,0.0,0.0
hc2/search/frame_drop_5/order2/24,hc2,search,29,frame_drop_5,order2,24,True,False,0.23042226075677325,0.4232209737827715,0.21739485378819243,0.3992932862190813,0.24511053235879862,0.450199203187251,0.23042226075677325,0.4232209737827715,0.24511053235879862,0.450199203187251,0.24511053235879862,0.450199203187251,0.12453996684627218,0.22874493927125505,0.014688271602025377,0.02697822940447947,0.027715678570606195,0.05090591696816971,0.0,0.0,0.014688271602025377,0.02697822940447947,0.0,0.0
hc2/search/frame_drop_5/order2/25,hc2,search,21,frame_drop_5,order2,25,False,False,0.5979053802108574,0.8664688427299704,0.5979053802108574,0.8664688427299704,0.5979053802108574,0.8664688427299704,0.5979053802108574,0.8664688427299704,0.5979053802108574,0.8664688427299704,0.5979053802108574,0.8664688427299704,0.5979053802108574,0.8664688427299704,0.0,0.0,0.0,0.0,0.0,0.0,0.0,0.0,0.0,0.0
hc2/search/frame_drop_5/order2/26,hc2,search,19,frame_drop_5,order2,26,False,False,0.5921183283837613,0.8853754940711462,0.5921183283837613,0.8853754940711462,0.5921183283837613,0.8853754940711462,0.5921183283837613,0.8853754940711462,0.5921183283837613,0.8853754940711462,0.5921183283837613,0.8853754940711462,0.5921183283837613,0.8853754940711462,0.0,0.0,0.0,0.0,0.0,0.0,0.0,0.0,0.0,0.0
hc2/search/frame_drop_5/order2/27,hc2,search,18,frame_drop_5,order2,27,False,False,0.14840128619597906,0.25,0.14840128619597906,0.25,0.14840128619597906,0.25,0.14840128619597906,0.25,0.14840128619597906,0.25,0.14840128619597906,0.25,0.14840128619597906,0.25,0.0,0.0,0.0,0.0,0.0,0.0,0.0,0.0,0.0,0.0
hc2/search/frame_drop_5/order2/28,hc2,search,8,frame_drop_5,order2,28,True,False,0.6438461607897362,0.7551020408163265,0.8071748392884875,0.9770114942528736,0.6810165004036249,0.7988338192419825,0.05424196332713374,0.0645933014354067,0.6810165004036249,0.7988338192419825,0.6438461607897362,0.7551020408163265,0.13805816812480143,0.1925287356321839,0.0,0.0,-0.16332867849875132,-0.2219094534365471,-0.037170339613888714,-0.04373177842565601,0.5896041974626025,0.6905087393809197,-0.037170339613888714,-0.04373177842565601
hc2/search/frame_drop_5/order2/29,hc2,search,7,frame_drop_5,order2,29,False,False,0.6474999371672208,0.9619883040935673,0.6474999371672208,0.9619883040935673,0.6474999371672208,0.9619883040935673,0.6474999371672208,0.9619883040935673,0.6474999371672208,0.9619883040935673,0.6474999371672208,0.9619883040935673,0.6474999371672208,0.9619883040935673,0.0,0.0,0.0,0.0,0.0,0.0,0.0,0.0,0.0,0.0
hc2/search/frame_drop_5/order2/30,hc2,search,10,frame_drop_5,order2,30,False,False,0.2789534753843917,0.3598326359832636,0.2789534753843917,0.3598326359832636,0.2789534753843917,0.3598326359832636,0.2789534753843917,0.3598326359832636,0.2789534753843917,0.3598326359832636,0.2789534753843917,0.3598326359832636,0.2789534753843917,0.3598326359832636,0.0,0.0,0.0,0.0,0.0,0.0,0.0,0.0,0.0,0.0
hc2/search/frame_drop_5/order2/31,hc2,search,13,frame_drop_5,order2,31,False,False,0.34979149177508323,0.5476190476190477,0.34979149177508323,0.5476190476190477,0.34979149177508323,0.5476190476190477,0.34979149177508323,0.5476190476190477,0.34979149177508323,0.5476190476190477,0.34979149177508323,0.5476190476190477,0.34979149177508323,0.5476190476190477,0.0,0.0,0.0,0.0,0.0,0.0,0.0,0.0,0.0,0.0
hc2/search/frame_freeze_5/order1/0,hc2,search,2,frame_freeze_5,order1,0,True,False,0.1639435272913389,0.31100478468899523,0.1834700132084291,0.3686635944700461,0.3134881328049537,0.6299212598425197,0.3134881328049537,0.6299212598425197,0.3134881328049537,0.6299212598425197,0.12360578932763615,0.23923444976076555,0.38476958766967306,0.7052631578947368,-0.040337737963702755,-0.07177033492822968,-0.05986422388079295,-0.12942914470928055,-0.18988234347731753,-0.3906868100817541,-0.18988234347731753,-0.3906868100817541,-0.18988234347731753,-0.3906868100817541
hc2/search/frame_freeze_5/order1/1,hc2,search,0,frame_freeze_5,order1,1,False,False,0.19437374287619003,0.3778801843317972,0.19437374287619003,0.3778801843317972,0.19437374287619003,0.3778801843317972,0.19437374287619003,0.3778801843317972,0.19437374287619003,0.3778801843317972,0.19437374287619003,0.3778801843317972,0.19437374287619003,0.3778801843317972,0.0,0.0,0.0,0.0,0.0,0.0,0.0,0.0,0.0,0.0
hc2/search/frame_freeze_5/order1/2,hc2,search,25,frame_freeze_5,order1,2,False,False,0.24424137985099537,0.6883116883116883,0.24424137985099537,0.6883116883116883,0.24424137985099537,0.6883116883116883,0.24424137985099537,0.6883116883116883,0.24424137985099537,0.6883116883116883,0.24424137985099537,0.6883116883116883,0.24424137985099537,0.6883116883116883,0.0,0.0,0.0,0.0,0.0,0.0,0.0,0.0,0.0,0.0
hc2/search/frame_freeze_5/order1/3,hc2,search,22,frame_freeze_5,order1,3,False,False,0.0711807338248652,0.2870967741935484,0.0711807338248652,0.2870967741935484,0.0711807338248652,0.2870967741935484,0.0711807338248652,0.2870967741935484,0.0711807338248652,0.2870967741935484,0.0711807338248652,0.2870967741935484,0.0711807338248652,0.2870967741935484,0.0,0.0,0.0,0.0,0.0,0.0,0.0,0.0,0.0,0.0
hc2/search/frame_freeze_5/order1/4,hc2,search,27,frame_freeze_5,order1,4,True,False,0.5673238389124271,0.7426470588235294,0.25691825175963273,0.32987012987012987,0.5916013502193675,0.7757352941176471,0.41796251236277393,0.548051948051948,0.5916013502193675,0.7757352941176471,0.5614782350368721,0.7338403041825095,0.31654804052618574,0.4189189189189189,-0.005845603875554994,-0.008806754641019987,0.3045599832772394,0.4039701743123796,-0.03012311518249544,-0.04189498993513763,0.14351572267409818,0.18578835613056144,-0.03012311518249544,-0.04189498993513763
hc2/search/frame_freeze_5/order1/5,hc2,search,31,frame_freeze_5,order1,5,False,False,0.4897323726932354,0.8092105263157895,0.4897323726932354,0.8092105263157895,0.4897323726932354,0.8092105263157895,0.4897323726932354,0.8092105263157895,0.4897323726932354,0.8092105263157895,0.4897323726932354,0.8092105263157895,0.4897323726932354,0.8092105263157895,0.0,0.0,0.0,0.0,0.0,0.0,0.0,0.0,0.0,0.0
hc2/search/frame_freeze_5/order1/6,hc2,search,11,frame_freeze_5,order1,6,False,False,0.2441089981313774,0.8641114982578397,0.2441089981313774,0.8641114982578397,0.2441089981313774,0.8641114982578397,0.2441089981313774,0.8641114982578397,0.2441089981313774,0.8641114982578397,0.2441089981313774,0.8641114982578397,0.2441089981313774,0.8641114982578397,0.0,0.0,0.0,0.0,0.0,0.0,0.0,0.0,0.0,0.0
hc2/search/frame_freeze_5/order1/7,hc2,search,30,frame_freeze_5,order1,7,False,False,0.5299705660736331,0.723404255319149,0.5299705660736331,0.723404255319149,0.5299705660736331,0.723404255319149,0.5299705660736331,0.723404255319149,0.5299705660736331,0.723404255319149,0.5299705660736331,0.723404255319149,0.5299705660736331,0.723404255319149,0.0,0.0,0.0,0.0,0.0,0.0,0.0,0.0,0.0,0.0
hc2/search/frame_freeze_5/order1/8,hc2,search,26,frame_freeze_5,order1,8,True,False,0.11513042968418735,0.40476190476190477,0.11576983538376537,0.4272300469483568,0.12724942228252287,0.4473684210526316,0.11855276411895203,0.4375,0.11890519787055415,0.4180327868852459,0.11890519787055415,0.4180327868852459,0.058611855111949926,0.20606060606060606,0.003774768186366795,0.013270882123341154,0.0031353624867887786,-0.00919726006311089,-0.00834422441196872,-0.02933563416738566,0.0003524337516021131,-0.01946721311475408,0.0,0.0
hc2/search/frame_freeze_5/order1/9,hc2,search,24,frame_freeze_5,order1,9,False,False,0.01773468622248882,0.342911877394636,0.01773468622248882,0.342911877394636,0.01773468622248882,0.342911877394636,0.01773468622248882,0.342911877394636,0.01773468622248882,0.342911877394636,0.01773468622248882,0.342911877394636,0.01773468622248882,0.342911877394636,0.0,0.0,0.0,0.0,0.0,0.0,0.0,0.0,0.0,0.0
hc2/search/frame_freeze_5/order1/10,hc2,search,19,frame_freeze_5,order1,10,False,False,0.5680518796104347,0.8115942028985508,0.5680518796104347,0.8115942028985508,0.5680518796104347,0.8115942028985508,0.5680518796104347,0.8115942028985508,0.5680518796104347,0.8115942028985508,0.5680518796104347,0.8115942028985508,0.5680518796104347,0.8115942028985508,0.0,0.0,0.0,0.0,0.0,0.0,0.0,0.0,0.0,0.0
hc2/search/frame_freeze_5/order1/11,hc2,search,13,frame_freeze_5,order1,11,False,False,0.35342900175122854,0.5476190476190477,0.35342900175122854,0.5476190476190477,0.35342900175122854,0.5476190476190477,0.35342900175122854,0.5476190476190477,0.35342900175122854,0.5476190476190477,0.35342900175122854,0.5476190476190477,0.35342900175122854,0.5476190476190477,0.0,0.0,0.0,0.0,0.0,0.0,0.0,0.0,0.0,0.0
hc2/search/frame_freeze_5/order1/12,hc2,search,14,frame_freeze_5,order1,12,True,False,0.48974393936176264,0.7175141242937854,0.41934452807021205,0.6175115207373272,0.5652034943555032,0.8322981366459627,0.35456698818111443,0.5084745762711864,0.48974393936176264,0.7175141242937854,0.16163114507184814,0.22388059701492538,0.1519161312040668,0.22370617696160267,-0.32811279428991447,-0.49363352727886,-0.2577133829983639,-0.3936309237224018,-0.40357234928365504,-0.6084175396310374,-0.1929358431092663,-0.28459397925626106,-0.32811279428991447,-0.49363352727886
hc2/search/frame_freeze_5/order1/13,hc2,search,16,frame_freeze_5,order1,13,False,False,0.17380607982308818,0.3515625,0.17380607982308818,0.3515625,0.17380607982308818,0.3515625,0.17380607982308818,0.3515625,0.17380607982308818,0.3515625,0.17380607982308818,0.3515625,0.17380607982308818,0.3515625,0.0,0.0,0.0,0.0,0.0,0.0,0.0,0.0,0.0,0.0
hc2/search/frame_freeze_5/order1/14,hc2,search,17,frame_freeze_5,order1,14,False,False,0.2969712551147095,0.4533678756476684,0.2969712551147095,0.4533678756476684,0.2969712551147095,0.4533678756476684,0.2969712551147095,0.4533678756476684,0.2969712551147095,0.4533678756476684,0.2969712551147095,0.4533678756476684,0.2969712551147095,0.4533678756476684,0.0,0.0,0.0,0.0,0.0,0.0,0.0,0.0,0.0,0.0
hc2/search/frame_freeze_5/order1/15,hc2,search,23,frame_freeze_5,order1,15,False,False,0.07546928207652726,0.6753246753246753,0.07546928207652726,0.6753246753246753,0.07546928207652726,0.6753246753246753,0.07546928207652726,0.6753246753246753,0.07546928207652726,0.6753246753246753,0.07546928207652726,0.6753246753246753,0.07546928207652726,0.6753246753246753,0.0,0.0,0.0,0.0,0.0,0.0,0.0,0.0,0.0,0.0
hc2/search/frame_freeze_5/order1/16,hc2,search,29,frame_freeze_5,order1,16,True,False,0.2232153483334047,0.4232209737827715,0.2055120620862726,0.3896551724137931,0.23744421515943845,0.450199203187251,0.2232153483334047,0.4232209737827715,0.23744421515943845,0.450199203187251,0.23744421515943845,0.450199203187251,0.12138186966398992,0.23014256619144602,0.014228866826033748,0.02697822940447947,0.03193215307316585,0.06054403077345788,0.0,0.0,0.014228866826033748,0.02697822940447947,0.0,0.0
hc2/search/frame_freeze_5/order1/17,hc2,search,9,frame_freeze_5,order1,17,False,False,0.0,0.0,0.0,0.0,0.0,0.0,0.0,0.0,0.0,0.0,0.0,0.0,0.0,0.0,0.0,0.0,0.0,0.0,0.0,0.0,0.0,0.0,0.0,0.0
hc2/search/frame_freeze_5/order1/18,hc2,search,5,frame_freeze_5,order1,18,False,False,0.23044380036638304,0.46996466431095407,0.23044380036638304,0.46996466431095407,0.23044380036638304,0.46996466431095407,0.23044380036638304,0.46996466431095407,0.23044380036638304,0.46996466431095407,0.23044380036638304,0.46996466431095407,0.23044380036638304,0.46996466431095407,0.0,0.0,0.0,0.0,0.0,0.0,0.0,0.0,0.0,0.0
hc2/search/frame_freeze_5/order1/19,hc2,search,8,frame_freeze_5,order1,19,False,False,0.7035847199135175,0.8250728862973761,0.7035847199135175,0.8250728862973761,0.7035847199135175,0.8250728862973761,0.7035847199135175,0.8250728862973761,0.7035847199135175,0.8250728862973761,0.7035847199135175,0.8250728862973761,0.7035847199135175,0.8250728862973761,0.0,0.0,0.0,0.0,0.0,0.0,0.0,0.0,0.0,0.0
hc2/search/frame_freeze_5/order1/20,hc2,search,28,frame_freeze_5,order1,20,True,False,0.43467003571266943,0.6243093922651933,0.3993668856040262,0.5736040609137056,0.49794478774679224,0.7151898734177216,0.28609191441452064,0.4109090909090909,0.49794478774679224,0.7151898734177216,0.5113299291796551,0.6950354609929078,0.15926169324694975,0.22874493927125505,0.0766598934669857,0.07072606872771448,0.11196304357562892,0.12143140007920217,0.013385141432862901,-0.02015441242481375,0.2252380147651345,0.2841263700838169,0.013385141432862901,-0.02015441242481375
hc2/search/frame_freeze_5/order1/21,hc2,search,10,frame_freeze_5,order1,21,False,False,0.27190453054113106,0.3598326359832636,0.27190453054113106,0.3598326359832636,0.27190453054113106,0.3598326359832636,0.27190453054113106,0.3598326359832636,0.27190453054113106,0.3598326359832636,0.27190453054113106,0.3598326359832636,0.27190453054113106,0.3598326359832636,0.0,0.0,0.0,0.0,0.0,0.0,0.0,0.0,0.0,0.0
hc2/search/frame_freeze_5/order1/22,hc2,search,21,frame_freeze_5,order1,22,False,False,0.589644417291009,0.8761329305135952,0.589644417291009,0.8761329305135952,0.589644417291009,0.8761329305135952,0.589644417291009,0.8761329305135952,0.589644417291009,0.8761329305135952,0.589644417291009,0.8761329305135952,0.589644417291009,0.8761329305135952,0.0,0.0,0.0,0.0,0.0,0.0,0.0,0.0,0.0,0.0
hc2/search/frame_freeze_5/order1/23,hc2,search,20,frame_freeze_5,order1,23,False,False,0.5466643269970096,0.890295358649789,0.5466643269970096,0.890295358649789,0.5466643269970096,0.890295358649789,0.5466643269970096,0.890295358649789,0.5466643269970096,0.890295358649789,0.5466643269970096,0.890295358649789,0.5466643269970096,0.890295358649789,0.0,0.0,0.0,0.0,0.0,0.0,0.0,0.0,0.0,0.0
hc2/search/frame_freeze_5/order1/24,hc2,search,1,frame_freeze_5,order1,24,True,False,0.3775206810498057,0.6735537190082644,0.421289358697112,0.7520661157024794,0.3775206810498057,0.6735537190082644,0.2330612367705433,0.41581632653061223,0.3775206810498057,0.6735537190082644,0.2921986381888444,0.5165289256198347,0.17749573176715472,0.31703204047217537,-0.08532204286096129,-0.15702479338842978,-0.1290907205082676,-0.23553719008264473,-0.08532204286096129,-0.15702479338842978,0.059137401418301094,0.10071259908922242,-0.08532204286096129,-0.15702479338842978
hc2/search/frame_freeze_5/order1/25,hc2,search,7,frame_freeze_5,order1,25,False,False,0.6349406523793477,0.9619883040935673,0.6349406523793477,0.9619883040935673,0.6349406523793477,0.9619883040935673,0.6349406523793477,0.9619883040935673,0.6349406523793477,0.9619883040935673,0.6349406523793477,0.9619883040935673,0.6349406523793477,0.9619883040935673,0.0,0.0,0.0,0.0,0.0,0.0,0.0,0.0,0.0,0.0
hc2/search/frame_freeze_5/order1/26,hc2,search,12,frame_freeze_5,order1,26,False,False,0.4692148292390674,0.8191489361702128,0.4692148292390674,0.8191489361702128,0.4692148292390674,0.8191489361702128,0.4692148292390674,0.8191489361702128,0.4692148292390674,0.8191489361702128,0.4692148292390674,0.8191489361702128,0.4692148292390674,0.8191489361702128,0.0,0.0,0.0,0.0,0.0,0.0,0.0,0.0,0.0,0.0
hc2/search/frame_freeze_5/order1/27,hc2,search,18,frame_freeze_5,order1,27,False,False,0.23323992231741947,0.35435435435435436,0.23323992231741947,0.35435435435435436,0.23323992231741947,0.35435435435435436,0.23323992231741947,0.35435435435435436,0.23323992231741947,0.35435435435435436,0.23323992231741947,0.35435435435435436,0.23323992231741947,0.35435435435435436,0.0,0.0,0.0,0.0,0.0,0.0,0.0,0.0,0.0,0.0
hc2/search/frame_freeze_5/order1/28,hc2,search,3,frame_freeze_5,order1,28,True,False,0.22462897219108036,0.5028901734104047,0.23840989073041044,0.5337423312883436,0.3772894387287078,0.8446601941747572,0.30841914435759443,0.6904761904761905,0.3772894387287078,0.8446601941747572,0.30979988438223593,0.6982758620689655,0.07787737913638658,0.1743486973947896,0.08517091219115558,0.19538568865856087,0.0713899936518255,0.16453353078062194,-0.06748955434647186,-0.14638433210579171,0.0013807400246415025,0.007799671592775059,-0.06748955434647186,-0.14638433210579171
hc2/search/frame_freeze_5/order1/29,hc2,search,6,frame_freeze_5,order1,29,False,False,0.30395531628602385,0.6896551724137931,0.30395531628602385,0.6896551724137931,0.30395531628602385,0.6896551724137931,0.30395531628602385,0.6896551724137931,0.30395531628602385,0.6896551724137931,0.30395531628602385,0.6896551724137931,0.30395531628602385,0.6896551724137931,0.0,0.0,0.0,0.0,0.0,0.0,0.0,0.0,0.0,0.0
hc2/search/frame_freeze_5/order1/30,hc2,search,15,frame_freeze_5,order1,30,False,False,0.06535948176817577,0.28044280442804426,0.06535948176817577,0.28044280442804426,0.06535948176817577,0.28044280442804426,0.06535948176817577,0.28044280442804426,0.06535948176817577,0.28044280442804426,0.06535948176817577,0.28044280442804426,0.06535948176817577,0.28044280442804426,0.0,0.0,0.0,0.0,0.0,0.0,0.0,0.0,0.0,0.0
hc2/search/frame_freeze_5/order1/31,hc2,search,4,frame_freeze_5,order1,31,False,False,0.0,0.0,0.0,0.0,0.0,0.0,0.0,0.0,0.0,0.0,0.0,0.0,0.0,0.0,0.0,0.0,0.0,0.0,0.0,0.0,0.0,0.0,0.0,0.0
hc2/search/frame_freeze_5/order2/0,hc2,search,16,frame_freeze_5,order2,0,True,False,0.16187544240107257,0.3515625,0.17823281925139112,0.3803191489361702,0.37604892412744634,0.8120567375886525,0.17451963551698713,0.3723958333333333,0.37604892412744634,0.8120567375886525,0.16531960075003158,0.35904255319148937,0.22773181201867557,0.52,0.0034441583489590033,0.007480053191489366,-0.012913218501359541,-0.021276595744680826,-0.21072932337741476,-0.4530141843971631,-0.00920003476695555,-0.013353280141843948,-0.21072932337741476,-0.4530141843971631
hc2/search/frame_freeze_5/order2/1,hc2,search,2,frame_freeze_5,order2,1,False,False,0.16891600525613357,0.31100478468899523,0.16891600525613357,0.31100478468899523,0.16891600525613357,0.31100478468899523,0.16891600525613357,0.31100478468899523,0.16891600525613357,0.31100478468899523,0.16891600525613357,0.31100478468899523,0.16891600525613357,0.31100478468899523,0.0,0.0,0.0,0.0,0.0,0.0,0.0,0.0,0.0,0.0
hc2/search/frame_freeze_5/order2/2,hc2,search,27,frame_freeze_5,order2,2,False,False,0.5587149507251867,0.7426470588235294,0.5587149507251867,0.7426470588235294,0.5587149507251867,0.7426470588235294,0.5587149507251867,0.7426470588235294,0.5587149507251867,0.7426470588235294,0.5587149507251867,0.7426470588235294,0.5587149507251867,0.7426470588235294,0.0,0.0,0.0,0.0,0.0,0.0,0.0,0.0,0.0,0.0
hc2/search/frame_freeze_5/order2/3,hc2,search,22,frame_freeze_5,order2,3,False,False,0.06678350519354123,0.2870967741935484,0.06678350519354123,0.2870967741935484,0.06678350519354123,0.2870967741935484,0.06678350519354123,0.2870967741935484,0.06678350519354123,0.2870967741935484,0.06678350519354123,0.2870967741935484,0.06678350519354123,0.2870967741935484,0.0,0.0,0.0,0.0,0.0,0.0,0.0,0.0,0.0,0.0
hc2/search/frame_freeze_5/order2/4,hc2,search,23,frame_freeze_5,order2,4,True,False,0.09191217551135242,0.6753246753246753,0.0781152043529154,0.5739514348785872,0.09191217551135242,0.6753246753246753,0.09191217551135242,0.6753246753246753,0.09191217551135242,0.6753246753246753,0.09191217551135242,0.6753246753246753,0.07148724761994077,0.5252525252525253,0.0,0.0,0.013796971158437019,0.10137324044608809,0.0,0.0,0.0,0.0,0.0,0.0
hc2/search/frame_freeze_5/order2/5,hc2,search,26,frame_freeze_5,order2,5,False,False,0.1444687653857564,0.40476190476190477,0.1444687653857564,0.40476190476190477,0.1444687653857564,0.40476190476190477,0.1444687653857564,0.40476190476190477,0.1444687653857564,0.40476190476190477,0.1444687653857564,0.40476190476190477,0.1444687653857564,0.40476190476190477,0.0,0.0,0.0,0.0,0.0,0.0,0.0,0.0,0.0,0.0
hc2/search/frame_freeze_5/order2/6,hc2,search,15,frame_freeze_5,order2,6,False,False,0.06560829637456472,0.28044280442804426,0.06560829637456472,0.28044280442804426,0.06560829637456472,0.28044280442804426,0.06560829637456472,0.28044280442804426,0.06560829637456472,0.28044280442804426,0.06560829637456472,0.28044280442804426,0.06560829637456472,0.28044280442804426,0.0,0.0,0.0,0.0,0.0,0.0,0.0,0.0,0.0,0.0
hc2/search/frame_freeze_5/order2/7,hc2,search,12,frame_freeze_5,order2,7,False,False,0.47450775973625253,0.8191489361702128,0.47450775973625253,0.8191489361702128,0.47450775973625253,0.8191489361702128,0.47450775973625253,0.8191489361702128,0.47450775973625253,0.8191489361702128,0.47450775973625253,0.8191489361702128,0.47450775973625253,0.8191489361702128,0.0,0.0,0.0,0.0,0.0,0.0,0.0,0.0,0.0,0.0
hc2/search/frame_freeze_5/order2/8,hc2,search,5,frame_freeze_5,order2,8,True,False,0.23678186441102278,0.46996466431095407,0.21572557783370896,0.4276315789473684,0.35454638956782775,0.7037037037037037,0.0844518268278169,0.17228464419475656,0.35454638956782775,0.7037037037037037,0.24562013356347387,0.4868913857677903,0.0,0.0,0.00883826915245109,0.016926721456836213,0.029894555729764904,0.05925980682042187,-0.10892625600435388,-0.21681231793591343,0.16116830673565696,0.3146067415730337,-0.10892625600435388,-0.21681231793591343
hc2/search/frame_freeze_5/order2/9,hc2,search,17,frame_freeze_5,order2,9,False,False,0.28688240565343914,0.4533678756476684,0.28688240565343914,0.4533678756476684,0.28688240565343914,0.4533678756476684,0.28688240565343914,0.4533678756476684,0.28688240565343914,0.4533678756476684,0.28688240565343914,0.4533678756476684,0.28688240565343914,0.4533678756476684,0.0,0.0,0.0,0.0,0.0,0.0,0.0,0.0,0.0,0.0
hc2/search/frame_freeze_5/order2/10,hc2,search,11,frame_freeze_5,order2,10,False,False,0.27720021224708413,0.8641114982578397,0.27720021224708413,0.8641114982578397,0.27720021224708413,0.8641114982578397,0.27720021224708413,0.8641114982578397,0.27720021224708413,0.8641114982578397,0.27720021224708413,0.8641114982578397,0.27720021224708413,0.8641114982578397,0.0,0.0,0.0,0.0,0.0,0.0,0.0,0.0,0.0,0.0
hc2/search/frame_freeze_5/order2/11,hc2,search,3,frame_freeze_5,order2,11,False,False,0.21825372781696764,0.5028901734104047,0.21825372781696764,0.5028901734104047,0.21825372781696764,0.5028901734104047,0.21825372781696764,0.5028901734104047,0.21825372781696764,0.5028901734104047,0.21825372781696764,0.5028901734104047,0.21825372781696764,0.5028901734104047,0.0,0.0,0.0,0.0,0.0,0.0,0.0,0.0,0.0,0.0
hc2/search/frame_freeze_5/order2/12,hc2,search,1,frame_freeze_5,order2,12,True,False,0.3776478692969948,0.6735537190082644,0.4205132740008961,0.7520661157024794,0.3776478692969948,0.6735537190082644,0.2331397560455937,0.41581632653061223,0.3776478692969948,0.6735537190082644,0.29306217045303923,0.5165289256198347,0.1771383970717451,0.31703204047217537,-0.08458569884395556,-0.15702479338842978,-0.12745110354785688,-0.23553719008264473,-0.08458569884395556,-0.15702479338842978,0.05992241440744553,0.10071259908922242,-0.08458569884395556,-0.15702479338842978
hc2/search/frame_freeze_5/order2/13,hc2,search,9,frame_freeze_5,order2,13,False,False,0.0,0.0,0.0,0.0,0.0,0.0,0.0,0.0,0.0,0.0,0.0,0.0,0.0,0.0,0.0,0.0,0.0,0.0,0.0,0.0,0.0,0.0,0.0,0.0
hc2/search/frame_freeze_5/order2/14,hc2,search,14,frame_freeze_5,order2,14,False,False,0.5021588780097986,0.7175141242937854,0.5021588780097986,0.7175141242937854,0.5021588780097986,0.7175141242937854,0.5021588780097986,0.7175141242937854,0.5021588780097986,0.7175141242937854,0.5021588780097986,0.7175141242937854,0.5021588780097986,0.7175141242937854,0.0,0.0,0.0,0.0,0.0,0.0,0.0,0.0,0.0,0.0
hc2/search/frame_freeze_5/order2/15,hc2,search,31,frame_freeze_5,order2,15,False,False,0.5029534812088162,0.8092105263157895,0.5029534812088162,0.8092105263157895,0.5029534812088162,0.8092105263157895,0.5029534812088162,0.8092105263157895,0.5029534812088162,0.8092105263157895,0.5029534812088162,0.8092105263157895,0.5029534812088162,0.8092105263157895,0.0,0.0,0.0,0.0,0.0,0.0,0.0,0.0,0.0,0.0
hc2/search/frame_freeze_5/order2/16,hc2,search,20,frame_freeze_5,order2,16,True,False,0.5592766682141804,0.890295358649789,0.5011473603890296,0.8,0.5592766682141804,0.890295358649789,0.02740930289950836,0.045317220543806644,0.5592766682141804,0.890295358649789,0.5180637269844399,0.8270042194092827,0.28817741716247247,0.456,-0.04121294122974051,-0.06329113924050633,0.016916366595410293,0.02700421940928266,-0.04121294122974051,-0.06329113924050633,0.49065442408493154,0.7816869988654761,-0.04121294122974051,-0.06329113924050633
hc2/search/frame_freeze_5/order2/17,hc2,search,0,frame_freeze_5,order2,17,False,False,0.21128401393694377,0.3778801843317972,0.21128401393694377,0.3778801843317972,0.21128401393694377,0.3778801843317972,0.21128401393694377,0.3778801843317972,0.21128401393694377,0.3778801843317972,0.21128401393694377,0.3778801843317972,0.21128401393694377,0.3778801843317972,0.0,0.0,0.0,0.0,0.0,0.0,0.0,0.0,0.0,0.0
hc2/search/frame_freeze_5/order2/18,hc2,search,24,frame_freeze_5,order2,18,False,False,0.019599486462412417,0.342911877394636,0.019599486462412417,0.342911877394636,0.019599486462412417,0.342911877394636,0.019599486462412417,0.342911877394636,0.019599486462412417,0.342911877394636,0.019599486462412417,0.342911877394636,0.019599486462412417,0.342911877394636,0.0,0.0,0.0,0.0,0.0,0.0,0.0,0.0,0.0,0.0
hc2/search/frame_freeze_5/order2/19,hc2,search,6,frame_freeze_5,order2,19,False,False,0.3060131001475064,0.6896551724137931,0.3060131001475064,0.6896551724137931,0.3060131001475064,0.6896551724137931,0.3060131001475064,0.6896551724137931,0.3060131001475064,0.6896551724137931,0.3060131001475064,0.6896551724137931,0.3060131001475064,0.6896551724137931,0.0,0.0,0.0,0.0,0.0,0.0,0.0,0.0,0.0,0.0
hc2/search/frame_freeze_5/order2/20,hc2,search,4,frame_freeze_5,order2,20,True,False,0.0,0.0,0.0,0.0,0.0,0.0,0.0,0.0,0.0,0.0,0.0,0.0,0.0,0.0,0.0,0.0,0.0,0.0,0.0,0.0,0.0,0.0,0.0,0.0
hc2/search/frame_freeze_5/order2/21,hc2,search,28,frame_freeze_5,order2,21,False,False,0.42648677618200204,0.6243093922651933,0.42648677618200204,0.6243093922651933,0.42648677618200204,0.6243093922651933,0.42648677618200204,0.6243093922651933,0.42648677618200204,0.6243093922651933,0.42648677618200204,0.6243093922651933,0.42648677618200204,0.6243093922651933,0.0,0.0,0.0,0.0,0.0,0.0,0.0,0.0,0.0,0.0
hc2/search/frame_freeze_5/order2/22,hc2,search,30,frame_freeze_5,order2,22,False,False,0.5023014653734664,0.723404255319149,0.5023014653734664,0.723404255319149,0.5023014653734664,0.723404255319149,0.5023014653734664,0.723404255319149,0.5023014653734664,0.723404255319149,0.5023014653734664,0.723404255319149,0.5023014653734664,0.723404255319149,0.0,0.0,0.0,0.0,0.0,0.0,0.0,0.0,0.0,0.0
hc2/search/frame_freeze_5/order2/23,hc2,search,25,frame_freeze_5,order2,23,False,False,0.23132797562515178,0.6883116883116883,0.23132797562515178,0.6883116883116883,0.23132797562515178,0.6883116883116883,0.23132797562515178,0.6883116883116883,0.23132797562515178,0.6883116883116883,0.23132797562515178,0.6883116883116883,0.23132797562515178,0.6883116883116883,0.0,0.0,0.0,0.0,0.0,0.0,0.0,0.0,0.0,0.0
hc2/search/frame_freeze_5/order2/24,hc2,search,29,frame_freeze_5,order2,24,True,False,0.2300808914361383,0.4232209737827715,0.21183309659809973,0.3896551724137931,0.24474740244401963,0.450199203187251,0.2300808914361383,0.4232209737827715,0.24474740244401963,0.450199203187251,0.24474740244401963,0.450199203187251,0.12511527090315464,0.23014256619144602,0.014666511007881328,0.02697822940447947,0.032914305845919894,0.06054403077345788,0.0,0.0,0.014666511007881328,0.02697822940447947,0.0,0.0
hc2/search/frame_freeze_5/order2/25,hc2,search,21,frame_freeze_5,order2,25,False,False,0.5861884719045253,0.8761329305135952,0.5861884719045253,0.8761329305135952,0.5861884719045253,0.8761329305135952,0.5861884719045253,0.8761329305135952,0.5861884719045253,0.8761329305135952,0.5861884719045253,0.8761329305135952,0.5861884719045253,0.8761329305135952,0.0,0.0,0.0,0.0,0.0,0.0,0.0,0.0,0.0,0.0
hc2/search/frame_freeze_5/order2/26,hc2,search,19,frame_freeze_5,order2,26,False,False,0.5625628904990865,0.8115942028985508,0.5625628904990865,0.8115942028985508,0.5625628904990865,0.8115942028985508,0.5625628904990865,0.8115942028985508,0.5625628904990865,0.8115942028985508,0.5625628904990865,0.8115942028985508,0.5625628904990865,0.8115942028985508,0.0,0.0,0.0,0.0,0.0,0.0,0.0,0.0,0.0,0.0
hc2/search/frame_freeze_5/order2/27,hc2,search,18,frame_freeze_5,order2,27,False,False,0.24482361274467843,0.35435435435435436,0.24482361274467843,0.35435435435435436,0.24482361274467843,0.35435435435435436,0.24482361274467843,0.35435435435435436,0.24482361274467843,0.35435435435435436,0.24482361274467843,0.35435435435435436,0.24482361274467843,0.35435435435435436,0.0,0.0,0.0,0.0,0.0,0.0,0.0,0.0,0.0,0.0
hc2/search/frame_freeze_5/order2/28,hc2,search,8,frame_freeze_5,order2,28,True,False,0.6899224449891115,0.8250728862973761,0.8121030927500477,0.9825072886297376,0.7270370409437606,0.8688046647230321,0.054162187833241934,0.0645933014354067,0.7270370409437606,0.8688046647230321,0.6586076101844323,0.7784256559766763,0.5733266347163845,0.694331983805668,-0.031314834804679226,-0.04664723032069973,-0.1534954825656154,-0.20408163265306123,-0.06842943075932839,-0.09037900874635574,0.6044454223511904,0.7138323545412697,-0.06842943075932839,-0.09037900874635574
hc2/search/frame_freeze_5/order2/29,hc2,search,7,frame_freeze_5,order2,29,False,False,0.6428890413290212,0.9619883040935673,0.6428890413290212,0.9619883040935673,0.6428890413290212,0.9619883040935673,0.6428890413290212,0.9619883040935673,0.6428890413290212,0.9619883040935673,0.6428890413290212,0.9619883040935673,0.6428890413290212,0.9619883040935673,0.0,0.0,0.0,0.0,0.0,0.0,0.0,0.0,0.0,0.0
hc2/search/frame_freeze_5/order2/30,hc2,search,10,frame_freeze_5,order2,30,False,False,0.2784120094649783,0.3598326359832636,0.2784120094649783,0.3598326359832636,0.2784120094649783,0.3598326359832636,0.2784120094649783,0.3598326359832636,0.2784120094649783,0.3598326359832636,0.2784120094649783,0.3598326359832636,0.2784120094649783,0.3598326359832636,0.0,0.0,0.0,0.0,0.0,0.0,0.0,0.0,0.0,0.0
hc2/search/frame_freeze_5/order2/31,hc2,search,13,frame_freeze_5,order2,31,False,False,0.34846193490892863,0.5476190476190477,0.34846193490892863,0.5476190476190477,0.34846193490892863,0.5476190476190477,0.34846193490892863,0.5476190476190477,0.34846193490892863,0.5476190476190477,0.34846193490892863,0.5476190476190477,0.34846193490892863,0.5476190476190477,0.0,0.0,0.0,0.0,0.0,0.0,0.0,0.0,0.0,0.0
hc2/search/motion_blur_5/order1/0,hc2,search,2,motion_blur_5,order1,0,True,False,0.11291931930219234,0.23923444976076555,0.1329419147079822,0.2995391705069124,0.22254402542594087,0.5373134328358209,0.23481023155178013,0.5669291338582677,0.22254402542594087,0.5373134328358209,0.07950035614668537,0.1674641148325359,0.3154645017745423,0.7052631578947368,-0.03341896315550698,-0.07177033492822965,-0.05344155856129683,-0.13207505567437652,-0.1430436692792555,-0.369849318003285,-0.15530987540509478,-0.39946501902573184,-0.1430436692792555,-0.369849318003285
hc2/search/motion_blur_5/order1/1,hc2,search,0,motion_blur_5,order1,1,False,False,0.19426964393792676,0.3778801843317972,0.19426964393792676,0.3778801843317972,0.19426964393792676,0.3778801843317972,0.19426964393792676,0.3778801843317972,0.19426964393792676,0.3778801843317972,0.19426964393792676,0.3778801843317972,0.19426964393792676,0.3778801843317972,0.0,0.0,0.0,0.0,0.0,0.0,0.0,0.0,0.0,0.0
hc2/search/motion_blur_5/order1/2,hc2,search,25,motion_blur_5,order1,2,False,False,0.24830588642661383,0.6883116883116883,0.24830588642661383,0.6883116883116883,0.24830588642661383,0.6883116883116883,0.24830588642661383,0.6883116883116883,0.24830588642661383,0.6883116883116883,0.24830588642661383,0.6883116883116883,0.24830588642661383,0.6883116883116883,0.0,0.0,0.0,0.0,0.0,0.0,0.0,0.0,0.0,0.0
hc2/search/motion_blur_5/order1/3,hc2,search,22,motion_blur_5,order1,3,False,False,0.06613831398600373,0.22084367245657568,0.06613831398600373,0.22084367245657568,0.06613831398600373,0.22084367245657568,0.06613831398600373,0.22084367245657568,0.06613831398600373,0.22084367245657568,0.06613831398600373,0.22084367245657568,0.06613831398600373,0.22084367245657568,0.0,0.0,0.0,0.0,0.0,0.0,0.0,0.0,0.0,0.0
hc2/search/motion_blur_5/order1/4,hc2,search,27,motion_blur_5,order1,4,True,False,0.5934865642667518,0.8022813688212928,0.5908090575102903,0.7984189723320159,0.6210381506437778,0.8403041825095057,0.4162319104057486,0.5626666666666666,0.5934865642667518,0.8022813688212928,0.5430522997914821,0.7338403041825095,0.3084574212181068,0.4189189189189189,-0.050434264475269774,-0.0684410646387833,-0.047756757718808274,-0.06457866814950641,-0.0779858508522957,-0.10646387832699622,0.12682038938573348,0.1711736375158428,-0.050434264475269774,-0.0684410646387833
hc2/search/motion_blur_5/order1/5,hc2,search,31,motion_blur_5,order1,5,False,False,0.4687608940952706,0.7741228070175439,0.4687608940952706,0.7741228070175439,0.4687608940952706,0.7741228070175439,0.4687608940952706,0.7741228070175439,0.4687608940952706,0.7741228070175439,0.4687608940952706,0.7741228070175439,0.4687608940952706,0.7741228070175439,0.0,0.0,0.0,0.0,0.0,0.0,0.0,0.0,0.0,0.0
hc2/search/motion_blur_5/order1/6,hc2,search,11,motion_blur_5,order1,6,False,False,0.1851266526011327,0.6794520547945205,0.1851266526011327,0.6794520547945205,0.1851266526011327,0.6794520547945205,0.1851266526011327,0.6794520547945205,0.1851266526011327,0.6794520547945205,0.1851266526011327,0.6794520547945205,0.1851266526011327,0.6794520547945205,0.0,0.0,0.0,0.0,0.0,0.0,0.0,0.0,0.0,0.0
hc2/search/motion_blur_5/order1/7,hc2,search,30,motion_blur_5,order1,7,False,False,0.5755813063864014,0.7861271676300579,0.5755813063864014,0.7861271676300579,0.5755813063864014,0.7861271676300579,0.5755813063864014,0.7861271676300579,0.5755813063864014,0.7861271676300579,0.5755813063864014,0.7861271676300579,0.5755813063864014,0.7861271676300579,0.0,0.0,0.0,0.0,0.0,0.0,0.0,0.0,0.0,0.0
hc2/search/motion_blur_5/order1/8,hc2,search,26,motion_blur_5,order1,8,True,False,0.14561514500641987,0.40476190476190477,0.15465497463544192,0.4272300469483568,0.16094305500709563,0.4473684210526316,0.15038941205581066,0.4180327868852459,0.15038941205581066,0.4180327868852459,0.15038941205581066,0.4180327868852459,0.07413134654872283,0.20606060606060606,0.004774267049390796,0.013270882123341154,-0.00426556257963126,-0.00919726006311089,-0.01055364295128497,-0.02933563416738566,0.0,0.0,0.0,0.0
hc2/search/motion_blur_5/order1/9,hc2,search,24,motion_blur_5,order1,9,False,False,0.01768212934848272,0.342911877394636,0.01768212934848272,0.342911877394636,0.01768212934848272,0.342911877394636,0.01768212934848272,0.342911877394636,0.01768212934848272,0.342911877394636,0.01768212934848272,0.342911877394636,0.01768212934848272,0.342911877394636,0.0,0.0,0.0,0.0,0.0,0.0,0.0,0.0,0.0,0.0
hc2/search/motion_blur_5/order1/10,hc2,search,19,motion_blur_5,order1,10,False,False,0.6040721106790734,0.8582375478927203,0.6040721106790734,0.8582375478927203,0.6040721106790734,0.8582375478927203,0.6040721106790734,0.8582375478927203,0.6040721106790734,0.8582375478927203,0.6040721106790734,0.8582375478927203,0.6040721106790734,0.8582375478927203,0.0,0.0,0.0,0.0,0.0,0.0,0.0,0.0,0.0,0.0
hc2/search/motion_blur_5/order1/11,hc2,search,13,motion_blur_5,order1,11,False,False,0.35321565220301104,0.5476190476190477,0.35321565220301104,0.5476190476190477,0.35321565220301104,0.5476190476190477,0.35321565220301104,0.5476190476190477,0.35321565220301104,0.5476190476190477,0.35321565220301104,0.5476190476190477,0.35321565220301104,0.5476190476190477,0.0,0.0,0.0,0.0,0.0,0.0,0.0,0.0,0.0,0.0
hc2/search/motion_blur_5/order1/12,hc2,search,14,motion_blur_5,order1,12,True,False,0.5305968871838841,0.7928994082840237,0.5009546029836671,0.7486033519553073,0.5305968871838841,0.7928994082840237,0.33811709927309064,0.4797297297297297,0.5305968871838841,0.7928994082840237,0.19206412961496286,0.2835820895522388,0.14970095815371687,0.22370617696160267,-0.3385327575689212,-0.509317318731785,-0.30889047336870423,-0.46502126240306846,-0.3385327575689212,-0.509317318731785,-0.14605296965812778,-0.19614764017749092,-0.3385327575689212,-0.509317318731785
hc2/search/motion_blur_5/order1/13,hc2,search,16,motion_blur_5,order1,13,False,False,0.19484830752426366,0.38858695652173914,0.19484830752426366,0.38858695652173914,0.19484830752426366,0.38858695652173914,0.19484830752426366,0.38858695652173914,0.19484830752426366,0.38858695652173914,0.19484830752426366,0.38858695652173914,0.19484830752426366,0.38858695652173914,0.0,0.0,0.0,0.0,0.0,0.0,0.0,0.0,0.0,0.0
hc2/search/motion_blur_5/order1/14,hc2,search,17,motion_blur_5,order1,14,False,False,0.2965640037969616,0.4533678756476684,0.2965640037969616,0.4533678756476684,0.2965640037969616,0.4533678756476684,0.2965640037969616,0.4533678756476684,0.2965640037969616,0.4533678756476684,0.2965640037969616,0.4533678756476684,0.2965640037969616,0.4533678756476684,0.0,0.0,0.0,0.0,0.0,0.0,0.0,0.0,0.0,0.0
hc2/search/motion_blur_5/order1/15,hc2,search,23,motion_blur_5,order1,15,False,False,0.09193612892493874,0.8074534161490683,0.09193612892493874,0.8074534161490683,0.09193612892493874,0.8074534161490683,0.09193612892493874,0.8074534161490683,0.09193612892493874,0.8074534161490683,0.09193612892493874,0.8074534161490683,0.09193612892493874,0.8074534161490683,0.0,0.0,0.0,0.0,0.0,0.0,0.0,0.0,0.0,0.0
hc2/search/motion_blur_5/order1/16,hc2,search,29,motion_blur_5,order1,16,True,False,0.20346320451420463,0.37919463087248323,0.18429189952958352,0.3434650455927052,0.22708627320311978,0.4232209737827715,0.20346320451420463,0.37919463087248323,0.22708627320311978,0.4232209737827715,0.21500721611784746,0.40070921985815605,0.12348683288234823,0.23014256619144602,0.011544011603642823,0.021514588985672822,0.03071531658826393,0.057244174265450865,-0.012079057085272321,-0.022511753924615463,0.011544011603642823,0.021514588985672822,-0.012079057085272321,-0.022511753924615463
hc2/search/motion_blur_5/order1/17,hc2,search,9,motion_blur_5,order1,17,False,False,0.0,0.0,0.0,0.0,0.0,0.0,0.0,0.0,0.0,0.0,0.0,0.0,0.0,0.0,0.0,0.0,0.0,0.0,0.0,0.0,0.0,0.0,0.0,0.0
hc2/search/motion_blur_5/order1/18,hc2,search,5,motion_blur_5,order1,18,False,False,0.230155609588202,0.46996466431095407,0.230155609588202,0.46996466431095407,0.230155609588202,0.46996466431095407,0.230155609588202,0.46996466431095407,0.230155609588202,0.46996466431095407,0.230155609588202,0.46996466431095407,0.230155609588202,0.46996466431095407,0.0,0.0,0.0,0.0,0.0,0.0,0.0,0.0,0.0,0.0
hc2/search/motion_blur_5/order1/19,hc2,search,8,motion_blur_5,order1,19,False,False,0.6925102115834736,0.7988338192419825,0.6925102115834736,0.7988338192419825,0.6925102115834736,0.7988338192419825,0.6925102115834736,0.7988338192419825,0.6925102115834736,0.7988338192419825,0.6925102115834736,0.7988338192419825,0.6925102115834736,0.7988338192419825,0.0,0.0,0.0,0.0,0.0,0.0,0.0,0.0,0.0,0.0
hc2/search/motion_blur_5/order1/20,hc2,search,28,motion_blur_5,order1,20,True,False,0.44210094525025934,0.6243093922651933,0.42338767772643887,0.5978835978835979,0.5064574119639047,0.7151898734177216,0.30895857563821216,0.4362934362934363,0.5064574119639047,0.7151898734177216,0.5195948499473635,0.6950354609929078,0.1619843544337995,0.22874493927125505,0.07749390469710415,0.07072606872771448,0.09620717222092462,0.0971518631093099,0.013137437983458788,-0.02015441242481375,0.21063627430915133,0.2587420246994715,0.013137437983458788,-0.02015441242481375
hc2/search/motion_blur_5/order1/21,hc2,search,10,motion_blur_5,order1,21,False,False,0.27433694489857474,0.3598326359832636,0.27433694489857474,0.3598326359832636,0.27433694489857474,0.3598326359832636,0.27433694489857474,0.3598326359832636,0.27433694489857474,0.3598326359832636,0.27433694489857474,0.3598326359832636,0.27433694489857474,0.3598326359832636,0.0,0.0,0.0,0.0,0.0,0.0,0.0,0.0,0.0,0.0
hc2/search/motion_blur_5/order1/22,hc2,search,21,motion_blur_5,order1,22,False,False,0.5890380956217288,0.8664688427299704,0.5890380956217288,0.8664688427299704,0.5890380956217288,0.8664688427299704,0.5890380956217288,0.8664688427299704,0.5890380956217288,0.8664688427299704,0.5890380956217288,0.8664688427299704,0.5890380956217288,0.8664688427299704,0.0,0.0,0.0,0.0,0.0,0.0,0.0,0.0,0.0,0.0
hc2/search/motion_blur_5/order1/23,hc2,search,20,motion_blur_5,order1,23,False,False,0.544654901612827,0.890295358649789,0.544654901612827,0.890295358649789,0.544654901612827,0.890295358649789,0.544654901612827,0.890295358649789,0.544654901612827,0.890295358649789,0.544654901612827,0.890295358649789,0.544654901612827,0.890295358649789,0.0,0.0,0.0,0.0,0.0,0.0,0.0,0.0,0.0,0.0
hc2/search/motion_blur_5/order1/24,hc2,search,1,motion_blur_5,order1,24,True,False,0.37806225388267595,0.6735537190082644,0.42130810419656656,0.7520661157024794,0.37806225388267595,0.6735537190082644,0.23339557510103975,0.41581632653061223,0.37806225388267595,0.6735537190082644,0.29321012389552636,0.5165289256198347,0.17748892972554225,0.31703204047217537,-0.08485212998714958,-0.15702479338842978,-0.1280979803010402,-0.23553719008264473,-0.08485212998714958,-0.15702479338842978,0.05981454879448661,0.10071259908922242,-0.08485212998714958,-0.15702479338842978
hc2/search/motion_blur_5/order1/25,hc2,search,7,motion_blur_5,order1,25,False,False,0.6358314398275307,0.9619883040935673,0.6358314398275307,0.9619883040935673,0.6358314398275307,0.9619883040935673,0.6358314398275307,0.9619883040935673,0.6358314398275307,0.9619883040935673,0.6358314398275307,0.9619883040935673,0.6358314398275307,0.9619883040935673,0.0,0.0,0.0,0.0,0.0,0.0,0.0,0.0,0.0,0.0
hc2/search/motion_blur_5/order1/26,hc2,search,12,motion_blur_5,order1,26,False,False,0.47275832490899006,0.8191489361702128,0.47275832490899006,0.8191489361702128,0.47275832490899006,0.8191489361702128,0.47275832490899006,0.8191489361702128,0.47275832490899006,0.8191489361702128,0.47275832490899006,0.8191489361702128,0.47275832490899006,0.8191489361702128,0.0,0.0,0.0,0.0,0.0,0.0,0.0,0.0,0.0,0.0
hc2/search/motion_blur_5/order1/27,hc2,search,18,motion_blur_5,order1,27,False,False,0.17795533232104857,0.27298850574712646,0.17795533232104857,0.27298850574712646,0.17795533232104857,0.27298850574712646,0.17795533232104857,0.27298850574712646,0.17795533232104857,0.27298850574712646,0.17795533232104857,0.27298850574712646,0.17795533232104857,0.27298850574712646,0.0,0.0,0.0,0.0,0.0,0.0,0.0,0.0,0.0,0.0
hc2/search/motion_blur_5/order1/28,hc2,search,3,motion_blur_5,order1,28,True,False,0.223686210351175,0.5028901734104047,0.23740929074081765,0.5337423312883436,0.3757059649587697,0.8446601941747572,0.27251911542783996,0.6126760563380281,0.3757059649587697,0.8446601941747572,0.30890210249740413,0.6982758620689655,0.07755052984118893,0.1743486973947896,0.08521589214622913,0.19538568865856087,0.07149281175658648,0.16453353078062194,-0.06680386246136555,-0.14638433210579171,0.036382987069564166,0.0855998057309374,-0.06680386246136555,-0.14638433210579171
hc2/search/motion_blur_5/order1/29,hc2,search,6,motion_blur_5,order1,29,False,False,0.30497063045855366,0.6896551724137931,0.30497063045855366,0.6896551724137931,0.30497063045855366,0.6896551724137931,0.30497063045855366,0.6896551724137931,0.30497063045855366,0.6896551724137931,0.30497063045855366,0.6896551724137931,0.30497063045855366,0.6896551724137931,0.0,0.0,0.0,0.0,0.0,0.0,0.0,0.0,0.0,0.0
hc2/search/motion_blur_5/order1/30,hc2,search,15,motion_blur_5,order1,30,False,False,0.0542873901397707,0.28044280442804426,0.0542873901397707,0.28044280442804426,0.0542873901397707,0.28044280442804426,0.0542873901397707,0.28044280442804426,0.0542873901397707,0.28044280442804426,0.0542873901397707,0.28044280442804426,0.0542873901397707,0.28044280442804426,0.0,0.0,0.0,0.0,0.0,0.0,0.0,0.0,0.0,0.0
hc2/search/motion_blur_5/order1/31,hc2,search,4,motion_blur_5,order1,31,False,False,0.0,0.0,0.0,0.0,0.0,0.0,0.0,0.0,0.0,0.0,0.0,0.0,0.0,0.0,0.0,0.0,0.0,0.0,0.0,0.0,0.0,0.0,0.0,0.0
hc2/search/motion_blur_5/order2/0,hc2,search,16,motion_blur_5,order2,0,True,False,0.18237146848708402,0.38858695652173914,0.19445586209986046,0.41032608695652173,0.39053819138068446,0.8687943262411347,0.19445586209986046,0.41032608695652173,0.36609584679184204,0.7896551724137931,0.16553895274273348,0.35904255319148937,0.22800856260246372,0.52,-0.016832515744350546,-0.02954440333024977,-0.028916909357126985,-0.05128353376503236,-0.224999238637951,-0.5097517730496454,-0.028916909357126985,-0.05128353376503236,-0.20055689404910856,-0.43061261922230376
hc2/search/motion_blur_5/order2/1,hc2,search,2,motion_blur_5,order2,1,False,False,0.11704280588673315,0.23923444976076555,0.11704280588673315,0.23923444976076555,0.11704280588673315,0.23923444976076555,0.11704280588673315,0.23923444976076555,0.11704280588673315,0.23923444976076555,0.11704280588673315,0.23923444976076555,0.11704280588673315,0.23923444976076555,0.0,0.0,0.0,0.0,0.0,0.0,0.0,0.0,0.0,0.0
hc2/search/motion_blur_5/order2/2,hc2,search,27,motion_blur_5,order2,2,False,False,0.5843683134367902,0.8022813688212928,0.5843683134367902,0.8022813688212928,0.5843683134367902,0.8022813688212928,0.5843683134367902,0.8022813688212928,0.5843683134367902,0.8022813688212928,0.5843683134367902,0.8022813688212928,0.5843683134367902,0.8022813688212928,0.0,0.0,0.0,0.0,0.0,0.0,0.0,0.0,0.0,0.0
hc2/search/motion_blur_5/order2/3,hc2,search,22,motion_blur_5,order2,3,False,False,0.06487569204503088,0.22084367245657568,0.06487569204503088,0.22084367245657568,0.06487569204503088,0.22084367245657568,0.06487569204503088,0.22084367245657568,0.06487569204503088,0.22084367245657568,0.06487569204503088,0.22084367245657568,0.06487569204503088,0.22084367245657568,0.0,0.0,0.0,0.0,0.0,0.0,0.0,0.0,0.0,0.0
hc2/search/motion_blur_5/order2/4,hc2,search,23,motion_blur_5,order2,4,True,False,0.10902951703746061,0.8074534161490683,0.09001924227195467,0.6666666666666666,0.10902951703746061,0.8074534161490683,0.09725070494754105,0.7202216066481995,0.09725070494754105,0.7202216066481995,0.10902951703746061,0.8074534161490683,0.07092425148699458,0.5252525252525253,0.0,0.0,0.019010274765505944,0.14078674948240166,0.0,0.0,0.011778812089919558,0.08723180950086884,0.011778812089919558,0.08723180950086884
hc2/search/motion_blur_5/order2/5,hc2,search,26,motion_blur_5,order2,5,False,False,0.173778400891686,0.40476190476190477,0.173778400891686,0.40476190476190477,0.173778400891686,0.40476190476190477,0.173778400891686,0.40476190476190477,0.173778400891686,0.40476190476190477,0.173778400891686,0.40476190476190477,0.173778400891686,0.40476190476190477,0.0,0.0,0.0,0.0,0.0,0.0,0.0,0.0,0.0,0.0
hc2/search/motion_blur_5/order2/6,hc2,search,15,motion_blur_5,order2,6,False,False,0.06556586766922537,0.28044280442804426,0.06556586766922537,0.28044280442804426,0.06556586766922537,0.28044280442804426,0.06556586766922537,0.28044280442804426,0.06556586766922537,0.28044280442804426,0.06556586766922537,0.28044280442804426,0.06556586766922537,0.28044280442804426,0.0,0.0,0.0,0.0,0.0,0.0,0.0,0.0,0.0,0.0
hc2/search/motion_blur_5/order2/7,hc2,search,12,motion_blur_5,order2,7,False,False,0.47423618383574717,0.8191489361702128,0.47423618383574717,0.8191489361702128,0.47423618383574717,0.8191489361702128,0.47423618383574717,0.8191489361702128,0.47423618383574717,0.8191489361702128,0.47423618383574717,0.8191489361702128,0.47423618383574717,0.8191489361702128,0.0,0.0,0.0,0.0,0.0,0.0,0.0,0.0,0.0,0.0
hc2/search/motion_blur_5/order2/8,hc2,search,5,motion_blur_5,order2,8,True,False,0.23644362442977226,0.46996466431095407,0.20910483035507985,0.415625,0.3540399244107172,0.7037037037037037,0.1012017971006835,0.20599250936329588,0.3540399244107172,0.7037037037037037,0.24527336635776337,0.4868913857677903,0.0,0.0,0.008829741927991103,0.016926721456836213,0.03616853600268352,0.07126638576779026,-0.10876655805295382,-0.21681231793591343,0.14407156925707987,0.2808988764044944,-0.10876655805295382,-0.21681231793591343
hc2/search/motion_blur_5/order2/9,hc2,search,17,motion_blur_5,order2,9,False,False,0.2870421422356565,0.4533678756476684,0.2870421422356565,0.4533678756476684,0.2870421422356565,0.4533678756476684,0.2870421422356565,0.4533678756476684,0.2870421422356565,0.4533678756476684,0.2870421422356565,0.4533678756476684,0.2870421422356565,0.4533678756476684,0.0,0.0,0.0,0.0,0.0,0.0,0.0,0.0,0.0,0.0
hc2/search/motion_blur_5/order2/10,hc2,search,11,motion_blur_5,order2,10,False,False,0.2099610478059358,0.6794520547945205,0.2099610478059358,0.6794520547945205,0.2099610478059358,0.6794520547945205,0.2099610478059358,0.6794520547945205,0.2099610478059358,0.6794520547945205,0.2099610478059358,0.6794520547945205,0.2099610478059358,0.6794520547945205,0.0,0.0,0.0,0.0,0.0,0.0,0.0,0.0,0.0,0.0
hc2/search/motion_blur_5/order2/11,hc2,search,3,motion_blur_5,order2,11,False,False,0.21829549651839095,0.5028901734104047,0.21829549651839095,0.5028901734104047,0.21829549651839095,0.5028901734104047,0.21829549651839095,0.5028901734104047,0.21829549651839095,0.5028901734104047,0.21829549651839095,0.5028901734104047,0.21829549651839095,0.5028901734104047,0.0,0.0,0.0,0.0,0.0,0.0,0.0,0.0,0.0,0.0
hc2/search/motion_blur_5/order2/12,hc2,search,1,motion_blur_5,order2,12,True,False,0.37755358556120994,0.6735537190082644,0.42039439389934335,0.7520661157024794,0.37755358556120994,0.6735537190082644,0.2330815502699306,0.41581632653061223,0.37755358556120994,0.6735537190082644,0.2930573083970135,0.5165289256198347,0.17708770358648007,0.31703204047217537,-0.08449627716419644,-0.15702479338842978,-0.12733708550232986,-0.23553719008264473,-0.08449627716419644,-0.15702479338842978,0.05997575812708289,0.10071259908922242,-0.08449627716419644,-0.15702479338842978
hc2/search/motion_blur_5/order2/13,hc2,search,9,motion_blur_5,order2,13,False,False,0.0,0.0,0.0,0.0,0.0,0.0,0.0,0.0,0.0,0.0,0.0,0.0,0.0,0.0,0.0,0.0,0.0,0.0,0.0,0.0,0.0,0.0,0.0,0.0
hc2/search/motion_blur_5/order2/14,hc2,search,14,motion_blur_5,order2,14,False,False,0.5490388090918733,0.7928994082840237,0.5490388090918733,0.7928994082840237,0.5490388090918733,0.7928994082840237,0.5490388090918733,0.7928994082840237,0.5490388090918733,0.7928994082840237,0.5490388090918733,0.7928994082840237,0.5490388090918733,0.7928994082840237,0.0,0.0,0.0,0.0,0.0,0.0,0.0,0.0,0.0,0.0
hc2/search/motion_blur_5/order2/15,hc2,search,31,motion_blur_5,order2,15,False,False,0.4814861939214562,0.7741228070175439,0.4814861939214562,0.7741228070175439,0.4814861939214562,0.7741228070175439,0.4814861939214562,0.7741228070175439,0.4814861939214562,0.7741228070175439,0.4814861939214562,0.7741228070175439,0.4814861939214562,0.7741228070175439,0.0,0.0,0.0,0.0,0.0,0.0,0.0,0.0,0.0,0.0
hc2/search/motion_blur_5/order2/16,hc2,search,20,motion_blur_5,order2,16,True,False,0.5581957897890181,0.890295358649789,0.5001648173362158,0.8,0.5581957897890181,0.890295358649789,0.027347374601122146,0.045317220543806644,0.5581957897890181,0.890295358649789,0.5170480179214044,0.8270042194092827,0.2876234000148819,0.456,-0.04114777186761365,-0.06329113924050633,0.016883200585188662,0.02700421940928266,-0.04114777186761365,-0.06329113924050633,0.4897006433202823,0.7816869988654761,-0.04114777186761365,-0.06329113924050633
hc2/search/motion_blur_5/order2/17,hc2,search,0,motion_blur_5,order2,17,False,False,0.2100788148471443,0.3778801843317972,0.2100788148471443,0.3778801843317972,0.2100788148471443,0.3778801843317972,0.2100788148471443,0.3778801843317972,0.2100788148471443,0.3778801843317972,0.2100788148471443,0.3778801843317972,0.2100788148471443,0.3778801843317972,0.0,0.0,0.0,0.0,0.0,0.0,0.0,0.0,0.0,0.0
hc2/search/motion_blur_5/order2/18,hc2,search,24,motion_blur_5,order2,18,False,False,0.019678440174331138,0.342911877394636,0.019678440174331138,0.342911877394636,0.019678440174331138,0.342911877394636,0.019678440174331138,0.342911877394636,0.019678440174331138,0.342911877394636,0.019678440174331138,0.342911877394636,0.019678440174331138,0.342911877394636,0.0,0.0,0.0,0.0,0.0,0.0,0.0,0.0,0.0,0.0
hc2/search/motion_blur_5/order2/19,hc2,search,6,motion_blur_5,order2,19,False,False,0.30812966946578996,0.6896551724137931,0.30812966946578996,0.6896551724137931,0.30812966946578996,0.6896551724137931,0.30812966946578996,0.6896551724137931,0.30812966946578996,0.6896551724137931,0.30812966946578996,0.6896551724137931,0.30812966946578996,0.6896551724137931,0.0,0.0,0.0,0.0,0.0,0.0,0.0,0.0,0.0,0.0
hc2/search/motion_blur_5/order2/20,hc2,search,4,motion_blur_5,order2,20,True,False,0.0,0.0,0.0,0.0,0.0,0.0,0.0,0.0,0.0,0.0,0.0,0.0,0.0,0.0,0.0,0.0,0.0,0.0,0.0,0.0,0.0,0.0,0.0,0.0
hc2/search/motion_blur_5/order2/21,hc2,search,28,motion_blur_5,order2,21,False,False,0.4589152508518201,0.6243093922651933,0.4589152508518201,0.6243093922651933,0.4589152508518201,0.6243093922651933,0.4589152508518201,0.6243093922651933,0.4589152508518201,0.6243093922651933,0.4589152508518201,0.6243093922651933,0.4589152508518201,0.6243093922651933,0.0,0.0,0.0,0.0,0.0,0.0,0.0,0.0,0.0,0.0
hc2/search/motion_blur_5/order2/22,hc2,search,30,motion_blur_5,order2,22,False,False,0.5468791934061381,0.7861271676300579,0.5468791934061381,0.7861271676300579,0.5468791934061381,0.7861271676300579,0.5468791934061381,0.7861271676300579,0.5468791934061381,0.7861271676300579,0.5468791934061381,0.7861271676300579,0.5468791934061381,0.7861271676300579,0.0,0.0,0.0,0.0,0.0,0.0,0.0,0.0,0.0,0.0
hc2/search/motion_blur_5/order2/23,hc2,search,25,motion_blur_5,order2,23,False,False,0.23219437814668709,0.6883116883116883,0.23219437814668709,0.6883116883116883,0.23219437814668709,0.6883116883116883,0.23219437814668709,0.6883116883116883,0.23219437814668709,0.6883116883116883,0.23219437814668709,0.6883116883116883,0.23219437814668709,0.6883116883116883,0.0,0.0,0.0,0.0,0.0,0.0,0.0,0.0,0.0,0.0
hc2/search/motion_blur_5/order2/24,hc2,search,29,motion_blur_5,order2,24,True,False,0.20811150910410678,0.37919463087248323,0.1885022179727168,0.3434650455927052,0.2322742685881042,0.4232209737827715,0.20811150910410678,0.37919463087248323,0.2322742685881042,0.4232209737827715,0.21991925430150291,0.40070921985815605,0.12630800348884688,0.23014256619144602,0.011807745197396136,0.021514588985672822,0.03141703632878612,0.057244174265450865,-0.012355014286601296,-0.022511753924615463,0.011807745197396136,0.021514588985672822,-0.012355014286601296,-0.022511753924615463
hc2/search/motion_blur_5/order2/25,hc2,search,21,motion_blur_5,order2,25,False,False,0.596789920167927,0.8664688427299704,0.596789920167927,0.8664688427299704,0.596789920167927,0.8664688427299704,0.596789920167927,0.8664688427299704,0.596789920167927,0.8664688427299704,0.596789920167927,0.8664688427299704,0.596789920167927,0.8664688427299704,0.0,0.0,0.0,0.0,0.0,0.0,0.0,0.0,0.0,0.0
hc2/search/motion_blur_5/order2/26,hc2,search,19,motion_blur_5,order2,26,False,False,0.5989694894323686,0.8582375478927203,0.5989694894323686,0.8582375478927203,0.5989694894323686,0.8582375478927203,0.5989694894323686,0.8582375478927203,0.5989694894323686,0.8582375478927203,0.5989694894323686,0.8582375478927203,0.5989694894323686,0.8582375478927203,0.0,0.0,0.0,0.0,0.0,0.0,0.0,0.0,0.0,0.0
hc2/search/motion_blur_5/order2/27,hc2,search,18,motion_blur_5,order2,27,False,False,0.18794049373394028,0.27298850574712646,0.18794049373394028,0.27298850574712646,0.18794049373394028,0.27298850574712646,0.18794049373394028,0.27298850574712646,0.18794049373394028,0.27298850574712646,0.18794049373394028,0.27298850574712646,0.18794049373394028,0.27298850574712646,0.0,0.0,0.0,0.0,0.0,0.0,0.0,0.0,0.0,0.0
hc2/search/motion_blur_5/order2/28,hc2,search,8,motion_blur_5,order2,28,True,False,0.6820450321415803,0.7988338192419825,0.8183789788482869,0.9825072886297376,0.6820450321415803,0.7988338192419825,0.05439941839294344,0.0645933014354067,0.6820450321415803,0.7988338192419825,0.6447654933863919,0.7551020408163265,0.577756627243076,0.694331983805668,-0.03727953875518841,-0.04373177842565601,-0.17361348546189503,-0.2274052478134111,-0.03727953875518841,-0.04373177842565601,0.5903660749934484,0.6905087393809197,-0.03727953875518841,-0.04373177842565601
hc2/search/motion_blur_5/order2/29,hc2,search,7,motion_blur_5,order2,29,False,False,0.647868848875091,0.9619883040935673,0.647868848875091,0.9619883040935673,0.647868848875091,0.9619883040935673,0.647868848875091,0.9619883040935673,0.647868848875091,0.9619883040935673,0.647868848875091,0.9619883040935673,0.647868848875091,0.9619883040935673,0.0,0.0,0.0,0.0,0.0,0.0,0.0,0.0,0.0,0.0
hc2/search/motion_blur_5/order2/30,hc2,search,10,motion_blur_5,order2,30,False,False,0.2802749558679616,0.3598326359832636,0.2802749558679616,0.3598326359832636,0.2802749558679616,0.3598326359832636,0.2802749558679616,0.3598326359832636,0.2802749558679616,0.3598326359832636,0.2802749558679616,0.3598326359832636,0.2802749558679616,0.3598326359832636,0.0,0.0,0.0,0.0,0.0,0.0,0.0,0.0,0.0,0.0
hc2/search/motion_blur_5/order2/31,hc2,search,13,motion_blur_5,order2,31,False,False,0.3466202486184246,0.5476190476190477,0.3466202486184246,0.5476190476190477,0.3466202486184246,0.5476190476190477,0.3466202486184246,0.5476190476190477,0.3466202486184246,0.5476190476190477,0.3466202486184246,0.5476190476190477,0.3466202486184246,0.5476190476190477,0.0,0.0,0.0,0.0,0.0,0.0,0.0,0.0,0.0,0.0
hc2/search/occlusion_5/order1/0,hc2,search,2,occlusion_5,order1,0,True,False,0.15153262670837472,0.31100478468899523,0.16975747517562523,0.3686635944700461,0.29005804813472974,0.6299212598425197,0.33679465937907926,0.7419354838709677,0.29005804813472974,0.6299212598425197,0.11493117776839007,0.23923444976076555,0.3595301220486088,0.7052631578947368,-0.036601448939984654,-0.07177033492822968,-0.05482629740723516,-0.12942914470928055,-0.17512687036633967,-0.3906868100817541,-0.2218634816106892,-0.5027010341102022,-0.17512687036633967,-0.3906868100817541
hc2/search/occlusion_5/order1/1,hc2,search,0,occlusion_5,order1,1,False,False,0.19479513473360757,0.3778801843317972,0.19479513473360757,0.3778801843317972,0.19479513473360757,0.3778801843317972,0.19479513473360757,0.3778801843317972,0.19479513473360757,0.3778801843317972,0.19479513473360757,0.3778801843317972,0.19479513473360757,0.3778801843317972,0.0,0.0,0.0,0.0,0.0,0.0,0.0,0.0,0.0,0.0
hc2/search/occlusion_5/order1/2,hc2,search,25,occlusion_5,order1,2,False,False,0.24813965924175177,0.6883116883116883,0.24813965924175177,0.6883116883116883,0.24813965924175177,0.6883116883116883,0.24813965924175177,0.6883116883116883,0.24813965924175177,0.6883116883116883,0.24813965924175177,0.6883116883116883,0.24813965924175177,0.6883116883116883,0.0,0.0,0.0,0.0,0.0,0.0,0.0,0.0,0.0,0.0
hc2/search/occlusion_5/order1/3,hc2,search,22,occlusion_5,order1,3,False,False,0.062142842185604744,0.24316939890710382,0.062142842185604744,0.24316939890710382,0.062142842185604744,0.24316939890710382,0.062142842185604744,0.24316939890710382,0.062142842185604744,0.24316939890710382,0.062142842185604744,0.24316939890710382,0.062142842185604744,0.24316939890710382,0.0,0.0,0.0,0.0,0.0,0.0,0.0,0.0,0.0,0.0
hc2/search/occlusion_5/order1/4,hc2,search,27,occlusion_5,order1,4,True,False,0.615089577539879,0.8022813688212928,0.2589291131654658,0.32987012987012987,0.615089577539879,0.8022813688212928,0.43138282371463516,0.5626666666666666,0.615089577539879,0.8022813688212928,0.5646623550814073,0.7338403041825095,0.318050365756731,0.4189189189189189,-0.050427222458471754,-0.0684410646387833,0.3057332419159415,0.4039701743123796,-0.050427222458471754,-0.0684410646387833,0.13327953136677212,0.1711736375158428,-0.050427222458471754,-0.0684410646387833
hc2/search/occlusion_5/order1/5,hc2,search,31,occlusion_5,order1,5,False,False,0.48484611751791884,0.8092105263157895,0.48484611751791884,0.8092105263157895,0.48484611751791884,0.8092105263157895,0.48484611751791884,0.8092105263157895,0.48484611751791884,0.8092105263157895,0.48484611751791884,0.8092105263157895,0.48484611751791884,0.8092105263157895,0.0,0.0,0.0,0.0,0.0,0.0,0.0,0.0,0.0,0.0
hc2/search/occlusion_5/order1/6,hc2,search,11,occlusion_5,order1,6,False,False,0.19271697200581578,0.7013698630136986,0.19271697200581578,0.7013698630136986,0.19271697200581578,0.7013698630136986,0.19271697200581578,0.7013698630136986,0.19271697200581578,0.7013698630136986,0.19271697200581578,0.7013698630136986,0.19271697200581578,0.7013698630136986,0.0,0.0,0.0,0.0,0.0,0.0,0.0,0.0,0.0,0.0
hc2/search/occlusion_5/order1/7,hc2,search,30,occlusion_5,order1,7,False,False,0.5750715011757646,0.7861271676300579,0.5750715011757646,0.7861271676300579,0.5750715011757646,0.7861271676300579,0.5750715011757646,0.7861271676300579,0.5750715011757646,0.7861271676300579,0.5750715011757646,0.7861271676300579,0.5750715011757646,0.7861271676300579,0.0,0.0,0.0,0.0,0.0,0.0,0.0,0.0,0.0,0.0
hc2/search/occlusion_5/order1/8,hc2,search,26,occlusion_5,order1,8,True,False,0.17039641434174252,0.4180327868852459,0.18235405745344374,0.4473684210526316,0.18235405745344374,0.4473684210526316,0.16925825472344694,0.415,0.17617256398044565,0.4322033898305085,0.17039641434174252,0.4180327868852459,0.08399338403916197,0.20606060606060606,0.0,0.0,-0.011957643111701222,-0.02933563416738566,-0.011957643111701222,-0.02933563416738566,0.001138159618295581,0.0030327868852459416,-0.005776149638703126,-0.014170602945262567
hc2/search/occlusion_5/order1/9,hc2,search,24,occlusion_5,order1,9,False,False,0.01778116093951791,0.342911877394636,0.01778116093951791,0.342911877394636,0.01778116093951791,0.342911877394636,0.01778116093951791,0.342911877394636,0.01778116093951791,0.342911877394636,0.01778116093951791,0.342911877394636,0.01778116093951791,0.342911877394636,0.0,0.0,0.0,0.0,0.0,0.0,0.0,0.0,0.0,0.0
hc2/search/occlusion_5/order1/10,hc2,search,19,occlusion_5,order1,10,False,False,0.5810419601076383,0.8327137546468402,0.5810419601076383,0.8327137546468402,0.5810419601076383,0.8327137546468402,0.5810419601076383,0.8327137546468402,0.5810419601076383,0.8327137546468402,0.5810419601076383,0.8327137546468402,0.5810419601076383,0.8327137546468402,0.0,0.0,0.0,0.0,0.0,0.0,0.0,0.0,0.0,0.0
hc2/search/occlusion_5/order1/11,hc2,search,13,occlusion_5,order1,11,False,False,0.35468079988009593,0.5476190476190477,0.35468079988009593,0.5476190476190477,0.35468079988009593,0.5476190476190477,0.35468079988009593,0.5476190476190477,0.35468079988009593,0.5476190476190477,0.35468079988009593,0.5476190476190477,0.35468079988009593,0.5476190476190477,0.0,0.0,0.0,0.0,0.0,0.0,0.0,0.0,0.0,0.0
hc2/search/occlusion_5/order1/12,hc2,search,14,occlusion_5,order1,12,True,False,0.515851688455694,0.788235294117647,0.34525506707664555,0.5275590551181102,0.515851688455694,0.788235294117647,0.30248964077676266,0.44936708860759494,0.48991501138250265,0.7486033519553073,0.20358789897281995,0.291044776119403,0.146401981698611,0.22370617696160267,-0.31226378948287403,-0.49719051799824404,-0.1416671681038256,-0.2365142789987072,-0.31226378948287403,-0.49719051799824404,-0.0989017418039427,-0.15832231248819195,-0.28632711240968267,-0.45755857583590426
hc2/search/occlusion_5/order1/13,hc2,search,16,occlusion_5,order1,13,False,False,0.17981477659949557,0.35904255319148937,0.17981477659949557,0.35904255319148937,0.17981477659949557,0.35904255319148937,0.17981477659949557,0.35904255319148937,0.17981477659949557,0.35904255319148937,0.17981477659949557,0.35904255319148937,0.17981477659949557,0.35904255319148937,0.0,0.0,0.0,0.0,0.0,0.0,0.0,0.0,0.0,0.0
hc2/search/occlusion_5/order1/14,hc2,search,17,occlusion_5,order1,14,False,False,0.2975720780603986,0.4533678756476684,0.2975720780603986,0.4533678756476684,0.2975720780603986,0.4533678756476684,0.2975720780603986,0.4533678756476684,0.2975720780603986,0.4533678756476684,0.2975720780603986,0.4533678756476684,0.2975720780603986,0.4533678756476684,0.0,0.0,0.0,0.0,0.0,0.0,0.0,0.0,0.0,0.0
hc2/search/occlusion_5/order1/15,hc2,search,23,occlusion_5,order1,15,False,False,0.09238703130569666,0.8074534161490683,0.09238703130569666,0.8074534161490683,0.09238703130569666,0.8074534161490683,0.09238703130569666,0.8074534161490683,0.09238703130569666,0.8074534161490683,0.09238703130569666,0.8074534161490683,0.09238703130569666,0.8074534161490683,0.0,0.0,0.0,0.0,0.0,0.0,0.0,0.0,0.0,0.0
hc2/search/occlusion_5/order1/16,hc2,search,29,occlusion_5,order1,16,True,False,0.22548710275596295,0.4232209737827715,0.20760364288221417,0.3896551724137931,0.23986078261291677,0.450199203187251,0.22548710275596295,0.4232209737827715,0.23986078261291677,0.450199203187251,0.23986078261291677,0.450199203187251,0.12261722288358883,0.23014256619144602,0.014373679856953814,0.02697822940447947,0.0322571397307026,0.06054403077345788,0.0,0.0,0.014373679856953814,0.02697822940447947,0.0,0.0
hc2/search/occlusion_5/order1/17,hc2,search,9,occlusion_5,order1,17,False,False,0.0,0.0,0.0,0.0,0.0,0.0,0.0,0.0,0.0,0.0,0.0,0.0,0.0,0.0,0.0,0.0,0.0,0.0,0.0,0.0,0.0,0.0,0.0,0.0
hc2/search/occlusion_5/order1/18,hc2,search,5,occlusion_5,order1,18,False,False,0.23186747514849396,0.46996466431095407,0.23186747514849396,0.46996466431095407,0.23186747514849396,0.46996466431095407,0.23186747514849396,0.46996466431095407,0.23186747514849396,0.46996466431095407,0.23186747514849396,0.46996466431095407,0.23186747514849396,0.46996466431095407,0.0,0.0,0.0,0.0,0.0,0.0,0.0,0.0,0.0,0.0
hc2/search/occlusion_5/order1/19,hc2,search,8,occlusion_5,order1,19,False,False,0.7404008130652023,0.8688046647230321,0.7404008130652023,0.8688046647230321,0.7404008130652023,0.8688046647230321,0.7404008130652023,0.8688046647230321,0.7404008130652023,0.8688046647230321,0.7404008130652023,0.8688046647230321,0.7404008130652023,0.8688046647230321,0.0,0.0,0.0,0.0,0.0,0.0,0.0,0.0,0.0,0.0
hc2/search/occlusion_5/order1/20,hc2,search,28,occlusion_5,order1,20,True,False,0.4191190204550389,0.5978835978835979,0.4020989587106718,0.5736040609137056,0.5013512333291288,0.7151898734177216,0.28804907224000853,0.4109090909090909,0.5013512333291288,0.7151898734177216,0.4621622019319513,0.6242038216560509,0.16035120418219098,0.22874493927125505,0.043043181476912384,0.026320223772453022,0.06006324322127948,0.05059976074234529,-0.0391890313971775,-0.09098605176167063,0.17411312969194276,0.21329473074696004,-0.0391890313971775,-0.09098605176167063
hc2/search/occlusion_5/order1/21,hc2,search,10,occlusion_5,order1,21,False,False,0.27165854150692964,0.3598326359832636,0.27165854150692964,0.3598326359832636,0.27165854150692964,0.3598326359832636,0.27165854150692964,0.3598326359832636,0.27165854150692964,0.3598326359832636,0.27165854150692964,0.3598326359832636,0.27165854150692964,0.3598326359832636,0.0,0.0,0.0,0.0,0.0,0.0,0.0,0.0,0.0,0.0
hc2/search/occlusion_5/order1/22,hc2,search,21,occlusion_5,order1,22,False,False,0.6322674139862998,0.9244712990936556,0.6322674139862998,0.9244712990936556,0.6322674139862998,0.9244712990936556,0.6322674139862998,0.9244712990936556,0.6322674139862998,0.9244712990936556,0.6322674139862998,0.9244712990936556,0.6322674139862998,0.9244712990936556,0.0,0.0,0.0,0.0,0.0,0.0,0.0,0.0,0.0,0.0
hc2/search/occlusion_5/order1/23,hc2,search,20,occlusion_5,order1,23,False,False,0.5472913449924983,0.890295358649789,0.5472913449924983,0.890295358649789,0.5472913449924983,0.890295358649789,0.5472913449924983,0.890295358649789,0.5472913449924983,0.890295358649789,0.5472913449924983,0.890295358649789,0.5472913449924983,0.890295358649789,0.0,0.0,0.0,0.0,0.0,0.0,0.0,0.0,0.0,0.0
hc2/search/occlusion_5/order1/24,hc2,search,1,occlusion_5,order1,24,True,False,0.3771994138766985,0.6735537190082644,0.42095754984854583,0.7520661157024794,0.3771994138766985,0.6735537190082644,0.3771994138766985,0.6735537190082644,0.42095754984854583,0.7520661157024794,0.2918368468482729,0.5165289256198347,0.17735822404177232,0.31703204047217537,-0.0853625670284256,-0.15702479338842978,-0.12912070300027295,-0.23553719008264473,-0.0853625670284256,-0.15702479338842978,-0.0853625670284256,-0.15702479338842978,-0.12912070300027295,-0.23553719008264473
hc2/search/occlusion_5/order1/25,hc2,search,7,occlusion_5,order1,25,False,False,0.6479893883512909,0.9824561403508771,0.6479893883512909,0.9824561403508771,0.6479893883512909,0.9824561403508771,0.6479893883512909,0.9824561403508771,0.6479893883512909,0.9824561403508771,0.6479893883512909,0.9824561403508771,0.6479893883512909,0.9824561403508771,0.0,0.0,0.0,0.0,0.0,0.0,0.0,0.0,0.0,0.0
hc2/search/occlusion_5/order1/26,hc2,search,12,occlusion_5,order1,26,False,False,0.4699993624575279,0.8191489361702128,0.4699993624575279,0.8191489361702128,0.4699993624575279,0.8191489361702128,0.4699993624575279,0.8191489361702128,0.4699993624575279,0.8191489361702128,0.4699993624575279,0.8191489361702128,0.4699993624575279,0.8191489361702128,0.0,0.0,0.0,0.0,0.0,0.0,0.0,0.0,0.0,0.0
hc2/search/occlusion_5/order1/27,hc2,search,18,occlusion_5,order1,27,False,False,0.2249248663243499,0.3390804597701149,0.2249248663243499,0.3390804597701149,0.2249248663243499,0.3390804597701149,0.2249248663243499,0.3390804597701149,0.2249248663243499,0.3390804597701149,0.2249248663243499,0.3390804597701149,0.2249248663243499,0.3390804597701149,0.0,0.0,0.0,0.0,0.0,0.0,0.0,0.0,0.0,0.0
hc2/search/occlusion_5/order1/28,hc2,search,3,occlusion_5,order1,28,True,False,0.22447812328858824,0.5028901734104047,0.2382497872940231,0.5337423312883436,0.3770360711546191,0.8446601941747572,0.30821202642004575,0.6904761904761905,0.3770360711546191,0.8446601941747572,0.3096172743758973,0.6982758620689655,0.07782508081949052,0.1743486973947896,0.08513915108730907,0.19538568865856087,0.07136748708187421,0.16453353078062194,-0.06741879677872181,-0.14638433210579171,0.001405247955851563,0.007799671592775059,-0.06741879677872181,-0.14638433210579171
hc2/search/occlusion_5/order1/29,hc2,search,6,occlusion_5,order1,29,False,False,0.3039789147310619,0.6896551724137931,0.3039789147310619,0.6896551724137931,0.3039789147310619,0.6896551724137931,0.3039789147310619,0.6896551724137931,0.3039789147310619,0.6896551724137931,0.3039789147310619,0.6896551724137931,0.3039789147310619,0.6896551724137931,0.0,0.0,0.0,0.0,0.0,0.0,0.0,0.0,0.0,0.0
hc2/search/occlusion_5/order1/30,hc2,search,15,occlusion_5,order1,30,False,False,0.06545273278402829,0.28044280442804426,0.06545273278402829,0.28044280442804426,0.06545273278402829,0.28044280442804426,0.06545273278402829,0.28044280442804426,0.06545273278402829,0.28044280442804426,0.06545273278402829,0.28044280442804426,0.06545273278402829,0.28044280442804426,0.0,0.0,0.0,0.0,0.0,0.0,0.0,0.0,0.0,0.0
hc2/search/occlusion_5/order1/31,hc2,search,4,occlusion_5,order1,31,False,False,0.0,0.0,0.0,0.0,0.0,0.0,0.0,0.0,0.0,0.0,0.0,0.0,0.0,0.0,0.0,0.0,0.0,0.0,0.0,0.0,0.0,0.0,0.0,0.0
hc2/search/occlusion_5/order2/0,hc2,search,16,occlusion_5,order2,0,True,False,0.16546849710802858,0.35904255319148937,0.1902318483813199,0.4015957446808511,0.37629939447061167,0.8120567375886525,0.1902318483813199,0.4015957446808511,0.37629939447061167,0.8120567375886525,0.16546849710802858,0.35904255319148937,0.22788652406254592,0.52,0.0,0.0,-0.024763351273291323,-0.04255319148936171,-0.2108308973625831,-0.4530141843971631,-0.024763351273291323,-0.04255319148936171,-0.2108308973625831,-0.4530141843971631
hc2/search/occlusion_5/order2/1,hc2,search,2,occlusion_5,order2,1,False,False,0.16296892450983408,0.31100478468899523,0.16296892450983408,0.31100478468899523,0.16296892450983408,0.31100478468899523,0.16296892450983408,0.31100478468899523,0.16296892450983408,0.31100478468899523,0.16296892450983408,0.31100478468899523,0.16296892450983408,0.31100478468899523,0.0,0.0,0.0,0.0,0.0,0.0,0.0,0.0,0.0,0.0
hc2/search/occlusion_5/order2/2,hc2,search,27,occlusion_5,order2,2,False,False,0.6081893540528638,0.8022813688212928,0.6081893540528638,0.8022813688212928,0.6081893540528638,0.8022813688212928,0.6081893540528638,0.8022813688212928,0.6081893540528638,0.8022813688212928,0.6081893540528638,0.8022813688212928,0.6081893540528638,0.8022813688212928,0.0,0.0,0.0,0.0,0.0,0.0,0.0,0.0,0.0,0.0
hc2/search/occlusion_5/order2/3,hc2,search,22,occlusion_5,order2,3,False,False,0.06047322578328677,0.24316939890710382,0.06047322578328677,0.24316939890710382,0.06047322578328677,0.24316939890710382,0.06047322578328677,0.24316939890710382,0.06047322578328677,0.24316939890710382,0.06047322578328677,0.24316939890710382,0.06047322578328677,0.24316939890710382,0.0,0.0,0.0,0.0,0.0,0.0,0.0,0.0,0.0,0.0
hc2/search/occlusion_5/order2/4,hc2,search,23,occlusion_5,order2,4,True,False,0.11129372906810138,0.8074534161490683,0.09188866861520165,0.6666666666666666,0.10602538686369421,0.7692307692307693,0.09927030681420677,0.7202216066481995,0.09927030681420677,0.7202216066481995,0.11129372906810138,0.8074534161490683,0.07239713284834069,0.5252525252525253,0.0,0.0,0.019405060452899733,0.14078674948240166,0.005268342204407167,0.03822264691829902,0.012023422253894606,0.08723180950086884,0.012023422253894606,0.08723180950086884
hc2/search/occlusion_5/order2/5,hc2,search,26,occlusion_5,order2,5,False,False,0.19176908668601025,0.4180327868852459,0.19176908668601025,0.4180327868852459,0.19176908668601025,0.4180327868852459,0.19176908668601025,0.4180327868852459,0.19176908668601025,0.4180327868852459,0.19176908668601025,0.4180327868852459,0.19176908668601025,0.4180327868852459,0.0,0.0,0.0,0.0,0.0,0.0,0.0,0.0,0.0,0.0
hc2/search/occlusion_5/order2/6,hc2,search,15,occlusion_5,order2,6,False,False,0.06535395325613724,0.28044280442804426,0.06535395325613724,0.28044280442804426,0.06535395325613724,0.28044280442804426,0.06535395325613724,0.28044280442804426,0.06535395325613724,0.28044280442804426,0.06535395325613724,0.28044280442804426,0.06535395325613724,0.28044280442804426,0.0,0.0,0.0,0.0,0.0,0.0,0.0,0.0,0.0,0.0
hc2/search/occlusion_5/order2/7,hc2,search,12,occlusion_5,order2,7,False,False,0.4744189426409923,0.8191489361702128,0.4744189426409923,0.8191489361702128,0.4744189426409923,0.8191489361702128,0.4744189426409923,0.8191489361702128,0.4744189426409923,0.8191489361702128,0.4744189426409923,0.8191489361702128,0.4744189426409923,0.8191489361702128,0.0,0.0,0.0,0.0,0.0,0.0,0.0,0.0,0.0,0.0
hc2/search/occlusion_5/order2/8,hc2,search,5,occlusion_5,order2,8,True,False,0.2367228245572487,0.46996466431095407,0.2093517479678168,0.415625,0.354457985977256,0.7037037037037037,0.10119901490981512,0.20599250936329588,0.354457985977256,0.7037037037037037,0.2455563176832342,0.4868913857677903,0.0,0.0,0.008833493125985498,0.016926721456836213,0.036204569715417384,0.07126638576779026,-0.10890166829402179,-0.21681231793591343,0.14435730277341907,0.2808988764044944,-0.10890166829402179,-0.21681231793591343
hc2/search/occlusion_5/order2/9,hc2,search,17,occlusion_5,order2,9,False,False,0.2867760303218239,0.4533678756476684,0.2867760303218239,0.4533678756476684,0.2867760303218239,0.4533678756476684,0.2867760303218239,0.4533678756476684,0.2867760303218239,0.4533678756476684,0.2867760303218239,0.4533678756476684,0.2867760303218239,0.4533678756476684,0.0,0.0,0.0,0.0,0.0,0.0,0.0,0.0,0.0,0.0
hc2/search/occlusion_5/order2/10,hc2,search,11,occlusion_5,order2,10,False,False,0.21964780449625604,0.7013698630136986,0.21964780449625604,0.7013698630136986,0.21964780449625604,0.7013698630136986,0.21964780449625604,0.7013698630136986,0.21964780449625604,0.7013698630136986,0.21964780449625604,0.7013698630136986,0.21964780449625604,0.7013698630136986,0.0,0.0,0.0,0.0,0.0,0.0,0.0,0.0,0.0,0.0
hc2/search/occlusion_5/order2/11,hc2,search,3,occlusion_5,order2,11,False,False,0.21823122255574529,0.5028901734104047,0.21823122255574529,0.5028901734104047,0.21823122255574529,0.5028901734104047,0.21823122255574529,0.5028901734104047,0.21823122255574529,0.5028901734104047,0.21823122255574529,0.5028901734104047,0.21823122255574529,0.5028901734104047,0.0,0.0,0.0,0.0,0.0,0.0,0.0,0.0,0.0,0.0
hc2/search/occlusion_5/order2/12,hc2,search,1,occlusion_5,order2,12,True,False,0.3776219082531077,0.6735537190082644,0.4204589765836967,0.7520661157024794,0.3776219082531077,0.6735537190082644,0.3776219082531077,0.6735537190082644,0.4204589765836967,0.7520661157024794,0.2931242199674989,0.5165289256198347,0.1771147223282499,0.31703204047217537,-0.08449768828560883,-0.15702479338842978,-0.1273347566161978,-0.23553719008264473,-0.08449768828560883,-0.15702479338842978,-0.08449768828560883,-0.15702479338842978,-0.1273347566161978,-0.23553719008264473
hc2/search/occlusion_5/order2/13,hc2,search,9,occlusion_5,order2,13,False,False,0.0,0.0,0.0,0.0,0.0,0.0,0.0,0.0,0.0,0.0,0.0,0.0,0.0,0.0,0.0,0.0,0.0,0.0,0.0,0.0,0.0,0.0,0.0,0.0
hc2/search/occlusion_5/order2/14,hc2,search,14,occlusion_5,order2,14,False,False,0.5338787624185811,0.788235294117647,0.5338787624185811,0.788235294117647,0.5338787624185811,0.788235294117647,0.5338787624185811,0.788235294117647,0.5338787624185811,0.788235294117647,0.5338787624185811,0.788235294117647,0.5338787624185811,0.788235294117647,0.0,0.0,0.0,0.0,0.0,0.0,0.0,0.0,0.0,0.0
hc2/search/occlusion_5/order2/15,hc2,search,31,occlusion_5,order2,15,False,False,0.4982950591126799,0.8092105263157895,0.4982950591126799,0.8092105263157895,0.4982950591126799,0.8092105263157895,0.4982950591126799,0.8092105263157895,0.4982950591126799,0.8092105263157895,0.4982950591126799,0.8092105263157895,0.4982950591126799,0.8092105263157895,0.0,0.0,0.0,0.0,0.0,0.0,0.0,0.0,0.0,0.0
hc2/search/occlusion_5/order2/16,hc2,search,20,occlusion_5,order2,16,True,False,0.5592486872595316,0.890295358649789,0.5011060867827,0.8,0.5592486872595316,0.890295358649789,0.0274157439610308,0.045317220543806644,0.5592486872595316,0.890295358649789,0.5180210601762089,0.8270042194092827,0.28816791623743815,0.456,-0.041227627083322727,-0.06329113924050633,0.016914973393508892,0.02700421940928266,-0.041227627083322727,-0.06329113924050633,0.49060531621517806,0.7816869988654761,-0.041227627083322727,-0.06329113924050633
hc2/search/occlusion_5/order2/17,hc2,search,0,occlusion_5,order2,17,False,False,0.21325161057691444,0.3778801843317972,0.21325161057691444,0.3778801843317972,0.21325161057691444,0.3778801843317972,0.21325161057691444,0.3778801843317972,0.21325161057691444,0.3778801843317972,0.21325161057691444,0.3778801843317972,0.21325161057691444,0.3778801843317972,0.0,0.0,0.0,0.0,0.0,0.0,0.0,0.0,0.0,0.0
hc2/search/occlusion_5/order2/18,hc2,search,24,occlusion_5,order2,18,False,False,0.019430443801884398,0.342911877394636,0.019430443801884398,0.342911877394636,0.019430443801884398,0.342911877394636,0.019430443801884398,0.342911877394636,0.019430443801884398,0.342911877394636,0.019430443801884398,0.342911877394636,0.019430443801884398,0.342911877394636,0.0,0.0,0.0,0.0,0.0,0.0,0.0,0.0,0.0,0.0
hc2/search/occlusion_5/order2/19,hc2,search,6,occlusion_5,order2,19,False,False,0.30527961538055914,0.6896551724137931,0.30527961538055914,0.6896551724137931,0.30527961538055914,0.6896551724137931,0.30527961538055914,0.6896551724137931,0.30527961538055914,0.6896551724137931,0.30527961538055914,0.6896551724137931,0.30527961538055914,0.6896551724137931,0.0,0.0,0.0,0.0,0.0,0.0,0.0,0.0,0.0,0.0
hc2/search/occlusion_5/order2/20,hc2,search,4,occlusion_5,order2,20,True,False,0.0,0.0,0.0,0.0,0.0,0.0,0.0,0.0,0.0,0.0,0.0,0.0,0.0,0.0,0.0,0.0,0.0,0.0,0.0,0.0,0.0,0.0,0.0,0.0
hc2/search/occlusion_5/order2/21,hc2,search,28,occlusion_5,order2,21,False,False,0.41205634052082224,0.5978835978835979,0.41205634052082224,0.5978835978835979,0.41205634052082224,0.5978835978835979,0.41205634052082224,0.5978835978835979,0.41205634052082224,0.5978835978835979,0.41205634052082224,0.5978835978835979,0.41205634052082224,0.5978835978835979,0.0,0.0,0.0,0.0,0.0,0.0,0.0,0.0,0.0,0.0
hc2/search/occlusion_5/order2/22,hc2,search,30,occlusion_5,order2,22,False,False,0.5406932498019754,0.7861271676300579,0.5406932498019754,0.7861271676300579,0.5406932498019754,0.7861271676300579,0.5406932498019754,0.7861271676300579,0.5406932498019754,0.7861271676300579,0.5406932498019754,0.7861271676300579,0.5406932498019754,0.7861271676300579,0.0,0.0,0.0,0.0,0.0,0.0,0.0,0.0,0.0,0.0
hc2/search/occlusion_5/order2/23,hc2,search,25,occlusion_5,order2,23,False,False,0.23217193702614503,0.6883116883116883,0.23217193702614503,0.6883116883116883,0.23217193702614503,0.6883116883116883,0.23217193702614503,0.6883116883116883,0.23217193702614503,0.6883116883116883,0.23217193702614503,0.6883116883116883,0.23217193702614503,0.6883116883116883,0.0,0.0,0.0,0.0,0.0,0.0,0.0,0.0,0.0,0.0
hc2/search/occlusion_5/order2/24,hc2,search,29,occlusion_5,order2,24,True,False,0.22813974610183613,0.4232209737827715,0.21004590416962154,0.3896551724137931,0.24268251876171412,0.450199203187251,0.22813974610183613,0.4232209737827715,0.24268251876171412,0.450199203187251,0.24268251876171412,0.450199203187251,0.12405969900038746,0.23014256619144602,0.014542772659877995,0.02697822940447947,0.03263661459209258,0.06054403077345788,0.0,0.0,0.014542772659877995,0.02697822940447947,0.0,0.0
hc2/search/occlusion_5/order2/25,hc2,search,21,occlusion_5,order2,25,False,False,0.6314165077948539,0.9244712990936556,0.6314165077948539,0.9244712990936556,0.6314165077948539,0.9244712990936556,0.6314165077948539,0.9244712990936556,0.6314165077948539,0.9244712990936556,0.6314165077948539,0.9244712990936556,0.6314165077948539,0.9244712990936556,0.0,0.0,0.0,0.0,0.0,0.0,0.0,0.0,0.0,0.0
hc2/search/occlusion_5/order2/26,hc2,search,19,occlusion_5,order2,26,False,False,0.5775220286289426,0.8327137546468402,0.5775220286289426,0.8327137546468402,0.5775220286289426,0.8327137546468402,0.5775220286289426,0.8327137546468402,0.5775220286289426,0.8327137546468402,0.5775220286289426,0.8327137546468402,0.5775220286289426,0.8327137546468402,0.0,0.0,0.0,0.0,0.0,0.0,0.0,0.0,0.0,0.0
hc2/search/occlusion_5/order2/27,hc2,search,18,occlusion_5,order2,27,False,False,0.24004291518593487,0.3390804597701149,0.24004291518593487,0.3390804597701149,0.24004291518593487,0.3390804597701149,0.24004291518593487,0.3390804597701149,0.24004291518593487,0.3390804597701149,0.24004291518593487,0.3390804597701149,0.24004291518593487,0.3390804597701149,0.0,0.0,0.0,0.0,0.0,0.0,0.0,0.0,0.0,0.0
hc2/search/occlusion_5/order2/28,hc2,search,8,occlusion_5,order2,28,True,False,0.7206696783958866,0.8688046647230321,0.8104717210720697,0.9825072886297376,0.7573835974389949,0.9125364431486881,0.05356822456006077,0.0645933014354067,0.7573835974389949,0.9125364431486881,0.7206696783958866,0.8688046647230321,0.5721272873164047,0.694331983805668,0.0,0.0,-0.08980204267618308,-0.11370262390670549,-0.03671391904310828,-0.04373177842565601,0.6671014538358258,0.8042113632876253,-0.03671391904310828,-0.04373177842565601
hc2/search/occlusion_5/order2/29,hc2,search,7,occlusion_5,order2,29,False,False,0.6546800693076119,0.9824561403508771,0.6546800693076119,0.9824561403508771,0.6546800693076119,0.9824561403508771,0.6546800693076119,0.9824561403508771,0.6546800693076119,0.9824561403508771,0.6546800693076119,0.9824561403508771,0.6546800693076119,0.9824561403508771,0.0,0.0,0.0,0.0,0.0,0.0,0.0,0.0,0.0,0.0
hc2/search/occlusion_5/order2/30,hc2,search,10,occlusion_5,order2,30,False,False,0.2791496971311768,0.3598326359832636,0.2791496971311768,0.3598326359832636,0.2791496971311768,0.3598326359832636,0.2791496971311768,0.3598326359832636,0.2791496971311768,0.3598326359832636,0.2791496971311768,0.3598326359832636,0.2791496971311768,0.3598326359832636,0.0,0.0,0.0,0.0,0.0,0.0,0.0,0.0,0.0,0.0
hc2/search/occlusion_5/order2/31,hc2,search,13,occlusion_5,order2,31,False,False,0.34345586610153583,0.5476190476190477,0.34345586610153583,0.5476190476190477,0.34345586610153583,0.5476190476190477,0.34345586610153583,0.5476190476190477,0.34345586610153583,0.5476190476190477,0.34345586610153583,0.5476190476190477,0.34345586610153583,0.5476190476190477,0.0,0.0,0.0,0.0,0.0,0.0,0.0,0.0,0.0,0.0
hc2/search/exposure_5/order1/0,hc2,search,2,exposure_5,order1,0,True,False,0.13354719995744502,0.2727272727272727,0.16293801230959679,0.33505154639175255,0.24889743612647067,0.5118110236220472,0.23589533125419235,0.48507462686567165,0.24889743612647067,0.5118110236220472,0.11613581128150974,0.23923444976076555,0.09508600159309497,0.1962025316455696,-0.01741138867593528,-0.03349282296650716,-0.04680220102808705,-0.095817096630987,-0.13276162484496093,-0.27257657386128165,-0.11975951997268261,-0.2458401771049061,-0.13276162484496093,-0.27257657386128165
hc2/search/exposure_5/order1/1,hc2,search,0,exposure_5,order1,1,False,False,0.1810837200683535,0.3778801843317972,0.1810837200683535,0.3778801843317972,0.1810837200683535,0.3778801843317972,0.1810837200683535,0.3778801843317972,0.1810837200683535,0.3778801843317972,0.1810837200683535,0.3778801843317972,0.1810837200683535,0.3778801843317972,0.0,0.0,0.0,0.0,0.0,0.0,0.0,0.0,0.0,0.0
hc2/search/exposure_5/order1/2,hc2,search,25,exposure_5,order1,2,False,False,0.24635767396770766,0.6883116883116883,0.24635767396770766,0.6883116883116883,0.24635767396770766,0.6883116883116883,0.24635767396770766,0.6883116883116883,0.24635767396770766,0.6883116883116883,0.24635767396770766,0.6883116883116883,0.24635767396770766,0.6883116883116883,0.0,0.0,0.0,0.0,0.0,0.0,0.0,0.0,0.0,0.0
hc2/search/exposure_5/order1/3,hc2,search,22,exposure_5,order1,3,False,False,0.07586302731765725,0.24316939890710382,0.07586302731765725,0.24316939890710382,0.07586302731765725,0.24316939890710382,0.07586302731765725,0.24316939890710382,0.07586302731765725,0.24316939890710382,0.07586302731765725,0.24316939890710382,0.07586302731765725,0.24316939890710382,0.0,0.0,0.0,0.0,0.0,0.0,0.0,0.0,0.0,0.0
hc2/search/exposure_5/order1/4,hc2,search,27,exposure_5,order1,4,True,False,0.6138729463769167,0.8022813688212928,0.2717853162265047,0.35324675324675325,0.6138729463769167,0.8022813688212928,0.4305295597256775,0.5626666666666666,0.6138729463769167,0.8022813688212928,0.5538165859919748,0.7258064516129032,0.31754997490754866,0.4189189189189189,-0.06005636038494189,-0.0764749172083895,0.2820312697654701,0.37255969836615,-0.06005636038494189,-0.0764749172083895,0.12328702626629728,0.1631397849462366,-0.06005636038494189,-0.0764749172083895
hc2/search/exposure_5/order1/5,hc2,search,31,exposure_5,order1,5,False,False,0.48756433434409785,0.8092105263157895,0.48756433434409785,0.8092105263157895,0.48756433434409785,0.8092105263157895,0.48756433434409785,0.8092105263157895,0.48756433434409785,0.8092105263157895,0.48756433434409785,0.8092105263157895,0.48756433434409785,0.8092105263157895,0.0,0.0,0.0,0.0,0.0,0.0,0.0,0.0,0.0,0.0
hc2/search/exposure_5/order1/6,hc2,search,11,exposure_5,order1,6,False,False,0.22649194375039094,0.779874213836478,0.22649194375039094,0.779874213836478,0.22649194375039094,0.779874213836478,0.22649194375039094,0.779874213836478,0.22649194375039094,0.779874213836478,0.22649194375039094,0.779874213836478,0.22649194375039094,0.779874213836478,0.0,0.0,0.0,0.0,0.0,0.0,0.0,0.0,0.0,0.0
hc2/search/exposure_5/order1/7,hc2,search,30,exposure_5,order1,7,False,False,0.5301764275166667,0.723404255319149,0.5301764275166667,0.723404255319149,0.5301764275166667,0.723404255319149,0.5301764275166667,0.723404255319149,0.5301764275166667,0.723404255319149,0.5301764275166667,0.723404255319149,0.5301764275166667,0.723404255319149,0.0,0.0,0.0,0.0,0.0,0.0,0.0,0.0,0.0,0.0
hc2/search/exposure_5/order1/8,hc2,search,26,exposure_5,order1,8,True,False,0.14427141177279607,0.4473684210526316,0.12472370041690334,0.4272300469483568,0.1551598202084788,0.4811320754716981,0.1348109913286783,0.4180327868852459,0.1495176449281705,0.4636363636363636,0.13053127731824407,0.40476190476190477,0.06645228663474244,0.20606060606060606,-0.013740134454551994,-0.042606516290726815,0.005807576901340733,-0.022468142186452045,-0.024628542890234723,-0.07637017070979335,-0.004279714010434227,-0.013270882123341154,-0.01898636760992642,-0.05887445887445886
hc2/search/exposure_5/order1/9,hc2,search,24,exposure_5,order1,9,False,False,0.05649275439969286,0.4521072796934866,0.05649275439969286,0.4521072796934866,0.05649275439969286,0.4521072796934866,0.05649275439969286,0.4521072796934866,0.05649275439969286,0.4521072796934866,0.05649275439969286,0.4521072796934866,0.05649275439969286,0.4521072796934866,0.0,0.0,0.0,0.0,0.0,0.0,0.0,0.0,0.0,0.0
hc2/search/exposure_5/order1/10,hc2,search,19,exposure_5,order1,10,False,False,0.5879517601426385,0.8327137546468402,0.5879517601426385,0.8327137546468402,0.5879517601426385,0.8327137546468402,0.5879517601426385,0.8327137546468402,0.5879517601426385,0.8327137546468402,0.5879517601426385,0.8327137546468402,0.5879517601426385,0.8327137546468402,0.0,0.0,0.0,0.0,0.0,0.0,0.0,0.0,0.0,0.0
hc2/search/exposure_5/order1/11,hc2,search,13,exposure_5,order1,11,False,False,0.35235676754342055,0.5476190476190477,0.35235676754342055,0.5476190476190477,0.35235676754342055,0.5476190476190477,0.35235676754342055,0.5476190476190477,0.35235676754342055,0.5476190476190477,0.35235676754342055,0.5476190476190477,0.35235676754342055,0.5476190476190477,0.0,0.0,0.0,0.0,0.0,0.0,0.0,0.0,0.0,0.0
hc2/search/exposure_5/order1/12,hc2,search,14,exposure_5,order1,12,True,False,0.47035102472143814,0.708994708994709,0.4096605699186719,0.6175115207373272,0.522919668660893,0.788235294117647,0.2443477592762866,0.3502824858757062,0.522919668660893,0.788235294117647,0.2049706842731627,0.291044776119403,0.1484079193194521,0.22370617696160267,-0.2653803404482754,-0.41794993287530596,-0.2046898856455092,-0.3264667446179242,-0.31794898438773034,-0.49719051799824404,-0.0393770750031239,-0.059237709756303214,-0.31794898438773034,-0.49719051799824404
hc2/search/exposure_5/order1/13,hc2,search,16,exposure_5,order1,13,False,False,0.17946259199070747,0.35904255319148937,0.17946259199070747,0.35904255319148937,0.17946259199070747,0.35904255319148937,0.17946259199070747,0.35904255319148937,0.17946259199070747,0.35904255319148937,0.17946259199070747,0.35904255319148937,0.17946259199070747,0.35904255319148937,0.0,0.0,0.0,0.0,0.0,0.0,0.0,0.0,0.0,0.0
hc2/search/exposure_5/order1/14,hc2,search,17,exposure_5,order1,14,False,False,0.29644381243394297,0.4533678756476684,0.29644381243394297,0.4533678756476684,0.29644381243394297,0.4533678756476684,0.29644381243394297,0.4533678756476684,0.29644381243394297,0.4533678756476684,0.29644381243394297,0.4533678756476684,0.29644381243394297,0.4533678756476684,0.0,0.0,0.0,0.0,0.0,0.0,0.0,0.0,0.0,0.0
hc2/search/exposure_5/order1/15,hc2,search,23,exposure_5,order1,15,False,False,0.06781397138730721,0.5739514348785872,0.06781397138730721,0.5739514348785872,0.06781397138730721,0.5739514348785872,0.06781397138730721,0.5739514348785872,0.06781397138730721,0.5739514348785872,0.06781397138730721,0.5739514348785872,0.06781397138730721,0.5739514348785872,0.0,0.0,0.0,0.0,0.0,0.0,0.0,0.0,0.0,0.0
hc2/search/exposure_5/order1/16,hc2,search,29,exposure_5,order1,16,True,False,0.22406163787556047,0.4232209737827715,0.20629123211301603,0.3896551724137931,0.22406163787556047,0.4232209737827715,0.20075321245897532,0.37919463087248323,0.22406163787556047,0.4232209737827715,0.23834445144531732,0.450199203187251,0.1218420719201113,0.23014256619144602,0.014282813569756858,0.02697822940447947,0.03205321933230129,0.06054403077345788,0.014282813569756858,0.02697822940447947,0.03759123898634201,0.07100457231476776,0.014282813569756858,0.02697822940447947
hc2/search/exposure_5/order1/17,hc2,search,9,exposure_5,order1,17,False,False,0.0,0.0,0.0,0.0,0.0,0.0,0.0,0.0,0.0,0.0,0.0,0.0,0.0,0.0,0.0,0.0,0.0,0.0,0.0,0.0,0.0,0.0,0.0,0.0
hc2/search/exposure_5/order1/18,hc2,search,5,exposure_5,order1,18,False,False,0.23075674760665543,0.46996466431095407,0.23075674760665543,0.46996466431095407,0.23075674760665543,0.46996466431095407,0.23075674760665543,0.46996466431095407,0.23075674760665543,0.46996466431095407,0.23075674760665543,0.46996466431095407,0.23075674760665543,0.46996466431095407,0.0,0.0,0.0,0.0,0.0,0.0,0.0,0.0,0.0,0.0
hc2/search/exposure_5/order1/19,hc2,search,8,exposure_5,order1,19,False,False,0.7052846175264249,0.8250728862973761,0.7052846175264249,0.8250728862973761,0.7052846175264249,0.8250728862973761,0.7052846175264249,0.8250728862973761,0.7052846175264249,0.8250728862973761,0.7052846175264249,0.8250728862973761,0.7052846175264249,0.8250728862973761,0.0,0.0,0.0,0.0,0.0,0.0,0.0,0.0,0.0,0.0
hc2/search/exposure_5/order1/20,hc2,search,28,exposure_5,order1,20,True,False,0.4061219012995811,0.5736040609137056,0.4061219012995811,0.5736040609137056,0.5063671807342878,0.7151898734177216,0.27588280881385335,0.3896551724137931,0.5063671807342878,0.7151898734177216,0.46657044776773415,0.6242038216560509,0.16195549505266696,0.22874493927125505,0.060448546468153064,0.05059976074234529,0.060448546468153064,0.05059976074234529,-0.039796732966553616,-0.09098605176167063,0.1906876389538808,0.23454864924225782,-0.039796732966553616,-0.09098605176167063
hc2/search/exposure_5/order1/21,hc2,search,10,exposure_5,order1,21,False,False,0.2721326799847001,0.3598326359832636,0.2721326799847001,0.3598326359832636,0.2721326799847001,0.3598326359832636,0.2721326799847001,0.3598326359832636,0.2721326799847001,0.3598326359832636,0.2721326799847001,0.3598326359832636,0.2721326799847001,0.3598326359832636,0.0,0.0,0.0,0.0,0.0,0.0,0.0,0.0,0.0,0.0
hc2/search/exposure_5/order1/22,hc2,search,21,exposure_5,order1,22,False,False,0.5888415898846474,0.8761329305135952,0.5888415898846474,0.8761329305135952,0.5888415898846474,0.8761329305135952,0.5888415898846474,0.8761329305135952,0.5888415898846474,0.8761329305135952,0.5888415898846474,0.8761329305135952,0.5888415898846474,0.8761329305135952,0.0,0.0,0.0,0.0,0.0,0.0,0.0,0.0,0.0,0.0
hc2/search/exposure_5/order1/23,hc2,search,20,exposure_5,order1,23,False,False,0.5375321434740644,0.890295358649789,0.5375321434740644,0.890295358649789,0.5375321434740644,0.890295358649789,0.5375321434740644,0.890295358649789,0.5375321434740644,0.890295358649789,0.5375321434740644,0.890295358649789,0.5375321434740644,0.890295358649789,0.0,0.0,0.0,0.0,0.0,0.0,0.0,0.0,0.0,0.0
hc2/search/exposure_5/order1/24,hc2,search,1,exposure_5,order1,24,True,False,0.37716078763952077,0.6735537190082644,0.420413975903541,0.7520661157024794,0.37716078763952077,0.6735537190082644,0.23283905767541843,0.41581632653061223,0.420413975903541,0.7520661157024794,0.2925174110406033,0.5165289256198347,0.17711118326394631,0.31703204047217537,-0.08464337659891746,-0.15702479338842978,-0.1278965648629377,-0.23553719008264473,-0.08464337659891746,-0.15702479338842978,0.05967835336518487,0.10071259908922242,-0.1278965648629377,-0.23553719008264473
hc2/search/exposure_5/order1/25,hc2,search,7,exposure_5,order1,25,False,False,0.6451294890210708,0.9824561403508771,0.6451294890210708,0.9824561403508771,0.6451294890210708,0.9824561403508771,0.6451294890210708,0.9824561403508771,0.6451294890210708,0.9824561403508771,0.6451294890210708,0.9824561403508771,0.6451294890210708,0.9824561403508771,0.0,0.0,0.0,0.0,0.0,0.0,0.0,0.0,0.0,0.0
hc2/search/exposure_5/order1/26,hc2,search,12,exposure_5,order1,26,False,False,0.4700521466678931,0.8191489361702128,0.4700521466678931,0.8191489361702128,0.4700521466678931,0.8191489361702128,0.4700521466678931,0.8191489361702128,0.4700521466678931,0.8191489361702128,0.4700521466678931,0.8191489361702128,0.4700521466678931,0.8191489361702128,0.0,0.0,0.0,0.0,0.0,0.0,0.0,0.0,0.0,0.0
hc2/search/exposure_5/order1/27,hc2,search,18,exposure_5,order1,27,False,False,0.2358699982259284,0.35435435435435436,0.2358699982259284,0.35435435435435436,0.2358699982259284,0.35435435435435436,0.2358699982259284,0.35435435435435436,0.2358699982259284,0.35435435435435436,0.2358699982259284,0.35435435435435436,0.2358699982259284,0.35435435435435436,0.0,0.0,0.0,0.0,0.0,0.0,0.0,0.0,0.0,0.0
hc2/search/exposure_5/order1/28,hc2,search,3,exposure_5,order1,28,True,False,0.22425734878829245,0.5028901734104047,0.2380154683458564,0.5337423312883436,0.3766652557317922,0.8446601941747572,0.2732149390167225,0.6126760563380281,0.3766652557317922,0.8446601941747572,0.30899713790263045,0.6982758620689655,0.07774853976026973,0.1743486973947896,0.084739789114338,0.19538568865856087,0.07098166955677404,0.16453353078062194,-0.06766811782916177,-0.14638433210579171,0.035782198885907945,0.0855998057309374,-0.06766811782916177,-0.14638433210579171
hc2/search/exposure_5/order1/29,hc2,search,6,exposure_5,order1,29,False,False,0.303788022163885,0.6896551724137931,0.303788022163885,0.6896551724137931,0.303788022163885,0.6896551724137931,0.303788022163885,0.6896551724137931,0.303788022163885,0.6896551724137931,0.303788022163885,0.6896551724137931,0.303788022163885,0.6896551724137931,0.0,0.0,0.0,0.0,0.0,0.0,0.0,0.0,0.0,0.0
hc2/search/exposure_5/order1/30,hc2,search,15,exposure_5,order1,30,False,False,0.056933468063146475,0.28044280442804426,0.056933468063146475,0.28044280442804426,0.056933468063146475,0.28044280442804426,0.056933468063146475,0.28044280442804426,0.056933468063146475,0.28044280442804426,0.056933468063146475,0.28044280442804426,0.056933468063146475,0.28044280442804426,0.0,0.0,0.0,0.0,0.0,0.0,0.0,0.0,0.0,0.0
hc2/search/exposure_5/order1/31,hc2,search,4,exposure_5,order1,31,False,False,0.0,0.0,0.0,0.0,0.0,0.0,0.0,0.0,0.0,0.0,0.0,0.0,0.0,0.0,0.0,0.0,0.0,0.0,0.0,0.0,0.0,0.0,0.0,0.0
hc2/search/exposure_5/order2/0,hc2,search,16,exposure_5,order2,0,True,False,0.16534931003450817,0.35904255319148937,0.1782922477924347,0.3803191489361702,0.37620004583493744,0.8120567375886525,0.1782922477924347,0.3803191489361702,0.37620004583493744,0.8120567375886525,0.16534931003450817,0.35904255319148937,0.2278297729559729,0.52,0.0,0.0,-0.012942937757926515,-0.021276595744680826,-0.21085073580042926,-0.4530141843971631,-0.012942937757926515,-0.021276595744680826,-0.21085073580042926,-0.4530141843971631
hc2/search/exposure_5/order2/1,hc2,search,2,exposure_5,order2,1,False,False,0.14590813214452827,0.2727272727272727,0.14590813214452827,0.2727272727272727,0.14590813214452827,0.2727272727272727,0.14590813214452827,0.2727272727272727,0.14590813214452827,0.2727272727272727,0.14590813214452827,0.2727272727272727,0.14590813214452827,0.2727272727272727,0.0,0.0,0.0,0.0,0.0,0.0,0.0,0.0,0.0,0.0
hc2/search/exposure_5/order2/2,hc2,search,27,exposure_5,order2,2,False,False,0.6035357992556902,0.8022813688212928,0.6035357992556902,0.8022813688212928,0.6035357992556902,0.8022813688212928,0.6035357992556902,0.8022813688212928,0.6035357992556902,0.8022813688212928,0.6035357992556902,0.8022813688212928,0.6035357992556902,0.8022813688212928,0.0,0.0,0.0,0.0,0.0,0.0,0.0,0.0,0.0,0.0
hc2/search/exposure_5/order2/3,hc2,search,22,exposure_5,order2,3,False,False,0.07315611954936338,0.24316939890710382,0.07315611954936338,0.24316939890710382,0.07315611954936338,0.24316939890710382,0.07315611954936338,0.24316939890710382,0.07315611954936338,0.24316939890710382,0.07315611954936338,0.24316939890710382,0.07315611954936338,0.24316939890710382,0.0,0.0,0.0,0.0,0.0,0.0,0.0,0.0,0.0,0.0
hc2/search/exposure_5/order2/4,hc2,search,23,exposure_5,order2,4,True,False,0.07852654036577471,0.5739514348785872,0.08389745940022629,0.6132075471698113,0.07852654036577471,0.5739514348785872,0.07852654036577471,0.5739514348785872,0.07852654036577471,0.5739514348785872,0.09239616307972973,0.6753246753246753,0.07186368239534534,0.5252525252525253,0.013869622713955018,0.10137324044608809,0.008498703679503436,0.06211712815486403,0.013869622713955018,0.10137324044608809,0.013869622713955018,0.10137324044608809,0.013869622713955018,0.10137324044608809
hc2/search/exposure_5/order2/5,hc2,search,26,exposure_5,order2,5,False,False,0.16396234648803706,0.4473684210526316,0.16396234648803706,0.4473684210526316,0.16396234648803706,0.4473684210526316,0.16396234648803706,0.4473684210526316,0.16396234648803706,0.4473684210526316,0.16396234648803706,0.4473684210526316,0.16396234648803706,0.4473684210526316,0.0,0.0,0.0,0.0,0.0,0.0,0.0,0.0,0.0,0.0
hc2/search/exposure_5/order2/6,hc2,search,15,exposure_5,order2,6,False,False,0.06551828228254586,0.28044280442804426,0.06551828228254586,0.28044280442804426,0.06551828228254586,0.28044280442804426,0.06551828228254586,0.28044280442804426,0.06551828228254586,0.28044280442804426,0.06551828228254586,0.28044280442804426,0.06551828228254586,0.28044280442804426,0.0,0.0,0.0,0.0,0.0,0.0,0.0,0.0,0.0,0.0
hc2/search/exposure_5/order2/7,hc2,search,12,exposure_5,order2,7,False,False,0.47441363705351886,0.8191489361702128,0.47441363705351886,0.8191489361702128,0.47441363705351886,0.8191489361702128,0.47441363705351886,0.8191489361702128,0.47441363705351886,0.8191489361702128,0.47441363705351886,0.8191489361702128,0.47441363705351886,0.8191489361702128,0.0,0.0,0.0,0.0,0.0,0.0,0.0,0.0,0.0,0.0
hc2/search/exposure_5/order2/8,hc2,search,5,exposure_5,order2,8,True,False,0.23685319565885757,0.46996466431095407,0.20946704491080217,0.415625,0.3546531977325751,0.7037037037037037,0.08448882969252094,0.17228464419475656,0.3546531977325751,0.7037037037037037,0.24568878703831953,0.4868913857677903,0.0,0.0,0.008835591379461966,0.016926721456836213,0.03622174212751736,0.07126638576779026,-0.10896441069425555,-0.21681231793591343,0.1611999573457986,0.3146067415730337,-0.10896441069425555,-0.21681231793591343
hc2/search/exposure_5/order2/9,hc2,search,17,exposure_5,order2,9,False,False,0.2869104754375095,0.4533678756476684,0.2869104754375095,0.4533678756476684,0.2869104754375095,0.4533678756476684,0.2869104754375095,0.4533678756476684,0.2869104754375095,0.4533678756476684,0.2869104754375095,0.4533678756476684,0.2869104754375095,0.4533678756476684,0.0,0.0,0.0,0.0,0.0,0.0,0.0,0.0,0.0,0.0
hc2/search/exposure_5/order2/10,hc2,search,11,exposure_5,order2,10,False,False,0.25735515155249433,0.779874213836478,0.25735515155249433,0.779874213836478,0.25735515155249433,0.779874213836478,0.25735515155249433,0.779874213836478,0.25735515155249433,0.779874213836478,0.25735515155249433,0.779874213836478,0.25735515155249433,0.779874213836478,0.0,0.0,0.0,0.0,0.0,0.0,0.0,0.0,0.0,0.0
hc2/search/exposure_5/order2/11,hc2,search,3,exposure_5,order2,11,False,False,0.21826769522956496,0.5028901734104047,0.21826769522956496,0.5028901734104047,0.21826769522956496,0.5028901734104047,0.21826769522956496,0.5028901734104047,0.21826769522956496,0.5028901734104047,0.21826769522956496,0.5028901734104047,0.21826769522956496,0.5028901734104047,0.0,0.0,0.0,0.0,0.0,0.0,0.0,0.0,0.0,0.0
hc2/search/exposure_5/order2/12,hc2,search,1,exposure_5,order2,12,True,False,0.3774808488157412,0.6735537190082644,0.4203074846628974,0.7520661157024794,0.3774808488157412,0.6735537190082644,0.233036646462779,0.41581632653061223,0.4203074846628974,0.7520661157024794,0.29300352485750525,0.5165289256198347,0.17705176001594794,0.31703204047217537,-0.08447732395823593,-0.15702479338842978,-0.12730395980539216,-0.23553719008264473,-0.08447732395823593,-0.15702479338842978,0.05996687839472625,0.10071259908922242,-0.12730395980539216,-0.23553719008264473
hc2/search/exposure_5/order2/13,hc2,search,9,exposure_5,order2,13,False,False,0.0,0.0,0.0,0.0,0.0,0.0,0.0,0.0,0.0,0.0,0.0,0.0,0.0,0.0,0.0,0.0,0.0,0.0,0.0,0.0,0.0,0.0,0.0,0.0
hc2/search/exposure_5/order2/14,hc2,search,14,exposure_5,order2,14,False,False,0.4880203368087354,0.708994708994709,0.4880203368087354,0.708994708994709,0.4880203368087354,0.708994708994709,0.4880203368087354,0.708994708994709,0.4880203368087354,0.708994708994709,0.4880203368087354,0.708994708994709,0.4880203368087354,0.708994708994709,0.0,0.0,0.0,0.0,0.0,0.0,0.0,0.0,0.0,0.0
hc2/search/exposure_5/order2/15,hc2,search,31,exposure_5,order2,15,False,False,0.5004772053468942,0.8092105263157895,0.5004772053468942,0.8092105263157895,0.5004772053468942,0.8092105263157895,0.5004772053468942,0.8092105263157895,0.5004772053468942,0.8092105263157895,0.5004772053468942,0.8092105263157895,0.5004772053468942,0.8092105263157895,0.0,0.0,0.0,0.0,0.0,0.0,0.0,0.0,0.0,0.0
hc2/search/exposure_5/order2/16,hc2,search,20,exposure_5,order2,16,True,False,0.5583751808259023,0.890295358649789,0.5003322835756496,0.8,0.5583751808259023,0.890295358649789,0.0273596608911698,0.045317220543806644,0.5583751808259023,0.890295358649789,0.51722113702968,0.8270042194092827,0.28771335970636036,0.456,-0.04115404379622234,-0.06329113924050633,0.01688885345403035,0.02700421940928266,-0.04115404379622234,-0.06329113924050633,0.48986147613851017,0.7816869988654761,-0.04115404379622234,-0.06329113924050633
hc2/search/exposure_5/order2/17,hc2,search,0,exposure_5,order2,17,False,False,0.20616812626794817,0.3778801843317972,0.20616812626794817,0.3778801843317972,0.20616812626794817,0.3778801843317972,0.20616812626794817,0.3778801843317972,0.20616812626794817,0.3778801843317972,0.20616812626794817,0.3778801843317972,0.20616812626794817,0.3778801843317972,0.0,0.0,0.0,0.0,0.0,0.0,0.0,0.0,0.0,0.0
hc2/search/exposure_5/order2/18,hc2,search,24,exposure_5,order2,18,False,False,0.059913721549357445,0.4521072796934866,0.059913721549357445,0.4521072796934866,0.059913721549357445,0.4521072796934866,0.059913721549357445,0.4521072796934866,0.059913721549357445,0.4521072796934866,0.059913721549357445,0.4521072796934866,0.059913721549357445,0.4521072796934866,0.0,0.0,0.0,0.0,0.0,0.0,0.0,0.0,0.0,0.0
hc2/search/exposure_5/order2/19,hc2,search,6,exposure_5,order2,19,False,False,0.30546390649915367,0.6896551724137931,0.30546390649915367,0.6896551724137931,0.30546390649915367,0.6896551724137931,0.30546390649915367,0.6896551724137931,0.30546390649915367,0.6896551724137931,0.30546390649915367,0.6896551724137931,0.30546390649915367,0.6896551724137931,0.0,0.0,0.0,0.0,0.0,0.0,0.0,0.0,0.0,0.0
hc2/search/exposure_5/order2/20,hc2,search,4,exposure_5,order2,20,True,False,0.0,0.0,0.10545641588188101,0.21603563474387527,0.0,0.0,0.0,0.0,0.0,0.0,0.0,0.0,0.0,0.0,0.0,0.0,-0.10545641588188101,-0.21603563474387527,0.0,0.0,0.0,0.0,0.0,0.0
hc2/search/exposure_5/order2/21,hc2,search,28,exposure_5,order2,21,False,False,0.39130418064585654,0.5736040609137056,0.39130418064585654,0.5736040609137056,0.39130418064585654,0.5736040609137056,0.39130418064585654,0.5736040609137056,0.39130418064585654,0.5736040609137056,0.39130418064585654,0.5736040609137056,0.39130418064585654,0.5736040609137056,0.0,0.0,0.0,0.0,0.0,0.0,0.0,0.0,0.0,0.0
hc2/search/exposure_5/order2/22,hc2,search,30,exposure_5,order2,22,False,False,0.5022941795918807,0.723404255319149,0.5022941795918807,0.723404255319149,0.5022941795918807,0.723404255319149,0.5022941795918807,0.723404255319149,0.5022941795918807,0.723404255319149,0.5022941795918807,0.723404255319149,0.5022941795918807,0.723404255319149,0.0,0.0,0.0,0.0,0.0,0.0,0.0,0.0,0.0,0.0
hc2/search/exposure_5/order2/23,hc2,search,25,exposure_5,order2,23,False,False,0.23136890263356003,0.6883116883116883,0.23136890263356003,0.6883116883116883,0.23136890263356003,0.6883116883116883,0.23136890263356003,0.6883116883116883,0.23136890263356003,0.6883116883116883,0.23136890263356003,0.6883116883116883,0.23136890263356003,0.6883116883116883,0.0,0.0,0.0,0.0,0.0,0.0,0.0,0.0,0.0,0.0
hc2/search/exposure_5/order2/24,hc2,search,29,exposure_5,order2,24,True,False,0.23089104849075037,0.4232209737827715,0.21257899981734604,0.3896551724137931,0.23089104849075037,0.4232209737827715,0.2068721810303032,0.37919463087248323,0.23089104849075037,0.4232209737827715,0.24560920297621652,0.450199203187251,0.12555582473936935,0.23014256619144602,0.01471815448546615,0.02697822940447947,0.03303020315887048,0.06054403077345788,0.01471815448546615,0.02697822940447947,0.03873702194591333,0.07100457231476776,0.01471815448546615,0.02697822940447947
hc2/search/exposure_5/order2/25,hc2,search,21,exposure_5,order2,25,False,False,0.5868898251845787,0.8761329305135952,0.5868898251845787,0.8761329305135952,0.5868898251845787,0.8761329305135952,0.5868898251845787,0.8761329305135952,0.5868898251845787,0.8761329305135952,0.5868898251845787,0.8761329305135952,0.5868898251845787,0.8761329305135952,0.0,0.0,0.0,0.0,0.0,0.0,0.0,0.0,0.0,0.0
hc2/search/exposure_5/order2/26,hc2,search,19,exposure_5,order2,26,False,False,0.5823319672728698,0.8327137546468402,0.5823319672728698,0.8327137546468402,0.5823319672728698,0.8327137546468402,0.5823319672728698,0.8327137546468402,0.5823319672728698,0.8327137546468402,0.5823319672728698,0.8327137546468402,0.5823319672728698,0.8327137546468402,0.0,0.0,0.0,0.0,0.0,0.0,0.0,0.0,0.0,0.0
hc2/search/exposure_5/order2/27,hc2,search,18,exposure_5,order2,27,False,False,0.2530301304646689,0.35435435435435436,0.2530301304646689,0.35435435435435436,0.2530301304646689,0.35435435435435436,0.2530301304646689,0.35435435435435436,0.2530301304646689,0.35435435435435436,0.2530301304646689,0.35435435435435436,0.2530301304646689,0.35435435435435436,0.0,0.0,0.0,0.0,0.0,0.0,0.0,0.0,0.0,0.0
hc2/search/exposure_5/order2/28,hc2,search,8,exposure_5,order2,28,True,False,0.6904348716959875,0.8250728862973761,0.8110014531835894,0.9770114942528736,0.7275478089773089,0.8688046647230321,0.054157167677278455,0.0645933014354067,0.7275478089773089,0.8688046647230321,0.6904348716959875,0.8250728862973761,0.5762357557948972,0.694331983805668,0.0,0.0,-0.12056658148760191,-0.15193860795549752,-0.03711293728132137,-0.04373177842565601,0.6362777040187091,0.7604795848619694,-0.03711293728132137,-0.04373177842565601
hc2/search/exposure_5/order2/29,hc2,search,7,exposure_5,order2,29,False,False,0.6536629300440017,0.9824561403508771,0.6536629300440017,0.9824561403508771,0.6536629300440017,0.9824561403508771,0.6536629300440017,0.9824561403508771,0.6536629300440017,0.9824561403508771,0.6536629300440017,0.9824561403508771,0.6536629300440017,0.9824561403508771,0.0,0.0,0.0,0.0,0.0,0.0,0.0,0.0,0.0,0.0
hc2/search/exposure_5/order2/30,hc2,search,10,exposure_5,order2,30,False,False,0.2782985989431986,0.3598326359832636,0.2782985989431986,0.3598326359832636,0.2782985989431986,0.3598326359832636,0.2782985989431986,0.3598326359832636,0.2782985989431986,0.3598326359832636,0.2782985989431986,0.3598326359832636,0.2782985989431986,0.3598326359832636,0.0,0.0,0.0,0.0,0.0,0.0,0.0,0.0,0.0,0.0
hc2/search/exposure_5/order2/31,hc2,search,13,exposure_5,order2,31,False,False,0.3481552609783231,0.5476190476190477,0.3481552609783231,0.5476190476190477,0.3481552609783231,0.5476190476190477,0.3481552609783231,0.5476190476190477,0.3481552609783231,0.5476190476190477,0.3481552609783231,0.5476190476190477,0.3481552609783231,0.5476190476190477,0.0,0.0,0.0,0.0,0.0,0.0,0.0,0.0,0.0,0.0
hc2/confirm/clean/order1/0,hc2,confirm,33,clean,order1,0,True,False,0.4879364376452794,0.8660714285714286,0.4835559477830939,0.8469656992084432,0.4879364376452794,0.8660714285714286,0.4879364376452794,0.8660714285714286,0.4879364376452794,0.8660714285714286,0.4562967850977471,0.8095238095238095,0.3249663996485543,0.5675675675675675,-0.03163965254753226,-0.05654761904761907,-0.027259162685346783,-0.03744188968463369,-0.03163965254753226,-0.05654761904761907,-0.03163965254753226,-0.05654761904761907,-0.03163965254753226,-0.05654761904761907
hc2/confirm/clean/order1/1,hc2,confirm,45,clean,order1,1,False,False,0.0,0.43312101910828027,0.0,0.43312101910828027,0.0,0.43312101910828027,0.0,0.43312101910828027,0.0,0.43312101910828027,0.0,0.43312101910828027,0.0,0.43312101910828027,0.0,0.0,0.0,0.0,0.0,0.0,0.0,0.0,0.0,0.0
hc2/confirm/clean/order1/2,hc2,confirm,46,clean,order1,2,False,False,0.2829022122716489,0.4492753623188406,0.2829022122716489,0.4492753623188406,0.2829022122716489,0.4492753623188406,0.2829022122716489,0.4492753623188406,0.2829022122716489,0.4492753623188406,0.2829022122716489,0.4492753623188406,0.2829022122716489,0.4492753623188406,0.0,0.0,0.0,0.0,0.0,0.0,0.0,0.0,0.0,0.0
hc2/confirm/clean/order1/3,hc2,confirm,43,clean,order1,3,False,False,0.28860055072429436,0.7142857142857143,0.28860055072429436,0.7142857142857143,0.28860055072429436,0.7142857142857143,0.28860055072429436,0.7142857142857143,0.28860055072429436,0.7142857142857143,0.28860055072429436,0.7142857142857143,0.28860055072429436,0.7142857142857143,0.0,0.0,0.0,0.0,0.0,0.0,0.0,0.0,0.0,0.0
hc2/confirm/clean/order1/4,hc2,confirm,47,clean,order1,4,True,False,0.27749819791344316,0.40064102564102566,0.2377823263276059,0.34935897435897434,0.292498100503359,0.4222972972972973,0.062258666045311786,0.09935897435897435,0.28480078206906007,0.41118421052631576,0.2377823263276059,0.34935897435897434,0.20411932398630223,0.292,-0.039715871585837254,-0.05128205128205132,0.0,0.0,-0.0547157741757531,-0.07293832293832297,0.1755236602822941,0.25,-0.04701845574145416,-0.061825236167341424
hc2/confirm/clean/order1/5,hc2,confirm,37,clean,order1,5,False,False,0.007464202635339932,0.3194888178913738,0.007464202635339932,0.3194888178913738,0.007464202635339932,0.3194888178913738,0.007464202635339932,0.3194888178913738,0.007464202635339932,0.3194888178913738,0.007464202635339932,0.3194888178913738,0.007464202635339932,0.3194888178913738,0.0,0.0,0.0,0.0,0.0,0.0,0.0,0.0,0.0,0.0
hc2/confirm/clean/order1/6,hc2,confirm,41,clean,order1,6,False,False,0.4630343586349436,0.7,0.4630343586349436,0.7,0.4630343586349436,0.7,0.4630343586349436,0.7,0.4630343586349436,0.7,0.4630343586349436,0.7,0.4630343586349436,0.7,0.0,0.0,0.0,0.0,0.0,0.0,0.0,0.0,0.0,0.0
hc2/confirm/clean/order1/7,hc2,confirm,35,clean,order1,7,False,False,0.4349473714650525,0.6473988439306358,0.4349473714650525,0.6473988439306358,0.4349473714650525,0.6473988439306358,0.4349473714650525,0.6473988439306358,0.4349473714650525,0.6473988439306358,0.4349473714650525,0.6473988439306358,0.4349473714650525,0.6473988439306358,0.0,0.0,0.0,0.0,0.0,0.0,0.0,0.0,0.0,0.0
hc2/confirm/clean/order1/8,hc2,confirm,42,clean,order1,8,True,False,0.14453100422772017,0.6368715083798883,0.14453100422772017,0.6368715083798883,0.16169406097976194,0.7125,0.07888198871350816,0.3240223463687151,0.16169406097976194,0.7125,0.178032774056388,0.7456140350877193,0.04370109756209782,0.19256756756756757,0.03350176982866784,0.10874252670783102,0.03350176982866784,0.10874252670783102,0.01633871307662607,0.03311403508771926,0.09915078534287985,0.4215916887190042,0.01633871307662607,0.03311403508771926
hc2/confirm/clean/order1/9,hc2,confirm,44,clean,order1,9,False,False,0.19768644521346673,0.88,0.19768644521346673,0.88,0.19768644521346673,0.88,0.19768644521346673,0.88,0.19768644521346673,0.88,0.19768644521346673,0.88,0.19768644521346673,0.88,0.0,0.0,0.0,0.0,0.0,0.0,0.0,0.0,0.0,0.0
hc2/confirm/clean/order1/10,hc2,confirm,36,clean,order1,10,False,False,0.15255778502260603,0.3788546255506608,0.15255778502260603,0.3788546255506608,0.15255778502260603,0.3788546255506608,0.15255778502260603,0.3788546255506608,0.15255778502260603,0.3788546255506608,0.15255778502260603,0.3788546255506608,0.15255778502260603,0.3788546255506608,0.0,0.0,0.0,0.0,0.0,0.0,0.0,0.0,0.0,0.0
hc2/confirm/clean/order1/11,hc2,confirm,38,clean,order1,11,False,False,0.42410957698656293,0.5458333333333333,0.42410957698656293,0.5458333333333333,0.42410957698656293,0.5458333333333333,0.42410957698656293,0.5458333333333333,0.42410957698656293,0.5458333333333333,0.42410957698656293,0.5458333333333333,0.42410957698656293,0.5458333333333333,0.0,0.0,0.0,0.0,0.0,0.0,0.0,0.0,0.0,0.0
hc2/confirm/clean/order1/12,hc2,confirm,34,clean,order1,12,True,False,0.4781275815590261,0.638961038961039,0.45905017182101016,0.6134663341645885,0.4781275815590261,0.638961038961039,0.4781275815590261,0.638961038961039,0.541515602323296,0.7230769230769231,0.4781275815590261,0.638961038961039,0.4874015907726075,0.65,0.0,0.0,0.01907740973801597,0.02549470479645044,0.0,0.0,0.0,0.0,-0.06338802076426986,-0.08411588411588411
hc2/confirm/clean/order1/13,hc2,confirm,40,clean,order1,13,False,False,0.3951386225540649,0.6320754716981132,0.3951386225540649,0.6320754716981132,0.3951386225540649,0.6320754716981132,0.3951386225540649,0.6320754716981132,0.3951386225540649,0.6320754716981132,0.3951386225540649,0.6320754716981132,0.3951386225540649,0.6320754716981132,0.0,0.0,0.0,0.0,0.0,0.0,0.0,0.0,0.0,0.0
hc2/confirm/clean/order1/14,hc2,confirm,39,clean,order1,14,False,False,0.006778826242337238,0.8840579710144928,0.006778826242337238,0.8840579710144928,0.006778826242337238,0.8840579710144928,0.006778826242337238,0.8840579710144928,0.006778826242337238,0.8840579710144928,0.006778826242337238,0.8840579710144928,0.006778826242337238,0.8840579710144928,0.0,0.0,0.0,0.0,0.0,0.0,0.0,0.0,0.0,0.0
hc2/confirm/clean/order1/15,hc2,confirm,32,clean,order1,15,False,False,0.1353220538660425,0.3372093023255814,0.1353220538660425,0.3372093023255814,0.1353220538660425,0.3372093023255814,0.1353220538660425,0.3372093023255814,0.1353220538660425,0.3372093023255814,0.1353220538660425,0.3372093023255814,0.1353220538660425,0.3372093023255814,0.0,0.0,0.0,0.0,0.0,0.0,0.0,0.0,0.0,0.0
hc2/confirm/clean/order2/0,hc2,confirm,43,clean,order2,0,True,False,0.29854344113798825,0.7142857142857143,0.33436865407454686,0.8,0.35909351236458054,0.875,0.0,0.0,0.35909351236458054,0.875,0.2890815697023038,0.7044025157232704,0.09575826996388814,0.23333333333333334,-0.009461871435684444,-0.009883198562443907,-0.04528708437224305,-0.09559748427672965,-0.07001194266227673,-0.1705974842767296,0.2890815697023038,0.7044025157232704,-0.07001194266227673,-0.1705974842767296
hc2/confirm/clean/order2/1,hc2,confirm,46,clean,order2,1,False,False,0.27873967003834443,0.4492753623188406,0.27873967003834443,0.4492753623188406,0.27873967003834443,0.4492753623188406,0.27873967003834443,0.4492753623188406,0.27873967003834443,0.4492753623188406,0.27873967003834443,0.4492753623188406,0.27873967003834443,0.4492753623188406,0.0,0.0,0.0,0.0,0.0,0.0,0.0,0.0,0.0,0.0
hc2/confirm/clean/order2/2,hc2,confirm,38,clean,order2,2,False,False,0.41229136726978893,0.5458333333333333,0.41229136726978893,0.5458333333333333,0.41229136726978893,0.5458333333333333,0.41229136726978893,0.5458333333333333,0.41229136726978893,0.5458333333333333,0.41229136726978893,0.5458333333333333,0.41229136726978893,0.5458333333333333,0.0,0.0,0.0,0.0,0.0,0.0,0.0,0.0,0.0,0.0
hc2/confirm/clean/order2/3,hc2,confirm,40,clean,order2,3,False,False,0.39686489061665087,0.6320754716981132,0.39686489061665087,0.6320754716981132,0.39686489061665087,0.6320754716981132,0.39686489061665087,0.6320754716981132,0.39686489061665087,0.6320754716981132,0.39686489061665087,0.6320754716981132,0.39686489061665087,0.6320754716981132,0.0,0.0,0.0,0.0,0.0,0.0,0.0,0.0,0.0,0.0
hc2/confirm/clean/order2/4,hc2,confirm,34,clean,order2,4,True,False,0.473178453340399,0.638961038961039,0.45429851505250274,0.6134663341645885,0.473178453340399,0.638961038961039,0.473178453340399,0.638961038961039,0.5361966235037896,0.7230769230769231,0.473178453340399,0.638961038961039,0.48164435758912294,0.65,0.0,0.0,0.018879938287896247,0.02549470479645044,0.0,0.0,0.0,0.0,-0.06301817016339062,-0.08411588411588411
hc2/confirm/clean/order2/5,hc2,confirm,36,clean,order2,5,False,False,0.1446012917810913,0.3788546255506608,0.1446012917810913,0.3788546255506608,0.1446012917810913,0.3788546255506608,0.1446012917810913,0.3788546255506608,0.1446012917810913,0.3788546255506608,0.1446012917810913,0.3788546255506608,0.1446012917810913,0.3788546255506608,0.0,0.0,0.0,0.0,0.0,0.0,0.0,0.0,0.0,0.0
hc2/confirm/clean/order2/6,hc2,confirm,42,clean,order2,6,False,False,0.14559932415808416,0.6368715083798883,0.14559932415808416,0.6368715083798883,0.14559932415808416,0.6368715083798883,0.14559932415808416,0.6368715083798883,0.14559932415808416,0.6368715083798883,0.14559932415808416,0.6368715083798883,0.14559932415808416,0.6368715083798883,0.0,0.0,0.0,0.0,0.0,0.0,0.0,0.0,0.0,0.0
hc2/confirm/clean/order2/7,hc2,confirm,33,clean,order2,7,False,False,0.48677452199215937,0.8660714285714286,0.48677452199215937,0.8660714285714286,0.48677452199215937,0.8660714285714286,0.48677452199215937,0.8660714285714286,0.48677452199215937,0.8660714285714286,0.48677452199215937,0.8660714285714286,0.48677452199215937,0.8660714285714286,0.0,0.0,0.0,0.0,0.0,0.0,0.0,0.0,0.0,0.0
hc2/confirm/clean/order2/8,hc2,confirm,41,clean,order2,8,True,False,0.44504570791686104,0.7,0.5492973711121087,0.8423236514522822,0.46166567211292636,0.7261410788381742,0.46166567211292636,0.7261410788381742,0.46166567211292636,0.7261410788381742,0.1692295647022952,0.2987551867219917,0.22683204452663616,0.3466666666666667,-0.2758161432145658,-0.40124481327800826,-0.3800678064098135,-0.5435684647302905,-0.2924361074106312,-0.42738589211618255,-0.2924361074106312,-0.42738589211618255,-0.2924361074106312,-0.42738589211618255
hc2/confirm/clean/order2/9,hc2,confirm,47,clean,order2,9,False,False,0.27621206412578,0.40064102564102566,0.27621206412578,0.40064102564102566,0.27621206412578,0.40064102564102566,0.27621206412578,0.40064102564102566,0.27621206412578,0.40064102564102566,0.27621206412578,0.40064102564102566,0.27621206412578,0.40064102564102566,0.0,0.0,0.0,0.0,0.0,0.0,0.0,0.0,0.0,0.0
hc2/confirm/clean/order2/10,hc2,confirm,37,clean,order2,10,False,False,0.007229493266245748,0.3194888178913738,0.007229493266245748,0.3194888178913738,0.007229493266245748,0.3194888178913738,0.007229493266245748,0.3194888178913738,0.007229493266245748,0.3194888178913738,0.007229493266245748,0.3194888178913738,0.007229493266245748,0.3194888178913738,0.0,0.0,0.0,0.0,0.0,0.0,0.0,0.0,0.0,0.0
hc2/confirm/clean/order2/11,hc2,confirm,39,clean,order2,11,False,False,0.006875115874780462,0.8840579710144928,0.006875115874780462,0.8840579710144928,0.006875115874780462,0.8840579710144928,0.006875115874780462,0.8840579710144928,0.006875115874780462,0.8840579710144928,0.006875115874780462,0.8840579710144928,0.006875115874780462,0.8840579710144928,0.0,0.0,0.0,0.0,0.0,0.0,0.0,0.0,0.0,0.0
hc2/confirm/clean/order2/12,hc2,confirm,44,clean,order2,12,True,False,0.2106379332928327,0.88,0.22719617596271552,0.9411764705882353,0.2106379332928327,0.88,0.22719617596271552,0.9411764705882353,0.2106379332928327,0.88,0.22433352424893008,0.8660130718954249,0.14636216809387567,0.631578947368421,0.013695590956097375,-0.013986928104575136,-0.0028626517137854413,-0.07516339869281041,0.013695590956097375,-0.013986928104575136,-0.0028626517137854413,-0.07516339869281041,0.013695590956097375,-0.013986928104575136
hc2/confirm/clean/order2/13,hc2,confirm,32,clean,order2,13,False,False,0.13489195904192997,0.3372093023255814,0.13489195904192997,0.3372093023255814,0.13489195904192997,0.3372093023255814,0.13489195904192997,0.3372093023255814,0.13489195904192997,0.3372093023255814,0.13489195904192997,0.3372093023255814,0.13489195904192997,0.3372093023255814,0.0,0.0,0.0,0.0,0.0,0.0,0.0,0.0,0.0,0.0
hc2/confirm/clean/order2/14,hc2,confirm,45,clean,order2,14,False,False,0.00046073065612108055,0.43312101910828027,0.00046073065612108055,0.43312101910828027,0.00046073065612108055,0.43312101910828027,0.00046073065612108055,0.43312101910828027,0.00046073065612108055,0.43312101910828027,0.00046073065612108055,0.43312101910828027,0.00046073065612108055,0.43312101910828027,0.0,0.0,0.0,0.0,0.0,0.0,0.0,0.0,0.0,0.0
hc2/confirm/clean/order2/15,hc2,confirm,35,clean,order2,15,False,False,0.44099669399695846,0.6473988439306358,0.44099669399695846,0.6473988439306358,0.44099669399695846,0.6473988439306358,0.44099669399695846,0.6473988439306358,0.44099669399695846,0.6473988439306358,0.44099669399695846,0.6473988439306358,0.44099669399695846,0.6473988439306358,0.0,0.0,0.0,0.0,0.0,0.0,0.0,0.0,0.0,0.0
hc2/confirm/frame_drop_5/order1/0,hc2,confirm,33,frame_drop_5,order1,0,True,False,0.4435841027076999,0.7911764705882353,0.5132494521225921,0.9,0.4775178705087096,0.8470588235294118,0.43214497111924915,0.7707736389684814,0.4435841027076999,0.7911764705882353,0.42175547582824313,0.7559523809523809,0.0,0.0,-0.021828626879456747,-0.03522408963585433,-0.09149397629434897,-0.1440476190476191,-0.055762394680466454,-0.09110644257703082,-0.010389495291006023,-0.014821258016100458,-0.021828626879456747,-0.03522408963585433
hc2/confirm/frame_drop_5/order1/1,hc2,confirm,45,frame_drop_5,order1,1,False,False,0.0,0.34782608695652173,0.0,0.34782608695652173,0.0,0.34782608695652173,0.0,0.34782608695652173,0.0,0.34782608695652173,0.0,0.34782608695652173,0.0,0.34782608695652173,0.0,0.0,0.0,0.0,0.0,0.0,0.0,0.0,0.0,0.0
hc2/confirm/frame_drop_5/order1/2,hc2,confirm,46,frame_drop_5,order1,2,False,False,0.4986833006259963,0.7908163265306123,0.4986833006259963,0.7908163265306123,0.4986833006259963,0.7908163265306123,0.4986833006259963,0.7908163265306123,0.4986833006259963,0.7908163265306123,0.4986833006259963,0.7908163265306123,0.4986833006259963,0.7908163265306123,0.0,0.0,0.0,0.0,0.0,0.0,0.0,0.0,0.0,0.0
hc2/confirm/frame_drop_5/order1/3,hc2,confirm,43,frame_drop_5,order1,3,False,False,0.2559525693061658,0.6071428571428571,0.2559525693061658,0.6071428571428571,0.2559525693061658,0.6071428571428571,0.2559525693061658,0.6071428571428571,0.2559525693061658,0.6071428571428571,0.2559525693061658,0.6071428571428571,0.2559525693061658,0.6071428571428571,0.0,0.0,0.0,0.0,0.0,0.0,0.0,0.0,0.0,0.0
hc2/confirm/frame_drop_5/order1/4,hc2,confirm,47,frame_drop_5,order1,4,True,False,0.18983475691469553,0.31054131054131057,0.0,0.0,0.285974247541022,0.4678111587982833,0.18983475691469553,0.31054131054131057,0.285974247541022,0.4678111587982833,0.18983475691469553,0.31054131054131057,0.1890521981310256,0.292,0.0,0.0,0.18983475691469553,0.31054131054131057,-0.09613949062632648,-0.1572698482569727,0.0,0.0,-0.09613949062632648,-0.1572698482569727
hc2/confirm/frame_drop_5/order1/5,hc2,confirm,37,frame_drop_5,order1,5,False,False,0.0077395817118480256,0.3194888178913738,0.0077395817118480256,0.3194888178913738,0.0077395817118480256,0.3194888178913738,0.0077395817118480256,0.3194888178913738,0.0077395817118480256,0.3194888178913738,0.0077395817118480256,0.3194888178913738,0.0077395817118480256,0.3194888178913738,0.0,0.0,0.0,0.0,0.0,0.0,0.0,0.0,0.0,0.0
hc2/confirm/frame_drop_5/order1/6,hc2,confirm,41,frame_drop_5,order1,6,False,False,0.4737967278618264,0.7,0.4737967278618264,0.7,0.4737967278618264,0.7,0.4737967278618264,0.7,0.4737967278618264,0.7,0.4737967278618264,0.7,0.4737967278618264,0.7,0.0,0.0,0.0,0.0,0.0,0.0,0.0,0.0,0.0,0.0
hc2/confirm/frame_drop_5/order1/7,hc2,confirm,35,frame_drop_5,order1,7,False,False,0.42779294279978747,0.7133757961783439,0.42779294279978747,0.7133757961783439,0.42779294279978747,0.7133757961783439,0.42779294279978747,0.7133757961783439,0.42779294279978747,0.7133757961783439,0.42779294279978747,0.7133757961783439,0.42779294279978747,0.7133757961783439,0.0,0.0,0.0,0.0,0.0,0.0,0.0,0.0,0.0,0.0
hc2/confirm/frame_drop_5/order1/8,hc2,confirm,42,frame_drop_5,order1,8,True,False,0.1432681122391351,0.6368715083798883,0.11817968705440177,0.5253456221198156,0.1602812005675324,0.7125,0.1432681122391351,0.6368715083798883,0.1602812005675324,0.7125,0.17576844891405052,0.7456140350877193,0.044755658099136446,0.19895287958115182,0.03250033667491542,0.10874252670783102,0.05758876185964876,0.22026841296790367,0.015487248346518129,0.03311403508771926,0.03250033667491542,0.10874252670783102,0.015487248346518129,0.03311403508771926
hc2/confirm/frame_drop_5/order1/9,hc2,confirm,44,frame_drop_5,order1,9,False,False,0.19416330508987228,0.83,0.19416330508987228,0.83,0.19416330508987228,0.83,0.19416330508987228,0.83,0.19416330508987228,0.83,0.19416330508987228,0.83,0.19416330508987228,0.83,0.0,0.0,0.0,0.0,0.0,0.0,0.0,0.0,0.0,0.0
hc2/confirm/frame_drop_5/order1/10,hc2,confirm,36,frame_drop_5,order1,10,False,False,0.19024818583313086,0.35390946502057613,0.19024818583313086,0.35390946502057613,0.19024818583313086,0.35390946502057613,0.19024818583313086,0.35390946502057613,0.19024818583313086,0.35390946502057613,0.19024818583313086,0.35390946502057613,0.19024818583313086,0.35390946502057613,0.0,0.0,0.0,0.0,0.0,0.0,0.0,0.0,0.0,0.0
hc2/confirm/frame_drop_5/order1/11,hc2,confirm,38,frame_drop_5,order1,11,False,False,0.3863031049036364,0.5346938775510204,0.3863031049036364,0.5346938775510204,0.3863031049036364,0.5346938775510204,0.3863031049036364,0.5346938775510204,0.3863031049036364,0.5346938775510204,0.3863031049036364,0.5346938775510204,0.3863031049036364,0.5346938775510204,0.0,0.0,0.0,0.0,0.0,0.0,0.0,0.0,0.0,0.0
hc2/confirm/frame_drop_5/order1/12,hc2,confirm,34,frame_drop_5,order1,12,True,False,0.4742684987414024,0.638961038961039,0.5050426581862404,0.6805194805194805,0.4742684987414024,0.638961038961039,0.3282798944026793,0.43636363636363634,0.4742684987414024,0.638961038961039,0.48433255176509266,0.6525198938992043,0.48748333263108073,0.6565656565656566,0.010064053023690234,0.013558854938165332,-0.020710106421147734,-0.02799958662027624,0.010064053023690234,0.013558854938165332,0.15605265736241336,0.21615625753556794,0.010064053023690234,0.013558854938165332
hc2/confirm/frame_drop_5/order1/13,hc2,confirm,40,frame_drop_5,order1,13,False,False,0.322027026699203,0.5329341317365269,0.322027026699203,0.5329341317365269,0.322027026699203,0.5329341317365269,0.322027026699203,0.5329341317365269,0.322027026699203,0.5329341317365269,0.322027026699203,0.5329341317365269,0.322027026699203,0.5329341317365269,0.0,0.0,0.0,0.0,0.0,0.0,0.0,0.0,0.0,0.0
hc2/confirm/frame_drop_5/order1/14,hc2,confirm,39,frame_drop_5,order1,14,False,False,0.006406467013821251,0.8097345132743363,0.006406467013821251,0.8097345132743363,0.006406467013821251,0.8097345132743363,0.006406467013821251,0.8097345132743363,0.006406467013821251,0.8097345132743363,0.006406467013821251,0.8097345132743363,0.006406467013821251,0.8097345132743363,0.0,0.0,0.0,0.0,0.0,0.0,0.0,0.0,0.0,0.0
hc2/confirm/frame_drop_5/order1/15,hc2,confirm,32,frame_drop_5,order1,15,False,False,0.11203600536424405,0.224,0.11203600536424405,0.224,0.11203600536424405,0.224,0.11203600536424405,0.224,0.11203600536424405,0.224,0.11203600536424405,0.224,0.11203600536424405,0.224,0.0,0.0,0.0,0.0,0.0,0.0,0.0,0.0,0.0,0.0
hc2/confirm/frame_drop_5/order2/0,hc2,confirm,43,frame_drop_5,order2,0,True,False,0.26387439453416217,0.6071428571428571,0.277762520562276,0.6390977443609023,0.31308414075060653,0.7518796992481203,0.0,0.0,0.31308414075060653,0.7518796992481203,0.21945353099136303,0.5,0.09801938035678155,0.2398286937901499,-0.044420863542799144,-0.1071428571428571,-0.05830898957091299,-0.13909774436090228,-0.0936306097592435,-0.25187969924812026,0.21945353099136303,0.5,-0.0936306097592435,-0.25187969924812026
hc2/confirm/frame_drop_5/order2/1,hc2,confirm,46,frame_drop_5,order2,1,False,False,0.4906887733282289,0.7908163265306123,0.4906887733282289,0.7908163265306123,0.4906887733282289,0.7908163265306123,0.4906887733282289,0.7908163265306123,0.4906887733282289,0.7908163265306123,0.4906887733282289,0.7908163265306123,0.4906887733282289,0.7908163265306123,0.0,0.0,0.0,0.0,0.0,0.0,0.0,0.0,0.0,0.0
hc2/confirm/frame_drop_5/order2/2,hc2,confirm,38,frame_drop_5,order2,2,False,False,0.3782162263424916,0.5346938775510204,0.3782162263424916,0.5346938775510204,0.3782162263424916,0.5346938775510204,0.3782162263424916,0.5346938775510204,0.3782162263424916,0.5346938775510204,0.3782162263424916,0.5346938775510204,0.3782162263424916,0.5346938775510204,0.0,0.0,0.0,0.0,0.0,0.0,0.0,0.0,0.0,0.0
hc2/confirm/frame_drop_5/order2/3,hc2,confirm,40,frame_drop_5,order2,3,False,False,0.322943097796301,0.5329341317365269,0.322943097796301,0.5329341317365269,0.322943097796301,0.5329341317365269,0.322943097796301,0.5329341317365269,0.322943097796301,0.5329341317365269,0.322943097796301,0.5329341317365269,0.322943097796301,0.5329341317365269,0.0,0.0,0.0,0.0,0.0,0.0,0.0,0.0,0.0,0.0
hc2/confirm/frame_drop_5/order2/4,hc2,confirm,34,frame_drop_5,order2,4,True,False,0.47255091232646024,0.638961038961039,0.5032094031357772,0.6805194805194805,0.47255091232646024,0.638961038961039,0.3271881089623442,0.43636363636363634,0.47255091232646024,0.638961038961039,0.4825785178930695,0.6525198938992043,0.4858045854602246,0.6565656565656566,0.010027605566609255,0.013558854938165332,-0.02063088524270773,-0.02799958662027624,0.010027605566609255,0.013558854938165332,0.1553904089307253,0.21615625753556794,0.010027605566609255,0.013558854938165332
hc2/confirm/frame_drop_5/order2/5,hc2,confirm,36,frame_drop_5,order2,5,False,False,0.17906881886393286,0.35390946502057613,0.17906881886393286,0.35390946502057613,0.17906881886393286,0.35390946502057613,0.17906881886393286,0.35390946502057613,0.17906881886393286,0.35390946502057613,0.17906881886393286,0.35390946502057613,0.17906881886393286,0.35390946502057613,0.0,0.0,0.0,0.0,0.0,0.0,0.0,0.0,0.0,0.0
hc2/confirm/frame_drop_5/order2/6,hc2,confirm,42,frame_drop_5,order2,6,False,False,0.143386437549286,0.6368715083798883,0.143386437549286,0.6368715083798883,0.143386437549286,0.6368715083798883,0.143386437549286,0.6368715083798883,0.143386437549286,0.6368715083798883,0.143386437549286,0.6368715083798883,0.143386437549286,0.6368715083798883,0.0,0.0,0.0,0.0,0.0,0.0,0.0,0.0,0.0,0.0
hc2/confirm/frame_drop_5/order2/7,hc2,confirm,33,frame_drop_5,order2,7,False,False,0.4428436188706371,0.7911764705882353,0.4428436188706371,0.7911764705882353,0.4428436188706371,0.7911764705882353,0.4428436188706371,0.7911764705882353,0.4428436188706371,0.7911764705882353,0.4428436188706371,0.7911764705882353,0.4428436188706371,0.7911764705882353,0.0,0.0,0.0,0.0,0.0,0.0,0.0,0.0,0.0,0.0
hc2/confirm/frame_drop_5/order2/8,hc2,confirm,41,frame_drop_5,order2,8,True,False,0.445656171440423,0.7,0.5499961587916906,0.8423236514522822,0.46229893302948444,0.7261410788381742,0.46229893302948444,0.7261410788381742,0.46229893302948444,0.7261410788381742,0.14519411116202796,0.2572614107883817,0.22711824312338783,0.3466666666666667,-0.30046206027839506,-0.44273858921161824,-0.40480204762966265,-0.5850622406639004,-0.3171048218674565,-0.46887966804979253,-0.3171048218674565,-0.46887966804979253,-0.3171048218674565,-0.46887966804979253
hc2/confirm/frame_drop_5/order2/9,hc2,confirm,47,frame_drop_5,order2,9,False,False,0.18999231047090775,0.31054131054131057,0.18999231047090775,0.31054131054131057,0.18999231047090775,0.31054131054131057,0.18999231047090775,0.31054131054131057,0.18999231047090775,0.31054131054131057,0.18999231047090775,0.31054131054131057,0.18999231047090775,0.31054131054131057,0.0,0.0,0.0,0.0,0.0,0.0,0.0,0.0,0.0,0.0
hc2/confirm/frame_drop_5/order2/10,hc2,confirm,37,frame_drop_5,order2,10,False,False,0.007304792368948336,0.3194888178913738,0.007304792368948336,0.3194888178913738,0.007304792368948336,0.3194888178913738,0.007304792368948336,0.3194888178913738,0.007304792368948336,0.3194888178913738,0.007304792368948336,0.3194888178913738,0.007304792368948336,0.3194888178913738,0.0,0.0,0.0,0.0,0.0,0.0,0.0,0.0,0.0,0.0
hc2/confirm/frame_drop_5/order2/11,hc2,confirm,39,frame_drop_5,order2,11,False,False,0.006988220276579069,0.8097345132743363,0.006988220276579069,0.8097345132743363,0.006988220276579069,0.8097345132743363,0.006988220276579069,0.8097345132743363,0.006988220276579069,0.8097345132743363,0.006988220276579069,0.8097345132743363,0.006988220276579069,0.8097345132743363,0.0,0.0,0.0,0.0,0.0,0.0,0.0,0.0,0.0,0.0
hc2/confirm/frame_drop_5/order2/12,hc2,confirm,44,frame_drop_5,order2,12,True,False,0.2011713637346972,0.83,0.2011713637346972,0.83,0.2011713637346972,0.83,0.22785029506596735,0.9411764705882353,0.2011713637346972,0.83,0.2011713637346972,0.83,0.0,0.0,0.0,0.0,0.0,0.0,0.0,0.0,-0.02667893133127014,-0.11117647058823532,0.0,0.0
hc2/confirm/frame_drop_5/order2/13,hc2,confirm,32,frame_drop_5,order2,13,False,False,0.11412100592607907,0.224,0.11412100592607907,0.224,0.11412100592607907,0.224,0.11412100592607907,0.224,0.11412100592607907,0.224,0.11412100592607907,0.224,0.11412100592607907,0.224,0.0,0.0,0.0,0.0,0.0,0.0,0.0,0.0,0.0,0.0
hc2/confirm/frame_drop_5/order2/14,hc2,confirm,45,frame_drop_5,order2,14,False,False,7.356467988790463e-05,0.34782608695652173,7.356467988790463e-05,0.34782608695652173,7.356467988790463e-05,0.34782608695652173,7.356467988790463e-05,0.34782608695652173,7.356467988790463e-05,0.34782608695652173,7.356467988790463e-05,0.34782608695652173,7.356467988790463e-05,0.34782608695652173,0.0,0.0,0.0,0.0,0.0,0.0,0.0,0.0,0.0,0.0
hc2/confirm/frame_drop_5/order2/15,hc2,confirm,35,frame_drop_5,order2,15,False,False,0.4285235002123405,0.7133757961783439,0.4285235002123405,0.7133757961783439,0.4285235002123405,0.7133757961783439,0.4285235002123405,0.7133757961783439,0.4285235002123405,0.7133757961783439,0.4285235002123405,0.7133757961783439,0.4285235002123405,0.7133757961783439,0.0,0.0,0.0,0.0,0.0,0.0,0.0,0.0,0.0,0.0
hc2/confirm/frame_freeze_5/order1/0,hc2,confirm,33,frame_freeze_5,order1,0,True,False,0.5417819273981097,0.9523809523809523,0.4910743634988857,0.8629032258064516,0.5417819273981097,0.9523809523809523,0.5417819273981097,0.9523809523809523,0.5417819273981097,0.9523809523809523,0.510140161947662,0.8958333333333334,0.3239737530345693,0.5675675675675675,-0.03164176545044772,-0.05654761904761896,0.01906579844877626,0.03293010752688175,-0.03164176545044772,-0.05654761904761896,-0.03164176545044772,-0.05654761904761896,-0.03164176545044772,-0.05654761904761896
hc2/confirm/frame_freeze_5/order1/1,hc2,confirm,45,frame_freeze_5,order1,1,False,False,0.0,0.4133738601823708,0.0,0.4133738601823708,0.0,0.4133738601823708,0.0,0.4133738601823708,0.0,0.4133738601823708,0.0,0.4133738601823708,0.0,0.4133738601823708,0.0,0.0,0.0,0.0,0.0,0.0,0.0,0.0,0.0,0.0
hc2/confirm/frame_freeze_5/order1/2,hc2,confirm,46,frame_freeze_5,order1,2,False,False,0.32751492857771036,0.5201342281879194,0.32751492857771036,0.5201342281879194,0.32751492857771036,0.5201342281879194,0.32751492857771036,0.5201342281879194,0.32751492857771036,0.5201342281879194,0.32751492857771036,0.5201342281879194,0.32751492857771036,0.5201342281879194,0.0,0.0,0.0,0.0,0.0,0.0,0.0,0.0,0.0,0.0
hc2/confirm/frame_freeze_5/order1/3,hc2,confirm,43,frame_freeze_5,order1,3,False,False,0.2882722750473291,0.7142857142857143,0.2882722750473291,0.7142857142857143,0.2882722750473291,0.7142857142857143,0.2882722750473291,0.7142857142857143,0.2882722750473291,0.7142857142857143,0.2882722750473291,0.7142857142857143,0.2882722750473291,0.7142857142857143,0.0,0.0,0.0,0.0,0.0,0.0,0.0,0.0,0.0,0.0
hc2/confirm/frame_freeze_5/order1/4,hc2,confirm,47,frame_freeze_5,order1,4,True,False,0.2842164192608989,0.41118421052631576,0.2434818148613472,0.35855263157894735,0.2842164192608989,0.41118421052631576,0.06373197393677124,0.10197368421052631,0.2842164192608989,0.41118421052631576,0.2434818148613472,0.35855263157894735,0.20371587873127067,0.292,-0.040734604399551705,-0.05263157894736842,0.0,0.0,-0.040734604399551705,-0.05263157894736842,0.17974984092457597,0.256578947368421,-0.040734604399551705,-0.05263157894736842
hc2/confirm/frame_freeze_5/order1/5,hc2,confirm,37,frame_freeze_5,order1,5,False,False,0.00814535064156274,0.33557046979865773,0.00814535064156274,0.33557046979865773,0.00814535064156274,0.33557046979865773,0.00814535064156274,0.33557046979865773,0.00814535064156274,0.33557046979865773,0.00814535064156274,0.33557046979865773,0.00814535064156274,0.33557046979865773,0.0,0.0,0.0,0.0,0.0,0.0,0.0,0.0,0.0,0.0
hc2/confirm/frame_freeze_5/order1/6,hc2,confirm,41,frame_freeze_5,order1,6,False,False,0.47236299550617733,0.7,0.47236299550617733,0.7,0.47236299550617733,0.7,0.47236299550617733,0.7,0.47236299550617733,0.7,0.47236299550617733,0.7,0.47236299550617733,0.7,0.0,0.0,0.0,0.0,0.0,0.0,0.0,0.0,0.0,0.0
hc2/confirm/frame_freeze_5/order1/7,hc2,confirm,35,frame_freeze_5,order1,7,False,False,0.43964674143736876,0.6473988439306358,0.43964674143736876,0.6473988439306358,0.43964674143736876,0.6473988439306358,0.43964674143736876,0.6473988439306358,0.43964674143736876,0.6473988439306358,0.43964674143736876,0.6473988439306358,0.43964674143736876,0.6473988439306358,0.0,0.0,0.0,0.0,0.0,0.0,0.0,0.0,0.0,0.0
hc2/confirm/frame_freeze_5/order1/8,hc2,confirm,42,frame_freeze_5,order1,8,True,False,0.1453811335537599,0.6368715083798883,0.1453811335537599,0.6368715083798883,0.1626451431632689,0.7125,0.1453811335537599,0.6368715083798883,0.1626451431632689,0.7125,0.1790853063970332,0.7456140350877193,0.04395814680088348,0.19256756756756757,0.03370417284327332,0.10874252670783102,0.03370417284327332,0.10874252670783102,0.01644016323376432,0.03311403508771926,0.03370417284327332,0.10874252670783102,0.01644016323376432,0.03311403508771926
hc2/confirm/frame_freeze_5/order1/9,hc2,confirm,44,frame_freeze_5,order1,9,False,False,0.19728692123096503,0.88,0.19728692123096503,0.88,0.19728692123096503,0.88,0.19728692123096503,0.88,0.19728692123096503,0.88,0.19728692123096503,0.88,0.19728692123096503,0.88,0.0,0.0,0.0,0.0,0.0,0.0,0.0,0.0,0.0,0.0
hc2/confirm/frame_freeze_5/order1/10,hc2,confirm,36,frame_freeze_5,order1,10,False,False,0.16717227107428265,0.3788546255506608,0.16717227107428265,0.3788546255506608,0.16717227107428265,0.3788546255506608,0.16717227107428265,0.3788546255506608,0.16717227107428265,0.3788546255506608,0.16717227107428265,0.3788546255506608,0.16717227107428265,0.3788546255506608,0.0,0.0,0.0,0.0,0.0,0.0,0.0,0.0,0.0,0.0
hc2/confirm/frame_freeze_5/order1/11,hc2,confirm,38,frame_freeze_5,order1,11,False,False,0.42152052516121075,0.5458333333333333,0.42152052516121075,0.5458333333333333,0.42152052516121075,0.5458333333333333,0.42152052516121075,0.5458333333333333,0.42152052516121075,0.5458333333333333,0.42152052516121075,0.5458333333333333,0.42152052516121075,0.5458333333333333,0.0,0.0,0.0,0.0,0.0,0.0,0.0,0.0,0.0,0.0
hc2/confirm/frame_freeze_5/order1/12,hc2,confirm,34,frame_freeze_5,order1,12,True,False,0.47486191065532657,0.638961038961039,0.4651955104384242,0.6259541984732825,0.47486191065532657,0.638961038961039,0.47486191065532657,0.638961038961039,0.47486191065532657,0.638961038961039,0.47486191065532657,0.638961038961039,0.4833309822756275,0.65,0.0,0.0,0.009666400216902349,0.013006840487756466,0.0,0.0,0.0,0.0,0.0,0.0
hc2/confirm/frame_freeze_5/order1/13,hc2,confirm,40,frame_freeze_5,order1,13,False,False,0.3956501102870612,0.6320754716981132,0.3956501102870612,0.6320754716981132,0.3956501102870612,0.6320754716981132,0.3956501102870612,0.6320754716981132,0.3956501102870612,0.6320754716981132,0.3956501102870612,0.6320754716981132,0.3956501102870612,0.6320754716981132,0.0,0.0,0.0,0.0,0.0,0.0,0.0,0.0,0.0,0.0
hc2/confirm/frame_freeze_5/order1/14,hc2,confirm,39,frame_freeze_5,order1,14,False,False,0.005550980005647191,0.8840579710144928,0.005550980005647191,0.8840579710144928,0.005550980005647191,0.8840579710144928,0.005550980005647191,0.8840579710144928,0.005550980005647191,0.8840579710144928,0.005550980005647191,0.8840579710144928,0.005550980005647191,0.8840579710144928,0.0,0.0,0.0,0.0,0.0,0.0,0.0,0.0,0.0,0.0
hc2/confirm/frame_freeze_5/order1/15,hc2,confirm,32,frame_freeze_5,order1,15,False,False,0.12526346963237195,0.30933333333333335,0.12526346963237195,0.30933333333333335,0.12526346963237195,0.30933333333333335,0.12526346963237195,0.30933333333333335,0.12526346963237195,0.30933333333333335,0.12526346963237195,0.30933333333333335,0.12526346963237195,0.30933333333333335,0.0,0.0,0.0,0.0,0.0,0.0,0.0,0.0,0.0,0.0
hc2/confirm/frame_freeze_5/order2/0,hc2,confirm,43,frame_freeze_5,order2,0,True,False,0.2980933829657836,0.7142857142857143,0.31378250838503535,0.7518796992481203,0.3585431772327239,0.875,0.0,0.0,0.3585431772327239,0.875,0.288638532615023,0.7044025157232704,0.09827307641496501,0.2398286937901499,-0.009454850350760602,-0.009883198562443907,-0.025143975770012372,-0.047477183524849864,-0.0699046446177009,-0.1705974842767296,0.288638532615023,0.7044025157232704,-0.0699046446177009,-0.1705974842767296
hc2/confirm/frame_freeze_5/order2/1,hc2,confirm,46,frame_freeze_5,order2,1,False,False,0.32273695568597427,0.5201342281879194,0.32273695568597427,0.5201342281879194,0.32273695568597427,0.5201342281879194,0.32273695568597427,0.5201342281879194,0.32273695568597427,0.5201342281879194,0.32273695568597427,0.5201342281879194,0.32273695568597427,0.5201342281879194,0.0,0.0,0.0,0.0,0.0,0.0,0.0,0.0,0.0,0.0
hc2/confirm/frame_freeze_5/order2/2,hc2,confirm,38,frame_freeze_5,order2,2,False,False,0.41401021994502213,0.5458333333333333,0.41401021994502213,0.5458333333333333,0.41401021994502213,0.5458333333333333,0.41401021994502213,0.5458333333333333,0.41401021994502213,0.5458333333333333,0.41401021994502213,0.5458333333333333,0.41401021994502213,0.5458333333333333,0.0,0.0,0.0,0.0,0.0,0.0,0.0,0.0,0.0,0.0
hc2/confirm/frame_freeze_5/order2/3,hc2,confirm,40,frame_freeze_5,order2,3,False,False,0.39647881956998066,0.6320754716981132,0.39647881956998066,0.6320754716981132,0.39647881956998066,0.6320754716981132,0.39647881956998066,0.6320754716981132,0.39647881956998066,0.6320754716981132,0.39647881956998066,0.6320754716981132,0.39647881956998066,0.6320754716981132,0.0,0.0,0.0,0.0,0.0,0.0,0.0,0.0,0.0,0.0
hc2/confirm/frame_freeze_5/order2/4,hc2,confirm,34,frame_freeze_5,order2,4,True,False,0.4734836685211269,0.638961038961039,0.46384532412375024,0.6259541984732825,0.4734836685211269,0.638961038961039,0.4734836685211269,0.638961038961039,0.4734836685211269,0.638961038961039,0.4734836685211269,0.638961038961039,0.4819959877945125,0.65,0.0,0.0,0.009638344397376652,0.013006840487756466,0.0,0.0,0.0,0.0,0.0,0.0
hc2/confirm/frame_freeze_5/order2/5,hc2,confirm,36,frame_freeze_5,order2,5,False,False,0.1567801105468721,0.3788546255506608,0.1567801105468721,0.3788546255506608,0.1567801105468721,0.3788546255506608,0.1567801105468721,0.3788546255506608,0.1567801105468721,0.3788546255506608,0.1567801105468721,0.3788546255506608,0.1567801105468721,0.3788546255506608,0.0,0.0,0.0,0.0,0.0,0.0,0.0,0.0,0.0,0.0
hc2/confirm/frame_freeze_5/order2/6,hc2,confirm,42,frame_freeze_5,order2,6,False,False,0.14576985927559785,0.6368715083798883,0.14576985927559785,0.6368715083798883,0.14576985927559785,0.6368715083798883,0.14576985927559785,0.6368715083798883,0.14576985927559785,0.6368715083798883,0.14576985927559785,0.6368715083798883,0.14576985927559785,0.6368715083798883,0.0,0.0,0.0,0.0,0.0,0.0,0.0,0.0,0.0,0.0
hc2/confirm/frame_freeze_5/order2/7,hc2,confirm,33,frame_freeze_5,order2,7,False,False,0.5401843155353738,0.9523809523809523,0.5401843155353738,0.9523809523809523,0.5401843155353738,0.9523809523809523,0.5401843155353738,0.9523809523809523,0.5401843155353738,0.9523809523809523,0.5401843155353738,0.9523809523809523,0.5401843155353738,0.9523809523809523,0.0,0.0,0.0,0.0,0.0,0.0,0.0,0.0,0.0,0.0
hc2/confirm/frame_freeze_5/order2/8,hc2,confirm,41,frame_freeze_5,order2,8,True,False,0.44483357006052004,0.7,0.5490396899272731,0.8423236514522822,0.4614456120959752,0.7261410788381742,0.4614456120959752,0.7261410788381742,0.4614456120959752,0.7261410788381742,0.1450101390323497,0.2572614107883817,0.22672481723910276,0.3466666666666667,-0.29982343102817033,-0.44273858921161824,-0.40402955089492343,-0.5850622406639004,-0.3164354730636255,-0.46887966804979253,-0.3164354730636255,-0.46887966804979253,-0.3164354730636255,-0.46887966804979253
hc2/confirm/frame_freeze_5/order2/9,hc2,confirm,47,frame_freeze_5,order2,9,False,False,0.2826502877762178,0.41118421052631576,0.2826502877762178,0.41118421052631576,0.2826502877762178,0.41118421052631576,0.2826502877762178,0.41118421052631576,0.2826502877762178,0.41118421052631576,0.2826502877762178,0.41118421052631576,0.2826502877762178,0.41118421052631576,0.0,0.0,0.0,0.0,0.0,0.0,0.0,0.0,0.0,0.0
hc2/confirm/frame_freeze_5/order2/10,hc2,confirm,37,frame_freeze_5,order2,10,False,False,0.007603844368750052,0.33557046979865773,0.007603844368750052,0.33557046979865773,0.007603844368750052,0.33557046979865773,0.007603844368750052,0.33557046979865773,0.007603844368750052,0.33557046979865773,0.007603844368750052,0.33557046979865773,0.007603844368750052,0.33557046979865773,0.0,0.0,0.0,0.0,0.0,0.0,0.0,0.0,0.0,0.0
hc2/confirm/frame_freeze_5/order2/11,hc2,confirm,39,frame_freeze_5,order2,11,False,False,0.008572904269308653,0.8840579710144928,0.008572904269308653,0.8840579710144928,0.008572904269308653,0.8840579710144928,0.008572904269308653,0.8840579710144928,0.008572904269308653,0.8840579710144928,0.008572904269308653,0.8840579710144928,0.008572904269308653,0.8840579710144928,0.0,0.0,0.0,0.0,0.0,0.0,0.0,0.0,0.0,0.0
hc2/confirm/frame_freeze_5/order2/12,hc2,confirm,44,frame_freeze_5,order2,12,True,False,0.21474692975980683,0.88,0.23122259170189668,0.9411764705882353,0.21474692975980683,0.88,0.23122259170189668,0.9411764705882353,0.21474692975980683,0.88,0.22811484030183204,0.8660130718954249,0.14895602749637976,0.631578947368421,0.013367910542025213,-0.013986928104575136,-0.00310775140006464,-0.07516339869281041,0.013367910542025213,-0.013986928104575136,-0.00310775140006464,-0.07516339869281041,0.013367910542025213,-0.013986928104575136
hc2/confirm/frame_freeze_5/order2/13,hc2,confirm,32,frame_freeze_5,order2,13,False,False,0.1320256266688347,0.30933333333333335,0.1320256266688347,0.30933333333333335,0.1320256266688347,0.30933333333333335,0.1320256266688347,0.30933333333333335,0.1320256266688347,0.30933333333333335,0.1320256266688347,0.30933333333333335,0.1320256266688347,0.30933333333333335,0.0,0.0,0.0,0.0,0.0,0.0,0.0,0.0,0.0,0.0
hc2/confirm/frame_freeze_5/order2/14,hc2,confirm,45,frame_freeze_5,order2,14,False,False,0.0005557938713144816,0.4133738601823708,0.0005557938713144816,0.4133738601823708,0.0005557938713144816,0.4133738601823708,0.0005557938713144816,0.4133738601823708,0.0005557938713144816,0.4133738601823708,0.0005557938713144816,0.4133738601823708,0.0005557938713144816,0.4133738601823708,0.0,0.0,0.0,0.0,0.0,0.0,0.0,0.0,0.0,0.0
hc2/confirm/frame_freeze_5/order2/15,hc2,confirm,35,frame_freeze_5,order2,15,False,False,0.44421346095290604,0.6473988439306358,0.44421346095290604,0.6473988439306358,0.44421346095290604,0.6473988439306358,0.44421346095290604,0.6473988439306358,0.44421346095290604,0.6473988439306358,0.44421346095290604,0.6473988439306358,0.44421346095290604,0.6473988439306358,0.0,0.0,0.0,0.0,0.0,0.0,0.0,0.0,0.0,0.0
hc2/confirm/motion_blur_5/order1/0,hc2,confirm,33,motion_blur_5,order1,0,True,False,0.44344673113062355,0.7911764705882353,0.5383680324566191,0.9294117647058824,0.44344673113062355,0.7911764705882353,0.4320111420756791,0.7707736389684814,0.4320111420756791,0.7707736389684814,0.4216202466376016,0.7559523809523809,0.0,0.0,-0.021826484493021936,-0.03522408963585433,-0.11674778581901751,-0.17345938375350145,-0.021826484493021936,-0.03522408963585433,-0.010390895438077474,-0.014821258016100458,-0.010390895438077474,-0.014821258016100458
hc2/confirm/motion_blur_5/order1/1,hc2,confirm,45,motion_blur_5,order1,1,False,False,0.0,0.3617021276595745,0.0,0.3617021276595745,0.0,0.3617021276595745,0.0,0.3617021276595745,0.0,0.3617021276595745,0.0,0.3617021276595745,0.0,0.3617021276595745,0.0,0.0,0.0,0.0,0.0,0.0,0.0,0.0,0.0,0.0
hc2/confirm/motion_blur_5/order1/2,hc2,confirm,46,motion_blur_5,order1,2,False,False,0.49864620053966485,0.7908163265306123,0.49864620053966485,0.7908163265306123,0.49864620053966485,0.7908163265306123,0.49864620053966485,0.7908163265306123,0.49864620053966485,0.7908163265306123,0.49864620053966485,0.7908163265306123,0.49864620053966485,0.7908163265306123,0.0,0.0,0.0,0.0,0.0,0.0,0.0,0.0,0.0,0.0
hc2/confirm/motion_blur_5/order1/3,hc2,confirm,43,motion_blur_5,order1,3,False,False,0.2888678097475903,0.7142857142857143,0.2888678097475903,0.7142857142857143,0.2888678097475903,0.7142857142857143,0.2888678097475903,0.7142857142857143,0.2888678097475903,0.7142857142857143,0.2888678097475903,0.7142857142857143,0.2888678097475903,0.7142857142857143,0.0,0.0,0.0,0.0,0.0,0.0,0.0,0.0,0.0,0.0
hc2/confirm/motion_blur_5/order1/4,hc2,confirm,47,motion_blur_5,order1,4,True,False,0.2090601744817014,0.31054131054131057,0.0,0.0,0.314936142674151,0.4678111587982833,0.2090601744817014,0.31054131054131057,0.314936142674151,0.4678111587982833,0.2090601744817014,0.31054131054131057,0.20272130820566975,0.292,0.0,0.0,0.2090601744817014,0.31054131054131057,-0.1058759681924496,-0.1572698482569727,0.0,0.0,-0.1058759681924496,-0.1572698482569727
hc2/confirm/motion_blur_5/order1/5,hc2,confirm,37,motion_blur_5,order1,5,False,False,0.007508534056537692,0.3194888178913738,0.007508534056537692,0.3194888178913738,0.007508534056537692,0.3194888178913738,0.007508534056537692,0.3194888178913738,0.007508534056537692,0.3194888178913738,0.007508534056537692,0.3194888178913738,0.007508534056537692,0.3194888178913738,0.0,0.0,0.0,0.0,0.0,0.0,0.0,0.0,0.0,0.0
hc2/confirm/motion_blur_5/order1/6,hc2,confirm,41,motion_blur_5,order1,6,False,False,0.48637301152426743,0.7261410788381742,0.48637301152426743,0.7261410788381742,0.48637301152426743,0.7261410788381742,0.48637301152426743,0.7261410788381742,0.48637301152426743,0.7261410788381742,0.48637301152426743,0.7261410788381742,0.48637301152426743,0.7261410788381742,0.0,0.0,0.0,0.0,0.0,0.0,0.0,0.0,0.0,0.0
hc2/confirm/motion_blur_5/order1/7,hc2,confirm,35,motion_blur_5,order1,7,False,False,0.44688763986802615,0.6473988439306358,0.44688763986802615,0.6473988439306358,0.44688763986802615,0.6473988439306358,0.44688763986802615,0.6473988439306358,0.44688763986802615,0.6473988439306358,0.44688763986802615,0.6473988439306358,0.44688763986802615,0.6473988439306358,0.0,0.0,0.0,0.0,0.0,0.0,0.0,0.0,0.0,0.0
hc2/confirm/motion_blur_5/order1/8,hc2,confirm,42,motion_blur_5,order1,8,True,False,0.14339395478510333,0.6368715083798883,0.1182834926568364,0.5253456221198156,0.16042198691583437,0.7125,0.14339395478510333,0.6368715083798883,0.16042198691583437,0.7125,0.17617659238573494,0.7456140350877193,0.043357293761036315,0.19256756756756757,0.0327826376006316,0.10874252670783102,0.05789309972889854,0.22026841296790367,0.015754605469900568,0.03311403508771926,0.0327826376006316,0.10874252670783102,0.015754605469900568,0.03311403508771926
hc2/confirm/motion_blur_5/order1/9,hc2,confirm,44,motion_blur_5,order1,9,False,False,0.19396192019256472,0.83,0.19396192019256472,0.83,0.19396192019256472,0.83,0.19396192019256472,0.83,0.19396192019256472,0.83,0.19396192019256472,0.83,0.19396192019256472,0.83,0.0,0.0,0.0,0.0,0.0,0.0,0.0,0.0,0.0,0.0
hc2/confirm/motion_blur_5/order1/10,hc2,confirm,36,motion_blur_5,order1,10,False,False,0.16908818816297422,0.35390946502057613,0.16908818816297422,0.35390946502057613,0.16908818816297422,0.35390946502057613,0.16908818816297422,0.35390946502057613,0.16908818816297422,0.35390946502057613,0.16908818816297422,0.35390946502057613,0.16908818816297422,0.35390946502057613,0.0,0.0,0.0,0.0,0.0,0.0,0.0,0.0,0.0,0.0
hc2/confirm/motion_blur_5/order1/11,hc2,confirm,38,motion_blur_5,order1,11,False,False,0.43070516557605926,0.5670995670995671,0.43070516557605926,0.5670995670995671,0.43070516557605926,0.5670995670995671,0.43070516557605926,0.5670995670995671,0.43070516557605926,0.5670995670995671,0.43070516557605926,0.5670995670995671,0.43070516557605926,0.5670995670995671,0.0,0.0,0.0,0.0,0.0,0.0,0.0,0.0,0.0,0.0
hc2/confirm/motion_blur_5/order1/12,hc2,confirm,34,motion_blur_5,order1,12,True,False,0.47614711247430863,0.638961038961039,0.5070925973177497,0.6805194805194805,0.47614711247430863,0.638961038961039,0.47614711247430863,0.638961038961039,0.47614711247430863,0.638961038961039,0.48625102998039477,0.6525198938992043,0.4848399997533262,0.65,0.010103917506086135,0.013558854938165332,-0.020841567337354927,-0.02799958662027624,0.010103917506086135,0.013558854938165332,0.010103917506086135,0.013558854938165332,0.010103917506086135,0.013558854938165332
hc2/confirm/motion_blur_5/order1/13,hc2,confirm,40,motion_blur_5,order1,13,False,False,0.35721410876668225,0.5778443113772455,0.35721410876668225,0.5778443113772455,0.35721410876668225,0.5778443113772455,0.35721410876668225,0.5778443113772455,0.35721410876668225,0.5778443113772455,0.35721410876668225,0.5778443113772455,0.35721410876668225,0.5778443113772455,0.0,0.0,0.0,0.0,0.0,0.0,0.0,0.0,0.0,0.0
hc2/confirm/motion_blur_5/order1/14,hc2,confirm,39,motion_blur_5,order1,14,False,False,0.005486034727558632,0.8097345132743363,0.005486034727558632,0.8097345132743363,0.005486034727558632,0.8097345132743363,0.005486034727558632,0.8097345132743363,0.005486034727558632,0.8097345132743363,0.005486034727558632,0.8097345132743363,0.005486034727558632,0.8097345132743363,0.0,0.0,0.0,0.0,0.0,0.0,0.0,0.0,0.0,0.0
hc2/confirm/motion_blur_5/order1/15,hc2,confirm,32,motion_blur_5,order1,15,False,False,0.12388905239201012,0.26666666666666666,0.12388905239201012,0.26666666666666666,0.12388905239201012,0.26666666666666666,0.12388905239201012,0.26666666666666666,0.12388905239201012,0.26666666666666666,0.12388905239201012,0.26666666666666666,0.12388905239201012,0.26666666666666666,0.0,0.0,0.0,0.0,0.0,0.0,0.0,0.0,0.0,0.0
hc2/confirm/motion_blur_5/order2/0,hc2,confirm,43,motion_blur_5,order2,0,True,False,0.2979797553426441,0.7142857142857143,0.3337373259837614,0.8,0.3584158068238728,0.875,0.0,0.0,0.3584158068238728,0.875,0.2885359954305391,0.7044025157232704,0.09557754848636608,0.23333333333333334,-0.009443759912104999,-0.009883198562443907,-0.045201330553222285,-0.09559748427672965,-0.06987981139333371,-0.1705974842767296,0.2885359954305391,0.7044025157232704,-0.06987981139333371,-0.1705974842767296
hc2/confirm/motion_blur_5/order2/1,hc2,confirm,46,motion_blur_5,order2,1,False,False,0.4907817862428255,0.7908163265306123,0.4907817862428255,0.7908163265306123,0.4907817862428255,0.7908163265306123,0.4907817862428255,0.7908163265306123,0.4907817862428255,0.7908163265306123,0.4907817862428255,0.7908163265306123,0.4907817862428255,0.7908163265306123,0.0,0.0,0.0,0.0,0.0,0.0,0.0,0.0,0.0,0.0
hc2/confirm/motion_blur_5/order2/2,hc2,confirm,38,motion_blur_5,order2,2,False,False,0.4209297413902541,0.5670995670995671,0.4209297413902541,0.5670995670995671,0.4209297413902541,0.5670995670995671,0.4209297413902541,0.5670995670995671,0.4209297413902541,0.5670995670995671,0.4209297413902541,0.5670995670995671,0.4209297413902541,0.5670995670995671,0.0,0.0,0.0,0.0,0.0,0.0,0.0,0.0,0.0,0.0
hc2/confirm/motion_blur_5/order2/3,hc2,confirm,40,motion_blur_5,order2,3,False,False,0.3588354574703707,0.5778443113772455,0.3588354574703707,0.5778443113772455,0.3588354574703707,0.5778443113772455,0.3588354574703707,0.5778443113772455,0.3588354574703707,0.5778443113772455,0.3588354574703707,0.5778443113772455,0.3588354574703707,0.5778443113772455,0.0,0.0,0.0,0.0,0.0,0.0,0.0,0.0,0.0,0.0
hc2/confirm/motion_blur_5/order2/4,hc2,confirm,34,motion_blur_5,order2,4,True,False,0.47277000166710503,0.638961038961039,0.5034506992517647,0.6805194805194805,0.47277000166710503,0.638961038961039,0.47277000166710503,0.638961038961039,0.47277000166710503,0.638961038961039,0.48280225634439106,0.6525198938992043,0.48121134504323737,0.65,0.010032254677286023,0.013558854938165332,-0.02064844290737361,-0.02799958662027624,0.010032254677286023,0.013558854938165332,0.010032254677286023,0.013558854938165332,0.010032254677286023,0.013558854938165332
hc2/confirm/motion_blur_5/order2/5,hc2,confirm,36,motion_blur_5,order2,5,False,False,0.16074125821024793,0.35390946502057613,0.16074125821024793,0.35390946502057613,0.16074125821024793,0.35390946502057613,0.16074125821024793,0.35390946502057613,0.16074125821024793,0.35390946502057613,0.16074125821024793,0.35390946502057613,0.16074125821024793,0.35390946502057613,0.0,0.0,0.0,0.0,0.0,0.0,0.0,0.0,0.0,0.0
hc2/confirm/motion_blur_5/order2/6,hc2,confirm,42,motion_blur_5,order2,6,False,False,0.14427026299878146,0.6368715083798883,0.14427026299878146,0.6368715083798883,0.14427026299878146,0.6368715083798883,0.14427026299878146,0.6368715083798883,0.14427026299878146,0.6368715083798883,0.14427026299878146,0.6368715083798883,0.14427026299878146,0.6368715083798883,0.0,0.0,0.0,0.0,0.0,0.0,0.0,0.0,0.0,0.0
hc2/confirm/motion_blur_5/order2/7,hc2,confirm,33,motion_blur_5,order2,7,False,False,0.4427864210248183,0.7911764705882353,0.4427864210248183,0.7911764705882353,0.4427864210248183,0.7911764705882353,0.4427864210248183,0.7911764705882353,0.4427864210248183,0.7911764705882353,0.4427864210248183,0.7911764705882353,0.4427864210248183,0.7911764705882353,0.0,0.0,0.0,0.0,0.0,0.0,0.0,0.0,0.0,0.0
hc2/confirm/motion_blur_5/order2/8,hc2,confirm,41,motion_blur_5,order2,8,True,False,0.4618509321743684,0.7261410788381742,0.5494911844891555,0.8423236514522822,0.4891587152573084,0.7634854771784232,0.4618509321743684,0.7261410788381742,0.4618509321743684,0.7261410788381742,0.1692845922460038,0.2987551867219917,0.22691138801908692,0.3466666666666667,-0.29256633992836456,-0.42738589211618255,-0.3802065922431517,-0.5435684647302905,-0.3198741230113046,-0.4647302904564315,-0.29256633992836456,-0.42738589211618255,-0.29256633992836456,-0.42738589211618255
hc2/confirm/motion_blur_5/order2/9,hc2,confirm,47,motion_blur_5,order2,9,False,False,0.20802552199317081,0.31054131054131057,0.20802552199317081,0.31054131054131057,0.20802552199317081,0.31054131054131057,0.20802552199317081,0.31054131054131057,0.20802552199317081,0.31054131054131057,0.20802552199317081,0.31054131054131057,0.20802552199317081,0.31054131054131057,0.0,0.0,0.0,0.0,0.0,0.0,0.0,0.0,0.0,0.0
hc2/confirm/motion_blur_5/order2/10,hc2,confirm,37,motion_blur_5,order2,10,False,False,0.007212309539425743,0.3194888178913738,0.007212309539425743,0.3194888178913738,0.007212309539425743,0.3194888178913738,0.007212309539425743,0.3194888178913738,0.007212309539425743,0.3194888178913738,0.007212309539425743,0.3194888178913738,0.007212309539425743,0.3194888178913738,0.0,0.0,0.0,0.0,0.0,0.0,0.0,0.0,0.0,0.0
hc2/confirm/motion_blur_5/order2/11,hc2,confirm,39,motion_blur_5,order2,11,False,False,0.0064521826201208035,0.8097345132743363,0.0064521826201208035,0.8097345132743363,0.0064521826201208035,0.8097345132743363,0.0064521826201208035,0.8097345132743363,0.0064521826201208035,0.8097345132743363,0.0064521826201208035,0.8097345132743363,0.0064521826201208035,0.8097345132743363,0.0,0.0,0.0,0.0,0.0,0.0,0.0,0.0,0.0,0.0
hc2/confirm/motion_blur_5/order2/12,hc2,confirm,44,motion_blur_5,order2,12,True,False,0.1975888924632925,0.83,0.21117210619536478,0.88,0.1975888924632925,0.83,0.22871875408824277,0.9411764705882353,0.1975888924632925,0.83,0.1975888924632925,0.83,0.14734302894947854,0.631578947368421,0.0,0.0,-0.013583213732072275,-0.050000000000000044,0.0,0.0,-0.031129861624950267,-0.11117647058823532,0.0,0.0
hc2/confirm/motion_blur_5/order2/13,hc2,confirm,32,motion_blur_5,order2,13,False,False,0.11122231974302986,0.26666666666666666,0.11122231974302986,0.26666666666666666,0.11122231974302986,0.26666666666666666,0.11122231974302986,0.26666666666666666,0.11122231974302986,0.26666666666666666,0.11122231974302986,0.26666666666666666,0.11122231974302986,0.26666666666666666,0.0,0.0,0.0,0.0,0.0,0.0,0.0,0.0,0.0,0.0
hc2/confirm/motion_blur_5/order2/14,hc2,confirm,45,motion_blur_5,order2,14,False,False,6.644213863535917e-05,0.3617021276595745,6.644213863535917e-05,0.3617021276595745,6.644213863535917e-05,0.3617021276595745,6.644213863535917e-05,0.3617021276595745,6.644213863535917e-05,0.3617021276595745,6.644213863535917e-05,0.3617021276595745,6.644213863535917e-05,0.3617021276595745,0.0,0.0,0.0,0.0,0.0,0.0,0.0,0.0,0.0,0.0
hc2/confirm/motion_blur_5/order2/15,hc2,confirm,35,motion_blur_5,order2,15,False,False,0.4536060805362419,0.6473988439306358,0.4536060805362419,0.6473988439306358,0.4536060805362419,0.6473988439306358,0.4536060805362419,0.6473988439306358,0.4536060805362419,0.6473988439306358,0.4536060805362419,0.6473988439306358,0.4536060805362419,0.6473988439306358,0.0,0.0,0.0,0.0,0.0,0.0,0.0,0.0,0.0,0.0
hc2/confirm/occlusion_5/order1/0,hc2,confirm,33,occlusion_5,order1,0,True,False,0.48565228530589427,0.8660714285714286,0.47995124733290057,0.8469656992084432,0.48565228530589427,0.8660714285714286,0.48565228530589427,0.8660714285714286,0.48565228530589427,0.8660714285714286,0.4540206554238117,0.8095238095238095,0.3226557195840396,0.5675675675675675,-0.03163162988208257,-0.05654761904761907,-0.025930591909088863,-0.03744188968463369,-0.03163162988208257,-0.05654761904761907,-0.03163162988208257,-0.05654761904761907,-0.03163162988208257,-0.05654761904761907
hc2/confirm/occlusion_5/order1/1,hc2,confirm,45,occlusion_5,order1,1,False,False,0.0,0.422360248447205,0.0,0.422360248447205,0.0,0.422360248447205,0.0,0.422360248447205,0.0,0.422360248447205,0.0,0.422360248447205,0.0,0.422360248447205,0.0,0.0,0.0,0.0,0.0,0.0,0.0,0.0,0.0,0.0
hc2/confirm/occlusion_5/order1/2,hc2,confirm,46,occlusion_5,order1,2,False,False,0.4788465232280606,0.7598039215686274,0.4788465232280606,0.7598039215686274,0.4788465232280606,0.7598039215686274,0.4788465232280606,0.7598039215686274,0.4788465232280606,0.7598039215686274,0.4788465232280606,0.7598039215686274,0.4788465232280606,0.7598039215686274,0.0,0.0,0.0,0.0,0.0,0.0,0.0,0.0,0.0,0.0
hc2/confirm/occlusion_5/order1/3,hc2,confirm,43,occlusion_5,order1,3,False,False,0.2894076599438449,0.7142857142857143,0.2894076599438449,0.7142857142857143,0.2894076599438449,0.7142857142857143,0.2894076599438449,0.7142857142857143,0.2894076599438449,0.7142857142857143,0.2894076599438449,0.7142857142857143,0.2894076599438449,0.7142857142857143,0.0,0.0,0.0,0.0,0.0,0.0,0.0,0.0,0.0,0.0
hc2/confirm/occlusion_5/order1/4,hc2,confirm,47,occlusion_5,order1,4,True,False,0.22122323936841878,0.3253731343283582,0.23753136278339837,0.34935897435897434,0.2922530824978596,0.4222972972972973,0.0580992027051593,0.09253731343283582,0.4282520416800319,0.6188118811881188,0.23753136278339837,0.34935897435897434,0.2040045049131444,0.292,0.016308123414979586,0.023985840030616157,0.0,0.0,-0.054721719714461214,-0.07293832293832297,0.17943216007823906,0.2568216609261385,-0.19072067889663352,-0.26945290682914447
hc2/confirm/occlusion_5/order1/5,hc2,confirm,37,occlusion_5,order1,5,False,False,0.008240233887413887,0.26595744680851063,0.008240233887413887,0.26595744680851063,0.008240233887413887,0.26595744680851063,0.008240233887413887,0.26595744680851063,0.008240233887413887,0.26595744680851063,0.008240233887413887,0.26595744680851063,0.008240233887413887,0.26595744680851063,0.0,0.0,0.0,0.0,0.0,0.0,0.0,0.0,0.0,0.0
hc2/confirm/occlusion_5/order1/6,hc2,confirm,41,occlusion_5,order1,6,False,False,0.4666495966848323,0.7,0.4666495966848323,0.7,0.4666495966848323,0.7,0.4666495966848323,0.7,0.4666495966848323,0.7,0.4666495966848323,0.7,0.4666495966848323,0.7,0.0,0.0,0.0,0.0,0.0,0.0,0.0,0.0,0.0,0.0
hc2/confirm/occlusion_5/order1/7,hc2,confirm,35,occlusion_5,order1,7,False,False,0.43631624751423986,0.6473988439306358,0.43631624751423986,0.6473988439306358,0.43631624751423986,0.6473988439306358,0.43631624751423986,0.6473988439306358,0.43631624751423986,0.6473988439306358,0.43631624751423986,0.6473988439306358,0.43631624751423986,0.6473988439306358,0.0,0.0,0.0,0.0,0.0,0.0,0.0,0.0,0.0,0.0
hc2/confirm/occlusion_5/order1/8,hc2,confirm,42,occlusion_5,order1,8,True,False,0.15178235554350974,0.6705882352941176,0.14415084046031654,0.6368715083798883,0.16126875276497912,0.7125,0.07879661996176679,0.3240223463687151,0.16126875276497912,0.7125,0.16314315069906354,0.6854838709677419,0.0435861493959403,0.19256756756756757,0.011360795155553799,0.014895635673624286,0.018992310238747007,0.04861236258785362,0.0018743979340844208,-0.02701612903225814,0.08434653073729675,0.3614615245990268,0.0018743979340844208,-0.02701612903225814
hc2/confirm/occlusion_5/order1/9,hc2,confirm,44,occlusion_5,order1,9,False,False,0.1973090864390106,0.83,0.1973090864390106,0.83,0.1973090864390106,0.83,0.1973090864390106,0.83,0.1973090864390106,0.83,0.1973090864390106,0.83,0.1973090864390106,0.83,0.0,0.0,0.0,0.0,0.0,0.0,0.0,0.0,0.0,0.0
hc2/confirm/occlusion_5/order1/10,hc2,confirm,36,occlusion_5,order1,10,False,False,0.18159133445713152,0.3788546255506608,0.18159133445713152,0.3788546255506608,0.18159133445713152,0.3788546255506608,0.18159133445713152,0.3788546255506608,0.18159133445713152,0.3788546255506608,0.18159133445713152,0.3788546255506608,0.18159133445713152,0.3788546255506608,0.0,0.0,0.0,0.0,0.0,0.0,0.0,0.0,0.0,0.0
hc2/confirm/occlusion_5/order1/11,hc2,confirm,38,occlusion_5,order1,11,False,False,0.42503850350125655,0.5458333333333333,0.42503850350125655,0.5458333333333333,0.42503850350125655,0.5458333333333333,0.42503850350125655,0.5458333333333333,0.42503850350125655,0.5458333333333333,0.42503850350125655,0.5458333333333333,0.42503850350125655,0.5458333333333333,0.0,0.0,0.0,0.0,0.0,0.0,0.0,0.0,0.0,0.0
hc2/confirm/occlusion_5/order1/12,hc2,confirm,34,occlusion_5,order1,12,True,False,0.47657005671842695,0.638961038961039,0.5075722567855169,0.6805194805194805,0.47657005671842695,0.638961038961039,0.47657005671842695,0.638961038961039,0.47657005671842695,0.638961038961039,0.47657005671842695,0.638961038961039,0.48541907910286514,0.65,0.0,0.0,-0.031002200067089924,-0.04155844155844157,0.0,0.0,0.0,0.0,0.0,0.0
hc2/confirm/occlusion_5/order1/13,hc2,confirm,40,occlusion_5,order1,13,False,False,0.34098664939122825,0.5568862275449101,0.34098664939122825,0.5568862275449101,0.34098664939122825,0.5568862275449101,0.34098664939122825,0.5568862275449101,0.34098664939122825,0.5568862275449101,0.34098664939122825,0.5568862275449101,0.34098664939122825,0.5568862275449101,0.0,0.0,0.0,0.0,0.0,0.0,0.0,0.0,0.0,0.0
hc2/confirm/occlusion_5/order1/14,hc2,confirm,39,occlusion_5,order1,14,False,False,0.02494970455602863,0.8840579710144928,0.02494970455602863,0.8840579710144928,0.02494970455602863,0.8840579710144928,0.02494970455602863,0.8840579710144928,0.02494970455602863,0.8840579710144928,0.02494970455602863,0.8840579710144928,0.02494970455602863,0.8840579710144928,0.0,0.0,0.0,0.0,0.0,0.0,0.0,0.0,0.0,0.0
hc2/confirm/occlusion_5/order1/15,hc2,confirm,32,occlusion_5,order1,15,False,False,0.13416897333478753,0.3372093023255814,0.13416897333478753,0.3372093023255814,0.13416897333478753,0.3372093023255814,0.13416897333478753,0.3372093023255814,0.13416897333478753,0.3372093023255814,0.13416897333478753,0.3372093023255814,0.13416897333478753,0.3372093023255814,0.0,0.0,0.0,0.0,0.0,0.0,0.0,0.0,0.0,0.0
hc2/confirm/occlusion_5/order2/0,hc2,confirm,43,occlusion_5,order2,0,True,False,0.29920428312931,0.7142857142857143,0.27945537590619035,0.6390977443609023,0.29920428312931,0.7142857142857143,0.0,0.0,0.3149518769782211,0.7518796992481203,0.28976889172243114,0.7044025157232704,0.09598594538305531,0.23333333333333334,-0.009435391406878879,-0.009883198562443907,0.010313515816240792,0.06530477136236812,-0.009435391406878879,-0.009883198562443907,0.28976889172243114,0.7044025157232704,-0.025182985255789936,-0.047477183524849864
hc2/confirm/occlusion_5/order2/1,hc2,confirm,46,occlusion_5,order2,1,False,False,0.47175968545074476,0.7598039215686274,0.47175968545074476,0.7598039215686274,0.47175968545074476,0.7598039215686274,0.47175968545074476,0.7598039215686274,0.47175968545074476,0.7598039215686274,0.47175968545074476,0.7598039215686274,0.47175968545074476,0.7598039215686274,0.0,0.0,0.0,0.0,0.0,0.0,0.0,0.0,0.0,0.0
hc2/confirm/occlusion_5/order2/2,hc2,confirm,38,occlusion_5,order2,2,False,False,0.4165192773985914,0.5458333333333333,0.4165192773985914,0.5458333333333333,0.4165192773985914,0.5458333333333333,0.4165192773985914,0.5458333333333333,0.4165192773985914,0.5458333333333333,0.4165192773985914,0.5458333333333333,0.4165192773985914,0.5458333333333333,0.0,0.0,0.0,0.0,0.0,0.0,0.0,0.0,0.0,0.0
hc2/confirm/occlusion_5/order2/3,hc2,confirm,40,occlusion_5,order2,3,False,False,0.34206371654789636,0.5568862275449101,0.34206371654789636,0.5568862275449101,0.34206371654789636,0.5568862275449101,0.34206371654789636,0.5568862275449101,0.34206371654789636,0.5568862275449101,0.34206371654789636,0.5568862275449101,0.34206371654789636,0.5568862275449101,0.0,0.0,0.0,0.0,0.0,0.0,0.0,0.0,0.0,0.0
hc2/confirm/occlusion_5/order2/4,hc2,confirm,34,occlusion_5,order2,4,True,False,0.47307520583041224,0.638961038961039,0.5037761187146057,0.6805194805194805,0.47307520583041224,0.638961038961039,0.47307520583041224,0.638961038961039,0.47307520583041224,0.638961038961039,0.47307520583041224,0.638961038961039,0.48155092544922196,0.65,0.0,0.0,-0.030700912884193465,-0.04155844155844157,0.0,0.0,0.0,0.0,0.0,0.0
hc2/confirm/occlusion_5/order2/5,hc2,confirm,36,occlusion_5,order2,5,False,False,0.1724257500500756,0.3788546255506608,0.1724257500500756,0.3788546255506608,0.1724257500500756,0.3788546255506608,0.1724257500500756,0.3788546255506608,0.1724257500500756,0.3788546255506608,0.1724257500500756,0.3788546255506608,0.1724257500500756,0.3788546255506608,0.0,0.0,0.0,0.0,0.0,0.0,0.0,0.0,0.0,0.0
hc2/confirm/occlusion_5/order2/6,hc2,confirm,42,occlusion_5,order2,6,False,False,0.1528982831027136,0.6705882352941176,0.1528982831027136,0.6705882352941176,0.1528982831027136,0.6705882352941176,0.1528982831027136,0.6705882352941176,0.1528982831027136,0.6705882352941176,0.1528982831027136,0.6705882352941176,0.1528982831027136,0.6705882352941176,0.0,0.0,0.0,0.0,0.0,0.0,0.0,0.0,0.0,0.0
hc2/confirm/occlusion_5/order2/7,hc2,confirm,33,occlusion_5,order2,7,False,False,0.48412443019757656,0.8660714285714286,0.48412443019757656,0.8660714285714286,0.48412443019757656,0.8660714285714286,0.48412443019757656,0.8660714285714286,0.48412443019757656,0.8660714285714286,0.48412443019757656,0.8660714285714286,0.48412443019757656,0.8660714285714286,0.0,0.0,0.0,0.0,0.0,0.0,0.0,0.0,0.0,0.0
hc2/confirm/occlusion_5/order2/8,hc2,confirm,41,occlusion_5,order2,8,True,False,0.4453656071286881,0.7,0.5496660255728406,0.8423236514522822,0.4619975177683487,0.7261410788381742,0.4619975177683487,0.7261410788381742,0.4619975177683487,0.7261410788381742,0.14518675171669146,0.2572614107883817,0.22698099321832052,0.3466666666666667,-0.3001788554119966,-0.44273858921161824,-0.4044792738561491,-0.5850622406639004,-0.31681076605165726,-0.46887966804979253,-0.31681076605165726,-0.46887966804979253,-0.31681076605165726,-0.46887966804979253
hc2/confirm/occlusion_5/order2/9,hc2,confirm,47,occlusion_5,order2,9,False,False,0.22215825924436078,0.3253731343283582,0.22215825924436078,0.3253731343283582,0.22215825924436078,0.3253731343283582,0.22215825924436078,0.3253731343283582,0.22215825924436078,0.3253731343283582,0.22215825924436078,0.3253731343283582,0.22215825924436078,0.3253731343283582,0.0,0.0,0.0,0.0,0.0,0.0,0.0,0.0,0.0,0.0
hc2/confirm/occlusion_5/order2/10,hc2,confirm,37,occlusion_5,order2,10,False,False,0.006101096195772071,0.26595744680851063,0.006101096195772071,0.26595744680851063,0.006101096195772071,0.26595744680851063,0.006101096195772071,0.26595744680851063,0.006101096195772071,0.26595744680851063,0.006101096195772071,0.26595744680851063,0.006101096195772071,0.26595744680851063,0.0,0.0,0.0,0.0,0.0,0.0,0.0,0.0,0.0,0.0
hc2/confirm/occlusion_5/order2/11,hc2,confirm,39,occlusion_5,order2,11,False,False,0.023050547267433552,0.8840579710144928,0.023050547267433552,0.8840579710144928,0.023050547267433552,0.8840579710144928,0.023050547267433552,0.8840579710144928,0.023050547267433552,0.8840579710144928,0.023050547267433552,0.8840579710144928,0.023050547267433552,0.8840579710144928,0.0,0.0,0.0,0.0,0.0,0.0,0.0,0.0,0.0,0.0
hc2/confirm/occlusion_5/order2/12,hc2,confirm,44,occlusion_5,order2,12,True,False,0.20204225728622086,0.83,0.21599042966086632,0.88,0.20204225728622086,0.83,0.23762919484724854,0.9411764705882353,0.20204225728622086,0.83,0.20204225728622086,0.83,0.1530934980372867,0.631578947368421,0.0,0.0,-0.013948172374645462,-0.050000000000000044,0.0,0.0,-0.03558693756102768,-0.11117647058823532,0.0,0.0
hc2/confirm/occlusion_5/order2/13,hc2,confirm,32,occlusion_5,order2,13,False,False,0.14550859864591317,0.3372093023255814,0.14550859864591317,0.3372093023255814,0.14550859864591317,0.3372093023255814,0.14550859864591317,0.3372093023255814,0.14550859864591317,0.3372093023255814,0.14550859864591317,0.3372093023255814,0.14550859864591317,0.3372093023255814,0.0,0.0,0.0,0.0,0.0,0.0,0.0,0.0,0.0,0.0
hc2/confirm/occlusion_5/order2/14,hc2,confirm,45,occlusion_5,order2,14,False,False,0.00019760721660261175,0.422360248447205,0.00019760721660261175,0.422360248447205,0.00019760721660261175,0.422360248447205,0.00019760721660261175,0.422360248447205,0.00019760721660261175,0.422360248447205,0.00019760721660261175,0.422360248447205,0.00019760721660261175,0.422360248447205,0.0,0.0,0.0,0.0,0.0,0.0,0.0,0.0,0.0,0.0
hc2/confirm/occlusion_5/order2/15,hc2,confirm,35,occlusion_5,order2,15,False,False,0.44338852962987524,0.6473988439306358,0.44338852962987524,0.6473988439306358,0.44338852962987524,0.6473988439306358,0.44338852962987524,0.6473988439306358,0.44338852962987524,0.6473988439306358,0.44338852962987524,0.6473988439306358,0.44338852962987524,0.6473988439306358,0.0,0.0,0.0,0.0,0.0,0.0,0.0,0.0,0.0,0.0
hc2/confirm/exposure_5/order1/0,hc2,confirm,33,exposure_5,order1,0,True,False,0.4876861363915478,0.8660714285714286,0.491976330111642,0.8629032258064516,0.4876861363915478,0.8660714285714286,0.5087442444496711,0.9,0.5087442444496711,0.9,0.4560551433930366,0.8095238095238095,0.32453664879536975,0.5675675675675675,-0.03163099299851119,-0.05654761904761907,-0.03592118671860539,-0.05337941628264209,-0.03163099299851119,-0.05654761904761907,-0.052689101056634546,-0.09047619047619049,-0.052689101056634546,-0.09047619047619049
hc2/confirm/exposure_5/order1/1,hc2,confirm,45,exposure_5,order1,1,False,False,0.0,0.422360248447205,0.0,0.422360248447205,0.0,0.422360248447205,0.0,0.422360248447205,0.0,0.422360248447205,0.0,0.422360248447205,0.0,0.422360248447205,0.0,0.0,0.0,0.0,0.0,0.0,0.0,0.0,0.0,0.0
hc2/confirm/exposure_5/order1/2,hc2,confirm,46,exposure_5,order1,2,False,False,0.32761606237568136,0.5201342281879194,0.32761606237568136,0.5201342281879194,0.32761606237568136,0.5201342281879194,0.32761606237568136,0.5201342281879194,0.32761606237568136,0.5201342281879194,0.32761606237568136,0.5201342281879194,0.32761606237568136,0.5201342281879194,0.0,0.0,0.0,0.0,0.0,0.0,0.0,0.0,0.0,0.0
hc2/confirm/exposure_5/order1/3,hc2,confirm,43,exposure_5,order1,3,False,False,0.30340887721222454,0.7518796992481203,0.30340887721222454,0.7518796992481203,0.30340887721222454,0.7518796992481203,0.30340887721222454,0.7518796992481203,0.30340887721222454,0.7518796992481203,0.30340887721222454,0.7518796992481203,0.30340887721222454,0.7518796992481203,0.0,0.0,0.0,0.0,0.0,0.0,0.0,0.0,0.0,0.0
hc2/confirm/exposure_5/order1/4,hc2,confirm,47,exposure_5,order1,4,True,False,0.2232556117879068,0.3253731343283582,0.23971355752868198,0.34935897435897434,0.43144442624637236,0.6188118811881188,0.05802609054845793,0.09253731343283582,0.43144442624637236,0.6188118811881188,0.23971355752868198,0.34935897435897434,0.2044023325664153,0.292,0.016457945740775193,0.023985840030616157,0.0,0.0,-0.19173086871769038,-0.26945290682914447,0.18168746698022406,0.2568216609261385,-0.19173086871769038,-0.26945290682914447
hc2/confirm/exposure_5/order1/5,hc2,confirm,37,exposure_5,order1,5,False,False,0.007609030571129527,0.3194888178913738,0.007609030571129527,0.3194888178913738,0.007609030571129527,0.3194888178913738,0.007609030571129527,0.3194888178913738,0.007609030571129527,0.3194888178913738,0.007609030571129527,0.3194888178913738,0.007609030571129527,0.3194888178913738,0.0,0.0,0.0,0.0,0.0,0.0,0.0,0.0,0.0,0.0
hc2/confirm/exposure_5/order1/6,hc2,confirm,41,exposure_5,order1,6,False,False,0.472419212988772,0.7,0.472419212988772,0.7,0.472419212988772,0.7,0.472419212988772,0.7,0.472419212988772,0.7,0.472419212988772,0.7,0.472419212988772,0.7,0.0,0.0,0.0,0.0,0.0,0.0,0.0,0.0,0.0,0.0
hc2/confirm/exposure_5/order1/7,hc2,confirm,35,exposure_5,order1,7,False,False,0.43741813578776684,0.6473988439306358,0.43741813578776684,0.6473988439306358,0.43741813578776684,0.6473988439306358,0.43741813578776684,0.6473988439306358,0.43741813578776684,0.6473988439306358,0.43741813578776684,0.6473988439306358,0.43741813578776684,0.6473988439306358,0.0,0.0,0.0,0.0,0.0,0.0,0.0,0.0,0.0,0.0
hc2/confirm/exposure_5/order1/8,hc2,confirm,42,exposure_5,order1,8,True,False,0.1435648654306327,0.6368715083798883,0.1184244742492316,0.5253456221198156,0.16061319320052034,0.7125,0.1435648654306327,0.6368715083798883,0.16061319320052034,0.7125,0.16201698155470565,0.6854838709677419,0.04340897113527577,0.19256756756756757,0.018452116124072937,0.04861236258785362,0.04359250730547405,0.16013824884792627,0.0014037883541853091,-0.02701612903225814,0.018452116124072937,0.04861236258785362,0.0014037883541853091,-0.02701612903225814
hc2/confirm/exposure_5/order1/9,hc2,confirm,44,exposure_5,order1,9,False,False,0.1703468119970737,0.8571428571428571,0.1703468119970737,0.8571428571428571,0.1703468119970737,0.8571428571428571,0.1703468119970737,0.8571428571428571,0.1703468119970737,0.8571428571428571,0.1703468119970737,0.8571428571428571,0.1703468119970737,0.8571428571428571,0.0,0.0,0.0,0.0,0.0,0.0,0.0,0.0,0.0,0.0
hc2/confirm/exposure_5/order1/10,hc2,confirm,36,exposure_5,order1,10,False,False,0.16305502138891587,0.3788546255506608,0.16305502138891587,0.3788546255506608,0.16305502138891587,0.3788546255506608,0.16305502138891587,0.3788546255506608,0.16305502138891587,0.3788546255506608,0.16305502138891587,0.3788546255506608,0.16305502138891587,0.3788546255506608,0.0,0.0,0.0,0.0,0.0,0.0,0.0,0.0,0.0,0.0
hc2/confirm/exposure_5/order1/11,hc2,confirm,38,exposure_5,order1,11,False,False,0.434956377818331,0.5683297180043384,0.434956377818331,0.5683297180043384,0.434956377818331,0.5683297180043384,0.434956377818331,0.5683297180043384,0.434956377818331,0.5683297180043384,0.434956377818331,0.5683297180043384,0.434956377818331,0.5683297180043384,0.0,0.0,0.0,0.0,0.0,0.0,0.0,0.0,0.0,0.0
hc2/confirm/exposure_5/order1/12,hc2,confirm,34,exposure_5,order1,12,True,False,0.464940781663789,0.6259541984732825,0.45566515509693034,0.6134663341645885,0.47460188881524434,0.638961038961039,0.464940781663789,0.6259541984732825,0.464940781663789,0.6259541984732825,0.47460188881524434,0.638961038961039,0.4830251799715286,0.65,0.00966110715145535,0.013006840487756466,0.018936733718314003,0.02549470479645044,0.0,0.0,0.00966110715145535,0.013006840487756466,0.00966110715145535,0.013006840487756466
hc2/confirm/exposure_5/order1/13,hc2,confirm,40,exposure_5,order1,13,False,False,0.39594281493456884,0.6320754716981132,0.39594281493456884,0.6320754716981132,0.39594281493456884,0.6320754716981132,0.39594281493456884,0.6320754716981132,0.39594281493456884,0.6320754716981132,0.39594281493456884,0.6320754716981132,0.39594281493456884,0.6320754716981132,0.0,0.0,0.0,0.0,0.0,0.0,0.0,0.0,0.0,0.0
hc2/confirm/exposure_5/order1/14,hc2,confirm,39,exposure_5,order1,14,False,False,0.007080844719466459,0.8840579710144928,0.007080844719466459,0.8840579710144928,0.007080844719466459,0.8840579710144928,0.007080844719466459,0.8840579710144928,0.007080844719466459,0.8840579710144928,0.007080844719466459,0.8840579710144928,0.007080844719466459,0.8840579710144928,0.0,0.0,0.0,0.0,0.0,0.0,0.0,0.0,0.0,0.0
hc2/confirm/exposure_5/order1/15,hc2,confirm,32,exposure_5,order1,15,False,False,0.14578890336302555,0.3372093023255814,0.14578890336302555,0.3372093023255814,0.14578890336302555,0.3372093023255814,0.14578890336302555,0.3372093023255814,0.14578890336302555,0.3372093023255814,0.14578890336302555,0.3372093023255814,0.14578890336302555,0.3372093023255814,0.0,0.0,0.0,0.0,0.0,0.0,0.0,0.0,0.0,0.0
hc2/confirm/exposure_5/order2/0,hc2,confirm,43,exposure_5,order2,0,True,False,0.3133999646150198,0.7518796992481203,0.36299344045777177,0.875,0.35814226428157164,0.875,0.0,0.0,0.3896980857870779,0.9565217391304348,0.3015934857107972,0.7368421052631579,0.0955046038084191,0.23333333333333334,-0.011806478904222595,-0.015037593984962405,-0.06139995474697457,-0.13815789473684215,-0.05654877857077445,-0.13815789473684215,0.3015934857107972,0.7368421052631579,-0.08810460007628068,-0.21967963386727696
hc2/confirm/exposure_5/order2/1,hc2,confirm,46,exposure_5,order2,1,False,False,0.32252629422301504,0.5201342281879194,0.32252629422301504,0.5201342281879194,0.32252629422301504,0.5201342281879194,0.32252629422301504,0.5201342281879194,0.32252629422301504,0.5201342281879194,0.32252629422301504,0.5201342281879194,0.32252629422301504,0.5201342281879194,0.0,0.0,0.0,0.0,0.0,0.0,0.0,0.0,0.0,0.0
hc2/confirm/exposure_5/order2/2,hc2,confirm,38,exposure_5,order2,2,False,False,0.42659731669437667,0.5683297180043384,0.42659731669437667,0.5683297180043384,0.42659731669437667,0.5683297180043384,0.42659731669437667,0.5683297180043384,0.42659731669437667,0.5683297180043384,0.42659731669437667,0.5683297180043384,0.42659731669437667,0.5683297180043384,0.0,0.0,0.0,0.0,0.0,0.0,0.0,0.0,0.0,0.0
hc2/confirm/exposure_5/order2/3,hc2,confirm,40,exposure_5,order2,3,False,False,0.3970875537498289,0.6320754716981132,0.3970875537498289,0.6320754716981132,0.3970875537498289,0.6320754716981132,0.3970875537498289,0.6320754716981132,0.3970875537498289,0.6320754716981132,0.3970875537498289,0.6320754716981132,0.3970875537498289,0.6320754716981132,0.0,0.0,0.0,0.0,0.0,0.0,0.0,0.0,0.0,0.0
hc2/confirm/exposure_5/order2/4,hc2,confirm,34,exposure_5,order2,4,True,False,0.46327316965934845,0.6259541984732825,0.4540308121599101,0.6134663341645885,0.4728996251327895,0.638961038961039,0.46327316965934845,0.6259541984732825,0.46327316965934845,0.6259541984732825,0.4728996251327895,0.638961038961039,0.4813498914006799,0.65,0.009626455473441042,0.013006840487756466,0.0188688129728794,0.02549470479645044,0.0,0.0,0.009626455473441042,0.013006840487756466,0.009626455473441042,0.013006840487756466
hc2/confirm/exposure_5/order2/5,hc2,confirm,36,exposure_5,order2,5,False,False,0.15042821000378273,0.3788546255506608,0.15042821000378273,0.3788546255506608,0.15042821000378273,0.3788546255506608,0.15042821000378273,0.3788546255506608,0.15042821000378273,0.3788546255506608,0.15042821000378273,0.3788546255506608,0.15042821000378273,0.3788546255506608,0.0,0.0,0.0,0.0,0.0,0.0,0.0,0.0,0.0,0.0
hc2/confirm/exposure_5/order2/6,hc2,confirm,42,exposure_5,order2,6,False,False,0.14395235984596302,0.6368715083798883,0.14395235984596302,0.6368715083798883,0.14395235984596302,0.6368715083798883,0.14395235984596302,0.6368715083798883,0.14395235984596302,0.6368715083798883,0.14395235984596302,0.6368715083798883,0.14395235984596302,0.6368715083798883,0.0,0.0,0.0,0.0,0.0,0.0,0.0,0.0,0.0,0.0
hc2/confirm/exposure_5/order2/7,hc2,confirm,33,exposure_5,order2,7,False,False,0.48652904845782513,0.8660714285714286,0.48652904845782513,0.8660714285714286,0.48652904845782513,0.8660714285714286,0.48652904845782513,0.8660714285714286,0.48652904845782513,0.8660714285714286,0.48652904845782513,0.8660714285714286,0.48652904845782513,0.8660714285714286,0.0,0.0,0.0,0.0,0.0,0.0,0.0,0.0,0.0,0.0
hc2/confirm/exposure_5/order2/8,hc2,confirm,41,exposure_5,order2,8,True,False,0.4449854326687188,0.7,0.6380682712978609,0.9666666666666667,0.4616031459219075,0.7261410788381742,0.4616031459219075,0.7261410788381742,0.4616031459219075,0.7261410788381742,0.1449896342900185,0.2572614107883817,0.22677995051995822,0.3466666666666667,-0.29999579837870033,-0.44273858921161824,-0.49307863700784244,-0.709405255878285,-0.316613511631889,-0.46887966804979253,-0.316613511631889,-0.46887966804979253,-0.316613511631889,-0.46887966804979253
hc2/confirm/exposure_5/order2/9,hc2,confirm,47,exposure_5,order2,9,False,False,0.22317929874533105,0.3253731343283582,0.22317929874533105,0.3253731343283582,0.22317929874533105,0.3253731343283582,0.22317929874533105,0.3253731343283582,0.22317929874533105,0.3253731343283582,0.22317929874533105,0.3253731343283582,0.22317929874533105,0.3253731343283582,0.0,0.0,0.0,0.0,0.0,0.0,0.0,0.0,0.0,0.0
hc2/confirm/exposure_5/order2/10,hc2,confirm,37,exposure_5,order2,10,False,False,0.00720876546571898,0.3194888178913738,0.00720876546571898,0.3194888178913738,0.00720876546571898,0.3194888178913738,0.00720876546571898,0.3194888178913738,0.00720876546571898,0.3194888178913738,0.00720876546571898,0.3194888178913738,0.00720876546571898,0.3194888178913738,0.0,0.0,0.0,0.0,0.0,0.0,0.0,0.0,0.0,0.0
hc2/confirm/exposure_5/order2/11,hc2,confirm,39,exposure_5,order2,11,False,False,0.006523040672742146,0.8840579710144928,0.006523040672742146,0.8840579710144928,0.006523040672742146,0.8840579710144928,0.006523040672742146,0.8840579710144928,0.006523040672742146,0.8840579710144928,0.006523040672742146,0.8840579710144928,0.006523040672742146,0.8840579710144928,0.0,0.0,0.0,0.0,0.0,0.0,0.0,0.0,0.0,0.0
hc2/confirm/exposure_5/order2/12,hc2,confirm,44,exposure_5,order2,12,True,False,0.2161421499846895,0.8571428571428571,0.23733255684593357,0.9411764705882353,0.2161421499846895,0.8571428571428571,0.2161421499846895,0.8333333333333334,0.2161421499846895,0.8571428571428571,0.21350850257984438,0.7886904761904762,0.1528921313575909,0.631578947368421,-0.0026336474048451186,-0.06845238095238093,-0.02382405426608919,-0.15248599439775912,-0.0026336474048451186,-0.06845238095238093,-0.0026336474048451186,-0.044642857142857206,-0.0026336474048451186,-0.06845238095238093
hc2/confirm/exposure_5/order2/13,hc2,confirm,32,exposure_5,order2,13,False,False,0.14201853967756292,0.3372093023255814,0.14201853967756292,0.3372093023255814,0.14201853967756292,0.3372093023255814,0.14201853967756292,0.3372093023255814,0.14201853967756292,0.3372093023255814,0.14201853967756292,0.3372093023255814,0.14201853967756292,0.3372093023255814,0.0,0.0,0.0,0.0,0.0,0.0,0.0,0.0,0.0,0.0
hc2/confirm/exposure_5/order2/14,hc2,confirm,45,exposure_5,order2,14,False,False,7.708854406123678e-05,0.422360248447205,7.708854406123678e-05,0.422360248447205,7.708854406123678e-05,0.422360248447205,7.708854406123678e-05,0.422360248447205,7.708854406123678e-05,0.422360248447205,7.708854406123678e-05,0.422360248447205,7.708854406123678e-05,0.422360248447205,0.0,0.0,0.0,0.0,0.0,0.0,0.0,0.0,0.0,0.0
hc2/confirm/exposure_5/order2/15,hc2,confirm,35,exposure_5,order2,15,False,False,0.44304919058751696,0.6473988439306358,0.44304919058751696,0.6473988439306358,0.44304919058751696,0.6473988439306358,0.44304919058751696,0.6473988439306358,0.44304919058751696,0.6473988439306358,0.44304919058751696,0.6473988439306358,0.44304919058751696,0.6473988439306358,0.0,0.0,0.0,0.0,0.0,0.0,0.0,0.0,0.0,0.0
