dataset,split,condition,order,arrival,source_id,arm,v,t,s,before_v,correction_v,delta_event,delta_full,selected_step,loss_gain
vidstg,search,clean,order1,0,8,episodic,0.09474165155659157,0.7858942065491183,0.19642872819479162,0.08761806056923738,0.0071235909873541975,-0.21064463527302274,-0.20631316713082426,9,0.44557055830955505
vidstg,search,clean,order1,0,8,online100,0.09474165155659157,0.7858942065491183,0.19642872819479162,0.08761806056923738,0.0071235909873541975,-0.21064463527302274,-0.20631316713082426,9,0.44557055830955505
vidstg,search,clean,order1,1,15,episodic,0.0,0.0,0.5830010684113631,0.0,0.0,0.14971937503368826,0.15642189519413918,6,0.29647959768772125
vidstg,search,clean,order1,1,15,online100,0.0,0.0,0.5717317953439836,0.0,0.0,0.14268940832927846,0.1467191332119549,10,0.2923717200756073
vidstg,search,clean,order1,2,19,episodic,0.7358246735417844,0.8607142857142858,0.8549000356502059,0.5932428158635945,0.14258185767818987,-0.0024809188970537077,-0.0007962591816716991,10,0.20973044633865356
vidstg,search,clean,order1,2,19,online100,0.7524900486571072,0.8607142857142858,0.8742622971949794,0.6113248256188871,0.1411652230382201,-0.01125361206834552,-0.00851523972627255,7,0.2033746838569641
vidstg,search,clean,order1,3,27,episodic,0.0,0.0,0.2106413875779321,0.0,0.0,0.0,0.0,0,0.0
vidstg,search,clean,order1,3,27,online100,0.0,0.0,0.2107382465533287,0.0,0.0,0.0,0.0,0,0.0
vidstg,search,clean,order1,4,7,episodic,0.0,0.0,0.050113759624216776,0.0,0.0,0.0,0.0,0,0.0
vidstg,search,clean,order1,4,7,online100,0.0,0.0,0.05127182246570919,0.0,0.0,0.0,0.0,0,0.0
vidstg,search,clean,order1,5,1,episodic,0.0,0.0,0.0,0.0,0.0,0.0,0.0,0,0.0
vidstg,search,clean,order1,5,1,online100,0.0,0.0,0.0,0.0,0.0,0.0,0.0,0,0.0
vidstg,search,clean,order1,6,25,episodic,0.09098799263373814,0.11174785100286533,0.8142258827993489,0.08206885203495262,0.008919140598785513,0.0365570226757318,0.05076678494013076,9,0.23542970418930054
vidstg,search,clean,order1,6,25,online100,0.09362183552029588,0.11174785100286533,0.8377953999123913,0.08238893462145827,0.011232900898837606,0.032981737544651724,0.0464141742682076,10,0.236652672290802
vidstg,search,clean,order1,7,3,episodic,0.25724127829757865,0.37888198757763975,0.6414578879854613,0.21659745675929826,0.04064382153828039,-0.017578187500424725,-0.040311025622970065,10,0.2836741805076599
vidstg,search,clean,order1,7,3,online100,0.25579812303785443,0.37888198757763975,0.6343518307598622,0.22816545381129472,0.027632669226559714,-0.01859723536885871,-0.050353149162008726,10,0.25693610310554504
vidstg,search,clean,order1,8,4,episodic,0.21294144006011753,0.5048543689320388,0.4060537414710695,0.1967675542474313,0.016173885812686223,0.18816154593234696,0.20898854318160665,10,0.26792803406715393
vidstg,search,clean,order1,8,4,online100,0.1952982109252208,0.5048543689320388,0.3729487646586918,0.2173054455317224,-0.022007234606501613,0.26342600998275967,0.27324941126727215,10,0.23657624423503876
vidstg,search,clean,order1,9,6,episodic,0.33799799716516127,0.5986842105263158,0.602611704464744,0.42037501636934477,-0.0823770192041835,0.05819524627018735,-0.04341948077541091,9,0.21440231800079346
vidstg,search,clean,order1,9,6,online100,0.3569126827493537,0.5986842105263158,0.6284407587803189,0.44231771161350714,-0.08540502886415341,0.015545337370024948,-0.08879443670891818,8,0.17316538095474243
vidstg,search,clean,order1,10,20,episodic,0.10721591050000742,0.4742268041237113,0.22608572431523302,0.3055844091819411,-0.19836849868193365,-0.8226452775791142,-0.8004209614942329,10,0.43325865268707275
vidstg,search,clean,order1,10,20,online100,0.09887169210077101,0.4742268041237113,0.20849030725597364,0.3135912476815679,-0.21471955558079686,-0.8073136815389153,-0.790028676897259,10,0.47731947898864746
vidstg,search,clean,order1,11,17,episodic,0.2954501535586902,0.3951612903225806,0.7724644035233218,0.024841392403310597,0.2706087611553796,0.47173301365534404,-0.07284363079451822,9,0.7057064771652222
vidstg,search,clean,order1,11,17,online100,0.3051700534595598,0.3951612903225806,0.7736837650440586,0.02427938635954561,0.28089066710001415,0.5928104760354707,0.0038073781540825524,7,0.659636914730072
vidstg,search,clean,order1,12,24,episodic,0.0032710065865555376,0.7376093294460642,0.0032710065865555376,0.0052478954572548805,-0.001976888870699343,-0.26496351254339123,-0.26699801238106147,8,0.2676318559097126
vidstg,search,clean,order1,12,24,online100,0.13255196871311517,0.7376093294460642,0.13488882767670812,0.006967557845735699,0.12558441086737948,-0.054345257101579614,-0.07179835642591018,9,0.5100270737893879
vidstg,search,clean,order1,13,2,episodic,0.00045486422907642924,0.919047619047619,0.00045486422907642924,0.00045486422907642924,0.0,0.0,0.0,0,0.0
vidstg,search,clean,order1,13,2,online100,0.0026454270514710346,0.919047619047619,0.0027853460301645303,0.0026454270514710346,0.0,0.0,0.0,0,0.0
vidstg,search,clean,order1,14,0,episodic,0.00030831144947523066,0.144136078782453,0.00030831144947523066,0.02270908047380844,-0.02240076902433321,-0.2135622880011982,-0.032576023834969055,10,0.4219753220677376
vidstg,search,clean,order1,14,0,online100,0.03347006169845174,0.144136078782453,0.03371504367752599,0.03347006169845174,0.0,0.0,0.0,0,0.0
vidstg,search,clean,order1,15,9,episodic,0.06643577011954642,0.32941176470588235,0.20168001643433733,0.06643577011954642,0.0,0.0,0.0,0,0.0
vidstg,search,clean,order1,15,9,online100,0.06702603458358607,0.32941176470588235,0.203471890700172,0.06702603458358607,0.0,0.0,0.0,0,0.0
vidstg,search,clean,order1,16,26,episodic,0.11818593659686824,0.6744904261890056,0.12844731040591106,0.2542322229308492,-0.13604628633398094,-0.18406258369722406,0.09462053600334869,9,0.8882063142955303
vidstg,search,clean,order1,16,26,online100,0.11579921116352428,0.6744904261890056,0.12582827289452192,0.25639597186145086,-0.1405967606979266,-0.21012165440583375,0.0671411669557449,10,0.8778568208217621
vidstg,search,clean,order1,17,22,episodic,0.5904132701405486,0.6785714285714286,0.8700827138913346,0.5000172278274223,0.09039604231312626,0.04013170284231593,0.08967395210786488,10,0.15364086627960205
vidstg,search,clean,order1,17,22,online100,0.5866594084677984,0.6785714285714286,0.8645507072157029,0.540912847725341,0.04574656074245742,-0.006431013033672328,0.025830664602263353,8,0.0579342246055603
vidstg,search,clean,order1,18,5,episodic,0.4914237110112472,0.6312056737588653,0.7775117131437584,0.39842744525974244,0.09299626575150477,-0.03191089102762312,-0.06473964479578631,5,0.11630821228027344
vidstg,search,clean,order1,18,5,online100,0.49497711872025657,0.6312056737588653,0.7855897621421486,0.43881032494333966,0.05616679377691691,0.09935791254521287,0.06174925674323495,10,0.1004529595375061
vidstg,search,clean,order1,19,13,episodic,0.027629069492711444,0.0319634703196347,0.7127609924919036,0.025191986895068227,0.0024370825976432163,-0.12211094990766391,-0.09577077327307004,10,0.13706457614898682
vidstg,search,clean,order1,19,13,online100,0.02832099008332638,0.0319634703196347,0.7262843904387173,0.026892940516396308,0.001428049566930073,-0.12399678461451868,-0.1053286290761436,10,0.10112816095352173
vidstg,search,clean,order1,20,18,episodic,0.0,0.0,0.04281797516185004,0.0,0.0,0.0,0.0,0,0.0
vidstg,search,clean,order1,20,18,online100,0.0,0.0,0.032116182957251674,0.0,0.0,0.0,0.0,0,0.0
vidstg,search,clean,order1,21,10,episodic,0.04651428698945285,0.8282208588957055,0.05328447175539125,0.225737089665397,-0.17922280267594415,-0.5019207753152941,-0.5139770629144189,10,0.4624950736761093
vidstg,search,clean,order1,21,10,online100,0.044075118377057534,0.8282208588957055,0.05028176578075824,0.25442743345374186,-0.21035231507668434,-0.5071833814278476,-0.5152472341646243,9,0.3873181939125061
vidstg,search,clean,order1,22,28,episodic,0.3509610425810858,0.9043478260869565,0.3880819220848545,0.6381963709270685,-0.2872353283459827,-0.13807970802628677,-0.10534673120469396,10,0.4179755300283432
vidstg,search,clean,order1,22,28,online100,0.3262576618000546,0.9043478260869565,0.36076568372121426,0.6519109866689242,-0.3256533248688696,-0.18676430411210632,-0.15457294877366823,10,0.4433181881904602
vidstg,search,clean,order1,23,31,episodic,0.0,0.9624664879356568,0.0,0.0,0.0,0.0,0.0,0,0.0
vidstg,search,clean,order1,23,31,online100,0.0,0.9624664879356568,0.0,0.0,0.0,0.0,0.0,0,0.0
vidstg,search,clean,order1,24,23,episodic,0.0,0.0,0.644969921696502,0.0,0.0,-0.15213623229629436,0.011877797394628908,10,0.10898947715759277
vidstg,search,clean,order1,24,23,online100,0.0,0.0,0.751197399638432,0.0,0.0,-0.07022377787625056,0.1299017574911282,10,0.0628322958946228
vidstg,search,clean,order1,25,21,episodic,0.30517181641197244,0.6597938144329897,0.4625260342493957,0.30517181641197244,0.0,0.0,0.0,0,0.0
vidstg,search,clean,order1,25,21,online100,0.30447343215611183,0.6597938144329897,0.461467545611607,0.30447343215611183,0.0,0.0,0.0,0,0.0
vidstg,search,clean,order1,26,11,episodic,0.5550759997720061,0.84375,0.6343725711680069,0.6310029625674677,-0.07592696279546163,0.03303221023085601,0.0920214554560958,8,0.18913507461547852
vidstg,search,clean,order1,26,11,online100,0.5804177036924905,0.84375,0.6633345185057034,0.621935771639383,-0.0415180679468925,0.04325820591912721,-0.016200694707055707,10,0.1347590684890747
vidstg,search,clean,order1,27,12,episodic,0.1771130357487695,0.3542319749216301,0.49999166729077404,0.15899549556511655,0.01811754018365294,0.04402279707412943,0.021761239100639485,9,0.12171438336372375
vidstg,search,clean,order1,27,12,online100,0.21377286691683714,0.3542319749216301,0.6034826951015136,0.16184095573691365,0.05193191117992349,-0.08017679767024954,-0.1052758859163212,10,0.13717862963676453
vidstg,search,clean,order1,28,29,episodic,0.0,0.0,0.0,0.0,0.0,0.0543397016240561,0.0433250628588312,10,0.219618022441864
vidstg,search,clean,order1,28,29,online100,0.0,0.0,0.0,0.0,0.0,-0.028190077056581275,-0.06530683916434821,9,0.1863996386528015
vidstg,search,clean,order1,29,16,episodic,2.4075101248238386e-05,0.10599078341013825,0.0002271433465594665,2.4075101248238386e-05,0.0,0.0,0.0,0,0.0
vidstg,search,clean,order1,29,16,online100,0.0009506295640203434,0.10599078341013825,0.008968983277931067,0.0009506295640203434,0.0,0.0,0.0,0,0.0
vidstg,search,clean,order1,30,30,episodic,0.026797800292946764,0.30414746543778803,0.07455285466114676,0.08187536848155304,-0.05507756818860628,-0.4635952064907878,-0.4667480491105487,10,0.17932504415512085
vidstg,search,clean,order1,30,30,online100,0.04433161227969982,0.30414746543778803,0.1397110630591191,0.09854908207062701,-0.054217469790927196,-0.45157636246117194,-0.44195737824203324,9,0.06336566805839539
vidstg,search,clean,order1,31,14,episodic,0.0,0.0,0.2823277394544749,0.0,0.0,0.2633204554159287,0.12617494030708654,2,0.3283316344022751
vidstg,search,clean,order1,31,14,online100,0.0,0.0,0.21140890550859556,0.0,0.0,0.19486443733554348,-0.19857684014334254,9,0.4502175748348236
vidstg,search,clean,order2,0,1,episodic,0.0,0.0,0.0,0.0,0.0,0.0,0.0,0,0.0
vidstg,search,clean,order2,0,1,online100,0.0,0.0,0.0,0.0,0.0,0.0,0.0,0,0.0
vidstg,search,clean,order2,1,18,episodic,0.0,0.0,0.04281797516185004,0.0,0.0,0.0,0.0,0,0.0
vidstg,search,clean,order2,1,18,online100,0.0,0.0,0.04281797516185004,0.0,0.0,0.0,0.0,0,0.0
vidstg,search,clean,order2,2,20,episodic,0.10721591050000742,0.4742268041237113,0.22608572431523302,0.3055844091819411,-0.19836849868193365,-0.8226452775791142,-0.8004209614942329,10,0.43325865268707275
vidstg,search,clean,order2,2,20,online100,0.10721591050000742,0.4742268041237113,0.22608572431523302,0.3055844091819411,-0.19836849868193365,-0.8226452775791142,-0.8004209614942329,10,0.43325865268707275
vidstg,search,clean,order2,3,22,episodic,0.5904132701405486,0.6785714285714286,0.8700827138913346,0.5000172278274223,0.09039604231312626,0.04013170284231593,0.08967395210786488,10,0.15364086627960205
vidstg,search,clean,order2,3,22,online100,0.586979501702887,0.6785714285714286,0.8650224235621494,0.5033969780798512,0.08358252362303586,0.016761506798957493,0.03967926843996128,4,0.13532960414886475
vidstg,search,clean,order2,4,10,episodic,0.04651428698945285,0.8282208588957055,0.05328447175539125,0.225737089665397,-0.17922280267594415,-0.5019207753152941,-0.5139770629144189,10,0.4624950736761093
vidstg,search,clean,order2,4,10,online100,0.04619095891478397,0.8282208588957055,0.052826853715288544,0.26688033386729787,-0.2206893749525139,-0.4000729232314857,-0.4059025441657037,10,0.465497761964798
vidstg,search,clean,order2,5,17,episodic,0.2954501535586902,0.3951612903225806,0.7724644035233218,0.024841392403310597,0.2706087611553796,0.47173301365534404,-0.07284363079451822,9,0.7057064771652222
vidstg,search,clean,order2,5,17,online100,0.31046133570399914,0.3951612903225806,0.7761387903297099,0.025057222661212956,0.2854041130427862,0.6429175320382068,-0.00842052950680583,7,0.6688447147607803
vidstg,search,clean,order2,6,16,episodic,2.4075101248238386e-05,0.10599078341013825,0.0002271433465594665,2.4075101248238386e-05,0.0,0.0,0.0,0,0.0
vidstg,search,clean,order2,6,16,online100,0.0006481331945523135,0.10599078341013825,0.006114995792080523,0.0006481331945523135,0.0,0.0,0.0,0,0.0
vidstg,search,clean,order2,7,13,episodic,0.027629069492711444,0.0319634703196347,0.7127609924919036,0.025191986895068227,0.0024370825976432163,-0.12211094990766391,-0.09577077327307004,10,0.13706457614898682
vidstg,search,clean,order2,7,13,online100,0.027936198426857545,0.0319634703196347,0.7457683904023114,0.025774304320362346,0.002161894106495199,-0.033571059297065775,-0.027619612395181625,10,0.12749719619750977
vidstg,search,clean,order2,8,15,episodic,0.0,0.0,0.5830010684113631,0.0,0.0,0.14971937503368826,0.15642189519413918,6,0.29647959768772125
vidstg,search,clean,order2,8,15,online100,0.0,0.0,0.5517495615680702,0.0,0.0,0.1304997425894603,0.13360775565538474,7,0.26977191865444183
vidstg,search,clean,order2,9,31,episodic,0.0,0.9624664879356568,0.0,0.0,0.0,0.0,0.0,0,0.0
vidstg,search,clean,order2,9,31,online100,0.0,0.9624664879356568,0.0,0.0,0.0,0.0,0.0,0,0.0
vidstg,search,clean,order2,10,23,episodic,0.0,0.0,0.644969921696502,0.0,0.0,-0.15213623229629436,0.011877797394628908,10,0.10898947715759277
vidstg,search,clean,order2,10,23,online100,0.0,0.0,0.6213533912103637,0.0,0.0,-0.0830816524154584,0.08368487602420027,7,0.1058846116065979
vidstg,search,clean,order2,11,28,episodic,0.3509610425810858,0.9043478260869565,0.3880819220848545,0.6381963709270685,-0.2872353283459827,-0.13807970802628677,-0.10534673120469396,10,0.4179755300283432
vidstg,search,clean,order2,11,28,online100,0.335649951184229,0.9043478260869565,0.3711513883287148,0.651788671889707,-0.316138720705478,-0.16506366483037116,-0.13508293836340013,10,0.4235311597585678
vidstg,search,clean,order2,12,30,episodic,0.026797800292946764,0.30414746543778803,0.07455285466114676,0.08187536848155304,-0.05507756818860628,-0.4635952064907878,-0.4667480491105487,10,0.17932504415512085
vidstg,search,clean,order2,12,30,online100,0.034107238768532055,0.30414746543778803,0.09793537582183919,0.08617973309923192,-0.05207249433069987,-0.4763180336454204,-0.4750784310850751,10,0.14609865844249725
vidstg,search,clean,order2,13,21,episodic,0.30517181641197244,0.6597938144329897,0.4625260342493957,0.30517181641197244,0.0,0.0,0.0,0,0.0
vidstg,search,clean,order2,13,21,online100,0.3290765547604051,0.6597938144329897,0.498756653308739,0.3290765547604051,0.0,0.0,0.0,0,0.0
vidstg,search,clean,order2,14,4,episodic,0.21294144006011753,0.5048543689320388,0.4060537414710695,0.1967675542474313,0.016173885812686223,0.18816154593234696,0.20898854318160665,10,0.26792803406715393
vidstg,search,clean,order2,14,4,online100,0.3201391746745828,0.5048543689320388,0.6217798318118933,0.19905992053061197,0.12107925414397083,0.025675385474606238,0.13523420296475785,10,0.2591909319162369
vidstg,search,clean,order2,15,26,episodic,0.11818593659686824,0.6744904261890056,0.12844731040591106,0.2542322229308492,-0.13604628633398094,-0.18406258369722406,0.09462053600334869,9,0.8882063142955303
vidstg,search,clean,order2,15,26,online100,0.12357812291795002,0.6744904261890056,0.13364173020838332,0.2714897192674022,-0.14791159634945217,-0.14580555325168604,0.12032979833760993,10,0.877901840955019
vidstg,search,clean,order2,16,11,episodic,0.5550759997720061,0.84375,0.6343725711680069,0.6310029625674677,-0.07592696279546163,0.03303221023085601,0.0920214554560958,8,0.18913507461547852
vidstg,search,clean,order2,16,11,online100,0.5652292944987751,0.84375,0.6459763365700287,0.6203254525942046,-0.05509615809542945,0.021296574710623517,-0.021947232112397352,9,0.13130444288253784
vidstg,search,clean,order2,17,14,episodic,0.0,0.0,0.2823277394544749,0.0,0.0,0.2633204554159287,0.12617494030708654,2,0.3283316344022751
vidstg,search,clean,order2,17,14,online100,0.0,0.0,0.20294336594699114,0.0,0.0,0.09491884599550926,-0.29145902691836806,10,0.4044119715690613
vidstg,search,clean,order2,18,27,episodic,0.0,0.0,0.2106413875779321,0.0,0.0,0.0,0.0,0,0.0
vidstg,search,clean,order2,18,27,online100,0.0,0.0,0.21736490302746775,0.0,0.0,0.0,0.0,0,0.0
vidstg,search,clean,order2,19,0,episodic,0.00030831144947523066,0.144136078782453,0.00030831144947523066,0.02270908047380844,-0.02240076902433321,-0.2135622880011982,-0.032576023834969055,10,0.4219753220677376
vidstg,search,clean,order2,19,0,online100,0.0177911354909329,0.144136078782453,0.0177911354909329,0.030867502492850786,-0.013076367001917884,-0.1737710378856943,-0.027094848127331532,1,0.1817208155989647
vidstg,search,clean,order2,20,19,episodic,0.7358246735417844,0.8607142857142858,0.8549000356502059,0.5932428158635945,0.14258185767818987,-0.0024809188970537077,-0.0007962591816716991,10,0.20973044633865356
vidstg,search,clean,order2,20,19,online100,0.7576619642562759,0.8607142857142858,0.8802711617915238,0.655490267097698,0.10217169715857788,0.007411189753172898,0.01290063355448079,7,0.14545249938964844
vidstg,search,clean,order2,21,12,episodic,0.1771130357487695,0.3542319749216301,0.49999166729077404,0.15899549556511655,0.01811754018365294,0.04402279707412943,0.021761239100639485,9,0.12171438336372375
vidstg,search,clean,order2,21,12,online100,0.17547587266065995,0.3542319749216301,0.4953699414048719,0.15703940448172557,0.01843646817893438,0.03371320070725908,0.006376827138362351,6,0.07730695605278015
vidstg,search,clean,order2,22,8,episodic,0.09474165155659157,0.7858942065491183,0.19642872819479162,0.08761806056923738,0.0071235909873541975,-0.21064463527302274,-0.20631316713082426,9,0.44557055830955505
vidstg,search,clean,order2,22,8,online100,0.09664349247143703,0.7858942065491183,0.1825075491400886,0.12762446345994014,-0.03098097098850311,-0.2613842195103186,-0.24584036182228775,7,0.4305908977985382
vidstg,search,clean,order2,23,24,episodic,0.0032710065865555376,0.7376093294460642,0.0032710065865555376,0.0052478954572548805,-0.001976888870699343,-0.26496351254339123,-0.26699801238106147,8,0.2676318559097126
vidstg,search,clean,order2,23,24,online100,0.0034331992329558053,0.7376093294460642,0.003775967859024947,0.0034331992329558053,0.0,0.0,0.0,0,0.0
vidstg,search,clean,order2,24,3,episodic,0.25724127829757865,0.37888198757763975,0.6414578879854613,0.21659745675929826,0.04064382153828039,-0.017578187500424725,-0.040311025622970065,10,0.2836741805076599
vidstg,search,clean,order2,24,3,online100,0.2757306600408341,0.37888198757763975,0.6692894319911775,0.23030833252455662,0.04542232751627745,-0.030642455308241723,-0.04512915683464791,10,0.27119946479797363
vidstg,search,clean,order2,25,5,episodic,0.4914237110112472,0.6312056737588653,0.7775117131437584,0.39842744525974244,0.09299626575150477,-0.03191089102762312,-0.06473964479578631,5,0.11630821228027344
vidstg,search,clean,order2,25,5,online100,0.49629815443472863,0.6312056737588653,0.7885732441162465,0.46171961990113475,0.034578534533593885,0.044119455819260356,-0.022703732393689835,8,0.09087824821472168
vidstg,search,clean,order2,26,2,episodic,0.00045486422907642924,0.919047619047619,0.00045486422907642924,0.00045486422907642924,0.0,0.0,0.0,0,0.0
vidstg,search,clean,order2,26,2,online100,0.002923636836837838,0.919047619047619,0.003133176120313333,0.002923636836837838,0.0,0.0,0.0,0,0.0
vidstg,search,clean,order2,27,7,episodic,0.0,0.0,0.050113759624216776,0.0,0.0,0.0,0.0,0,0.0
vidstg,search,clean,order2,27,7,online100,0.0,0.0,0.04448566454360355,0.0,0.0,0.0,0.0,0,0.0
vidstg,search,clean,order2,28,6,episodic,0.33799799716516127,0.5986842105263158,0.602611704464744,0.42037501636934477,-0.0823770192041835,0.05819524627018735,-0.04341948077541091,9,0.21440231800079346
vidstg,search,clean,order2,28,6,online100,0.4103383104648368,0.5986842105263158,0.7380437856086974,0.4455664896154388,-0.035228179150602,-0.03178393505350219,-0.16467604306239236,9,0.2935868501663208
vidstg,search,clean,order2,29,9,episodic,0.06643577011954642,0.32941176470588235,0.20168001643433733,0.06643577011954642,0.0,0.0,0.0,0,0.0
vidstg,search,clean,order2,29,9,online100,0.07890415930759093,0.32941176470588235,0.2395304836123296,0.07890415930759093,0.0,0.0,0.0,0,0.0
vidstg,search,clean,order2,30,25,episodic,0.09098799263373814,0.11174785100286533,0.8142258827993489,0.08206885203495262,0.008919140598785513,0.0365570226757318,0.05076678494013076,9,0.23542970418930054
vidstg,search,clean,order2,30,25,online100,0.09317059700830771,0.11174785100286533,0.8337573937410101,0.08554827494436922,0.007622322063938494,0.022724198600019507,0.031783076104000774,9,0.2281147837638855
vidstg,search,clean,order2,31,29,episodic,0.0,0.0,0.0,0.0,0.0,0.0543397016240561,0.0433250628588312,10,0.219618022441864
vidstg,search,clean,order2,31,29,online100,0.0,0.0,0.0,0.0,0.0,0.01717997731793508,-0.03684098823989579,7,0.15196681022644043
vidstg,search,frame_drop_5,order1,0,8,episodic,0.09940409383089265,0.8161209068010076,0.1675684584156616,0.09946066249002632,-5.656865913367115e-05,-0.1267638303959025,-0.12030255923402117,10,0.5052913725376129
vidstg,search,frame_drop_5,order1,0,8,online100,0.09940409383089265,0.8161209068010076,0.1675684584156616,0.09946066249002632,-5.656865913367115e-05,-0.1267638303959025,-0.12030255923402117,10,0.5052913725376129
vidstg,search,frame_drop_5,order1,1,15,episodic,0.0,0.0,0.5830010684113631,0.0,0.0,0.14971937503368826,0.15642189519413918,6,0.29647959768772125
vidstg,search,frame_drop_5,order1,1,15,online100,0.0,0.0,0.5906458378866553,0.0,0.0,0.14398633172045722,0.1502261359530988,6,0.2895345091819763
vidstg,search,frame_drop_5,order1,2,19,episodic,0.23704823670029485,0.2648221343873518,0.85828802628919,0.17283229776342834,0.0642159389368665,-0.008831687974316993,-0.007293155832593157,7,0.24614089727401733
vidstg,search,frame_drop_5,order1,2,19,online100,0.2380777907751736,0.2648221343873518,0.8462383167063241,0.17866506248948671,0.05941272828568689,0.006468856526719469,0.005614817865095212,7,0.22376728057861328
vidstg,search,frame_drop_5,order1,3,27,episodic,0.14932835333974526,0.5619834710743802,0.21423205254462252,0.14932835333974526,0.0,0.0,0.0,0,0.0
vidstg,search,frame_drop_5,order1,3,27,online100,0.14956998893809828,0.5619834710743802,0.2144365874008861,0.14956998893809828,0.0,0.0,0.0,0,0.0
vidstg,search,frame_drop_5,order1,4,7,episodic,0.0,0.0,0.04898804486751303,0.0,0.0,0.0,0.0,0,0.0
vidstg,search,frame_drop_5,order1,4,7,online100,0.0,0.0,0.050084390569050743,0.0,0.0,0.0,0.0,0,0.0
vidstg,search,frame_drop_5,order1,5,1,episodic,0.0,0.0,0.0,0.0,0.0,0.0,0.0,0,0.0
vidstg,search,frame_drop_5,order1,5,1,online100,0.0,0.0,0.0,0.0,0.0,0.0,0.0,0,0.0
vidstg,search,frame_drop_5,order1,6,25,episodic,0.2854476502421039,0.42857142857142855,0.6660445172315758,0.31480142147413426,-0.029353771232030368,0.048480251173493416,0.11778182875784438,9,0.16726428270339966
vidstg,search,frame_drop_5,order1,6,25,online100,0.30086908314108346,0.42857142857142855,0.7020278606625281,0.3163660653732671,-0.015496982232183654,0.10632981306559708,0.14690049678588257,9,0.17471683025360107
vidstg,search,frame_drop_5,order1,7,3,episodic,0.0035884756702770034,0.00641025641025641,0.4046150381348192,0.0042715769373326785,-0.0006831012670556751,0.048538420516343495,-0.10252044666110993,10,0.2887248992919922
vidstg,search,frame_drop_5,order1,7,3,online100,0.0038631666016561814,0.00641025641025641,0.5898117643502211,0.004414866534628966,-0.0005516999329727846,0.08177406847685231,-0.03420672544727199,10,0.286185622215271
vidstg,search,frame_drop_5,order1,8,4,episodic,0.18272773223078337,0.5048543689320388,0.3583282492126393,0.19365906682638784,-0.01093133459560447,0.2507665322691059,0.27878102724392184,10,0.21218299865722656
vidstg,search,frame_drop_5,order1,8,4,online100,0.21435261702946778,0.5048543689320388,0.42206441337939565,0.23017670419714506,-0.015824087167677275,0.1309297231987151,0.21359409459403678,8,0.22745582461357117
vidstg,search,frame_drop_5,order1,9,6,episodic,0.338427531613601,0.5986842105263158,0.6032498931533248,0.42014400086074377,-0.08171646924714276,0.059054738304833765,-0.04915700655377575,9,0.21557289361953735
vidstg,search,frame_drop_5,order1,9,6,online100,0.4268921710335459,0.5986842105263158,0.7457625332455144,0.44262465700745324,-0.015732485973907362,-0.031701998182615765,-0.16789863735906363,9,0.24784207344055176
vidstg,search,frame_drop_5,order1,10,20,episodic,0.10721591050000742,0.4742268041237113,0.22608572431523302,0.3055844091819411,-0.19836849868193365,-0.8226452775791142,-0.8004209614942329,10,0.43325865268707275
vidstg,search,frame_drop_5,order1,10,20,online100,0.09807635845447077,0.4742268041237113,0.2068131906539927,0.31579653982504924,-0.21772018137057847,-0.8024379654720423,-0.7871015689325086,10,0.45947349071502686
vidstg,search,frame_drop_5,order1,11,17,episodic,0.22623974752321074,0.25,0.6963206493225891,0.04718653008165567,0.17905321744155506,0.475925190475304,-0.09633398568916635,9,0.5126587748527527
vidstg,search,frame_drop_5,order1,11,17,online100,0.22931092409298312,0.25,0.6928517985051986,0.042930406170967224,0.1863805179220159,0.5828090751321244,-0.06313721326500082,9,0.5318587720394135
vidstg,search,frame_drop_5,order1,12,24,episodic,0.10800857942511324,0.3177842565597668,0.19328572629200877,0.0024309802229784106,0.10557759920213483,-0.10928805061640692,-0.2224970584450379,9,0.3448392115533352
vidstg,search,frame_drop_5,order1,12,24,online100,0.15600044883146894,0.3177842565597668,0.21541298408641885,0.008106313229885184,0.14789413560158376,-0.009253584010341917,-0.038334368958205356,10,0.5157263465225697
vidstg,search,frame_drop_5,order1,13,2,episodic,7.0729965395442484e-06,0.46190476190476193,0.0005566787117429856,7.0729965395442484e-06,0.0,0.0,0.0,0,0.0
vidstg,search,frame_drop_5,order1,13,2,online100,0.0011198078475915239,0.46190476190476193,0.004734619074475365,0.0011198078475915239,0.0,0.0,0.0,0,0.0
vidstg,search,frame_drop_5,order1,14,0,episodic,0.00030831144947523066,0.144136078782453,0.00030831144947523066,0.02270908047380844,-0.02240076902433321,-0.2135622880011982,-0.032576023834969055,10,0.4219753220677376
vidstg,search,frame_drop_5,order1,14,0,online100,0.0005332465636678917,0.144136078782453,0.0005332465636678917,0.03213162255901631,-0.03159837599534842,-0.27378247294473174,-0.04225703547108579,10,0.3777707368135452
vidstg,search,frame_drop_5,order1,15,9,episodic,0.06359420096856072,0.390625,0.19488249063797497,0.06359420096856072,0.0,0.0,0.0,0,0.0
vidstg,search,frame_drop_5,order1,15,9,online100,0.06388862303814541,0.390625,0.1967255991310009,0.06388862303814541,0.0,0.0,0.0,0,0.0
vidstg,search,frame_drop_5,order1,16,26,episodic,0.11856904809543223,0.6744904261890056,0.12852388686971744,0.2542308727065672,-0.13566182461113496,-0.1806389738700664,0.04180046234082502,9,0.8918461427092552
vidstg,search,frame_drop_5,order1,16,26,online100,0.12070708629981337,0.6744904261890056,0.13038884495151917,0.2633759551828361,-0.14266886888302271,-0.16966125048415998,0.0490448609688342,10,0.8839579224586487
vidstg,search,frame_drop_5,order1,17,22,episodic,0.59032640703486,0.6785714285714286,0.8699547051040041,0.5000598906028615,0.09026651643199846,0.03903585899796591,0.0714629894125961,10,0.15275156497955322
vidstg,search,frame_drop_5,order1,17,22,online100,0.5819139712284543,0.6785714285714286,0.857557431284038,0.5207263591361814,0.06118761209227297,-0.009076048891975552,-0.005352000020099279,8,0.07775616645812988
vidstg,search,frame_drop_5,order1,18,5,episodic,0.4914237110112472,0.6312056737588653,0.7775117131437584,0.39842744525974244,0.09299626575150477,-0.03191089102762312,-0.06473964479578631,5,0.11630821228027344
vidstg,search,frame_drop_5,order1,18,5,online100,0.4852971999707781,0.6312056737588653,0.7703636145488886,0.44280534434836727,0.04249185562241081,0.05376783582278255,0.03509615272786726,7,0.07835179567337036
vidstg,search,frame_drop_5,order1,19,13,episodic,0.032200398236078384,0.05448717948717949,0.5909720146856738,0.03271640018409305,-0.0005160019480146688,-0.09471620629744776,-0.06805180114306741,8,0.1370341181755066
vidstg,search,frame_drop_5,order1,19,13,online100,0.034052245053845735,0.05448717948717949,0.6249588503999923,0.03367526289061306,0.0003769821632326753,0.19099181529892406,0.1460517555399521,9,0.13832920789718628
vidstg,search,frame_drop_5,order1,20,18,episodic,0.0,0.0,0.04396916754586041,0.0,0.0,0.0,0.0,0,0.0
vidstg,search,frame_drop_5,order1,20,18,online100,0.0,0.0,0.029279984607945675,0.0,0.0,0.0,0.0,0,0.0
vidstg,search,frame_drop_5,order1,21,10,episodic,0.09070059831671168,0.7914110429447853,0.10798202320233179,0.22558703205257236,-0.13488643373586068,-0.21897635680923117,-0.2294256029911093,9,0.3915216028690338
vidstg,search,frame_drop_5,order1,21,10,online100,0.09746915767757727,0.7914110429447853,0.1149716061714953,0.23984634778295927,-0.142377190105382,-0.3089500505350393,-0.3252713744489322,7,0.22162550687789917
vidstg,search,frame_drop_5,order1,22,28,episodic,0.7380398237532501,0.8521739130434782,0.8686465323392141,0.5984707954490613,0.1395690283041887,0.0771545703401858,0.05234257604891801,10,0.15667209029197693
vidstg,search,frame_drop_5,order1,22,28,online100,0.6907120090022618,0.8521739130434782,0.8110994417152687,0.6007783299865694,0.08993367901569238,0.015461764184340532,0.0025256382337347505,10,0.15933972597122192
vidstg,search,frame_drop_5,order1,23,31,episodic,0.0,0.8921832884097035,0.0,0.0,0.0,0.0,0.0,0,0.0
vidstg,search,frame_drop_5,order1,23,31,online100,0.0,0.8921832884097035,0.0,0.0,0.0,0.0,0.0,0,0.0
vidstg,search,frame_drop_5,order1,24,23,episodic,0.0,0.0,0.644969921696502,0.0,0.0,-0.15213623229629436,0.011877797394628908,10,0.10898947715759277
vidstg,search,frame_drop_5,order1,24,23,online100,0.0,0.0,0.6446017545017702,0.0,0.0,-0.1243068543521727,0.07557844846785344,10,0.11110788583755493
vidstg,search,frame_drop_5,order1,25,21,episodic,0.3733925292259039,0.810126582278481,0.46090640326322513,0.3733925292259039,0.0,0.0,0.0,0,0.0
vidstg,search,frame_drop_5,order1,25,21,online100,0.3610519574871076,0.810126582278481,0.4456735100231485,0.3610519574871076,0.0,0.0,0.0,0,0.0
vidstg,search,frame_drop_5,order1,26,11,episodic,0.5549521998363904,0.84375,0.6342310855273033,0.6310749505358236,-0.0761227506994332,0.032842983691807714,0.10261982215449844,8,0.18919044733047485
vidstg,search,frame_drop_5,order1,26,11,online100,0.5563997121842332,0.84375,0.6358853853534094,0.630073409908476,-0.07367369772424281,0.007504103835629605,0.0003242149104846215,9,0.14603376388549805
vidstg,search,frame_drop_5,order1,27,12,episodic,0.43725197110844954,0.7593984962406015,0.5825133600009391,0.3712854431718686,0.06596652793658092,0.11601109480903665,0.18629516754208308,9,0.3952122926712036
vidstg,search,frame_drop_5,order1,27,12,online100,0.42595211278359135,0.7593984962406015,0.5655705954624691,0.39949343667670345,0.0264586761068879,0.07067359283606112,0.12619820660789166,10,0.26552969217300415
vidstg,search,frame_drop_5,order1,28,29,episodic,0.0,0.0,0.0,0.0,0.0,0.053275200684849366,0.06276368451502046,9,0.21399736404418945
vidstg,search,frame_drop_5,order1,28,29,online100,0.0,0.0,0.0,0.0,0.0,0.02282677836429947,0.005316357685829276,10,0.15179646015167236
vidstg,search,frame_drop_5,order1,29,16,episodic,2.1907470495945656e-05,0.10043668122270742,0.00021812220624224153,2.1907470495945656e-05,0.0,0.0,0.0,0,0.0
vidstg,search,frame_drop_5,order1,29,16,online100,0.0013967285663273226,0.10043668122270742,0.013906558334302474,0.0013967285663273226,0.0,0.0,0.0,0,0.0
vidstg,search,frame_drop_5,order1,30,30,episodic,0.1408761894200733,0.22748815165876776,0.5700765758519503,0.062196832673326034,0.07867935674674725,-0.03625824839352748,-0.006192336314833624,10,0.4942668378353119
vidstg,search,frame_drop_5,order1,30,30,online100,0.12951884288097967,0.22748815165876776,0.5402857684960473,0.06922153098061797,0.06029731190036171,0.0076481130575835055,0.02209543852466267,1,0.45751962065696716
vidstg,search,frame_drop_5,order1,31,14,episodic,0.0,0.0,0.20699719070230144,0.0,0.0,0.27619367377634885,-0.018733558207933432,10,0.514120914041996
vidstg,search,frame_drop_5,order1,31,14,online100,0.0,0.0,0.2039083490374668,0.0,0.0,0.135431929532697,-0.21686822683308293,10,0.4324547052383423
vidstg,search,frame_drop_5,order2,0,1,episodic,0.0,0.0,0.0,0.0,0.0,0.0,0.0,0,0.0
vidstg,search,frame_drop_5,order2,0,1,online100,0.0,0.0,0.0,0.0,0.0,0.0,0.0,0,0.0
vidstg,search,frame_drop_5,order2,1,18,episodic,0.0,0.0,0.04396916754586041,0.0,0.0,0.0,0.0,0,0.0
vidstg,search,frame_drop_5,order2,1,18,online100,0.0,0.0,0.04396916754586041,0.0,0.0,0.0,0.0,0,0.0
vidstg,search,frame_drop_5,order2,2,20,episodic,0.10721591050000742,0.4742268041237113,0.22608572431523302,0.3055844091819411,-0.19836849868193365,-0.8226452775791142,-0.8004209614942329,10,0.43325865268707275
vidstg,search,frame_drop_5,order2,2,20,online100,0.10721591050000742,0.4742268041237113,0.22608572431523302,0.3055844091819411,-0.19836849868193365,-0.8226452775791142,-0.8004209614942329,10,0.43325865268707275
vidstg,search,frame_drop_5,order2,3,22,episodic,0.59032640703486,0.6785714285714286,0.8699547051040041,0.5000598906028615,0.09026651643199846,0.03903585899796591,0.0714629894125961,10,0.15275156497955322
vidstg,search,frame_drop_5,order2,3,22,online100,0.5868276433161412,0.6785714285714286,0.864798632255366,0.5034140063780297,0.08341363693811155,0.016858923261972136,0.033599258194766723,4,0.13446497917175293
vidstg,search,frame_drop_5,order2,4,10,episodic,0.09070059831671168,0.7914110429447853,0.10798202320233179,0.22558703205257236,-0.13488643373586068,-0.21897635680923117,-0.2294256029911093,9,0.3915216028690338
vidstg,search,frame_drop_5,order2,4,10,online100,0.0860222089537638,0.7914110429447853,0.10182060042779185,0.2654790526937156,-0.17945684373995177,-0.23979949650401672,-0.24000738667476634,10,0.35393258929252625
vidstg,search,frame_drop_5,order2,5,17,episodic,0.22623974752321074,0.25,0.6963206493225891,0.04718653008165567,0.17905321744155506,0.475925190475304,-0.09633398568916635,9,0.5126587748527527
vidstg,search,frame_drop_5,order2,5,17,online100,0.2295000222285352,0.25,0.6999420583742204,0.04490162189079294,0.18459840033774225,0.5246400860886431,-0.08107578392543568,9,0.52353635430336
vidstg,search,frame_drop_5,order2,6,16,episodic,2.1907470495945656e-05,0.10043668122270742,0.00021812220624224153,2.1907470495945656e-05,0.0,0.0,0.0,0,0.0
vidstg,search,frame_drop_5,order2,6,16,online100,0.000634562284601872,0.10043668122270742,0.006318033181470812,0.000634562284601872,0.0,0.0,0.0,0,0.0
vidstg,search,frame_drop_5,order2,7,13,episodic,0.032200398236078384,0.05448717948717949,0.5909720146856738,0.03271640018409305,-0.0005160019480146688,-0.09471620629744776,-0.06805180114306741,8,0.1370341181755066
vidstg,search,frame_drop_5,order2,7,13,online100,0.03465632041615716,0.05448717948717949,0.6360454099906491,0.03320350648761099,0.0014528139285461747,0.0933951806962331,0.07522727303878973,10,0.15349078178405762
vidstg,search,frame_drop_5,order2,8,15,episodic,0.0,0.0,0.5830010684113631,0.0,0.0,0.14971937503368826,0.15642189519413918,6,0.29647959768772125
vidstg,search,frame_drop_5,order2,8,15,online100,0.0,0.0,0.7177846986826626,0.0,0.0,0.17471102333144473,0.17900826568551886,10,0.29617899656295776
vidstg,search,frame_drop_5,order2,9,31,episodic,0.0,0.8921832884097035,0.0,0.0,0.0,0.0,0.0,0,0.0
vidstg,search,frame_drop_5,order2,9,31,online100,0.0,0.8921832884097035,0.0,0.0,0.0,0.0,0.0,0,0.0
vidstg,search,frame_drop_5,order2,10,23,episodic,0.0,0.0,0.644969921696502,0.0,0.0,-0.15213623229629436,0.011877797394628908,10,0.10898947715759277
vidstg,search,frame_drop_5,order2,10,23,online100,0.0,0.0,0.7171907480769686,0.0,0.0,-0.13218595117779486,0.0633942132291272,9,0.11881548166275024
vidstg,search,frame_drop_5,order2,11,28,episodic,0.7380398237532501,0.8521739130434782,0.8686465323392141,0.5984707954490613,0.1395690283041887,0.0771545703401858,0.05234257604891801,10,0.15667209029197693
vidstg,search,frame_drop_5,order2,11,28,online100,0.7100489889151305,0.8521739130434782,0.8361171215353209,0.6010382013705177,0.1090107875446128,0.005664504782145419,-0.0084092966551792,10,0.15955689549446106
vidstg,search,frame_drop_5,order2,12,30,episodic,0.1408761894200733,0.22748815165876776,0.5700765758519503,0.062196832673326034,0.07867935674674725,-0.03625824839352748,-0.006192336314833624,10,0.4942668378353119
vidstg,search,frame_drop_5,order2,12,30,online100,0.14400904763420377,0.22748815165876776,0.5987623026814985,0.061774495004199306,0.08223455263000447,-0.04150902464152478,-0.017524246064876903,9,0.49835167825222015
vidstg,search,frame_drop_5,order2,13,21,episodic,0.3733925292259039,0.810126582278481,0.46090640326322513,0.3733925292259039,0.0,0.0,0.0,0,0.0
vidstg,search,frame_drop_5,order2,13,21,online100,0.3964294831727821,0.810126582278481,0.48934264329140287,0.3964294831727821,0.0,0.0,0.0,0,0.0
vidstg,search,frame_drop_5,order2,14,4,episodic,0.18272773223078337,0.5048543689320388,0.3583282492126393,0.19365906682638784,-0.01093133459560447,0.2507665322691059,0.27878102724392184,10,0.21218299865722656
vidstg,search,frame_drop_5,order2,14,4,online100,0.23048070870023937,0.5048543689320388,0.4644474425450428,0.20351153405373895,0.02696917464650042,0.08023388461993669,0.19891411419610672,10,0.22615286707878113
vidstg,search,frame_drop_5,order2,15,26,episodic,0.11856904809543223,0.6744904261890056,0.12852388686971744,0.2542308727065672,-0.13566182461113496,-0.1806389738700664,0.04180046234082502,9,0.8918461427092552
vidstg,search,frame_drop_5,order2,15,26,online100,0.11784338685107555,0.6744904261890056,0.12693876009805813,0.2740956286211826,-0.15625224177010705,-0.1463748962852111,0.06608748334368697,10,0.8735626041889191
vidstg,search,frame_drop_5,order2,16,11,episodic,0.5549521998363904,0.84375,0.6342310855273033,0.6310749505358236,-0.0761227506994332,0.032842983691807714,0.10261982215449844,8,0.18919044733047485
vidstg,search,frame_drop_5,order2,16,11,online100,0.5537117157608947,0.84375,0.6328133894410225,0.6320930663202557,-0.07838135055936102,0.023622412565321715,0.038410042639600295,9,0.12704598903656006
vidstg,search,frame_drop_5,order2,17,14,episodic,0.0,0.0,0.20699719070230144,0.0,0.0,0.27619367377634885,-0.018733558207933432,10,0.514120914041996
vidstg,search,frame_drop_5,order2,17,14,online100,0.0,0.0,0.18939208495356197,0.0,0.0,0.2811142383663394,-0.04776254358135312,10,0.46625474095344543
vidstg,search,frame_drop_5,order2,18,27,episodic,0.14932835333974526,0.5619834710743802,0.21423205254462252,0.14932835333974526,0.0,0.0,0.0,0,0.0
vidstg,search,frame_drop_5,order2,18,27,online100,0.15105721129140323,0.5619834710743802,0.21740580434839202,0.15105721129140323,0.0,0.0,0.0,0,0.0
vidstg,search,frame_drop_5,order2,19,0,episodic,0.00030831144947523066,0.144136078782453,0.00030831144947523066,0.02270908047380844,-0.02240076902433321,-0.2135622880011982,-0.032576023834969055,10,0.4219753220677376
vidstg,search,frame_drop_5,order2,19,0,online100,0.020583618962746023,0.144136078782453,0.020583618962746023,0.029924658737825287,-0.009341039775079264,-0.14487233459516813,-0.02265350584219789,1,0.18880706280469894
vidstg,search,frame_drop_5,order2,20,19,episodic,0.23704823670029485,0.2648221343873518,0.85828802628919,0.17283229776342834,0.0642159389368665,-0.008831687974316993,-0.007293155832593157,7,0.24614089727401733
vidstg,search,frame_drop_5,order2,20,19,online100,0.2423708974383501,0.2648221343873518,0.8407443130824428,0.19472990205931062,0.047640995379039486,0.01623691167577135,0.004484929495285672,10,0.16026175022125244
vidstg,search,frame_drop_5,order2,21,12,episodic,0.43725197110844954,0.7593984962406015,0.5825133600009391,0.3712854431718686,0.06596652793658092,0.11601109480903665,0.18629516754208308,9,0.3952122926712036
vidstg,search,frame_drop_5,order2,21,12,online100,0.4181734914477172,0.7593984962406015,0.5492533034846561,0.3849406477071168,0.033232843740600426,0.04173170145948796,0.05979370270824419,10,0.29114723205566406
vidstg,search,frame_drop_5,order2,22,8,episodic,0.09940409383089265,0.8161209068010076,0.1675684584156616,0.09946066249002632,-5.656865913367115e-05,-0.1267638303959025,-0.12030255923402117,10,0.5052913725376129
vidstg,search,frame_drop_5,order2,22,8,online100,0.0848392537656332,0.8161209068010076,0.15141482339225826,0.13622078837636373,-0.05138153461073053,-0.2644063643133183,-0.2561969634367881,10,0.4451884627342224
vidstg,search,frame_drop_5,order2,23,24,episodic,0.10800857942511324,0.3177842565597668,0.19328572629200877,0.0024309802229784106,0.10557759920213483,-0.10928805061640692,-0.2224970584450379,9,0.3448392115533352
vidstg,search,frame_drop_5,order2,23,24,online100,0.15966200284100113,0.3177842565597668,0.2604912663929002,0.0029692930253664507,0.15669270981563468,-0.11493995263304856,-0.17754567294645376,10,0.4298300058580935
vidstg,search,frame_drop_5,order2,24,3,episodic,0.0035884756702770034,0.00641025641025641,0.4046150381348192,0.0042715769373326785,-0.0006831012670556751,0.048538420516343495,-0.10252044666110993,10,0.2887248992919922
vidstg,search,frame_drop_5,order2,24,3,online100,0.004629010364791704,0.00641025641025641,0.6397457350685388,0.00429706013341914,0.00033195023137256446,0.08571154063894304,-0.019219376069839367,10,0.25923433899879456
vidstg,search,frame_drop_5,order2,25,5,episodic,0.4914237110112472,0.6312056737588653,0.7775117131437584,0.39842744525974244,0.09299626575150477,-0.03191089102762312,-0.06473964479578631,5,0.11630821228027344
vidstg,search,frame_drop_5,order2,25,5,online100,0.47521085914129824,0.6312056737588653,0.7544070772191385,0.44640166233507617,0.02880919680622207,0.03535238470562185,-0.032105184995020464,8,0.09548944234848022
vidstg,search,frame_drop_5,order2,26,2,episodic,7.0729965395442484e-06,0.46190476190476193,0.0005566787117429856,7.0729965395442484e-06,0.0,0.0,0.0,0,0.0
vidstg,search,frame_drop_5,order2,26,2,online100,0.0007703844482996343,0.46190476190476193,0.00423325892838147,0.0007703844482996343,0.0,0.0,0.0,0,0.0
vidstg,search,frame_drop_5,order2,27,7,episodic,0.0,0.0,0.04898804486751303,0.0,0.0,0.0,0.0,0,0.0
vidstg,search,frame_drop_5,order2,27,7,online100,0.0,0.0,0.041555412220695205,0.0,0.0,0.0,0.0,0,0.0
vidstg,search,frame_drop_5,order2,28,6,episodic,0.338427531613601,0.5986842105263158,0.6032498931533248,0.42014400086074377,-0.08171646924714276,0.059054738304833765,-0.04915700655377575,9,0.21557289361953735
vidstg,search,frame_drop_5,order2,28,6,online100,0.3810287748350392,0.5986842105263158,0.6931534925484554,0.4442976626774443,-0.06326888784240509,-0.068973783550492,-0.1943520581547159,10,0.21598851680755615
vidstg,search,frame_drop_5,order2,29,9,episodic,0.06359420096856072,0.390625,0.19488249063797497,0.06359420096856072,0.0,0.0,0.0,0,0.0
vidstg,search,frame_drop_5,order2,29,9,online100,0.07490199797350229,0.390625,0.2249326584441145,0.07490199797350229,0.0,0.0,0.0,0,0.0
vidstg,search,frame_drop_5,order2,30,25,episodic,0.2854476502421039,0.42857142857142855,0.6660445172315758,0.31480142147413426,-0.029353771232030368,0.048480251173493416,0.11778182875784438,9,0.16726428270339966
vidstg,search,frame_drop_5,order2,30,25,online100,0.3105618488827005,0.42857142857142855,0.7246443140596346,0.33245406379236236,-0.021892214909661867,0.03112007729794164,0.1177802714352616,10,0.14981818199157715
vidstg,search,frame_drop_5,order2,31,29,episodic,0.0,0.0,0.0,0.0,0.0,0.053275200684849366,0.06276368451502046,9,0.21399736404418945
vidstg,search,frame_drop_5,order2,31,29,online100,0.0,0.0,0.0,0.0,0.0,0.02030634071828974,-0.0014584850252103987,7,0.14041638374328613
vidstg,search,frame_freeze_5,order1,0,8,episodic,0.14004628377163478,0.6794871794871795,0.20477273530408327,0.07696162394492956,0.06308465982670522,0.19952055858163864,0.17420209555802058,10,0.4518468379974365
vidstg,search,frame_freeze_5,order1,0,8,online100,0.14004628377163478,0.6794871794871795,0.20477273530408327,0.07696162394492956,0.06308465982670522,0.19952055858163864,0.17420209555802058,10,0.4518468379974365
vidstg,search,frame_freeze_5,order1,1,15,episodic,0.0,0.0,0.5830010684113631,0.0,0.0,0.14971937503368826,0.15642189519413918,6,0.29647959768772125
vidstg,search,frame_freeze_5,order1,1,15,online100,0.0,0.0,0.5717254219414407,0.0,0.0,0.14640316973386291,0.1526106859563947,10,0.29648174345493317
vidstg,search,frame_freeze_5,order1,2,19,episodic,0.6991485535215912,0.8087248322147651,0.864507340039146,0.5574165605032827,0.14173199301830852,-0.011537240459119524,-0.010618056845974944,8,0.18598365783691406
vidstg,search,frame_freeze_5,order1,2,19,online100,0.6919507477819145,0.8087248322147651,0.8556071487095872,0.5759369337529908,0.11601381402892363,-0.00944790835634135,-0.007382926200346529,9,0.16116327047348022
vidstg,search,frame_freeze_5,order1,3,27,episodic,0.08730624116447107,0.35883905013192613,0.19672355647695638,0.08730624116447107,0.0,0.0,0.0,0,0.0
vidstg,search,frame_freeze_5,order1,3,27,online100,0.08739442907784001,0.35883905013192613,0.19704210774977018,0.08739442907784001,0.0,0.0,0.0,0,0.0
vidstg,search,frame_freeze_5,order1,4,7,episodic,0.0,0.0,0.05036806143418488,0.0,0.0,0.0,0.0,0,0.0
vidstg,search,frame_freeze_5,order1,4,7,online100,0.0,0.0,0.05116279410941771,0.0,0.0,0.0,0.0,0,0.0
vidstg,search,frame_freeze_5,order1,5,1,episodic,0.0,0.0,0.0,0.0,0.0,0.0,0.0,0,0.0
vidstg,search,frame_freeze_5,order1,5,1,online100,0.0,0.0,0.0,0.0,0.0,0.0,0.0,0,0.0
vidstg,search,frame_freeze_5,order1,6,25,episodic,0.08958770445784717,0.11174785100286533,0.8016950988663759,0.08207678018979545,0.007510924268051722,-0.008251220963375716,0.015580344774835164,10,0.20541244745254517
vidstg,search,frame_freeze_5,order1,6,25,online100,0.09311234329523083,0.11174785100286533,0.8332360976932194,0.0830326537625427,0.010079689532688133,-0.011415496186204854,0.0074088781130254855,10,0.2321721911430359
vidstg,search,frame_freeze_5,order1,7,3,episodic,0.11232211652129663,0.19254658385093168,0.6079598045507616,0.11046722574529659,0.00185489077600004,-0.12702811338163433,-0.10032395226565016,10,0.32196688652038574
vidstg,search,frame_freeze_5,order1,7,3,online100,0.123165377207223,0.19254658385093168,0.6385676551849547,0.11579789622772672,0.0073674809794962715,0.03271748137577235,0.029801470835608468,8,0.2711822986602783
vidstg,search,frame_freeze_5,order1,8,4,episodic,0.2128238467117336,0.5048543689320388,0.4055942692744285,0.19371974360187655,0.01910410310985705,0.16392187784256396,0.20024792021443116,10,0.26792803406715393
vidstg,search,frame_freeze_5,order1,8,4,online100,0.20121766048935422,0.5048543689320388,0.3855781494946477,0.2227912992847673,-0.021573638795413075,0.251703755567747,0.2886440217067856,10,0.22239521145820618
vidstg,search,frame_freeze_5,order1,9,6,episodic,0.338321052032297,0.5986842105263158,0.603160477147141,0.42007448465080016,-0.08175343261850315,0.05921394831011939,-0.02302328987398583,9,0.2155855894088745
vidstg,search,frame_freeze_5,order1,9,6,online100,0.3735398081342036,0.5986842105263158,0.6556924946157651,0.44154789485161483,-0.06800808671741121,0.02785153744731861,-0.06459261869393462,10,0.1868077516555786
vidstg,search,frame_freeze_5,order1,10,20,episodic,0.10721591050000742,0.4742268041237113,0.22608572431523302,0.3055844091819411,-0.19836849868193365,-0.8226452775791142,-0.8004209614942329,10,0.43325865268707275
vidstg,search,frame_freeze_5,order1,10,20,online100,0.09620699695304905,0.4742268041237113,0.20287127618360343,0.3163326116800397,-0.22012561472699063,-0.8136146970951369,-0.7991953325682153,10,0.4667881280183792
vidstg,search,frame_freeze_5,order1,11,17,episodic,0.2618814441814634,0.3951612903225806,0.6559860169342498,0.22184187061320274,0.040039573568260683,0.12851480704615537,-0.03281070274902759,10,0.20650362968444824
vidstg,search,frame_freeze_5,order1,11,17,online100,0.25522678982600877,0.3951612903225806,0.6706639545480156,0.2356751966227094,0.019551593203299383,0.09632665057741374,-0.04236494254849954,5,0.1164400577545166
vidstg,search,frame_freeze_5,order1,12,24,episodic,0.2153626660472856,0.7376093294460642,0.2175018841246532,0.002350305665093919,0.21301236038219168,-0.07871420092013581,-0.11401897691511378,10,0.6156476016622037
vidstg,search,frame_freeze_5,order1,12,24,online100,0.09789385540367167,0.7376093294460642,0.09789385540367167,0.0058197660811570955,0.09207408932251457,-0.046722897956296056,-0.09350245992322587,10,0.4067893251776695
vidstg,search,frame_freeze_5,order1,13,2,episodic,0.0005778335174805237,0.919047619047619,0.0005778335174805237,0.0005778335174805237,0.0,0.0,0.0,0,0.0
vidstg,search,frame_freeze_5,order1,13,2,online100,0.003299187471472418,0.919047619047619,0.003519057733517633,0.003299187471472418,0.0,0.0,0.0,0,0.0
vidstg,search,frame_freeze_5,order1,14,0,episodic,0.00030831144947523066,0.144136078782453,0.00030831144947523066,0.02270908047380844,-0.02240076902433321,-0.2135622880011982,-0.032576023834969055,10,0.4219753220677376
vidstg,search,frame_freeze_5,order1,14,0,online100,0.03283722164027725,0.144136078782453,0.03303878183879057,0.03283722164027725,0.0,0.0,0.0,0,0.0
vidstg,search,frame_freeze_5,order1,15,9,episodic,0.03949607712345847,0.2014388489208633,0.1960698114343117,0.03949607712345847,0.0,0.0,0.0,0,0.0
vidstg,search,frame_freeze_5,order1,15,9,online100,0.03879824059770661,0.2014388489208633,0.19260555153861494,0.03879824059770661,0.0,0.0,0.0,0,0.0
vidstg,search,frame_freeze_5,order1,16,26,episodic,0.11714408093632811,0.6744904261890056,0.1281742071556043,0.2542024477604718,-0.13705836682414368,-0.17197112892557798,0.03166081036140689,9,0.8885005190968513
vidstg,search,frame_freeze_5,order1,16,26,online100,0.11671675869288183,0.6744904261890056,0.12664915641153177,0.251094699258735,-0.13437794056585317,-0.17507363590492608,0.025361343896348698,10,0.8822042606770992
vidstg,search,frame_freeze_5,order1,17,22,episodic,0.5907950922844485,0.6785714285714286,0.8706453991560293,0.4999862869102955,0.09080880537415298,0.04074008574068655,0.09031061330363144,10,0.15348947048187256
vidstg,search,frame_freeze_5,order1,17,22,online100,0.5960780264361375,0.6785714285714286,0.8784307758006238,0.5374715551664208,0.05860647126971674,-0.018365869545173608,0.03335227782261274,10,0.061122894287109375
vidstg,search,frame_freeze_5,order1,18,5,episodic,0.4914237110112472,0.6312056737588653,0.7775117131437584,0.39842744525974244,0.09299626575150477,-0.03191089102762312,-0.06473964479578631,5,0.11630821228027344
vidstg,search,frame_freeze_5,order1,18,5,online100,0.47622991273456555,0.6312056737588653,0.756315603978613,0.4403701321885059,0.03585978054605965,0.06250721218234201,0.03568187991657623,9,0.09342950582504272
vidstg,search,frame_freeze_5,order1,19,13,episodic,0.022353307892712674,0.0319634703196347,0.6498964531921139,0.02118172602827114,0.0011715818644415336,-0.20429526958511557,-0.15275326483438967,10,0.1594718098640442
vidstg,search,frame_freeze_5,order1,19,13,online100,0.02272136352832143,0.0319634703196347,0.6653239001828848,0.02277784395052527,-5.6480422203838976e-05,-0.20268369341209652,-0.15445223731012825,10,0.11629819869995117
vidstg,search,frame_freeze_5,order1,20,18,episodic,0.0,0.0,0.04722982170615857,0.0,0.0,0.0,0.0,0,0.0
vidstg,search,frame_freeze_5,order1,20,18,online100,0.0,0.0,0.03571767253591495,0.0,0.0,0.0,0.0,0,0.0
vidstg,search,frame_freeze_5,order1,21,10,episodic,0.04668222727891523,0.8282208588957055,0.05348237852779626,0.23167324968483105,-0.1849910224059158,-0.5273115203982596,-0.5383316164181705,10,0.4624950736761093
vidstg,search,frame_freeze_5,order1,21,10,online100,0.05194724161087825,0.8282208588957055,0.0593868524118281,0.24772763576714132,-0.19578039415626308,-0.5170756660638602,-0.5255927049030106,10,0.42728689312934875
vidstg,search,frame_freeze_5,order1,22,28,episodic,0.3321590249062698,0.859504132231405,0.3864542501313331,0.608693069349036,-0.2765340444427662,-0.12608921356287162,-0.11461349127375264,10,0.4251808375120163
vidstg,search,frame_freeze_5,order1,22,28,online100,0.3092941295541245,0.859504132231405,0.3598518238081641,0.6145482288447487,-0.3052540992906242,-0.19017599050039635,-0.17636276224216496,10,0.4196256846189499
vidstg,search,frame_freeze_5,order1,23,31,episodic,0.0,0.9624664879356568,0.0,0.0,0.0,0.0,0.0,0,0.0
vidstg,search,frame_freeze_5,order1,23,31,online100,0.0,0.9624664879356568,0.0,0.0,0.0,0.0,0.0,0,0.0
vidstg,search,frame_freeze_5,order1,24,23,episodic,0.0,0.0,0.644969921696502,0.0,0.0,-0.15213623229629436,0.011877797394628908,10,0.10898947715759277
vidstg,search,frame_freeze_5,order1,24,23,online100,0.0,0.0,0.7361202342674289,0.0,0.0,-0.07287030745982548,0.11696075553509566,10,0.060602784156799316
vidstg,search,frame_freeze_5,order1,25,21,episodic,0.3046906228118961,0.6597938144329897,0.46179672519928,0.3046906228118961,0.0,0.0,0.0,0,0.0
vidstg,search,frame_freeze_5,order1,25,21,online100,0.2942372007268252,0.6597938144329897,0.4459532573515944,0.2942372007268252,0.0,0.0,0.0,0,0.0
vidstg,search,frame_freeze_5,order1,26,11,episodic,0.5550405223354318,0.84375,0.6343320255262077,0.6310747971486175,-0.0760342748131857,0.03285205495684529,0.12671864411909411,8,0.1891738772392273
vidstg,search,frame_freeze_5,order1,26,11,online100,0.5779375868748117,0.84375,0.660500099285499,0.6201697183768985,-0.04223213150208682,0.03559680971626611,-0.010492352016502393,10,0.14417636394500732
vidstg,search,frame_freeze_5,order1,27,12,episodic,0.18115959245509736,0.3542319749216301,0.511415132682974,0.15844998058008386,0.022709611875013497,0.03611609632218804,0.008205563126665538,9,0.1389494240283966
vidstg,search,frame_freeze_5,order1,27,12,online100,0.19330106909817202,0.3542319749216301,0.5456906286930697,0.1644500621449529,0.028851006953219127,-0.05343879828503828,-0.08541035168157318,10,0.14773309230804443
vidstg,search,frame_freeze_5,order1,28,29,episodic,0.0,0.0,0.0,0.0,0.0,0.05339052684755685,0.044129220552907356,9,0.21403634548187256
vidstg,search,frame_freeze_5,order1,28,29,online100,0.0,0.0,0.0,0.0,0.0,-0.0049142599263370945,-0.028606029175618275,9,0.1769007444381714
vidstg,search,frame_freeze_5,order1,29,16,episodic,2.7482037930762635e-05,0.11219512195121951,0.00024494859894810177,2.7482037930762635e-05,0.0,0.0,0.0,0,0.0
vidstg,search,frame_freeze_5,order1,29,16,online100,0.0012026890817557246,0.11219512195121951,0.010719620076518414,0.0012026890817557246,0.0,0.0,0.0,0,0.0
vidstg,search,frame_freeze_5,order1,30,30,episodic,0.025714948728044404,0.30414746543778803,0.07154030607673892,0.08196699754391,-0.056252048815865596,-0.46888378389045304,-0.4718410960687079,10,0.18811841309070587
vidstg,search,frame_freeze_5,order1,30,30,online100,0.05609366509070568,0.30414746543778803,0.17590096354724466,0.09825906323481892,-0.04216539814411324,-0.4815465113022478,-0.4733664554579031,7,0.06667739152908325
vidstg,search,frame_freeze_5,order1,31,14,episodic,0.0,0.0,0.28242566043131156,0.0,0.0,0.26329816278806284,0.13398141970628397,2,0.32824797183275223
vidstg,search,frame_freeze_5,order1,31,14,online100,0.0,0.0,0.21108498363927983,0.0,0.0,0.1791457194868903,-0.19161311189586405,9,0.46182721853256226
vidstg,search,frame_freeze_5,order2,0,1,episodic,0.0,0.0,0.0,0.0,0.0,0.0,0.0,0,0.0
vidstg,search,frame_freeze_5,order2,0,1,online100,0.0,0.0,0.0,0.0,0.0,0.0,0.0,0,0.0
vidstg,search,frame_freeze_5,order2,1,18,episodic,0.0,0.0,0.04722982170615857,0.0,0.0,0.0,0.0,0,0.0
vidstg,search,frame_freeze_5,order2,1,18,online100,0.0,0.0,0.04722982170615857,0.0,0.0,0.0,0.0,0,0.0
vidstg,search,frame_freeze_5,order2,2,20,episodic,0.10721591050000742,0.4742268041237113,0.22608572431523302,0.3055844091819411,-0.19836849868193365,-0.8226452775791142,-0.8004209614942329,10,0.43325865268707275
vidstg,search,frame_freeze_5,order2,2,20,online100,0.10721591050000742,0.4742268041237113,0.22608572431523302,0.3055844091819411,-0.19836849868193365,-0.8226452775791142,-0.8004209614942329,10,0.43325865268707275
vidstg,search,frame_freeze_5,order2,3,22,episodic,0.5907950922844485,0.6785714285714286,0.8706453991560293,0.4999862869102955,0.09080880537415298,0.04074008574068655,0.09031061330363144,10,0.15348947048187256
vidstg,search,frame_freeze_5,order2,3,22,online100,0.5869263390433515,0.6785714285714286,0.8649440785902021,0.503371961746234,0.08355437729711745,0.016768029676297758,0.039920513688755044,4,0.13529211282730103
vidstg,search,frame_freeze_5,order2,4,10,episodic,0.04668222727891523,0.8282208588957055,0.05348237852779626,0.23167324968483105,-0.1849910224059158,-0.5273115203982596,-0.5383316164181705,10,0.4624950736761093
vidstg,search,frame_freeze_5,order2,4,10,online100,0.04635055352416284,0.8282208588957055,0.05299922303707925,0.27271747721937606,-0.22636692369521322,-0.41610292987283815,-0.4193680049703528,10,0.46549221873283386
vidstg,search,frame_freeze_5,order2,5,17,episodic,0.2618814441814634,0.3951612903225806,0.6559860169342498,0.22184187061320274,0.040039573568260683,0.12851480704615537,-0.03281070274902759,10,0.20650362968444824
vidstg,search,frame_freeze_5,order2,5,17,online100,0.2600023650383764,0.3951612903225806,0.6521340735780518,0.22755532900970463,0.0324470360286718,0.08361350031012527,-0.03213323105864602,8,0.17921632528305054
vidstg,search,frame_freeze_5,order2,6,16,episodic,2.7482037930762635e-05,0.11219512195121951,0.00024494859894810177,2.7482037930762635e-05,0.0,0.0,0.0,0,0.0
vidstg,search,frame_freeze_5,order2,6,16,online100,0.0007419237325172864,0.11219512195121951,0.006612798485480162,0.0007419237325172864,0.0,0.0,0.0,0,0.0
vidstg,search,frame_freeze_5,order2,7,13,episodic,0.022353307892712674,0.0319634703196347,0.6498964531921139,0.02118172602827114,0.0011715818644415336,-0.20429526958511557,-0.15275326483438967,10,0.1594718098640442
vidstg,search,frame_freeze_5,order2,7,13,online100,0.022891069267619052,0.0319634703196347,0.6674502217885463,0.02171394182734467,0.001177127440274383,-0.20287730130167997,-0.14791226913097644,10,0.17274147272109985
vidstg,search,frame_freeze_5,order2,8,15,episodic,0.0,0.0,0.5830010684113631,0.0,0.0,0.14971937503368826,0.15642189519413918,6,0.29647959768772125
vidstg,search,frame_freeze_5,order2,8,15,online100,0.0,0.0,0.6120043181569005,0.0,0.0,0.1453282553066722,0.14345006115877407,10,0.31263771653175354
vidstg,search,frame_freeze_5,order2,9,31,episodic,0.0,0.9624664879356568,0.0,0.0,0.0,0.0,0.0,0,0.0
vidstg,search,frame_freeze_5,order2,9,31,online100,0.0,0.9624664879356568,0.0,0.0,0.0,0.0,0.0,0,0.0
vidstg,search,frame_freeze_5,order2,10,23,episodic,0.0,0.0,0.644969921696502,0.0,0.0,-0.15213623229629436,0.011877797394628908,10,0.10898947715759277
vidstg,search,frame_freeze_5,order2,10,23,online100,0.0,0.0,0.7452735612322517,0.0,0.0,-0.08533249679697019,0.0801783762789744,8,0.09621274471282959
vidstg,search,frame_freeze_5,order2,11,28,episodic,0.3321590249062698,0.859504132231405,0.3864542501313331,0.608693069349036,-0.2765340444427662,-0.12608921356287162,-0.11461349127375264,10,0.4251808375120163
vidstg,search,frame_freeze_5,order2,11,28,online100,0.3211308290892172,0.859504132231405,0.37362336845957,0.6152984277710175,-0.2941675986818003,-0.1362998899601784,-0.12429976551063027,10,0.4243125170469284
vidstg,search,frame_freeze_5,order2,12,30,episodic,0.025714948728044404,0.30414746543778803,0.07154030607673892,0.08196699754391,-0.056252048815865596,-0.46888378389045304,-0.4718410960687079,10,0.18811841309070587
vidstg,search,frame_freeze_5,order2,12,30,online100,0.04383512328962275,0.30414746543778803,0.1334736341573758,0.08478432094898926,-0.040949197659366506,-0.42026307505618354,-0.4146106457567109,10,0.10204198956489563
vidstg,search,frame_freeze_5,order2,13,21,episodic,0.3046906228118961,0.6597938144329897,0.46179672519928,0.3046906228118961,0.0,0.0,0.0,0,0.0
vidstg,search,frame_freeze_5,order2,13,21,online100,0.3227341209230513,0.6597938144329897,0.48914390202399965,0.3227341209230513,0.0,0.0,0.0,0,0.0
vidstg,search,frame_freeze_5,order2,14,4,episodic,0.2128238467117336,0.5048543689320388,0.4055942692744285,0.19371974360187655,0.01910410310985705,0.16392187784256396,0.20024792021443116,10,0.26792803406715393
vidstg,search,frame_freeze_5,order2,14,4,online100,0.32050152675041765,0.5048543689320388,0.6179429698490001,0.19581246810365252,0.12468905864676513,0.06073087501216673,0.16576547672599812,10,0.25200819969177246
vidstg,search,frame_freeze_5,order2,15,26,episodic,0.11714408093632811,0.6744904261890056,0.1281742071556043,0.2542024477604718,-0.13705836682414368,-0.17197112892557798,0.03166081036140689,9,0.8885005190968513
vidstg,search,frame_freeze_5,order2,15,26,online100,0.12146227165911573,0.6744904261890056,0.13209629799013056,0.268234731079712,-0.1467724594205963,-0.12477675859055037,0.06928219503418431,10,0.8796001300215721
vidstg,search,frame_freeze_5,order2,16,11,episodic,0.5550405223354318,0.84375,0.6343320255262077,0.6310747971486175,-0.0760342748131857,0.03285205495684529,0.12671864411909411,8,0.1891738772392273
vidstg,search,frame_freeze_5,order2,16,11,online100,0.5532109902431189,0.84375,0.6322411317064216,0.6231516867993574,-0.06994069655623847,0.025616533382262885,0.004720979916777224,9,0.13446933031082153
vidstg,search,frame_freeze_5,order2,17,14,episodic,0.0,0.0,0.28242566043131156,0.0,0.0,0.26329816278806284,0.13398141970628397,2,0.32824797183275223
vidstg,search,frame_freeze_5,order2,17,14,online100,0.0,0.0,0.2063066669818665,0.0,0.0,0.16334242881302174,-0.20836262431591507,9,0.45537903904914856
vidstg,search,frame_freeze_5,order2,18,27,episodic,0.08730624116447107,0.35883905013192613,0.19672355647695638,0.08730624116447107,0.0,0.0,0.0,0,0.0
vidstg,search,frame_freeze_5,order2,18,27,online100,0.09116177827329182,0.35883905013192613,0.20628697698691642,0.09116177827329182,0.0,0.0,0.0,0,0.0
vidstg,search,frame_freeze_5,order2,19,0,episodic,0.00030831144947523066,0.144136078782453,0.00030831144947523066,0.02270908047380844,-0.02240076902433321,-0.2135622880011982,-0.032576023834969055,10,0.4219753220677376
vidstg,search,frame_freeze_5,order2,19,0,online100,0.016444854157892163,0.144136078782453,0.016444854157892163,0.03052550427112855,-0.014080650113236386,-0.17776671535172162,-0.027637463118469728,1,0.18231746554374695
vidstg,search,frame_freeze_5,order2,20,19,episodic,0.6991485535215912,0.8087248322147651,0.864507340039146,0.5574165605032827,0.14173199301830852,-0.011537240459119524,-0.010618056845974944,8,0.18598365783691406
vidstg,search,frame_freeze_5,order2,20,19,online100,0.6955401792815195,0.8087248322147651,0.8600455328875221,0.6103957442159257,0.08514443506559377,0.012667877772573055,0.01641616696430037,7,0.13583791255950928
vidstg,search,frame_freeze_5,order2,21,12,episodic,0.18115959245509736,0.3542319749216301,0.511415132682974,0.15844998058008386,0.022709611875013497,0.03611609632218804,0.008205563126665538,9,0.1389494240283966
vidstg,search,frame_freeze_5,order2,21,12,online100,0.19692868567556163,0.3542319749216301,0.5559314223938421,0.15554766942428885,0.04138101625127277,-0.09584121672144047,-0.12838893533642098,10,0.1587669551372528
vidstg,search,frame_freeze_5,order2,22,8,episodic,0.14004628377163478,0.6794871794871795,0.20477273530408327,0.07696162394492956,0.06308465982670522,0.19952055858163864,0.17420209555802058,10,0.4518468379974365
vidstg,search,frame_freeze_5,order2,22,8,online100,0.09746389590871421,0.6794871794871795,0.16965022920352574,0.11965228713110361,-0.0221883912223894,-0.17613458077914507,-0.171419887022629,6,0.21283262968063354
vidstg,search,frame_freeze_5,order2,23,24,episodic,0.2153626660472856,0.7376093294460642,0.2175018841246532,0.002350305665093919,0.21301236038219168,-0.07871420092013581,-0.11401897691511378,10,0.6156476016622037
vidstg,search,frame_freeze_5,order2,23,24,online100,0.0016986785228688276,0.7376093294460642,0.002123465362222935,0.0016986785228688276,0.0,0.0,0.0,0,0.0
vidstg,search,frame_freeze_5,order2,24,3,episodic,0.11232211652129663,0.19254658385093168,0.6079598045507616,0.11046722574529659,0.00185489077600004,-0.12702811338163433,-0.10032395226565016,10,0.32196688652038574
vidstg,search,frame_freeze_5,order2,24,3,online100,0.11011181481183809,0.19254658385093168,0.5755588863883625,0.12222544091576326,-0.012113626103925176,-0.21636353143322729,-0.1971757290546794,9,0.29722267389297485
vidstg,search,frame_freeze_5,order2,25,5,episodic,0.4914237110112472,0.6312056737588653,0.7775117131437584,0.39842744525974244,0.09299626575150477,-0.03191089102762312,-0.06473964479578631,5,0.11630821228027344
vidstg,search,frame_freeze_5,order2,25,5,online100,0.4770995688684518,0.6312056737588653,0.7573220539418335,0.4562681928034927,0.020831376064959106,0.07195756197103076,0.023834008693307762,9,0.10228562355041504
vidstg,search,frame_freeze_5,order2,26,2,episodic,0.0005778335174805237,0.919047619047619,0.0005778335174805237,0.0005778335174805237,0.0,0.0,0.0,0,0.0
vidstg,search,frame_freeze_5,order2,26,2,online100,0.003502450431272394,0.919047619047619,0.003790300525670023,0.003502450431272394,0.0,0.0,0.0,0,0.0
vidstg,search,frame_freeze_5,order2,27,7,episodic,0.0,0.0,0.05036806143418488,0.0,0.0,0.0,0.0,0,0.0
vidstg,search,frame_freeze_5,order2,27,7,online100,0.0,0.0,0.04707494429686359,0.0,0.0,0.0,0.0,0,0.0
vidstg,search,frame_freeze_5,order2,28,6,episodic,0.338321052032297,0.5986842105263158,0.603160477147141,0.42007448465080016,-0.08175343261850315,0.05921394831011939,-0.02302328987398583,9,0.2155855894088745
vidstg,search,frame_freeze_5,order2,28,6,online100,0.37500994720106856,0.5986842105263158,0.6816316805171505,0.4379831720826492,-0.06297322488158064,-0.01924599179640174,-0.1432169126555935,10,0.23146384954452515
vidstg,search,frame_freeze_5,order2,29,9,episodic,0.03949607712345847,0.2014388489208633,0.1960698114343117,0.03949607712345847,0.0,0.0,0.0,0,0.0
vidstg,search,frame_freeze_5,order2,29,9,online100,0.04657537316600915,0.2014388489208633,0.23121345964554543,0.04657537316600915,0.0,0.0,0.0,0,0.0
vidstg,search,frame_freeze_5,order2,30,25,episodic,0.08958770445784717,0.11174785100286533,0.8016950988663759,0.08207678018979545,0.007510924268051722,-0.008251220963375716,0.015580344774835164,10,0.20541244745254517
vidstg,search,frame_freeze_5,order2,30,25,online100,0.09184803800468881,0.11174785100286533,0.8219221862470871,0.08620255648406494,0.005645481520623871,-0.0016988278445992933,0.012255508432403306,9,0.2005510926246643
vidstg,search,frame_freeze_5,order2,31,29,episodic,0.0,0.0,0.0,0.0,0.0,0.05339052684755685,0.044129220552907356,9,0.21403634548187256
vidstg,search,frame_freeze_5,order2,31,29,online100,0.0,0.0,0.0,0.0,0.0,0.02957905549647588,-0.008406650819958061,7,0.1628764271736145
vidstg,search,motion_blur_5,order1,0,8,episodic,0.14652217723532426,0.8463476070528967,0.20582851718813114,0.10724627016492855,0.039275907070395716,-0.039650865128601165,-0.025491080099129815,10,0.40849825739860535
vidstg,search,motion_blur_5,order1,0,8,online100,0.14652217723532426,0.8463476070528967,0.20582851718813114,0.10724627016492855,0.039275907070395716,-0.039650865128601165,-0.025491080099129815,10,0.40849825739860535
vidstg,search,motion_blur_5,order1,1,15,episodic,0.0,0.0,0.5830010684113631,0.0,0.0,0.14971937503368826,0.15642189519413918,6,0.29647959768772125
vidstg,search,motion_blur_5,order1,1,15,online100,0.0,0.0,0.5676560474386525,0.0,0.0,0.13570000087463369,0.13826156373276483,10,0.28602196276187897
vidstg,search,motion_blur_5,order1,2,19,episodic,0.23721764664135533,0.2648221343873518,0.8584644325972404,0.1728474976253132,0.06437014901604213,-0.004294591087512067,0.0007625933749103586,7,0.24597418308258057
vidstg,search,motion_blur_5,order1,2,19,online100,0.23803613402031806,0.2648221343873518,0.8483700947071586,0.17960785104163843,0.058428282978679635,0.006074719488610825,0.010180730244945035,7,0.2201547622680664
vidstg,search,motion_blur_5,order1,3,27,episodic,0.09399635054061718,0.3646112600536193,0.20802704135486946,0.09399635054061718,0.0,0.0,0.0,0,0.0
vidstg,search,motion_blur_5,order1,3,27,online100,0.09413559937831871,0.3646112600536193,0.20843469114506913,0.09413559937831871,0.0,0.0,0.0,0,0.0
vidstg,search,motion_blur_5,order1,4,7,episodic,0.0,0.0,0.05033831004455502,0.0,0.0,0.0,0.0,0,0.0
vidstg,search,motion_blur_5,order1,4,7,online100,0.0,0.0,0.050618543773704075,0.0,0.0,0.0,0.0,0,0.0
vidstg,search,motion_blur_5,order1,5,1,episodic,0.0,0.0,0.0,0.0,0.0,0.0,0.0,0,0.0
vidstg,search,motion_blur_5,order1,5,1,online100,0.0,0.0,0.0,0.0,0.0,0.0,0.0,0,0.0
vidstg,search,motion_blur_5,order1,6,25,episodic,0.09054477050251833,0.11174785100286533,0.8102596129584332,0.0820934050984819,0.008451365404036432,0.015968806935244606,0.032975146466763694,10,0.22275280952453613
vidstg,search,motion_blur_5,order1,6,25,online100,0.09302846503957811,0.11174785100286533,0.8324854948413528,0.08278483994676307,0.01024362509281504,0.05201007169154781,0.06285521128323635,10,0.24157869815826416
vidstg,search,motion_blur_5,order1,7,3,episodic,0.04242347724031301,0.1346153846153846,0.41934576341674595,0.08225697742283618,-0.03983350018252317,-0.24207089918768127,-0.24925260828553064,7,0.5737937986850739
vidstg,search,motion_blur_5,order1,7,3,online100,0.04329422518567435,0.1346153846153846,0.4264598948279737,0.08520167512046363,-0.04190744993478928,-0.30274272979398076,-0.29701394656953384,8,0.5692444145679474
vidstg,search,motion_blur_5,order1,8,4,episodic,0.20411209889698423,0.5048543689320388,0.39551870757817037,0.19978790641128047,0.0043241924857037595,0.21445545478908606,0.23611408879560075,10,0.22083191573619843
vidstg,search,motion_blur_5,order1,8,4,online100,0.18309333328496363,0.5048543689320388,0.356712331479362,0.23530750981820864,-0.052214176533245005,0.22155771984600575,0.25464116072943765,10,0.19904367625713348
vidstg,search,motion_blur_5,order1,9,6,episodic,0.3384180569445147,0.5986842105263158,0.6032773479948939,0.4201842510583092,-0.08176619411379449,0.05888210518328274,-0.037163573290940666,9,0.21548724174499512
vidstg,search,motion_blur_5,order1,9,6,online100,0.3567239162116258,0.5986842105263158,0.6259538842429729,0.43846708665971373,-0.08174317044808793,0.028064598161211762,-0.07565869101118611,8,0.18259745836257935
vidstg,search,motion_blur_5,order1,10,20,episodic,0.10721591050000742,0.4742268041237113,0.22608572431523302,0.3055844091819411,-0.19836849868193365,-0.8226452775791142,-0.8004209614942329,10,0.43325865268707275
vidstg,search,motion_blur_5,order1,10,20,online100,0.09958588049118797,0.4742268041237113,0.20999631320967896,0.307112434113494,-0.20752655362230601,-0.7698756988397079,-0.7636886468252734,10,0.4829927980899811
vidstg,search,motion_blur_5,order1,11,17,episodic,0.3050888561669256,0.3467741935483871,0.7925215145318961,0.16211698556077064,0.14297187060615496,0.36380943182212055,-0.19288933087574905,7,0.15422838926315308
vidstg,search,motion_blur_5,order1,11,17,online100,0.30029170835049257,0.3467741935483871,0.819175512342103,0.15158654246489114,0.14870516588560143,0.4106759315745321,-0.14940197715019893,5,0.16622808575630188
vidstg,search,motion_blur_5,order1,12,24,episodic,0.009801006879046162,0.685131195335277,0.009811186884720604,0.009801006879046162,0.0,0.0,0.0,0,0.0
vidstg,search,motion_blur_5,order1,12,24,online100,0.011628960177817362,0.685131195335277,0.011628960177817362,0.011628960177817362,0.0,0.0,0.0,0,0.0
vidstg,search,motion_blur_5,order1,13,2,episodic,0.0004800942437270123,0.861904761904762,0.0004800942437270123,0.0004800942437270123,0.0,0.0,0.0,0,0.0
vidstg,search,motion_blur_5,order1,13,2,online100,0.0031885387744786733,0.861904761904762,0.0033329179213633865,0.0031885387744786733,0.0,0.0,0.0,0,0.0
vidstg,search,motion_blur_5,order1,14,0,episodic,0.00030831144947523066,0.144136078782453,0.00030831144947523066,0.02270908047380844,-0.02240076902433321,-0.2135622880011982,-0.032576023834969055,10,0.4219753220677376
vidstg,search,motion_blur_5,order1,14,0,online100,0.034696529215463165,0.144136078782453,0.034964893477014626,0.034696529215463165,0.0,0.0,0.0,0,0.0
vidstg,search,motion_blur_5,order1,15,9,episodic,0.14154786169358943,0.28865979381443296,0.490362235152792,0.05626434896707147,0.08528351272651796,0.08097813893100148,0.1121107173568594,10,0.27312324941158295
vidstg,search,motion_blur_5,order1,15,9,online100,0.1299893817583236,0.28865979381443296,0.45032035823419253,0.056218273985764095,0.07377110777255952,0.0201621432921969,0.04865036468161921,10,0.309026375412941
vidstg,search,motion_blur_5,order1,16,26,episodic,0.118425233546051,0.6744904261890056,0.1282192308287947,0.2542272416296273,-0.1358020080835763,-0.1876515847400571,0.06399502617618369,9,0.8868565447628498
vidstg,search,motion_blur_5,order1,16,26,online100,0.11628057983345003,0.6744904261890056,0.12470430277119302,0.2642876436812008,-0.14800706384775075,-0.14974907332090093,0.0964237863313806,10,0.8867332898080349
vidstg,search,motion_blur_5,order1,17,22,episodic,0.5902069423969903,0.6785714285714286,0.8697786519534595,0.5000513572750831,0.09015558512190724,0.038777080844453415,0.08028782966396619,10,0.1526370644569397
vidstg,search,motion_blur_5,order1,17,22,online100,0.5750508659913436,0.6785714285714286,0.8474433814609273,0.5104249332309464,0.06462593276039719,0.022627657348007313,0.1357285735916064,7,0.082347571849823
vidstg,search,motion_blur_5,order1,18,5,episodic,0.4914237110112472,0.6312056737588653,0.7775117131437584,0.39842744525974244,0.09299626575150477,-0.03191089102762312,-0.06473964479578631,5,0.11630821228027344
vidstg,search,motion_blur_5,order1,18,5,online100,0.47426691484263844,0.6312056737588653,0.7525632944248466,0.4463037180608287,0.02796319678180975,0.025661354623852106,0.015017302716861858,8,0.07283031940460205
vidstg,search,motion_blur_5,order1,19,13,episodic,0.03689557694987149,0.05448717948717949,0.6771423534329356,0.03689557694987149,0.0,0.0,0.0,0,0.0
vidstg,search,motion_blur_5,order1,19,13,online100,0.03708624948604094,0.05448717948717949,0.6806417552732219,0.03750969942569037,-0.000423449939649434,-0.06079387533574665,-0.04645459357468518,10,0.1311779022216797
vidstg,search,motion_blur_5,order1,20,18,episodic,0.0,0.0,0.052635006492280666,0.0,0.0,0.0,0.0,0,0.0
vidstg,search,motion_blur_5,order1,20,18,online100,0.0,0.0,0.04079988813633895,0.0,0.0,0.0,0.0,0,0.0
vidstg,search,motion_blur_5,order1,21,10,episodic,0.0875631951268689,0.7914110429447853,0.10412062635214131,0.23997919018042566,-0.15241599505355674,-0.31154027556128705,-0.32474289815810486,10,0.37042874097824097
vidstg,search,motion_blur_5,order1,21,10,online100,0.11225949315974376,0.7914110429447853,0.13115433292329642,0.29665072051238117,-0.1843912273526374,0.01771646177462527,-0.00040536291565096416,8,0.2848522365093231
vidstg,search,motion_blur_5,order1,22,28,episodic,0.735427297337564,0.8521739130434782,0.8613326596454892,0.598701032549688,0.13672626478787597,0.07573986152492151,0.07811705802289548,10,0.16016140580177307
vidstg,search,motion_blur_5,order1,22,28,online100,0.7078642455339046,0.8521739130434782,0.8351523895336206,0.6187713876172949,0.0890928579166097,-0.05560551993465701,-0.03757511547677905,10,0.21264761686325073
vidstg,search,motion_blur_5,order1,23,31,episodic,0.0,0.9222520107238605,0.0,0.0,0.0,0.5033633256126968,0.5011892767703606,10,0.05293111503124237
vidstg,search,motion_blur_5,order1,23,31,online100,0.0,0.9222520107238605,0.0,0.0,0.0,0.4162898691872775,0.44748393734244996,4,0.030963853001594543
vidstg,search,motion_blur_5,order1,24,23,episodic,0.0,0.0,0.644969921696502,0.0,0.0,-0.15213623229629436,0.011877797394628908,10,0.10898947715759277
vidstg,search,motion_blur_5,order1,24,23,online100,0.0,0.0,0.6687338454408132,0.0,0.0,-0.043776322256593,0.11478869825965143,10,0.1006169319152832
vidstg,search,motion_blur_5,order1,25,21,episodic,0.2704172765407224,0.5871559633027523,0.4605544241084178,0.2704172765407224,0.0,0.0,0.0,0,0.0
vidstg,search,motion_blur_5,order1,25,21,online100,0.292714059344836,0.5871559633027523,0.4985286323216739,0.292714059344836,0.0,0.0,0.0,0,0.0
vidstg,search,motion_blur_5,order1,26,11,episodic,0.5549700504464816,0.84375,0.6342514862245504,0.6310638862404926,-0.07609383579401097,0.03286708849942399,0.13150414632674473,8,0.1891186237335205
vidstg,search,motion_blur_5,order1,26,11,online100,0.571749319491039,0.84375,0.6534277937040446,0.6323018148596202,-0.060552495368581205,0.01630851252401344,-0.029246722755177423,10,0.15184801816940308
vidstg,search,motion_blur_5,order1,27,12,episodic,0.0804717586139008,0.27228915662650605,0.29553787455547637,0.10849143227235326,-0.028019673658452468,0.16051845960795524,0.1562436145410332,10,0.20464837551116943
vidstg,search,motion_blur_5,order1,27,12,online100,0.09648150281728118,0.27228915662650605,0.35433472273603267,0.11070048900933332,-0.014218986192052141,0.10296649440588557,0.09501088408248881,10,0.2149156928062439
vidstg,search,motion_blur_5,order1,28,29,episodic,0.0,0.0,0.0,0.0,0.0,0.053340645513340945,0.05219087630389885,9,0.2141963243484497
vidstg,search,motion_blur_5,order1,28,29,online100,0.0,0.0,0.0,0.0,0.0,0.02960204341122874,-0.021854239246117513,7,0.15838956832885742
vidstg,search,motion_blur_5,order1,29,16,episodic,2.462773303557138e-05,0.10043668122270742,0.00024520655935416724,2.462773303557138e-05,0.0,0.0,0.0,0,0.0
vidstg,search,motion_blur_5,order1,29,16,online100,0.0016622827923613017,0.10043668122270742,0.016550554758727742,0.0016622827923613017,0.0,0.0,0.0,0,0.0
vidstg,search,motion_blur_5,order1,30,30,episodic,0.13774283218983266,0.3127962085308057,0.40763849749922126,0.08486083146205067,0.052882000727781986,-0.1708341612047174,-0.17876224910989524,10,0.41212213039398193
vidstg,search,motion_blur_5,order1,30,30,online100,0.056482613551172796,0.3127962085308057,0.17187939441762345,0.1029434204063258,-0.046460806855153004,-0.39073501119056153,-0.389928024700233,9,0.09326216578483582
vidstg,search,motion_blur_5,order1,31,14,episodic,0.0,0.0,0.28245567702571955,0.0,0.0,0.2628540196007567,0.1253207054002301,2,0.3293939232826233
vidstg,search,motion_blur_5,order1,31,14,online100,0.0,0.0,0.2137760133429312,0.0,0.0,0.1890859195242468,-0.12343508026703215,8,0.44112157821655273
vidstg,search,motion_blur_5,order2,0,1,episodic,0.0,0.0,0.0,0.0,0.0,0.0,0.0,0,0.0
vidstg,search,motion_blur_5,order2,0,1,online100,0.0,0.0,0.0,0.0,0.0,0.0,0.0,0,0.0
vidstg,search,motion_blur_5,order2,1,18,episodic,0.0,0.0,0.052635006492280666,0.0,0.0,0.0,0.0,0,0.0
vidstg,search,motion_blur_5,order2,1,18,online100,0.0,0.0,0.052635006492280666,0.0,0.0,0.0,0.0,0,0.0
vidstg,search,motion_blur_5,order2,2,20,episodic,0.10721591050000742,0.4742268041237113,0.22608572431523302,0.3055844091819411,-0.19836849868193365,-0.8226452775791142,-0.8004209614942329,10,0.43325865268707275
vidstg,search,motion_blur_5,order2,2,20,online100,0.10721591050000742,0.4742268041237113,0.22608572431523302,0.3055844091819411,-0.19836849868193365,-0.8226452775791142,-0.8004209614942329,10,0.43325865268707275
vidstg,search,motion_blur_5,order2,3,22,episodic,0.5902069423969903,0.6785714285714286,0.8697786519534595,0.5000513572750831,0.09015558512190724,0.038777080844453415,0.08028782966396619,10,0.1526370644569397
vidstg,search,motion_blur_5,order2,3,22,online100,0.586809994462455,0.6785714285714286,0.8647726234183546,0.5034094242368108,0.08340057022564418,0.016781252564668114,0.04438541723231315,4,0.13461744785308838
vidstg,search,motion_blur_5,order2,4,10,episodic,0.0875631951268689,0.7914110429447853,0.10412062635214131,0.23997919018042566,-0.15241599505355674,-0.31154027556128705,-0.32474289815810486,10,0.37042874097824097
vidstg,search,motion_blur_5,order2,4,10,online100,0.10193787271452463,0.7914110429447853,0.11915969642465947,0.281944474432949,-0.18000660171842436,-0.06069758863503427,-0.0766434415729556,6,0.38240402936935425
vidstg,search,motion_blur_5,order2,5,17,episodic,0.3050888561669256,0.3467741935483871,0.7925215145318961,0.16211698556077064,0.14297187060615496,0.36380943182212055,-0.19288933087574905,7,0.15422838926315308
vidstg,search,motion_blur_5,order2,5,17,online100,0.29947325915738776,0.3467741935483871,0.7971135221059306,0.1540953951985545,0.14537786395883326,0.40985716032271546,-0.14262879330484485,6,0.17835602164268494
vidstg,search,motion_blur_5,order2,6,16,episodic,2.462773303557138e-05,0.10043668122270742,0.00024520655935416724,2.462773303557138e-05,0.0,0.0,0.0,0,0.0
vidstg,search,motion_blur_5,order2,6,16,online100,0.0007761697306935604,0.10043668122270742,0.007727950796905449,0.0007761697306935604,0.0,0.0,0.0,0,0.0
vidstg,search,motion_blur_5,order2,7,13,episodic,0.03689557694987149,0.05448717948717949,0.6771423534329356,0.03689557694987149,0.0,0.0,0.0,0,0.0
vidstg,search,motion_blur_5,order2,7,13,online100,0.03712360739927115,0.05448717948717949,0.6813273828572116,0.03712360739927115,0.0,0.0,0.0,0,0.0
vidstg,search,motion_blur_5,order2,8,15,episodic,0.0,0.0,0.5830010684113631,0.0,0.0,0.14971937503368826,0.15642189519413918,6,0.29647959768772125
vidstg,search,motion_blur_5,order2,8,15,online100,0.0,0.0,0.6080005911125925,0.0,0.0,0.1582918204044268,0.15825804048912157,7,0.26187506318092346
vidstg,search,motion_blur_5,order2,9,31,episodic,0.0,0.9222520107238605,0.0,0.0,0.0,0.5033633256126968,0.5011892767703606,10,0.05293111503124237
vidstg,search,motion_blur_5,order2,9,31,online100,0.0,0.9222520107238605,0.0,0.0,0.0,0.6102197075919157,0.6068423641396181,10,0.04237531125545502
vidstg,search,motion_blur_5,order2,10,23,episodic,0.0,0.0,0.644969921696502,0.0,0.0,-0.15213623229629436,0.011877797394628908,10,0.10898947715759277
vidstg,search,motion_blur_5,order2,10,23,online100,0.0,0.0,0.6220804263994013,0.0,0.0,-0.07239883590357188,0.06677577132431056,10,0.11852490901947021
vidstg,search,motion_blur_5,order2,11,28,episodic,0.735427297337564,0.8521739130434782,0.8613326596454892,0.598701032549688,0.13672626478787597,0.07573986152492151,0.07811705802289548,10,0.16016140580177307
vidstg,search,motion_blur_5,order2,11,28,online100,0.7237011899347296,0.8521739130434782,0.8518699587580186,0.6081326043596039,0.11556858557512573,0.05745964619822197,0.06585625286693297,10,0.1594344973564148
vidstg,search,motion_blur_5,order2,12,30,episodic,0.13774283218983266,0.3127962085308057,0.40763849749922126,0.08486083146205067,0.052882000727781986,-0.1708341612047174,-0.17876224910989524,10,0.41212213039398193
vidstg,search,motion_blur_5,order2,12,30,online100,0.10057063895512167,0.3127962085308057,0.30969299521233423,0.09031892149358951,0.010251717461532153,-0.24543208873626254,-0.2395401083129085,9,0.05020979046821594
vidstg,search,motion_blur_5,order2,13,21,episodic,0.2704172765407224,0.5871559633027523,0.4605544241084178,0.2704172765407224,0.0,0.0,0.0,0,0.0
vidstg,search,motion_blur_5,order2,13,21,online100,0.2989717068587133,0.5871559633027523,0.5091861882437462,0.2989717068587133,0.0,0.0,0.0,0,0.0
vidstg,search,motion_blur_5,order2,14,4,episodic,0.20411209889698423,0.5048543689320388,0.39551870757817037,0.19978790641128047,0.0043241924857037595,0.21445545478908606,0.23611408879560075,10,0.22083191573619843
vidstg,search,motion_blur_5,order2,14,4,online100,0.18799062115842116,0.5048543689320388,0.3668444274695166,0.23036085966163597,-0.04237023850321481,0.14158660530212797,0.18416509865993025,10,0.20615677535533905
vidstg,search,motion_blur_5,order2,15,26,episodic,0.118425233546051,0.6744904261890056,0.1282192308287947,0.2542272416296273,-0.1358020080835763,-0.1876515847400571,0.06399502617618369,9,0.8868565447628498
vidstg,search,motion_blur_5,order2,15,26,online100,0.11770079921124808,0.6744904261890056,0.1261687099483937,0.26672554705884355,-0.14902474784759545,-0.13499071480980218,0.10294525651223307,10,0.8737175054848194
vidstg,search,motion_blur_5,order2,16,11,episodic,0.5549700504464816,0.84375,0.6342514862245504,0.6310638862404926,-0.07609383579401097,0.03286708849942399,0.13150414632674473,8,0.1891186237335205
vidstg,search,motion_blur_5,order2,16,11,online100,0.5636674818619889,0.84375,0.644191407842273,0.636389081171882,-0.07272159930989308,0.03150931890884234,0.019534362743385936,9,0.154587984085083
vidstg,search,motion_blur_5,order2,17,14,episodic,0.0,0.0,0.28245567702571955,0.0,0.0,0.2628540196007567,0.1253207054002301,2,0.3293939232826233
vidstg,search,motion_blur_5,order2,17,14,online100,0.0,0.0,0.19162775211137006,0.0,0.0,0.19577619201319618,-0.09131910473346416,10,0.457792267203331
vidstg,search,motion_blur_5,order2,18,27,episodic,0.09399635054061718,0.3646112600536193,0.20802704135486946,0.09399635054061718,0.0,0.0,0.0,0,0.0
vidstg,search,motion_blur_5,order2,18,27,online100,0.09503106777608475,0.3646112600536193,0.21047637333662877,0.09503106777608475,0.0,0.0,0.0,0,0.0
vidstg,search,motion_blur_5,order2,19,0,episodic,0.00030831144947523066,0.144136078782453,0.00030831144947523066,0.02270908047380844,-0.02240076902433321,-0.2135622880011982,-0.032576023834969055,10,0.4219753220677376
vidstg,search,motion_blur_5,order2,19,0,online100,0.01908883454103454,0.144136078782453,0.01908883454103454,0.03255852293865967,-0.013469688397625131,-0.18014073926138563,-0.028210482414579345,1,0.18218446522951126
vidstg,search,motion_blur_5,order2,20,19,episodic,0.23721764664135533,0.2648221343873518,0.8584644325972404,0.1728474976253132,0.06437014901604213,-0.004294591087512067,0.0007625933749103586,7,0.24597418308258057
vidstg,search,motion_blur_5,order2,20,19,online100,0.2402281952110131,0.2648221343873518,0.8395214854719024,0.1954298253901382,0.0447983698208749,0.017964366627424733,0.013384664258046408,10,0.1547832489013672
vidstg,search,motion_blur_5,order2,21,12,episodic,0.0804717586139008,0.27228915662650605,0.29553787455547637,0.10849143227235326,-0.028019673658452468,0.16051845960795524,0.1562436145410332,10,0.20464837551116943
vidstg,search,motion_blur_5,order2,21,12,online100,0.10134558864177473,0.27228915662650605,0.37219840076404,0.10794097532850565,-0.006595386686730917,0.11146846741072203,0.10505153431170972,10,0.21217581629753113
vidstg,search,motion_blur_5,order2,22,8,episodic,0.14652217723532426,0.8463476070528967,0.20582851718813114,0.10724627016492855,0.039275907070395716,-0.039650865128601165,-0.025491080099129815,10,0.40849825739860535
vidstg,search,motion_blur_5,order2,22,8,online100,0.1449852786052841,0.8463476070528967,0.20174438796377245,0.13705302402528538,0.007932254579998715,-0.09625681987124035,-0.08233880942853256,10,0.33939945697784424
vidstg,search,motion_blur_5,order2,23,24,episodic,0.009801006879046162,0.685131195335277,0.009811186884720604,0.009801006879046162,0.0,0.0,0.0,0,0.0
vidstg,search,motion_blur_5,order2,23,24,online100,0.007400229734983347,0.685131195335277,0.007788091387921459,0.007400229734983347,0.0,0.0,0.0,0,0.0
vidstg,search,motion_blur_5,order2,24,3,episodic,0.04242347724031301,0.1346153846153846,0.41934576341674595,0.08225697742283618,-0.03983350018252317,-0.24207089918768127,-0.24925260828553064,7,0.5737937986850739
vidstg,search,motion_blur_5,order2,24,3,online100,0.043322140072047606,0.1346153846153846,0.4134031324026303,0.08826905032489611,-0.044946910252848506,-0.2414647674524102,-0.2106663589041109,8,0.5807794332504272
vidstg,search,motion_blur_5,order2,25,5,episodic,0.4914237110112472,0.6312056737588653,0.7775117131437584,0.39842744525974244,0.09299626575150477,-0.03191089102762312,-0.06473964479578631,5,0.11630821228027344
vidstg,search,motion_blur_5,order2,25,5,online100,0.4787075735494882,0.6312056737588653,0.7597934960454792,0.45186720794946433,0.02684036560002384,0.05444966287065678,0.022272224416285735,8,0.09842050075531006
vidstg,search,motion_blur_5,order2,26,2,episodic,0.0004800942437270123,0.861904761904762,0.0004800942437270123,0.0004800942437270123,0.0,0.0,0.0,0,0.0
vidstg,search,motion_blur_5,order2,26,2,online100,0.003268788722746629,0.861904761904762,0.003428854229227534,0.003268788722746629,0.0,0.0,0.0,0,0.0
vidstg,search,motion_blur_5,order2,27,7,episodic,0.0,0.0,0.05033831004455502,0.0,0.0,0.0,0.0,0,0.0
vidstg,search,motion_blur_5,order2,27,7,online100,0.0,0.0,0.04380480063096794,0.0,0.0,0.0,0.0,0,0.0
vidstg,search,motion_blur_5,order2,28,6,episodic,0.3384180569445147,0.5986842105263158,0.6032773479948939,0.4201842510583092,-0.08176619411379449,0.05888210518328274,-0.037163573290940666,9,0.21548724174499512
vidstg,search,motion_blur_5,order2,28,6,online100,0.4068407792192317,0.5986842105263158,0.7321508660837047,0.4429059694556174,-0.036065190236385714,-0.017194618803563322,-0.15747281085576692,9,0.302642822265625
vidstg,search,motion_blur_5,order2,29,9,episodic,0.14154786169358943,0.28865979381443296,0.490362235152792,0.05626434896707147,0.08528351272651796,0.08097813893100148,0.1121107173568594,10,0.27312324941158295
vidstg,search,motion_blur_5,order2,29,9,online100,0.1307567468480632,0.28865979381443296,0.452978730152219,0.06597252057801392,0.06478422627004929,0.01678412053082934,0.05211777511236182,10,0.3017461597919464
vidstg,search,motion_blur_5,order2,30,25,episodic,0.09054477050251833,0.11174785100286533,0.8102596129584332,0.0820934050984819,0.008451365404036432,0.015968806935244606,0.032975146466763694,10,0.22275280952453613
vidstg,search,motion_blur_5,order2,30,25,online100,0.09326216470493713,0.11174785100286533,0.8345768072313604,0.08357266073950831,0.009689503965428822,0.17629489664080356,0.18039150809883964,9,0.26455235481262207
vidstg,search,motion_blur_5,order2,31,29,episodic,0.0,0.0,0.0,0.0,0.0,0.053340645513340945,0.05219087630389885,9,0.2141963243484497
vidstg,search,motion_blur_5,order2,31,29,online100,0.0,0.0,0.0,0.0,0.0,0.051850308644586396,0.002715198177817957,8,0.1667613387107849
vidstg,search,occlusion_5,order1,0,8,episodic,0.09070870902457467,0.8161209068010076,0.1588567105233285,0.09950617439179582,-0.008797465367221147,-0.19324191869372082,-0.18340017675081396,10,0.48730695247650146
vidstg,search,occlusion_5,order1,0,8,online100,0.09070870902457467,0.8161209068010076,0.1588567105233285,0.09950617439179582,-0.008797465367221147,-0.19324191869372082,-0.18340017675081396,10,0.48730695247650146
vidstg,search,occlusion_5,order1,1,15,episodic,0.0,0.0,0.5830010684113631,0.0,0.0,0.14971937503368826,0.15642189519413918,6,0.29647959768772125
vidstg,search,occlusion_5,order1,1,15,online100,0.0,0.0,0.5880249324672473,0.0,0.0,0.14399602506633163,0.15044847518805282,6,0.2920932322740555
vidstg,search,occlusion_5,order1,2,19,episodic,0.7095585730991805,0.8169491525423729,0.8685468010965072,0.5626703971598676,0.14688817593931291,-0.011238574751708863,-0.008214882868448403,9,0.23705017566680908
vidstg,search,occlusion_5,order1,2,19,online100,0.6971788806396652,0.8169491525423729,0.8533932356377644,0.5784210280857679,0.11875785255389726,-0.022747542729449677,-0.02146848851532479,10,0.19122374057769775
vidstg,search,occlusion_5,order1,3,27,episodic,0.08871964956345953,0.37057220708446864,0.1936427849339462,0.08871964956345953,0.0,0.0,0.0,0,0.0
vidstg,search,occlusion_5,order1,3,27,online100,0.08850772110061915,0.37057220708446864,0.19297546373523025,0.08850772110061915,0.0,0.0,0.0,0,0.0
vidstg,search,occlusion_5,order1,4,7,episodic,0.0,0.0,0.050324120074357936,0.0,0.0,0.0,0.0,0,0.0
vidstg,search,occlusion_5,order1,4,7,online100,0.0,0.0,0.05258204425882754,0.0,0.0,0.0,0.0,0,0.0
vidstg,search,occlusion_5,order1,5,1,episodic,0.0,0.0,0.0,0.0,0.0,0.0,0.0,0,0.0
vidstg,search,occlusion_5,order1,5,1,online100,0.0,0.0,0.0,0.0,0.0,0.0,0.0,0,0.0
vidstg,search,occlusion_5,order1,6,25,episodic,0.09240166485611111,0.11174785100286533,0.8268764367893019,0.08209877245097062,0.010302892405140485,0.010039363415761837,0.027898350148914952,10,0.2407861351966858
vidstg,search,occlusion_5,order1,6,25,online100,0.09239764257492458,0.11174785100286533,0.8268404425294532,0.08258590479044618,0.0098117377844784,0.06141383457897287,0.07193698661381465,10,0.2509422302246094
vidstg,search,occlusion_5,order1,7,3,episodic,0.15285981787282976,0.1987179487179487,0.6252491041197087,0.11928700597689477,0.03357281189593499,0.0380194743248522,0.02481268064728326,5,0.13157230615615845
vidstg,search,occlusion_5,order1,7,3,online100,0.15227710180052922,0.1987179487179487,0.645039340141404,0.12229097435022691,0.02998612745030231,0.06956293323940044,0.06736279587556049,9,0.12275946140289307
vidstg,search,occlusion_5,order1,8,4,episodic,0.36041964983780844,0.5048543689320388,0.6919430201627513,0.19802618256328833,0.16239346727452011,0.16321625373083182,0.2085888443383051,10,0.32824838161468506
vidstg,search,occlusion_5,order1,8,4,online100,0.3063314533139049,0.5048543689320388,0.6016928541265776,0.2231711152031153,0.08316033811078957,0.10040120039641054,0.18803232136245873,10,0.2723667323589325
vidstg,search,occlusion_5,order1,9,6,episodic,0.33814445711017294,0.5986842105263158,0.6029154331164339,0.4201832098390761,-0.08203875272890315,0.058794506945663905,-0.04344127687061616,9,0.21491217613220215
vidstg,search,occlusion_5,order1,9,6,online100,0.3408045772189351,0.5986842105263158,0.5962941451599821,0.43970239294131197,-0.09889781572237688,0.022887990917525802,-0.0826739745088666,7,0.17614078521728516
vidstg,search,occlusion_5,order1,10,20,episodic,0.10721591050000742,0.4742268041237113,0.22608572431523302,0.3055844091819411,-0.19836849868193365,-0.8226452775791142,-0.8004209614942329,10,0.43325865268707275
vidstg,search,occlusion_5,order1,10,20,online100,0.09776561182231303,0.4742268041237113,0.206157920581834,0.3134454598303208,-0.21567984800800777,-0.8059508709268032,-0.7877008345987947,10,0.47622278332710266
vidstg,search,occlusion_5,order1,11,17,episodic,0.22837101333859805,0.25,0.7712650314438979,0.062306252570197104,0.16606476076840093,0.46323943500419273,-0.13392829101919967,9,0.4224880039691925
vidstg,search,occlusion_5,order1,11,17,online100,0.2303349406024747,0.25,0.7861235206339866,0.0598185302690263,0.1705164103334484,0.5595263522131473,-0.08568546520025822,8,0.4294975996017456
vidstg,search,occlusion_5,order1,12,24,episodic,0.05002162736743684,0.7376093294460642,0.05576332813442431,0.009225980023036432,0.0407956473444004,-0.10635899181642913,-0.10224522601186578,10,0.25082892179489136
vidstg,search,occlusion_5,order1,12,24,online100,0.018877975023128026,0.7376093294460642,0.019150753084731586,0.01235474257604577,0.006523232447082255,0.0019408443259626706,-0.06317213592173815,9,0.21521897614002228
vidstg,search,occlusion_5,order1,13,2,episodic,8.908104908400446e-05,0.8047619047619048,8.908104908400446e-05,8.908104908400446e-05,0.0,0.0,0.0,0,0.0
vidstg,search,occlusion_5,order1,13,2,online100,0.0006728555351416922,0.8047619047619048,0.000721708673236778,0.0006728555351416922,0.0,0.0,0.0,0,0.0
vidstg,search,occlusion_5,order1,14,0,episodic,0.00030831144947523066,0.144136078782453,0.00030831144947523066,0.02270908047380844,-0.02240076902433321,-0.2135622880011982,-0.032576023834969055,10,0.4219753220677376
vidstg,search,occlusion_5,order1,14,0,online100,0.0005375994525369046,0.144136078782453,0.0005375994525369046,0.033570725184007125,-0.03303312573147022,-0.26829188726455006,-0.041424415754762633,10,0.34722795337438583
vidstg,search,occlusion_5,order1,15,9,episodic,0.03939713903593178,0.2014388489208633,0.1955786544998042,0.03939713903593178,0.0,0.0,0.0,0,0.0
vidstg,search,occlusion_5,order1,15,9,online100,0.041525196853402016,0.2014388489208633,0.20614294152224572,0.041525196853402016,0.0,0.0,0.0,0,0.0
vidstg,search,occlusion_5,order1,16,26,episodic,0.11760945177147769,0.6744904261890056,0.12957141923150298,0.2542453804678232,-0.1366359286963455,-0.1839466221538315,0.06484366350485471,9,0.8868554942309856
vidstg,search,occlusion_5,order1,16,26,online100,0.12299056584909844,0.6744904261890056,0.13494016409384094,0.2661206741196377,-0.14313010827053924,-0.16796418674666763,0.08409578979808363,10,0.8758913092315197
vidstg,search,occlusion_5,order1,17,22,episodic,0.5902862509015003,0.6785714285714286,0.8698955276443163,0.4999894153190159,0.09029683558248441,0.03901232715664993,0.06828044480203921,10,0.15266209840774536
vidstg,search,occlusion_5,order1,17,22,online100,0.6009059397244917,0.6785714285714286,0.8855455953834613,0.5158325331393548,0.08507340658513685,0.000962467313972315,-0.011288220523833159,3,0.08619099855422974
vidstg,search,occlusion_5,order1,18,5,episodic,0.4914237110112472,0.6312056737588653,0.7775117131437584,0.39842744525974244,0.09299626575150477,-0.03191089102762312,-0.06473964479578631,5,0.11630821228027344
vidstg,search,occlusion_5,order1,18,5,online100,0.488248297361289,0.6312056737588653,0.7747575545340821,0.4445724224043996,0.043675874956889404,0.046466762969415876,0.027752553296391147,10,0.07246559858322144
vidstg,search,occlusion_5,order1,19,13,episodic,0.0251857114291844,0.0319634703196347,0.6708327607755875,0.022405756271381607,0.0027799551578027923,-0.13768150344344882,-0.09372956694912926,10,0.1302698850631714
vidstg,search,occlusion_5,order1,19,13,online100,0.026117320015834212,0.0319634703196347,0.695149665683932,0.02481953207692514,0.0012977879389090702,-0.15604076597683958,-0.10993721166516113,10,0.10754603147506714
vidstg,search,occlusion_5,order1,20,18,episodic,0.0,0.0,0.09544079265983064,0.0,0.0,0.0,0.0,0,0.0
vidstg,search,occlusion_5,order1,20,18,online100,0.0,0.0,0.09227242778511915,0.0,0.0,0.0,0.0,0,0.0
vidstg,search,occlusion_5,order1,21,10,episodic,0.1004305151948927,0.7914110429447853,0.11872157691884153,0.2362009103280585,-0.1357703951331658,-0.2922619427425344,-0.2996759918805322,10,0.37814050912857056
vidstg,search,occlusion_5,order1,21,10,online100,0.108361144710037,0.7914110429447853,0.12684030539049776,0.24606150310622932,-0.13770035839619232,-0.19124814252352906,-0.20334361949880675,7,0.23605772852897644
vidstg,search,occlusion_5,order1,22,28,episodic,0.7296661339137648,0.8521739130434782,0.8546341586376531,0.5994452079198181,0.13022092599394663,0.06279148006785551,0.05687065533946811,10,0.1547170877456665
vidstg,search,occlusion_5,order1,22,28,online100,0.6965918296844242,0.8521739130434782,0.8147647958414853,0.6127324644206695,0.0838593652637547,-0.02866925853717961,-0.018071391361988653,10,0.15538811683654785
vidstg,search,occlusion_5,order1,23,31,episodic,0.0,0.9624664879356568,0.0,0.0,0.0,0.0,0.0,0,0.0
vidstg,search,occlusion_5,order1,23,31,online100,0.0,0.9624664879356568,0.0,0.0,0.0,0.0,0.0,0,0.0
vidstg,search,occlusion_5,order1,24,23,episodic,0.0,0.0,0.644969921696502,0.0,0.0,-0.15213623229629436,0.011877797394628908,10,0.10898947715759277
vidstg,search,occlusion_5,order1,24,23,online100,0.0,0.0,0.6463596516635114,0.0,0.0,-0.11535487978412862,0.0748811815490581,9,0.09669113159179688
vidstg,search,occlusion_5,order1,25,21,episodic,0.3042965510697229,0.6597938144329897,0.46119946021504876,0.3042965510697229,0.0,0.0,0.0,0,0.0
vidstg,search,occlusion_5,order1,25,21,online100,0.303538511227949,0.6597938144329897,0.4600505560798602,0.303538511227949,0.0,0.0,0.0,0,0.0
vidstg,search,occlusion_5,order1,26,11,episodic,0.5549455590561159,0.84375,0.6342234960641324,0.6310308508121619,-0.07608529175604606,0.03274254294263823,0.1083170328271082,8,0.1890733242034912
vidstg,search,occlusion_5,order1,26,11,online100,0.5302095002084616,0.84375,0.6059537145239561,0.6365610268279761,-0.10635152661951452,0.03551052805661992,0.0397619465119986,8,0.10103249549865723
vidstg,search,occlusion_5,order1,27,12,episodic,0.1729534737929645,0.3542319749216301,0.4882491870792538,0.15869468253735441,0.014258791255610082,0.0663423764018467,0.03671922124084542,8,0.11981645226478577
vidstg,search,occlusion_5,order1,27,12,online100,0.2038243638492536,0.3542319749216301,0.5753979829018752,0.16841001491166824,0.035414348937585355,-0.1331186047075016,-0.15590876290870043,10,0.1425706148147583
vidstg,search,occlusion_5,order1,28,29,episodic,0.0,0.0,0.0,0.0,0.0,0.0532859156685892,0.048572596002589785,9,0.21407729387283325
vidstg,search,occlusion_5,order1,28,29,online100,0.0,0.0,0.0,0.0,0.0,0.014182829587929269,-0.0020996812841292956,8,0.18206721544265747
vidstg,search,occlusion_5,order1,29,16,episodic,2.9165100732489237e-05,0.11219512195121951,0.0002599498108765345,2.9165100732489237e-05,0.0,0.0,0.0,0,0.0
vidstg,search,occlusion_5,order1,29,16,online100,0.001378615824238141,0.11219512195121951,0.012287662781252996,0.001378615824238141,0.0,0.0,0.0,0,0.0
vidstg,search,occlusion_5,order1,30,30,episodic,0.13955770938852674,0.3127962085308057,0.40676475938807766,0.08600984569810202,0.05354786369042472,0.040768334221958635,0.04193225820917129,8,0.506650984287262
vidstg,search,occlusion_5,order1,30,30,online100,0.16465223868667767,0.3127962085308057,0.48896735505595446,0.09810508674663708,0.06654715194004059,-0.3109497018948832,-0.29855951875272907,9,0.40259069204330444
vidstg,search,occlusion_5,order1,31,14,episodic,0.0,0.0,0.2030063643095909,0.0,0.0,0.2477798424853065,-0.08048642212142954,10,0.506256140768528
vidstg,search,occlusion_5,order1,31,14,online100,0.0,0.0,0.21222088040658657,0.0,0.0,0.20255244561170183,-0.16514606282420508,7,0.4341807961463928
vidstg,search,occlusion_5,order2,0,1,episodic,0.0,0.0,0.0,0.0,0.0,0.0,0.0,0,0.0
vidstg,search,occlusion_5,order2,0,1,online100,0.0,0.0,0.0,0.0,0.0,0.0,0.0,0,0.0
vidstg,search,occlusion_5,order2,1,18,episodic,0.0,0.0,0.09544079265983064,0.0,0.0,0.0,0.0,0,0.0
vidstg,search,occlusion_5,order2,1,18,online100,0.0,0.0,0.09544079265983064,0.0,0.0,0.0,0.0,0,0.0
vidstg,search,occlusion_5,order2,2,20,episodic,0.10721591050000742,0.4742268041237113,0.22608572431523302,0.3055844091819411,-0.19836849868193365,-0.8226452775791142,-0.8004209614942329,10,0.43325865268707275
vidstg,search,occlusion_5,order2,2,20,online100,0.10721591050000742,0.4742268041237113,0.22608572431523302,0.3055844091819411,-0.19836849868193365,-0.8226452775791142,-0.8004209614942329,10,0.43325865268707275
vidstg,search,occlusion_5,order2,3,22,episodic,0.5902862509015003,0.6785714285714286,0.8698955276443163,0.4999894153190159,0.09029683558248441,0.03901232715664993,0.06828044480203921,10,0.15266209840774536
vidstg,search,occlusion_5,order2,3,22,online100,0.5867979947538104,0.6785714285714286,0.8647549396371943,0.503362940042443,0.08343505471136747,0.016815258786736287,0.03374039932805328,4,0.13518136739730835
vidstg,search,occlusion_5,order2,4,10,episodic,0.1004305151948927,0.7914110429447853,0.11872157691884153,0.2362009103280585,-0.1357703951331658,-0.2922619427425344,-0.2996759918805322,10,0.37814050912857056
vidstg,search,occlusion_5,order2,4,10,online100,0.08964604188907367,0.7914110429447853,0.10577254700965316,0.2778917772245377,-0.18824573533546402,-0.23986418642593743,-0.23910944480230534,9,0.3814896047115326
vidstg,search,occlusion_5,order2,5,17,episodic,0.22837101333859805,0.25,0.7712650314438979,0.062306252570197104,0.16606476076840093,0.46323943500419273,-0.13392829101919967,9,0.4224880039691925
vidstg,search,occlusion_5,order2,5,17,online100,0.22897717540029852,0.25,0.767135074022708,0.06033564490497497,0.16864153049532354,0.4913297603828423,-0.12590069231010026,10,0.4234187602996826
vidstg,search,occlusion_5,order2,6,16,episodic,2.9165100732489237e-05,0.11219512195121951,0.0002599498108765345,2.9165100732489237e-05,0.0,0.0,0.0,0,0.0
vidstg,search,occlusion_5,order2,6,16,online100,0.0006955311449833982,0.11219512195121951,0.006199299335721593,0.0006955311449833982,0.0,0.0,0.0,0,0.0
vidstg,search,occlusion_5,order2,7,13,episodic,0.0251857114291844,0.0319634703196347,0.6708327607755875,0.022405756271381607,0.0027799551578027923,-0.13768150344344882,-0.09372956694912926,10,0.1302698850631714
vidstg,search,occlusion_5,order2,7,13,online100,0.025258668755509636,0.0319634703196347,0.6731259404314865,0.024702007052008645,0.0005566617035009901,-0.1296587503668047,-0.09468677554037075,10,0.12379121780395508
vidstg,search,occlusion_5,order2,8,15,episodic,0.0,0.0,0.5830010684113631,0.0,0.0,0.14971937503368826,0.15642189519413918,6,0.29647959768772125
vidstg,search,occlusion_5,order2,8,15,online100,0.0,0.0,0.7300092343006176,0.0,0.0,0.17780320748833356,0.18137169081282972,10,0.3023673892021179
vidstg,search,occlusion_5,order2,9,31,episodic,0.0,0.9624664879356568,0.0,0.0,0.0,0.0,0.0,0,0.0
vidstg,search,occlusion_5,order2,9,31,online100,0.0,0.9624664879356568,0.0,0.0,0.0,0.0,0.0,0,0.0
vidstg,search,occlusion_5,order2,10,23,episodic,0.0,0.0,0.644969921696502,0.0,0.0,-0.15213623229629436,0.011877797394628908,10,0.10898947715759277
vidstg,search,occlusion_5,order2,10,23,online100,0.0,0.0,0.7385224642042457,0.0,0.0,-0.11669859720811393,0.07424101302331076,8,0.10087651014328003
vidstg,search,occlusion_5,order2,11,28,episodic,0.7296661339137648,0.8521739130434782,0.8546341586376531,0.5994452079198181,0.13022092599394663,0.06279148006785551,0.05687065533946811,10,0.1547170877456665
vidstg,search,occlusion_5,order2,11,28,online100,0.6729556215357108,0.8521739130434782,0.7876679449935542,0.6048144628023021,0.06814115873340865,-0.005134639404991592,-0.009070676982520176,9,0.142039954662323
vidstg,search,occlusion_5,order2,12,30,episodic,0.13955770938852674,0.3127962085308057,0.40676475938807766,0.08600984569810202,0.05354786369042472,0.040768334221958635,0.04193225820917129,8,0.506650984287262
vidstg,search,occlusion_5,order2,12,30,online100,0.16440119046734195,0.3127962085308057,0.4849516083667022,0.08738183008032,0.07701936038702195,-0.2298628748737248,-0.21732179064414814,8,0.46289074420928955
vidstg,search,occlusion_5,order2,13,21,episodic,0.3042965510697229,0.6597938144329897,0.46119946021504876,0.3042965510697229,0.0,0.0,0.0,0,0.0
vidstg,search,occlusion_5,order2,13,21,online100,0.30647276363214904,0.6597938144329897,0.4644977823799759,0.30647276363214904,0.0,0.0,0.0,0,0.0
vidstg,search,occlusion_5,order2,14,4,episodic,0.36041964983780844,0.5048543689320388,0.6919430201627513,0.19802618256328833,0.16239346727452011,0.16321625373083182,0.2085888443383051,10,0.32824838161468506
vidstg,search,occlusion_5,order2,14,4,online100,0.32631308220526695,0.5048543689320388,0.6336246866868387,0.19970014364094976,0.12661293856431718,0.12468612243680677,0.16733653726986197,9,0.2908896803855896
vidstg,search,occlusion_5,order2,15,26,episodic,0.11760945177147769,0.6744904261890056,0.12957141923150298,0.2542453804678232,-0.1366359286963455,-0.1839466221538315,0.06484366350485471,9,0.8868554942309856
vidstg,search,occlusion_5,order2,15,26,online100,0.11698418926116169,0.6744904261890056,0.12753810034993182,0.27556225004100643,-0.15857806077984474,-0.14975482717650007,0.09975222956464824,10,0.8729610294103622
vidstg,search,occlusion_5,order2,16,11,episodic,0.5549455590561159,0.84375,0.6342234960641324,0.6310308508121619,-0.07608529175604606,0.03274254294263823,0.1083170328271082,8,0.1890733242034912
vidstg,search,occlusion_5,order2,16,11,online100,0.5344687811187143,0.84375,0.6108214641356735,0.6285355307194069,-0.09406674960069261,0.02674684176949571,0.04682876171675576,8,0.1031111478805542
vidstg,search,occlusion_5,order2,17,14,episodic,0.0,0.0,0.2030063643095909,0.0,0.0,0.2477798424853065,-0.08048642212142954,10,0.506256140768528
vidstg,search,occlusion_5,order2,17,14,online100,0.0,0.0,0.20494265565271563,0.0,0.0,0.12482497855118102,-0.24312255310477948,10,0.4463942348957062
vidstg,search,occlusion_5,order2,18,27,episodic,0.08871964956345953,0.37057220708446864,0.1936427849339462,0.08871964956345953,0.0,0.0,0.0,0,0.0
vidstg,search,occlusion_5,order2,18,27,online100,0.09079619986800973,0.37057220708446864,0.19880723382278634,0.09079619986800973,0.0,0.0,0.0,0,0.0
vidstg,search,occlusion_5,order2,19,0,episodic,0.00030831144947523066,0.144136078782453,0.00030831144947523066,0.02270908047380844,-0.02240076902433321,-0.2135622880011982,-0.032576023834969055,10,0.4219753220677376
vidstg,search,occlusion_5,order2,19,0,online100,0.01803227917053599,0.144136078782453,0.01803227917053599,0.03101743166199806,-0.012985152491462069,-0.17244099385335962,-0.026902760135373446,1,0.17838213592767715
vidstg,search,occlusion_5,order2,20,19,episodic,0.7095585730991805,0.8169491525423729,0.8685468010965072,0.5626703971598676,0.14688817593931291,-0.011238574751708863,-0.008214882868448403,9,0.23705017566680908
vidstg,search,occlusion_5,order2,20,19,online100,0.7093673387673315,0.8169491525423729,0.8683127175782689,0.624992996579664,0.08437434218766748,-0.008535878607802805,-0.003993386566960688,6,0.1410960555076599
vidstg,search,occlusion_5,order2,21,12,episodic,0.1729534737929645,0.3542319749216301,0.4882491870792538,0.15869468253735441,0.014258791255610082,0.0663423764018467,0.03671922124084542,8,0.11981645226478577
vidstg,search,occlusion_5,order2,21,12,online100,0.1877720227899708,0.3542319749216301,0.5300820820354043,0.15970851783715578,0.02806350495281501,-0.043843726094461744,-0.0749216219011643,10,0.12856560945510864
vidstg,search,occlusion_5,order2,22,8,episodic,0.09070870902457467,0.8161209068010076,0.1588567105233285,0.09950617439179582,-0.008797465367221147,-0.19324191869372082,-0.18340017675081396,10,0.48730695247650146
vidstg,search,occlusion_5,order2,22,8,online100,0.08904456658717486,0.8161209068010076,0.15642626744893254,0.14225107721487332,-0.05320651062769846,-0.3015503755442329,-0.27830811791795024,10,0.4599316120147705
vidstg,search,occlusion_5,order2,23,24,episodic,0.05002162736743684,0.7376093294460642,0.05576332813442431,0.009225980023036432,0.0407956473444004,-0.10635899181642913,-0.10224522601186578,10,0.25082892179489136
vidstg,search,occlusion_5,order2,23,24,online100,0.017357970115925794,0.7376093294460642,0.01830159907497252,0.00982513478771274,0.007532835328213054,-0.11277436729491738,-0.132139453742538,10,0.179316446185112
vidstg,search,occlusion_5,order2,24,3,episodic,0.15285981787282976,0.1987179487179487,0.6252491041197087,0.11928700597689477,0.03357281189593499,0.0380194743248522,0.02481268064728326,5,0.13157230615615845
vidstg,search,occlusion_5,order2,24,3,online100,0.15227512754595834,0.1987179487179487,0.6260234590954111,0.12651029134127506,0.025764836204683284,0.01221966795627738,0.006453207358445234,7,0.11060738563537598
vidstg,search,occlusion_5,order2,25,5,episodic,0.4914237110112472,0.6312056737588653,0.7775117131437584,0.39842744525974244,0.09299626575150477,-0.03191089102762312,-0.06473964479578631,5,0.11630821228027344
vidstg,search,occlusion_5,order2,25,5,online100,0.49209287189291356,0.6312056737588653,0.7815318620469069,0.45300924086371475,0.03908363102919882,0.029348621374573614,-0.03137077209317518,8,0.11029666662216187
vidstg,search,occlusion_5,order2,26,2,episodic,8.908104908400446e-05,0.8047619047619048,8.908104908400446e-05,8.908104908400446e-05,0.0,0.0,0.0,0,0.0
vidstg,search,occlusion_5,order2,26,2,online100,0.0006924714774606762,0.8047619047619048,0.0007476888509315234,0.0006924714774606762,0.0,0.0,0.0,0,0.0
vidstg,search,occlusion_5,order2,27,7,episodic,0.0,0.0,0.050324120074357936,0.0,0.0,0.0,0.0,0,0.0
vidstg,search,occlusion_5,order2,27,7,online100,0.0,0.0,0.04485054062820926,0.0,0.0,0.0,0.0,0,0.0
vidstg,search,occlusion_5,order2,28,6,episodic,0.33814445711017294,0.5986842105263158,0.6029154331164339,0.4201832098390761,-0.08203875272890315,0.058794506945663905,-0.04344127687061616,9,0.21491217613220215
vidstg,search,occlusion_5,order2,28,6,online100,0.4127525705733068,0.5986842105263158,0.7356236745305434,0.4415989114225247,-0.028846340849217944,-0.08896744421185632,-0.1920241292675408,10,0.2559804320335388
vidstg,search,occlusion_5,order2,29,9,episodic,0.03939713903593178,0.2014388489208633,0.1955786544998042,0.03939713903593178,0.0,0.0,0.0,0,0.0
vidstg,search,occlusion_5,order2,29,9,online100,0.047226358691932716,0.2014388489208633,0.23444513779209455,0.047226358691932716,0.0,0.0,0.0,0,0.0
vidstg,search,occlusion_5,order2,30,25,episodic,0.09240166485611111,0.11174785100286533,0.8268764367893019,0.08209877245097062,0.010302892405140485,0.010039363415761837,0.027898350148914952,10,0.2407861351966858
vidstg,search,occlusion_5,order2,30,25,online100,0.09403689482208556,0.11174785100286533,0.841509648536099,0.08633680597913836,0.007700088842947206,0.018038534425531938,0.026213016974803827,8,0.23215091228485107
vidstg,search,occlusion_5,order2,31,29,episodic,0.0,0.0,0.0,0.0,0.0,0.0532859156685892,0.048572596002589785,9,0.21407729387283325
vidstg,search,occlusion_5,order2,31,29,online100,0.0,0.0,0.0,0.0,0.0,0.025544722460909552,-0.012415547154770668,8,0.17183053493499756
vidstg,search,exposure_5,order1,0,8,episodic,0.10117429149369385,0.8161209068010076,0.17102259735660721,0.09934382926630016,0.0018304622273936921,-0.13094360667257243,-0.12450552815722343,10,0.5064644813537598
vidstg,search,exposure_5,order1,0,8,online100,0.10117429149369385,0.8161209068010076,0.17102259735660721,0.09934382926630016,0.0018304622273936921,-0.13094360667257243,-0.12450552815722343,10,0.5064644813537598
vidstg,search,exposure_5,order1,1,15,episodic,0.0,0.0,0.5830010684113631,0.0,0.0,0.14971937503368826,0.15642189519413918,6,0.29647959768772125
vidstg,search,exposure_5,order1,1,15,online100,0.0,0.0,0.5907873538349023,0.0,0.0,0.14371602071017592,0.1499668188789477,6,0.2892764210700989
vidstg,search,exposure_5,order1,2,19,episodic,0.7077598556330148,0.8169491525423729,0.8663450515009933,0.5630114785868606,0.14474837704615418,-0.01151771708061955,-0.007304414105863466,9,0.22547608613967896
vidstg,search,exposure_5,order1,2,19,online100,0.7014167955963856,0.8169491525423729,0.8585807249001399,0.578746232791197,0.12267056280518862,-0.02088683609963493,-0.020115691309491535,10,0.20180261135101318
vidstg,search,exposure_5,order1,3,27,episodic,0.09684536184970624,0.37057220708446864,0.2108382685367549,0.09684536184970624,0.0,0.0,0.0,0,0.0
vidstg,search,exposure_5,order1,3,27,online100,0.09660023386571594,0.37057220708446864,0.2100528502325255,0.09660023386571594,0.0,0.0,0.0,0,0.0
vidstg,search,exposure_5,order1,4,7,episodic,0.0,0.0,0.04878252646962056,0.0,0.0,0.0,0.0,0,0.0
vidstg,search,exposure_5,order1,4,7,online100,0.0,0.0,0.05068073987200045,0.0,0.0,0.0,0.0,0,0.0
vidstg,search,exposure_5,order1,5,1,episodic,0.0,0.0,0.0,0.0,0.0,0.0,0.0,0,0.0
vidstg,search,exposure_5,order1,5,1,online100,0.0,0.0,0.0,0.0,0.0,0.0,0.0,0,0.0
vidstg,search,exposure_5,order1,6,25,episodic,0.0924128328982717,0.11174785100286533,0.8269763764486364,0.0821378259840912,0.010275006914180498,-0.0015372564494312568,0.01535102004488842,10,0.2244340181350708
vidstg,search,exposure_5,order1,6,25,online100,0.09326404902654885,0.11174785100286533,0.8345936694939885,0.08256695259743958,0.010697096429109265,0.041082742449195075,0.05369403662140504,10,0.2453480362892151
vidstg,search,exposure_5,order1,7,3,episodic,0.16264422235995527,0.1987179487179487,0.6916540022590563,0.13092607020551722,0.031718152154438045,0.03696058553807802,-0.024942459252519922,10,0.1934434175491333
vidstg,search,exposure_5,order1,7,3,online100,0.17313955737354933,0.1987179487179487,0.7270506967773698,0.13503323009556795,0.03810632727798138,0.09413004809896441,0.03458821892209252,8,0.16800498962402344
vidstg,search,exposure_5,order1,8,4,episodic,0.2195748166875921,0.5048543689320388,0.41889670328105716,0.199601245295638,0.019973571391954104,0.24374258995470033,0.23812852288443132,10,0.20082801580429077
vidstg,search,exposure_5,order1,8,4,online100,0.22500301237044085,0.5048543689320388,0.43044955061694334,0.22328362423821746,0.0017193881322233873,0.19006074848877696,0.237091989116461,10,0.17481520771980286
vidstg,search,exposure_5,order1,9,6,episodic,0.3380370929658383,0.5986842105263158,0.6026520172453185,0.4203445200022347,-0.08230742703639643,0.05839544943652941,-0.03941114073915819,9,0.2145843803882599
vidstg,search,exposure_5,order1,9,6,online100,0.3739438839679865,0.5986842105263158,0.6794982680863559,0.4399698727484694,-0.06602598878048288,-0.08021688925762749,-0.16852858800446935,10,0.23023295402526855
vidstg,search,exposure_5,order1,10,20,episodic,0.10721591050000742,0.4742268041237113,0.22608572431523302,0.3055844091819411,-0.19836849868193365,-0.8226452775791142,-0.8004209614942329,10,0.43325865268707275
vidstg,search,exposure_5,order1,10,20,online100,0.09843755985009676,0.4742268041237113,0.2075748544665084,0.3128742116147243,-0.2144366517646275,-0.7707367141766718,-0.7661764921838986,10,0.49280205368995667
vidstg,search,exposure_5,order1,11,17,episodic,0.3512728980407055,0.3951612903225806,0.8024964192683726,0.11278001035805661,0.23849288768264887,0.2845892349412201,-0.06705726783837762,9,0.19235354661941528
vidstg,search,exposure_5,order1,11,17,online100,0.35666669384348615,0.3951612903225806,0.8212249071349198,0.10851559184617951,0.24815110199730664,0.37860606497701105,-0.028286523516419804,10,0.1964055895805359
vidstg,search,exposure_5,order1,12,24,episodic,0.05770165581417313,0.597667638483965,0.08599211785904039,0.01958385795642752,0.038117797857745606,-0.1861413138446441,-0.18786550169338812,10,0.519839147105813
vidstg,search,exposure_5,order1,12,24,online100,0.05475952531233502,0.597667638483965,0.10354558150676223,0.01965397255459283,0.035105552757742194,-0.08821189443931365,-0.12724580270271071,10,0.41545222513377666
vidstg,search,exposure_5,order1,13,2,episodic,0.0002836360935695006,0.8333333333333334,0.0002836360935695006,0.0002836360935695006,0.0,0.0,0.0,0,0.0
vidstg,search,exposure_5,order1,13,2,online100,0.001977334163120965,0.8333333333333334,0.0019898249803544897,0.001977334163120965,0.0,0.0,0.0,0,0.0
vidstg,search,exposure_5,order1,14,0,episodic,0.00030831144947523066,0.144136078782453,0.00030831144947523066,0.02270908047380844,-0.02240076902433321,-0.2135622880011982,-0.032576023834969055,10,0.4219753220677376
vidstg,search,exposure_5,order1,14,0,online100,0.0005475518439049352,0.144136078782453,0.0005475518439049352,0.03426922342103956,-0.033721671577134626,-0.2860849756388376,-0.0442988469674167,9,0.3298047408461571
vidstg,search,exposure_5,order1,15,9,episodic,0.05661146060494445,0.28865979381443296,0.19611827423855757,0.05661146060494445,0.0,0.0,0.0,0,0.0
vidstg,search,exposure_5,order1,15,9,online100,0.058765981504179235,0.28865979381443296,0.20358215021090662,0.058765981504179235,0.0,0.0,0.0,0,0.0
vidstg,search,exposure_5,order1,16,26,episodic,0.11750034983892058,0.6744904261890056,0.12728390652943988,0.25422994153779505,-0.13672959169887447,-0.18393292579479054,0.0791683209854055,9,0.8887396045029163
vidstg,search,exposure_5,order1,16,26,online100,0.12011988429316195,0.6744904261890056,0.12964399437198654,0.26008204923618355,-0.1399621649430216,-0.16670059422124966,0.09591941000076243,10,0.876033041626215
vidstg,search,exposure_5,order1,17,22,episodic,0.5903119292014286,0.6785714285714286,0.8699333693494737,0.5000108321872517,0.09030109701417688,0.03891229308515065,0.08961967101733215,10,0.1526666283607483
vidstg,search,exposure_5,order1,17,22,online100,0.5938020060207697,0.6785714285714286,0.8750766404516606,0.5076099619750402,0.08619204404572955,0.007673748145099357,0.06161333165831928,10,0.1076475977897644
vidstg,search,exposure_5,order1,18,5,episodic,0.4914237110112472,0.6312056737588653,0.7775117131437584,0.39842744525974244,0.09299626575150477,-0.03191089102762312,-0.06473964479578631,5,0.11630821228027344
vidstg,search,exposure_5,order1,18,5,online100,0.49563043037879545,0.6312056737588653,0.7864991381248929,0.44561536878828845,0.050015061590507004,0.03863350996033943,0.013906077349583823,10,0.07776451110839844
vidstg,search,exposure_5,order1,19,13,episodic,0.035057957644215626,0.05448717948717949,0.6434166344114868,0.035057957644215626,0.0,0.0,0.0,0,0.0
vidstg,search,exposure_5,order1,19,13,online100,0.036796656763638906,0.05448717948717949,0.6753268770738434,0.036770971448730226,2.568531490867998e-05,-0.09652070369272836,-0.07086169667452968,10,0.12508869171142578
vidstg,search,exposure_5,order1,20,18,episodic,0.0,0.0,0.033300833271843404,0.0,0.0,0.0,0.0,0,0.0
vidstg,search,exposure_5,order1,20,18,online100,0.0,0.0,0.03152075062315014,0.0,0.0,0.0,0.0,0,0.0
vidstg,search,exposure_5,order1,21,10,episodic,0.04690608316924468,0.8282208588957055,0.053840846731215176,0.22971982004956285,-0.18281373688031816,-0.5029631305115471,-0.5141055992063663,10,0.4624950736761093
vidstg,search,exposure_5,order1,21,10,online100,0.047130541098499394,0.8282208588957055,0.05372096493031638,0.2513877760169461,-0.20425723491844672,-0.52565711482722,-0.5351487037140719,10,0.3943445533514023
vidstg,search,exposure_5,order1,22,28,episodic,0.3522271941705775,0.9043478260869565,0.389481993554004,0.6373055974733594,-0.28507840330278184,-0.13642972840681644,-0.13817251792173568,10,0.4178871214389801
vidstg,search,exposure_5,order1,22,28,online100,0.3258601553669694,0.9043478260869565,0.36032613333847574,0.6527085590646862,-0.3268484036977168,-0.1916270246337376,-0.19176584479309755,10,0.42166756093502045
vidstg,search,exposure_5,order1,23,31,episodic,0.0,0.9222520107238605,0.0,0.0,0.0,0.0,0.0,0,0.0
vidstg,search,exposure_5,order1,23,31,online100,0.0,0.9222520107238605,0.0,0.0,0.0,0.0,0.0,0,0.0
vidstg,search,exposure_5,order1,24,23,episodic,0.0,0.0,0.644969921696502,0.0,0.0,-0.15213623229629436,0.011877797394628908,10,0.10898947715759277
vidstg,search,exposure_5,order1,24,23,online100,0.0,0.0,0.7623937122037776,0.0,0.0,-0.05869899933954481,0.12196328305162596,10,0.08602052927017212
vidstg,search,exposure_5,order1,25,21,episodic,0.32470839356498477,0.7032967032967034,0.4616947471002127,0.32470839356498477,0.0,0.0,0.0,0,0.0
vidstg,search,exposure_5,order1,25,21,online100,0.31361397966700405,0.7032967032967034,0.4459198773390214,0.31361397966700405,0.0,0.0,0.0,0,0.0
vidstg,search,exposure_5,order1,26,11,episodic,0.5572939528017127,0.84375,0.6369073746305288,0.6312342220880326,-0.07394026928631992,0.034593164266929266,0.06419864957834609,8,0.1913907527923584
vidstg,search,exposure_5,order1,26,11,online100,0.5378550518981944,0.84375,0.6146914878836507,0.6134804483442645,-0.07562539644607014,0.01531692678789831,0.008469271171638204,8,0.09883326292037964
vidstg,search,exposure_5,order1,27,12,episodic,0.17726923108033438,0.3542319749216301,0.5004326080940413,0.14431434872113175,0.03295488235920263,0.03833918260322411,0.0014333846136957429,9,0.17086797952651978
vidstg,search,exposure_5,order1,27,12,online100,0.17656861027185095,0.3542319749216301,0.49845474935150846,0.14640541968008855,0.030163190591762395,-0.021139612721841394,-0.05467545782198091,6,0.11240071058273315
vidstg,search,exposure_5,order1,28,29,episodic,0.0,0.0,0.0,0.0,0.0,0.05435424486067342,0.0483887867385383,10,0.2196705937385559
vidstg,search,exposure_5,order1,28,29,online100,0.0,0.0,0.0,0.0,0.0,0.00846932816870094,-0.01122166831827287,8,0.2045513391494751
vidstg,search,exposure_5,order1,29,16,episodic,2.3292963168616153e-05,0.11219512195121951,0.00020761119345940484,2.3292963168616153e-05,0.0,0.0,0.0,0,0.0
vidstg,search,exposure_5,order1,29,16,online100,0.0011271085398697697,0.11219512195121951,0.010045967420578382,0.0011271085398697697,0.0,0.0,0.0,0,0.0
vidstg,search,exposure_5,order1,30,30,episodic,0.10647267338890219,0.3127962085308057,0.3274407034170584,0.08492406884259147,0.021548604546310718,-0.24436790338023523,-0.24086233899200582,10,0.0877390056848526
vidstg,search,exposure_5,order1,30,30,online100,0.028704828094158016,0.3127962085308057,0.08123617060829944,0.09103545271327469,-0.062330624619116676,-0.5158158422147412,-0.518233362684306,10,0.08133581280708313
vidstg,search,exposure_5,order1,31,14,episodic,0.0,0.0,0.20696391737831554,0.0,0.0,0.24838767893174796,-0.08253339060053455,10,0.5088681578636169
vidstg,search,exposure_5,order1,31,14,online100,0.0,0.0,0.3149393566304741,0.0,0.0,0.20810097401439032,0.05796766084655036,1,0.30008548498153687
vidstg,search,exposure_5,order2,0,1,episodic,0.0,0.0,0.0,0.0,0.0,0.0,0.0,0,0.0
vidstg,search,exposure_5,order2,0,1,online100,0.0,0.0,0.0,0.0,0.0,0.0,0.0,0,0.0
vidstg,search,exposure_5,order2,1,18,episodic,0.0,0.0,0.033300833271843404,0.0,0.0,0.0,0.0,0,0.0
vidstg,search,exposure_5,order2,1,18,online100,0.0,0.0,0.033300833271843404,0.0,0.0,0.0,0.0,0,0.0
vidstg,search,exposure_5,order2,2,20,episodic,0.10721591050000742,0.4742268041237113,0.22608572431523302,0.3055844091819411,-0.19836849868193365,-0.8226452775791142,-0.8004209614942329,10,0.43325865268707275
vidstg,search,exposure_5,order2,2,20,online100,0.10721591050000742,0.4742268041237113,0.22608572431523302,0.3055844091819411,-0.19836849868193365,-0.8226452775791142,-0.8004209614942329,10,0.43325865268707275
vidstg,search,exposure_5,order2,3,22,episodic,0.5903119292014286,0.6785714285714286,0.8699333693494737,0.5000108321872517,0.09030109701417688,0.03891229308515065,0.08961967101733215,10,0.1526666283607483
vidstg,search,exposure_5,order2,3,22,online100,0.5869206336691842,0.6785714285714286,0.8649356706703768,0.5034056843408379,0.08351494932834636,0.016748776412328525,0.03894518165343175,4,0.13451004028320312
vidstg,search,exposure_5,order2,4,10,episodic,0.04690608316924468,0.8282208588957055,0.053840846731215176,0.22971982004956285,-0.18281373688031816,-0.5029631305115471,-0.5141055992063663,10,0.4624950736761093
vidstg,search,exposure_5,order2,4,10,online100,0.046625226503910454,0.8282208588957055,0.05341388398502284,0.27126688766521523,-0.22464166116130477,-0.4024033338973839,-0.4078455175750513,10,0.4654853940010071
vidstg,search,exposure_5,order2,5,17,episodic,0.3512728980407055,0.3951612903225806,0.8024964192683726,0.11278001035805661,0.23849288768264887,0.2845892349412201,-0.06705726783837762,9,0.19235354661941528
vidstg,search,exposure_5,order2,5,17,online100,0.35230837696327877,0.3951612903225806,0.8187677415667085,0.11068403908568288,0.2416243378775959,0.30700132031630356,-0.07633716022864562,10,0.20640617609024048
vidstg,search,exposure_5,order2,6,16,episodic,2.3292963168616153e-05,0.11219512195121951,0.00020761119345940484,2.3292963168616153e-05,0.0,0.0,0.0,0,0.0
vidstg,search,exposure_5,order2,6,16,online100,0.0007285015257528478,0.11219512195121951,0.006493165773014514,0.0007285015257528478,0.0,0.0,0.0,0,0.0
vidstg,search,exposure_5,order2,7,13,episodic,0.035057957644215626,0.05448717948717949,0.6434166344114868,0.035057957644215626,0.0,0.0,0.0,0,0.0
vidstg,search,exposure_5,order2,7,13,online100,0.03581107994867129,0.05448717948717949,0.6572386437638497,0.03581107994867129,0.0,0.0,0.0,0,0.0
vidstg,search,exposure_5,order2,8,15,episodic,0.0,0.0,0.5830010684113631,0.0,0.0,0.14971937503368826,0.15642189519413918,6,0.29647959768772125
vidstg,search,exposure_5,order2,8,15,online100,0.0,0.0,0.572824438907096,0.0,0.0,0.1356907226566258,0.13585437128068795,9,0.3087352514266968
vidstg,search,exposure_5,order2,9,31,episodic,0.0,0.9222520107238605,0.0,0.0,0.0,0.0,0.0,0,0.0
vidstg,search,exposure_5,order2,9,31,online100,0.0,0.9222520107238605,0.0,0.0,0.0,0.0,0.0,0,0.0
vidstg,search,exposure_5,order2,10,23,episodic,0.0,0.0,0.644969921696502,0.0,0.0,-0.15213623229629436,0.011877797394628908,10,0.10898947715759277
vidstg,search,exposure_5,order2,10,23,online100,0.0,0.0,0.6214459635404677,0.0,0.0,-0.06739514402149016,0.09260605318521131,7,0.10554736852645874
vidstg,search,exposure_5,order2,11,28,episodic,0.3522271941705775,0.9043478260869565,0.389481993554004,0.6373055974733594,-0.28507840330278184,-0.13642972840681644,-0.13817251792173568,10,0.4178871214389801
vidstg,search,exposure_5,order2,11,28,online100,0.33638843028290744,0.9043478260869565,0.3719679757935995,0.6474368644239145,-0.311048434141007,-0.15464518179981646,-0.15860023303348314,10,0.425312802195549
vidstg,search,exposure_5,order2,12,30,episodic,0.10647267338890219,0.3127962085308057,0.3274407034170584,0.08492406884259147,0.021548604546310718,-0.24436790338023523,-0.24086233899200582,10,0.0877390056848526
vidstg,search,exposure_5,order2,12,30,online100,0.050226532179646365,0.3127962085308057,0.15653975280949833,0.08524572029462468,-0.03501918811497832,-0.3664937723401256,-0.3640667130474198,10,0.11317852139472961
vidstg,search,exposure_5,order2,13,21,episodic,0.32470839356498477,0.7032967032967034,0.4616947471002127,0.32470839356498477,0.0,0.0,0.0,0,0.0
vidstg,search,exposure_5,order2,13,21,online100,0.34195671917072756,0.7032967032967034,0.4862197100708783,0.34195671917072756,0.0,0.0,0.0,0,0.0
vidstg,search,exposure_5,order2,14,4,episodic,0.2195748166875921,0.5048543689320388,0.41889670328105716,0.199601245295638,0.019973571391954104,0.24374258995470033,0.23812852288443132,10,0.20082801580429077
vidstg,search,exposure_5,order2,14,4,online100,0.3225761811884251,0.5048543689320388,0.6267562330568671,0.19882606313334208,0.12375011805508304,0.014520158653424042,0.14464664043805886,10,0.20233723521232605
vidstg,search,exposure_5,order2,15,26,episodic,0.11750034983892058,0.6744904261890056,0.12728390652943988,0.25422994153779505,-0.13672959169887447,-0.18393292579479054,0.0791683209854055,9,0.8887396045029163
vidstg,search,exposure_5,order2,15,26,online100,0.11942705135715975,0.6744904261890056,0.12850998988948548,0.2708774929252125,-0.15145044156805276,-0.13634558667276364,0.11478100014592679,10,0.87684316188097
vidstg,search,exposure_5,order2,16,11,episodic,0.5572939528017127,0.84375,0.6369073746305288,0.6312342220880326,-0.07394026928631992,0.034593164266929266,0.06419864957834609,8,0.1913907527923584
vidstg,search,exposure_5,order2,16,11,online100,0.5761612303241319,0.84375,0.6584699775132936,0.6280756821216159,-0.051914451797483996,0.01997566160422226,-0.04855085495606548,10,0.12262320518493652
vidstg,search,exposure_5,order2,17,14,episodic,0.0,0.0,0.20696391737831554,0.0,0.0,0.24838767893174796,-0.08253339060053455,10,0.5088681578636169
vidstg,search,exposure_5,order2,17,14,online100,0.0,0.0,0.20937951014894446,0.0,0.0,0.11528884186504179,-0.24781314237445756,10,0.43434813618659973
vidstg,search,exposure_5,order2,18,27,episodic,0.09684536184970624,0.37057220708446864,0.2108382685367549,0.09684536184970624,0.0,0.0,0.0,0,0.0
vidstg,search,exposure_5,order2,18,27,online100,0.09870469837869275,0.37057220708446864,0.21570845367675603,0.09870469837869275,0.0,0.0,0.0,0,0.0
vidstg,search,exposure_5,order2,19,0,episodic,0.00030831144947523066,0.144136078782453,0.00030831144947523066,0.02270908047380844,-0.02240076902433321,-0.2135622880011982,-0.032576023834969055,10,0.4219753220677376
vidstg,search,exposure_5,order2,19,0,online100,0.017970903979010924,0.144136078782453,0.017970903979010924,0.030906646220451944,-0.01293574224144102,-0.17431310517061627,-0.027214828299786095,1,0.18504083901643753
vidstg,search,exposure_5,order2,20,19,episodic,0.7077598556330148,0.8169491525423729,0.8663450515009933,0.5630114785868606,0.14474837704615418,-0.01151771708061955,-0.007304414105863466,9,0.22547608613967896
vidstg,search,exposure_5,order2,20,19,online100,0.7142841359806481,0.8169491525423729,0.8743312037937394,0.6118555634481333,0.1024285725325148,0.012936692026113916,0.01695350799354456,6,0.16830718517303467
vidstg,search,exposure_5,order2,21,12,episodic,0.17726923108033438,0.3542319749216301,0.5004326080940413,0.14431434872113175,0.03295488235920263,0.03833918260322411,0.0014333846136957429,9,0.17086797952651978
vidstg,search,exposure_5,order2,21,12,online100,0.19866530619664846,0.3542319749216301,0.5608339174931934,0.14112727555598487,0.057538030640663596,-0.02857648741012464,-0.07353976012379276,10,0.15026140213012695
vidstg,search,exposure_5,order2,22,8,episodic,0.10117429149369385,0.8161209068010076,0.17102259735660721,0.09934382926630016,0.0018304622273936921,-0.13094360667257243,-0.12450552815722343,10,0.5064644813537598
vidstg,search,exposure_5,order2,22,8,online100,0.10376715063010553,0.8161209068010076,0.174984195918456,0.1327871542237871,-0.029020003593681565,-0.15731986974413903,-0.14632148561190383,9,0.465446412563324
vidstg,search,exposure_5,order2,23,24,episodic,0.05770165581417313,0.597667638483965,0.08599211785904039,0.01958385795642752,0.038117797857745606,-0.1861413138446441,-0.18786550169338812,10,0.519839147105813
vidstg,search,exposure_5,order2,23,24,online100,0.014655777651053012,0.597667638483965,0.05341387856409024,0.014199033352089082,0.00045674429896393025,-0.06808019458659822,-0.15842382720710385,8,0.3438850031234324
vidstg,search,exposure_5,order2,24,3,episodic,0.16264422235995527,0.1987179487179487,0.6916540022590563,0.13092607020551722,0.031718152154438045,0.03696058553807802,-0.024942459252519922,10,0.1934434175491333
vidstg,search,exposure_5,order2,24,3,online100,0.16134799085968035,0.1987179487179487,0.7120719600841601,0.13571948717635707,0.025628503683323284,0.07802335045092768,0.040174982395418835,10,0.20221686363220215
vidstg,search,exposure_5,order2,25,5,episodic,0.4914237110112472,0.6312056737588653,0.7775117131437584,0.39842744525974244,0.09299626575150477,-0.03191089102762312,-0.06473964479578631,5,0.11630821228027344
vidstg,search,exposure_5,order2,25,5,online100,0.49086485746740066,0.6312056737588653,0.7800756070703457,0.45106929677037944,0.039795560697021226,-0.012485418710373564,-0.07932583867181942,9,0.11639547348022461
vidstg,search,exposure_5,order2,26,2,episodic,0.0002836360935695006,0.8333333333333334,0.0002836360935695006,0.0002836360935695006,0.0,0.0,0.0,0,0.0
vidstg,search,exposure_5,order2,26,2,online100,0.0018288682974512034,0.8333333333333334,0.0018312321786330497,0.0018288682974512034,0.0,0.0,0.0,0,0.0
vidstg,search,exposure_5,order2,27,7,episodic,0.0,0.0,0.04878252646962056,0.0,0.0,0.0,0.0,0,0.0
vidstg,search,exposure_5,order2,27,7,online100,0.0,0.0,0.04553180625337105,0.0,0.0,0.0,0.0,0,0.0
vidstg,search,exposure_5,order2,28,6,episodic,0.3380370929658383,0.5986842105263158,0.6026520172453185,0.4203445200022347,-0.08230742703639643,0.05839544943652941,-0.03941114073915819,9,0.2145843803882599
vidstg,search,exposure_5,order2,28,6,online100,0.4197981118977707,0.5986842105263158,0.751677993879042,0.4311894867087955,-0.011391374811024757,-0.01744479267404142,-0.1772301457491775,10,0.2806890904903412
vidstg,search,exposure_5,order2,29,9,episodic,0.05661146060494445,0.28865979381443296,0.19611827423855757,0.05661146060494445,0.0,0.0,0.0,0,0.0
vidstg,search,exposure_5,order2,29,9,online100,0.06839331148330677,0.28865979381443296,0.23693397192431273,0.06839331148330677,0.0,0.0,0.0,0,0.0
vidstg,search,exposure_5,order2,30,25,episodic,0.0924128328982717,0.11174785100286533,0.8269763764486364,0.0821378259840912,0.010275006914180498,-0.0015372564494312568,0.01535102004488842,10,0.2244340181350708
vidstg,search,exposure_5,order2,30,25,online100,0.09074181903449141,0.11174785100286533,0.8120229446932693,0.0852070155487777,0.00553480348571371,-0.07119923026175601,-0.053688950029339155,9,0.20343589782714844
vidstg,search,exposure_5,order2,31,29,episodic,0.0,0.0,0.0,0.0,0.0,0.05435424486067342,0.0483887867385383,10,0.2196705937385559
vidstg,search,exposure_5,order2,31,29,online100,0.0,0.0,0.0,0.0,0.0,-0.0037162914816002424,0.024503598882469224,9,0.19896316528320312
vidstg,confirm,clean,order1,0,38,episodic,0.044317744935804156,0.17674418604651163,0.24984914295650243,0.044317744935804156,0.0,0.0,0.0,0,0.0
vidstg,confirm,clean,order1,0,38,online100,0.044317744935804156,0.17674418604651163,0.24984914295650243,0.044317744935804156,0.0,0.0,0.0,0,0.0
vidstg,confirm,clean,order1,1,40,episodic,0.4631795659638544,0.8473895582329317,0.549317710307062,0.4631795659638544,0.0,0.0,0.0,0,0.0
vidstg,confirm,clean,order1,1,40,online100,0.4631795659638544,0.8473895582329317,0.549317710307062,0.4631795659638544,0.0,0.0,0.0,0,0.0
vidstg,confirm,clean,order1,2,43,episodic,0.006268861685752173,0.5368663594470046,0.01007661470969053,0.006268861685752173,0.0,0.0,0.0,0,0.0
vidstg,confirm,clean,order1,2,43,online100,0.006268861685752173,0.5368663594470046,0.01007661470969053,0.006268861685752173,0.0,0.0,0.0,0,0.0
vidstg,confirm,clean,order1,3,46,episodic,0.2001241689876821,0.2645161290322581,0.7397048422508588,0.19228397950928774,0.00784018947839435,0.017304788523522574,0.017305657230998306,10,0.02972966432571411
vidstg,confirm,clean,order1,3,46,online100,0.2001241689876821,0.2645161290322581,0.7397048422508588,0.19228397950928774,0.00784018947839435,0.017304788523522574,0.017305657230998306,10,0.02972966432571411
vidstg,confirm,clean,order1,4,34,episodic,0.24218254089782246,0.2914285714285714,0.8310185226886064,0.17628575174674357,0.06589678915107888,0.013014267583961292,0.008106287352419694,10,0.186224102973938
vidstg,confirm,clean,order1,4,34,online100,0.24650755423949985,0.2914285714285714,0.8458592547433819,0.17634922764750618,0.07015832659199367,0.030691744873162508,0.024743244089309613,6,0.1661410927772522
vidstg,confirm,clean,order1,5,37,episodic,0.7440203082860077,0.9649122807017544,0.7648278118459249,0.41847522193323416,0.32554508635277357,-0.026753866004216642,-0.19735597363437102,10,0.3621905744075775
vidstg,confirm,clean,order1,5,37,online100,0.7760981350948917,0.9649122807017544,0.795711418866967,0.4262765740550313,0.3498215610398604,-0.012970162337717306,-0.173684476064429,9,0.382052481174469
vidstg,confirm,clean,order1,6,44,episodic,0.7218019232320237,0.7602040816326531,0.9462456709457224,0.6282016064403316,0.09360031679169212,0.03739996878120766,0.03739845942880993,5,0.1302432417869568
vidstg,confirm,clean,order1,6,44,online100,0.6989756856006984,0.7602040816326531,0.9143260605893547,0.6390941177563566,0.05988156784434184,0.032223244031144516,0.03232750015605501,8,0.11901140213012695
vidstg,confirm,clean,order1,7,45,episodic,0.066869699720583,0.09898762654668167,0.6545272202561895,0.05395881358581319,0.01291088613476981,0.09310711313662223,0.0910348378556628,10,0.1459910273551941
vidstg,confirm,clean,order1,7,45,online100,0.06800845116346459,0.09898762654668167,0.6672329163926893,0.053792758118701274,0.014215693044763313,0.0853180729843025,0.08468304362809376,9,0.139764666557312
vidstg,confirm,clean,order1,8,36,episodic,0.6207828683636931,0.8223140495867769,0.761704830924167,0.5993575667843043,0.021425301579388822,-0.02923577625636975,-0.02120955713328687,10,0.0793800950050354
vidstg,confirm,clean,order1,8,36,online100,0.6225240489973155,0.8223140495867769,0.7626295066455904,0.6120806406390542,0.010443408358261297,-0.09160927019164089,-0.06009744011416818,8,0.0761483907699585
vidstg,confirm,clean,order1,9,35,episodic,0.4679883849491688,0.9537037037037037,0.48592581707939203,0.45541725494694,0.012571130002228759,0.5217974747897354,0.3288428500426757,10,0.04858317971229553
vidstg,confirm,clean,order1,9,35,online100,0.4570599368526554,0.9537037037037037,0.4752399986771941,0.45311541047548787,0.003944526377167523,0.5228613289275377,0.3364552962951483,10,0.035457491874694824
vidstg,confirm,clean,order1,10,42,episodic,0.7185348031357205,0.7427536231884058,0.9667729102767146,0.6265619038861648,0.09197289924955565,-0.04677884801838472,-0.04519021879226448,9,0.10847193002700806
vidstg,confirm,clean,order1,10,42,online100,0.713032840076276,0.7427536231884058,0.9600879566975898,0.6468676496600871,0.06616519041618885,-0.045559932967718764,-0.03539910154793047,8,0.07690298557281494
vidstg,confirm,clean,order1,11,39,episodic,0.029731805446099366,0.06593406593406594,0.4835583361988263,0.029731805446099366,0.0,0.0,0.0,0,0.0
vidstg,confirm,clean,order1,11,39,online100,0.031360077937111035,0.06593406593406594,0.4973518513651982,0.031360077937111035,0.0,0.0,0.0,0,0.0
vidstg,confirm,clean,order1,12,41,episodic,0.19227137648500556,0.902834008097166,0.22977173097117748,0.19227137648500556,0.0,0.0,0.0,0,0.0
vidstg,confirm,clean,order1,12,41,online100,0.20639973485315577,0.902834008097166,0.2473139714040117,0.20639973485315577,0.0,0.0,0.0,0,0.0
vidstg,confirm,clean,order1,13,47,episodic,0.8076784932077017,0.9323432343234324,0.8567943313622709,0.7014878754905002,0.10619061771720151,0.06022308727942716,0.060919051694690474,10,0.15972405672073364
vidstg,confirm,clean,order1,13,47,online100,0.8074575887775833,0.9323432343234324,0.8571279605992523,0.7024392092767723,0.10501837950081105,0.015084541683459518,0.015775230630349024,10,0.1812272071838379
vidstg,confirm,clean,order1,14,32,episodic,0.849866533251408,0.9532374100719424,0.881594717743953,0.8013510456791254,0.048515487572282634,-0.0015653985432270145,-0.0029406897530460663,10,0.1041027307510376
vidstg,confirm,clean,order1,14,32,online100,0.8415945469063405,0.9532374100719424,0.8721661366839615,0.8247851353744486,0.01680941153189186,-0.006658656157697451,-0.0071156230214906024,9,0.0873798131942749
vidstg,confirm,clean,order1,15,33,episodic,0.039412926784310964,0.054313099041533544,0.7354104868280823,0.042415163329232064,-0.0030022365449210997,0.031234098974234792,0.020486462500983627,4,0.15197283029556274
vidstg,confirm,clean,order1,15,33,online100,0.044558670621335644,0.054313099041533544,0.8294122268671993,0.04495186864439398,-0.00039319802305833734,0.012830216007904682,0.0010344139826354848,3,0.17493146657943726
vidstg,confirm,clean,order2,0,45,episodic,0.066869699720583,0.09898762654668167,0.6545272202561895,0.05395881358581319,0.01291088613476981,0.09310711313662223,0.0910348378556628,10,0.1459910273551941
vidstg,confirm,clean,order2,0,45,online100,0.066869699720583,0.09898762654668167,0.6545272202561895,0.05395881358581319,0.01291088613476981,0.09310711313662223,0.0910348378556628,10,0.1459910273551941
vidstg,confirm,clean,order2,1,47,episodic,0.8076784932077017,0.9323432343234324,0.8567943313622709,0.7014878754905002,0.10619061771720151,0.06022308727942716,0.060919051694690474,10,0.15972405672073364
vidstg,confirm,clean,order2,1,47,online100,0.7989118646650766,0.9323432343234324,0.8484645584389042,0.7004810699441576,0.09843079472091898,-0.006878794178249326,-0.006536274203057135,6,0.16322851181030273
vidstg,confirm,clean,order2,2,36,episodic,0.6207828683636931,0.8223140495867769,0.761704830924167,0.5993575667843043,0.021425301579388822,-0.02923577625636975,-0.02120955713328687,10,0.0793800950050354
vidstg,confirm,clean,order2,2,36,online100,0.614499572673416,0.8223140495867769,0.7527555720328964,0.606084860069669,0.008414712603747043,-0.0811634403751893,-0.060800064511448926,10,0.07558590173721313
vidstg,confirm,clean,order2,3,41,episodic,0.19227137648500556,0.902834008097166,0.22977173097117748,0.19227137648500556,0.0,0.0,0.0,0,0.0
vidstg,confirm,clean,order2,3,41,online100,0.1818730833649017,0.902834008097166,0.2180363365449876,0.1818730833649017,0.0,0.0,0.0,0,0.0
vidstg,confirm,clean,order2,4,33,episodic,0.039412926784310964,0.054313099041533544,0.7354104868280823,0.042415163329232064,-0.0030022365449210997,0.031234098974234792,0.020486462500983627,4,0.15197283029556274
vidstg,confirm,clean,order2,4,33,online100,0.03986164815439583,0.054313099041533544,0.7444109650956112,0.04275076538808139,-0.0028891172336855606,0.03378456322799117,0.019522657656418474,4,0.16375231742858887
vidstg,confirm,clean,order2,5,38,episodic,0.044317744935804156,0.17674418604651163,0.24984914295650243,0.044317744935804156,0.0,0.0,0.0,0,0.0
vidstg,confirm,clean,order2,5,38,online100,0.04376670099726799,0.17674418604651163,0.2467109586797494,0.04376670099726799,0.0,0.0,0.0,0,0.0
vidstg,confirm,clean,order2,6,32,episodic,0.849866533251408,0.9532374100719424,0.881594717743953,0.8013510456791254,0.048515487572282634,-0.0015653985432270145,-0.0029406897530460663,10,0.1041027307510376
vidstg,confirm,clean,order2,6,32,online100,0.8382797489097477,0.9532374100719424,0.8695498491767392,0.8089655936237465,0.02931415528600112,-0.001862453837940592,-0.003067370859165197,10,0.09481734037399292
vidstg,confirm,clean,order2,7,34,episodic,0.24218254089782246,0.2914285714285714,0.8310185226886064,0.17628575174674357,0.06589678915107888,0.013014267583961292,0.008106287352419694,10,0.186224102973938
vidstg,confirm,clean,order2,7,34,online100,0.24932651284649104,0.2914285714285714,0.855532151924234,0.18045460394626125,0.06887190890022979,-0.01802462485889178,-0.022427642761635114,7,0.1597900390625
vidstg,confirm,clean,order2,8,40,episodic,0.4631795659638544,0.8473895582329317,0.549317710307062,0.4631795659638544,0.0,0.0,0.0,0,0.0
vidstg,confirm,clean,order2,8,40,online100,0.46463435196188774,0.8473895582329317,0.5507546879699332,0.46463435196188774,0.0,0.0,0.0,0,0.0
vidstg,confirm,clean,order2,9,44,episodic,0.7218019232320237,0.7602040816326531,0.9462456709457224,0.6282016064403316,0.09360031679169212,0.03739996878120766,0.03739845942880993,5,0.1302432417869568
vidstg,confirm,clean,order2,9,44,online100,0.6980213739910379,0.7602040816326531,0.9123571454218367,0.6413676003500347,0.05665377364100321,0.03640040258135069,0.03632122857439557,10,0.11103397607803345
vidstg,confirm,clean,order2,10,35,episodic,0.4679883849491688,0.9537037037037037,0.48592581707939203,0.45541725494694,0.012571130002228759,0.5217974747897354,0.3288428500426757,10,0.04858317971229553
vidstg,confirm,clean,order2,10,35,online100,0.46297124463369704,0.9537037037037037,0.4816887011666556,0.4494489616798838,0.013522282953813247,0.5296489324421392,0.3389143463602692,10,0.03210669755935669
vidstg,confirm,clean,order2,11,42,episodic,0.7185348031357205,0.7427536231884058,0.9667729102767146,0.6265619038861648,0.09197289924955565,-0.04677884801838472,-0.04519021879226448,9,0.10847193002700806
vidstg,confirm,clean,order2,11,42,online100,0.7185144398717508,0.7427536231884058,0.9674598907778549,0.6527675584206345,0.06574688145111629,-0.027634823630210525,-0.02596599856396309,10,0.0795966386795044
vidstg,confirm,clean,order2,12,37,episodic,0.7440203082860077,0.9649122807017544,0.7648278118459249,0.41847522193323416,0.32554508635277357,-0.026753866004216642,-0.19735597363437102,10,0.3621905744075775
vidstg,confirm,clean,order2,12,37,online100,0.7864598485368223,0.9649122807017544,0.8074482437577917,0.46867057635473786,0.3177892721820844,0.002116422860958367,-0.1399686950615892,9,0.34743064641952515
vidstg,confirm,clean,order2,13,46,episodic,0.2001241689876821,0.2645161290322581,0.7397048422508588,0.19228397950928774,0.00784018947839435,0.017304788523522574,0.017305657230998306,10,0.02972966432571411
vidstg,confirm,clean,order2,13,46,online100,0.20203810836206262,0.2645161290322581,0.7564801923525166,0.18605777616936126,0.01598033219270137,-0.05287079619126789,0.0009347782670173777,10,0.034884095191955566
vidstg,confirm,clean,order2,14,39,episodic,0.029731805446099366,0.06593406593406594,0.4835583361988263,0.029731805446099366,0.0,0.0,0.0,0,0.0
vidstg,confirm,clean,order2,14,39,online100,0.03201027125401665,0.06593406593406594,0.503530553792676,0.03201027125401665,0.0,0.0,0.0,0,0.0
vidstg,confirm,clean,order2,15,43,episodic,0.006268861685752173,0.5368663594470046,0.01007661470969053,0.006268861685752173,0.0,0.0,0.0,0,0.0
vidstg,confirm,clean,order2,15,43,online100,0.00820511537618501,0.5368663594470046,0.013188963234312201,0.00820511537618501,0.0,0.0,0.0,0,0.0
vidstg,confirm,frame_drop_5,order1,0,38,episodic,0.0,0.0,0.13604423433671695,0.0,0.0,0.0,0.0,0,0.0
vidstg,confirm,frame_drop_5,order1,0,38,online100,0.0,0.0,0.13604423433671695,0.0,0.0,0.0,0.0,0,0.0
vidstg,confirm,frame_drop_5,order1,1,40,episodic,0.4631795659638544,0.8473895582329317,0.549317710307062,0.4631795659638544,0.0,0.0,0.0,0,0.0
vidstg,confirm,frame_drop_5,order1,1,40,online100,0.4631795659638544,0.8473895582329317,0.549317710307062,0.4631795659638544,0.0,0.0,0.0,0,0.0
vidstg,confirm,frame_drop_5,order1,2,43,episodic,0.006565213944063258,0.544392523364486,0.010407079881700277,0.006565213944063258,0.0,0.0,0.0,0,0.0
vidstg,confirm,frame_drop_5,order1,2,43,online100,0.006565213944063258,0.544392523364486,0.010407079881700277,0.006565213944063258,0.0,0.0,0.0,0,0.0
vidstg,confirm,frame_drop_5,order1,3,46,episodic,0.2001241689876821,0.2645161290322581,0.7397048422508588,0.19228397950928774,0.00784018947839435,0.017304788523522574,0.017305657230998306,10,0.02972966432571411
vidstg,confirm,frame_drop_5,order1,3,46,online100,0.2001241689876821,0.2645161290322581,0.7397048422508588,0.19228397950928774,0.00784018947839435,0.017304788523522574,0.017305657230998306,10,0.02972966432571411
vidstg,confirm,frame_drop_5,order1,4,34,episodic,0.24802076713682505,0.2914285714285714,0.851051651940086,0.1763688752733007,0.07165189186352436,0.030145286987771747,0.024803988976217384,6,0.1837470531463623
vidstg,confirm,frame_drop_5,order1,4,34,online100,0.24309210041856566,0.2914285714285714,0.8341395602597841,0.1764296694763858,0.06666243094217986,0.001102681474390077,-0.004516897421159238,10,0.1873818039894104
vidstg,confirm,frame_drop_5,order1,5,37,episodic,0.7637457005582319,0.9649122807017544,0.783882437695416,0.418932825560389,0.34481287499784286,-0.02980419603708101,-0.18995376178962003,10,0.4071618616580963
vidstg,confirm,frame_drop_5,order1,5,37,online100,0.7662148967575666,0.9649122807017544,0.7853672916423154,0.42626432922785235,0.33995056752971425,-0.03492355532094582,-0.18524143930880999,9,0.3521386981010437
vidstg,confirm,frame_drop_5,order1,6,44,episodic,0.5193147003767488,0.5459183673469388,0.9465367809791739,0.4527122570658851,0.06660244331086368,0.032813752361767645,0.03230542431629613,4,0.1255810260772705
vidstg,confirm,frame_drop_5,order1,6,44,online100,0.5207292452446916,0.5459183673469388,0.9490279457820633,0.46163683950695494,0.05909240573773661,0.027057313836228447,0.025851949724157053,4,0.10936152935028076
vidstg,confirm,frame_drop_5,order1,7,45,episodic,0.05410825470927673,0.08149010477299184,0.6090156151120505,0.04672153738431414,0.0073867173249625925,0.04414824659622851,0.013589674462292645,9,0.12437748908996582
vidstg,confirm,frame_drop_5,order1,7,45,online100,0.05317390115716259,0.08149010477299184,0.5989263789743766,0.04672333638084575,0.006450564776316843,0.0009705080070518957,-0.043606533544436776,9,0.1186264157295227
vidstg,confirm,frame_drop_5,order1,8,36,episodic,0.4705213578367039,0.6239669421487604,0.7253646791782072,0.45009616795772134,0.020425189878982564,-0.04165839693639539,-0.03317175538983852,6,0.05954700708389282
vidstg,confirm,frame_drop_5,order1,8,36,online100,0.46755651764322204,0.6239669421487604,0.716967341711897,0.45721726106516913,0.010339256578052902,-0.06819381078610498,-0.05837338132987813,10,0.03182089328765869
vidstg,confirm,frame_drop_5,order1,9,35,episodic,0.46500220079566085,0.9537037037037037,0.4829623142972314,0.4563083264127656,0.008693874382895261,0.5182858448135406,0.4078435469074771,10,0.02855554223060608
vidstg,confirm,frame_drop_5,order1,9,35,online100,0.4647192687835407,0.9537037037037037,0.48319973201481,0.4509280125172584,0.013791256266282303,0.5113899269720195,0.40490216080909164,10,0.02682739496231079
vidstg,confirm,frame_drop_5,order1,10,42,episodic,0.7185792344748145,0.7427536231884058,0.9668221621734782,0.6265551561850097,0.09202407828980486,-0.04759696339352937,-0.04637467592522093,9,0.10851293802261353
vidstg,confirm,frame_drop_5,order1,10,42,online100,0.712006266195666,0.7427536231884058,0.9597632314451519,0.644616356478493,0.06738990971717296,-0.04753283220000548,-0.040024135503941016,8,0.07996511459350586
vidstg,confirm,frame_drop_5,order1,11,39,episodic,0.10563931330668389,0.24,0.4810859143969216,0.10563931330668389,0.0,0.0,0.0,0,0.0
vidstg,confirm,frame_drop_5,order1,11,39,online100,0.11526154943154138,0.24,0.5077805789518356,0.11526154943154138,0.0,0.0,0.0,0,0.0
vidstg,confirm,frame_drop_5,order1,12,41,episodic,0.1980409548589433,0.8299595141700404,0.24253510200371833,0.1980409548589433,0.0,0.0,0.0,0,0.0
vidstg,confirm,frame_drop_5,order1,12,41,online100,0.21478133046376013,0.8299595141700404,0.2625800800199548,0.21478133046376013,0.0,0.0,0.0,0,0.0
vidstg,confirm,frame_drop_5,order1,13,47,episodic,0.7611983183749709,0.8828382838283828,0.8499010050168322,0.6670359109878344,0.09416240738713644,0.02127216372583829,0.01988596452929592,10,0.15938931703567505
vidstg,confirm,frame_drop_5,order1,13,47,online100,0.7644949108925954,0.8828382838283828,0.8531986360998983,0.666017088619073,0.09847782227352231,0.006134664675948809,0.005700725946726437,10,0.18185746669769287
vidstg,confirm,frame_drop_5,order1,14,32,episodic,0.5716214319920095,0.658273381294964,0.860125695550858,0.5457750940277198,0.0258463379642897,-0.03164542291454708,-0.04046060044016231,10,0.14761990308761597
vidstg,confirm,frame_drop_5,order1,14,32,online100,0.5813182960883625,0.658273381294964,0.8726846126105623,0.5587923753933478,0.02252592069501469,-0.02358741584940338,-0.025698153439096982,9,0.1296759843826294
vidstg,confirm,frame_drop_5,order1,15,33,episodic,0.039412926784310964,0.054313099041533544,0.7354104868280823,0.042415163329232064,-0.0030022365449210997,0.031234098974234792,0.020486462500983627,4,0.15197283029556274
vidstg,confirm,frame_drop_5,order1,15,33,online100,0.04073670890965279,0.054313099041533544,0.7569774807587326,0.04523360973333763,-0.004496900823684841,0.010655615550851816,0.01706515916182949,9,0.16531038284301758
vidstg,confirm,frame_drop_5,order2,0,45,episodic,0.05410825470927673,0.08149010477299184,0.6090156151120505,0.04672153738431414,0.0073867173249625925,0.04414824659622851,0.013589674462292645,9,0.12437748908996582
vidstg,confirm,frame_drop_5,order2,0,45,online100,0.05410825470927673,0.08149010477299184,0.6090156151120505,0.04672153738431414,0.0073867173249625925,0.04414824659622851,0.013589674462292645,9,0.12437748908996582
vidstg,confirm,frame_drop_5,order2,1,47,episodic,0.7611983183749709,0.8828382838283828,0.8499010050168322,0.6670359109878344,0.09416240738713644,0.02127216372583829,0.01988596452929592,10,0.15938931703567505
vidstg,confirm,frame_drop_5,order2,1,47,online100,0.7558213850666461,0.8828382838283828,0.8442749114532258,0.6670563338869915,0.08876505117965461,0.015426061579979167,0.014264359163130624,10,0.15868860483169556
vidstg,confirm,frame_drop_5,order2,2,36,episodic,0.4705213578367039,0.6239669421487604,0.7253646791782072,0.45009616795772134,0.020425189878982564,-0.04165839693639539,-0.03317175538983852,6,0.05954700708389282
vidstg,confirm,frame_drop_5,order2,2,36,online100,0.46944222984577444,0.6239669421487604,0.7254469398354317,0.45328399485441695,0.01615823499135749,-0.053457008220465285,-0.05323030884630087,7,0.014341771602630615
vidstg,confirm,frame_drop_5,order2,3,41,episodic,0.1980409548589433,0.8299595141700404,0.24253510200371833,0.1980409548589433,0.0,0.0,0.0,0,0.0
vidstg,confirm,frame_drop_5,order2,3,41,online100,0.1906017669223546,0.8299595141700404,0.23350161148319676,0.1906017669223546,0.0,0.0,0.0,0,0.0
vidstg,confirm,frame_drop_5,order2,4,33,episodic,0.039412926784310964,0.054313099041533544,0.7354104868280823,0.042415163329232064,-0.0030022365449210997,0.031234098974234792,0.020486462500983627,4,0.15197283029556274
vidstg,confirm,frame_drop_5,order2,4,33,online100,0.04068512319985878,0.054313099041533544,0.7594139503117082,0.04354732280854968,-0.002862199608690899,0.037626688205587344,0.020408505995930804,4,0.16552168130874634
vidstg,confirm,frame_drop_5,order2,5,38,episodic,0.0,0.0,0.13604423433671695,0.0,0.0,0.0,0.0,0,0.0
vidstg,confirm,frame_drop_5,order2,5,38,online100,0.0,0.0,0.13718264733991162,0.0,0.0,0.0,0.0,0,0.0
vidstg,confirm,frame_drop_5,order2,6,32,episodic,0.5716214319920095,0.658273381294964,0.860125695550858,0.5457750940277198,0.0258463379642897,-0.03164542291454708,-0.04046060044016231,10,0.14761990308761597
vidstg,confirm,frame_drop_5,order2,6,32,online100,0.5727969396046334,0.658273381294964,0.8640104491635667,0.5500063053400216,0.02279063426461181,-0.03561855379934609,-0.039272894484084664,9,0.1340700387954712
vidstg,confirm,frame_drop_5,order2,7,34,episodic,0.24802076713682505,0.2914285714285714,0.851051651940086,0.1763688752733007,0.07165189186352436,0.030145286987771747,0.024803988976217384,6,0.1837470531463623
vidstg,confirm,frame_drop_5,order2,7,34,online100,0.23951388956338893,0.2914285714285714,0.8218613857567267,0.18386864839772954,0.05564524116565939,-0.028190138925224262,-0.02970340824103923,10,0.15301185846328735
vidstg,confirm,frame_drop_5,order2,8,40,episodic,0.4631795659638544,0.8473895582329317,0.549317710307062,0.4631795659638544,0.0,0.0,0.0,0,0.0
vidstg,confirm,frame_drop_5,order2,8,40,online100,0.4675961947575229,0.8473895582329317,0.554316109780528,0.4675961947575229,0.0,0.0,0.0,0,0.0
vidstg,confirm,frame_drop_5,order2,9,44,episodic,0.5193147003767488,0.5459183673469388,0.9465367809791739,0.4527122570658851,0.06660244331086368,0.032813752361767645,0.03230542431629613,4,0.1255810260772705
vidstg,confirm,frame_drop_5,order2,9,44,online100,0.5214080596661581,0.5459183673469388,0.9491252480066289,0.46233684040781053,0.059071219258347574,0.029578664115840314,0.02871366835892908,4,0.10765248537063599
vidstg,confirm,frame_drop_5,order2,10,35,episodic,0.46500220079566085,0.9537037037037037,0.4829623142972314,0.4563083264127656,0.008693874382895261,0.5182858448135406,0.4078435469074771,10,0.02855554223060608
vidstg,confirm,frame_drop_5,order2,10,35,online100,0.4490096222109687,0.9537037037037037,0.46723614844974093,0.4462881508479068,0.002721471363061889,0.5127267759953082,0.43183009358957714,10,0.0013661682605743408
vidstg,confirm,frame_drop_5,order2,11,42,episodic,0.7185792344748145,0.7427536231884058,0.9668221621734782,0.6265551561850097,0.09202407828980486,-0.04759696339352937,-0.04637467592522093,9,0.10851293802261353
vidstg,confirm,frame_drop_5,order2,11,42,online100,0.7160310465238108,0.7427536231884058,0.9653404806667073,0.6489387372961734,0.06709230922763743,-0.047839317828885064,-0.038676212216637085,10,0.08226299285888672
vidstg,confirm,frame_drop_5,order2,12,37,episodic,0.7637457005582319,0.9649122807017544,0.783882437695416,0.418932825560389,0.34481287499784286,-0.02980419603708101,-0.18995376178962003,10,0.4071618616580963
vidstg,confirm,frame_drop_5,order2,12,37,online100,0.780636754498703,0.9649122807017544,0.8003694744939585,0.4688933294430565,0.31174342505564645,-0.027021302770420363,-0.16423294986754328,9,0.333798885345459
vidstg,confirm,frame_drop_5,order2,13,46,episodic,0.2001241689876821,0.2645161290322581,0.7397048422508588,0.19228397950928774,0.00784018947839435,0.017304788523522574,0.017305657230998306,10,0.02972966432571411
vidstg,confirm,frame_drop_5,order2,13,46,online100,0.19513646459630143,0.2645161290322581,0.7403650055028745,0.1880886660415974,0.007047798554704027,-0.007656924924346553,-0.0010841801154409803,4,0.03745394945144653
vidstg,confirm,frame_drop_5,order2,14,39,episodic,0.10563931330668389,0.24,0.4810859143969216,0.10563931330668389,0.0,0.0,0.0,0,0.0
vidstg,confirm,frame_drop_5,order2,14,39,online100,0.11635954348520845,0.24,0.5110260403384438,0.11635954348520845,0.0,0.0,0.0,0,0.0
vidstg,confirm,frame_drop_5,order2,15,43,episodic,0.006565213944063258,0.544392523364486,0.010407079881700277,0.006565213944063258,0.0,0.0,0.0,0,0.0
vidstg,confirm,frame_drop_5,order2,15,43,online100,0.009476789772910173,0.544392523364486,0.015022466751131683,0.009476789772910173,0.0,0.0,0.0,0,0.0
vidstg,confirm,frame_freeze_5,order1,0,38,episodic,0.0,0.0,0.14492118917535787,0.0,0.0,0.0,0.0,0,0.0
vidstg,confirm,frame_freeze_5,order1,0,38,online100,0.0,0.0,0.14492118917535787,0.0,0.0,0.0,0.0,0,0.0
vidstg,confirm,frame_freeze_5,order1,1,40,episodic,0.4631795659638544,0.8473895582329317,0.549317710307062,0.4631795659638544,0.0,0.0,0.0,0,0.0
vidstg,confirm,frame_freeze_5,order1,1,40,online100,0.4631795659638544,0.8473895582329317,0.549317710307062,0.4631795659638544,0.0,0.0,0.0,0,0.0
vidstg,confirm,frame_freeze_5,order1,2,43,episodic,0.00608149810454986,0.5154867256637168,0.010180878308357543,0.00608149810454986,0.0,0.0,0.0,0,0.0
vidstg,confirm,frame_freeze_5,order1,2,43,online100,0.00608149810454986,0.5154867256637168,0.010180878308357543,0.00608149810454986,0.0,0.0,0.0,0,0.0
vidstg,confirm,frame_freeze_5,order1,3,46,episodic,0.2001241689876821,0.2645161290322581,0.7397048422508588,0.19228397950928774,0.00784018947839435,0.017304788523522574,0.017305657230998306,10,0.02972966432571411
vidstg,confirm,frame_freeze_5,order1,3,46,online100,0.2001241689876821,0.2645161290322581,0.7397048422508588,0.19228397950928774,0.00784018947839435,0.017304788523522574,0.017305657230998306,10,0.02972966432571411
vidstg,confirm,frame_freeze_5,order1,4,34,episodic,0.2414969557665118,0.2914285714285714,0.8286660246890111,0.17631312410913683,0.06518383165737499,0.013782982570358038,0.010319835894134766,10,0.17312860488891602
vidstg,confirm,frame_freeze_5,order1,4,34,online100,0.24614246456866928,0.2914285714285714,0.8446064960689632,0.17638003378571807,0.06976243078295122,-0.005381050866593795,-0.009122196337193023,8,0.18214815855026245
vidstg,confirm,frame_freeze_5,order1,5,37,episodic,0.7790433549720039,0.9649122807017544,0.7998179007371218,0.418476564427972,0.36056679054403196,-0.031120712681295404,-0.1872588560788061,10,0.4304121732711792
vidstg,confirm,frame_freeze_5,order1,5,37,online100,0.7664434786344434,0.9649122807017544,0.7857566429526713,0.42710582249632745,0.33933765613811595,-0.021565429324694574,-0.16867187569997288,9,0.39489850401878357
vidstg,confirm,frame_freeze_5,order1,6,44,episodic,0.7040986172302265,0.7602040816326531,0.921848105408474,0.6280690547610001,0.07602956246922643,0.04037231535813812,0.04002214249829539,9,0.1330864429473877
vidstg,confirm,frame_freeze_5,order1,6,44,online100,0.6995944055277532,0.7602040816326531,0.9152050083413458,0.6399581612442016,0.05963624428355163,0.03016139710365906,0.030426601370223683,8,0.11826121807098389
vidstg,confirm,frame_freeze_5,order1,7,45,episodic,0.06688125732756658,0.09898762654668167,0.6545757703924426,0.05396022448562268,0.012921032841943902,0.09318840140026896,0.09362026993915484,10,0.14624828100204468
vidstg,confirm,frame_freeze_5,order1,7,45,online100,0.06737665855240511,0.09898762654668167,0.6594221894153397,0.05379875449784689,0.01357790405455822,0.0838621521773183,0.08501454296110345,10,0.14757102727890015
vidstg,confirm,frame_freeze_5,order1,8,36,episodic,0.5140830163342051,0.7231404958677686,0.7109863537037427,0.514039573066634,4.344326757110828e-05,-0.06290910259639304,-0.05854655553328414,10,0.12891823053359985
vidstg,confirm,frame_freeze_5,order1,8,36,online100,0.5193261778175061,0.7231404958677686,0.715614663451419,0.5238966394603563,-0.004570461642850132,-0.07533840843808925,-0.08383324812561288,9,0.1337740421295166
vidstg,confirm,frame_freeze_5,order1,9,35,episodic,0.5192849057333744,0.7039473684210527,0.7308454228840084,0.3161565827898317,0.20312832294354266,0.10757765812531017,0.12579715224643268,10,0.37744390964508057
vidstg,confirm,frame_freeze_5,order1,9,35,online100,0.5410954783631576,0.7039473684210527,0.7615417843629625,0.31393600254228526,0.22715947582087237,0.1646533653021548,0.1635849208089723,9,0.38853344321250916
vidstg,confirm,frame_freeze_5,order1,10,42,episodic,0.7185880099103631,0.7427536231884058,0.9668203536537188,0.626729641387786,0.09185836852257712,-0.04748865943982861,-0.045241630530857724,9,0.10828310251235962
vidstg,confirm,frame_freeze_5,order1,10,42,online100,0.7120926394658567,0.7427536231884058,0.9582168771123954,0.654787333011648,0.057305306454208615,-0.05487546493482687,-0.03924503637000665,10,0.06605488061904907
vidstg,confirm,frame_freeze_5,order1,11,39,episodic,0.13796172403589657,0.3,0.49339321812395487,0.13796172403589657,0.0,0.0,0.0,0,0.0
vidstg,confirm,frame_freeze_5,order1,11,39,online100,0.14146024255503745,0.3,0.49638955740591384,0.14146024255503745,0.0,0.0,0.0,0,0.0
vidstg,confirm,frame_freeze_5,order1,12,41,episodic,0.2345238704179252,0.902834008097166,0.27212732125750766,0.2345238704179252,0.0,0.0,0.0,0,0.0
vidstg,confirm,frame_freeze_5,order1,12,41,online100,0.23610589891311143,0.902834008097166,0.27529535824662743,0.23610589891311143,0.0,0.0,0.0,0,0.0
vidstg,confirm,frame_freeze_5,order1,13,47,episodic,0.8069031702132232,0.9323432343234324,0.8556781650627723,0.7018577871240465,0.10504538308917677,0.06028113560246451,0.06089812221299551,10,0.1610679030418396
vidstg,confirm,frame_freeze_5,order1,13,47,online100,0.8025211397474457,0.9323432343234324,0.852070883460098,0.7133211615523585,0.08919997819508718,0.032994443676461205,0.033244574701984164,9,0.14486682415008545
vidstg,confirm,frame_freeze_5,order1,14,32,episodic,0.837225492221295,0.9532374100719424,0.8682149723120869,0.8005499927286517,0.03667549949264337,-0.0003386420846781535,-0.001285305920848745,10,0.10437870025634766
vidstg,confirm,frame_freeze_5,order1,14,32,online100,0.8400079407379467,0.9532374100719424,0.8706305688826631,0.8162730569139501,0.023734883823996578,-0.009517479896096082,-0.01009482751348667,7,0.0808839201927185
vidstg,confirm,frame_freeze_5,order1,15,33,episodic,0.039412926784310964,0.054313099041533544,0.7354104868280823,0.042415163329232064,-0.0030022365449210997,0.031234098974234792,0.020486462500983627,4,0.15197283029556274
vidstg,confirm,frame_freeze_5,order1,15,33,online100,0.04183055706868706,0.054313099041533544,0.7791642424447864,0.04467626035860806,-0.002845703289921002,0.03880185691365823,0.019059534887420626,4,0.18305039405822754
vidstg,confirm,frame_freeze_5,order2,0,45,episodic,0.06688125732756658,0.09898762654668167,0.6545757703924426,0.05396022448562268,0.012921032841943902,0.09318840140026896,0.09362026993915484,10,0.14624828100204468
vidstg,confirm,frame_freeze_5,order2,0,45,online100,0.06688125732756658,0.09898762654668167,0.6545757703924426,0.05396022448562268,0.012921032841943902,0.09318840140026896,0.09362026993915484,10,0.14624828100204468
vidstg,confirm,frame_freeze_5,order2,1,47,episodic,0.8069031702132232,0.9323432343234324,0.8556781650627723,0.7018577871240465,0.10504538308917677,0.06028113560246451,0.06089812221299551,10,0.1610679030418396
vidstg,confirm,frame_freeze_5,order2,1,47,online100,0.7962263890495751,0.9323432343234324,0.8459614799107589,0.7010288673917797,0.09519752165779538,0.020304806301994716,0.020566455614735357,6,0.1557931900024414
vidstg,confirm,frame_freeze_5,order2,2,36,episodic,0.5140830163342051,0.7231404958677686,0.7109863537037427,0.514039573066634,4.344326757110828e-05,-0.06290910259639304,-0.05854655553328414,10,0.12891823053359985
vidstg,confirm,frame_freeze_5,order2,2,36,online100,0.5165519000805161,0.7231404958677686,0.7095893221082346,0.5191446252326967,-0.002592725152180564,-0.05828111159777771,-0.08139560967025938,8,0.12230122089385986
vidstg,confirm,frame_freeze_5,order2,3,41,episodic,0.2345238704179252,0.902834008097166,0.27212732125750766,0.2345238704179252,0.0,0.0,0.0,0,0.0
vidstg,confirm,frame_freeze_5,order2,3,41,online100,0.22278066032650395,0.902834008097166,0.25876810787786714,0.22278066032650395,0.0,0.0,0.0,0,0.0
vidstg,confirm,frame_freeze_5,order2,4,33,episodic,0.039412926784310964,0.054313099041533544,0.7354104868280823,0.042415163329232064,-0.0030022365449210997,0.031234098974234792,0.020486462500983627,4,0.15197283029556274
vidstg,confirm,frame_freeze_5,order2,4,33,online100,0.04047754244758504,0.054313099041533544,0.7561657049335927,0.043339695605499794,-0.002862153157914757,0.034396527376042374,0.01835176316189313,4,0.16354554891586304
vidstg,confirm,frame_freeze_5,order2,5,38,episodic,0.0,0.0,0.14492118917535787,0.0,0.0,0.0,0.0,0,0.0
vidstg,confirm,frame_freeze_5,order2,5,38,online100,0.0,0.0,0.14377810232843194,0.0,0.0,0.0,0.0,0,0.0
vidstg,confirm,frame_freeze_5,order2,6,32,episodic,0.837225492221295,0.9532374100719424,0.8682149723120869,0.8005499927286517,0.03667549949264337,-0.0003386420846781535,-0.001285305920848745,10,0.10437870025634766
vidstg,confirm,frame_freeze_5,order2,6,32,online100,0.8359795008557882,0.9532374100719424,0.8674166444076334,0.8057046424081327,0.03027485844765554,-0.024694343492975612,-0.025295675738813972,8,0.09467113018035889
vidstg,confirm,frame_freeze_5,order2,7,34,episodic,0.2414969557665118,0.2914285714285714,0.8286660246890111,0.17631312410913683,0.06518383165737499,0.013782982570358038,0.010319835894134766,10,0.17312860488891602
vidstg,confirm,frame_freeze_5,order2,7,34,online100,0.2369597142842633,0.2914285714285714,0.8130970588185505,0.1802468264341095,0.0567128878501538,-0.061174176388575474,-0.06256529875574646,9,0.15132319927215576
vidstg,confirm,frame_freeze_5,order2,8,40,episodic,0.4631795659638544,0.8473895582329317,0.549317710307062,0.4631795659638544,0.0,0.0,0.0,0,0.0
vidstg,confirm,frame_freeze_5,order2,8,40,online100,0.46246162355030257,0.8473895582329317,0.5482791798095525,0.46246162355030257,0.0,0.0,0.0,0,0.0
vidstg,confirm,frame_freeze_5,order2,9,44,episodic,0.7040986172302265,0.7602040816326531,0.921848105408474,0.6280690547610001,0.07602956246922643,0.04037231535813812,0.04002214249829539,9,0.1330864429473877
vidstg,confirm,frame_freeze_5,order2,9,44,online100,0.7003179318445283,0.7602040816326531,0.9160792167105962,0.6364631599228487,0.06385477192167954,0.03937018962906247,0.039664091631075094,10,0.11717033386230469
vidstg,confirm,frame_freeze_5,order2,10,35,episodic,0.5192849057333744,0.7039473684210527,0.7308454228840084,0.3161565827898317,0.20312832294354266,0.10757765812531017,0.12579715224643268,10,0.37744390964508057
vidstg,confirm,frame_freeze_5,order2,10,35,online100,0.49247975931407717,0.7039473684210527,0.6931196612568493,0.3086160869093442,0.18386367240473295,0.1166927747534674,0.13294815223307888,7,0.3678000271320343
vidstg,confirm,frame_freeze_5,order2,11,42,episodic,0.7185880099103631,0.7427536231884058,0.9668203536537188,0.626729641387786,0.09185836852257712,-0.04748865943982861,-0.045241630530857724,9,0.10828310251235962
vidstg,confirm,frame_freeze_5,order2,11,42,online100,0.714067563434362,0.7427536231884058,0.9621467553093158,0.6594571463199836,0.05461041711437831,-0.029649821817305022,-0.031193944223516623,8,0.06227666139602661
vidstg,confirm,frame_freeze_5,order2,12,37,episodic,0.7790433549720039,0.9649122807017544,0.7998179007371218,0.418476564427972,0.36056679054403196,-0.031120712681295404,-0.1872588560788061,10,0.4304121732711792
vidstg,confirm,frame_freeze_5,order2,12,37,online100,0.7505413269350689,0.9649122807017544,0.7676921463781362,0.4424170563341357,0.3081242706009332,-0.007851078665917166,-0.16799467787224315,10,0.35491320490837097
vidstg,confirm,frame_freeze_5,order2,13,46,episodic,0.2001241689876821,0.2645161290322581,0.7397048422508588,0.19228397950928774,0.00784018947839435,0.017304788523522574,0.017305657230998306,10,0.02972966432571411
vidstg,confirm,frame_freeze_5,order2,13,46,online100,0.19624082322128447,0.2645161290322581,0.7448038823050666,0.19030163626208899,0.005939186959195486,0.00708398335215088,0.009963878540078519,4,0.027243494987487793
vidstg,confirm,frame_freeze_5,order2,14,39,episodic,0.13796172403589657,0.3,0.49339321812395487,0.13796172403589657,0.0,0.0,0.0,0,0.0
vidstg,confirm,frame_freeze_5,order2,14,39,online100,0.14279664502170633,0.3,0.5020394248251053,0.14279664502170633,0.0,0.0,0.0,0,0.0
vidstg,confirm,frame_freeze_5,order2,15,43,episodic,0.00608149810454986,0.5154867256637168,0.010180878308357543,0.00608149810454986,0.0,0.0,0.0,0,0.0
vidstg,confirm,frame_freeze_5,order2,15,43,online100,0.006715950481607442,0.5154867256637168,0.011242998584024312,0.006715950481607442,0.0,0.0,0.0,0,0.0
vidstg,confirm,motion_blur_5,order1,0,38,episodic,0.008682669370241662,0.14883720930232558,0.07518427448388879,0.008682669370241662,0.0,0.0,0.0,0,0.0
vidstg,confirm,motion_blur_5,order1,0,38,online100,0.008682669370241662,0.14883720930232558,0.07518427448388879,0.008682669370241662,0.0,0.0,0.0,0,0.0
vidstg,confirm,motion_blur_5,order1,1,40,episodic,0.4631795659638544,0.8473895582329317,0.549317710307062,0.4631795659638544,0.0,0.0,0.0,0,0.0
vidstg,confirm,motion_blur_5,order1,1,40,online100,0.4631795659638544,0.8473895582329317,0.549317710307062,0.4631795659638544,0.0,0.0,0.0,0,0.0
vidstg,confirm,motion_blur_5,order1,2,43,episodic,0.00648237197285871,0.5368663594470046,0.01041981272674326,0.00648237197285871,0.0,0.0,0.0,0,0.0
vidstg,confirm,motion_blur_5,order1,2,43,online100,0.00648237197285871,0.5368663594470046,0.01041981272674326,0.00648237197285871,0.0,0.0,0.0,0,0.0
vidstg,confirm,motion_blur_5,order1,3,46,episodic,0.2001241689876821,0.2645161290322581,0.7397048422508588,0.19228397950928774,0.00784018947839435,0.017304788523522574,0.017305657230998306,10,0.02972966432571411
vidstg,confirm,motion_blur_5,order1,3,46,online100,0.2001241689876821,0.2645161290322581,0.7397048422508588,0.19228397950928774,0.00784018947839435,0.017304788523522574,0.017305657230998306,10,0.02972966432571411
vidstg,confirm,motion_blur_5,order1,4,34,episodic,0.2482951902027273,0.2914285714285714,0.8519932997152407,0.17630565538920726,0.07198953481352005,0.03681748839502874,0.03072545988894304,6,0.18242424726486206
vidstg,confirm,motion_blur_5,order1,4,34,online100,0.24592588266683638,0.2914285714285714,0.8438633228763993,0.17636861461221578,0.06955726805462059,-0.004995977219701575,-0.00954455909985974,7,0.16396880149841309
vidstg,confirm,motion_blur_5,order1,5,37,episodic,0.7746469653492806,0.9649122807017544,0.795331543237886,0.418558773275027,0.3560881920742536,-0.03569478842746393,-0.19562555487168054,10,0.4257242977619171
vidstg,confirm,motion_blur_5,order1,5,37,online100,0.767905994974337,0.9649122807017544,0.7869772514962663,0.4266932976921386,0.3412126972821984,-0.031121294437168268,-0.17748475728825153,9,0.3543078899383545
vidstg,confirm,motion_blur_5,order1,6,44,episodic,0.7062268402309673,0.7602040816326531,0.9247265047676709,0.6265808187321164,0.07964602149885092,0.03927195039270115,0.038538777391478485,10,0.13181740045547485
vidstg,confirm,motion_blur_5,order1,6,44,online100,0.6932971521681344,0.7602040816326531,0.9065642608263458,0.6383602214957788,0.05493693067235561,0.027484531906413423,0.02815645746013007,9,0.11949026584625244
vidstg,confirm,motion_blur_5,order1,7,45,episodic,0.06681670195897176,0.09898762654668167,0.6538886955834252,0.0539579701743028,0.012858731784668953,0.09267633000011788,0.0837997058076505,10,0.14578616619110107
vidstg,confirm,motion_blur_5,order1,7,45,online100,0.0673803475424203,0.09898762654668167,0.6586526208657523,0.05382485348550188,0.013555494056918416,0.08775470126794271,0.07983571132147671,10,0.1424456238746643
vidstg,confirm,motion_blur_5,order1,8,36,episodic,0.5502770960176409,0.7231404958677686,0.7396893468512137,0.5400235168505999,0.01025357916704095,-0.058863637432076565,-0.10151915435588754,9,0.09297221899032593
vidstg,confirm,motion_blur_5,order1,8,36,online100,0.5544101640340675,0.7231404958677686,0.7432207126359275,0.5508797876093668,0.0035303764247006653,-0.06662935815137694,-0.08879285312600937,10,0.08043485879898071
vidstg,confirm,motion_blur_5,order1,9,35,episodic,0.46837357024987897,0.9537037037037037,0.48626057682190693,0.456104576622067,0.012268993627811975,0.47105155962815154,0.26999889850513337,10,0.04579484462738037
vidstg,confirm,motion_blur_5,order1,9,35,online100,0.4652243697481075,0.9537037037037037,0.48486789491863613,0.4530504987237016,0.012173871024405869,0.4609511513939606,0.26603222234788093,10,0.009503066539764404
vidstg,confirm,motion_blur_5,order1,10,42,episodic,0.7185709590579498,0.7427536231884058,0.9668632079878474,0.6264867363060675,0.09208422275188222,-0.04781269732293969,-0.046377442839983685,9,0.10857248306274414
vidstg,confirm,motion_blur_5,order1,10,42,online100,0.7155401265397008,0.7427536231884058,0.9644756932452365,0.6518182494459963,0.06372187709370447,-0.04376624942423546,-0.03823617166065596,7,0.0728500485420227
vidstg,confirm,motion_blur_5,order1,11,39,episodic,0.1347471640094276,0.3,0.4832359626427839,0.1347471640094276,0.0,0.0,0.0,0,0.0
vidstg,confirm,motion_blur_5,order1,11,39,online100,0.14235372520508405,0.3,0.5038600358237002,0.14235372520508405,0.0,0.0,0.0,0,0.0
vidstg,confirm,motion_blur_5,order1,12,41,episodic,0.20312975852265566,0.8299595141700404,0.2661998074992764,0.20312975852265566,0.0,0.0,0.0,0,0.0
vidstg,confirm,motion_blur_5,order1,12,41,online100,0.21859881741451995,0.8299595141700404,0.2864761119760968,0.21859881741451995,0.0,0.0,0.0,0,0.0
vidstg,confirm,motion_blur_5,order1,13,47,episodic,0.7879627105306181,0.9323432343234324,0.8375986690657518,0.6979894592540573,0.08997325127656075,0.006926945094356318,0.007147172511637212,10,0.13265109062194824
vidstg,confirm,motion_blur_5,order1,13,47,online100,0.7993204381385174,0.9323432343234324,0.8496627010597128,0.7018811030211526,0.0974393351173648,0.04095072476444839,0.03999972201834445,10,0.16476935148239136
vidstg,confirm,motion_blur_5,order1,14,32,episodic,0.8404539755284268,0.9532374100719424,0.8722468327898194,0.7902330213958247,0.05022095413260208,0.0012860550013950034,0.00034718622334739546,10,0.10545015335083008
vidstg,confirm,motion_blur_5,order1,14,32,online100,0.8270944795974717,0.9532374100719424,0.8575918895998669,0.8141410213563219,0.012953458241149796,-0.007195221910412886,-0.007670753944493458,10,0.08151030540466309
vidstg,confirm,motion_blur_5,order1,15,33,episodic,0.039412926784310964,0.054313099041533544,0.7354104868280823,0.042415163329232064,-0.0030022365449210997,0.031234098974234792,0.020486462500983627,4,0.15197283029556274
vidstg,confirm,motion_blur_5,order1,15,33,online100,0.04074109987876726,0.054313099041533544,0.759510730041971,0.04556815647271384,-0.004827056593946576,0.047823522908752025,0.03566427692025531,10,0.16992312669754028
vidstg,confirm,motion_blur_5,order2,0,45,episodic,0.06681670195897176,0.09898762654668167,0.6538886955834252,0.0539579701743028,0.012858731784668953,0.09267633000011788,0.0837997058076505,10,0.14578616619110107
vidstg,confirm,motion_blur_5,order2,0,45,online100,0.06681670195897176,0.09898762654668167,0.6538886955834252,0.0539579701743028,0.012858731784668953,0.09267633000011788,0.0837997058076505,10,0.14578616619110107
vidstg,confirm,motion_blur_5,order2,1,47,episodic,0.7879627105306181,0.9323432343234324,0.8375986690657518,0.6979894592540573,0.08997325127656075,0.006926945094356318,0.007147172511637212,10,0.13265109062194824
vidstg,confirm,motion_blur_5,order2,1,47,online100,0.7822608787140736,0.9323432343234324,0.8298307975872792,0.6968460792543965,0.08541479945967712,0.03770943594812626,0.03705060606148203,6,0.14140939712524414
vidstg,confirm,motion_blur_5,order2,2,36,episodic,0.5502770960176409,0.7231404958677686,0.7396893468512137,0.5400235168505999,0.01025357916704095,-0.058863637432076565,-0.10151915435588754,9,0.09297221899032593
vidstg,confirm,motion_blur_5,order2,2,36,online100,0.5465060451800852,0.7231404958677686,0.739620893186062,0.5458416242828783,0.0006644208972068633,-0.11682873127530491,-0.16306829621873664,9,0.07709860801696777
vidstg,confirm,motion_blur_5,order2,3,41,episodic,0.20312975852265566,0.8299595141700404,0.2661998074992764,0.20312975852265566,0.0,0.0,0.0,0,0.0
vidstg,confirm,motion_blur_5,order2,3,41,online100,0.19482985900245248,0.8299595141700404,0.2554792315031809,0.19482985900245248,0.0,0.0,0.0,0,0.0
vidstg,confirm,motion_blur_5,order2,4,33,episodic,0.039412926784310964,0.054313099041533544,0.7354104868280823,0.042415163329232064,-0.0030022365449210997,0.031234098974234792,0.020486462500983627,4,0.15197283029556274
vidstg,confirm,motion_blur_5,order2,4,33,online100,0.040797143601462166,0.054313099041533544,0.7613977622100555,0.043531258476815625,-0.002734114875353459,0.041953518265594236,0.023805714716568227,4,0.16617918014526367
vidstg,confirm,motion_blur_5,order2,5,38,episodic,0.008682669370241662,0.14883720930232558,0.07518427448388879,0.008682669370241662,0.0,0.0,0.0,0,0.0
vidstg,confirm,motion_blur_5,order2,5,38,online100,0.009569892940760783,0.14883720930232558,0.07935378367021899,0.009569892940760783,0.0,0.0,0.0,0,0.0
vidstg,confirm,motion_blur_5,order2,6,32,episodic,0.8404539755284268,0.9532374100719424,0.8722468327898194,0.7902330213958247,0.05022095413260208,0.0012860550013950034,0.00034718622334739546,10,0.10545015335083008
vidstg,confirm,motion_blur_5,order2,6,32,online100,0.8047402756490127,0.9532374100719424,0.834699510543926,0.8016847976521638,0.00305547799684891,-0.0365105955261501,-0.03781056810465466,10,0.06420683860778809
vidstg,confirm,motion_blur_5,order2,7,34,episodic,0.2482951902027273,0.2914285714285714,0.8519932997152407,0.17630565538920726,0.07198953481352005,0.03681748839502874,0.03072545988894304,6,0.18242424726486206
vidstg,confirm,motion_blur_5,order2,7,34,online100,0.24915742542470667,0.2914285714285714,0.8549519499867386,0.18328659702707606,0.06587082839763062,-0.01001252294618693,-0.01312000688467696,6,0.15427064895629883
vidstg,confirm,motion_blur_5,order2,8,40,episodic,0.4631795659638544,0.8473895582329317,0.549317710307062,0.4631795659638544,0.0,0.0,0.0,0,0.0
vidstg,confirm,motion_blur_5,order2,8,40,online100,0.46506031966079275,0.8473895582329317,0.5513117209605541,0.46506031966079275,0.0,0.0,0.0,0,0.0
vidstg,confirm,motion_blur_5,order2,9,44,episodic,0.7062268402309673,0.7602040816326531,0.9247265047676709,0.6265808187321164,0.07964602149885092,0.03927195039270115,0.038538777391478485,10,0.13181740045547485
vidstg,confirm,motion_blur_5,order2,9,44,online100,0.6988933277847154,0.7602040816326531,0.914252132644636,0.6323543762789865,0.06653895150572886,0.04524841614269948,0.045275642129813276,10,0.11857903003692627
vidstg,confirm,motion_blur_5,order2,10,35,episodic,0.46837357024987897,0.9537037037037037,0.48626057682190693,0.456104576622067,0.012268993627811975,0.47105155962815154,0.26999889850513337,10,0.04579484462738037
vidstg,confirm,motion_blur_5,order2,10,35,online100,0.4681592546792545,0.9537037037037037,0.4875918731457314,0.44715117401215204,0.02100808066710247,0.4790167015575658,0.28208522894230426,10,0.015993207693099976
vidstg,confirm,motion_blur_5,order2,11,42,episodic,0.7185709590579498,0.7427536231884058,0.9668632079878474,0.6264867363060675,0.09208422275188222,-0.04781269732293969,-0.046377442839983685,9,0.10857248306274414
vidstg,confirm,motion_blur_5,order2,11,42,online100,0.7140799858301189,0.7427536231884058,0.9625958797146832,0.6510152379249853,0.06306474790513361,-0.021741666418900518,-0.02248327220491675,10,0.07786905765533447
vidstg,confirm,motion_blur_5,order2,12,37,episodic,0.7746469653492806,0.9649122807017544,0.795331543237886,0.418558773275027,0.3560881920742536,-0.03569478842746393,-0.19562555487168054,10,0.4257242977619171
vidstg,confirm,motion_blur_5,order2,12,37,online100,0.7596104240241623,0.9649122807017544,0.7787157549651976,0.4642115734505041,0.2953988505736582,0.0043671843267908406,-0.1583282064511337,10,0.35694557428359985
vidstg,confirm,motion_blur_5,order2,13,46,episodic,0.2001241689876821,0.2645161290322581,0.7397048422508588,0.19228397950928774,0.00784018947839435,0.017304788523522574,0.017305657230998306,10,0.02972966432571411
vidstg,confirm,motion_blur_5,order2,13,46,online100,0.19450486683994006,0.2645161290322581,0.745521470264448,0.18379865841908383,0.010706208420856234,-0.02717022047604012,0.006817010540660751,7,0.05782318115234375
vidstg,confirm,motion_blur_5,order2,14,39,episodic,0.1347471640094276,0.3,0.4832359626427839,0.1347471640094276,0.0,0.0,0.0,0,0.0
vidstg,confirm,motion_blur_5,order2,14,39,online100,0.14182884950264163,0.3,0.5084303835572536,0.14182884950264163,0.0,0.0,0.0,0,0.0
vidstg,confirm,motion_blur_5,order2,15,43,episodic,0.00648237197285871,0.5368663594470046,0.01041981272674326,0.00648237197285871,0.0,0.0,0.0,0,0.0
vidstg,confirm,motion_blur_5,order2,15,43,online100,0.008263224261989499,0.5368663594470046,0.013282367887790527,0.008263224261989499,0.0,0.0,0.0,0,0.0
vidstg,confirm,occlusion_5,order1,0,38,episodic,0.0,0.0,0.07333107335081153,0.0,0.0,0.0,0.0,0,0.0
vidstg,confirm,occlusion_5,order1,0,38,online100,0.0,0.0,0.07333107335081153,0.0,0.0,0.0,0.0,0,0.0
vidstg,confirm,occlusion_5,order1,1,40,episodic,0.4631795659638544,0.8473895582329317,0.549317710307062,0.4631795659638544,0.0,0.0,0.0,0,0.0
vidstg,confirm,occlusion_5,order1,1,40,online100,0.4631795659638544,0.8473895582329317,0.549317710307062,0.4631795659638544,0.0,0.0,0.0,0,0.0
vidstg,confirm,occlusion_5,order1,2,43,episodic,0.0064553796614840765,0.5368663594470046,0.010376425085496627,0.0064553796614840765,0.0,0.0,0.0,0,0.0
vidstg,confirm,occlusion_5,order1,2,43,online100,0.0064553796614840765,0.5368663594470046,0.010376425085496627,0.0064553796614840765,0.0,0.0,0.0,0,0.0
vidstg,confirm,occlusion_5,order1,3,46,episodic,0.2001241689876821,0.2645161290322581,0.7397048422508588,0.19228397950928774,0.00784018947839435,0.017304788523522574,0.017305657230998306,10,0.02972966432571411
vidstg,confirm,occlusion_5,order1,3,46,online100,0.2001241689876821,0.2645161290322581,0.7397048422508588,0.19228397950928774,0.00784018947839435,0.017304788523522574,0.017305657230998306,10,0.02972966432571411
vidstg,confirm,occlusion_5,order1,4,34,episodic,0.24836311389636873,0.2914285714285714,0.8522263712130299,0.176335886044555,0.07202722785181373,0.03487156369655875,0.02940956234753256,6,0.18417251110076904
vidstg,confirm,occlusion_5,order1,4,34,online100,0.24299556368297734,0.2914285714285714,0.8338083067553145,0.17639993590081168,0.06659562778216566,-0.009274370698085788,-0.01626433668316718,10,0.17467617988586426
vidstg,confirm,occlusion_5,order1,5,37,episodic,0.7716647653298521,0.9649122807017544,0.7919280570384445,0.4186568801452529,0.3530078851845992,-0.030777991834566976,-0.19581097006525128,10,0.42697060108184814
vidstg,confirm,occlusion_5,order1,5,37,online100,0.7643169556435675,0.9649122807017544,0.785006887633234,0.4267695395874372,0.3375474160561303,-0.028461067581340482,-0.1855930115696845,9,0.38407400250434875
vidstg,confirm,occlusion_5,order1,6,44,episodic,0.7056206939123019,0.7602040816326531,0.9272837901854263,0.6271669453096377,0.07845374860266419,0.027085599431671326,0.026336824673789172,10,0.13521122932434082
vidstg,confirm,occlusion_5,order1,6,44,online100,0.7050366737284864,0.7602040816326531,0.9221930284629705,0.6397093096036267,0.06532736412485973,0.031442429626702184,0.03142050200123603,10,0.12024170160293579
vidstg,confirm,occlusion_5,order1,7,45,episodic,0.06678965903018005,0.09898762654668167,0.6534990776802738,0.053957074800174636,0.012832584230005419,0.09331626325739306,0.08978051548530985,10,0.145751953125
vidstg,confirm,occlusion_5,order1,7,45,online100,0.06763275348221279,0.09898762654668167,0.6622538739168597,0.05394053928051914,0.013692214201693649,0.08134596771339209,0.0777332282854789,10,0.14345550537109375
vidstg,confirm,occlusion_5,order1,8,36,episodic,0.5202699755843155,0.7231404958677686,0.6984638117521811,0.5339191024780192,-0.013649126893703678,-0.22016421648192785,-0.18044544060414858,10,0.13753896951675415
vidstg,confirm,occlusion_5,order1,8,36,online100,0.531429707000489,0.7231404958677686,0.7134195900478695,0.5443314755007204,-0.012901768500231392,-0.21677907986293365,-0.19258914627688362,6,0.12999284267425537
vidstg,confirm,occlusion_5,order1,9,35,episodic,0.4685007926795971,0.9537037037037037,0.48662167655877897,0.45418284071417186,0.014317951965425235,0.5080854624786544,0.29810048842946524,10,0.04881677031517029
vidstg,confirm,occlusion_5,order1,9,35,online100,0.4627020898522722,0.9537037037037037,0.4809574724884425,0.4500043646414082,0.012697725210863986,0.5043404707666297,0.2885555009744048,10,0.04509511590003967
vidstg,confirm,occlusion_5,order1,10,42,episodic,0.7185403632308401,0.7427536231884058,0.9667606068127443,0.6265886364272227,0.0919517268036174,-0.047586090380010715,-0.04583576482099383,9,0.10847073793411255
vidstg,confirm,occlusion_5,order1,10,42,online100,0.7142214378334354,0.7427536231884058,0.9622667513660368,0.6517781897173894,0.06244324811604596,-0.042226818834405044,-0.035789749149246375,8,0.07252413034439087
vidstg,confirm,occlusion_5,order1,11,39,episodic,0.07431068714281774,0.17647058823529413,0.46856736922674763,0.07431068714281774,0.0,0.0,0.0,0,0.0
vidstg,confirm,occlusion_5,order1,11,39,online100,0.08121088959904842,0.17647058823529413,0.4946879237022821,0.08121088959904842,0.0,0.0,0.0,0,0.0
vidstg,confirm,occlusion_5,order1,12,41,episodic,0.18468983241838818,0.902834008097166,0.22220345296224633,0.18468983241838818,0.0,0.0,0.0,0,0.0
vidstg,confirm,occlusion_5,order1,12,41,online100,0.20330897282990268,0.902834008097166,0.2442707439667694,0.20330897282990268,0.0,0.0,0.0,0,0.0
vidstg,confirm,occlusion_5,order1,13,47,episodic,0.7304022430527493,0.8531353135313532,0.8307481409469387,0.6466909886398248,0.08371125441292449,0.04360501850675291,0.03994150810475405,10,0.14200127124786377
vidstg,confirm,occlusion_5,order1,13,47,online100,0.7361707827404111,0.8531353135313532,0.8402449728933771,0.6438750666726683,0.0922957160677429,-0.027185310051475065,-0.030565399546208183,9,0.19221436977386475
vidstg,confirm,occlusion_5,order1,14,32,episodic,0.8087131267340785,0.935251798561151,0.8569839844554564,0.7803268830300923,0.028386243703986125,0.021070796904358313,0.01938183210441513,7,0.11723512411117554
vidstg,confirm,occlusion_5,order1,14,32,online100,0.8107865587279058,0.935251798561151,0.8588548259884483,0.7985141242303182,0.012272434497587636,0.00482421572117131,0.003846276691618855,7,0.09050559997558594
vidstg,confirm,occlusion_5,order1,15,33,episodic,0.039412926784310964,0.054313099041533544,0.7354104868280823,0.042415163329232064,-0.0030022365449210997,0.031234098974234792,0.020486462500983627,4,0.15197283029556274
vidstg,confirm,occlusion_5,order1,15,33,online100,0.040834276495054944,0.054313099041533544,0.760506710099406,0.04564844888533249,-0.004814172390277545,0.03616367211869631,0.025633532344549126,6,0.1649119257926941
vidstg,confirm,occlusion_5,order2,0,45,episodic,0.06678965903018005,0.09898762654668167,0.6534990776802738,0.053957074800174636,0.012832584230005419,0.09331626325739306,0.08978051548530985,10,0.145751953125
vidstg,confirm,occlusion_5,order2,0,45,online100,0.06678965903018005,0.09898762654668167,0.6534990776802738,0.053957074800174636,0.012832584230005419,0.09331626325739306,0.08978051548530985,10,0.145751953125
vidstg,confirm,occlusion_5,order2,1,47,episodic,0.7304022430527493,0.8531353135313532,0.8307481409469387,0.6466909886398248,0.08371125441292449,0.04360501850675291,0.03994150810475405,10,0.14200127124786377
vidstg,confirm,occlusion_5,order2,1,47,online100,0.7375541551688938,0.8531353135313532,0.8419552490428205,0.645507988091612,0.09204616707728175,0.018011345467110584,0.01221374107883677,5,0.17029273509979248
vidstg,confirm,occlusion_5,order2,2,36,episodic,0.5202699755843155,0.7231404958677686,0.6984638117521811,0.5339191024780192,-0.013649126893703678,-0.22016421648192785,-0.18044544060414858,10,0.13753896951675415
vidstg,confirm,occlusion_5,order2,2,36,online100,0.527928359159799,0.7231404958677686,0.7114462617735332,0.539066715424855,-0.011138356265055993,-0.14230289642122884,-0.1297530431203171,7,0.10941791534423828
vidstg,confirm,occlusion_5,order2,3,41,episodic,0.18468983241838818,0.902834008097166,0.22220345296224633,0.18468983241838818,0.0,0.0,0.0,0,0.0
vidstg,confirm,occlusion_5,order2,3,41,online100,0.17918452094732543,0.902834008097166,0.21541461877461585,0.17918452094732543,0.0,0.0,0.0,0,0.0
vidstg,confirm,occlusion_5,order2,4,33,episodic,0.039412926784310964,0.054313099041533544,0.7354104868280823,0.042415163329232064,-0.0030022365449210997,0.031234098974234792,0.020486462500983627,4,0.15197283029556274
vidstg,confirm,occlusion_5,order2,4,33,online100,0.040754267437818154,0.054313099041533544,0.761008343055942,0.04354363363520977,-0.0027893661973916184,0.03494317969036165,0.018739304501518173,4,0.1641829013824463
vidstg,confirm,occlusion_5,order2,5,38,episodic,0.0,0.0,0.07333107335081153,0.0,0.0,0.0,0.0,0,0.0
vidstg,confirm,occlusion_5,order2,5,38,online100,0.0,0.0,0.0742630904122984,0.0,0.0,0.0,0.0,0,0.0
vidstg,confirm,occlusion_5,order2,6,32,episodic,0.8087131267340785,0.935251798561151,0.8569839844554564,0.7803268830300923,0.028386243703986125,0.021070796904358313,0.01938183210441513,7,0.11723512411117554
vidstg,confirm,occlusion_5,order2,6,32,online100,0.801931481798019,0.935251798561151,0.8504252954248572,0.7860543900519336,0.015877091746085426,-0.013917998367971807,-0.015108528616595174,6,0.10772430896759033
vidstg,confirm,occlusion_5,order2,7,34,episodic,0.24836311389636873,0.2914285714285714,0.8522263712130299,0.176335886044555,0.07202722785181373,0.03487156369655875,0.02940956234753256,6,0.18417251110076904
vidstg,confirm,occlusion_5,order2,7,34,online100,0.24146388071161154,0.2914285714285714,0.828552531853569,0.18221586296930437,0.059248017742307174,-0.053687603930122174,-0.05816742487096527,10,0.15280359983444214
vidstg,confirm,occlusion_5,order2,8,40,episodic,0.4631795659638544,0.8473895582329317,0.549317710307062,0.4631795659638544,0.0,0.0,0.0,0,0.0
vidstg,confirm,occlusion_5,order2,8,40,online100,0.4669359020331095,0.8473895582329317,0.5534794450776686,0.4669359020331095,0.0,0.0,0.0,0,0.0
vidstg,confirm,occlusion_5,order2,9,44,episodic,0.7056206939123019,0.7602040816326531,0.9272837901854263,0.6271669453096377,0.07845374860266419,0.027085599431671326,0.026336824673789172,10,0.13521122932434082
vidstg,confirm,occlusion_5,order2,9,44,online100,0.700125446707358,0.7602040816326531,0.9156090653730217,0.6363508477078698,0.06377459899948823,0.03655144984453629,0.03640775574837973,10,0.11881887912750244
vidstg,confirm,occlusion_5,order2,10,35,episodic,0.4685007926795971,0.9537037037037037,0.48662167655877897,0.45418284071417186,0.014317951965425235,0.5080854624786544,0.29810048842946524,10,0.04881677031517029
vidstg,confirm,occlusion_5,order2,10,35,online100,0.45889671573963675,0.9537037037037037,0.4769579000653454,0.4462716964903642,0.012625019249272562,0.5227194106632096,0.31627126376031167,10,0.03386068344116211
vidstg,confirm,occlusion_5,order2,11,42,episodic,0.7185403632308401,0.7427536231884058,0.9667606068127443,0.6265886364272227,0.0919517268036174,-0.047586090380010715,-0.04583576482099383,9,0.10847073793411255
vidstg,confirm,occlusion_5,order2,11,42,online100,0.7083471476810441,0.7427536231884058,0.95432646405461,0.6516897175500389,0.056657430131005215,-0.046161594693666985,-0.03886948797389789,8,0.06474143266677856
vidstg,confirm,occlusion_5,order2,12,37,episodic,0.7716647653298521,0.9649122807017544,0.7919280570384445,0.4186568801452529,0.3530078851845992,-0.030777991834566976,-0.19581097006525128,10,0.42697060108184814
vidstg,confirm,occlusion_5,order2,12,37,online100,0.7666247124958737,0.9649122807017544,0.7858500515846341,0.47146033375707946,0.29516437873879425,-0.021653941430712753,-0.1635361640519042,10,0.31400924921035767
vidstg,confirm,occlusion_5,order2,13,46,episodic,0.2001241689876821,0.2645161290322581,0.7397048422508588,0.19228397950928774,0.00784018947839435,0.017304788523522574,0.017305657230998306,10,0.02972966432571411
vidstg,confirm,occlusion_5,order2,13,46,online100,0.20483268734289098,0.2645161290322581,0.7619842995611565,0.1864871083837375,0.01834557895915348,-0.015361198306361956,-0.004380600147057767,8,0.03418451547622681
vidstg,confirm,occlusion_5,order2,14,39,episodic,0.07431068714281774,0.17647058823529413,0.46856736922674763,0.07431068714281774,0.0,0.0,0.0,0,0.0
vidstg,confirm,occlusion_5,order2,14,39,online100,0.08099119404013184,0.17647058823529413,0.4926273589441384,0.08099119404013184,0.0,0.0,0.0,0,0.0
vidstg,confirm,occlusion_5,order2,15,43,episodic,0.0064553796614840765,0.5368663594470046,0.010376425085496627,0.0064553796614840765,0.0,0.0,0.0,0,0.0
vidstg,confirm,occlusion_5,order2,15,43,online100,0.008665289491456308,0.5368663594470046,0.013928650515896436,0.008665289491456308,0.0,0.0,0.0,0,0.0
vidstg,confirm,exposure_5,order1,0,38,episodic,0.013612534008341103,0.17674418604651163,0.08702592704529849,0.013612534008341103,0.0,0.0,0.0,0,0.0
vidstg,confirm,exposure_5,order1,0,38,online100,0.013612534008341103,0.17674418604651163,0.08702592704529849,0.013612534008341103,0.0,0.0,0.0,0,0.0
vidstg,confirm,exposure_5,order1,1,40,episodic,0.4631795659638544,0.8473895582329317,0.549317710307062,0.4631795659638544,0.0,0.0,0.0,0,0.0
vidstg,confirm,exposure_5,order1,1,40,online100,0.4631795659638544,0.8473895582329317,0.549317710307062,0.4631795659638544,0.0,0.0,0.0,0,0.0
vidstg,confirm,exposure_5,order1,2,43,episodic,0.006379325299866414,0.5368663594470046,0.010254174741266754,0.006379325299866414,0.0,0.0,0.0,0,0.0
vidstg,confirm,exposure_5,order1,2,43,online100,0.006379325299866414,0.5368663594470046,0.010254174741266754,0.006379325299866414,0.0,0.0,0.0,0,0.0
vidstg,confirm,exposure_5,order1,3,46,episodic,0.2001241689876821,0.2645161290322581,0.7397048422508588,0.19228397950928774,0.00784018947839435,0.017304788523522574,0.017305657230998306,10,0.02972966432571411
vidstg,confirm,exposure_5,order1,3,46,online100,0.2001241689876821,0.2645161290322581,0.7397048422508588,0.19228397950928774,0.00784018947839435,0.017304788523522574,0.017305657230998306,10,0.02972966432571411
vidstg,confirm,exposure_5,order1,4,34,episodic,0.24837198185641118,0.2914285714285714,0.8522568004876854,0.17637057381620086,0.07200140804021032,-0.006457702117881325,-0.010272690317417954,6,0.17157554626464844
vidstg,confirm,exposure_5,order1,4,34,online100,0.24012018736950683,0.2914285714285714,0.8239418194051704,0.17643199024232775,0.06368819712717907,0.019270586628771347,0.013869325298368373,9,0.183585524559021
vidstg,confirm,exposure_5,order1,5,37,episodic,0.7517250709144557,0.9649122807017544,0.7718664638684608,0.4188175881153135,0.33290748279914223,-0.030552950022808056,-0.1968922655583843,10,0.3625195622444153
vidstg,confirm,exposure_5,order1,5,37,online100,0.770038955177845,0.9649122807017544,0.7892191421945204,0.4274799291858711,0.34255902599197396,-0.0352848073404286,-0.18330652844957002,9,0.3519182503223419
vidstg,confirm,exposure_5,order1,6,44,episodic,0.705378604236729,0.7602040816326531,0.9243251068697557,0.6294096301500883,0.07596897408664072,0.03314308900089524,0.033189997871159393,10,0.13323497772216797
vidstg,confirm,exposure_5,order1,6,44,online100,0.7016879075347094,0.7602040816326531,0.9180429293306681,0.6420770684867902,0.059610839047919195,0.028329223502435608,0.02863313576991955,10,0.11870485544204712
vidstg,confirm,exposure_5,order1,7,45,episodic,0.06868161930298795,0.09898762654668167,0.6754749314307728,0.05394944402409036,0.014732175278897593,0.09390299631734134,0.09331085012330909,9,0.14506953954696655
vidstg,confirm,exposure_5,order1,7,45,online100,0.0685560927293614,0.09898762654668167,0.6738426816660218,0.05383433511643959,0.014721757612921813,0.09224689039283718,0.0967641247282649,9,0.1328209638595581
vidstg,confirm,exposure_5,order1,8,36,episodic,0.6208498761876534,0.8223140495867769,0.7611985361651401,0.6007539704751136,0.02009590571253983,-0.052003472298866926,-0.042758486761783954,10,0.07903480529785156
vidstg,confirm,exposure_5,order1,8,36,online100,0.6206565974132338,0.8223140495867769,0.7639524620920337,0.6134452372859531,0.0072113601272806305,-0.11643072457648695,-0.07931738750751416,10,0.07488065958023071
vidstg,confirm,exposure_5,order1,9,35,episodic,0.46768160867828823,0.9537037037037037,0.48565426487983815,0.45615862687996234,0.011522981798325893,0.5127254107784187,0.35347041679127483,10,0.044845789670944214
vidstg,confirm,exposure_5,order1,9,35,online100,0.4588682189463781,0.9537037037037037,0.4770760343582925,0.4541009971038475,0.004767221842530589,0.5104120250186313,0.3564332735941534,10,0.03789949417114258
vidstg,confirm,exposure_5,order1,10,42,episodic,0.7184118451787175,0.7427536231884058,0.9664730788570374,0.6266767577322916,0.09173508744642589,-0.04775926886100468,-0.045193819680341085,9,0.10827744007110596
vidstg,confirm,exposure_5,order1,10,42,online100,0.7099454023896139,0.7427536231884058,0.9562679141355418,0.648344918402421,0.06160048398719287,-0.05611942327134445,-0.04161271798231647,10,0.07392889261245728
vidstg,confirm,exposure_5,order1,11,39,episodic,0.09588414451199759,0.21428571428571427,0.4829877714032931,0.09588414451199759,0.0,0.0,0.0,0,0.0
vidstg,confirm,exposure_5,order1,11,39,online100,0.1022859281517646,0.21428571428571427,0.4985377484388742,0.1022859281517646,0.0,0.0,0.0,0,0.0
vidstg,confirm,exposure_5,order1,12,41,episodic,0.20453983480177756,0.902834008097166,0.24209447323587024,0.20453983480177756,0.0,0.0,0.0,0,0.0
vidstg,confirm,exposure_5,order1,12,41,online100,0.21896693366369988,0.902834008097166,0.25994912533058107,0.21896693366369988,0.0,0.0,0.0,0,0.0
vidstg,confirm,exposure_5,order1,13,47,episodic,0.8059976437246447,0.9323432343234324,0.8547610451580099,0.7022055974927285,0.10379204623191618,0.06313213598877643,0.06335575995600706,10,0.15958917140960693
vidstg,confirm,exposure_5,order1,13,47,online100,0.8122086148244987,0.9323432343234324,0.8627851755175413,0.7019372928253632,0.11027132199913547,0.01814010375734265,0.01843864688254737,10,0.18981879949569702
vidstg,confirm,exposure_5,order1,14,32,episodic,0.8467344114395359,0.9532374100719424,0.8782958061921144,0.8005405605626602,0.046193850876875664,-0.0013224340953611469,-0.002734946067925237,10,0.11413013935089111
vidstg,confirm,exposure_5,order1,14,32,online100,0.8421336108865418,0.9532374100719424,0.8726764267896124,0.8254203509341212,0.016713259952420567,-0.00997779470857818,-0.010720915778534512,9,0.083915114402771
vidstg,confirm,exposure_5,order1,15,33,episodic,0.039412926784310964,0.054313099041533544,0.7354104868280823,0.042415163329232064,-0.0030022365449210997,0.031234098974234792,0.020486462500983627,4,0.15197283029556274
vidstg,confirm,exposure_5,order1,15,33,online100,0.044703415984006685,0.054313099041533544,0.8320014992022164,0.044898038342601566,-0.00019462235859488142,0.013053678299784877,0.0007594472183090062,3,0.176558256149292
vidstg,confirm,exposure_5,order2,0,45,episodic,0.06868161930298795,0.09898762654668167,0.6754749314307728,0.05394944402409036,0.014732175278897593,0.09390299631734134,0.09331085012330909,9,0.14506953954696655
vidstg,confirm,exposure_5,order2,0,45,online100,0.06868161930298795,0.09898762654668167,0.6754749314307728,0.05394944402409036,0.014732175278897593,0.09390299631734134,0.09331085012330909,9,0.14506953954696655
vidstg,confirm,exposure_5,order2,1,47,episodic,0.8059976437246447,0.9323432343234324,0.8547610451580099,0.7022055974927285,0.10379204623191618,0.06313213598877643,0.06335575995600706,10,0.15958917140960693
vidstg,confirm,exposure_5,order2,1,47,online100,0.7942183548277454,0.9323432343234324,0.8436355166838214,0.7005414594133115,0.09367689541443391,0.02939728256059737,0.02959996133944931,6,0.15720951557159424
vidstg,confirm,exposure_5,order2,2,36,episodic,0.6208498761876534,0.8223140495867769,0.7611985361651401,0.6007539704751136,0.02009590571253983,-0.052003472298866926,-0.042758486761783954,10,0.07903480529785156
vidstg,confirm,exposure_5,order2,2,36,online100,0.6156038973182808,0.8223140495867769,0.7545568793381313,0.6066584182918582,0.00894547902642262,-0.08882187072125514,-0.07252891083775836,10,0.08183646202087402
vidstg,confirm,exposure_5,order2,3,41,episodic,0.20453983480177756,0.902834008097166,0.24209447323587024,0.20453983480177756,0.0,0.0,0.0,0,0.0
vidstg,confirm,exposure_5,order2,3,41,online100,0.19473407210707694,0.902834008097166,0.2310231124870179,0.19473407210707694,0.0,0.0,0.0,0,0.0
vidstg,confirm,exposure_5,order2,4,33,episodic,0.039412926784310964,0.054313099041533544,0.7354104868280823,0.042415163329232064,-0.0030022365449210997,0.031234098974234792,0.020486462500983627,4,0.15197283029556274
vidstg,confirm,exposure_5,order2,4,33,online100,0.04013804905154581,0.054313099041533544,0.7496126417298905,0.04298509974719681,-0.002847050695650999,0.0372335849697909,0.02133744166204765,4,0.1662275195121765
vidstg,confirm,exposure_5,order2,5,38,episodic,0.013612534008341103,0.17674418604651163,0.08702592704529849,0.013612534008341103,0.0,0.0,0.0,0,0.0
vidstg,confirm,exposure_5,order2,5,38,online100,0.013596314959559222,0.17674418604651163,0.08686002591701206,0.013596314959559222,0.0,0.0,0.0,0,0.0
vidstg,confirm,exposure_5,order2,6,32,episodic,0.8467344114395359,0.9532374100719424,0.8782958061921144,0.8005405605626602,0.046193850876875664,-0.0013224340953611469,-0.002734946067925237,10,0.11413013935089111
vidstg,confirm,exposure_5,order2,6,32,online100,0.8403883628659962,0.9532374100719424,0.8717812692660213,0.809821492117771,0.030566870748225172,-0.019311496979153353,-0.019029949861278705,10,0.09866958856582642
vidstg,confirm,exposure_5,order2,7,34,episodic,0.24837198185641118,0.2914285714285714,0.8522568004876854,0.17637057381620086,0.07200140804021032,-0.006457702117881325,-0.010272690317417954,6,0.17157554626464844
vidstg,confirm,exposure_5,order2,7,34,online100,0.24847818030319596,0.2914285714285714,0.8526212069227312,0.18072632633470312,0.06775185396849284,-0.0025910205964231325,-0.00852852104202051,10,0.17767047882080078
vidstg,confirm,exposure_5,order2,8,40,episodic,0.4631795659638544,0.8473895582329317,0.549317710307062,0.4631795659638544,0.0,0.0,0.0,0,0.0
vidstg,confirm,exposure_5,order2,8,40,online100,0.4643498413852694,0.8473895582329317,0.5504663284553689,0.4643498413852694,0.0,0.0,0.0,0,0.0
vidstg,confirm,exposure_5,order2,9,44,episodic,0.705378604236729,0.7602040816326531,0.9243251068697557,0.6294096301500883,0.07596897408664072,0.03314308900089524,0.033189997871159393,10,0.13323497772216797
vidstg,confirm,exposure_5,order2,9,44,online100,0.6957609432846503,0.7602040816326531,0.9097343190665579,0.6424385404477343,0.05332240283691603,0.032106405324711096,0.03237945428816458,10,0.11126565933227539
vidstg,confirm,exposure_5,order2,10,35,episodic,0.46768160867828823,0.9537037037037037,0.48565426487983815,0.45615862687996234,0.011522981798325893,0.5127254107784187,0.35347041679127483,10,0.044845789670944214
vidstg,confirm,exposure_5,order2,10,35,online100,0.4629933529256561,0.9537037037037037,0.48158973542133077,0.45141476357593074,0.011578589349725332,0.5150230647452949,0.3587216341811136,10,0.03219422698020935
vidstg,confirm,exposure_5,order2,11,42,episodic,0.7184118451787175,0.7427536231884058,0.9664730788570374,0.6266767577322916,0.09173508744642589,-0.04775926886100468,-0.045193819680341085,9,0.10827744007110596
vidstg,confirm,exposure_5,order2,11,42,online100,0.7166816710469572,0.7427536231884058,0.9641567214833717,0.6544676439559433,0.06221402709101398,-0.035197860232059175,-0.03209700079355249,7,0.06782418489456177
vidstg,confirm,exposure_5,order2,12,37,episodic,0.7517250709144557,0.9649122807017544,0.7718664638684608,0.4188175881153135,0.33290748279914223,-0.030552950022808056,-0.1968922655583843,10,0.3625195622444153
vidstg,confirm,exposure_5,order2,12,37,online100,0.7780999255735007,0.9649122807017544,0.798432370247792,0.4699177827611113,0.3081821428123894,-0.006385486347172065,-0.14404094379567545,9,0.34427469968795776
vidstg,confirm,exposure_5,order2,13,46,episodic,0.2001241689876821,0.2645161290322581,0.7397048422508588,0.19228397950928774,0.00784018947839435,0.017304788523522574,0.017305657230998306,10,0.02972966432571411
vidstg,confirm,exposure_5,order2,13,46,online100,0.19569762721859427,0.2645161290322581,0.7406861685842062,0.18669628510923933,0.009001342109354937,-0.019840793365327958,-0.002839164046342546,4,0.04288452863693237
vidstg,confirm,exposure_5,order2,14,39,episodic,0.09588414451199759,0.21428571428571427,0.4829877714032931,0.09588414451199759,0.0,0.0,0.0,0,0.0
vidstg,confirm,exposure_5,order2,14,39,online100,0.1027538007092865,0.21428571428571427,0.49838827077235437,0.1027538007092865,0.0,0.0,0.0,0,0.0
vidstg,confirm,exposure_5,order2,15,43,episodic,0.006379325299866414,0.5368663594470046,0.010254174741266754,0.006379325299866414,0.0,0.0,0.0,0,0.0
vidstg,confirm,exposure_5,order2,15,43,online100,0.008137011575063314,0.5368663594470046,0.013079492679916586,0.008137011575063314,0.0,0.0,0.0,0,0.0
hc2,search,clean,order1,0,2,episodic,0.2276002734477176,0.31100478468899523,0.6614863477592353,0.14707668065697144,0.08052359279074617,0.08964844573409259,0.04577363842670207,9,0.26675230264663696
hc2,search,clean,order1,0,2,online100,0.2276002734477176,0.31100478468899523,0.6614863477592353,0.14707668065697144,0.08052359279074617,0.08964844573409259,0.04577363842670207,9,0.26675230264663696
hc2,search,clean,order1,1,0,episodic,0.33526555231070104,0.3778801843317972,0.8202524005591101,0.15685570836134016,0.17840984394936088,-0.0871321026739087,-0.16157756061910888,10,0.24602416157722473
hc2,search,clean,order1,1,0,online100,0.3403535264405049,0.3778801843317972,0.8258887981780451,0.15593664951961192,0.184416876920893,-0.08328765810609357,-0.1629169128055012,10,0.25262612104415894
hc2,search,clean,order1,2,25,episodic,0.3023464226479514,0.6883116883116883,0.3718406814066958,0.24601851112436565,0.056327911523585766,-0.062108217225816276,-0.061459810848864316,10,0.0400749146938324
hc2,search,clean,order1,2,25,online100,0.25927393088926415,0.6883116883116883,0.33821646550727236,0.2568265959171952,0.0024473349720689486,-0.11783968264277361,-0.14932025322360193,8,0.26667529344558716
hc2,search,clean,order1,3,22,episodic,0.0934744361255217,0.24316939890710382,0.48570910345979773,0.05866280380394877,0.03481163232157293,-0.018906750106369108,-0.016345293715235187,6,0.22987854480743408
hc2,search,clean,order1,3,22,online100,0.06052332843261259,0.24316939890710382,0.39180099067013063,0.06118538461548731,-0.0006620561828747165,0.05332670290770791,0.004399039593837584,10,0.27118200063705444
hc2,search,clean,order1,4,27,episodic,0.21335996784169267,0.7095588235294118,0.2894919665382922,0.5475705511631078,-0.3342105833214152,-0.12822849531029157,-0.011692930531000179,10,0.30783966183662415
hc2,search,clean,order1,4,27,online100,0.23320304066430494,0.7095588235294118,0.31819194832188125,0.5472442491499694,-0.3140412084856644,0.0023221333717199366,-0.028372925972666385,10,0.2769339680671692
hc2,search,clean,order1,5,31,episodic,0.6697548869778699,0.8092105263157895,0.8230666768318416,0.4974973179980646,0.17225756897980526,0.08083462697871902,0.058291803401461895,7,0.2488895058631897
hc2,search,clean,order1,5,31,online100,0.6533996963435036,0.8092105263157895,0.8053628528144308,0.5090079283111958,0.1443917680323078,-0.006119009385563534,-0.03134017589231142,10,0.21423625946044922
hc2,search,clean,order1,6,11,episodic,0.34146321672819324,0.8641114982578397,0.38771612999213595,0.26129458058630056,0.08016863614189268,0.13554985854427792,0.10630381403152023,9,0.2814823389053345
hc2,search,clean,order1,6,11,online100,0.36152738212137997,0.8641114982578397,0.40932945982995667,0.3016425873291179,0.05988479479226205,0.13699040466443035,0.09337559266780715,10,0.18707966804504395
hc2,search,clean,order1,7,30,episodic,0.5636439328921778,0.723404255319149,0.7788815881832584,0.5214905574670691,0.042153375425108774,-0.4232639996305874,-0.539691312062203,7,0.09445589780807495
hc2,search,clean,order1,7,30,online100,0.5592207391475562,0.723404255319149,0.772777631470439,0.4981010876569002,0.06111965149065601,-0.3764883399054242,-0.508286150664329,8,0.11812573671340942
hc2,search,clean,order1,8,26,episodic,0.31972867531560906,0.4473684210526316,0.7159865524292854,0.1712275345400678,0.14850114077554125,0.16291950456773868,0.09822855940342201,10,0.3532901108264923
hc2,search,clean,order1,8,26,online100,0.3166073218044618,0.4473684210526316,0.7090645083839173,0.18310623785930397,0.13350108394515786,0.0997385401590607,0.02574346342031597,10,0.3272496461868286
hc2,search,clean,order1,9,24,episodic,0.03373900166352614,0.342911877394636,0.23328245703271197,0.1443249080096127,-0.11058590634608656,-0.4975538808384534,-0.3587841047464173,10,0.7618748396635056
hc2,search,clean,order1,9,24,online100,0.034916667562201374,0.342911877394636,0.23525686352924827,0.1499139624368623,-0.11499729487466093,-0.49563689465137284,-0.36483236238937833,10,0.75749272108078
hc2,search,clean,order1,10,19,episodic,0.0001416069070182534,0.8327137546468402,0.0005128151547529109,0.14174345180272133,-0.14160184489570307,-0.17790989577399668,-0.08089812885904013,9,0.14580214023590088
hc2,search,clean,order1,10,19,online100,0.13875473573712863,0.8327137546468402,0.18639327597751817,0.13875473573712863,0.0,0.0,0.0,0,0.0
hc2,search,clean,order1,11,13,episodic,0.46822652671796966,0.5476190476190477,0.8551701651107017,0.3324740508966074,0.13575247582136224,0.11842161617340408,0.09867361972126942,10,0.22573500871658325
hc2,search,clean,order1,11,13,online100,0.4674415093869181,0.5476190476190477,0.854643613325605,0.34055066793331173,0.12689084145360635,0.05155276020381272,0.035220907431239734,9,0.23830300569534302
hc2,search,clean,order1,12,14,episodic,0.6305256218141496,0.7444444444444445,0.8468074480583397,0.4987267948120409,0.1317988270021087,0.20312219075864202,0.07594119979329561,10,0.2409348487854004
hc2,search,clean,order1,12,14,online100,0.623490231661075,0.7444444444444445,0.8374709040416479,0.5405114082090119,0.08297882345206309,0.15546294362220292,0.030113499104911012,8,0.19704675674438477
hc2,search,clean,order1,13,16,episodic,0.1979612755669733,0.3333333333333333,0.5612652071211855,0.15028470927788676,0.047676566289086536,0.3123198029113063,0.36832427386535366,10,0.22411495447158813
hc2,search,clean,order1,13,16,online100,0.19630900316696986,0.3333333333333333,0.5952322599458604,0.15910431180550733,0.03720469136146254,0.12937964792690337,0.10932353941826445,10,0.1789979338645935
hc2,search,clean,order1,14,17,episodic,0.27706334023340695,0.4533678756476684,0.6107679603954568,0.28337946606154363,-0.006316125828136676,-0.09816664759492,-0.0655843378918387,8,0.23734956979751587
hc2,search,clean,order1,14,17,online100,0.2664873506189458,0.4533678756476684,0.5875868230513341,0.30509414890796743,-0.03860679828902164,-0.29739090843363863,-0.20785704723953802,10,0.21341204643249512
hc2,search,clean,order1,15,23,episodic,0.09587502519661985,0.5739514348785872,0.16640377936424824,0.08059189121835764,0.015283133978262212,0.0484702149622106,0.0399770990759718,6,0.3172566890716553
hc2,search,clean,order1,15,23,online100,0.10853710375600244,0.5739514348785872,0.18838049042708468,0.09486682986568747,0.013670273890314971,-0.032542655072842375,-0.035786867042555626,7,0.2919364273548126
hc2,search,clean,order1,16,29,episodic,0.20396643921619437,0.4232209737827715,0.48126543998203986,0.195601404845168,0.00836503437102637,-0.3151577394210895,-0.29820679793862737,9,0.3548234850168228
hc2,search,clean,order1,16,29,online100,0.2031040184353178,0.4232209737827715,0.47924067082761973,0.21082326218934003,-0.00771924375402222,-0.37495898672302475,-0.39754374411764287,10,0.28228241205215454
hc2,search,clean,order1,17,9,episodic,0.0,0.0,0.553135465019546,0.0,0.0,-0.1330109079150602,-0.2879407866820442,5,0.17605888843536377
hc2,search,clean,order1,17,9,online100,0.0,0.0,0.5159067469151164,0.0,0.0,-0.12071045633320199,-0.07446601259150831,10,0.16795742511749268
hc2,search,clean,order1,18,5,episodic,0.3014086373218354,0.46996466431095407,0.6416527335040152,0.23134113063052913,0.07006750669130629,0.0012520987471449363,0.011412865794462879,9,0.1852625012397766
hc2,search,clean,order1,18,5,online100,0.30810195818531316,0.46996466431095407,0.655958330772561,0.26983863815273706,0.0382633200325761,-0.030326248734764527,-0.05693041393698417,10,0.07747316360473633
hc2,search,clean,order1,19,8,episodic,0.7342798652291052,0.8688046647230321,0.843683514417053,0.7397110385028338,-0.005431173273728662,-0.021644201003557018,-0.037464974755300195,8,0.15632665157318115
hc2,search,clean,order1,19,8,online100,0.7406643237271154,0.8688046647230321,0.8513478526561573,0.7614109115630499,-0.020746587835934416,0.020634042927388463,-0.05333450782339222,10,0.12499606609344482
hc2,search,clean,order1,20,28,episodic,0.5031064853041497,0.5736040609137056,0.8694033123238376,0.4088633076946691,0.09424317760948059,-0.004676786616144346,0.0009613105987418269,10,0.2314443588256836
hc2,search,clean,order1,20,28,online100,0.5014650433028728,0.5736040609137056,0.8665667853567188,0.4708991565186226,0.030565886784250207,-0.007503257086969861,-0.010788731352900927,9,0.10319173336029053
hc2,search,clean,order1,21,10,episodic,0.2915634129926195,0.3598326359832636,0.7982476578197961,0.27344619950691035,0.01811721348570916,0.06879255535791307,0.021090654550000254,10,0.2210182547569275
hc2,search,clean,order1,21,10,online100,0.293406504068976,0.3598326359832636,0.8040200270027529,0.29492629099932205,-0.0015197869303460454,0.018778334770405136,-0.03911557472759375,10,0.12564867734909058
hc2,search,clean,order1,22,21,episodic,0.5935922912862587,0.8761329305135952,0.6981578060384868,0.5793626088468448,0.014229682439413915,-0.07728482880952503,-0.06901105951699216,7,0.14859580993652344
hc2,search,clean,order1,22,21,online100,0.611301434961483,0.8761329305135952,0.7167744857288145,0.6352647812936281,-0.02396334633214503,-0.1266344206340435,-0.11027855649810281,10,0.10826462507247925
hc2,search,clean,order1,23,20,episodic,0.4691457585304796,0.890295358649789,0.5267875474361824,0.5375115740392151,-0.06836581550873555,0.23516835751874743,0.0750589529958704,8,0.34198832511901855
hc2,search,clean,order1,23,20,online100,0.4919451400406797,0.890295358649789,0.5523876113591732,0.6198522891756222,-0.1279071491349425,0.038585573415784835,-0.006616561237903329,5,0.20472925901412964
hc2,search,clean,order1,24,1,episodic,0.4670981348149611,0.6735537190082644,0.7041027868654236,0.3786611889113303,0.08843694590363077,0.37223534033725614,0.2627438995987228,10,0.22458100318908691
hc2,search,clean,order1,24,1,online100,0.47053802045753984,0.6735537190082644,0.7106293773325326,0.40244736993097313,0.06809065052656671,0.31693612015396655,0.20648478408398963,10,0.19586312770843506
hc2,search,clean,order1,25,7,episodic,0.6950041931835287,0.9824561403508771,0.7028717104185238,0.6500312662099743,0.04497292697355437,0.015696481489133385,-0.01487085409552702,10,0.0370059609413147
hc2,search,clean,order1,25,7,online100,0.2859875546159626,0.9824561403508771,0.28959913997529857,0.7325250169518565,-0.44653746233589386,-0.4071986369634834,-0.36198746396042664,10,0.2173498272895813
hc2,search,clean,order1,26,12,episodic,0.5469403822972416,0.8191489361702128,0.6485660158927731,0.47028141604743257,0.07665896624980906,-0.04466171739141922,0.2158703538427018,6,0.18058651685714722
hc2,search,clean,order1,26,12,online100,0.5398305061259041,0.8191489361702128,0.6472549274292655,0.5085552064309338,0.03127529969497034,-0.12815161270501207,0.10925376248604557,10,0.12540918588638306
hc2,search,clean,order1,27,18,episodic,0.2727418336619924,0.35435435435435436,0.7760536163242033,0.2302637540100394,0.042478079651952994,0.15829210895516455,0.1474960944545619,10,0.25614625215530396
hc2,search,clean,order1,27,18,online100,0.2720951075958656,0.35435435435435436,0.767904483144868,0.25656963104588537,0.01552547654998021,0.007876582343440797,-0.012979806623334977,7,0.15633583068847656
hc2,search,clean,order1,28,3,episodic,0.26082736745795765,0.5028901734104047,0.5167971067276276,0.22054599635683567,0.04028137110112198,0.08329405794238798,0.1298589617728254,10,0.12679073214530945
hc2,search,clean,order1,28,3,online100,0.20102964306452026,0.5028901734104047,0.39828198899413075,0.25251942685305523,-0.05148978378853497,0.03661560752394111,0.05670649471481548,10,0.08232280611991882
hc2,search,clean,order1,29,6,episodic,0.37823196261695796,0.6896551724137931,0.5476199269174384,0.2915769382409892,0.08665502437596878,0.1718595773363365,0.11904672694597906,9,0.28032296895980835
hc2,search,clean,order1,29,6,online100,0.3689893265112108,0.6896551724137931,0.5348073361298725,0.3440360263896285,0.02495330012158231,0.022758829859402474,0.010581950263662043,10,0.20380079746246338
hc2,search,clean,order1,30,15,episodic,0.05521222816390106,0.28044280442804426,0.18225378487091756,0.06828424480591606,-0.013072016642015002,0.11782351750168624,0.10216322589714066,8,0.10439944267272949
hc2,search,clean,order1,30,15,online100,0.0436685296086137,0.28044280442804426,0.1480353076432323,0.06695770609057519,-0.023289176481961493,-0.020190467687456026,-0.023929226815731175,10,0.06265571713447571
hc2,search,clean,order1,31,4,episodic,0.0,0.0,0.38567040378261525,0.0,0.0,-0.251355620699518,-0.22536332010381988,10,0.2934289574623108
hc2,search,clean,order1,31,4,online100,0.0,0.0,0.4230794374772388,0.0,0.0,-0.2828952452890026,-0.2875184734920211,10,0.29599136114120483
hc2,search,clean,order2,0,16,episodic,0.1979612755669733,0.3333333333333333,0.5612652071211855,0.15028470927788676,0.047676566289086536,0.3123198029113063,0.36832427386535366,10,0.22411495447158813
hc2,search,clean,order2,0,16,online100,0.1979612755669733,0.3333333333333333,0.5612652071211855,0.15028470927788676,0.047676566289086536,0.3123198029113063,0.36832427386535366,10,0.22411495447158813
hc2,search,clean,order2,1,2,episodic,0.2276002734477176,0.31100478468899523,0.6614863477592353,0.14707668065697144,0.08052359279074617,0.08964844573409259,0.04577363842670207,9,0.26675230264663696
hc2,search,clean,order2,1,2,online100,0.22701652924794072,0.31100478468899523,0.6651343899615713,0.1480358557591035,0.07898067348883722,0.08159514847529781,0.05716700093342075,8,0.2645344138145447
hc2,search,clean,order2,2,27,episodic,0.21335996784169267,0.7095588235294118,0.2894919665382922,0.5475705511631078,-0.3342105833214152,-0.12822849531029157,-0.011692930531000179,10,0.30783966183662415
hc2,search,clean,order2,2,27,online100,0.21250468121397834,0.7095588235294118,0.28883590206738846,0.5482108408993449,-0.33570615968536655,-0.11238368135393517,0.0031356130528074067,10,0.281060129404068
hc2,search,clean,order2,3,22,episodic,0.0934744361255217,0.24316939890710382,0.48570910345979773,0.05866280380394877,0.03481163232157293,-0.018906750106369108,-0.016345293715235187,6,0.22987854480743408
hc2,search,clean,order2,3,22,online100,0.053921235030666224,0.24316939890710382,0.34786917112072246,0.06369601804887112,-0.009774783018204898,0.04192208236423922,-0.022369139951361916,10,0.281119167804718
hc2,search,clean,order2,4,23,episodic,0.09587502519661985,0.5739514348785872,0.16640377936424824,0.08059189121835764,0.015283133978262212,0.0484702149622106,0.0399770990759718,6,0.3172566890716553
hc2,search,clean,order2,4,23,online100,0.10190559927362737,0.5739514348785872,0.17687063781974408,0.08580328154718733,0.016102317726440038,0.029166788048912817,0.022243791042654282,5,0.29606181383132935
hc2,search,clean,order2,5,26,episodic,0.31972867531560906,0.4473684210526316,0.7159865524292854,0.1712275345400678,0.14850114077554125,0.16291950456773868,0.09822855940342201,10,0.3532901108264923
hc2,search,clean,order2,5,26,online100,0.31972087117100967,0.4473684210526316,0.7156182588225152,0.17518200246534524,0.14453886870566443,0.15164888190239278,0.06616200796150384,10,0.3389800190925598
hc2,search,clean,order2,6,15,episodic,0.05521222816390106,0.28044280442804426,0.18225378487091756,0.06828424480591606,-0.013072016642015002,0.11782351750168624,0.10216322589714066,8,0.10439944267272949
hc2,search,clean,order2,6,15,online100,0.05276718290092575,0.28044280442804426,0.17336523002917342,0.06574179314391534,-0.012974610242989591,0.0556874101757589,0.025620115445679215,9,0.04853403568267822
hc2,search,clean,order2,7,12,episodic,0.5469403822972416,0.8191489361702128,0.6485660158927731,0.47028141604743257,0.07665896624980906,-0.04466171739141922,0.2158703538427018,6,0.18058651685714722
hc2,search,clean,order2,7,12,online100,0.5411094485280883,0.8191489361702128,0.6418415882124292,0.4860760154134096,0.055033433114678676,-0.08281635652891262,0.15716986156206936,10,0.16599267721176147
hc2,search,clean,order2,8,5,episodic,0.3014086373218354,0.46996466431095407,0.6416527335040152,0.23134113063052913,0.07006750669130629,0.0012520987471449363,0.011412865794462879,9,0.1852625012397766
hc2,search,clean,order2,8,5,online100,0.300153072241433,0.46996466431095407,0.6393283596060234,0.2544964200339974,0.04565665220743559,-0.012113509320008431,-0.016813102900397836,8,0.11450642347335815
hc2,search,clean,order2,9,17,episodic,0.27706334023340695,0.4533678756476684,0.6107679603954568,0.28337946606154363,-0.006316125828136676,-0.09816664759492,-0.0655843378918387,8,0.23734956979751587
hc2,search,clean,order2,9,17,online100,0.2788399169199815,0.4533678756476684,0.6147320079928646,0.2951749443840632,-0.01633502746408172,-0.14320022337729854,-0.1001462058899768,8,0.22456839680671692
hc2,search,clean,order2,10,11,episodic,0.34146321672819324,0.8641114982578397,0.38771612999213595,0.26129458058630056,0.08016863614189268,0.13554985854427792,0.10630381403152023,9,0.2814823389053345
hc2,search,clean,order2,10,11,online100,0.34178867056947126,0.8641114982578397,0.3880578207817809,0.31892997365725023,0.022858696912221033,-0.007593578867966966,0.007486613487527105,8,0.1985996961593628
hc2,search,clean,order2,11,3,episodic,0.26082736745795765,0.5028901734104047,0.5167971067276276,0.22054599635683567,0.04028137110112198,0.08329405794238798,0.1298589617728254,10,0.12679073214530945
hc2,search,clean,order2,11,3,online100,0.21292956572246347,0.5028901734104047,0.42192795552480383,0.2325004126936891,-0.01957084697122563,0.07638264399633232,0.1038434261136909,10,0.10114285349845886
hc2,search,clean,order2,12,1,episodic,0.4670981348149611,0.6735537190082644,0.7041027868654236,0.3786611889113303,0.08843694590363077,0.37223534033725614,0.2627438995987228,10,0.22458100318908691
hc2,search,clean,order2,12,1,online100,0.46300274661530205,0.6735537190082644,0.6964768591070101,0.39086442205365873,0.07213832456164332,0.33388328628368524,0.22021316816322944,10,0.20128273963928223
hc2,search,clean,order2,13,9,episodic,0.0,0.0,0.553135465019546,0.0,0.0,-0.1330109079150602,-0.2879407866820442,5,0.17605888843536377
hc2,search,clean,order2,13,9,online100,0.0,0.0,0.4907701874641227,0.0,0.0,-0.1458563292419357,-0.07686210094878454,10,0.1652616262435913
hc2,search,clean,order2,14,14,episodic,0.6305256218141496,0.7444444444444445,0.8468074480583397,0.4987267948120409,0.1317988270021087,0.20312219075864202,0.07594119979329561,10,0.2409348487854004
hc2,search,clean,order2,14,14,online100,0.6335486458928749,0.7444444444444445,0.850891053457874,0.5585305653514221,0.07501808054145276,0.11423645176323782,0.0027909698271280092,10,0.18649345636367798
hc2,search,clean,order2,15,31,episodic,0.6697548869778699,0.8092105263157895,0.8230666768318416,0.4974973179980646,0.17225756897980526,0.08083462697871902,0.058291803401461895,7,0.2488895058631897
hc2,search,clean,order2,15,31,online100,0.6573059259338683,0.8092105263157895,0.8127407041165768,0.5667177597622621,0.09058816617160614,-0.07492092760778069,-0.10508667191287036,10,0.15894556045532227
hc2,search,clean,order2,16,20,episodic,0.4691457585304796,0.890295358649789,0.5267875474361824,0.5375115740392151,-0.06836581550873555,0.23516835751874743,0.0750589529958704,8,0.34198832511901855
hc2,search,clean,order2,16,20,online100,0.4903196421482685,0.890295358649789,0.5517341149563084,0.6353185482361028,-0.14499890608783428,0.006178802396119676,-0.0605595513187811,10,0.26674431562423706
hc2,search,clean,order2,17,0,episodic,0.33526555231070104,0.3778801843317972,0.8202524005591101,0.15685570836134016,0.17840984394936088,-0.0871321026739087,-0.16157756061910888,10,0.24602416157722473
hc2,search,clean,order2,17,0,online100,0.33647367454251653,0.3778801843317972,0.8195045398694314,0.2216945036603663,0.11477917088215023,-0.27428145748312643,-0.2239130002296274,10,0.1435796022415161
hc2,search,clean,order2,18,24,episodic,0.03373900166352614,0.342911877394636,0.23328245703271197,0.1443249080096127,-0.11058590634608656,-0.4975538808384534,-0.3587841047464173,10,0.7618748396635056
hc2,search,clean,order2,18,24,online100,0.03234455198945154,0.342911877394636,0.23080069137925316,0.15559498339119987,-0.12325043140174832,-0.5245906348120977,-0.3958520243241409,10,0.7528488636016846
hc2,search,clean,order2,19,6,episodic,0.37823196261695796,0.6896551724137931,0.5476199269174384,0.2915769382409892,0.08665502437596878,0.1718595773363365,0.11904672694597906,9,0.28032296895980835
hc2,search,clean,order2,19,6,online100,0.36218476258117677,0.6896551724137931,0.524577525927362,0.3367607154095119,0.025424047171664854,-0.0530824644146769,-0.025109884490679968,8,0.19481897354125977
hc2,search,clean,order2,20,4,episodic,0.0,0.0,0.38567040378261525,0.0,0.0,-0.251355620699518,-0.22536332010381988,10,0.2934289574623108
hc2,search,clean,order2,20,4,online100,0.0,0.0,0.4307596354404367,0.0,0.0,-0.21603659789257867,-0.21588636728198063,6,0.27176839113235474
hc2,search,clean,order2,21,28,episodic,0.5031064853041497,0.5736040609137056,0.8694033123238376,0.4088633076946691,0.09424317760948059,-0.004676786616144346,0.0009613105987418269,10,0.2314443588256836
hc2,search,clean,order2,21,28,online100,0.5040864711874531,0.5736040609137056,0.871096796701125,0.46624965625036446,0.037836814937088625,-0.011666099934883656,-0.011924555135035986,9,0.09069788455963135
hc2,search,clean,order2,22,30,episodic,0.5636439328921778,0.723404255319149,0.7788815881832584,0.5214905574670691,0.042153375425108774,-0.4232639996305874,-0.539691312062203,7,0.09445589780807495
hc2,search,clean,order2,22,30,online100,0.5751840899189495,0.723404255319149,0.7954947123286162,0.5265780039137036,0.04860608600524596,0.016582200316714646,0.00647226149088076,10,0.09196284413337708
hc2,search,clean,order2,23,25,episodic,0.3023464226479514,0.6883116883116883,0.3718406814066958,0.24601851112436565,0.056327911523585766,-0.062108217225816276,-0.061459810848864316,10,0.0400749146938324
hc2,search,clean,order2,23,25,online100,0.2609088764502374,0.6883116883116883,0.3255834110782364,0.2609088764502374,0.0,0.0,0.0,0,0.0
hc2,search,clean,order2,24,29,episodic,0.20396643921619437,0.4232209737827715,0.48126543998203986,0.195601404845168,0.00836503437102637,-0.3151577394210895,-0.29820679793862737,9,0.3548234850168228
hc2,search,clean,order2,24,29,online100,0.20462573376830842,0.4232209737827715,0.48254129593215617,0.2106293625035013,-0.00600362873519289,-0.312262615463935,-0.3294139789953379,10,0.2697373032569885
hc2,search,clean,order2,25,21,episodic,0.5935922912862587,0.8761329305135952,0.6981578060384868,0.5793626088468448,0.014229682439413915,-0.07728482880952503,-0.06901105951699216,7,0.14859580993652344
hc2,search,clean,order2,25,21,online100,0.6059202766302954,0.8761329305135952,0.7105628455332176,0.6359074853941776,-0.029987208763882278,-0.15453291327170093,-0.1387403730316492,8,0.09864425659179688
hc2,search,clean,order2,26,19,episodic,0.0001416069070182534,0.8327137546468402,0.0005128151547529109,0.14174345180272133,-0.14160184489570307,-0.17790989577399668,-0.08089812885904013,9,0.14580214023590088
hc2,search,clean,order2,26,19,online100,0.14510856257022905,0.8327137546468402,0.19444086220171158,0.14510856257022905,0.0,0.0,0.0,0,0.0
hc2,search,clean,order2,27,18,episodic,0.2727418336619924,0.35435435435435436,0.7760536163242033,0.2302637540100394,0.042478079651952994,0.15829210895516455,0.1474960944545619,10,0.25614625215530396
hc2,search,clean,order2,27,18,online100,0.28319716183110977,0.35435435435435436,0.8017250158788785,0.2613599789548397,0.021837182876270067,-0.03825182148356432,-0.021520566740414693,10,0.20139944553375244
hc2,search,clean,order2,28,8,episodic,0.7342798652291052,0.8688046647230321,0.843683514417053,0.7397110385028338,-0.005431173273728662,-0.021644201003557018,-0.037464974755300195,8,0.15632665157318115
hc2,search,clean,order2,28,8,online100,0.7426412402293493,0.8688046647230321,0.8533038383655862,0.7507451406961989,-0.008103900466849612,0.034657600967767044,-0.05251180723923499,9,0.10439473390579224
hc2,search,clean,order2,29,7,episodic,0.6950041931835287,0.9824561403508771,0.7028717104185238,0.6500312662099743,0.04497292697355437,0.015696481489133385,-0.01487085409552702,10,0.0370059609413147
hc2,search,clean,order2,29,7,online100,0.5723056743492343,0.9824561403508771,0.5772836739138127,0.7397623473701987,-0.16745667302096445,-0.14276254960455237,-0.1882578434998583,10,0.2670517563819885
hc2,search,clean,order2,30,10,episodic,0.2915634129926195,0.3598326359832636,0.7982476578197961,0.27344619950691035,0.01811721348570916,0.06879255535791307,0.021090654550000254,10,0.2210182547569275
hc2,search,clean,order2,30,10,online100,0.2961006697275075,0.3598326359832636,0.8127243569299842,0.2965562780890118,-0.0004556083615043227,-0.010049164674187372,-0.05498154686143231,10,0.1278126835823059
hc2,search,clean,order2,31,13,episodic,0.46822652671796966,0.5476190476190477,0.8551701651107017,0.3324740508966074,0.13575247582136224,0.11842161617340408,0.09867361972126942,10,0.22573500871658325
hc2,search,clean,order2,31,13,online100,0.4620641267767495,0.5476190476190477,0.8451964519044788,0.3787176262342482,0.08334650054250131,0.0283376925710771,0.02095466921029976,7,0.16446292400360107
hc2,search,frame_drop_5,order1,0,2,episodic,0.09212881158013467,0.16129032258064516,0.3640327346086564,0.0762338369190863,0.01589497466104836,0.19982501854200568,0.1286210425071499,10,0.3451848030090332
hc2,search,frame_drop_5,order1,0,2,online100,0.09212881158013467,0.16129032258064516,0.3640327346086564,0.0762338369190863,0.01589497466104836,0.19982501854200568,0.1286210425071499,10,0.3451848030090332
hc2,search,frame_drop_5,order1,1,0,episodic,0.31663852180314966,0.3778801843317972,0.749077791662934,0.15890601317388925,0.15773250862926042,-0.2588994429084469,-0.3187492273452006,9,0.18410277366638184
hc2,search,frame_drop_5,order1,1,0,online100,0.3482272562669081,0.3778801843317972,0.8265848715402283,0.16855678797902765,0.17967046828788044,-0.22788307881968878,-0.267768360539306,10,0.2179470658302307
hc2,search,frame_drop_5,order1,2,25,episodic,0.24603586560282925,0.6883116883116883,0.3039270654357781,0.24603586560282925,0.0,0.0,0.0,0,0.0
hc2,search,frame_drop_5,order1,2,25,online100,0.25074701206749556,0.6883116883116883,0.33607905528351506,0.2587658767535655,-0.008018864686069938,-0.05264608446779351,-0.10608660139552711,10,0.16371586918830872
hc2,search,frame_drop_5,order1,3,22,episodic,0.07902586871302637,0.24316939890710382,0.4376027855838334,0.07583386158724723,0.0031920071257791477,0.029454873545989413,-0.003992400399433937,7,0.237174391746521
hc2,search,frame_drop_5,order1,3,22,online100,0.09681179116563605,0.24316939890710382,0.4945298334443561,0.07893823642307754,0.017873554742558515,-0.020918733290376856,-0.014560132042273355,8,0.24426919221878052
hc2,search,frame_drop_5,order1,4,27,episodic,0.4736718975173608,0.875,0.5381591128054216,0.6090937060226317,-0.1354218085052709,-0.01709710414353971,-0.01767141039855835,10,0.15289509296417236
hc2,search,frame_drop_5,order1,4,27,online100,0.471260331598163,0.875,0.5357169936502268,0.6169010692631542,-0.14564073766499125,0.020817676172397048,0.01675367113669035,10,0.14632287621498108
hc2,search,frame_drop_5,order1,5,31,episodic,0.5708629029844423,0.6885964912280702,0.802055653132926,0.42627717963211853,0.14458572335232378,0.028027507963815812,0.01190433916401179,10,0.31033211946487427
hc2,search,frame_drop_5,order1,5,31,online100,0.5656749274878268,0.6885964912280702,0.7938181357694559,0.448468175131068,0.11720675235675876,-0.008751979280101407,-0.0336667542004756,10,0.3060704469680786
hc2,search,frame_drop_5,order1,6,11,episodic,0.26491826853993206,0.7013698630136986,0.37234305278755797,0.2163962010534688,0.04852206748646326,0.07321354159484461,0.0629823481478814,10,0.25011950731277466
hc2,search,frame_drop_5,order1,6,11,online100,0.2654362632736788,0.7013698630136986,0.37315684403286736,0.23157067665093534,0.03386558662274347,0.08208323452808997,0.06436251829597672,10,0.18054884672164917
hc2,search,frame_drop_5,order1,7,30,episodic,0.6534081285030466,0.8242424242424242,0.7934161395265247,0.5939353976861155,0.05947273081693116,-0.09834022900542616,-0.07668543703767838,4,0.06641152501106262
hc2,search,frame_drop_5,order1,7,30,online100,0.6565851161152795,0.8242424242424242,0.7971001637223074,0.5971919699210423,0.05939314619423719,0.06194125698807773,0.05454625775163613,8,0.07901421189308167
hc2,search,frame_drop_5,order1,8,26,episodic,0.2829714980999608,0.4473684210526316,0.6346433577125884,0.23801653615873808,0.044954961941222726,0.11486464171193012,0.024392661366253177,8,0.21467426419258118
hc2,search,frame_drop_5,order1,8,26,online100,0.28033114058611475,0.4473684210526316,0.628759541358578,0.24479441885794592,0.035536721728168824,0.06271986008037711,-0.03275236882593968,9,0.14147669076919556
hc2,search,frame_drop_5,order1,9,24,episodic,0.058332679940431655,0.30842911877394635,0.29946588188723855,0.1455650779386745,-0.08723239799824284,-0.4255136229514669,-0.31484931584701986,10,0.6027086079120636
hc2,search,frame_drop_5,order1,9,24,online100,0.0332844059785554,0.30842911877394635,0.24766022194991105,0.15412815387592124,-0.12084374789736585,-0.5105047482137235,-0.37740142986106584,10,0.7468491345643997
hc2,search,frame_drop_5,order1,10,19,episodic,0.722090732182288,0.8853754940711462,0.82417701459438,0.10690844009771305,0.615182292084575,-0.13998340138397147,-0.08939763969990677,9,0.19788819551467896
hc2,search,frame_drop_5,order1,10,19,online100,0.7331327940510816,0.8853754940711462,0.8356226537649859,0.12507687577508864,0.6080559182759929,-0.16697246525261233,-0.2886009439575697,7,0.16290929913520813
hc2,search,frame_drop_5,order1,11,13,episodic,0.4682737012643614,0.5476190476190477,0.8559015658353618,0.3325030864205823,0.1357706148437791,0.12902378293834826,0.08359345246874217,9,0.22644716501235962
hc2,search,frame_drop_5,order1,11,13,online100,0.456935567049024,0.5476190476190477,0.8362328116326369,0.3590834450497496,0.0978521219992744,0.07239409763359705,0.04013008106476912,7,0.1999770998954773
hc2,search,frame_drop_5,order1,12,14,episodic,0.5351898158094627,0.7486033519553073,0.7105172682191639,0.46052301812318025,0.07466679768628243,0.2208461659840969,0.042359075117167966,6,0.23641103506088257
hc2,search,frame_drop_5,order1,12,14,online100,0.5347380839052905,0.7486033519553073,0.7099553488900718,0.5071416709043832,0.027596413000907316,0.1361570032527991,-0.02645947248091507,7,0.16641271114349365
hc2,search,frame_drop_5,order1,13,16,episodic,0.2182346334091744,0.3803191489361702,0.5556267874191492,0.17874414097171398,0.03949049243746042,0.2584102438360326,0.259057237507462,6,0.149783194065094
hc2,search,frame_drop_5,order1,13,16,online100,0.21284398969141313,0.3803191489361702,0.5296705364604691,0.20244522090787845,0.010398768783534684,0.14474210550246236,0.11552378899172522,8,0.09179598093032837
hc2,search,frame_drop_5,order1,14,17,episodic,0.2691951947074955,0.4533678756476684,0.5935454712028636,0.28336562624929135,-0.01417043154179587,-0.1702138635886311,-0.11650933418545306,10,0.2452065646648407
hc2,search,frame_drop_5,order1,14,17,online100,0.27813539768788154,0.4533678756476684,0.6131022751967536,0.31445992210219403,-0.0363245244143125,-0.2184647108764377,-0.14059008925721117,8,0.19760918617248535
hc2,search,frame_drop_5,order1,15,23,episodic,0.159475759889854,0.8538205980066446,0.1850743379796359,0.11100462006232936,0.04847113982752463,-0.5347209573564929,-0.48867087546108756,10,0.34956809878349304
hc2,search,frame_drop_5,order1,15,23,online100,0.20608393378227857,0.8538205980066446,0.24208114801370628,0.1293214735130264,0.07676246026925218,-0.3304356495249734,-0.3457820983544788,10,0.31246431171894073
hc2,search,frame_drop_5,order1,16,29,episodic,0.19887082036641698,0.4232209737827715,0.4689348661346472,0.19522018981378295,0.0036506305526340377,-0.2889724886416173,-0.27674755875950124,10,0.36101365089416504
hc2,search,frame_drop_5,order1,16,29,online100,0.20101697696098905,0.4232209737827715,0.47451668686636794,0.21572676548384406,-0.01470978852285501,-0.34466512449195014,-0.3877217445439425,10,0.29494398832321167
hc2,search,frame_drop_5,order1,17,9,episodic,0.0,0.0,0.5215955712324766,0.0,0.0,-0.10509044984708937,-0.03835056399282244,10,0.1813870072364807
hc2,search,frame_drop_5,order1,17,9,online100,0.0,0.0,0.5341842864094081,0.0,0.0,-0.15197396422223353,-0.104087857188638,8,0.16147387027740479
hc2,search,frame_drop_5,order1,18,5,episodic,0.3014917576258893,0.46996466431095407,0.6418278814826145,0.23138993721420115,0.07010182041168816,0.0012486847311260485,0.012412978149312748,9,0.18546628952026367
hc2,search,frame_drop_5,order1,18,5,online100,0.31310585679939046,0.46996466431095407,0.6664293006771764,0.2733200809871663,0.039785775812224144,-0.037678776716000395,-0.06725190464947661,10,0.06337803602218628
hc2,search,frame_drop_5,order1,19,8,episodic,0.6420076288468645,0.7551020408163265,0.8438589334970412,0.6556144707260723,-0.013606841879207798,-0.027025622686764117,-0.015514113145961184,10,0.14558327198028564
hc2,search,frame_drop_5,order1,19,8,online100,0.6452453498527729,0.7551020408163265,0.8462481663803056,0.6773251499602517,-0.032079800107478795,-0.0227195531745078,-0.09434921046367994,9,0.07253026962280273
hc2,search,frame_drop_5,order1,20,28,episodic,0.5130182832418632,0.6243093922651933,0.8145290286559406,0.44638723167344463,0.06663105156841853,-0.050568317459556145,-0.049438093513297976,8,0.18690651655197144
hc2,search,frame_drop_5,order1,20,28,online100,0.5430891591418253,0.6243093922651933,0.8622731386374595,0.5136290074892441,0.0294601516525812,-0.0193179610574834,-0.006373212356742153,9,0.11955678462982178
hc2,search,frame_drop_5,order1,21,10,episodic,0.29202075661880145,0.3598326359832636,0.7997569685809656,0.2731953516105475,0.01882540500825397,0.06704275164126872,0.011733046735695862,10,0.22202444076538086
hc2,search,frame_drop_5,order1,21,10,online100,0.29718246792418607,0.3598326359832636,0.8152580096977485,0.2952011738261033,0.0019812940980827864,-0.024473893901246324,-0.06690471946424648,10,0.1307622194290161
hc2,search,frame_drop_5,order1,22,21,episodic,0.6864018001311901,0.8664688427299704,0.7924819099283209,0.5702289939048136,0.11617280622637649,0.11252468980629504,0.10474556539049584,10,0.16477543115615845
hc2,search,frame_drop_5,order1,22,21,online100,0.6730782608186633,0.8664688427299704,0.783902164015873,0.6334157078748378,0.03966255294382548,-0.02958618706610372,-0.05873156309581462,9,0.12246054410934448
hc2,search,frame_drop_5,order1,23,20,episodic,0.4691755077042287,0.890295358649789,0.5268204096477377,0.5375069064196796,-0.06833139871545085,0.2351541903064085,0.08701763349920288,8,0.3421252369880676
hc2,search,frame_drop_5,order1,23,20,online100,0.4993745666216777,0.890295358649789,0.5611848489044975,0.6140878357146099,-0.11471326909293222,-0.1364200374408001,-0.07082547150069873,10,0.19998669624328613
hc2,search,frame_drop_5,order1,24,1,episodic,0.47042322314939145,0.6735537190082644,0.7102547088094849,0.3784654263561456,0.09195779679324584,0.3661483592472832,0.2622630033984922,10,0.23071372509002686
hc2,search,frame_drop_5,order1,24,1,online100,0.479955695935456,0.6735537190082644,0.7261051875147532,0.4061028168126928,0.07385287912276323,0.34509208277367054,0.20892515122173494,10,0.18774724006652832
hc2,search,frame_drop_5,order1,25,7,episodic,0.736167493335994,0.9619883040935673,0.7615849430362478,0.6386943437695298,0.09747314956646413,0.013244557246389399,0.03857121282283493,5,0.11220276355743408
hc2,search,frame_drop_5,order1,25,7,online100,0.6796106385378058,0.9619883040935673,0.6935169976483103,0.720783725144186,-0.041173086606380194,-0.018769519695055914,-0.1003745103944026,10,0.12059241533279419
hc2,search,frame_drop_5,order1,26,12,episodic,0.5486575988614034,0.8191489361702128,0.649890851994175,0.47016356583827695,0.07849403302312646,-0.04995106032891361,0.20426777795272943,7,0.18110471963882446
hc2,search,frame_drop_5,order1,26,12,online100,0.5234980389327804,0.8191489361702128,0.6264481912170641,0.508415777436401,0.015082261496379368,-0.09140739495527939,0.13533201747256018,10,0.11762350797653198
hc2,search,frame_drop_5,order1,27,18,episodic,0.15010524723343852,0.25,0.6985445355643699,0.13706304984545212,0.013042197387986398,0.15572910859115585,0.14939900067191836,10,0.23361152410507202
hc2,search,frame_drop_5,order1,27,18,online100,0.13948381076552904,0.25,0.6664807420562943,0.14381237604327712,-0.004328565277748081,-0.009013275830703549,-0.011450396790324224,10,0.10662031173706055
hc2,search,frame_drop_5,order1,28,3,episodic,0.26097296041393575,0.5028901734104047,0.5170886308750444,0.2205204570121592,0.04045250340177656,0.08280818793018596,0.12521212326152198,10,0.127484530210495
hc2,search,frame_drop_5,order1,28,3,online100,0.2338476607650673,0.5028901734104047,0.463154994889921,0.2566093001090123,-0.022761639343944984,0.05377599651826237,0.07461786253793101,10,0.07408219575881958
hc2,search,frame_drop_5,order1,29,6,episodic,0.3751051618161437,0.6896551724137931,0.5433637950858657,0.29161839625014774,0.08348676556599594,0.23291938187930894,0.16193959171879868,9,0.2634231448173523
hc2,search,frame_drop_5,order1,29,6,online100,0.4033891597074743,0.6896551724137931,0.5843983992984871,0.3443680242173215,0.05902113549015281,-0.05567929194795895,-0.031913508457241724,10,0.2589755654335022
hc2,search,frame_drop_5,order1,30,15,episodic,0.05621524382586431,0.28044280442804426,0.18521831718980797,0.06838345772354762,-0.012168213897683307,0.11108568089406379,0.09923833208081012,8,0.10546988248825073
hc2,search,frame_drop_5,order1,30,15,online100,0.04451797316258374,0.28044280442804426,0.15087189526349468,0.06938928710897713,-0.024871313946393386,-0.013094715527545764,-0.014468563941580137,10,0.05186128616333008
hc2,search,frame_drop_5,order1,31,4,episodic,0.0,0.0,0.5237043028337846,0.0,0.0,-0.027358049272413143,-0.05821761129316816,10,0.17469340562820435
hc2,search,frame_drop_5,order1,31,4,online100,0.0,0.0,0.4631367645815654,0.0,0.0,-0.03911906633763107,-0.09310781676313218,8,0.06441235542297363
hc2,search,frame_drop_5,order2,0,16,episodic,0.2182346334091744,0.3803191489361702,0.5556267874191492,0.17874414097171398,0.03949049243746042,0.2584102438360326,0.259057237507462,6,0.149783194065094
hc2,search,frame_drop_5,order2,0,16,online100,0.2182346334091744,0.3803191489361702,0.5556267874191492,0.17874414097171398,0.03949049243746042,0.2584102438360326,0.259057237507462,6,0.149783194065094
hc2,search,frame_drop_5,order2,1,2,episodic,0.09212881158013467,0.16129032258064516,0.3640327346086564,0.0762338369190863,0.01589497466104836,0.19982501854200568,0.1286210425071499,10,0.3451848030090332
hc2,search,frame_drop_5,order2,1,2,online100,0.08936986988908513,0.16129032258064516,0.3553619630941944,0.07742523385879808,0.011944636030287045,0.1834448498577828,0.1073877982410188,10,0.329626202583313
hc2,search,frame_drop_5,order2,2,27,episodic,0.4736718975173608,0.875,0.5381591128054216,0.6090937060226317,-0.1354218085052709,-0.01709710414353971,-0.01767141039855835,10,0.15289509296417236
hc2,search,frame_drop_5,order2,2,27,online100,0.4652039550057872,0.875,0.5284581615394962,0.6163216820111654,-0.15111772700537823,-0.018077840222577524,-0.00848031405803229,10,0.14797163009643555
hc2,search,frame_drop_5,order2,3,22,episodic,0.07902586871302637,0.24316939890710382,0.4376027855838334,0.07583386158724723,0.0031920071257791477,0.029454873545989413,-0.003992400399433937,7,0.237174391746521
hc2,search,frame_drop_5,order2,3,22,online100,0.07473914815233809,0.24316939890710382,0.4142832284966688,0.0801586016211449,-0.0054194534688068036,0.0021174883062232697,-0.0451246198796279,10,0.24079525470733643
hc2,search,frame_drop_5,order2,4,23,episodic,0.159475759889854,0.8538205980066446,0.1850743379796359,0.11100462006232936,0.04847113982752463,-0.5347209573564929,-0.48867087546108756,10,0.34956809878349304
hc2,search,frame_drop_5,order2,4,23,online100,0.1569376651300975,0.8538205980066446,0.18122970785872256,0.11775573689386594,0.03918192823623155,-0.6284091329015571,-0.5655726023605359,10,0.3757997453212738
hc2,search,frame_drop_5,order2,5,26,episodic,0.2829714980999608,0.4473684210526316,0.6346433577125884,0.23801653615873808,0.044954961941222726,0.11486464171193012,0.024392661366253177,8,0.21467426419258118
hc2,search,frame_drop_5,order2,5,26,online100,0.28530142502911265,0.4473684210526316,0.6398433023621073,0.23360443484983642,0.05169699017927623,0.09659115314003175,-0.004983858219896664,9,0.16949445009231567
hc2,search,frame_drop_5,order2,6,15,episodic,0.05621524382586431,0.28044280442804426,0.18521831718980797,0.06838345772354762,-0.012168213897683307,0.11108568089406379,0.09923833208081012,8,0.10546988248825073
hc2,search,frame_drop_5,order2,6,15,online100,0.0431786689199079,0.28044280442804426,0.1455182047918094,0.06897529058891634,-0.025796621669008438,-0.009963769154216318,-0.000518773338541445,10,0.05097755789756775
hc2,search,frame_drop_5,order2,7,12,episodic,0.5486575988614034,0.8191489361702128,0.649890851994175,0.47016356583827695,0.07849403302312646,-0.04995106032891361,0.20426777795272943,7,0.18110471963882446
hc2,search,frame_drop_5,order2,7,12,online100,0.5339091655736425,0.8191489361702128,0.6337710041703543,0.4853155075432399,0.048593658030402664,-0.07660486237473374,0.1679601900387846,5,0.16009604930877686
hc2,search,frame_drop_5,order2,8,5,episodic,0.3014917576258893,0.46996466431095407,0.6418278814826145,0.23138993721420115,0.07010182041168816,0.0012486847311260485,0.012412978149312748,9,0.18546628952026367
hc2,search,frame_drop_5,order2,8,5,online100,0.30093231724256986,0.46996466431095407,0.6404601850220022,0.25469340320270323,0.04623891403986663,-0.05764870209526618,-0.06088267008147685,9,0.1140093207359314
hc2,search,frame_drop_5,order2,9,17,episodic,0.2691951947074955,0.4533678756476684,0.5935454712028636,0.28336562624929135,-0.01417043154179587,-0.1702138635886311,-0.11650933418545306,10,0.2452065646648407
hc2,search,frame_drop_5,order2,9,17,online100,0.27170015843170453,0.4533678756476684,0.5990819395464497,0.3044841049034567,-0.032783946471752146,-0.18547178871141778,-0.11948296193123886,10,0.21226602792739868
hc2,search,frame_drop_5,order2,10,11,episodic,0.26491826853993206,0.7013698630136986,0.37234305278755797,0.2163962010534688,0.04852206748646326,0.07321354159484461,0.0629823481478814,10,0.25011950731277466
hc2,search,frame_drop_5,order2,10,11,online100,0.24998056845766767,0.7013698630136986,0.3511888922670997,0.24354230969735574,0.006438258760311927,0.048746012330146415,0.015840109805880354,5,0.13100850582122803
hc2,search,frame_drop_5,order2,11,3,episodic,0.26097296041393575,0.5028901734104047,0.5170886308750444,0.2205204570121592,0.04045250340177656,0.08280818793018596,0.12521212326152198,10,0.127484530210495
hc2,search,frame_drop_5,order2,11,3,online100,0.22369327206454673,0.5028901734104047,0.4432297743166162,0.2419570999643933,-0.01826382789984657,0.07098551419050825,0.08916683395426694,10,0.08928164839744568
hc2,search,frame_drop_5,order2,12,1,episodic,0.47042322314939145,0.6735537190082644,0.7102547088094849,0.3784654263561456,0.09195779679324584,0.3661483592472832,0.2622630033984922,10,0.23071372509002686
hc2,search,frame_drop_5,order2,12,1,online100,0.4711397825279265,0.6735537190082644,0.710414446084474,0.39451346348421934,0.07662631904370715,0.35694770227197137,0.22153961337326455,10,0.19764351844787598
hc2,search,frame_drop_5,order2,13,9,episodic,0.0,0.0,0.5215955712324766,0.0,0.0,-0.10509044984708937,-0.03835056399282244,10,0.1813870072364807
hc2,search,frame_drop_5,order2,13,9,online100,0.0,0.0,0.5183829676443152,0.0,0.0,-0.11488611408687166,-0.03828171473716413,10,0.17572039365768433
hc2,search,frame_drop_5,order2,14,14,episodic,0.5351898158094627,0.7486033519553073,0.7105172682191639,0.46052301812318025,0.07466679768628243,0.2208461659840969,0.042359075117167966,6,0.23641103506088257
hc2,search,frame_drop_5,order2,14,14,online100,0.5334127282360374,0.7486033519553073,0.7081457789561312,0.518454804821826,0.014957923414211316,0.11811147362401753,-0.04057151596505737,6,0.1634143590927124
hc2,search,frame_drop_5,order2,15,31,episodic,0.5708629029844423,0.6885964912280702,0.802055653132926,0.42627717963211853,0.14458572335232378,0.028027507963815812,0.01190433916401179,10,0.31033211946487427
hc2,search,frame_drop_5,order2,15,31,online100,0.5678556135364186,0.6885964912280702,0.7927342979893378,0.496942703022978,0.07091291051344056,-0.03849262445583124,-0.0742420217167481,9,0.2194564938545227
hc2,search,frame_drop_5,order2,16,20,episodic,0.4691755077042287,0.890295358649789,0.5268204096477377,0.5375069064196796,-0.06833139871545085,0.2351541903064085,0.08701763349920288,8,0.3421252369880676
hc2,search,frame_drop_5,order2,16,20,online100,0.4855283652319146,0.890295358649789,0.5452939745748023,0.6354238293931298,-0.1498954641612152,0.06382528313775115,-0.009649476808918478,5,0.22664570808410645
hc2,search,frame_drop_5,order2,17,0,episodic,0.31663852180314966,0.3778801843317972,0.749077791662934,0.15890601317388925,0.15773250862926042,-0.2588994429084469,-0.3187492273452006,9,0.18410277366638184
hc2,search,frame_drop_5,order2,17,0,online100,0.33438286968936815,0.3778801843317972,0.790096541425784,0.22812095711856248,0.10626191257080567,-0.3529526271249246,-0.3005391902782026,9,0.07501327991485596
hc2,search,frame_drop_5,order2,18,24,episodic,0.058332679940431655,0.30842911877394635,0.29946588188723855,0.1455650779386745,-0.08723239799824284,-0.4255136229514669,-0.31484931584701986,10,0.6027086079120636
hc2,search,frame_drop_5,order2,18,24,online100,0.03165773239806,0.30842911877394635,0.24384519200356763,0.15818059576141927,-0.12652286336335927,-0.5435787581087695,-0.41785500062815106,10,0.6959785521030426
hc2,search,frame_drop_5,order2,19,6,episodic,0.3751051618161437,0.6896551724137931,0.5433637950858657,0.29161839625014774,0.08348676556599594,0.23291938187930894,0.16193959171879868,9,0.2634231448173523
hc2,search,frame_drop_5,order2,19,6,online100,0.3710148134361278,0.6896551724137931,0.5372637078127994,0.34626731819888823,0.02474749523723957,-0.08046808861787857,-0.0433440671921449,10,0.21039673686027527
hc2,search,frame_drop_5,order2,20,4,episodic,0.0,0.0,0.5237043028337846,0.0,0.0,-0.027358049272413143,-0.05821761129316816,10,0.17469340562820435
hc2,search,frame_drop_5,order2,20,4,online100,0.0,0.0,0.49748913575557074,0.0,0.0,0.027404605990047903,-0.020554191834085134,10,0.07329338788986206
hc2,search,frame_drop_5,order2,21,28,episodic,0.5130182832418632,0.6243093922651933,0.8145290286559406,0.44638723167344463,0.06663105156841853,-0.050568317459556145,-0.049438093513297976,8,0.18690651655197144
hc2,search,frame_drop_5,order2,21,28,online100,0.5383012092103868,0.6243093922651933,0.8546712181322808,0.5127116334292279,0.025589575781158946,-0.0484689844003946,-0.04875265302663234,8,0.12429112195968628
hc2,search,frame_drop_5,order2,22,30,episodic,0.6534081285030466,0.8242424242424242,0.7934161395265247,0.5939353976861155,0.05947273081693116,-0.09834022900542616,-0.07668543703767838,4,0.06641152501106262
hc2,search,frame_drop_5,order2,22,30,online100,0.6650461321439438,0.8242424242424242,0.8074357287283404,0.6291611186157843,0.03588501352815954,0.04152960032382369,0.012173786665529152,10,0.04993686079978943
hc2,search,frame_drop_5,order2,23,25,episodic,0.24603586560282925,0.6883116883116883,0.3039270654357781,0.24603586560282925,0.0,0.0,0.0,0,0.0
hc2,search,frame_drop_5,order2,23,25,online100,0.255588666066493,0.6883116883116883,0.3223380646824721,0.255588666066493,0.0,0.0,0.0,0,0.0
hc2,search,frame_drop_5,order2,24,29,episodic,0.19887082036641698,0.4232209737827715,0.4689348661346472,0.19522018981378295,0.0036506305526340377,-0.2889724886416173,-0.27674755875950124,10,0.36101365089416504
hc2,search,frame_drop_5,order2,24,29,online100,0.2042008553824443,0.4232209737827715,0.48195436394583424,0.21334447638485696,-0.009143621002412644,-0.3439258069912897,-0.38792081071477963,10,0.2794363498687744
hc2,search,frame_drop_5,order2,25,21,episodic,0.6864018001311901,0.8664688427299704,0.7924819099283209,0.5702289939048136,0.11617280622637649,0.11252468980629504,0.10474556539049584,10,0.16477543115615845
hc2,search,frame_drop_5,order2,25,21,online100,0.6805392874437661,0.8664688427299704,0.7913259070388234,0.6350975678737987,0.045441719569967454,-0.031231287253068007,-0.060148022549941005,10,0.1123727560043335
hc2,search,frame_drop_5,order2,26,19,episodic,0.722090732182288,0.8853754940711462,0.82417701459438,0.10690844009771305,0.615182292084575,-0.13998340138397147,-0.08939763969990677,9,0.19788819551467896
hc2,search,frame_drop_5,order2,26,19,online100,0.7342027037509516,0.8853754940711462,0.8366308807802443,0.1569755615339692,0.5772271422169825,-0.18512631074145033,-0.35184930722495916,7,0.08186531066894531
hc2,search,frame_drop_5,order2,27,18,episodic,0.15010524723343852,0.25,0.6985445355643699,0.13706304984545212,0.013042197387986398,0.15572910859115585,0.14939900067191836,10,0.23361152410507202
hc2,search,frame_drop_5,order2,27,18,online100,0.15270353420309116,0.25,0.7096276136018753,0.14646395929990266,0.006239574903188494,-0.030092498550189473,-0.028020753594224845,9,0.11370575428009033
hc2,search,frame_drop_5,order2,28,8,episodic,0.6420076288468645,0.7551020408163265,0.8438589334970412,0.6556144707260723,-0.013606841879207798,-0.027025622686764117,-0.015514113145961184,10,0.14558327198028564
hc2,search,frame_drop_5,order2,28,8,online100,0.6525244537484697,0.7551020408163265,0.8575706012175547,0.6689727624037839,-0.016448308655314214,-0.003333773641365889,-0.031065939731823144,3,0.07581526041030884
hc2,search,frame_drop_5,order2,29,7,episodic,0.736167493335994,0.9619883040935673,0.7615849430362478,0.6386943437695298,0.09747314956646413,0.013244557246389399,0.03857121282283493,5,0.11220276355743408
hc2,search,frame_drop_5,order2,29,7,online100,0.644295837733541,0.9619883040935673,0.6604466587213574,0.7326335736980374,-0.08833773596449634,-0.0674073749620745,-0.1305399762478593,10,0.12957507371902466
hc2,search,frame_drop_5,order2,30,10,episodic,0.29202075661880145,0.3598326359832636,0.7997569685809656,0.2731953516105475,0.01882540500825397,0.06704275164126872,0.011733046735695862,10,0.22202444076538086
hc2,search,frame_drop_5,order2,30,10,online100,0.2961717022258703,0.3598326359832636,0.8076763083059237,0.29818600574680726,-0.0020143035209369553,0.03272422032776601,-0.01635190823521393,9,0.10798794031143188
hc2,search,frame_drop_5,order2,31,13,episodic,0.4682737012643614,0.5476190476190477,0.8559015658353618,0.3325030864205823,0.1357706148437791,0.12902378293834826,0.08359345246874217,9,0.22644716501235962
hc2,search,frame_drop_5,order2,31,13,online100,0.4690994328949407,0.5476190476190477,0.8576585490091828,0.39282504852400224,0.07627438437093848,0.0258995968408271,0.001925966495997189,10,0.14687126874923706
hc2,search,frame_freeze_5,order1,0,2,episodic,0.18973883960829457,0.31100478468899523,0.5810447586914751,0.1639435272913389,0.02579531231695567,0.11983058994726115,0.10164314557114434,9,0.2735602855682373
hc2,search,frame_freeze_5,order1,0,2,online100,0.18973883960829457,0.31100478468899523,0.5810447586914751,0.1639435272913389,0.02579531231695567,0.11983058994726115,0.10164314557114434,9,0.2735602855682373
hc2,search,frame_freeze_5,order1,1,0,episodic,0.3118582589480113,0.3778801843317972,0.7473917311163989,0.1596999418603052,0.15215831708770608,-0.2977312855433465,-0.30316324902255487,10,0.1521865427494049
hc2,search,frame_freeze_5,order1,1,0,online100,0.31095840806077146,0.3778801843317972,0.7428874417740087,0.1601550066489631,0.15080340141180837,-0.2933436482902218,-0.29888160440623385,10,0.15060371160507202
hc2,search,frame_freeze_5,order1,2,25,episodic,0.24585118600572545,0.6883116883116883,0.3037689752504514,0.24585118600572545,0.0,0.0,0.0,0,0.0
hc2,search,frame_freeze_5,order1,2,25,online100,0.2570892551250065,0.6883116883116883,0.31469758292438565,0.2570892551250065,0.0,0.0,0.0,0,0.0
hc2,search,frame_freeze_5,order1,3,22,episodic,0.07825732402496868,0.2870967741935484,0.42432161988646727,0.062141512570560616,0.016115811454408067,0.2196728365598477,0.2146479378805819,10,0.1576322615146637
hc2,search,frame_freeze_5,order1,3,22,online100,0.07569174480229461,0.2870967741935484,0.41059999257313595,0.06459501556133933,0.011096729240955283,0.18829361309406956,0.1720361705046849,8,0.19564306735992432
hc2,search,frame_freeze_5,order1,4,27,episodic,0.20883967231428469,0.7426470588235294,0.27241444276514043,0.572076449678192,-0.36323677736390736,-0.09787869748206846,-0.014908413806783982,10,0.2831308841705322
hc2,search,frame_freeze_5,order1,4,27,online100,0.22282231135547023,0.7426470588235294,0.2921028751631262,0.5648597898360259,-0.34203747848055566,-0.028398828846452062,-0.04468189587798199,10,0.2681327164173126
hc2,search,frame_freeze_5,order1,5,31,episodic,0.667465412107847,0.8092105263157895,0.8209672618858841,0.4959836411716701,0.17148177093617695,0.07183577217285764,0.04839637600275204,7,0.2579301595687866
hc2,search,frame_freeze_5,order1,5,31,online100,0.6659916965143359,0.8092105263157895,0.8186281295288551,0.5030453796173542,0.1629463168969817,0.0011830120582121406,-0.027550677235574805,9,0.25402939319610596
hc2,search,frame_freeze_5,order1,6,11,episodic,0.3555492969163697,0.8641114982578397,0.4037520022601516,0.2566516637114454,0.09889763320492434,0.13899652853224287,0.11145648115698681,10,0.2882670760154724
hc2,search,frame_freeze_5,order1,6,11,online100,0.3231815108738932,0.8641114982578397,0.36651993452337595,0.30043855803560976,0.022742952838283426,-0.0017188271137876798,0.006141068893573354,7,0.17508113384246826
hc2,search,frame_freeze_5,order1,7,30,episodic,0.5564058984608993,0.723404255319149,0.7687743316013813,0.521117011093551,0.035288887367348254,-0.38719182495223253,-0.504825514122239,8,0.08531796932220459
hc2,search,frame_freeze_5,order1,7,30,online100,0.5713384805827108,0.723404255319149,0.7898166279153231,0.49321213322092183,0.07812634736178892,-0.21359015701115802,-0.2145360975279912,10,0.09496381878852844
hc2,search,frame_freeze_5,order1,8,26,episodic,0.16046374209633618,0.40476190476190477,0.3991425003197798,0.19864228805547357,-0.03817854595913739,-0.13447427364212378,-0.2885812233205217,10,0.2637493312358856
hc2,search,frame_freeze_5,order1,8,26,online100,0.25944312089394056,0.40476190476190477,0.6422579595400507,0.21586998391545859,0.043573136978481974,0.0726738531651906,-0.03525156869310064,10,0.1154322624206543
hc2,search,frame_freeze_5,order1,9,24,episodic,0.03373543977031371,0.342911877394636,0.23410320243168328,0.16276372725733107,-0.12902828748701736,-0.4968972003591241,-0.36231599551741345,10,0.7615622133016586
hc2,search,frame_freeze_5,order1,9,24,online100,0.03444970087794614,0.342911877394636,0.23361285912398017,0.16603397178002033,-0.1315842709020742,-0.49544693471842444,-0.36700424401569026,10,0.7581796646118164
hc2,search,frame_freeze_5,order1,10,19,episodic,0.2649828569697214,0.8115942028985508,0.36288885632048024,0.2649828569697214,0.0,0.0,0.0,0,0.0
hc2,search,frame_freeze_5,order1,10,19,online100,0.06077408588558306,0.8115942028985508,0.06813601429393704,0.2807155897559022,-0.21994150387031916,-0.15461191026748322,-0.138896577352148,10,0.1374678611755371
hc2,search,frame_freeze_5,order1,11,13,episodic,0.46791963470152725,0.5476190476190477,0.8546149115869879,0.332491927571699,0.13542770712982827,0.12683184941519476,0.1010278331197142,10,0.22527164220809937
hc2,search,frame_freeze_5,order1,11,13,online100,0.4631242238993202,0.5476190476190477,0.8470027541243128,0.3534577587542373,0.10966646514508288,0.08128603180055993,0.06494255038558017,7,0.21377286314964294
hc2,search,frame_freeze_5,order1,12,14,episodic,0.5867452851640131,0.7175141242937854,0.819118520286639,0.4901025091781612,0.09664277598585191,0.16862656044210267,0.047164633122305344,10,0.25427472591400146
hc2,search,frame_freeze_5,order1,12,14,online100,0.5842602353671089,0.7175141242937854,0.8151356111558834,0.5269016374718946,0.05735859789521436,0.11767419285406466,0.0007219016772946896,10,0.19267481565475464
hc2,search,frame_freeze_5,order1,13,16,episodic,0.23232693602539148,0.3515625,0.6174274242425393,0.16187544240107257,0.0704514936243189,0.1894439046073042,0.20649136099243925,10,0.3095672130584717
hc2,search,frame_freeze_5,order1,13,16,online100,0.2275901446583504,0.3515625,0.5947639302855964,0.17824638861511743,0.04934375604323296,0.033307688848255634,0.03899107165569793,10,0.241940438747406
hc2,search,frame_freeze_5,order1,14,17,episodic,0.2739889554581403,0.4533678756476684,0.6040151732771583,0.2833583999428657,-0.009369444484725431,-0.14671148637237008,-0.10825031971059773,9,0.24153298139572144
hc2,search,frame_freeze_5,order1,14,17,online100,0.2709232785673404,0.4533678756476684,0.5973121325913812,0.30980481017702804,-0.03888153160968766,-0.21387358465457773,-0.13602795461561168,10,0.22254019975662231
hc2,search,frame_freeze_5,order1,15,23,episodic,0.08705461227666514,0.6753246753246753,0.12841389167247538,0.08705461227666514,0.0,0.0,0.0,0,0.0
hc2,search,frame_freeze_5,order1,15,23,online100,0.10281175374624481,0.6753246753246753,0.15165718464484387,0.10281175374624481,0.0,0.0,0.0,0,0.0
hc2,search,frame_freeze_5,order1,16,29,episodic,0.19856301622188668,0.4232209737827715,0.46822287027483867,0.1953206140445359,0.0032424021773507783,-0.2935336633029519,-0.29291974822916866,10,0.3640008270740509
hc2,search,frame_freeze_5,order1,16,29,online100,0.20930806560902698,0.4232209737827715,0.4936244303175771,0.21166871712583268,-0.0023606515168057007,-0.33441262638532293,-0.36110233645149536,9,0.3055320084095001
hc2,search,frame_freeze_5,order1,17,9,episodic,0.0,0.0,0.5093038615611605,0.0,0.0,-0.10874149411957712,-0.08771511722174641,10,0.18098682165145874
hc2,search,frame_freeze_5,order1,17,9,online100,0.0,0.0,0.5364820218595476,0.0,0.0,-0.182083927506417,-0.12355966111297179,9,0.1817602515220642
hc2,search,frame_freeze_5,order1,18,5,episodic,0.3032391999230779,0.46996466431095407,0.6454933912339429,0.2313203456114809,0.071918854311597,0.0016308131081282928,0.014552759161250761,9,0.1825222373008728
hc2,search,frame_freeze_5,order1,18,5,online100,0.3060300791926598,0.46996466431095407,0.6515522391309704,0.26734370539918517,0.038686373793474615,-0.029419269916718283,-0.04968128946454575,8,0.07488840818405151
hc2,search,frame_freeze_5,order1,19,8,episodic,0.6979505368352384,0.8250728862973761,0.8462866719812094,0.7034662202805724,-0.00551568344533393,-0.007952067598656853,-0.012310415729731572,9,0.16578280925750732
hc2,search,frame_freeze_5,order1,19,8,online100,0.7000443900904512,0.8250728862973761,0.8483113880234878,0.7268665328364015,-0.026822142745950295,-0.003187830709510342,-0.06258020142407827,9,0.13879340887069702
hc2,search,frame_freeze_5,order1,20,28,episodic,0.5144766619039671,0.6243093922651933,0.8168445246019127,0.4459811433060172,0.06849551859794994,-0.04957739073508516,-0.048962800075929014,8,0.19092541933059692
hc2,search,frame_freeze_5,order1,20,28,online100,0.5382639225459253,0.6243093922651933,0.8546120173755479,0.5084930830208436,0.029770839525081638,-0.05287545895650725,-0.06512761246343146,9,0.13371920585632324
hc2,search,frame_freeze_5,order1,21,10,episodic,0.29282662409788046,0.3598326359832636,0.80235827208314,0.2735000943187468,0.019326529779133683,0.06379396062658682,0.02024939742582499,10,0.22304314374923706
hc2,search,frame_freeze_5,order1,21,10,online100,0.29039770533367665,0.3598326359832636,0.7950186890748847,0.2959249667489933,-0.0055272614153166755,0.005438722957805675,-0.036737320456364686,10,0.1429467797279358
hc2,search,frame_freeze_5,order1,22,21,episodic,0.6408914183990966,0.8761329305135952,0.7301299811693679,0.5775946060181623,0.06329681238093432,0.19421964758166232,0.17485891800887476,10,0.15799975395202637
hc2,search,frame_freeze_5,order1,22,21,online100,0.6419355612768,0.8761329305135952,0.733749116627154,0.630960118897983,0.01097544237881698,0.05314324433044626,0.027975093755854274,7,0.07118380069732666
hc2,search,frame_freeze_5,order1,23,20,episodic,0.4692134002216693,0.890295358649789,0.5268622324592347,0.5375113811812107,-0.06829798095954137,0.2347948502769881,0.08677777006564869,8,0.34235358238220215
hc2,search,frame_freeze_5,order1,23,20,online100,0.4833734103308521,0.890295358649789,0.5436448480165958,0.616228803582618,-0.13285539325176587,0.04157079658967899,-0.006536711967923714,5,0.22221267223358154
hc2,search,frame_freeze_5,order1,24,1,episodic,0.4670614477820239,0.6735537190082644,0.7040453016678121,0.37859689257930884,0.08846455520271507,0.3721847738308609,0.26706777320272557,10,0.22477388381958008
hc2,search,frame_freeze_5,order1,24,1,online100,0.4717185243564709,0.6735537190082644,0.7121255435554648,0.3993892156779742,0.07232930867849668,0.3228649049887783,0.21072406128296806,10,0.19335782527923584
hc2,search,frame_freeze_5,order1,25,7,episodic,0.7326613919149827,0.9619883040935673,0.7573131935990938,0.6387705328137138,0.09389085910126893,0.01203081073186596,-0.004024729696747054,5,0.11315739154815674
hc2,search,frame_freeze_5,order1,25,7,online100,0.6918832768331635,0.9619883040935673,0.7149728709449774,0.7168763291272195,-0.024993052294056017,0.005394709811517018,-0.07012127921545364,10,0.09655112028121948
hc2,search,frame_freeze_5,order1,26,12,episodic,0.5469665706381627,0.8191489361702128,0.6485988683898419,0.47029432563005646,0.07667224500810621,-0.04469074319510369,0.21332834061234052,6,0.18057191371917725
hc2,search,frame_freeze_5,order1,26,12,online100,0.5220038901558026,0.8191489361702128,0.6254379357101811,0.5062202966069158,0.01578359354888681,-0.07874172022663839,0.1746015619667043,10,0.1308613419532776
hc2,search,frame_freeze_5,order1,27,18,episodic,0.2495819572628978,0.35435435435435436,0.7245732064931768,0.2272026176703734,0.022379339592524417,0.1583001375396017,0.140828638778128,10,0.23642319440841675
hc2,search,frame_freeze_5,order1,27,18,online100,0.265423758310727,0.35435435435435436,0.7658905863251093,0.2495573555198347,0.015866402790892298,0.011132386176514908,-0.006811255524319271,10,0.17826879024505615
hc2,search,frame_freeze_5,order1,28,3,episodic,0.260868922800326,0.5028901734104047,0.5168783021815266,0.22055897919108788,0.04030994360923809,0.08318787325997268,0.13021349505269997,10,0.12679734826087952
hc2,search,frame_freeze_5,order1,28,3,online100,0.2641798720182535,0.5028901734104047,0.5232451093623038,0.25179673119228746,0.012383140825966032,0.009633860435346753,0.03758529334678473,10,0.10855960845947266
hc2,search,frame_freeze_5,order1,29,6,episodic,0.3794608566660991,0.6896551724137931,0.5493930966521892,0.2915856773072253,0.08787517935887379,0.17028194340257408,0.11755078293569587,9,0.28051814436912537
hc2,search,frame_freeze_5,order1,29,6,online100,0.38151108455268534,0.6896551724137931,0.5530785703149964,0.33324466918680135,0.048266415365884,0.009052152281693093,0.008281337498183272,10,0.2249036729335785
hc2,search,frame_freeze_5,order1,30,15,episodic,0.05515081613881204,0.28044280442804426,0.1820798675106015,0.06828527285685666,-0.013134456718044626,0.12049264855119318,0.10405367305026059,8,0.10415884852409363
hc2,search,frame_freeze_5,order1,30,15,online100,0.047920610322801975,0.28044280442804426,0.16028755046230134,0.06860160386235871,-0.020680993539556734,-0.03016360275710589,-0.02348936808122315,10,0.05281427502632141
hc2,search,frame_freeze_5,order1,31,4,episodic,0.0,0.0,0.3842616865151753,0.0,0.0,-0.2902662406582783,-0.2678835694179976,10,0.2944311499595642
hc2,search,frame_freeze_5,order1,31,4,online100,0.0,0.0,0.4172621879341177,0.0,0.0,-0.23698174615625478,-0.2468358056212947,9,0.2829996943473816
hc2,search,frame_freeze_5,order2,0,16,episodic,0.23232693602539148,0.3515625,0.6174274242425393,0.16187544240107257,0.0704514936243189,0.1894439046073042,0.20649136099243925,10,0.3095672130584717
hc2,search,frame_freeze_5,order2,0,16,online100,0.23232693602539148,0.3515625,0.6174274242425393,0.16187544240107257,0.0704514936243189,0.1894439046073042,0.20649136099243925,10,0.3095672130584717
hc2,search,frame_freeze_5,order2,1,2,episodic,0.18973883960829457,0.31100478468899523,0.5810447586914751,0.1639435272913389,0.02579531231695567,0.11983058994726115,0.10164314557114434,9,0.2735602855682373
hc2,search,frame_freeze_5,order2,1,2,online100,0.1965522706146886,0.31100478468899523,0.5963374082486207,0.16507310577060313,0.03147916484408547,0.12162304226223386,0.11225603310230131,8,0.26892030239105225
hc2,search,frame_freeze_5,order2,2,27,episodic,0.20883967231428469,0.7426470588235294,0.27241444276514043,0.572076449678192,-0.36323677736390736,-0.09787869748206846,-0.014908413806783982,10,0.2831308841705322
hc2,search,frame_freeze_5,order2,2,27,online100,0.2119372166448565,0.7426470588235294,0.2763038268319182,0.5765447744096955,-0.364607557764839,-0.09896675150485756,-0.0054763430405812,10,0.27997928857803345
hc2,search,frame_freeze_5,order2,3,22,episodic,0.07825732402496868,0.2870967741935484,0.42432161988646727,0.062141512570560616,0.016115811454408067,0.2196728365598477,0.2146479378805819,10,0.1576322615146637
hc2,search,frame_freeze_5,order2,3,22,online100,0.07008927893379516,0.2870967741935484,0.39014349096419404,0.06787178934183695,0.0022174895919582077,0.10626254951097891,0.10428689478811493,10,0.190534770488739
hc2,search,frame_freeze_5,order2,4,23,episodic,0.08705461227666514,0.6753246753246753,0.12841389167247538,0.08705461227666514,0.0,0.0,0.0,0,0.0
hc2,search,frame_freeze_5,order2,4,23,online100,0.09421560482196453,0.6753246753246753,0.1389770415956182,0.09421560482196453,0.0,0.0,0.0,0,0.0
hc2,search,frame_freeze_5,order2,5,26,episodic,0.16046374209633618,0.40476190476190477,0.3991425003197798,0.19864228805547357,-0.03817854595913739,-0.13447427364212378,-0.2885812233205217,10,0.2637493312358856
hc2,search,frame_freeze_5,order2,5,26,online100,0.24283658571272526,0.40476190476190477,0.6016253271446049,0.21170302144983272,0.031133564262892544,0.08025039909572351,-0.004685320237847068,9,0.14297807216644287
hc2,search,frame_freeze_5,order2,6,15,episodic,0.05515081613881204,0.28044280442804426,0.1820798675106015,0.06828527285685666,-0.013134456718044626,0.12049264855119318,0.10405367305026059,8,0.10415884852409363
hc2,search,frame_freeze_5,order2,6,15,online100,0.050859170843241173,0.28044280442804426,0.1670751553952401,0.06571843633226727,-0.0148592654890261,0.05505128074286009,0.022453510163028434,10,0.06124204397201538
hc2,search,frame_freeze_5,order2,7,12,episodic,0.5469665706381627,0.8191489361702128,0.6485988683898419,0.47029432563005646,0.07667224500810621,-0.04469074319510369,0.21332834061234052,6,0.18057191371917725
hc2,search,frame_freeze_5,order2,7,12,online100,0.5470260459540938,0.8191489361702128,0.6479749363507016,0.4847148224057144,0.06231122354837937,-0.08416336248342848,0.029127578073743665,10,0.16180914640426636
hc2,search,frame_freeze_5,order2,8,5,episodic,0.3032391999230779,0.46996466431095407,0.6454933912339429,0.2313203456114809,0.071918854311597,0.0016308131081282928,0.014552759161250761,9,0.1825222373008728
hc2,search,frame_freeze_5,order2,8,5,online100,0.3028953326630898,0.46996466431095407,0.6450086215877883,0.2562943312403603,0.04660100142272955,-0.004983557254239934,-0.004996647709560098,9,0.11477398872375488
hc2,search,frame_freeze_5,order2,9,17,episodic,0.2739889554581403,0.4533678756476684,0.6040151732771583,0.2833583999428657,-0.009369444484725431,-0.14671148637237008,-0.10825031971059773,9,0.24153298139572144
hc2,search,frame_freeze_5,order2,9,17,online100,0.26485370213851844,0.4533678756476684,0.5839595964030372,0.2980910308355505,-0.033237328697032054,-0.3279048800338128,-0.23959156286426503,10,0.20993024110794067
hc2,search,frame_freeze_5,order2,10,11,episodic,0.3555492969163697,0.8641114982578397,0.4037520022601516,0.2566516637114454,0.09889763320492434,0.13899652853224287,0.11145648115698681,10,0.2882670760154724
hc2,search,frame_freeze_5,order2,10,11,online100,0.3315297426982321,0.8641114982578397,0.3756337473928445,0.3112098587923437,0.020319883905888403,-0.002198680178813417,0.010023578354634965,8,0.18778324127197266
hc2,search,frame_freeze_5,order2,11,3,episodic,0.260868922800326,0.5028901734104047,0.5168783021815266,0.22055897919108788,0.04030994360923809,0.08318787325997268,0.13021349505269997,10,0.12679734826087952
hc2,search,frame_freeze_5,order2,11,3,online100,0.25669362916188604,0.5028901734104047,0.5087460906608148,0.23426683639589566,0.022426792765990383,0.05285330662583576,0.08701174060186012,10,0.1093759834766388
hc2,search,frame_freeze_5,order2,12,1,episodic,0.4670614477820239,0.6735537190082644,0.7040453016678121,0.37859689257930884,0.08846455520271507,0.3721847738308609,0.26706777320272557,10,0.22477388381958008
hc2,search,frame_freeze_5,order2,12,1,online100,0.4697175317405218,0.6735537190082644,0.706777898067185,0.3891604516581558,0.08055708008236595,0.3587730248808384,0.24076175380309606,10,0.19463497400283813
hc2,search,frame_freeze_5,order2,13,9,episodic,0.0,0.0,0.5093038615611605,0.0,0.0,-0.10874149411957712,-0.08771511722174641,10,0.18098682165145874
hc2,search,frame_freeze_5,order2,13,9,online100,0.0,0.0,0.49897552951447793,0.0,0.0,-0.14403260457330425,-0.10744626154367398,10,0.15886539220809937
hc2,search,frame_freeze_5,order2,14,14,episodic,0.5867452851640131,0.7175141242937854,0.819118520286639,0.4901025091781612,0.09664277598585191,0.16862656044210267,0.047164633122305344,10,0.25427472591400146
hc2,search,frame_freeze_5,order2,14,14,online100,0.5703959582753877,0.7175141242937854,0.7966295177367714,0.5375387781767618,0.03285718009862593,0.07466740473628031,-0.0262705095159097,7,0.19597458839416504
hc2,search,frame_freeze_5,order2,15,31,episodic,0.667465412107847,0.8092105263157895,0.8209672618858841,0.4959836411716701,0.17148177093617695,0.07183577217285764,0.04839637600275204,7,0.2579301595687866
hc2,search,frame_freeze_5,order2,15,31,online100,0.650339686392435,0.8092105263157895,0.8046462341396037,0.5637350892578405,0.08660459713459445,-0.04325134146640164,-0.07463434829417814,10,0.16329431533813477
hc2,search,frame_freeze_5,order2,16,20,episodic,0.4692134002216693,0.890295358649789,0.5268622324592347,0.5375113811812107,-0.06829798095954137,0.2347948502769881,0.08677777006564869,8,0.34235358238220215
hc2,search,frame_freeze_5,order2,16,20,online100,0.47547767326291746,0.890295358649789,0.5348415729404188,0.6255136722480535,-0.1500359989851361,-0.12577921502774914,-0.06821302484030423,10,0.23887276649475098
hc2,search,frame_freeze_5,order2,17,0,episodic,0.3118582589480113,0.3778801843317972,0.7473917311163989,0.1596999418603052,0.15215831708770608,-0.2977312855433465,-0.30316324902255487,10,0.1521865427494049
hc2,search,frame_freeze_5,order2,17,0,online100,0.33988772263604594,0.3778801843317972,0.8166082875996831,0.22066330495892397,0.11922441767712197,-0.36809461971320045,-0.28962923336770513,9,0.08698448538780212
hc2,search,frame_freeze_5,order2,18,24,episodic,0.03373543977031371,0.342911877394636,0.23410320243168328,0.16276372725733107,-0.12902828748701736,-0.4968972003591241,-0.36231599551741345,10,0.7615622133016586
hc2,search,frame_freeze_5,order2,18,24,online100,0.03405617418692011,0.342911877394636,0.23525293016743562,0.17637431030816886,-0.14231813612124875,-0.5128821205028261,-0.38591896287100314,10,0.7609632760286331
hc2,search,frame_freeze_5,order2,19,6,episodic,0.3794608566660991,0.6896551724137931,0.5493930966521892,0.2915856773072253,0.08787517935887379,0.17028194340257408,0.11755078293569587,9,0.28051814436912537
hc2,search,frame_freeze_5,order2,19,6,online100,0.4146379727541723,0.6896551724137931,0.6004867534992845,0.330340817966928,0.08429715478724431,0.04662300752545556,0.030146175559046418,10,0.20717424154281616
hc2,search,frame_freeze_5,order2,20,4,episodic,0.0,0.0,0.3842616865151753,0.0,0.0,-0.2902662406582783,-0.2678835694179976,10,0.2944311499595642
hc2,search,frame_freeze_5,order2,20,4,online100,0.0,0.0,0.4126664729593617,0.0,0.0,-0.27162371113714345,-0.2450121574931836,9,0.2650422751903534
hc2,search,frame_freeze_5,order2,21,28,episodic,0.5144766619039671,0.6243093922651933,0.8168445246019127,0.4459811433060172,0.06849551859794994,-0.04957739073508516,-0.048962800075929014,8,0.19092541933059692
hc2,search,frame_freeze_5,order2,21,28,online100,0.5281801359510456,0.6243093922651933,0.8386017947994672,0.5041321878399889,0.024047948111056705,-0.059523368580423175,-0.06497889212989627,9,0.11641746759414673
hc2,search,frame_freeze_5,order2,22,30,episodic,0.5564058984608993,0.723404255319149,0.7687743316013813,0.521117011093551,0.035288887367348254,-0.38719182495223253,-0.504825514122239,8,0.08531796932220459
hc2,search,frame_freeze_5,order2,22,30,online100,0.5655468782185179,0.723404255319149,0.7820090897162824,0.5364930561747387,0.029053822043779154,0.014436454066271254,0.018238828289800946,10,0.07711011171340942
hc2,search,frame_freeze_5,order2,23,25,episodic,0.24585118600572545,0.6883116883116883,0.3037689752504514,0.24585118600572545,0.0,0.0,0.0,0,0.0
hc2,search,frame_freeze_5,order2,23,25,online100,0.2629976169045626,0.6883116883116883,0.3281571447522703,0.2629976169045626,0.0,0.0,0.0,0,0.0
hc2,search,frame_freeze_5,order2,24,29,episodic,0.19856301622188668,0.4232209737827715,0.46822287027483867,0.1953206140445359,0.0032424021773507783,-0.2935336633029519,-0.29291974822916866,10,0.3640008270740509
hc2,search,frame_freeze_5,order2,24,29,online100,0.2034617060042626,0.4232209737827715,0.47965124580582846,0.2103354709236704,-0.0068737649194077766,-0.31293254011207383,-0.3354032419276508,10,0.2750264108181
hc2,search,frame_freeze_5,order2,25,21,episodic,0.6408914183990966,0.8761329305135952,0.7301299811693679,0.5775946060181623,0.06329681238093432,0.19421964758166232,0.17485891800887476,10,0.15799975395202637
hc2,search,frame_freeze_5,order2,25,21,online100,0.6325062441994752,0.8761329305135952,0.7240777105295069,0.6388173881390683,-0.006311143939593089,0.0667253647660454,0.039057747099139895,10,0.09009748697280884
hc2,search,frame_freeze_5,order2,26,19,episodic,0.2649828569697214,0.8115942028985508,0.36288885632048024,0.2649828569697214,0.0,0.0,0.0,0,0.0
hc2,search,frame_freeze_5,order2,26,19,online100,0.06299868201020542,0.8115942028985508,0.0719989152387256,0.30395874567077386,-0.24096006366056844,-0.1462720342858557,-0.1102354858020671,10,0.14154291152954102
hc2,search,frame_freeze_5,order2,27,18,episodic,0.2495819572628978,0.35435435435435436,0.7245732064931768,0.2272026176703734,0.022379339592524417,0.1583001375396017,0.140828638778128,10,0.23642319440841675
hc2,search,frame_freeze_5,order2,27,18,online100,0.2768525553319879,0.35435435435435436,0.7927173542687191,0.2490653935436743,0.027787161788313586,-0.012376857442964573,-0.017990935167253475,10,0.18905556201934814
hc2,search,frame_freeze_5,order2,28,8,episodic,0.6979505368352384,0.8250728862973761,0.8462866719812094,0.7034662202805724,-0.00551568344533393,-0.007952067598656853,-0.012310415729731572,9,0.16578280925750732
hc2,search,frame_freeze_5,order2,28,8,online100,0.7027901249965065,0.8250728862973761,0.8490941318262595,0.7212344640564523,-0.018444339059945802,0.007294143813588505,-0.019578623267117012,9,0.1312859058380127
hc2,search,frame_freeze_5,order2,29,7,episodic,0.7326613919149827,0.9619883040935673,0.7573131935990938,0.6387705328137138,0.09389085910126893,0.01203081073186596,-0.004024729696747054,5,0.11315739154815674
hc2,search,frame_freeze_5,order2,29,7,online100,0.6732218763480458,0.9619883040935673,0.6945024580685407,0.7209572351181511,-0.047735358770105374,0.003036245219644962,-0.09133747088789412,10,0.08531743288040161
hc2,search,frame_freeze_5,order2,30,10,episodic,0.29282662409788046,0.3598326359832636,0.80235827208314,0.2735000943187468,0.019326529779133683,0.06379396062658682,0.02024939742582499,10,0.22304314374923706
hc2,search,frame_freeze_5,order2,30,10,online100,0.29473370546760685,0.3598326359832636,0.8075137062553068,0.2987272996929804,-0.003993594225373542,-0.0023561580705461216,-0.04690526185083643,10,0.13283294439315796
hc2,search,frame_freeze_5,order2,31,13,episodic,0.46791963470152725,0.5476190476190477,0.8546149115869879,0.332491927571699,0.13542770712982827,0.12683184941519476,0.1010278331197142,10,0.22527164220809937
hc2,search,frame_freeze_5,order2,31,13,online100,0.4610640897007585,0.5476190476190477,0.8430558748946134,0.3829254679560809,0.07813862174467762,0.02097180585980396,0.009616155781782543,9,0.15187537670135498
hc2,search,motion_blur_5,order1,0,2,episodic,0.17151106723485227,0.23923444976076555,0.5882089867190817,0.11291931930219233,0.058591747932659935,0.014022620528781171,-0.03085131753164999,9,0.26452887058258057
hc2,search,motion_blur_5,order1,0,2,online100,0.17151106723485227,0.23923444976076555,0.5882089867190817,0.11291931930219233,0.058591747932659935,0.014022620528781171,-0.03085131753164999,9,0.26452887058258057
hc2,search,motion_blur_5,order1,1,0,episodic,0.30739821190252675,0.3778801843317972,0.743765544545588,0.15379030158459384,0.15360791031793292,-0.29633128757024496,-0.34706199383274217,10,0.20483499765396118
hc2,search,motion_blur_5,order1,1,0,online100,0.3226539954296831,0.3778801843317972,0.7680947289459206,0.15123773651479067,0.17141625891489243,-0.2672529342467357,-0.32644377617567943,9,0.2215287685394287
hc2,search,motion_blur_5,order1,2,25,episodic,0.26316394293378015,0.6883116883116883,0.33878286543778424,0.24486874115552204,0.018295201778258108,0.08127117545642648,0.028427488615355156,10,0.2766932249069214
hc2,search,motion_blur_5,order1,2,25,online100,0.2912374110465108,0.6883116883116883,0.36717990565784425,0.25538247969558303,0.035854931350927766,-0.009806719908081962,-0.03937872873013282,10,0.24549764394760132
hc2,search,motion_blur_5,order1,3,22,episodic,0.08750792006976044,0.22084367245657568,0.488047402180416,0.06256619359759444,0.024941726472165998,-0.026256125351797666,-0.0164244441174759,10,0.21250122785568237
hc2,search,motion_blur_5,order1,3,22,online100,0.07134402630888731,0.22084367245657568,0.4339671835149726,0.0637959165527694,0.007548109756117916,0.0007118094964607691,0.008415711359547662,9,0.22539806365966797
hc2,search,motion_blur_5,order1,4,27,episodic,0.47101919057865704,0.8022813688212928,0.5819304091422034,0.5975936387192605,-0.12657444814060348,0.03996978001897733,0.0030948418895015983,10,0.15787890553474426
hc2,search,motion_blur_5,order1,4,27,online100,0.46720555251703466,0.8022813688212928,0.5769333908858364,0.6007761815257077,-0.133570629008673,0.032526194954649035,0.00040728387498778496,10,0.14859211444854736
hc2,search,motion_blur_5,order1,5,31,episodic,0.5688000966838698,0.7741228070175439,0.7363395015708095,0.47552294030972464,0.09327715637414513,-0.17257222496114732,-0.16004527974750848,10,0.2147371768951416
hc2,search,motion_blur_5,order1,5,31,online100,0.5605974997513,0.7741228070175439,0.7205146632497219,0.49334231037704884,0.06725518937425118,-0.222518995367461,-0.20804505948485508,10,0.2226371169090271
hc2,search,motion_blur_5,order1,6,11,episodic,0.25183767413277025,0.6794520547945205,0.3623637976922663,0.19496170002404561,0.056875974108724636,0.1571384375530086,0.13419738899006717,10,0.2263515591621399
hc2,search,motion_blur_5,order1,6,11,online100,0.25910236712193907,0.6794520547945205,0.3743387130555158,0.2191363658752257,0.03996600124671337,0.09340233834227818,0.07535848450071314,9,0.15374398231506348
hc2,search,motion_blur_5,order1,7,30,episodic,0.6089936468152091,0.7861271676300579,0.7753503522850141,0.5670075434669042,0.04198610334830488,0.026100286311939724,0.06015639399312178,9,0.05644837021827698
hc2,search,motion_blur_5,order1,7,30,online100,0.6185645964780767,0.7861271676300579,0.7875078742376291,0.5664545978259158,0.05210999865216093,0.039709221325752386,0.06329750976218929,10,0.032419562339782715
hc2,search,motion_blur_5,order1,8,26,episodic,0.17836942075330633,0.40476190476190477,0.44273002218035007,0.19255134920687436,-0.014181928453568027,-0.1668285888365194,-0.3217265308905642,10,0.30411243438720703
hc2,search,motion_blur_5,order1,8,26,online100,0.18647482368026072,0.40476190476190477,0.46259973506596824,0.2026550690602948,-0.01618024538003407,-0.2059027150742288,-0.37006126475210566,10,0.2722688317298889
hc2,search,motion_blur_5,order1,9,24,episodic,0.03476089385278196,0.342911877394636,0.2407468533489947,0.14051836775590865,-0.10575747390312669,-0.49047695156609306,-0.3548244806119625,10,0.7544437199831009
hc2,search,motion_blur_5,order1,9,24,online100,0.033610662764208654,0.342911877394636,0.23719419360413577,0.14169551823730647,-0.10808485547309782,-0.5123687043639188,-0.3797449019871287,10,0.7561141550540924
hc2,search,motion_blur_5,order1,10,19,episodic,0.1811539992977759,0.8582375478927203,0.2278962302793787,0.1811539992977759,0.0,0.0,0.0,0,0.0
hc2,search,motion_blur_5,order1,10,19,online100,0.20329015153066718,0.8582375478927203,0.25311376095232524,0.20329015153066718,0.0,0.0,0.0,0,0.0
hc2,search,motion_blur_5,order1,11,13,episodic,0.4678681595544976,0.5476190476190477,0.8552037948926816,0.33237661859008233,0.1354915409644153,0.11749929551075489,0.10004691123476384,9,0.22527343034744263
hc2,search,motion_blur_5,order1,11,13,online100,0.46176686735864353,0.5476190476190477,0.8441851347806596,0.3465958613477964,0.11517100601084712,0.020675979923881482,-0.022938430132029786,10,0.20036542415618896
hc2,search,motion_blur_5,order1,12,14,episodic,0.6547762066413152,0.7928994082840237,0.8256445703300357,0.5335559663902151,0.12122024025110012,0.19050207346657666,0.053956454750879734,7,0.2680826783180237
hc2,search,motion_blur_5,order1,12,14,online100,0.6371326709593439,0.7928994082840237,0.8035789668798721,0.5759575490374202,0.06117512192192365,0.1335263273503472,-0.008384834901649652,6,0.2148292064666748
hc2,search,motion_blur_5,order1,13,16,episodic,0.21961450509051517,0.38858695652173914,0.5191054195215814,0.18237146848708402,0.037243036603431146,0.23327112898462243,0.21396399701637692,8,0.14366871118545532
hc2,search,motion_blur_5,order1,13,16,online100,0.22655689203997348,0.38858695652173914,0.5592216372109171,0.20188718342211115,0.02466970861786233,0.15959312493651368,0.1386728502507304,9,0.11535418033599854
hc2,search,motion_blur_5,order1,14,17,episodic,0.27707911843933675,0.4533678756476684,0.6108014821902183,0.28336488401010496,-0.006285765570768209,-0.09867004554292347,-0.06336358853367119,8,0.2368479073047638
hc2,search,motion_blur_5,order1,14,17,online100,0.27038511331780807,0.4533678756476684,0.5961144976912517,0.31121760970016094,-0.04083249638235287,-0.18164173661062444,-0.062131975565423714,10,0.20860379934310913
hc2,search,motion_blur_5,order1,15,23,episodic,0.23279174793357113,0.8074534161490683,0.28719901469199194,0.1114154584422522,0.12137628949131893,-0.14567874942883402,-0.17203688280288815,10,0.5475302040576935
hc2,search,motion_blur_5,order1,15,23,online100,0.20694349552907482,0.8074534161490683,0.2553095998481306,0.1273447071652816,0.07959878836379322,-0.2607598601114088,-0.26637451564997927,10,0.5168094038963318
hc2,search,motion_blur_5,order1,16,29,episodic,0.214423626011784,0.37919463087248323,0.5637142458277897,0.178816318555371,0.035607307456412995,-0.26702993730383845,-0.30459126374082035,9,0.30984875559806824
hc2,search,motion_blur_5,order1,16,29,online100,0.21598768085244527,0.37919463087248323,0.5677122740816561,0.19446536118380123,0.02152231966864404,-0.3194852996038502,-0.4041717943031662,7,0.2630636692047119
hc2,search,motion_blur_5,order1,17,9,episodic,0.0,0.0,0.5070995968083819,0.0,0.0,-0.10616148768188916,-0.0928760495556551,10,0.18090450763702393
hc2,search,motion_blur_5,order1,17,9,online100,0.0,0.0,0.5328581992139948,0.0,0.0,-0.17788118786854656,-0.15405760143966063,8,0.15698468685150146
hc2,search,motion_blur_5,order1,18,5,episodic,0.30338542238995175,0.46996466431095407,0.6458030863518773,0.23137887011671118,0.07200655227324057,0.0018860833415049738,0.01275169561640288,9,0.18259143829345703
hc2,search,motion_blur_5,order1,18,5,online100,0.31234359380896015,0.46996466431095407,0.6648358602011833,0.26948948652687926,0.04285410728208089,-0.025856794637492797,-0.04848258748783574,10,0.0708770751953125
hc2,search,motion_blur_5,order1,19,8,episodic,0.6784758281530889,0.7988338192419825,0.8390355470077155,0.6931464695499765,-0.014670641396887563,-0.04019580915054377,-0.02747762246504204,10,0.1416221261024475
hc2,search,motion_blur_5,order1,19,8,online100,0.6966879872781695,0.7988338192419825,0.8622791827131061,0.7162102093947739,-0.01952222211660437,-0.005894348977786956,-0.03120365929782898,9,0.08178281784057617
hc2,search,motion_blur_5,order1,20,28,episodic,0.5144386638184492,0.6243093922651933,0.8167841943082396,0.4464546941761277,0.06798396964232145,-0.049884984552543976,-0.0447748776474679,8,0.18930494785308838
hc2,search,motion_blur_5,order1,20,28,online100,0.5424485267698805,0.6243093922651933,0.8612559942574418,0.5089906166060908,0.03345791016378974,-0.0278937959534864,-0.023242908236537296,8,0.12860071659088135
hc2,search,motion_blur_5,order1,21,10,episodic,0.2849564456331653,0.3598326359832636,0.7807377629691381,0.27321372874420286,0.011742716888962446,0.09553494465689727,0.05884334923324108,10,0.2245478630065918
hc2,search,motion_blur_5,order1,21,10,online100,0.2999388058149109,0.3598326359832636,0.8220364873223801,0.2942130530141168,0.0057257528007940706,-0.036662245625364576,-0.07230531986286359,8,0.12952274084091187
hc2,search,motion_blur_5,order1,22,21,episodic,0.6820039393199288,0.8664688427299704,0.7884229502585491,0.5741949806821354,0.10780895863779338,0.08462687732292329,0.08187407949571568,10,0.1624545454978943
hc2,search,motion_blur_5,order1,22,21,online100,0.6715729480123019,0.8664688427299704,0.7810369704958027,0.6424681899646425,0.02910475804765944,-0.011363676789271415,-0.042028133630367726,8,0.11594599485397339
hc2,search,motion_blur_5,order1,23,20,episodic,0.46915258339809646,0.890295358649789,0.5267961418428594,0.5374650278117468,-0.06831244441365031,0.23492227052807269,0.08489288482401258,8,0.3420256972312927
hc2,search,motion_blur_5,order1,23,20,online100,0.4811514212242369,0.890295358649789,0.5409724472756191,0.6149475472506714,-0.13379612602643448,-0.03758575873418657,-0.04526046762021352,6,0.20230650901794434
hc2,search,motion_blur_5,order1,24,1,episodic,0.4703050098333268,0.6735537190082644,0.7100389311518682,0.3784774790579939,0.0918275307753329,0.3669140720706575,0.26677008493827203,10,0.2307189702987671
hc2,search,motion_blur_5,order1,24,1,online100,0.47806085654691327,0.6735537190082644,0.7228921117631373,0.40814182384653735,0.06991903270037592,0.3387669615960224,0.20196994930993095,10,0.18123137950897217
hc2,search,motion_blur_5,order1,25,7,episodic,0.7345379030912351,0.9619883040935673,0.7590423673466306,0.6387346132144243,0.09580328987681086,0.014478503669291487,0.022703271877453357,5,0.11250126361846924
hc2,search,motion_blur_5,order1,25,7,online100,0.6812255728112604,0.9619883040935673,0.701440118836317,0.7173785330912775,-0.03615296028001713,-0.0033808057950575066,-0.06975340341723968,10,0.07900452613830566
hc2,search,motion_blur_5,order1,26,12,episodic,0.5468885037028612,0.8191489361702128,0.6485218189073444,0.47026070306028595,0.0766278006425753,-0.04462923265703522,0.15791308535298365,6,0.18081599473953247
hc2,search,motion_blur_5,order1,26,12,online100,0.5302910204194088,0.8191489361702128,0.6326962577168054,0.5060576364826178,0.024233383936790975,-0.09561773264450235,0.11591228162235823,9,0.10942494869232178
hc2,search,motion_blur_5,order1,27,18,episodic,0.21690224092301566,0.27298850574712646,0.8200377039473595,0.17486827905916555,0.04203396186385011,0.16740619777718901,0.15798706891429692,9,0.20384132862091064
hc2,search,motion_blur_5,order1,27,18,online100,0.2206836648103994,0.27298850574712646,0.8232270995677441,0.18913989224243077,0.031543772567968614,0.008635333922960009,-0.002478275424026344,10,0.1332716941833496
hc2,search,motion_blur_5,order1,28,3,episodic,0.26101602490004483,0.5028901734104047,0.5171748905230156,0.22051441683942713,0.0405016080606177,0.08386791150106288,0.13467699141870682,10,0.12752220034599304
hc2,search,motion_blur_5,order1,28,3,online100,0.27007198421804657,0.5028901734104047,0.5349492964741734,0.2568557136795503,0.013216270538496278,0.03649116571290334,0.0636131554274566,10,0.0903119444847107
hc2,search,motion_blur_5,order1,29,6,episodic,0.3781678423544265,0.6896551724137931,0.5475275326676052,0.29156761926792574,0.08660022308650078,0.17125995901973257,0.11978564402522529,9,0.2803347706794739
hc2,search,motion_blur_5,order1,29,6,online100,0.37775971501955236,0.6896551724137931,0.5474749916424106,0.33772478069747347,0.040034934322078886,-0.0012033560053444914,0.0021244747693521804,10,0.22746244072914124
hc2,search,motion_blur_5,order1,30,15,episodic,0.054855268429739694,0.28044280442804426,0.18124501743663127,0.06826765752160936,-0.013412389091869668,0.1237852977563425,0.10401698236479118,8,0.10403138399124146
hc2,search,motion_blur_5,order1,30,15,online100,0.04163264209961928,0.28044280442804426,0.14362667295090592,0.07016686740820445,-0.028534225308585168,-0.04366409833046275,-0.05430913632988954,9,0.05159297585487366
hc2,search,motion_blur_5,order1,31,4,episodic,0.0,0.0,0.5113909985028301,0.0,0.0,0.010251269181874134,-0.028074894014241125,10,0.1515486240386963
hc2,search,motion_blur_5,order1,31,4,online100,0.0,0.0,0.5427272536525902,0.0,0.0,-0.048294606178703625,-0.08993992376923177,10,0.056887149810791016
hc2,search,motion_blur_5,order2,0,16,episodic,0.21961450509051517,0.38858695652173914,0.5191054195215814,0.18237146848708402,0.037243036603431146,0.23327112898462243,0.21396399701637692,8,0.14366871118545532
hc2,search,motion_blur_5,order2,0,16,online100,0.21961450509051517,0.38858695652173914,0.5191054195215814,0.18237146848708402,0.037243036603431146,0.23327112898462243,0.21396399701637692,8,0.14366871118545532
hc2,search,motion_blur_5,order2,1,2,episodic,0.17151106723485227,0.23923444976076555,0.5882089867190817,0.11291931930219233,0.058591747932659935,0.014022620528781171,-0.03085131753164999,9,0.26452887058258057
hc2,search,motion_blur_5,order2,1,2,online100,0.168188958239123,0.23923444976076555,0.5766685756163217,0.11461976360143682,0.05356919463768618,-0.019642971468599113,-0.06228952274218025,10,0.26759999990463257
hc2,search,motion_blur_5,order2,2,27,episodic,0.47101919057865704,0.8022813688212928,0.5819304091422034,0.5975936387192605,-0.12657444814060348,0.03996978001897733,0.0030948418895015983,10,0.15787890553474426
hc2,search,motion_blur_5,order2,2,27,online100,0.4614592695582774,0.8022813688212928,0.569574259806059,0.5986106950410026,-0.13715142548272524,0.011251952969949297,-0.014343030895871078,10,0.1490960419178009
hc2,search,motion_blur_5,order2,3,22,episodic,0.08750792006976044,0.22084367245657568,0.488047402180416,0.06256619359759444,0.024941726472165998,-0.026256125351797666,-0.0164244441174759,10,0.21250122785568237
hc2,search,motion_blur_5,order2,3,22,online100,0.08246457189987016,0.22084367245657568,0.46257978463549587,0.0646351911774635,0.017829380722406668,-0.03400974463404882,-0.018395667106245517,10,0.22433406114578247
hc2,search,motion_blur_5,order2,4,23,episodic,0.23279174793357113,0.8074534161490683,0.28719901469199194,0.1114154584422522,0.12137628949131893,-0.14567874942883402,-0.17203688280288815,10,0.5475302040576935
hc2,search,motion_blur_5,order2,4,23,online100,0.22614740856056517,0.8074534161490683,0.2790017837413869,0.1157919905803623,0.11035541798020287,-0.1393519694417436,-0.16729063092920143,10,0.5380381494760513
hc2,search,motion_blur_5,order2,5,26,episodic,0.17836942075330633,0.40476190476190477,0.44273002218035007,0.19255134920687436,-0.014181928453568027,-0.1668285888365194,-0.3217265308905642,10,0.30411243438720703
hc2,search,motion_blur_5,order2,5,26,online100,0.21675292530411222,0.40476190476190477,0.5377456305707862,0.19117847297450957,0.025574452329602648,0.07271095216320234,-0.02311878896089381,8,0.1370806097984314
hc2,search,motion_blur_5,order2,6,15,episodic,0.054855268429739694,0.28044280442804426,0.18124501743663127,0.06826765752160936,-0.013412389091869668,0.1237852977563425,0.10401698236479118,8,0.10403138399124146
hc2,search,motion_blur_5,order2,6,15,online100,0.04671747403649646,0.28044280442804426,0.15556931249619604,0.06976984945932105,-0.023052375422824588,-0.0038494626677507138,0.01915196921298945,9,0.050729185342788696
hc2,search,motion_blur_5,order2,7,12,episodic,0.5468885037028612,0.8191489361702128,0.6485218189073444,0.47026070306028595,0.0766278006425753,-0.04462923265703522,0.15791308535298365,6,0.18081599473953247
hc2,search,motion_blur_5,order2,7,12,online100,0.5365143946048253,0.8191489361702128,0.6371925508122328,0.48547808954060223,0.051036305064223075,-0.07451267158688768,0.1559406110841196,5,0.15581893920898438
hc2,search,motion_blur_5,order2,8,5,episodic,0.30338542238995175,0.46996466431095407,0.6458030863518773,0.23137887011671118,0.07200655227324057,0.0018860833415049738,0.01275169561640288,9,0.18259143829345703
hc2,search,motion_blur_5,order2,8,5,online100,0.3026006672052564,0.46996466431095407,0.6438381526016536,0.25038096660815823,0.052219700597098184,-0.060075848624363104,-0.05851699770760821,8,0.11858779191970825
hc2,search,motion_blur_5,order2,9,17,episodic,0.27707911843933675,0.4533678756476684,0.6108014821902183,0.28336488401010496,-0.006285765570768209,-0.09867004554292347,-0.06336358853367119,8,0.2368479073047638
hc2,search,motion_blur_5,order2,9,17,online100,0.2798967056902281,0.4533678756476684,0.6170112583904545,0.3068657351764852,-0.026969029486257068,-0.13277789316781163,-0.08479767543791639,9,0.22427746653556824
hc2,search,motion_blur_5,order2,10,11,episodic,0.25183767413277025,0.6794520547945205,0.3623637976922663,0.19496170002404561,0.056875974108724636,0.1571384375530086,0.13419738899006717,10,0.2263515591621399
hc2,search,motion_blur_5,order2,10,11,online100,0.23117216129968238,0.6794520547945205,0.3344881068067987,0.22110615356383714,0.010066007735845234,0.04893719018806353,0.03595925966541391,10,0.17807865142822266
hc2,search,motion_blur_5,order2,11,3,episodic,0.26101602490004483,0.5028901734104047,0.5171748905230156,0.22051441683942713,0.0405016080606177,0.08386791150106288,0.13467699141870682,10,0.12752220034599304
hc2,search,motion_blur_5,order2,11,3,online100,0.25902201807718217,0.5028901734104047,0.5132808305305557,0.24228525944673315,0.016736758630449017,0.03148890951694172,0.07177534811572961,10,0.10597965121269226
hc2,search,motion_blur_5,order2,12,1,episodic,0.4703050098333268,0.6735537190082644,0.7100389311518682,0.3784774790579939,0.0918275307753329,0.3669140720706575,0.26677008493827203,10,0.2307189702987671
hc2,search,motion_blur_5,order2,12,1,online100,0.4790046974006492,0.6735537190082644,0.7240614893662818,0.39523764967290564,0.08376704772774357,0.33479376639732605,0.21815730600585137,10,0.20266234874725342
hc2,search,motion_blur_5,order2,13,9,episodic,0.0,0.0,0.5070995968083819,0.0,0.0,-0.10616148768188916,-0.0928760495556551,10,0.18090450763702393
hc2,search,motion_blur_5,order2,13,9,online100,0.0,0.0,0.5223901806706883,0.0,0.0,-0.11858963590761107,-0.07242269885815622,10,0.1772627830505371
hc2,search,motion_blur_5,order2,14,14,episodic,0.6547762066413152,0.7928994082840237,0.8256445703300357,0.5335559663902151,0.12122024025110012,0.19050207346657666,0.053956454750879734,7,0.2680826783180237
hc2,search,motion_blur_5,order2,14,14,online100,0.6382895264097928,0.7928994082840237,0.805038631423577,0.5968678548267071,0.04142167158308563,0.10062249245800603,-0.01872257487413298,7,0.18129050731658936
hc2,search,motion_blur_5,order2,15,31,episodic,0.5688000966838698,0.7741228070175439,0.7363395015708095,0.47552294030972464,0.09327715637414513,-0.17257222496114732,-0.16004527974750848,10,0.2147371768951416
hc2,search,motion_blur_5,order2,15,31,online100,0.529080251253117,0.7741228070175439,0.6817289071469199,0.5475868575080188,-0.01850660625490186,-0.3086110688888404,-0.3031850346863394,10,0.1932213306427002
hc2,search,motion_blur_5,order2,16,20,episodic,0.46915258339809646,0.890295358649789,0.5267961418428594,0.5374650278117468,-0.06831244441365031,0.23492227052807269,0.08489288482401258,8,0.3420256972312927
hc2,search,motion_blur_5,order2,16,20,online100,0.4865473494143488,0.890295358649789,0.5465601169754194,0.6255331711120761,-0.13898582169772727,0.022863860058367047,-0.020606326215135917,5,0.2472659945487976
hc2,search,motion_blur_5,order2,17,0,episodic,0.30739821190252675,0.3778801843317972,0.743765544545588,0.15379030158459384,0.15360791031793292,-0.29633128757024496,-0.34706199383274217,10,0.20483499765396118
hc2,search,motion_blur_5,order2,17,0,online100,0.3237268803467933,0.3778801843317972,0.7732420707234955,0.22465810305192108,0.09906877729487223,-0.3470260455598079,-0.28644211292137695,9,0.07971477508544922
hc2,search,motion_blur_5,order2,18,24,episodic,0.03476089385278196,0.342911877394636,0.2407468533489947,0.14051836775590865,-0.10575747390312669,-0.49047695156609306,-0.3548244806119625,10,0.7544437199831009
hc2,search,motion_blur_5,order2,18,24,online100,0.03481618545591781,0.342911877394636,0.24000482372133305,0.14727011851201743,-0.11245393305609963,-0.5285954765641027,-0.40795868661975443,7,0.7299635112285614
hc2,search,motion_blur_5,order2,19,6,episodic,0.3781678423544265,0.6896551724137931,0.5475275326676052,0.29156761926792574,0.08660022308650078,0.17125995901973257,0.11978564402522529,9,0.2803347706794739
hc2,search,motion_blur_5,order2,19,6,online100,0.3719285816042041,0.6896551724137931,0.5389197706278998,0.3379681822194766,0.0339603993847275,0.04427863092846607,0.0329623848072792,10,0.18744227290153503
hc2,search,motion_blur_5,order2,20,4,episodic,0.0,0.0,0.5113909985028301,0.0,0.0,0.010251269181874134,-0.028074894014241125,10,0.1515486240386963
hc2,search,motion_blur_5,order2,20,4,online100,0.0,0.0,0.559512292690538,0.0,0.0,-0.0830016599687865,-0.08560811405787194,10,0.10318946838378906
hc2,search,motion_blur_5,order2,21,28,episodic,0.5144386638184492,0.6243093922651933,0.8167841943082396,0.4464546941761277,0.06798396964232145,-0.049884984552543976,-0.0447748776474679,8,0.18930494785308838
hc2,search,motion_blur_5,order2,21,28,online100,0.5442161401835942,0.6243093922651933,0.864062468186233,0.5110502105990344,0.03316592958455977,-0.04280606712629109,-0.05469169398058715,6,0.12985533475875854
hc2,search,motion_blur_5,order2,22,30,episodic,0.6089936468152091,0.7861271676300579,0.7753503522850141,0.5670075434669042,0.04198610334830488,0.026100286311939724,0.06015639399312178,9,0.05644837021827698
hc2,search,motion_blur_5,order2,22,30,online100,0.6179629229471524,0.7861271676300579,0.7870071890192459,0.6027498081478736,0.015213114799278782,0.016152516231109693,0.06548246546165137,2,0.03858819603919983
hc2,search,motion_blur_5,order2,23,25,episodic,0.26316394293378015,0.6883116883116883,0.33878286543778424,0.24486874115552204,0.018295201778258108,0.08127117545642648,0.028427488615355156,10,0.2766932249069214
hc2,search,motion_blur_5,order2,23,25,online100,0.254868244350095,0.6883116883116883,0.3230261729569155,0.254868244350095,0.0,0.0,0.0,0,0.0
hc2,search,motion_blur_5,order2,24,29,episodic,0.214423626011784,0.37919463087248323,0.5637142458277897,0.178816318555371,0.035607307456412995,-0.26702993730383845,-0.30459126374082035,9,0.30984875559806824
hc2,search,motion_blur_5,order2,24,29,online100,0.21729174191091957,0.37919463087248323,0.5710034483817941,0.19443125213549523,0.022860489775424347,-0.3079620587025859,-0.3955178972196493,10,0.26278382539749146
hc2,search,motion_blur_5,order2,25,21,episodic,0.6820039393199288,0.8664688427299704,0.7884229502585491,0.5741949806821354,0.10780895863779338,0.08462687732292329,0.08187407949571568,10,0.1624545454978943
hc2,search,motion_blur_5,order2,25,21,online100,0.6771211293715146,0.8664688427299704,0.7875199772578506,0.6425564428020533,0.03456468656946132,-0.0422792059994781,-0.06745364807866328,10,0.10178500413894653
hc2,search,motion_blur_5,order2,26,19,episodic,0.1811539992977759,0.8582375478927203,0.2278962302793787,0.1811539992977759,0.0,0.0,0.0,0,0.0
hc2,search,motion_blur_5,order2,26,19,online100,0.23416073050651462,0.8582375478927203,0.2870170772341712,0.23416073050651462,0.0,0.0,0.0,0,0.0
hc2,search,motion_blur_5,order2,27,18,episodic,0.21690224092301566,0.27298850574712646,0.8200377039473595,0.17486827905916555,0.04203396186385011,0.16740619777718901,0.15798706891429692,9,0.20384132862091064
hc2,search,motion_blur_5,order2,27,18,online100,0.21943362340917838,0.27298850574712646,0.8237943075381501,0.19036223457335952,0.029071388835818862,0.023317441419500096,0.004231374491168949,9,0.14599335193634033
hc2,search,motion_blur_5,order2,28,8,episodic,0.6784758281530889,0.7988338192419825,0.8390355470077155,0.6931464695499765,-0.014670641396887563,-0.04019580915054377,-0.02747762246504204,10,0.1416221261024475
hc2,search,motion_blur_5,order2,28,8,online100,0.6920173011530042,0.7988338192419825,0.8553173110984116,0.7051693857794411,-0.01315208462643691,0.017265004234345294,-0.05689849052182172,10,0.0812453031539917
hc2,search,motion_blur_5,order2,29,7,episodic,0.7345379030912351,0.9619883040935673,0.7590423673466306,0.6387346132144243,0.09580328987681086,0.014478503669291487,0.022703271877453357,5,0.11250126361846924
hc2,search,motion_blur_5,order2,29,7,online100,0.6722374316104999,0.9619883040935673,0.6926285429748655,0.7259560486224634,-0.053718617011963565,-0.009682943633365304,-0.0713709211018706,9,0.08129370212554932
hc2,search,motion_blur_5,order2,30,10,episodic,0.2849564456331653,0.3598326359832636,0.7807377629691381,0.27321372874420286,0.011742716888962446,0.09553494465689727,0.05884334923324108,10,0.2245478630065918
hc2,search,motion_blur_5,order2,30,10,online100,0.29752259644697393,0.3598326359832636,0.8116863973582218,0.2974619932650144,6.0603181959550945e-05,0.027463200434417523,-0.01661911491620205,10,0.12330996990203857
hc2,search,motion_blur_5,order2,31,13,episodic,0.4678681595544976,0.5476190476190477,0.8552037948926816,0.33237661859008233,0.1354915409644153,0.11749929551075489,0.10004691123476384,9,0.22527343034744263
hc2,search,motion_blur_5,order2,31,13,online100,0.466332160044317,0.5476190476190477,0.8521721411013153,0.3950658969586203,0.07126626308569667,0.032018451303531426,0.01886641611667783,10,0.1345764398574829
hc2,search,occlusion_5,order1,0,2,episodic,0.23554895768806364,0.31100478468899523,0.671211170543227,0.15153262670837478,0.08401633097968886,0.010572313499838448,-0.04265481109407304,10,0.2724670171737671
hc2,search,occlusion_5,order1,0,2,online100,0.23554895768806364,0.31100478468899523,0.671211170543227,0.15153262670837478,0.08401633097968886,0.010572313499838448,-0.04265481109407304,10,0.2724670171737671
hc2,search,occlusion_5,order1,1,0,episodic,0.3128658423946673,0.3778801843317972,0.7563412467625341,0.15777221219501072,0.15509363019965658,-0.21510249976444365,-0.3042285986385237,10,0.18429431319236755
hc2,search,occlusion_5,order1,1,0,online100,0.3259642576970714,0.3778801843317972,0.7998666538859927,0.15436207343400682,0.17160218426306456,-0.23524179185011027,-0.32420212976612583,10,0.18999987840652466
hc2,search,occlusion_5,order1,2,25,episodic,0.26062066341811085,0.6883116883116883,0.3386720908727658,0.24612730724705661,0.014493356171054239,0.13045574046456881,0.07258575889530239,10,0.25523918867111206
hc2,search,occlusion_5,order1,2,25,online100,0.2823444525411501,0.6883116883116883,0.35012338807009086,0.2548930815566092,0.027451370984540868,-0.05350551563548639,-0.08332564987629199,10,0.002821594476699829
hc2,search,occlusion_5,order1,3,22,episodic,0.06611290326739239,0.24316939890710382,0.4098891557483612,0.05534890741233835,0.01076399585505404,-0.005882015364751192,-0.0019109919396140818,10,0.2391871213912964
hc2,search,occlusion_5,order1,3,22,online100,0.058105054174991226,0.24316939890710382,0.37260553187638956,0.05718031974907339,0.0009247344259178392,-0.03200950289528415,-0.04140668561326177,9,0.2567010521888733
hc2,search,occlusion_5,order1,4,27,episodic,0.38885172563157194,0.8022813688212928,0.4763079139228993,0.6184139031532834,-0.22956217752171143,0.026434918969891252,0.011613430702651972,10,0.13947156071662903
hc2,search,occlusion_5,order1,4,27,online100,0.4175829846991942,0.8022813688212928,0.5130312322708261,0.6207045983070676,-0.2031216136078734,0.03752938563915498,0.012422129587404185,10,0.13839837908744812
hc2,search,occlusion_5,order1,5,31,episodic,0.6101518400127715,0.8092105263157895,0.7481519935603127,0.49138232476755755,0.1187695152452139,0.022898481098883483,0.06367807330110664,10,0.2264654040336609
hc2,search,occlusion_5,order1,5,31,online100,0.6145963020591783,0.8092105263157895,0.7549244558160159,0.5094153129974504,0.1051809890617279,0.053808644702461716,0.07938724798588892,10,0.2201080322265625
hc2,search,occlusion_5,order1,6,11,episodic,0.26275240993784693,0.7013698630136986,0.36934243457795085,0.2035849768969415,0.05916743304090544,0.07868834201350483,0.06658266216102982,5,0.20277070999145508
hc2,search,occlusion_5,order1,6,11,online100,0.2828911842145567,0.7013698630136986,0.39779278138470625,0.22308089553055183,0.0598102886840049,0.1300862272090635,0.1092702043526359,10,0.13844692707061768
hc2,search,occlusion_5,order1,7,30,episodic,0.6074149353639288,0.7861271676300579,0.7733775044751824,0.5665875626150948,0.04082737274883397,0.00804766256681344,-0.0038753074354905825,10,0.049071937799453735
hc2,search,occlusion_5,order1,7,30,online100,0.622323263664236,0.7861271676300579,0.7920088841990689,0.5635271835910487,0.05879608007318726,0.03135749379021047,0.02621068869219556,10,0.03447312116622925
hc2,search,occlusion_5,order1,8,26,episodic,0.19785749037213002,0.4180327868852459,0.4753544218475832,0.20313471904731228,-0.005277228675182266,-0.21299969507452793,-0.34500244976894273,8,0.262043833732605
hc2,search,occlusion_5,order1,8,26,online100,0.20524641085682957,0.4180327868852459,0.49334322447454615,0.21873181944411074,-0.013485408587281172,-0.23968856258016236,-0.3645602505470444,10,0.23887526988983154
hc2,search,occlusion_5,order1,9,24,episodic,0.03356206443954863,0.342911877394636,0.230947878020078,0.14597503598165526,-0.11241297154210664,-0.49809238565736835,-0.37383964913116874,10,0.7608766406774521
hc2,search,occlusion_5,order1,9,24,online100,0.035622735647334286,0.342911877394636,0.23609735144155403,0.15229620469003288,-0.1166734690426986,-0.49230731907766967,-0.3675594044996668,9,0.7448776662349701
hc2,search,occlusion_5,order1,10,19,episodic,0.00015700450831697277,0.8327137546468402,0.0005303420158796032,0.04428525519690245,-0.044128250688585474,-0.08814076728735458,-0.0452953378688698,9,0.14509934186935425
hc2,search,occlusion_5,order1,10,19,online100,0.00013088674816084733,0.8327137546468402,0.0005785969810983333,0.0468984114349523,-0.04676752468679145,-0.09120876477590528,-0.06068047550808314,8,0.07893013954162598
hc2,search,occlusion_5,order1,11,13,episodic,0.46800658791078187,0.5476190476190477,0.854854677924702,0.332569742114565,0.13543684579621684,0.12513777345412436,0.1034575882809593,10,0.22829782962799072
hc2,search,occlusion_5,order1,11,13,online100,0.4654248929856919,0.5476190476190477,0.8507529035143353,0.34174274490613527,0.12368214807955663,0.07610995753468663,0.04568918543372624,10,0.23125222325325012
hc2,search,occlusion_5,order1,12,14,episodic,0.6410865451665777,0.788235294117647,0.814277877168539,0.5186419724879302,0.1224445726786475,0.2268232529743296,0.07534168724054813,7,0.2510167956352234
hc2,search,occlusion_5,order1,12,14,online100,0.6336549824344204,0.788235294117647,0.8051107098610543,0.5567692494847067,0.07688573294971368,0.18586817176891246,0.030573533118319007,8,0.1965092420578003
hc2,search,occlusion_5,order1,13,16,episodic,0.2261948038105187,0.35904255319148937,0.616117885448276,0.16546849710802855,0.06072630670249016,0.24359023782281863,0.3075750781753004,10,0.25649696588516235
hc2,search,occlusion_5,order1,13,16,online100,0.22402247216662047,0.35904255319148937,0.6163665200834324,0.1804659270129328,0.043556545153687676,0.1816893740868658,0.24474899912187692,10,0.21277683973312378
hc2,search,occlusion_5,order1,14,17,episodic,0.2770555623962222,0.4533678756476684,0.6107504760565164,0.2833746513145709,-0.006319088918348703,-0.1000592590636522,-0.059568545614584356,8,0.23718079924583435
hc2,search,occlusion_5,order1,14,17,online100,0.28092413337441435,0.4533678756476684,0.6192107383208726,0.309501401935218,-0.02857726856080367,-0.12131985554386149,-0.06747386931884058,8,0.2102871537208557
hc2,search,occlusion_5,order1,15,23,episodic,0.20264382395145386,0.8074534161490683,0.25000502418531856,0.10712628830315347,0.09551753564830039,-0.25645874170678634,-0.27643391673502254,10,0.3820565938949585
hc2,search,occlusion_5,order1,15,23,online100,0.20900477897782388,0.8074534161490683,0.2578526391986946,0.12300267533531221,0.08600210364251167,-0.330648915387887,-0.3169360662726943,10,0.34082555770874023
hc2,search,occlusion_5,order1,16,29,episodic,0.1978444680329465,0.4232209737827715,0.4665199281810708,0.19550266218206017,0.002341805850886336,-0.30396258498870793,-0.288120057441237,10,0.36313575506210327
hc2,search,occlusion_5,order1,16,29,online100,0.20369164163524894,0.4232209737827715,0.4807520833805641,0.21284900764221776,-0.009157366006968815,-0.35054587809438953,-0.37749661066200146,10,0.29590871930122375
hc2,search,occlusion_5,order1,17,9,episodic,0.0,0.0,0.5089950286168887,0.0,0.0,-0.10866837955683972,-0.12092272271642623,10,0.1810668706893921
hc2,search,occlusion_5,order1,17,9,online100,0.0,0.0,0.5332292694236422,0.0,0.0,-0.1881455110050505,-0.14056065756656944,10,0.15626001358032227
hc2,search,occlusion_5,order1,18,5,episodic,0.3015730327373805,0.46996466431095407,0.6420003103795505,0.2314257467303915,0.070147286006989,0.0015045078693929348,0.011798154571615926,9,0.1857311725616455
hc2,search,occlusion_5,order1,18,5,online100,0.3143643063665984,0.46996466431095407,0.6690520605735026,0.26952322624319197,0.04484108012340643,-0.03291687402160859,-0.042652479110974806,10,0.0745992660522461
hc2,search,occlusion_5,order1,19,8,episodic,0.7279150455548347,0.8688046647230321,0.8366005645049308,0.7404155000224335,-0.012500454467598843,-0.022326076927790317,-0.027710003591223442,9,0.15169364213943481
hc2,search,occlusion_5,order1,19,8,online100,0.7414543627164346,0.8688046647230321,0.8528322371859969,0.7727185660901023,-0.03126420337366764,-0.008500317953504588,-0.041652046435351364,10,0.0964658260345459
hc2,search,occlusion_5,order1,20,28,episodic,0.5125625572696403,0.5978835978835979,0.8497747659996668,0.4265669267458895,0.08599563052375081,-0.009092504734425022,-0.005080563079461253,8,0.224847674369812
hc2,search,occlusion_5,order1,20,28,online100,0.5166786614941806,0.5978835978835979,0.8565988335298258,0.4913044194130747,0.025374242081105947,-0.010424228540476865,-0.02809542949386501,4,0.09363490343093872
hc2,search,occlusion_5,order1,21,10,episodic,0.2905005464190026,0.3598326359832636,0.7948386490902926,0.27333346800086294,0.017167078418139636,0.07793706726740512,0.04057720467189685,10,0.22605812549591064
hc2,search,occlusion_5,order1,21,10,online100,0.29555515092921136,0.3598326359832636,0.8088868890772772,0.2952318380331368,0.0003233128960745679,0.04427336783785685,-0.0027207507024258337,8,0.13847434520721436
hc2,search,occlusion_5,order1,22,21,episodic,0.6563104347743939,0.9244712990936556,0.7175022956009788,0.6171355664331404,0.0391748683412535,-0.124846251589814,-0.09709214469222116,10,0.13194245100021362
hc2,search,occlusion_5,order1,22,21,online100,0.6261869525766971,0.9244712990936556,0.6856941325137305,0.6816440920208945,-0.05545713944419739,-0.2911450725838216,-0.2539998613462625,9,0.14569759368896484
hc2,search,occlusion_5,order1,23,20,episodic,0.469195511303391,0.890295358649789,0.526841896727779,0.5375299034006488,-0.06833439209725778,0.2347536002556716,0.06445932946102084,8,0.34228795766830444
hc2,search,occlusion_5,order1,23,20,online100,0.4929552226694591,0.890295358649789,0.5538622813837332,0.6147845231685585,-0.12182930049909935,-0.07292010471875054,-0.0653177263640291,10,0.2075868844985962
hc2,search,occlusion_5,order1,24,1,episodic,0.4703104109466876,0.6735537190082644,0.7100219265334922,0.3784743595392145,0.09183605140747308,0.36720991782082635,0.2612791748571639,10,0.23041850328445435
hc2,search,occlusion_5,order1,24,1,online100,0.4782774429830734,0.6735537190082644,0.7230066827415758,0.4034293426013321,0.07484810038174128,0.30685764974654606,0.18566231987889903,10,0.1887490153312683
hc2,search,occlusion_5,order1,25,7,episodic,0.6909656927859831,0.9824561403508771,0.6989370242793783,0.6496879889964025,0.04127770378958062,0.021491758517114268,-0.015013570904244378,10,0.034257978200912476
hc2,search,occlusion_5,order1,25,7,online100,0.3390530348751484,0.9824561403508771,0.343040721873298,0.7326311811310572,-0.3935781462559088,-0.36515367100244805,-0.3228646009468318,10,0.24249660968780518
hc2,search,occlusion_5,order1,26,12,episodic,0.5486238483041316,0.8191489361702128,0.6498193241932383,0.4702831555410465,0.07834069276308508,-0.0499422508209042,0.21377482749321958,7,0.18053799867630005
hc2,search,occlusion_5,order1,26,12,online100,0.5201180814061791,0.8191489361702128,0.6209710660134422,0.5084312691487337,0.01168681225744539,-0.10370540517990012,0.18457279645776165,9,0.13036352396011353
hc2,search,occlusion_5,order1,27,18,episodic,0.26400200979248134,0.3390804597701149,0.7928690432437188,0.21436082489989394,0.0496411848925874,0.19469460893417745,0.17685279324139858,10,0.23266065120697021
hc2,search,occlusion_5,order1,27,18,online100,0.27956636839664745,0.3390804597701149,0.8352102148614207,0.24547141821533516,0.034094950181312283,0.022994671836737646,0.018138551972621375,8,0.1261768937110901
hc2,search,occlusion_5,order1,28,3,episodic,0.2609676578632438,0.5028901734104047,0.5170728620166771,0.22040757690862256,0.040560080954621214,0.08430892126538614,0.14748902042021483,10,0.12722352147102356
hc2,search,occlusion_5,order1,28,3,online100,0.24771077499672556,0.5028901734104047,0.49033815518366713,0.25242272992057885,-0.00471195492385329,0.011240594055443531,0.04872032935157722,10,0.09420189261436462
hc2,search,occlusion_5,order1,29,6,episodic,0.37835298914583965,0.6896551724137931,0.547794277098939,0.2916823440937887,0.08667064505205097,0.17090490767232214,0.11613517976098231,9,0.2803349494934082
hc2,search,occlusion_5,order1,29,6,online100,0.3917574899482004,0.6896551724137931,0.5672871315226645,0.34077882088427813,0.05097866906392229,0.014956549718805223,0.021530947541522627,10,0.218764990568161
hc2,search,occlusion_5,order1,30,15,episodic,0.055217354234191225,0.28044280442804426,0.1822706369888472,0.06828380570412668,-0.013066451469935451,0.12103857142542307,0.10428340110316181,8,0.10453930497169495
hc2,search,occlusion_5,order1,30,15,online100,0.058008126629698245,0.28044280442804426,0.1909318676697558,0.06767715435433011,-0.009669027724631865,0.03209938245339122,0.019000623241090087,10,0.07456138730049133
hc2,search,occlusion_5,order1,31,4,episodic,0.0,0.0,0.5752065217691823,0.0,0.0,0.11011877227584488,0.10069892208580655,10,0.23640435934066772
hc2,search,occlusion_5,order1,31,4,online100,0.0,0.0,0.5657853987995755,0.0,0.0,-0.022198345157732113,0.01959037190521573,7,0.09409874677658081
hc2,search,occlusion_5,order2,0,16,episodic,0.2261948038105187,0.35904255319148937,0.616117885448276,0.16546849710802855,0.06072630670249016,0.24359023782281863,0.3075750781753004,10,0.25649696588516235
hc2,search,occlusion_5,order2,0,16,online100,0.2261948038105187,0.35904255319148937,0.616117885448276,0.16546849710802855,0.06072630670249016,0.24359023782281863,0.3075750781753004,10,0.25649696588516235
hc2,search,occlusion_5,order2,1,2,episodic,0.23554895768806364,0.31100478468899523,0.671211170543227,0.15153262670837478,0.08401633097968886,0.010572313499838448,-0.04265481109407304,10,0.2724670171737671
hc2,search,occlusion_5,order2,1,2,online100,0.23769897043665777,0.31100478468899523,0.6782300287142852,0.1554554666370919,0.08224350379956588,0.010586113019679044,-0.03735789783923954,10,0.2942230701446533
hc2,search,occlusion_5,order2,2,27,episodic,0.38885172563157194,0.8022813688212928,0.4763079139228993,0.6184139031532834,-0.22956217752171143,0.026434918969891252,0.011613430702651972,10,0.13947156071662903
hc2,search,occlusion_5,order2,2,27,online100,0.38077001486180057,0.8022813688212928,0.46587640323126817,0.6217044931807514,-0.24093447831895082,0.04455201023131006,0.02827986283994155,10,0.13731271028518677
hc2,search,occlusion_5,order2,3,22,episodic,0.06611290326739239,0.24316939890710382,0.4098891557483612,0.05534890741233835,0.01076399585505404,-0.005882015364751192,-0.0019109919396140818,10,0.2391871213912964
hc2,search,occlusion_5,order2,3,22,online100,0.05750292955980257,0.24316939890710382,0.3682467541197921,0.0586703023291143,-0.0011673727693117322,-0.04244133561982788,-0.05536395976486508,10,0.24462425708770752
hc2,search,occlusion_5,order2,4,23,episodic,0.20264382395145386,0.8074534161490683,0.25000502418531856,0.10712628830315347,0.09551753564830039,-0.25645874170678634,-0.27643391673502254,10,0.3820565938949585
hc2,search,occlusion_5,order2,4,23,online100,0.20232928774758147,0.8074534161490683,0.2496169756885871,0.11393483897813075,0.08839444876945071,-0.2897086355112914,-0.2814828009801748,10,0.3549877107143402
hc2,search,occlusion_5,order2,5,26,episodic,0.19785749037213002,0.4180327868852459,0.4753544218475832,0.20313471904731228,-0.005277228675182266,-0.21299969507452793,-0.34500244976894273,8,0.262043833732605
hc2,search,occlusion_5,order2,5,26,online100,0.1890118806105439,0.4180327868852459,0.4537507026569471,0.2103384572083648,-0.021326576597820918,-0.24874107864969985,-0.3882304396334205,8,0.22759786248207092
hc2,search,occlusion_5,order2,6,15,episodic,0.055217354234191225,0.28044280442804426,0.1822706369888472,0.06828380570412668,-0.013066451469935451,0.12103857142542307,0.10428340110316181,8,0.10453930497169495
hc2,search,occlusion_5,order2,6,15,online100,0.04892378228968134,0.28044280442804426,0.16098884300422062,0.06937143881385814,-0.0204476565241768,-0.009580858424695471,0.0033159724314707484,10,0.04350188374519348
hc2,search,occlusion_5,order2,7,12,episodic,0.5486238483041316,0.8191489361702128,0.6498193241932383,0.4702831555410465,0.07834069276308508,-0.0499422508209042,0.21377482749321958,7,0.18053799867630005
hc2,search,occlusion_5,order2,7,12,online100,0.5335827811633975,0.8191489361702128,0.6333988681057264,0.48434796894675675,0.04923481221664078,-0.07283619813109687,0.195127123174348,5,0.1616957187652588
hc2,search,occlusion_5,order2,8,5,episodic,0.3015730327373805,0.46996466431095407,0.6420003103795505,0.2314257467303915,0.070147286006989,0.0015045078693929348,0.011798154571615926,9,0.1857311725616455
hc2,search,occlusion_5,order2,8,5,online100,0.308849031271644,0.46996466431095407,0.657021454799907,0.25189828926708596,0.05695074200455802,-0.06290490968024198,-0.05965735135152994,7,0.10810941457748413
hc2,search,occlusion_5,order2,9,17,episodic,0.2770555623962222,0.4533678756476684,0.6107504760565164,0.2833746513145709,-0.006319088918348703,-0.1000592590636522,-0.059568545614584356,8,0.23718079924583435
hc2,search,occlusion_5,order2,9,17,online100,0.27356845915612105,0.4533678756476684,0.6030446806190108,0.30368743068730525,-0.030118971531184202,-0.17072452316638498,-0.12453205541325796,10,0.22280967235565186
hc2,search,occlusion_5,order2,10,11,episodic,0.26275240993784693,0.7013698630136986,0.36934243457795085,0.2035849768969415,0.05916743304090544,0.07868834201350483,0.06658266216102982,5,0.20277070999145508
hc2,search,occlusion_5,order2,10,11,online100,0.26736339803291165,0.7013698630136986,0.37634637789370834,0.2347804558578322,0.032582942175079455,0.04129950561146378,0.02889555572838287,10,0.18080294132232666
hc2,search,occlusion_5,order2,11,3,episodic,0.2609676578632438,0.5028901734104047,0.5170728620166771,0.22040757690862256,0.040560080954621214,0.08430892126538614,0.14748902042021483,10,0.12722352147102356
hc2,search,occlusion_5,order2,11,3,online100,0.219783566205159,0.5028901734104047,0.43545945621719206,0.24149916777873673,-0.021715601573577742,0.06461300251078139,0.09481710828083867,10,0.08398979902267456
hc2,search,occlusion_5,order2,12,1,episodic,0.4703104109466876,0.6735537190082644,0.7100219265334922,0.3784743595392145,0.09183605140747308,0.36720991782082635,0.2612791748571639,10,0.23041850328445435
hc2,search,occlusion_5,order2,12,1,online100,0.4763353496033872,0.6735537190082644,0.7192603954715183,0.39644027491940004,0.07989507468398716,0.3471475216358386,0.21544458254819332,10,0.20743441581726074
hc2,search,occlusion_5,order2,13,9,episodic,0.0,0.0,0.5089950286168887,0.0,0.0,-0.10866837955683972,-0.12092272271642623,10,0.1810668706893921
hc2,search,occlusion_5,order2,13,9,online100,0.0,0.0,0.5285372894645537,0.0,0.0,-0.14295076775572468,-0.164018039952865,10,0.1884893774986267
hc2,search,occlusion_5,order2,14,14,episodic,0.6410865451665777,0.788235294117647,0.814277877168539,0.5186419724879302,0.1224445726786475,0.2268232529743296,0.07534168724054813,7,0.2510167956352234
hc2,search,occlusion_5,order2,14,14,online100,0.6339394721975109,0.788235294117647,0.8054307528765551,0.5818353726703717,0.052104099527139236,0.14750590643051076,0.0005051056092222339,10,0.17080777883529663
hc2,search,occlusion_5,order2,15,31,episodic,0.6101518400127715,0.8092105263157895,0.7481519935603127,0.49138232476755755,0.1187695152452139,0.022898481098883483,0.06367807330110664,10,0.2264654040336609
hc2,search,occlusion_5,order2,15,31,online100,0.637134972463469,0.8092105263157895,0.7815676647924623,0.5700630163766734,0.0670719560867955,0.045491870307375115,0.06269748520069163,10,0.15973961353302002
hc2,search,occlusion_5,order2,16,20,episodic,0.469195511303391,0.890295358649789,0.526841896727779,0.5375299034006488,-0.06833439209725778,0.2347536002556716,0.06445932946102084,8,0.34228795766830444
hc2,search,occlusion_5,order2,16,20,online100,0.48871317857469937,0.890295358649789,0.5492094983629605,0.6282797989333226,-0.13956662035862327,-0.10811625132673608,-0.08481417581920747,10,0.2494545578956604
hc2,search,occlusion_5,order2,17,0,episodic,0.3128658423946673,0.3778801843317972,0.7563412467625341,0.15777221219501072,0.15509363019965658,-0.21510249976444365,-0.3042285986385237,10,0.18429431319236755
hc2,search,occlusion_5,order2,17,0,online100,0.31897373395531553,0.3778801843317972,0.7619445020783618,0.2107279976860052,0.10824573626931033,-0.35290402983408176,-0.3710096683545191,10,0.08963888883590698
hc2,search,occlusion_5,order2,18,24,episodic,0.03356206443954863,0.342911877394636,0.230947878020078,0.14597503598165526,-0.11241297154210664,-0.49809238565736835,-0.37383964913116874,10,0.7608766406774521
hc2,search,occlusion_5,order2,18,24,online100,0.03655773120821738,0.342911877394636,0.23976200863244068,0.15683953430763542,-0.12028180309941805,-0.5143776677599239,-0.39869254764731565,8,0.7413802891969681
hc2,search,occlusion_5,order2,19,6,episodic,0.37835298914583965,0.6896551724137931,0.547794277098939,0.2916823440937887,0.08667064505205097,0.17090490767232214,0.11613517976098231,9,0.2803349494934082
hc2,search,occlusion_5,order2,19,6,online100,0.3972225562254848,0.6896551724137931,0.5753124313231719,0.34160993379341464,0.05561262243207016,0.09366342537271721,0.06750599871467011,9,0.2258656620979309
hc2,search,occlusion_5,order2,20,4,episodic,0.0,0.0,0.5752065217691823,0.0,0.0,0.11011877227584488,0.10069892208580655,10,0.23640435934066772
hc2,search,occlusion_5,order2,20,4,online100,0.0,0.0,0.5637136344346843,0.0,0.0,0.037286305797975206,0.0475051229635951,10,0.09351301193237305
hc2,search,occlusion_5,order2,21,28,episodic,0.5125625572696403,0.5978835978835979,0.8497747659996668,0.4265669267458895,0.08599563052375081,-0.009092504734425022,-0.005080563079461253,8,0.224847674369812
hc2,search,occlusion_5,order2,21,28,online100,0.5025924473739303,0.5978835978835979,0.8332453732778317,0.48417467554312377,0.018417771830806506,-0.028872316634193096,-0.022836620021762455,7,0.1158633828163147
hc2,search,occlusion_5,order2,22,30,episodic,0.6074149353639288,0.7861271676300579,0.7733775044751824,0.5665875626150948,0.04082737274883397,0.00804766256681344,-0.0038753074354905825,10,0.049071937799453735
hc2,search,occlusion_5,order2,22,30,online100,0.631735244564021,0.7861271676300579,0.8046672624970411,0.5940928394372855,0.037642405126735445,0.013713793136979402,0.08241415915399197,8,0.0376114547252655
hc2,search,occlusion_5,order2,23,25,episodic,0.26062066341811085,0.6883116883116883,0.3386720908727658,0.24612730724705661,0.014493356171054239,0.13045574046456881,0.07258575889530239,10,0.25523918867111206
hc2,search,occlusion_5,order2,23,25,online100,0.25857635728736444,0.6883116883116883,0.32334442980339734,0.25857635728736444,0.0,0.0,0.0,0,0.0
hc2,search,occlusion_5,order2,24,29,episodic,0.1978444680329465,0.4232209737827715,0.4665199281810708,0.19550266218206017,0.002341805850886336,-0.30396258498870793,-0.288120057441237,10,0.36313575506210327
hc2,search,occlusion_5,order2,24,29,online100,0.20482314227868284,0.4232209737827715,0.4831307425580883,0.2121702708112326,-0.007347128532549763,-0.3592325391309188,-0.3847256413616969,10,0.2787647545337677
hc2,search,occlusion_5,order2,25,21,episodic,0.6563104347743939,0.9244712990936556,0.7175022956009788,0.6171355664331404,0.0391748683412535,-0.124846251589814,-0.09709214469222116,10,0.13194245100021362
hc2,search,occlusion_5,order2,25,21,online100,0.6657347092552579,0.9244712990936556,0.7258256497702459,0.6831001631394674,-0.017365453884209514,-0.26567881338804833,-0.23338178058457815,9,0.19193166494369507
hc2,search,occlusion_5,order2,26,19,episodic,0.00015700450831697277,0.8327137546468402,0.0005303420158796032,0.04428525519690245,-0.044128250688585474,-0.08814076728735458,-0.0452953378688698,9,0.14509934186935425
hc2,search,occlusion_5,order2,26,19,online100,0.05063871315101726,0.8327137546468402,0.08408806969892364,0.05063871315101726,0.0,0.0,0.0,0,0.0
hc2,search,occlusion_5,order2,27,18,episodic,0.26400200979248134,0.3390804597701149,0.7928690432437188,0.21436082489989394,0.0496411848925874,0.19469460893417745,0.17685279324139858,10,0.23266065120697021
hc2,search,occlusion_5,order2,27,18,online100,0.27769325420199076,0.3390804597701149,0.8278355605810642,0.2457634089286996,0.03192984527329115,0.052193195656632496,0.038070426289166126,10,0.14841830730438232
hc2,search,occlusion_5,order2,28,8,episodic,0.7279150455548347,0.8688046647230321,0.8366005645049308,0.7404155000224335,-0.012500454467598843,-0.022326076927790317,-0.027710003591223442,9,0.15169364213943481
hc2,search,occlusion_5,order2,28,8,online100,0.7424327696025799,0.8688046647230321,0.8521178069108971,0.7568421972850038,-0.014409427682423925,0.00041230387449398,-0.05839611642019649,10,0.08841431140899658
hc2,search,occlusion_5,order2,29,7,episodic,0.6909656927859831,0.9824561403508771,0.6989370242793783,0.6496879889964025,0.04127770378958062,0.021491758517114268,-0.015013570904244378,10,0.034257978200912476
hc2,search,occlusion_5,order2,29,7,online100,0.4799555923498303,0.9824561403508771,0.4858526544905758,0.740966027499594,-0.26101043514976363,-0.2949785469095654,-0.29970074742065733,10,0.40454623103141785
hc2,search,occlusion_5,order2,30,10,episodic,0.2905005464190026,0.3598326359832636,0.7948386490902926,0.27333346800086294,0.017167078418139636,0.07793706726740512,0.04057720467189685,10,0.22605812549591064
hc2,search,occlusion_5,order2,30,10,online100,0.2940910929783598,0.3598326359832636,0.8030158803725234,0.2976580445258041,-0.003566951547444297,0.007211354976699225,-0.0313456801038281,8,0.10732084512710571
hc2,search,occlusion_5,order2,31,13,episodic,0.46800658791078187,0.5476190476190477,0.854854677924702,0.332569742114565,0.13543684579621684,0.12513777345412436,0.1034575882809593,10,0.22829782962799072
hc2,search,occlusion_5,order2,31,13,online100,0.4663432587298517,0.5476190476190477,0.8522025182693146,0.37879454062281875,0.08754871810703296,0.06400983847994435,0.038702569587111824,10,0.16297942399978638
hc2,search,exposure_5,order1,0,2,episodic,0.20037725577736293,0.2727272727272727,0.6440148837983387,0.13354719995744505,0.06683005581991788,0.05686766050280645,0.005500344492850084,10,0.24004411697387695
hc2,search,exposure_5,order1,0,2,online100,0.20037725577736293,0.2727272727272727,0.6440148837983387,0.13354719995744505,0.06683005581991788,0.05686766050280645,0.005500344492850084,10,0.24004411697387695
hc2,search,exposure_5,order1,1,0,episodic,0.25390078705403196,0.3778801843317972,0.667656137685485,0.13839778553542686,0.1155030015186051,-0.0488073953695935,-0.08454556535117952,10,0.2792756259441376
hc2,search,exposure_5,order1,1,0,online100,0.25181108172331435,0.3778801843317972,0.6638269394231197,0.1370239082159596,0.11478717350735473,-0.05269478816888579,-0.0975808195952329,10,0.2795916199684143
hc2,search,exposure_5,order1,2,25,episodic,0.3022182556993005,0.6883116883116883,0.3717588231347142,0.2464332457832445,0.055785009916056005,-0.060447173095865836,-0.08550654731226826,10,0.03943571448326111
hc2,search,exposure_5,order1,2,25,online100,0.25168345261080693,0.6883116883116883,0.33034662721123487,0.25837570279408884,-0.0066922501832819,-0.15344322916926734,-0.182448816825988,6,0.2205677628517151
hc2,search,exposure_5,order1,3,22,episodic,0.1046600626209824,0.24316939890710382,0.5172217207809299,0.06242772887501566,0.042232333745966744,-0.06927255841740576,-0.030596056208862632,10,0.23077642917633057
hc2,search,exposure_5,order1,3,22,online100,0.057729547288583205,0.24316939890710382,0.3803174584703269,0.06425499501293108,-0.006525447724347877,0.05802194476434619,0.012095209699411802,8,0.2227780818939209
hc2,search,exposure_5,order1,4,27,episodic,0.40766038573012814,0.8022813688212928,0.4994348997934269,0.617180859880252,-0.20952047415012381,0.027481307360056162,-0.017052786727575597,10,0.1660132110118866
hc2,search,exposure_5,order1,4,27,online100,0.4478232533134137,0.8022813688212928,0.5515870394623327,0.6308339006275494,-0.1830106473141357,0.06998105110212827,0.013889646982351844,10,0.16329437494277954
hc2,search,exposure_5,order1,5,31,episodic,0.6441566843865703,0.8092105263157895,0.7870678118840977,0.4937852715622707,0.15037141282429956,0.09839810200661359,0.05740280056565206,7,0.21303892135620117
hc2,search,exposure_5,order1,5,31,online100,0.66117463281148,0.8092105263157895,0.8097446068372023,0.5212830569538963,0.13989157585758372,0.10595153356039866,0.05788461071795725,9,0.19692939519882202
hc2,search,exposure_5,order1,6,11,episodic,0.33782597602987346,0.779874213836478,0.4252529222789075,0.23896749934076292,0.09885847668911055,0.14987144332714586,0.11750875312510844,5,0.315214067697525
hc2,search,exposure_5,order1,6,11,online100,0.346452258452117,0.779874213836478,0.43774011604812496,0.2590905848521762,0.08736167359994085,0.20600256047245424,0.1269004082712204,10,0.25623777508735657
hc2,search,exposure_5,order1,7,30,episodic,0.5580679619368663,0.723404255319149,0.7711388047507062,0.5217477160398859,0.03632024589698035,-0.42117574593175217,-0.5716500942797038,7,0.08724123239517212
hc2,search,exposure_5,order1,7,30,online100,0.5678030490765112,0.723404255319149,0.7848499208019685,0.5234920511630674,0.04431099791344384,-0.14921664471319696,-0.14746403382396778,8,0.08680576086044312
hc2,search,exposure_5,order1,8,26,episodic,0.3227732871421334,0.4473684210526316,0.7232046521481419,0.2105424168051434,0.11223087033698997,0.042222996653858424,-0.0069168586016861155,10,0.2988605797290802
hc2,search,exposure_5,order1,8,26,online100,0.32025532515352456,0.4473684210526316,0.7173308427481287,0.224441802776443,0.09581352237708157,-0.03169737972459108,-0.07646786253065696,10,0.2511526346206665
hc2,search,exposure_5,order1,9,24,episodic,0.19232262643255155,0.4521072796934866,0.44202992137944924,0.18633464495635527,0.00598798147619628,0.13879042924827067,0.16672218625659596,10,0.34790584444999695
hc2,search,exposure_5,order1,9,24,online100,0.18308091506038893,0.4521072796934866,0.4259035600356898,0.19574981212904424,-0.012668897068655316,0.08188982054036098,0.11247165012495375,9,0.3580895662307739
hc2,search,exposure_5,order1,10,19,episodic,0.00031721940878704874,0.8327137546468402,0.0007803137209213495,0.11511745789476395,-0.1148002384859769,-0.14834324756189182,-0.11507678283686795,10,0.4989626109600067
hc2,search,exposure_5,order1,10,19,online100,0.11299880889819343,0.8327137546468402,0.14884552052207417,0.11299880889819343,0.0,0.0,0.0,0,0.0
hc2,search,exposure_5,order1,11,13,episodic,0.46990408226121316,0.5476190476190477,0.8582392404274752,0.3325683645450803,0.13733571771613284,0.10497300630727002,0.0972224036451994,10,0.22816044092178345
hc2,search,exposure_5,order1,11,13,online100,0.4545686763759072,0.5476190476190477,0.8311632943843585,0.34348865399466727,0.11108002238123993,0.00982849655888085,0.005839732231331829,10,0.19132816791534424
hc2,search,exposure_5,order1,12,14,episodic,0.6015905251866319,0.708994708994709,0.8485575492014827,0.4744237585124018,0.1271667666742301,0.1488284491818258,0.0419073761569656,7,0.261452317237854
hc2,search,exposure_5,order1,12,14,online100,0.5880133212247397,0.708994708994709,0.8295962313230019,0.5290499553844457,0.058963365840294046,0.1657752887348245,0.031773919191539934,8,0.17359650135040283
hc2,search,exposure_5,order1,13,16,episodic,0.22627908674854164,0.35904255319148937,0.6171811459172262,0.16534931003450817,0.06092977671403346,0.2791288518207078,0.32789565222359507,10,0.26216089725494385
hc2,search,exposure_5,order1,13,16,online100,0.2211508132806766,0.35904255319148937,0.611213368015339,0.17823617910051834,0.042914634180158256,0.1553600205029304,0.18805024924103553,10,0.21326053142547607
hc2,search,exposure_5,order1,14,17,episodic,0.2770716601933848,0.4533678756476684,0.6107858726505738,0.28337168644486604,-0.006300026251481239,-0.09855172253002176,-0.06642392485857085,8,0.2373213768005371
hc2,search,exposure_5,order1,14,17,online100,0.28104628721219455,0.4533678756476684,0.6195720145470617,0.30763041522673357,-0.02658412801453902,-0.154306470435701,-0.11764561527420236,8,0.2141733169555664
hc2,search,exposure_5,order1,15,23,episodic,0.10319212169686469,0.5739514348785872,0.1791035675428341,0.0796019279905229,0.023590193706341786,0.036775496506935235,0.02706786588836696,5,0.33710572123527527
hc2,search,exposure_5,order1,15,23,online100,0.10276535867458651,0.5739514348785872,0.17836286390646625,0.0952450398349448,0.007520318839641715,-0.12204123018680924,-0.1215486364587417,8,0.30241990089416504
hc2,search,exposure_5,order1,16,29,episodic,0.1980125233926622,0.4232209737827715,0.46697978565734766,0.19520122497716288,0.0028112984154993192,-0.31495072512428807,-0.2984203461657717,10,0.36493539810180664
hc2,search,exposure_5,order1,16,29,online100,0.21147970530897617,0.4232209737827715,0.49801509568320107,0.20926338301691746,0.0022163222920587033,-0.1474969575736541,-0.1856543871767553,10,0.3774319887161255
hc2,search,exposure_5,order1,17,9,episodic,0.0,0.0,0.5416133648950033,0.0,0.0,-0.07621769716896354,-0.004004554393795878,10,0.17583942413330078
hc2,search,exposure_5,order1,17,9,online100,0.0,0.0,0.5536334942676949,0.0,0.0,-0.13837018608521134,-0.059716639901216007,9,0.17968988418579102
hc2,search,exposure_5,order1,18,5,episodic,0.30171255395581126,0.46996466431095407,0.6422955031238249,0.2314842297447186,0.07022832421109265,0.0010788044913581096,0.010103301959260569,9,0.18558508157730103
hc2,search,exposure_5,order1,18,5,online100,0.30906517847434606,0.46996466431095407,0.6576940629600042,0.26320567808684237,0.04585950038750369,-0.04122558623868522,-0.055913265530616485,9,0.08035564422607422
hc2,search,exposure_5,order1,19,8,episodic,0.6984001878215482,0.8250728862973761,0.8477547521871396,0.7043324253823068,-0.005932237560758558,-0.003733670590806981,0.04423306011177219,8,0.1696447730064392
hc2,search,exposure_5,order1,19,8,online100,0.7036438704048033,0.8250728862973761,0.8532060568620873,0.7186468883921961,-0.015003017987392897,-0.0023154095039678024,-0.0060201912951866055,7,0.13499408960342407
hc2,search,exposure_5,order1,20,28,episodic,0.4879421039149277,0.5736040609137056,0.843198197116147,0.40917948895100853,0.07876261496391918,-0.021041696501137186,-0.002284475222177784,10,0.20681804418563843
hc2,search,exposure_5,order1,20,28,online100,0.49628902629824984,0.5736040609137056,0.8576222647434668,0.47160665857459794,0.0246823677236519,-0.0029671409966768314,-0.004988133589386323,9,0.0918692946434021
hc2,search,exposure_5,order1,21,10,episodic,0.28955117563168703,0.3598326359832636,0.7925803970261912,0.27355103975222206,0.01600013587946497,0.07846920752142117,0.03574587477544522,10,0.22635680437088013
hc2,search,exposure_5,order1,21,10,online100,0.30014117291485715,0.3598326359832636,0.8209091122982739,0.2949082682737868,0.005232904641070346,0.016481171842984255,-0.03512752215211079,8,0.13976633548736572
hc2,search,exposure_5,order1,22,21,episodic,0.6501142439033121,0.8761329305135952,0.7465610598159816,0.5819058003904386,0.06820844351287347,0.11832478399509405,0.08137939439313491,9,0.17234796285629272
hc2,search,exposure_5,order1,22,21,online100,0.6366643988962288,0.8761329305135952,0.7345597471420648,0.6519880238086907,-0.015323624912461864,-0.04231383372373421,-0.08100069170108426,10,0.13170021772384644
hc2,search,exposure_5,order1,23,20,episodic,0.4691263050232309,0.890295358649789,0.5267622919740151,0.5374855306194347,-0.06835922559620383,0.23506447288789734,0.06951600570189598,8,0.3419591784477234
hc2,search,exposure_5,order1,23,20,online100,0.4908802140341591,0.890295358649789,0.5514348169254015,0.6334954032397377,-0.14261518920557864,0.04596801769503933,-0.025727066997936587,5,0.216949462890625
hc2,search,exposure_5,order1,24,1,episodic,0.4703455090393909,0.6735537190082644,0.7100997115916214,0.37852759966658417,0.0918179093728067,0.36631015380525656,0.2648715563729461,10,0.23047834634780884
hc2,search,exposure_5,order1,24,1,online100,0.4607009096315484,0.6735537190082644,0.6953290709464622,0.4072811202369194,0.05341978939462899,0.30171706257061937,0.17031738887511383,10,0.19437575340270996
hc2,search,exposure_5,order1,25,7,episodic,0.6936250664319645,0.9824561403508771,0.7021534517006509,0.650142653310123,0.043482413121841534,0.022851015131078456,-0.005159387592718279,10,0.032961100339889526
hc2,search,exposure_5,order1,25,7,online100,0.40572815787287536,0.9824561403508771,0.4101117888905698,0.7341087093069045,-0.32838055143402917,-0.24583142508685218,-0.24286711346483336,10,0.30222761631011963
hc2,search,exposure_5,order1,26,12,episodic,0.5606207847575909,0.8191489361702128,0.6645132198303385,0.47024745633143555,0.09037332842615536,-0.0439879786093027,0.19592672976884573,10,0.18093955516815186
hc2,search,exposure_5,order1,26,12,online100,0.5201238603112166,0.8191489361702128,0.6209606467528589,0.5083510099311362,0.011772850380080357,-0.09296427234183369,0.138946829410885,9,0.13535475730895996
hc2,search,exposure_5,order1,27,18,episodic,0.26801658551871704,0.35435435435435436,0.755751761789685,0.2316278143980737,0.03638877112064334,0.1313738251370099,0.13281803173795792,10,0.2574368715286255
hc2,search,exposure_5,order1,27,18,online100,0.28873116555311756,0.35435435435435436,0.8241535149019229,0.2519583172177669,0.03677284833535066,-0.001769009588950099,-0.005066335485230722,9,0.18819546699523926
hc2,search,exposure_5,order1,28,3,episodic,0.26088381523866555,0.5028901734104047,0.5169097683001452,0.22054982304658982,0.04033399219207573,0.08363363958487113,0.13176501987835731,10,0.12681615352630615
hc2,search,exposure_5,order1,28,3,online100,0.26264701011597746,0.5028901734104047,0.5201326220354264,0.25517180428382286,0.007475205832154608,0.0005842000264708602,0.024272341997598756,9,0.09451982378959656
hc2,search,exposure_5,order1,29,6,episodic,0.37622868828572376,0.6896551724137931,0.5449859671463604,0.2915474835923805,0.08468120469334328,0.24718960943647128,0.16487785520960152,10,0.26242315769195557
hc2,search,exposure_5,order1,29,6,online100,0.3740350510515423,0.6896551724137931,0.5416656484228282,0.3507986142148261,0.023236436836716168,-0.03437000978661997,-0.01382547776591514,10,0.23035475611686707
hc2,search,exposure_5,order1,30,15,episodic,0.05515762259619561,0.28044280442804426,0.18210110943326754,0.06828387713642813,-0.013126254540232515,0.12661012198328242,0.10485239852580142,8,0.1040630042552948
hc2,search,exposure_5,order1,30,15,online100,0.04206582728442367,0.28044280442804426,0.14336777843833592,0.06752406325131126,-0.025458235966887587,-0.029656450595831885,-0.033626356686276226,10,0.06773102283477783
hc2,search,exposure_5,order1,31,4,episodic,0.0,0.0,0.5452210638512708,0.0,0.0,0.010937857092380487,-0.009868994390638819,6,0.15097135305404663
hc2,search,exposure_5,order1,31,4,online100,0.0,0.0,0.4176299436312984,0.0,0.0,-0.12977828582527917,-0.22536855658706767,6,0.06403857469558716
hc2,search,exposure_5,order2,0,16,episodic,0.22627908674854164,0.35904255319148937,0.6171811459172262,0.16534931003450817,0.06092977671403346,0.2791288518207078,0.32789565222359507,10,0.26216089725494385
hc2,search,exposure_5,order2,0,16,online100,0.22627908674854164,0.35904255319148937,0.6171811459172262,0.16534931003450817,0.06092977671403346,0.2791288518207078,0.32789565222359507,10,0.26216089725494385
hc2,search,exposure_5,order2,1,2,episodic,0.20037725577736293,0.2727272727272727,0.6440148837983387,0.13354719995744505,0.06683005581991788,0.05686766050280645,0.005500344492850084,10,0.24004411697387695
hc2,search,exposure_5,order2,1,2,online100,0.169166537959756,0.2727272727272727,0.5745411323866422,0.13701810907996523,0.032148428879790775,0.02091704312148529,-0.007839994815694529,10,0.299125075340271
hc2,search,exposure_5,order2,2,27,episodic,0.40766038573012814,0.8022813688212928,0.4994348997934269,0.617180859880252,-0.20952047415012381,0.027481307360056162,-0.017052786727575597,10,0.1660132110118866
hc2,search,exposure_5,order2,2,27,online100,0.45101050651979746,0.8022813688212928,0.5544408855024957,0.6214445631777662,-0.17043405665796874,0.026579211164593608,-0.01265511371155803,10,0.16727662086486816
hc2,search,exposure_5,order2,3,22,episodic,0.1046600626209824,0.24316939890710382,0.5172217207809299,0.06242772887501566,0.042232333745966744,-0.06927255841740576,-0.030596056208862632,10,0.23077642917633057
hc2,search,exposure_5,order2,3,22,online100,0.05748229279361784,0.24316939890710382,0.360688746403402,0.0652039986052952,-0.00772170581167736,0.008482463304297805,-0.033500444343633085,9,0.23959141969680786
hc2,search,exposure_5,order2,4,23,episodic,0.10319212169686469,0.5739514348785872,0.1791035675428341,0.0796019279905229,0.023590193706341786,0.036775496506935235,0.02706786588836696,5,0.33710572123527527
hc2,search,exposure_5,order2,4,23,online100,0.11485792575330613,0.5739514348785872,0.1993511125143589,0.0841148207233789,0.03074310502992722,0.002351794481496361,-0.003133636586392985,7,0.3064456582069397
hc2,search,exposure_5,order2,5,26,episodic,0.3227732871421334,0.4473684210526316,0.7232046521481419,0.2105424168051434,0.11223087033698997,0.042222996653858424,-0.0069168586016861155,10,0.2988605797290802
hc2,search,exposure_5,order2,5,26,online100,0.323676005680883,0.4473684210526316,0.724639339200755,0.21502227682059855,0.10865372886028446,0.027953530750572386,-0.02695080577891451,9,0.27460727095603943
hc2,search,exposure_5,order2,6,15,episodic,0.05515762259619561,0.28044280442804426,0.18210110943326754,0.06828387713642813,-0.013126254540232515,0.12661012198328242,0.10485239852580142,8,0.1040630042552948
hc2,search,exposure_5,order2,6,15,online100,0.04825383186040314,0.28044280442804426,0.16031575066119522,0.06723777063636402,-0.018983938775960878,0.05983491837553806,0.04832499526719125,10,0.0527442991733551
hc2,search,exposure_5,order2,7,12,episodic,0.5606207847575909,0.8191489361702128,0.6645132198303385,0.47024745633143555,0.09037332842615536,-0.0439879786093027,0.19592672976884573,10,0.18093955516815186
hc2,search,exposure_5,order2,7,12,online100,0.5403049844692344,0.8191489361702128,0.6411753985856763,0.4849893811190291,0.055315603350205245,-0.09431836816247452,0.1388316304045566,10,0.16273939609527588
hc2,search,exposure_5,order2,8,5,episodic,0.30171255395581126,0.46996466431095407,0.6422955031238249,0.2314842297447186,0.07022832421109265,0.0010788044913581096,0.010103301959260569,9,0.18558508157730103
hc2,search,exposure_5,order2,8,5,online100,0.30778640888847203,0.46996466431095407,0.6553460055395748,0.2531512347074388,0.05463517418103325,-0.003303251367166471,0.004967643578743464,8,0.1026991605758667
hc2,search,exposure_5,order2,9,17,episodic,0.2770716601933848,0.4533678756476684,0.6107858726505738,0.28337168644486604,-0.006300026251481239,-0.09855172253002176,-0.06642392485857085,8,0.2373213768005371
hc2,search,exposure_5,order2,9,17,online100,0.268897349355719,0.4533678756476684,0.5929519037447042,0.2965364111091721,-0.027639061753453098,-0.2250390194279942,-0.1654083461609982,10,0.22996804118156433
hc2,search,exposure_5,order2,10,11,episodic,0.33782597602987346,0.779874213836478,0.4252529222789075,0.23896749934076292,0.09885847668911055,0.14987144332714586,0.11750875312510844,5,0.315214067697525
hc2,search,exposure_5,order2,10,11,online100,0.34339720708926474,0.779874213836478,0.4334985840500412,0.29175731207572225,0.05163989501354249,0.12808606873583583,0.05620856284166775,10,0.22466307878494263
hc2,search,exposure_5,order2,11,3,episodic,0.26088381523866555,0.5028901734104047,0.5169097683001452,0.22054982304658982,0.04033399219207573,0.08363363958487113,0.13176501987835731,10,0.12681615352630615
hc2,search,exposure_5,order2,11,3,online100,0.25612278862711807,0.5028901734104047,0.5073749006169771,0.2357444820350242,0.02037830659209386,0.03988587368410579,0.0923378643870022,10,0.10903528332710266
hc2,search,exposure_5,order2,12,1,episodic,0.4703455090393909,0.6735537190082644,0.7100997115916214,0.37852759966658417,0.0918179093728067,0.36631015380525656,0.2648715563729461,10,0.23047834634780884
hc2,search,exposure_5,order2,12,1,online100,0.47418428535787577,0.6735537190082644,0.7155273395625791,0.3929388886036695,0.08124539675420628,0.3307803448866635,0.20044147094899312,10,0.20917630195617676
hc2,search,exposure_5,order2,13,9,episodic,0.0,0.0,0.5416133648950033,0.0,0.0,-0.07621769716896354,-0.004004554393795878,10,0.17583942413330078
hc2,search,exposure_5,order2,13,9,online100,0.0,0.0,0.5300984314756436,0.0,0.0,-0.14241567556683687,-0.09516147280051945,10,0.20797324180603027
hc2,search,exposure_5,order2,14,14,episodic,0.6015905251866319,0.708994708994709,0.8485575492014827,0.4744237585124018,0.1271667666742301,0.1488284491818258,0.0419073761569656,7,0.261452317237854
hc2,search,exposure_5,order2,14,14,online100,0.595405310782285,0.708994708994709,0.8399232311470173,0.5324022967685295,0.06300301401375552,0.11891161921319915,-0.0042018756368288335,10,0.1919580101966858
hc2,search,exposure_5,order2,15,31,episodic,0.6441566843865703,0.8092105263157895,0.7870678118840977,0.4937852715622707,0.15037141282429956,0.09839810200661359,0.05740280056565206,7,0.21303892135620117
hc2,search,exposure_5,order2,15,31,online100,0.650087509148387,0.8092105263157895,0.797546917996644,0.5631955745870201,0.0868919345613669,0.06472851155835802,0.014902483196756688,10,0.15104952454566956
hc2,search,exposure_5,order2,16,20,episodic,0.4691263050232309,0.890295358649789,0.5267622919740151,0.5374855306194347,-0.06835922559620383,0.23506447288789734,0.06951600570189598,8,0.3419591784477234
hc2,search,exposure_5,order2,16,20,online100,0.49290351178088604,0.890295358649789,0.5538183926442937,0.6315043488109049,-0.13860083703001885,-0.02016254837607001,-0.0785814817919197,10,0.23987019062042236
hc2,search,exposure_5,order2,17,0,episodic,0.25390078705403196,0.3778801843317972,0.667656137685485,0.13839778553542686,0.1155030015186051,-0.0488073953695935,-0.08454556535117952,10,0.2792756259441376
hc2,search,exposure_5,order2,17,0,online100,0.31116018748180685,0.3778801843317972,0.7545048213149107,0.19464127395802053,0.11651891352378632,-0.12081565239261516,-0.14786101033871923,10,0.20817488431930542
hc2,search,exposure_5,order2,18,24,episodic,0.19232262643255155,0.4521072796934866,0.44202992137944924,0.18633464495635527,0.00598798147619628,0.13879042924827067,0.16672218625659596,10,0.34790584444999695
hc2,search,exposure_5,order2,18,24,online100,0.1828452868922374,0.4521072796934866,0.43729814249500787,0.20393376530159932,-0.021088478409361927,-0.08296276527811264,-0.048063666195590216,10,0.3688206970691681
hc2,search,exposure_5,order2,19,6,episodic,0.37622868828572376,0.6896551724137931,0.5449859671463604,0.2915474835923805,0.08468120469334328,0.24718960943647128,0.16487785520960152,10,0.26242315769195557
hc2,search,exposure_5,order2,19,6,online100,0.38547465583018203,0.6896551724137931,0.5584530390791811,0.3512050082058708,0.03426964762431123,0.009644128307660815,0.009270642545625152,8,0.21848052740097046
hc2,search,exposure_5,order2,20,4,episodic,0.0,0.0,0.5452210638512708,0.0,0.0,0.010937857092380487,-0.009868994390638819,6,0.15097135305404663
hc2,search,exposure_5,order2,20,4,online100,0.0,0.0,0.4130277877899871,0.0,0.0,-0.13567494107387346,-0.25182887763360484,7,0.08084726333618164
hc2,search,exposure_5,order2,21,28,episodic,0.4879421039149277,0.5736040609137056,0.843198197116147,0.40917948895100853,0.07876261496391918,-0.021041696501137186,-0.002284475222177784,10,0.20681804418563843
hc2,search,exposure_5,order2,21,28,online100,0.5056368965227707,0.5736040609137056,0.8737760404823317,0.46512847357358733,0.04050842294918333,-0.025615006975424515,-0.02239881025800239,10,0.10884201526641846
hc2,search,exposure_5,order2,22,30,episodic,0.5580679619368663,0.723404255319149,0.7711388047507062,0.5217477160398859,0.03632024589698035,-0.42117574593175217,-0.5716500942797038,7,0.08724123239517212
hc2,search,exposure_5,order2,22,30,online100,0.5619058841328655,0.723404255319149,0.7769402440884702,0.5268090982903003,0.03509678584256515,-0.014293637425323191,0.02504608616174908,10,0.09687140583992004
hc2,search,exposure_5,order2,23,25,episodic,0.3022182556993005,0.6883116883116883,0.3717588231347142,0.2464332457832445,0.055785009916056005,-0.060447173095865836,-0.08550654731226826,10,0.03943571448326111
hc2,search,exposure_5,order2,23,25,online100,0.25589190151288693,0.6883116883116883,0.3213406336740973,0.25589190151288693,0.0,0.0,0.0,0,0.0
hc2,search,exposure_5,order2,24,29,episodic,0.1980125233926622,0.4232209737827715,0.46697978565734766,0.19520122497716288,0.0028112984154993192,-0.31495072512428807,-0.2984203461657717,10,0.36493539810180664
hc2,search,exposure_5,order2,24,29,online100,0.20484138165071222,0.4232209737827715,0.4832317918712006,0.2095992233077446,-0.004757841657032386,-0.31920604827774274,-0.3525029339325579,10,0.24773159623146057
hc2,search,exposure_5,order2,25,21,episodic,0.6501142439033121,0.8761329305135952,0.7465610598159816,0.5819058003904386,0.06820844351287347,0.11832478399509405,0.08137939439313491,9,0.17234796285629272
hc2,search,exposure_5,order2,25,21,online100,0.6218494043275229,0.8761329305135952,0.7175263487285505,0.6555989471605513,-0.033749542833028445,-0.05702287716780019,-0.09023202759393512,10,0.11475276947021484
hc2,search,exposure_5,order2,26,19,episodic,0.00031721940878704874,0.8327137546468402,0.0007803137209213495,0.11511745789476395,-0.1148002384859769,-0.14834324756189182,-0.11507678283686795,10,0.4989626109600067
hc2,search,exposure_5,order2,26,19,online100,5.153121826220246e-05,0.8327137546468402,0.00043140720584445663,0.1207978748304112,-0.12074634361214899,-0.1929218001460334,-0.1915163140784203,7,0.5072782635688782
hc2,search,exposure_5,order2,27,18,episodic,0.26801658551871704,0.35435435435435436,0.755751761789685,0.2316278143980737,0.03638877112064334,0.1313738251370099,0.13281803173795792,10,0.2574368715286255
hc2,search,exposure_5,order2,27,18,online100,0.2903605751239043,0.35435435435435436,0.815716467442959,0.2545886695683469,0.03577190555555737,-0.030178049629675296,-0.02305224203622991,10,0.1800858974456787
hc2,search,exposure_5,order2,28,8,episodic,0.6984001878215482,0.8250728862973761,0.8477547521871396,0.7043324253823068,-0.005932237560758558,-0.003733670590806981,0.04423306011177219,8,0.1696447730064392
hc2,search,exposure_5,order2,28,8,online100,0.7092651157041455,0.8250728862973761,0.8589507774582503,0.7140859966354534,-0.004820880931307836,-0.002078953164853292,-0.06850907253342564,10,0.12548619508743286
hc2,search,exposure_5,order2,29,7,episodic,0.6936250664319645,0.9824561403508771,0.7021534517006509,0.650142653310123,0.043482413121841534,0.022851015131078456,-0.005159387592718279,10,0.032961100339889526
hc2,search,exposure_5,order2,29,7,online100,0.5355079374355733,0.9824561403508771,0.5414976335257391,0.747005655838343,-0.21149771840276965,-0.17518819946302633,-0.20526914881713665,10,0.3305809497833252
hc2,search,exposure_5,order2,30,10,episodic,0.28955117563168703,0.3598326359832636,0.7925803970261912,0.27355103975222206,0.01600013587946497,0.07846920752142117,0.03574587477544522,10,0.22635680437088013
hc2,search,exposure_5,order2,30,10,online100,0.29463963399906073,0.3598326359832636,0.8039504374433055,0.2964255598714859,-0.0017859258724251537,0.0220464446061146,-0.027647931730602426,10,0.10589498281478882
hc2,search,exposure_5,order2,31,13,episodic,0.46990408226121316,0.5476190476190477,0.8582392404274752,0.3325683645450803,0.13733571771613284,0.10497300630727002,0.0972224036451994,10,0.22816044092178345
hc2,search,exposure_5,order2,31,13,online100,0.4625501200670532,0.5476190476190477,0.8451120120103216,0.3861354311018065,0.07641468896524672,0.00033006768959431554,-0.007923069126346882,3,0.15631824731826782
hc2,confirm,clean,order1,0,33,episodic,0.732935522919811,0.8660714285714286,0.8441856861210498,0.4879364376452792,0.2449990852745318,-0.010116654178625062,0.016636596599587827,10,0.2913672924041748
hc2,confirm,clean,order1,0,33,online100,0.732935522919811,0.8660714285714286,0.8441856861210498,0.4879364376452792,0.2449990852745318,-0.010116654178625062,0.016636596599587827,10,0.2913672924041748
hc2,confirm,clean,order1,1,45,episodic,0.0,0.43312101910828027,0.0,0.0,0.0,-0.2768867357214792,-0.22113023954633926,5,0.32693517208099365
hc2,confirm,clean,order1,1,45,online100,0.0,0.43312101910828027,0.0,0.0,0.0,-0.2857983447051908,-0.2409915100720479,10,0.32615727186203003
hc2,confirm,clean,order1,2,46,episodic,0.3847731477417281,0.4492753623188406,0.8554248947777987,0.28044164209274275,0.10433150564898536,-0.113934271339858,-0.13214634045995155,10,0.2700299024581909
hc2,confirm,clean,order1,2,46,online100,0.38911388759916493,0.4492753623188406,0.8650905107455145,0.2935940972001188,0.09551979039904612,-0.16896969439879067,-0.18217215345381543,10,0.24199864268302917
hc2,confirm,clean,order1,3,43,episodic,0.29854344113798825,0.7142857142857143,0.41213712586528334,0.29854344113798825,0.0,0.0,0.0,0,0.0
hc2,confirm,clean,order1,3,43,online100,0.3260402048141213,0.7142857142857143,0.4491710303319104,0.3260402048141213,0.0,0.0,0.0,0,0.0
hc2,confirm,clean,order1,4,47,episodic,0.2892787985669974,0.40064102564102566,0.7296988903565823,0.27756490207010986,0.011713896496887533,0.03192956086893839,0.00813567435660234,10,0.2063143253326416
hc2,confirm,clean,order1,4,47,online100,0.2935774856221655,0.40064102564102566,0.7351154001601378,0.28175506132465017,0.011822424297515344,0.0072461138321873175,-0.003481775369517548,10,0.17380493879318237
hc2,confirm,clean,order1,5,37,episodic,0.010624657457642968,0.3194888178913738,0.03292591865586385,0.006388173195630232,0.004236484262012736,0.0327512260241799,0.07552065058362856,10,0.2532905340194702
hc2,confirm,clean,order1,5,37,online100,0.010104238462303412,0.3194888178913738,0.03131313503664325,0.006379483675345706,0.0037247547869577067,0.00946324261268816,0.042448136656885294,8,0.2124936580657959
hc2,confirm,clean,order1,6,41,episodic,0.47016435164242937,0.7,0.6783754550196375,0.46000146185664476,0.010162889785784612,0.10345753705563987,0.09540062401612737,7,0.1732984185218811
hc2,confirm,clean,order1,6,41,online100,0.4888233609457344,0.7,0.7007423922179457,0.45184174165408386,0.03698161929165056,0.08877137067576701,0.08844953321216498,10,0.20349383354187012
hc2,confirm,clean,order1,7,35,episodic,0.5741460773430868,0.6473988439306358,0.8862759853679683,0.43264332550430673,0.14150275183878003,0.00980808420177981,0.010896823770918385,10,0.1648486852645874
hc2,confirm,clean,order1,7,35,online100,0.5701992393551945,0.6473988439306358,0.8801195403556903,0.46550528112662076,0.10469395822857369,-0.010652783971129343,-0.0204687530825044,10,0.126082181930542
hc2,confirm,clean,order1,8,42,episodic,0.14743147112739183,0.6368715083798883,0.23451629412836797,0.14562256605107285,0.0018089050763189785,0.2045611253746601,0.10593633374679323,10,0.25171005725860596
hc2,confirm,clean,order1,8,42,online100,0.1471060588435278,0.6368715083798883,0.23415482493466785,0.15914674566246265,-0.01204068681893486,0.17293296560217075,0.09818280635482546,9,0.19619208574295044
hc2,confirm,clean,order1,9,44,episodic,0.21812825293230156,0.88,0.23944398975387704,0.20558343234803278,0.012544820584268784,-0.2516781379999916,-0.30916668902049493,6,0.6667267680168152
hc2,confirm,clean,order1,9,44,online100,0.2193837792651982,0.88,0.23955557563250793,0.23393703939316565,-0.014553260127967454,-0.2628369185073657,-0.3130576814806202,10,0.6532447040081024
hc2,confirm,clean,order1,10,36,episodic,0.2288655046152448,0.3788546255506608,0.6072746188591264,0.14689369581592643,0.08197180879931837,0.09095076826543025,0.15599520372400455,10,0.3122653365135193
hc2,confirm,clean,order1,10,36,online100,0.21481929025822646,0.3788546255506608,0.5704860293611886,0.16788569162227704,0.046933598635949425,0.056892910056984936,0.11301383981375657,10,0.23275494575500488
hc2,confirm,clean,order1,11,38,episodic,0.4537129856036362,0.5458333333333333,0.8314181507941554,0.4169476373116082,0.03676534829202799,0.11487489182806043,0.11554884134550858,10,0.19122695922851562
hc2,confirm,clean,order1,11,38,online100,0.4609531735050015,0.5458333333333333,0.8446624243871033,0.4344552297525282,0.026497943752473274,0.07643840279867842,0.07824512182357679,9,0.1904105544090271
hc2,confirm,clean,order1,12,34,episodic,0.5530310153357678,0.638961038961039,0.8635124015803608,0.4774048633063776,0.07562615202939021,0.03357699556167215,0.03162214364156091,4,0.20444494485855103
hc2,confirm,clean,order1,12,34,online100,0.5506829341473629,0.638961038961039,0.8611142396972038,0.4982492917064318,0.05243364244093113,0.05711250296752879,0.058216726049833856,7,0.14563822746276855
hc2,confirm,clean,order1,13,40,episodic,0.45820932549021326,0.6320754716981132,0.7623120440131452,0.3922189812447396,0.06599034424547368,0.11076214688002362,0.05246392311257353,10,0.14255225658416748
hc2,confirm,clean,order1,13,40,online100,0.44161089200195836,0.6320754716981132,0.7443660381490378,0.41284934240277654,0.028761549599181813,0.07562744994743598,0.055751954897008016,10,0.08659344911575317
hc2,confirm,clean,order1,14,39,episodic,0.008073682464885337,0.8840579710144928,0.009082892772996004,0.006643316153070181,0.001430366311815156,0.052558877977186336,0.08753492024891302,10,0.27921631932258606
hc2,confirm,clean,order1,14,39,online100,0.007444419593851063,0.8840579710144928,0.008374972043082445,0.00718056647500605,0.0002638531188450125,0.08179266315956879,0.034842585771966084,7,0.13871103525161743
hc2,confirm,clean,order1,15,32,episodic,0.13038196603227686,0.3372093023255814,0.3588475656760909,0.13921679121174574,-0.008834825179468875,0.008811034725125122,0.02388324633431871,10,0.2406017780303955
hc2,confirm,clean,order1,15,32,online100,0.12860368786135246,0.3372093023255814,0.3514679031408172,0.15014373628909372,-0.021540048427741265,-0.040350984105057885,-0.039462006005815065,8,0.18308013677597046
hc2,confirm,clean,order2,0,43,episodic,0.29854344113798825,0.7142857142857143,0.41213712586528334,0.29854344113798825,0.0,0.0,0.0,0,0.0
hc2,confirm,clean,order2,0,43,online100,0.29854344113798825,0.7142857142857143,0.41213712586528334,0.29854344113798825,0.0,0.0,0.0,0,0.0
hc2,confirm,clean,order2,1,46,episodic,0.3847731477417281,0.4492753623188406,0.8554248947777987,0.28044164209274275,0.10433150564898536,-0.113934271339858,-0.13214634045995155,10,0.2700299024581909
hc2,confirm,clean,order2,1,46,online100,0.3847731477417281,0.4492753623188406,0.8554248947777987,0.28044164209274275,0.10433150564898536,-0.113934271339858,-0.13214634045995155,10,0.2700299024581909
hc2,confirm,clean,order2,2,38,episodic,0.4537129856036362,0.5458333333333333,0.8314181507941554,0.4169476373116082,0.03676534829202799,0.11487489182806043,0.11554884134550858,10,0.19122695922851562
hc2,confirm,clean,order2,2,38,online100,0.4568751441174054,0.5458333333333333,0.8372668444775373,0.42633228976810134,0.03054285434930404,0.1111945071040803,0.11592210006617143,10,0.18822991847991943
hc2,confirm,clean,order2,3,40,episodic,0.45820932549021326,0.6320754716981132,0.7623120440131452,0.3922189812447396,0.06599034424547368,0.11076214688002362,0.05246392311257353,10,0.14255225658416748
hc2,confirm,clean,order2,3,40,online100,0.46415957479217523,0.6320754716981132,0.7735723021121809,0.39779937067383053,0.0663602041183447,0.11708028440222096,0.042135485111504445,10,0.1246565580368042
hc2,confirm,clean,order2,4,34,episodic,0.5530310153357678,0.638961038961039,0.8635124015803608,0.4774048633063776,0.07562615202939021,0.03357699556167215,0.03162214364156091,4,0.20444494485855103
hc2,confirm,clean,order2,4,34,online100,0.5497169326139366,0.638961038961039,0.8580143743341022,0.49267097620907196,0.05704595640486465,0.04863678533117799,0.04577562259916901,4,0.18752390146255493
hc2,confirm,clean,order2,5,36,episodic,0.2288655046152448,0.3788546255506608,0.6072746188591264,0.14689369581592643,0.08197180879931837,0.09095076826543025,0.15599520372400455,10,0.3122653365135193
hc2,confirm,clean,order2,5,36,online100,0.2246130980271349,0.3788546255506608,0.5963212175015568,0.14611146157303367,0.07850163645410121,0.14454574007264365,0.18988057447376683,10,0.2981911599636078
hc2,confirm,clean,order2,6,42,episodic,0.14743147112739183,0.6368715083798883,0.23451629412836797,0.14562256605107285,0.0018089050763189785,0.2045611253746601,0.10593633374679323,10,0.25171005725860596
hc2,confirm,clean,order2,6,42,online100,0.15017925496036325,0.6368715083798883,0.23873975311931225,0.15554348727446737,-0.005364232314104128,0.19827900557123668,0.11414005689652429,10,0.2153976559638977
hc2,confirm,clean,order2,7,33,episodic,0.732935522919811,0.8660714285714286,0.8441856861210498,0.4879364376452792,0.2449990852745318,-0.010116654178625062,0.016636596599587827,10,0.2913672924041748
hc2,confirm,clean,order2,7,33,online100,0.7133657296138617,0.8660714285714286,0.8230783059174412,0.52999157086925,0.18337415874461171,-0.04134440332036504,-0.014128610937324315,10,0.24406802654266357
hc2,confirm,clean,order2,8,41,episodic,0.47016435164242937,0.7,0.6783754550196375,0.46000146185664476,0.010162889785784612,0.10345753705563987,0.09540062401612737,7,0.1732984185218811
hc2,confirm,clean,order2,8,41,online100,0.5157338339413715,0.7,0.740006637426408,0.45378868420488333,0.06194514973648818,0.049229544263797886,0.06749286295409929,10,0.19480931758880615
hc2,confirm,clean,order2,9,47,episodic,0.2892787985669974,0.40064102564102566,0.7296988903565823,0.27756490207010986,0.011713896496887533,0.03192956086893839,0.00813567435660234,10,0.2063143253326416
hc2,confirm,clean,order2,9,47,online100,0.2890165878053399,0.40064102564102566,0.6806498677921924,0.2846401326610925,0.004376455144247393,0.025357571897771436,-0.002840361454359841,8,0.14770060777664185
hc2,confirm,clean,order2,10,37,episodic,0.010624657457642968,0.3194888178913738,0.03292591865586385,0.006388173195630232,0.004236484262012736,0.0327512260241799,0.07552065058362856,10,0.2532905340194702
hc2,confirm,clean,order2,10,37,online100,0.009213152133293547,0.3194888178913738,0.028551649680404752,0.007735595835828828,0.0014775562974647192,-0.014563729580660323,0.014259255980901608,10,0.20831549167633057
hc2,confirm,clean,order2,11,39,episodic,0.008073682464885337,0.8840579710144928,0.009082892772996004,0.006643316153070181,0.001430366311815156,0.052558877977186336,0.08753492024891302,10,0.27921631932258606
hc2,confirm,clean,order2,11,39,online100,0.00708664876646961,0.8840579710144928,0.00797247986227831,0.006827095967267429,0.0002595527992021807,0.16302267004780807,0.06968814297782211,7,0.15405374765396118
hc2,confirm,clean,order2,12,44,episodic,0.21812825293230156,0.88,0.23944398975387704,0.20558343234803278,0.012544820584268784,-0.2516781379999916,-0.30916668902049493,6,0.6667267680168152
hc2,confirm,clean,order2,12,44,online100,0.2185087706612457,0.88,0.2390681422157797,0.24012019521784703,-0.02161142455660134,-0.28640235893544885,-0.3360941889890687,7,0.6497990041971207
hc2,confirm,clean,order2,13,32,episodic,0.13038196603227686,0.3372093023255814,0.3588475656760909,0.13921679121174574,-0.008834825179468875,0.008811034725125122,0.02388324633431871,10,0.2406017780303955
hc2,confirm,clean,order2,13,32,online100,0.13433378483277167,0.3372093023255814,0.3752834384372898,0.14957579248666483,-0.015242007653893164,-0.0024925496923714485,0.0013996476069473296,10,0.14633989334106445
hc2,confirm,clean,order2,14,45,episodic,0.0,0.43312101910828027,0.0,0.0,0.0,-0.2768867357214792,-0.22113023954633926,5,0.32693517208099365
hc2,confirm,clean,order2,14,45,online100,0.0,0.43312101910828027,0.0,0.0,0.0,-0.31174069756642603,-0.27321415318687525,6,0.2640955448150635
hc2,confirm,clean,order2,15,35,episodic,0.5741460773430868,0.6473988439306358,0.8862759853679683,0.43264332550430673,0.14150275183878003,0.00980808420177981,0.010896823770918385,10,0.1648486852645874
hc2,confirm,clean,order2,15,35,online100,0.5675584877673466,0.6473988439306358,0.8762062923245918,0.4882111680028243,0.0793473197645223,0.020134120308611725,0.010749092194510146,9,0.11635011434555054
hc2,confirm,frame_drop_5,order1,0,33,episodic,0.6649382553848904,0.7911764705882353,0.8255534904527709,0.4435841027076999,0.2213541526771905,0.03687590622492232,0.028989010124088166,5,0.27210551500320435
hc2,confirm,frame_drop_5,order1,0,33,online100,0.6649382553848904,0.7911764705882353,0.8255534904527709,0.4435841027076999,0.2213541526771905,0.03687590622492232,0.028989010124088166,5,0.27210551500320435
hc2,confirm,frame_drop_5,order1,1,45,episodic,0.0,0.34782608695652173,0.0,0.0,0.0,-0.3608624957153686,-0.322343780945845,4,0.21932876110076904
hc2,confirm,frame_drop_5,order1,1,45,online100,0.0,0.34782608695652173,0.0,0.0,0.0,-0.3625585000274854,-0.3233537296420023,4,0.20802366733551025
hc2,confirm,frame_drop_5,order1,2,46,episodic,0.6305117897485228,0.7908163265306123,0.7981033366606907,0.49410107491282146,0.13641071483570139,0.07886659974079069,-0.04102343120090213,8,0.16901618242263794
hc2,confirm,frame_drop_5,order1,2,46,online100,0.6455495004119891,0.7908163265306123,0.8167457350875689,0.5168046213630618,0.12874487904892729,0.054876003721443745,0.004370876439118043,7,0.1323522925376892
hc2,confirm,frame_drop_5,order1,3,43,episodic,0.26387439453416217,0.6071428571428571,0.4104681794394243,0.26387439453416217,0.0,0.0,0.0,0,0.0
hc2,confirm,frame_drop_5,order1,3,43,online100,0.28387878666882954,0.6071428571428571,0.43991036926147736,0.28387878666882954,0.0,0.0,0.0,0,0.0
hc2,confirm,frame_drop_5,order1,4,47,episodic,0.2175534282899743,0.31054131054131057,0.718862809619992,0.18989750913836986,0.027655919151604424,-0.6222759747720965,-0.6625533187624163,9,0.11086231470108032
hc2,confirm,frame_drop_5,order1,4,47,online100,0.21961363495341465,0.31054131054131057,0.7261538580245502,0.19180813349211276,0.027805501461301896,-0.6466970890154774,-0.6822741408396094,10,0.10939532518386841
hc2,confirm,frame_drop_5,order1,5,37,episodic,0.010445103493519075,0.3194888178913738,0.032369479143281886,0.006373299405641081,0.004071804087877994,0.032070966457679484,0.07551950389063966,10,0.251953661441803
hc2,confirm,frame_drop_5,order1,5,37,online100,0.00929523162652583,0.3194888178913738,0.02880601484259985,0.006303033540609622,0.0029921980859162088,-0.016280144345234393,0.008709215450528718,10,0.21794646978378296
hc2,confirm,frame_drop_5,order1,6,41,episodic,0.49042032021935456,0.7,0.7066877083441517,0.46017088689799024,0.030249433321364316,0.0707648694901235,0.06832742180168583,7,0.17301040887832642
hc2,confirm,frame_drop_5,order1,6,41,online100,0.4876119733602287,0.7,0.7004061134852106,0.4671470142771089,0.020464959083119794,0.07529981060073787,0.07130238669843258,9,0.17202889919281006
hc2,confirm,frame_drop_5,order1,7,35,episodic,0.5578630103078767,0.7133757961783439,0.7825572374227022,0.42600275862430775,0.1318602516835689,0.026566454730268307,0.04115983569123527,10,0.1927422285079956
hc2,confirm,frame_drop_5,order1,7,35,online100,0.5562138243358468,0.7133757961783439,0.780139578151925,0.4567812575689584,0.09943256676688839,0.008988609984576179,0.004342865733133472,9,0.14428246021270752
hc2,confirm,frame_drop_5,order1,8,42,episodic,0.14639160711136667,0.6368715083798883,0.2328723921314814,0.1435832933465595,0.0028083137648071688,0.1878468842724994,0.09314979158451553,10,0.2521500587463379
hc2,confirm,frame_drop_5,order1,8,42,online100,0.1462215726455188,0.6368715083798883,0.23258821699440319,0.15637965317723887,-0.01015808053172007,0.17011498808676417,0.085212680300074,7,0.2085026502609253
hc2,confirm,frame_drop_5,order1,9,44,episodic,0.1289315270849789,0.83,0.17662795381828136,0.19945785860632423,-0.07052633152134533,-0.15815558028898052,-0.14829496045087331,10,0.1898251175880432
hc2,confirm,frame_drop_5,order1,9,44,online100,0.13327575258683988,0.83,0.1856743775804669,0.22528722450299674,-0.09201147191615686,-0.23122675690426897,-0.21133095098499372,10,0.15778657793998718
hc2,confirm,frame_drop_5,order1,10,36,episodic,0.20229030768905193,0.35390946502057613,0.5747866219440246,0.18134553390972746,0.020944773779324466,0.0810711006314937,0.14832608754878884,10,0.28864794969558716
hc2,confirm,frame_drop_5,order1,10,36,online100,0.20285595567781464,0.35390946502057613,0.5772749068727285,0.19350938647442137,0.009346569203393273,0.0682541684857535,0.13531726964245094,10,0.2392604947090149
hc2,confirm,frame_drop_5,order1,11,38,episodic,0.4227845950796482,0.5346938775510204,0.7909569337221761,0.3831709748206303,0.039613620259017934,0.062432501346859515,0.06059368565397194,10,0.20336312055587769
hc2,confirm,frame_drop_5,order1,11,38,online100,0.42708651301510187,0.5346938775510204,0.7990786179324467,0.3969523486748133,0.03013416434028854,0.0402457051443561,0.0411845751262504,10,0.18925237655639648
hc2,confirm,frame_drop_5,order1,12,34,episodic,0.5558118881521986,0.638961038961039,0.868044764200599,0.47729326029609626,0.07851862785610236,0.03653106413266416,0.036569409354250015,4,0.2100663185119629
hc2,confirm,frame_drop_5,order1,12,34,online100,0.5720372690833331,0.638961038961039,0.8975816749384853,0.4991637416042781,0.07287352747905496,0.05957655442185128,0.06342580080937332,9,0.14942526817321777
hc2,confirm,frame_drop_5,order1,13,40,episodic,0.3701148961384798,0.5329341317365269,0.7373399577883215,0.3189490124268347,0.0511658837116451,0.14087471277173347,0.1285266878386795,10,0.11611306667327881
hc2,confirm,frame_drop_5,order1,13,40,online100,0.3647071516763698,0.5329341317365269,0.6994794339941125,0.3331312659041163,0.03157588577225351,0.07025164321038424,0.07164481300034364,10,0.0766899585723877
hc2,confirm,frame_drop_5,order1,14,39,episodic,0.006986716113293189,0.8097345132743363,0.008581510008718807,0.006655139589740028,0.000331576523553161,0.08106530096801967,0.1354735704861305,10,0.2955629527568817
hc2,confirm,frame_drop_5,order1,14,39,online100,0.00784820584262216,0.8097345132743363,0.009639644132785914,0.006540790851771174,0.0013074149908509861,0.08010766916767353,0.061158436788166126,10,0.16416969895362854
hc2,confirm,frame_drop_5,order1,15,32,episodic,0.11881844411086424,0.224,0.40285877729124653,0.11321112774895045,0.005607316361913792,0.04749359161458999,0.008666999707546807,10,0.18855178356170654
hc2,confirm,frame_drop_5,order1,15,32,online100,0.1271810728398344,0.224,0.4749044322722514,0.1240401407262878,0.0031409321135466017,-0.05778136039791115,-0.06690478980252579,7,0.15372031927108765
hc2,confirm,frame_drop_5,order2,0,43,episodic,0.26387439453416217,0.6071428571428571,0.4104681794394243,0.26387439453416217,0.0,0.0,0.0,0,0.0
hc2,confirm,frame_drop_5,order2,0,43,online100,0.26387439453416217,0.6071428571428571,0.4104681794394243,0.26387439453416217,0.0,0.0,0.0,0,0.0
hc2,confirm,frame_drop_5,order2,1,46,episodic,0.6305117897485228,0.7908163265306123,0.7981033366606907,0.49410107491282146,0.13641071483570139,0.07886659974079069,-0.04102343120090213,8,0.16901618242263794
hc2,confirm,frame_drop_5,order2,1,46,online100,0.6305117897485228,0.7908163265306123,0.7981033366606907,0.49410107491282146,0.13641071483570139,0.07886659974079069,-0.04102343120090213,8,0.16901618242263794
hc2,confirm,frame_drop_5,order2,2,38,episodic,0.4227845950796482,0.5346938775510204,0.7909569337221761,0.3831709748206303,0.039613620259017934,0.062432501346859515,0.06059368565397194,10,0.20336312055587769
hc2,confirm,frame_drop_5,order2,2,38,online100,0.4300939144578451,0.5346938775510204,0.8046974080769529,0.3858296443478462,0.04426427010999889,0.05368579493805192,0.06197421333867992,10,0.20343071222305298
hc2,confirm,frame_drop_5,order2,3,40,episodic,0.3701148961384798,0.5329341317365269,0.7373399577883215,0.3189490124268347,0.0511658837116451,0.14087471277173347,0.1285266878386795,10,0.11611306667327881
hc2,confirm,frame_drop_5,order2,3,40,online100,0.3579237297624262,0.5329341317365269,0.718468871331544,0.3209786544551137,0.0369450753073125,0.06062151995904985,0.07296629015977407,9,0.09927177429199219
hc2,confirm,frame_drop_5,order2,4,34,episodic,0.5558118881521986,0.638961038961039,0.868044764200599,0.47729326029609626,0.07851862785610236,0.03653106413266416,0.036569409354250015,4,0.2100663185119629
hc2,confirm,frame_drop_5,order2,4,34,online100,0.5198898870319318,0.638961038961039,0.8112555516690149,0.4922410758275284,0.027648811204403434,0.024994859211695086,0.02361927045269885,10,0.1785408854484558
hc2,confirm,frame_drop_5,order2,5,36,episodic,0.20229030768905193,0.35390946502057613,0.5747866219440246,0.18134553390972746,0.020944773779324466,0.0810711006314937,0.14832608754878884,10,0.28864794969558716
hc2,confirm,frame_drop_5,order2,5,36,online100,0.19979102493129666,0.35390946502057613,0.5675371372940987,0.1812205651190109,0.01857045981228575,0.1140269383533854,0.17618700016282596,10,0.284348726272583
hc2,confirm,frame_drop_5,order2,6,42,episodic,0.14639160711136667,0.6368715083798883,0.2328723921314814,0.1435832933465595,0.0028083137648071688,0.1878468842724994,0.09314979158451553,10,0.2521500587463379
hc2,confirm,frame_drop_5,order2,6,42,online100,0.1465433059067378,0.6368715083798883,0.23312973715641241,0.1533004704273356,-0.006757164520597797,0.18565132307006227,0.08718036008760588,10,0.23924905061721802
hc2,confirm,frame_drop_5,order2,7,33,episodic,0.6649382553848904,0.7911764705882353,0.8255534904527709,0.4435841027076999,0.2213541526771905,0.03687590622492232,0.028989010124088166,5,0.27210551500320435
hc2,confirm,frame_drop_5,order2,7,33,online100,0.6818849067354047,0.7911764705882353,0.8491470038573864,0.48158599592564705,0.20029891080975765,0.04908703706119466,0.05540943040767976,10,0.21567827463150024
hc2,confirm,frame_drop_5,order2,8,41,episodic,0.49042032021935456,0.7,0.7066877083441517,0.46017088689799024,0.030249433321364316,0.0707648694901235,0.06832742180168583,7,0.17301040887832642
hc2,confirm,frame_drop_5,order2,8,41,online100,0.5126367615248449,0.7,0.7370133378859625,0.47981887033460435,0.03281789119024059,0.029432050245393526,0.04337143786524689,7,0.11884468793869019
hc2,confirm,frame_drop_5,order2,9,47,episodic,0.2175534282899743,0.31054131054131057,0.718862809619992,0.18989750913836986,0.027655919151604424,-0.6222759747720965,-0.6625533187624163,9,0.11086231470108032
hc2,confirm,frame_drop_5,order2,9,47,online100,0.21420176148004452,0.31054131054131057,0.7077613559468582,0.19405306925294688,0.020148692227097642,-0.2679584960347181,-0.30214065600209705,9,0.08074718713760376
hc2,confirm,frame_drop_5,order2,10,37,episodic,0.010445103493519075,0.3194888178913738,0.032369479143281886,0.006373299405641081,0.004071804087877994,0.032070966457679484,0.07551950389063966,10,0.251953661441803
hc2,confirm,frame_drop_5,order2,10,37,online100,0.008136046210162583,0.3194888178913738,0.025213687760206816,0.007582684958775183,0.0005533612513874001,0.006642918586281188,0.01682499248598579,10,0.1981743574142456
hc2,confirm,frame_drop_5,order2,11,39,episodic,0.006986716113293189,0.8097345132743363,0.008581510008718807,0.006655139589740028,0.000331576523553161,0.08106530096801967,0.1354735704861305,10,0.2955629527568817
hc2,confirm,frame_drop_5,order2,11,39,online100,0.0073206884349291635,0.8097345132743363,0.008991715142902125,0.006679971297529019,0.0006407171374001449,0.06906355830986832,0.01965968346345459,8,0.14726287126541138
hc2,confirm,frame_drop_5,order2,12,44,episodic,0.1289315270849789,0.83,0.17662795381828136,0.19945785860632423,-0.07052633152134533,-0.15815558028898052,-0.14829496045087331,10,0.1898251175880432
hc2,confirm,frame_drop_5,order2,12,44,online100,0.13891920470988478,0.83,0.18810506698359886,0.22754489263633726,-0.08862568792645248,-0.166750006994049,-0.12993142783110678,9,0.2053646743297577
hc2,confirm,frame_drop_5,order2,13,32,episodic,0.11881844411086424,0.224,0.40285877729124653,0.11321112774895045,0.005607316361913792,0.04749359161458999,0.008666999707546807,10,0.18855178356170654
hc2,confirm,frame_drop_5,order2,13,32,online100,0.12440848894353397,0.224,0.4657748282940029,0.1228328004507469,0.0015756884927870668,-0.05591204988242782,-0.061526033103659006,9,0.1678152084350586
hc2,confirm,frame_drop_5,order2,14,45,episodic,0.0,0.34782608695652173,0.0,0.0,0.0,-0.3608624957153686,-0.322343780945845,4,0.21932876110076904
hc2,confirm,frame_drop_5,order2,14,45,online100,0.0,0.34782608695652173,0.0,0.0,0.0,-0.38042561854887696,-0.3495074962697758,10,0.20248210430145264
hc2,confirm,frame_drop_5,order2,15,35,episodic,0.5578630103078767,0.7133757961783439,0.7825572374227022,0.42600275862430775,0.1318602516835689,0.026566454730268307,0.04115983569123527,10,0.1927422285079956
hc2,confirm,frame_drop_5,order2,15,35,online100,0.5560384663231774,0.7133757961783439,0.7800823021627927,0.47584562350887893,0.0801928428142985,0.00039563594498592813,0.010470136325975488,9,0.12160515785217285
hc2,confirm,frame_freeze_5,order1,0,33,episodic,0.7401115674821094,0.9523809523809523,0.7745667881431684,0.5417819273981097,0.19832964008399967,0.06229443075578012,0.03955002373478311,10,0.25974637269973755
hc2,confirm,frame_freeze_5,order1,0,33,online100,0.7401115674821094,0.9523809523809523,0.7745667881431684,0.5417819273981097,0.19832964008399967,0.06229443075578012,0.03955002373478311,10,0.25974637269973755
hc2,confirm,frame_freeze_5,order1,1,45,episodic,0.0,0.4133738601823708,0.0,0.0,0.0,-0.2963137019231879,-0.255443036396536,10,0.23075920343399048
hc2,confirm,frame_freeze_5,order1,1,45,online100,0.0,0.4133738601823708,0.0,0.0,0.0,-0.3118741447895554,-0.27424861271061174,9,0.20216166973114014
hc2,confirm,frame_freeze_5,order1,2,46,episodic,0.3935704839399404,0.5201342281879194,0.7567440910635327,0.3245701852465446,0.0690002986933958,0.039737001570831376,-0.00533036947765686,6,0.2028496265411377
hc2,confirm,frame_freeze_5,order1,2,46,online100,0.3903267580372356,0.5201342281879194,0.750651908807539,0.3471649197635875,0.04316183827364811,0.019135364659798704,-0.03027549581343203,6,0.13350552320480347
hc2,confirm,frame_freeze_5,order1,3,43,episodic,0.2980933829657836,0.7142857142857143,0.4115536882587757,0.2980933829657836,0.0,0.0,0.0,0,0.0
hc2,confirm,frame_freeze_5,order1,3,43,online100,0.3185313467836577,0.7142857142857143,0.43900931213583205,0.3185313467836577,0.0,0.0,0.0,0,0.0
hc2,confirm,frame_freeze_5,order1,4,47,episodic,0.3093190280845556,0.41118421052631576,0.7588101672019123,0.28412546837642383,0.025193559708131752,-0.6582505426455922,-0.6528533955727821,10,0.1655483841896057
hc2,confirm,frame_freeze_5,order1,4,47,online100,0.30710291006170215,0.41118421052631576,0.7536651715147111,0.2871212432869665,0.019981666774735674,-0.7060918721846855,-0.6906694895591364,10,0.14606833457946777
hc2,confirm,frame_freeze_5,order1,5,37,episodic,0.01827227636035096,0.33557046979865773,0.053912260944401845,0.0066982690485687165,0.011574007311782245,0.008040164977039965,0.042020662006094334,10,0.2816777229309082
hc2,confirm,frame_freeze_5,order1,5,37,online100,0.015024898910738445,0.33557046979865773,0.04433088985544611,0.006764908641296709,0.008259990269441735,0.07928840405709503,0.09632416788655596,2,0.12889569997787476
hc2,confirm,frame_freeze_5,order1,6,41,episodic,0.4701568989190315,0.7,0.6783660774533123,0.46001483401766236,0.010142064901369152,0.10342836061712823,0.09394191509381156,7,0.17326635122299194
hc2,confirm,frame_freeze_5,order1,6,41,online100,0.49030179310335664,0.7,0.7038600148843579,0.4609646681525005,0.029337124950856164,0.054562585399541286,0.0683455761190137,10,0.17040354013442993
hc2,confirm,frame_freeze_5,order1,7,35,episodic,0.5633818823723821,0.6473988439306358,0.8694396911710992,0.4356063531437771,0.12777552922860497,0.030420886149847393,0.04391844907171438,6,0.1532389521598816
hc2,confirm,frame_freeze_5,order1,7,35,online100,0.5582650630300373,0.6473988439306358,0.8618065110006173,0.46129468048158573,0.09697038254845158,0.0475953355981954,0.0523546117860435,4,0.13271790742874146
hc2,confirm,frame_freeze_5,order1,8,42,episodic,0.14813685008095467,0.6368715083798883,0.2355865631015615,0.14578712697918672,0.002349723101767953,0.20731563620462456,0.10662364453735584,10,0.2533620595932007
hc2,confirm,frame_freeze_5,order1,8,42,online100,0.14607026326896663,0.6368715083798883,0.2324341393467685,0.15626492115951493,-0.010194657890548298,0.16189154681575169,0.09005206317767889,9,0.21300029754638672
hc2,confirm,frame_freeze_5,order1,9,44,episodic,0.21922597263369709,0.88,0.23920301339938363,0.2089654251746177,0.010260547459079394,-0.24043952885039618,-0.3302093121228733,10,0.675559788942337
hc2,confirm,frame_freeze_5,order1,9,44,online100,0.21426949752930718,0.88,0.2348383855595562,0.23896491298961228,-0.024695415460305098,-0.30712437707186446,-0.3792213992335426,6,0.6511902213096619
hc2,confirm,frame_freeze_5,order1,10,36,episodic,0.21884872063181718,0.3788546255506608,0.5813838058931592,0.15934518174687157,0.05950353888494561,0.15578105679788523,0.19019872706723073,9,0.3015366196632385
hc2,confirm,frame_freeze_5,order1,10,36,online100,0.20903845956451314,0.3788546255506608,0.5554672078666176,0.18087847170027274,0.0281599878642404,0.04365927767168354,0.10422954669563023,9,0.2180614471435547
hc2,confirm,frame_freeze_5,order1,11,38,episodic,0.4455117693216161,0.5458333333333333,0.816463376466685,0.41888601655802643,0.026625752763589694,0.10977318540777115,0.11118222956774992,10,0.19108432531356812
hc2,confirm,frame_freeze_5,order1,11,38,online100,0.44111189194398004,0.5458333333333333,0.8082691384163191,0.43218834112024435,0.008923550823735693,0.06640085033124266,0.07948825625985445,10,0.18859636783599854
hc2,confirm,frame_freeze_5,order1,12,34,episodic,0.553053730297487,0.638961038961039,0.8635420450825549,0.4773754036671962,0.07567832663029073,0.033780617457319195,0.03143287330851663,4,0.20464253425598145
hc2,confirm,frame_freeze_5,order1,12,34,online100,0.5337533073855804,0.638961038961039,0.8360557379514839,0.5051118904427775,0.028641416942802866,0.05742255453502121,0.05799363870887564,10,0.13908404111862183
hc2,confirm,frame_freeze_5,order1,13,40,episodic,0.45248703183071753,0.6320754716981132,0.7577384044487885,0.3920740310506071,0.060413000780110415,0.12999209222859198,0.06906185844246493,10,0.1565312147140503
hc2,confirm,frame_freeze_5,order1,13,40,online100,0.45701605524126043,0.6320754716981132,0.7628115164407254,0.4153382069061964,0.04167784833506405,2.8792982800784905e-05,-0.030570776069477446,8,0.08089053630828857
hc2,confirm,frame_freeze_5,order1,14,39,episodic,0.008926085165291364,0.8840579710144928,0.010041845810952785,0.008326945701248785,0.0005991394640425789,0.0764037294554194,0.10286769188991407,10,0.2957310676574707
hc2,confirm,frame_freeze_5,order1,14,39,online100,0.006450176557741991,0.8840579710144928,0.00725644862745974,0.007888610930388154,-0.0014384343726461636,0.0793576089430984,-0.014816256885548329,7,0.14804214239120483
hc2,confirm,frame_freeze_5,order1,15,32,episodic,0.11856015643376158,0.30933333333333335,0.3309652177401502,0.12784907742859045,-0.009288920994828864,0.044764609917309794,0.0353090695220325,6,0.23227936029434204
hc2,confirm,frame_freeze_5,order1,15,32,online100,0.14285147951379779,0.30933333333333335,0.4069696566700131,0.13569241927370082,0.007159060240096965,0.014539039765623984,0.02422287608522322,7,0.1117522120475769
hc2,confirm,frame_freeze_5,order2,0,43,episodic,0.2980933829657836,0.7142857142857143,0.4115536882587757,0.2980933829657836,0.0,0.0,0.0,0,0.0
hc2,confirm,frame_freeze_5,order2,0,43,online100,0.2980933829657836,0.7142857142857143,0.4115536882587757,0.2980933829657836,0.0,0.0,0.0,0,0.0
hc2,confirm,frame_freeze_5,order2,1,46,episodic,0.3935704839399404,0.5201342281879194,0.7567440910635327,0.3245701852465446,0.0690002986933958,0.039737001570831376,-0.00533036947765686,6,0.2028496265411377
hc2,confirm,frame_freeze_5,order2,1,46,online100,0.3935704839399404,0.5201342281879194,0.7567440910635327,0.3245701852465446,0.0690002986933958,0.039737001570831376,-0.00533036947765686,6,0.2028496265411377
hc2,confirm,frame_freeze_5,order2,2,38,episodic,0.4455117693216161,0.5458333333333333,0.816463376466685,0.41888601655802643,0.026625752763589694,0.10977318540777115,0.11118222956774992,10,0.19108432531356812
hc2,confirm,frame_freeze_5,order2,2,38,online100,0.4559119763218298,0.5458333333333333,0.8356365748539225,0.4217613323819051,0.034150643939924674,0.11111108858061014,0.11645803810376842,5,0.17743873596191406
hc2,confirm,frame_freeze_5,order2,3,40,episodic,0.45248703183071753,0.6320754716981132,0.7577384044487885,0.3920740310506071,0.060413000780110415,0.12999209222859198,0.06906185844246493,10,0.1565312147140503
hc2,confirm,frame_freeze_5,order2,3,40,online100,0.4516479158401241,0.6320754716981132,0.7554455890221794,0.39819522638117,0.053452689458954095,0.1067082176521168,0.046366900972120706,10,0.13939768075942993
hc2,confirm,frame_freeze_5,order2,4,34,episodic,0.553053730297487,0.638961038961039,0.8635420450825549,0.4773754036671962,0.07567832663029073,0.033780617457319195,0.03143287330851663,4,0.20464253425598145
hc2,confirm,frame_freeze_5,order2,4,34,online100,0.5557039831488337,0.638961038961039,0.8676824398170323,0.4855854704115705,0.07011851273726322,0.04718116727714561,0.04424494300108228,4,0.20147192478179932
hc2,confirm,frame_freeze_5,order2,5,36,episodic,0.21884872063181718,0.3788546255506608,0.5813838058931592,0.15934518174687157,0.05950353888494561,0.15578105679788523,0.19019872706723073,9,0.3015366196632385
hc2,confirm,frame_freeze_5,order2,5,36,online100,0.21851530633801208,0.3788546255506608,0.5806404577280151,0.16204028951799695,0.05647501682001513,0.13659488711318168,0.17145111891541243,10,0.26958924531936646
hc2,confirm,frame_freeze_5,order2,6,42,episodic,0.14813685008095467,0.6368715083798883,0.2355865631015615,0.14578712697918672,0.002349723101767953,0.20731563620462456,0.10662364453735584,10,0.2533620595932007
hc2,confirm,frame_freeze_5,order2,6,42,online100,0.15148281254690912,0.6368715083798883,0.24069663732322652,0.15170756156250864,-0.000224749015599518,0.17729108187169995,0.0928880212465587,9,0.20951509475708008
hc2,confirm,frame_freeze_5,order2,7,33,episodic,0.7401115674821094,0.9523809523809523,0.7745667881431684,0.5417819273981097,0.19832964008399967,0.06229443075578012,0.03955002373478311,10,0.25974637269973755
hc2,confirm,frame_freeze_5,order2,7,33,online100,0.7296345398698515,0.9523809523809523,0.7684121892439588,0.5752076127470692,0.15442692712278228,0.022294459408243372,0.01117322721299896,3,0.22091227769851685
hc2,confirm,frame_freeze_5,order2,8,41,episodic,0.4701568989190315,0.7,0.6783660774533123,0.46001483401766236,0.010142064901369152,0.10342836061712823,0.09394191509381156,7,0.17326635122299194
hc2,confirm,frame_freeze_5,order2,8,41,online100,0.5115737676786419,0.7,0.7344685689136344,0.46675906532448375,0.04481470235415819,0.0571254839550277,0.07244365405598563,10,0.18131667375564575
hc2,confirm,frame_freeze_5,order2,9,47,episodic,0.3093190280845556,0.41118421052631576,0.7588101672019123,0.28412546837642383,0.025193559708131752,-0.6582505426455922,-0.6528533955727821,10,0.1655483841896057
hc2,confirm,frame_freeze_5,order2,9,47,online100,0.30581594624412844,0.41118421052631576,0.7471456322487141,0.29054056410987594,0.015275382134252502,-0.6236087703662938,-0.6027438752349548,10,0.12138009071350098
hc2,confirm,frame_freeze_5,order2,10,37,episodic,0.01827227636035096,0.33557046979865773,0.053912260944401845,0.0066982690485687165,0.011574007311782245,0.008040164977039965,0.042020662006094334,10,0.2816777229309082
hc2,confirm,frame_freeze_5,order2,10,37,online100,0.0203224592126863,0.33557046979865773,0.0599613153007972,0.007669689110642396,0.012652770102043905,0.07361234959370289,0.08668200033020979,10,0.24077969789505005
hc2,confirm,frame_freeze_5,order2,11,39,episodic,0.008926085165291364,0.8840579710144928,0.010041845810952785,0.008326945701248785,0.0005991394640425789,0.0764037294554194,0.10286769188991407,10,0.2957310676574707
hc2,confirm,frame_freeze_5,order2,11,39,online100,0.008503841159993527,0.8840579710144928,0.009566821304992718,0.008330233634616605,0.00017360752537692176,0.035458562348059885,0.02649562146655937,10,0.23668837547302246
hc2,confirm,frame_freeze_5,order2,12,44,episodic,0.21922597263369709,0.88,0.23920301339938363,0.2089654251746177,0.010260547459079394,-0.24043952885039618,-0.3302093121228733,10,0.675559788942337
hc2,confirm,frame_freeze_5,order2,12,44,online100,0.2155167238919381,0.88,0.23700381312105515,0.24139341962674843,-0.02587669573481033,-0.32304819336862517,-0.39053797410794266,6,0.6632847040891647
hc2,confirm,frame_freeze_5,order2,13,32,episodic,0.11856015643376158,0.30933333333333335,0.3309652177401502,0.12784907742859045,-0.009288920994828864,0.044764609917309794,0.0353090695220325,6,0.23227936029434204
hc2,confirm,frame_freeze_5,order2,13,32,online100,0.14655651921710802,0.30933333333333335,0.41485091781943007,0.13726764377883494,0.009288875438273086,0.008129317663012836,0.02455276866873235,8,0.1435897946357727
hc2,confirm,frame_freeze_5,order2,14,45,episodic,0.0,0.4133738601823708,0.0,0.0,0.0,-0.2963137019231879,-0.255443036396536,10,0.23075920343399048
hc2,confirm,frame_freeze_5,order2,14,45,online100,0.0,0.4133738601823708,0.0,0.0,0.0,-0.32918739883931497,-0.30422248028636717,10,0.20798516273498535
hc2,confirm,frame_freeze_5,order2,15,35,episodic,0.5633818823723821,0.6473988439306358,0.8694396911710992,0.4356063531437771,0.12777552922860497,0.030420886149847393,0.04391844907171438,6,0.1532389521598816
hc2,confirm,frame_freeze_5,order2,15,35,online100,0.5577516271156007,0.6473988439306358,0.8608007397025792,0.4896367168545422,0.06811491026105848,0.007393339927968645,0.021864964301601897,9,0.10065716505050659
hc2,confirm,motion_blur_5,order1,0,33,episodic,0.665601333325204,0.7911764705882353,0.8331729354077778,0.4434467311306235,0.2221546021945805,0.036921865625458405,0.030412519674132832,5,0.2715415954589844
hc2,confirm,motion_blur_5,order1,0,33,online100,0.665601333325204,0.7911764705882353,0.8331729354077778,0.4434467311306235,0.2221546021945805,0.036921865625458405,0.030412519674132832,5,0.2715415954589844
hc2,confirm,motion_blur_5,order1,1,45,episodic,0.0,0.3617021276595745,0.0,0.0,0.0,-0.3176957485975714,-0.25941959337832016,9,0.31734758615493774
hc2,confirm,motion_blur_5,order1,1,45,online100,0.0,0.3617021276595745,0.0,0.0,0.0,-0.32467013385916244,-0.2675616596839866,10,0.3345921039581299
hc2,confirm,motion_blur_5,order1,2,46,episodic,0.6462675057969097,0.7908163265306123,0.8179056884374873,0.49408618414026245,0.15218132165664727,0.0894045689559585,0.016683784417057534,8,0.16335272789001465
hc2,confirm,motion_blur_5,order1,2,46,online100,0.6554152947958278,0.7908163265306123,0.8291705183314614,0.5156315946695831,0.13978370012624475,0.09486228833466792,-0.031187072931900373,7,0.12554246187210083
hc2,confirm,motion_blur_5,order1,3,43,episodic,0.297979755342644,0.7142857142857143,0.41140999723359484,0.297979755342644,0.0,0.0,0.0,0,0.0
hc2,confirm,motion_blur_5,order1,3,43,online100,0.3205767455152868,0.7142857142857143,0.4419295133768429,0.3205767455152868,0.0,0.0,0.0,0,0.0
hc2,confirm,motion_blur_5,order1,4,47,episodic,0.22538053458765556,0.31054131054131057,0.7353727553751886,0.2086298150465394,0.01675071954111615,-0.6501323063804587,-0.6809416754126962,9,0.08175113797187805
hc2,confirm,motion_blur_5,order1,4,47,online100,0.22754071168515536,0.31054131054131057,0.7422793516173758,0.21073366028427565,0.016807051400879708,-0.6668455688500516,-0.6949037339011199,10,0.07948672771453857
hc2,confirm,motion_blur_5,order1,5,37,episodic,0.010541445228687036,0.3194888178913738,0.03266804313444596,0.006398304822406453,0.004143140406280583,0.03271297092906411,0.0709082430647312,10,0.25127172470092773
hc2,confirm,motion_blur_5,order1,5,37,online100,0.009893950536031001,0.3194888178913738,0.03066145067106637,0.006374987763019948,0.003518962773011053,-0.011972285563536023,0.012640953774415431,10,0.21712052822113037
hc2,confirm,motion_blur_5,order1,6,41,episodic,0.501846214232866,0.7261410788381742,0.6974774915031345,0.47727926501042073,0.02456694922244529,0.07262484322982454,0.07424572994557455,7,0.17418962717056274
hc2,confirm,motion_blur_5,order1,6,41,online100,0.49528980542046946,0.7261410788381742,0.6851699095613597,0.48381069805495525,0.011479107365514218,0.06044316648298831,0.07100527170756166,10,0.16516804695129395
hc2,confirm,motion_blur_5,order1,7,35,episodic,0.5658844831116686,0.6473988439306358,0.8736749145670825,0.44447641462768384,0.12140806848398478,0.03951583198856845,0.0421734212397995,5,0.15296000242233276
hc2,confirm,motion_blur_5,order1,7,35,online100,0.5601259754243048,0.6473988439306358,0.8646762701069738,0.47601080457850037,0.08411517084580439,0.02931338451836929,0.040341304933117605,4,0.11801767349243164
hc2,confirm,motion_blur_5,order1,8,42,episodic,0.15070984594767503,0.6368715083798883,0.23915053277393417,0.14422796047461617,0.006481885473058863,0.17056596241145705,0.08727119039153619,7,0.2384890913963318
hc2,confirm,motion_blur_5,order1,8,42,online100,0.14239020508401148,0.6368715083798883,0.22688506755110383,0.15673779958004008,-0.014347594496028598,0.1765324838161051,0.0834112802974889,10,0.2162179946899414
hc2,confirm,motion_blur_5,order1,9,44,episodic,0.12327374892685616,0.83,0.17436814885053298,0.19986063358173053,-0.07658688465487437,-0.21445610440430884,-0.20660628321548083,10,0.1805385947227478
hc2,confirm,motion_blur_5,order1,9,44,online100,0.14049210944627374,0.83,0.1831196421139252,0.22276004958954032,-0.08226794014326658,-0.1756759177448452,-0.12616025769572564,10,0.1995011568069458
hc2,confirm,motion_blur_5,order1,10,36,episodic,0.19816739219719462,0.35390946502057613,0.5632588792810836,0.16273987684281932,0.0354275153543753,0.11729887312111831,0.16628735217606805,10,0.28913766145706177
hc2,confirm,motion_blur_5,order1,10,36,online100,0.20362369588970722,0.35390946502057613,0.5788776040786636,0.17821300002882068,0.02541069586088654,0.08998491658616348,0.14047266503124567,10,0.22885489463806152
hc2,confirm,motion_blur_5,order1,11,38,episodic,0.48599090142332274,0.5670995670995671,0.8571478247897016,0.4260805257238026,0.059910375699520124,0.0626568894189723,0.07595969455657703,9,0.1312119960784912
hc2,confirm,motion_blur_5,order1,11,38,online100,0.4830785004518519,0.5670995670995671,0.851902395357639,0.4361723616738534,0.046906138777998485,0.03172240888391231,0.04106482958052138,10,0.08438748121261597
hc2,confirm,motion_blur_5,order1,12,34,episodic,0.5529890399196203,0.638961038961039,0.8634507775934617,0.47736231992169076,0.07562671999792958,0.03407346893594265,0.03458858389084629,4,0.204659104347229
hc2,confirm,motion_blur_5,order1,12,34,online100,0.5536885195735038,0.638961038961039,0.8664920614610007,0.48959713343392436,0.06409138613957949,0.06208954430106417,0.0649828163306807,7,0.16079020500183105
hc2,confirm,motion_blur_5,order1,13,40,episodic,0.4024647479115019,0.5778443113772455,0.7433936117648203,0.35481369556756875,0.04765105234393313,0.13578832559448972,0.0771153321105631,10,0.13367336988449097
hc2,confirm,motion_blur_5,order1,13,40,online100,0.4129326122264282,0.5778443113772455,0.7676819152357988,0.37317199116563554,0.039760621060792645,0.10098294419602971,0.05390134502753774,10,0.093478262424469
hc2,confirm,motion_blur_5,order1,14,39,episodic,0.007131903003871974,0.8097345132743363,0.008759837385190577,0.0058704869015366425,0.0012614161023353316,0.11255370354419586,0.1617317639095891,10,0.30862855911254883
hc2,confirm,motion_blur_5,order1,14,39,online100,0.007076691016722664,0.8097345132743363,0.008692022661844141,0.006218929709457143,0.0008577613072655206,0.11743957799594462,0.05025726158299859,8,0.1445818543434143
hc2,confirm,motion_blur_5,order1,15,32,episodic,0.1312079638655537,0.26666666666666666,0.42328501794902074,0.1213945954746724,0.009813368390881289,0.0019254458881882153,0.018235264438904553,10,0.20355021953582764
hc2,confirm,motion_blur_5,order1,15,32,online100,0.13526060349863087,0.26666666666666666,0.4231193581113869,0.12939638531711706,0.005864218181513808,-0.12285507533929607,-0.10125773073146671,10,0.13637292385101318
hc2,confirm,motion_blur_5,order2,0,43,episodic,0.297979755342644,0.7142857142857143,0.41140999723359484,0.297979755342644,0.0,0.0,0.0,0,0.0
hc2,confirm,motion_blur_5,order2,0,43,online100,0.297979755342644,0.7142857142857143,0.41140999723359484,0.297979755342644,0.0,0.0,0.0,0,0.0
hc2,confirm,motion_blur_5,order2,1,46,episodic,0.6462675057969097,0.7908163265306123,0.8179056884374873,0.49408618414026245,0.15218132165664727,0.0894045689559585,0.016683784417057534,8,0.16335272789001465
hc2,confirm,motion_blur_5,order2,1,46,online100,0.6462675057969097,0.7908163265306123,0.8179056884374873,0.49408618414026245,0.15218132165664727,0.0894045689559585,0.016683784417057534,8,0.16335272789001465
hc2,confirm,motion_blur_5,order2,2,38,episodic,0.48599090142332274,0.5670995670995671,0.8571478247897016,0.4260805257238026,0.059910375699520124,0.0626568894189723,0.07595969455657703,9,0.1312119960784912
hc2,confirm,motion_blur_5,order2,2,38,online100,0.4935284987336722,0.5670995670995671,0.8705424057057675,0.42929487486878637,0.06423362386488585,0.07247227693222968,0.08575686318885134,9,0.14548134803771973
hc2,confirm,motion_blur_5,order2,3,40,episodic,0.4024647479115019,0.5778443113772455,0.7433936117648203,0.35481369556756875,0.04765105234393313,0.13578832559448972,0.0771153321105631,10,0.13367336988449097
hc2,confirm,motion_blur_5,order2,3,40,online100,0.41327748539378534,0.5778443113772455,0.760925726723998,0.35961946098997055,0.053658024403814786,0.14778735560250122,0.09082845134546813,8,0.1185075044631958
hc2,confirm,motion_blur_5,order2,4,34,episodic,0.5529890399196203,0.638961038961039,0.8634507775934617,0.47736231992169076,0.07562671999792958,0.03407346893594265,0.03458858389084629,4,0.204659104347229
hc2,confirm,motion_blur_5,order2,4,34,online100,0.5500203990499262,0.638961038961039,0.858254855292804,0.4897800601973504,0.06024033885257579,0.03210946977768381,0.03215858788597292,4,0.1858341097831726
hc2,confirm,motion_blur_5,order2,5,36,episodic,0.19816739219719462,0.35390946502057613,0.5632588792810836,0.16273987684281932,0.0354275153543753,0.11729887312111831,0.16628735217606805,10,0.28913766145706177
hc2,confirm,motion_blur_5,order2,5,36,online100,0.1943117041363433,0.35390946502057613,0.5526140183572781,0.16608311420584296,0.028228589930500342,0.11954019940260663,0.16829688545023713,10,0.2738465666770935
hc2,confirm,motion_blur_5,order2,6,42,episodic,0.15070984594767503,0.6368715083798883,0.23915053277393417,0.14422796047461617,0.006481885473058863,0.17056596241145705,0.08727119039153619,7,0.2384890913963318
hc2,confirm,motion_blur_5,order2,6,42,online100,0.14706706466133967,0.6368715083798883,0.23400954496930207,0.1514220391724957,-0.004354974511156018,0.17577836233265542,0.08304402898978247,10,0.22513854503631592
hc2,confirm,motion_blur_5,order2,7,33,episodic,0.665601333325204,0.7911764705882353,0.8331729354077778,0.4434467311306235,0.2221546021945805,0.036921865625458405,0.030412519674132832,5,0.2715415954589844
hc2,confirm,motion_blur_5,order2,7,33,online100,0.6814481738131398,0.7911764705882353,0.8560060239987335,0.474691902454467,0.2067562713586728,0.051843682561056315,0.0688087985376784,10,0.23079532384872437
hc2,confirm,motion_blur_5,order2,8,41,episodic,0.501846214232866,0.7261410788381742,0.6974774915031345,0.47727926501042073,0.02456694922244529,0.07262484322982454,0.07424572994557455,7,0.17418962717056274
hc2,confirm,motion_blur_5,order2,8,41,online100,0.5105270923298134,0.7261410788381742,0.7078000172842579,0.5018307136619367,0.008696378667876759,0.0129853609263203,0.03543348215337161,7,0.1019086241722107
hc2,confirm,motion_blur_5,order2,9,47,episodic,0.22538053458765556,0.31054131054131057,0.7353727553751886,0.2086298150465394,0.01675071954111615,-0.6501323063804587,-0.6809416754126962,9,0.08175113797187805
hc2,confirm,motion_blur_5,order2,9,47,online100,0.22616013188856604,0.31054131054131057,0.7399526692122327,0.2122577951856366,0.013902336702929452,-0.2686601717760668,-0.31560296264034904,10,0.06751447916030884
hc2,confirm,motion_blur_5,order2,10,37,episodic,0.010541445228687036,0.3194888178913738,0.03266804313444596,0.006398304822406453,0.004143140406280583,0.03271297092906411,0.0709082430647312,10,0.25127172470092773
hc2,confirm,motion_blur_5,order2,10,37,online100,0.010322023780103955,0.3194888178913738,0.03198805389279741,0.007556513087365698,0.002765510692738257,-0.004657089896359379,0.030389974483850835,9,0.21742922067642212
hc2,confirm,motion_blur_5,order2,11,39,episodic,0.007131903003871974,0.8097345132743363,0.008759837385190577,0.0058704869015366425,0.0012614161023353316,0.11255370354419586,0.1617317639095891,10,0.30862855911254883
hc2,confirm,motion_blur_5,order2,11,39,online100,0.006696977219622006,0.8097345132743363,0.008225635063231377,0.006176441603230351,0.0005205356163916555,0.13023499046926168,0.06819875285050314,9,0.15852081775665283
hc2,confirm,motion_blur_5,order2,12,44,episodic,0.12327374892685616,0.83,0.17436814885053298,0.19986063358173053,-0.07658688465487437,-0.21445610440430884,-0.20660628321548083,10,0.1805385947227478
hc2,confirm,motion_blur_5,order2,12,44,online100,0.13388471608022665,0.83,0.18093304636824997,0.23226616230302596,-0.09838144622279932,-0.2206374169826849,-0.1724521854938143,10,0.20049959421157837
hc2,confirm,motion_blur_5,order2,13,32,episodic,0.1312079638655537,0.26666666666666666,0.42328501794902074,0.1213945954746724,0.009813368390881289,0.0019254458881882153,0.018235264438904553,10,0.20355021953582764
hc2,confirm,motion_blur_5,order2,13,32,online100,0.1306156052392562,0.26666666666666666,0.4143137542706411,0.12902912076701933,0.0015864844722368598,-0.010371268176845527,-0.004901967133290608,10,0.14392215013504028
hc2,confirm,motion_blur_5,order2,14,45,episodic,0.0,0.3617021276595745,0.0,0.0,0.0,-0.3176957485975714,-0.25941959337832016,9,0.31734758615493774
hc2,confirm,motion_blur_5,order2,14,45,online100,0.0,0.3617021276595745,0.0,0.0,0.0,-0.3648944891783005,-0.3103987371883382,10,0.27407556772232056
hc2,confirm,motion_blur_5,order2,15,35,episodic,0.5658844831116686,0.6473988439306358,0.8736749145670825,0.44447641462768384,0.12140806848398478,0.03951583198856845,0.0421734212397995,5,0.15296000242233276
hc2,confirm,motion_blur_5,order2,15,35,online100,0.5639544039703681,0.6473988439306358,0.8706657225263245,0.49667985592877956,0.06727454804158856,-0.013279177801720943,-0.02719156108134224,10,0.0995779037475586
hc2,confirm,occlusion_5,order1,0,33,episodic,0.7067035075011889,0.8660714285714286,0.8151653773904974,0.4856522853058946,0.22105122219529433,-0.07773056549918544,-0.026114164835234877,10,0.29758185148239136
hc2,confirm,occlusion_5,order1,0,33,online100,0.7067035075011889,0.8660714285714286,0.8151653773904974,0.4856522853058946,0.22105122219529433,-0.07773056549918544,-0.026114164835234877,10,0.29758185148239136
hc2,confirm,occlusion_5,order1,1,45,episodic,0.0,0.422360248447205,0.0,0.0,0.0,-0.38834450175383267,-0.38532293824992825,3,0.30145692825317383
hc2,confirm,occlusion_5,order1,1,45,online100,0.0,0.422360248447205,0.0,0.0,0.0,-0.2716191849487296,-0.27983072117687124,10,0.2600024938583374
hc2,confirm,occlusion_5,order1,2,46,episodic,0.48891145608468806,0.7598039215686274,0.6437753037286547,0.4747546007409784,0.01415685534370964,-0.01482245103828339,-0.07711054600283918,10,0.13334834575653076
hc2,confirm,occlusion_5,order1,2,46,online100,0.45856225397284733,0.7598039215686274,0.6042886447238666,0.497456931615374,-0.03889467764252669,-0.007369183026014192,-0.059056218760536794,10,0.09404066205024719
hc2,confirm,occlusion_5,order1,3,43,episodic,0.29920428312931,0.7142857142857143,0.41308690470813564,0.29920428312931,0.0,0.0,0.0,0,0.0
hc2,confirm,occlusion_5,order1,3,43,online100,0.3342745085744726,0.7142857142857143,0.46018549914188756,0.3342745085744726,0.0,0.0,0.0,0,0.0
hc2,confirm,occlusion_5,order1,4,47,episodic,0.12130180823983727,0.3253731343283582,0.2811238185364353,0.22170504636879454,-0.10040323812895727,-0.034713800349020496,-0.18639066255907788,5,0.2477741837501526
hc2,confirm,occlusion_5,order1,4,47,online100,0.0755169908181293,0.3253731343283582,0.17739900510348877,0.22427589442329363,-0.1487589036051643,-0.15395117595481655,-0.4416151355873948,7,0.24511227011680603
hc2,confirm,occlusion_5,order1,5,37,episodic,0.011442126179831737,0.26595744680851063,0.04264974984322613,0.005373407893622577,0.0060687182862091595,-0.20168311482338275,-0.1935513255353059,10,0.31994307041168213
hc2,confirm,occlusion_5,order1,5,37,online100,0.009479182212365515,0.26595744680851063,0.035288836750984494,0.0061396086804814,0.003339573531884115,-0.18577717979380837,-0.17159690308224662,10,0.3087955117225647
hc2,confirm,occlusion_5,order1,6,41,episodic,0.4903918794323784,0.7,0.7066417200118494,0.4601468130613117,0.030245066371066665,0.07053388026268836,0.0768785889579896,7,0.17255431413650513
hc2,confirm,occlusion_5,order1,6,41,online100,0.5130929040035588,0.7,0.7380330409469593,0.46520349758831325,0.04788940641524553,0.01193361488148137,0.0340272283170574,6,0.13269847631454468
hc2,confirm,occlusion_5,order1,7,35,episodic,0.5734944033522827,0.6473988439306358,0.885307984787978,0.43429556992043333,0.1391988334318494,0.02516295725208073,0.0275752724663183,5,0.1583958864212036
hc2,confirm,occlusion_5,order1,7,35,online100,0.5636198544444965,0.6473988439306358,0.8700144281877223,0.46832717760132797,0.0952926768431685,0.024097616637874464,0.03139642902304307,4,0.11912637948989868
hc2,confirm,occlusion_5,order1,8,42,episodic,0.15311299217972632,0.6705882352941176,0.2314601159935504,0.15310996925930112,3.0229204251996933e-06,0.1878953959338312,0.10867391901958334,10,0.26879173517227173
hc2,confirm,occlusion_5,order1,8,42,online100,0.15249317091826015,0.6705882352941176,0.23038995151319672,0.1723437115655303,-0.019850540647270154,0.15868315522563847,0.10196733560741578,10,0.23933720588684082
hc2,confirm,occlusion_5,order1,9,44,episodic,0.13105080961163793,0.83,0.18303533418862222,0.20526932719658197,-0.07421851758494405,-0.1391098748324167,-0.13178949226272357,10,0.20826005935668945
hc2,confirm,occlusion_5,order1,9,44,online100,0.13879854428659963,0.83,0.1884673877045574,0.2289425658860022,-0.09014402159940257,-0.1698081131314852,-0.14370267107306206,10,0.195370614528656
hc2,confirm,occlusion_5,order1,10,36,episodic,0.22340203571545808,0.3788546255506608,0.593613462180573,0.1746734004073235,0.048728635308134594,0.147354064814898,0.18579944240110546,9,0.28850048780441284
hc2,confirm,occlusion_5,order1,10,36,online100,0.22606985467641036,0.3788546255506608,0.5999747669717124,0.19590686019736606,0.030162994479044303,0.11351767389059197,0.15412785713733956,10,0.22194278240203857
hc2,confirm,occlusion_5,order1,11,38,episodic,0.4562657621921301,0.5458333333333333,0.8361589454615527,0.42077254781925766,0.03549321437287245,0.1098171327422115,0.11112945495826165,10,0.18902373313903809
hc2,confirm,occlusion_5,order1,11,38,online100,0.46282814062700234,0.5458333333333333,0.8479489103301552,0.42385141190308684,0.0389767287239155,0.08249778825651732,0.083387537563414,10,0.20703721046447754
hc2,confirm,occlusion_5,order1,12,34,episodic,0.5530335660044113,0.638961038961039,0.8635137599394334,0.4774034793863944,0.07563008661801696,0.033547994464177444,0.03153364555667404,4,0.2044978141784668
hc2,confirm,occlusion_5,order1,12,34,online100,0.5522093480941924,0.638961038961039,0.8623410792217435,0.4905165485047874,0.061692799589405045,0.05701373073979954,0.057270496533790904,3,0.13960033655166626
hc2,confirm,occlusion_5,order1,13,40,episodic,0.3902636585957258,0.5568862275449101,0.7701649253984515,0.33787738744451845,0.052386271151207364,0.08972540735024925,0.05454906649528202,8,0.13015300035476685
hc2,confirm,occlusion_5,order1,13,40,online100,0.3831774882824456,0.5568862275449101,0.7487084087579056,0.3569030935913455,0.0262743946911001,0.09178921547221897,0.0457422897072669,9,0.09516841173171997
hc2,confirm,occlusion_5,order1,14,39,episodic,0.006506224977192471,0.8840579710144928,0.007319503099341529,0.02328286786757496,-0.016776642890382488,0.0603583523581776,0.09901835986921714,10,0.2954966723918915
hc2,confirm,occlusion_5,order1,14,39,online100,0.017725187272545524,0.8840579710144928,0.019940835681613714,0.02708958576292368,-0.009364398490378154,0.18553769531182024,0.11506778689085195,10,0.15696677565574646
hc2,confirm,occlusion_5,order1,15,32,episodic,0.12151340745244305,0.3372093023255814,0.3401804461998579,0.1368756073211938,-0.015362199868750759,-0.006635384135535216,0.014355635862713823,10,0.24498438835144043
hc2,confirm,occlusion_5,order1,15,32,online100,0.12346506144972684,0.3372093023255814,0.34442731137311294,0.15052926549342246,-0.027064204043695625,-0.025723296989192068,-0.006239915912714111,8,0.20801019668579102
hc2,confirm,occlusion_5,order2,0,43,episodic,0.29920428312931,0.7142857142857143,0.41308690470813564,0.29920428312931,0.0,0.0,0.0,0,0.0
hc2,confirm,occlusion_5,order2,0,43,online100,0.29920428312931,0.7142857142857143,0.41308690470813564,0.29920428312931,0.0,0.0,0.0,0,0.0
hc2,confirm,occlusion_5,order2,1,46,episodic,0.48891145608468806,0.7598039215686274,0.6437753037286547,0.4747546007409784,0.01415685534370964,-0.01482245103828339,-0.07711054600283918,10,0.13334834575653076
hc2,confirm,occlusion_5,order2,1,46,online100,0.48891145608468806,0.7598039215686274,0.6437753037286547,0.4747546007409784,0.01415685534370964,-0.01482245103828339,-0.07711054600283918,10,0.13334834575653076
hc2,confirm,occlusion_5,order2,2,38,episodic,0.4562657621921301,0.5458333333333333,0.8361589454615527,0.42077254781925766,0.03549321437287245,0.1098171327422115,0.11112945495826165,10,0.18902373313903809
hc2,confirm,occlusion_5,order2,2,38,online100,0.4538686488505099,0.5458333333333333,0.8318447069583085,0.41733989749170086,0.036528751358809064,0.11819526985011763,0.12251659619648803,10,0.22663474082946777
hc2,confirm,occlusion_5,order2,3,40,episodic,0.3902636585957258,0.5568862275449101,0.7701649253984515,0.33787738744451845,0.052386271151207364,0.08972540735024925,0.05454906649528202,8,0.13015300035476685
hc2,confirm,occlusion_5,order2,3,40,online100,0.3926119561531417,0.5568862275449101,0.7708961937620613,0.34415684116047257,0.048455114992669135,0.12190852076587455,0.07203222238465712,8,0.11607933044433594
hc2,confirm,occlusion_5,order2,4,34,episodic,0.5530335660044113,0.638961038961039,0.8635137599394334,0.4774034793863944,0.07563008661801696,0.033547994464177444,0.03153364555667404,4,0.2044978141784668
hc2,confirm,occlusion_5,order2,4,34,online100,0.53964869170366,0.638961038961039,0.8424608772825268,0.48620403971286963,0.053444651990790404,0.0450818538884743,0.041943616186120525,10,0.19636636972427368
hc2,confirm,occlusion_5,order2,5,36,episodic,0.22340203571545808,0.3788546255506608,0.593613462180573,0.1746734004073235,0.048728635308134594,0.147354064814898,0.18579944240110546,9,0.28850048780441284
hc2,confirm,occlusion_5,order2,5,36,online100,0.22065124941949735,0.3788546255506608,0.5864192782979106,0.17956757427412212,0.041083675145375226,0.15113125644445746,0.18134177906505566,10,0.24836701154708862
hc2,confirm,occlusion_5,order2,6,42,episodic,0.15311299217972632,0.6705882352941176,0.2314601159935504,0.15310996925930112,3.0229204251996933e-06,0.1878953959338312,0.10867391901958334,10,0.26879173517227173
hc2,confirm,occlusion_5,order2,6,42,online100,0.15298396057476984,0.6705882352941176,0.2313783593931163,0.1627089868571873,-0.009725026282417448,0.18222074838304003,0.10205610021302758,10,0.2454262375831604
hc2,confirm,occlusion_5,order2,7,33,episodic,0.7067035075011889,0.8660714285714286,0.8151653773904974,0.4856522853058946,0.22105122219529433,-0.07773056549918544,-0.026114164835234877,10,0.29758185148239136
hc2,confirm,occlusion_5,order2,7,33,online100,0.7143250029200824,0.8660714285714286,0.8240559747585088,0.5273633188466397,0.1869616840734427,-0.0048211930838018,0.009596794229399186,8,0.24535900354385376
hc2,confirm,occlusion_5,order2,8,41,episodic,0.4903918794323784,0.7,0.7066417200118494,0.4601468130613117,0.030245066371066665,0.07053388026268836,0.0768785889579896,7,0.17255431413650513
hc2,confirm,occlusion_5,order2,8,41,online100,0.5199955202678668,0.7,0.7469393211015493,0.47805805895257264,0.04193746131529413,0.025995599306664507,0.04970315192994046,7,0.13244378566741943
hc2,confirm,occlusion_5,order2,9,47,episodic,0.12130180823983727,0.3253731343283582,0.2811238185364353,0.22170504636879454,-0.10040323812895727,-0.034713800349020496,-0.18639066255907788,5,0.2477741837501526
hc2,confirm,occlusion_5,order2,9,47,online100,0.09045562821609543,0.3253731343283582,0.2103828663182453,0.22763193271148263,-0.1371763044953872,-0.0597952795348089,-0.2093244260127396,7,0.2033517062664032
hc2,confirm,occlusion_5,order2,10,37,episodic,0.011442126179831737,0.26595744680851063,0.04264974984322613,0.005373407893622577,0.0060687182862091595,-0.20168311482338275,-0.1935513255353059,10,0.31994307041168213
hc2,confirm,occlusion_5,order2,10,37,online100,0.009649140279848976,0.26595744680851063,0.03592155193290312,0.0068901834316344515,0.0027589568482145246,-0.2237253928175436,-0.21437940692221658,10,0.30406686663627625
hc2,confirm,occlusion_5,order2,11,39,episodic,0.006506224977192471,0.8840579710144928,0.007319503099341529,0.02328286786757496,-0.016776642890382488,0.0603583523581776,0.09901835986921714,10,0.2954966723918915
hc2,confirm,occlusion_5,order2,11,39,online100,0.007620398764045035,0.8840579710144928,0.008572948609550664,0.02516868009093137,-0.017548281326886333,0.04466410565204881,0.09233095082530773,10,0.25809890031814575
hc2,confirm,occlusion_5,order2,12,44,episodic,0.13105080961163793,0.83,0.18303533418862222,0.20526932719658197,-0.07421851758494405,-0.1391098748324167,-0.13178949226272357,10,0.20826005935668945
hc2,confirm,occlusion_5,order2,12,44,online100,0.14020486912684238,0.83,0.19127530581862015,0.23300031020250547,-0.0927954410756631,-0.1732912565267153,-0.1468746349498467,10,0.19636455178260803
hc2,confirm,occlusion_5,order2,13,32,episodic,0.12151340745244305,0.3372093023255814,0.3401804461998579,0.1368756073211938,-0.015362199868750759,-0.006635384135535216,0.014355635862713823,10,0.24498438835144043
hc2,confirm,occlusion_5,order2,13,32,online100,0.12341556586079402,0.3372093023255814,0.3402628857012315,0.15174992285330385,-0.02833435699250983,-0.04513431798638978,-0.027542699413298566,10,0.23041421175003052
hc2,confirm,occlusion_5,order2,14,45,episodic,0.0,0.422360248447205,0.0,0.0,0.0,-0.38834450175383267,-0.38532293824992825,3,0.30145692825317383
hc2,confirm,occlusion_5,order2,14,45,online100,0.0,0.422360248447205,0.0,0.0,0.0,-0.3969416663819728,-0.41523451501427766,9,0.25191164016723633
hc2,confirm,occlusion_5,order2,15,35,episodic,0.5734944033522827,0.6473988439306358,0.885307984787978,0.43429556992043333,0.1391988334318494,0.02516295725208073,0.0275752724663183,5,0.1583958864212036
hc2,confirm,occlusion_5,order2,15,35,online100,0.575972319764068,0.6473988439306358,0.8889905022412155,0.4885881529578625,0.08738416680620553,-0.013287752579948409,-0.019938760007525258,9,0.10489577054977417
hc2,confirm,exposure_5,order1,0,33,episodic,0.6972836606855077,0.8660714285714286,0.802242449611276,0.487686136391548,0.20959752429395972,0.02686747756582608,0.014735662183810394,4,0.2892113924026489
hc2,confirm,exposure_5,order1,0,33,online100,0.6972836606855077,0.8660714285714286,0.802242449611276,0.487686136391548,0.20959752429395972,0.02686747756582608,0.014735662183810394,4,0.2892113924026489
hc2,confirm,exposure_5,order1,1,45,episodic,0.0,0.422360248447205,0.0,0.0,0.0,-0.5059285599781402,-0.4987750958148627,3,0.3006492257118225
hc2,confirm,exposure_5,order1,1,45,online100,0.0,0.422360248447205,0.0,0.0,0.0,-0.461527306367953,-0.4764819535583711,7,0.2674713134765625
hc2,confirm,exposure_5,order1,2,46,episodic,0.42305390033021295,0.5201342281879194,0.8132866268218084,0.3246900132727604,0.09836388705745253,0.16091774452072616,0.09787049190721686,6,0.2536638379096985
hc2,confirm,exposure_5,order1,2,46,online100,0.42670953057470373,0.5201342281879194,0.8202469274655253,0.3397121711179526,0.08699735945675113,0.13128268142450428,0.0789673547016928,7,0.21186524629592896
hc2,confirm,exposure_5,order1,3,43,episodic,0.4168999479319378,0.7518796992481203,0.5393530385289388,0.3133999646150198,0.10349998331691801,0.014034068882474049,0.046420369473556655,8,0.6450141966342926
hc2,confirm,exposure_5,order1,3,43,online100,0.4027495194708155,0.7518796992481203,0.5219422163845105,0.33534300504567016,0.06740651442514534,0.036725467129940736,0.05227302170594095,10,0.6118283867835999
hc2,confirm,exposure_5,order1,4,47,episodic,0.07307104408166616,0.3253731343283582,0.17152151462798135,0.22320720349768572,-0.15013615941601954,-0.03200157844529661,-0.22756514424864915,4,0.12576276063919067
hc2,confirm,exposure_5,order1,4,47,online100,0.11927155146828416,0.3253731343283582,0.3111576068097425,0.22731167529580043,-0.10804012382751627,0.010017068124579587,-0.14337853069457251,8,0.13310277462005615
hc2,confirm,exposure_5,order1,5,37,episodic,0.010669346441967735,0.3194888178913738,0.0330644102607515,0.0064068589528096164,0.004262487489158118,0.03392031299907716,0.07433762486906204,10,0.2533729672431946
hc2,confirm,exposure_5,order1,5,37,online100,0.009774008062576646,0.3194888178913738,0.030289747758282082,0.006928093381486548,0.002845914681090098,-0.026607315701766443,0.011823853435352083,10,0.22859728336334229
hc2,confirm,exposure_5,order1,6,41,episodic,0.48984414039517604,0.7,0.7059187276944544,0.46023552456421357,0.02960861583096247,0.07094381959138185,0.07762501334361238,7,0.17218661308288574
hc2,confirm,exposure_5,order1,6,41,online100,0.5124763105047432,0.7,0.7350555378730455,0.4674006882091996,0.04507562229554357,0.040655667826446806,0.06372824106327402,10,0.17386353015899658
hc2,confirm,exposure_5,order1,7,35,episodic,0.5720570628647791,0.6473988439306358,0.8831578618266365,0.43363268220997775,0.13842438065480134,0.03482110022861984,0.03572986202425099,5,0.15955859422683716
hc2,confirm,exposure_5,order1,7,35,online100,0.5604639706103012,0.6473988439306358,0.8650983896408129,0.4752809026676572,0.08518306794264396,0.03831725656746776,0.045554957312806454,4,0.11117357015609741
hc2,confirm,exposure_5,order1,8,42,episodic,0.14753063328678442,0.6368715083798883,0.2346250815461438,0.14376297112143202,0.0037676621653524034,0.19461465764158503,0.10280010791725502,10,0.2487735152244568
hc2,confirm,exposure_5,order1,8,42,online100,0.14740987593135227,0.6368715083798883,0.23439474547063133,0.15821472858324628,-0.010804852651894015,0.15318281105437637,0.080197137146377,8,0.21719878911972046
hc2,confirm,exposure_5,order1,9,44,episodic,0.21874778747032592,0.8571428571428571,0.2664935636744623,0.21422127173519087,0.004526515735135045,-0.2559940183055148,-0.2564600029886608,10,0.4965507388114929
hc2,confirm,exposure_5,order1,9,44,online100,0.2162722910393175,0.8571428571428571,0.2630375711788573,0.24266742876890682,-0.02639513772958932,-0.3058976962456378,-0.2951074742699693,10,0.4711492359638214
hc2,confirm,exposure_5,order1,10,36,episodic,0.20484774611952986,0.3788546255506608,0.544886154435508,0.15465629441893733,0.050191451700592526,0.14787554967350924,0.18987413820661914,10,0.2812194228172302
hc2,confirm,exposure_5,order1,10,36,online100,0.20133282574552794,0.3788546255506608,0.5352687409325122,0.17448196676717195,0.026850858978355985,0.06884308330631295,0.12712145835116895,10,0.22344321012496948
hc2,confirm,exposure_5,order1,11,38,episodic,0.48500607215757335,0.5683297180043384,0.853730467738475,0.43168251475386676,0.05332355740370659,0.1205578171392816,0.126290674319117,9,0.19721966981887817
hc2,confirm,exposure_5,order1,11,38,online100,0.48187446458675653,0.5683297180043384,0.848081345963167,0.453130529201905,0.028743935384851538,0.08926577949945014,0.09779900230848804,10,0.14448267221450806
hc2,confirm,exposure_5,order1,12,34,episodic,0.5419712778096004,0.6259541984732825,0.8636731259874018,0.4676787954705643,0.07429248233903613,0.09687740273383927,0.09414764866801562,9,0.2122369408607483
hc2,confirm,exposure_5,order1,12,34,online100,0.5651889889444665,0.6259541984732825,0.8992979453420731,0.4988019520098599,0.06638703693460657,0.07093559868397548,0.06894980595772415,9,0.1347009539604187
hc2,confirm,exposure_5,order1,13,40,episodic,0.45581440428952336,0.6320754716981132,0.7605357912976877,0.39257599642378294,0.06323840786574042,0.10274840639448157,0.03917625962860549,10,0.14646154642105103
hc2,confirm,exposure_5,order1,13,40,online100,0.45539352352384516,0.6320754716981132,0.7556022496725834,0.41274765007531194,0.04264587344853321,0.04151225923292745,0.006060935835894066,8,0.09027403593063354
hc2,confirm,exposure_5,order1,14,39,episodic,0.007825032310368275,0.8840579710144928,0.00880316134916431,0.006555615559792582,0.0012694167505756934,0.051530881048573784,0.09735208957594782,10,0.2947174310684204
hc2,confirm,exposure_5,order1,14,39,online100,0.008121701267152856,0.8840579710144928,0.009136913925546962,0.006943955873944724,0.0011777453932081319,0.14655293589696716,0.057683103554043824,8,0.12142962217330933
hc2,confirm,exposure_5,order1,15,32,episodic,0.13856208280534635,0.3372093023255814,0.37586460849742587,0.14959846350320752,-0.01103638069786117,0.013555080850236934,0.024709481833375624,10,0.2385997772216797
hc2,confirm,exposure_5,order1,15,32,online100,0.14956118180291525,0.3372093023255814,0.40261112243165703,0.16047722490685004,-0.010916043103934792,0.004800591961928946,0.0131259581091685,10,0.18923813104629517
hc2,confirm,exposure_5,order2,0,43,episodic,0.4168999479319378,0.7518796992481203,0.5393530385289388,0.3133999646150198,0.10349998331691801,0.014034068882474049,0.046420369473556655,8,0.6450141966342926
hc2,confirm,exposure_5,order2,0,43,online100,0.4168999479319378,0.7518796992481203,0.5393530385289388,0.3133999646150198,0.10349998331691801,0.014034068882474049,0.046420369473556655,8,0.6450141966342926
hc2,confirm,exposure_5,order2,1,46,episodic,0.42305390033021295,0.5201342281879194,0.8132866268218084,0.3246900132727604,0.09836388705745253,0.16091774452072616,0.09787049190721686,6,0.2536638379096985
hc2,confirm,exposure_5,order2,1,46,online100,0.4192708780849019,0.5201342281879194,0.8059630734915542,0.3349223339557054,0.08434854412919646,0.13033980788146182,0.0794082448272283,7,0.2347853183746338
hc2,confirm,exposure_5,order2,2,38,episodic,0.48500607215757335,0.5683297180043384,0.853730467738475,0.43168251475386676,0.05332355740370659,0.1205578171392816,0.126290674319117,9,0.19721966981887817
hc2,confirm,exposure_5,order2,2,38,online100,0.4871740239897354,0.5683297180043384,0.8576724773693589,0.4465312651853749,0.040642758804360524,0.11132204666746892,0.11800650724831818,10,0.16958260536193848
hc2,confirm,exposure_5,order2,3,40,episodic,0.45581440428952336,0.6320754716981132,0.7605357912976877,0.39257599642378294,0.06323840786574042,0.10274840639448157,0.03917625962860549,10,0.14646154642105103
hc2,confirm,exposure_5,order2,3,40,online100,0.44490323438420826,0.6320754716981132,0.750724470450264,0.40204081064859803,0.04286242373561022,0.1400540668081015,0.09527298587861466,10,0.1268390417098999
hc2,confirm,exposure_5,order2,4,34,episodic,0.5419712778096004,0.6259541984732825,0.8636731259874018,0.4676787954705643,0.07429248233903613,0.09687740273383927,0.09414764866801562,9,0.2122369408607483
hc2,confirm,exposure_5,order2,4,34,online100,0.5522854492003574,0.6259541984732825,0.8806591485792441,0.48918749585373233,0.06309795334662505,0.08654102553608145,0.08456762550207597,8,0.1815086007118225
hc2,confirm,exposure_5,order2,5,36,episodic,0.20484774611952986,0.3788546255506608,0.544886154435508,0.15465629441893733,0.050191451700592526,0.14787554967350924,0.18987413820661914,10,0.2812194228172302
hc2,confirm,exposure_5,order2,5,36,online100,0.20573177601347453,0.3788546255506608,0.5472512257400811,0.16101622695667428,0.04471554905680025,0.10876324573332241,0.14923124405846544,10,0.2519838809967041
hc2,confirm,exposure_5,order2,6,42,episodic,0.14753063328678442,0.6368715083798883,0.2346250815461438,0.14376297112143202,0.0037676621653524034,0.19461465764158503,0.10280010791725502,10,0.2487735152244568
hc2,confirm,exposure_5,order2,6,42,online100,0.1485470480345408,0.6368715083798883,0.23623062046558788,0.1535535643949921,-0.005006516360451296,0.15340570569536705,0.0881340417750276,9,0.19955933094024658
hc2,confirm,exposure_5,order2,7,33,episodic,0.6972836606855077,0.8660714285714286,0.802242449611276,0.487686136391548,0.20959752429395972,0.02686747756582608,0.014735662183810394,4,0.2892113924026489
hc2,confirm,exposure_5,order2,7,33,online100,0.7140599792245876,0.8660714285714286,0.8248106071481244,0.5346657484200461,0.17939423080454153,-0.006780122856707593,0.00586399260974968,9,0.2414693832397461
hc2,confirm,exposure_5,order2,8,41,episodic,0.48984414039517604,0.7,0.7059187276944544,0.46023552456421357,0.02960861583096247,0.07094381959138185,0.07762501334361238,7,0.17218661308288574
hc2,confirm,exposure_5,order2,8,41,online100,0.504585910821398,0.7,0.724674810663474,0.4700125071234252,0.03457340369797285,0.051475551752231063,0.07241365333472338,10,0.15255838632583618
hc2,confirm,exposure_5,order2,9,47,episodic,0.07307104408166616,0.3253731343283582,0.17152151462798135,0.22320720349768572,-0.15013615941601954,-0.03200157844529661,-0.22756514424864915,4,0.12576276063919067
hc2,confirm,exposure_5,order2,9,47,online100,0.13510216052964708,0.3253731343283582,0.3706971317362266,0.22969389128330928,-0.0945917307536622,0.03935581871791727,-0.0041872845156302185,3,0.07565426826477051
hc2,confirm,exposure_5,order2,10,37,episodic,0.010669346441967735,0.3194888178913738,0.0330644102607515,0.0064068589528096164,0.004262487489158118,0.03392031299907716,0.07433762486906204,10,0.2533729672431946
hc2,confirm,exposure_5,order2,10,37,online100,0.008728140208952967,0.3194888178913738,0.027048592924775038,0.008142374712824372,0.000585765496128595,-0.08901769884424382,-0.06574142841216635,9,0.20923036336898804
hc2,confirm,exposure_5,order2,11,39,episodic,0.007825032310368275,0.8840579710144928,0.00880316134916431,0.006555615559792582,0.0012694167505756934,0.051530881048573784,0.09735208957594782,10,0.2947174310684204
hc2,confirm,exposure_5,order2,11,39,online100,0.007536983286599002,0.8840579710144928,0.008479106197423878,0.0066095608501427535,0.0009274224364562485,0.06075001911793676,0.06352286504721416,10,0.17372161149978638
hc2,confirm,exposure_5,order2,12,44,episodic,0.21874778747032592,0.8571428571428571,0.2664935636744623,0.21422127173519087,0.004526515735135045,-0.2559940183055148,-0.2564600029886608,10,0.4965507388114929
hc2,confirm,exposure_5,order2,12,44,online100,0.21472234552551286,0.8571428571428571,0.2612457491785269,0.24730621870292943,-0.03258387317741657,-0.3046281873459532,-0.28926013022239666,8,0.417573481798172
hc2,confirm,exposure_5,order2,13,32,episodic,0.13856208280534635,0.3372093023255814,0.37586460849742587,0.14959846350320752,-0.01103638069786117,0.013555080850236934,0.024709481833375624,10,0.2385997772216797
hc2,confirm,exposure_5,order2,13,32,online100,0.13932735758386913,0.3372093023255814,0.37785940490621917,0.16107667625602654,-0.021749318672157403,-0.020757619334594857,-0.013212744320289627,8,0.20136034488677979
hc2,confirm,exposure_5,order2,14,45,episodic,0.0,0.422360248447205,0.0,0.0,0.0,-0.5059285599781402,-0.4987750958148627,3,0.3006492257118225
hc2,confirm,exposure_5,order2,14,45,online100,0.0,0.422360248447205,0.0,0.0,0.0,-0.4861130929696814,-0.4964064063721968,4,0.20951783657073975
hc2,confirm,exposure_5,order2,15,35,episodic,0.5720570628647791,0.6473988439306358,0.8831578618266365,0.43363268220997775,0.13842438065480134,0.03482110022861984,0.03572986202425099,5,0.15955859422683716
hc2,confirm,exposure_5,order2,15,35,online100,0.5665494810285014,0.6473988439306358,0.8746382367485369,0.49178279333645164,0.0747666876920498,0.014067401570816762,0.0027114681665925122,10,0.1084296703338623
