dataset,panel,model,field,metric,mean,ci_low,ci_high,bootstrap_defined,bootstrap_undefined
vidstg,search_all,all,P_A,r2,0.8612788395269687,0.6859131600674757,0.9464813642385329,10000,0
vidstg,search_all,all,P_A,mae,0.11045785980581521,0.0692251998140628,0.16485469362607147,10000,0
vidstg,search_all,all,P_A,mse,0.023244640534309108,0.007918146016687983,0.04756288557513199,10000,0
vidstg,search_all,all,P_A,rho,0.9490681593088585,0.8833529588778226,0.9869883762241346,10000,0
vidstg,search_all,all,P_A,truth_mean,0.48397715094594584,0.28654129172917064,0.6841029490838275,10000,0
vidstg,search_all,all,P_A,prediction_mean,0.46069629818929875,0.3133698478597175,0.6145229194708293,10000,0
vidstg,search_all,all,P_A,below_zero,0.0,0.0,0.0,10000,0
vidstg,search_all,all,P_A,above_one,0.020833333333333332,0.0,0.0625,10000,0
vidstg,search_all,all,R_A,r2,0.4199296235545784,-0.33065043501480074,0.6869038854354028,10000,0
vidstg,search_all,all,R_A,mae,0.25647563607119495,0.18362212732013036,0.34041136370289604,10000,0
vidstg,search_all,all,R_A,mse,0.0944783646332815,0.04506234538566112,0.15673367622990023,10000,0
vidstg,search_all,all,R_A,rho,0.7018911423201997,0.3898150700894555,0.9010265404815903,10000,0
vidstg,search_all,all,R_A,truth_mean,0.5671490034454294,0.36711066350723237,0.7611486219562962,10000,0
vidstg,search_all,all,R_A,prediction_mean,0.48445848101046507,0.38547577427401597,0.5875763818153057,10000,0
vidstg,search_all,all,R_A,below_zero,0.0,0.0,0.0,10000,0
vidstg,search_all,all,R_A,above_one,0.0,0.0,0.0,10000,0
vidstg,search_all,all,P_W,r2,0.839055784776028,0.698957598918891,0.9187967030503777,10000,0
vidstg,search_all,all,P_W,mae,0.13852813069300435,0.09540153773883836,0.18613412867523055,10000,0
vidstg,search_all,all,P_W,mse,0.03046018183722993,0.014691300627793126,0.04923156973076195,10000,0
vidstg,search_all,all,P_W,rho,0.9421743835732138,0.890562506220291,0.9806391624944533,10000,0
vidstg,search_all,all,P_W,truth_mean,0.5046558221165262,0.2937101153154458,0.7155991922298386,10000,0
vidstg,search_all,all,P_W,prediction_mean,0.5019561423861858,0.3492896673212735,0.6521497613426431,10000,0
vidstg,search_all,all,P_W,below_zero,0.0,0.0,0.0,10000,0
vidstg,search_all,all,P_W,above_one,0.020833333333333332,0.0,0.0625,10000,0
vidstg,search_all,all,R_W,r2,0.5084122496510947,0.058013013283944766,0.640033757069747,10000,0
vidstg,search_all,all,R_W,mae,0.24817835403265348,0.18899255309994764,0.3061076470742753,10000,0
vidstg,search_all,all,R_W,mse,0.08016870402495926,0.05305033211807065,0.1109869879536284,10000,0
vidstg,search_all,all,R_W,rho,0.7693829120777514,0.5620747612992242,0.9087484262913218,10000,0
vidstg,search_all,all,R_W,truth_mean,0.5798107887753996,0.39158219449028303,0.7590887484334093,10000,0
vidstg,search_all,all,R_W,prediction_mean,0.5400790184802194,0.448260329089308,0.636874487329229,10000,0
vidstg,search_all,all,R_W,below_zero,0.0,0.0,0.0,10000,0
vidstg,search_all,all,R_W,above_one,0.010416666666666666,0.0,0.03125,10000,0
vidstg,search_all,all,P_pool,r2,0.7793757132120009,0.6543109836633799,0.8519702265646543,10000,0
vidstg,search_all,all,P_pool,mae,0.15227494800242874,0.12249489352768045,0.18477313114087227,10000,0
vidstg,search_all,all,P_pool,mse,0.04223080432540196,0.029464183215723312,0.05700075313332969,10000,0
vidstg,search_all,all,P_pool,rho,0.8941587620854182,0.8274822694351693,0.9319560630162745,10000,0
vidstg,search_all,all,P_pool,truth_mean,0.3984775807466068,0.2422042603858085,0.5702071575320065,10000,0
vidstg,search_all,all,P_pool,prediction_mean,0.3984775807466071,0.2636350460021268,0.5476923437095145,10000,0
vidstg,search_all,all,P_pool,below_zero,0.027018229166666668,0.011393229166666668,0.044596354166666664,10000,0
vidstg,search_all,all,P_pool,above_one,0.034505208333333336,0.0006510416666666666,0.09733072916666667,10000,0
vidstg,search_all,all,R_pool,r2,0.5109607691908451,0.39230620996054555,0.6307786077308922,10000,0
vidstg,search_all,all,R_pool,mae,0.2022657003055623,0.16199463538942704,0.2459872545465155,10000,0
vidstg,search_all,all,R_pool,mse,0.06813434983074808,0.046010010785488144,0.09315320022511699,10000,0
vidstg,search_all,all,R_pool,rho,0.7434301329704159,0.6562893533751859,0.8234798148090514,10000,0
vidstg,search_all,all,R_pool,truth_mean,0.31616758316414983,0.2693217946405622,0.3607560472808545,10000,0
vidstg,search_all,all,R_pool,prediction_mean,0.3161675831641499,0.2737735509999193,0.35738573157396275,10000,0
vidstg,search_all,all,R_pool,below_zero,0.029947916666666668,0.006510416666666667,0.0625,10000,0
vidstg,search_all,all,R_pool,above_one,0.0016276041666666667,0.0,0.0048828125,10000,0
vidstg,search_all,all,T_A,r2,0.6108755006704237,0.13632249975601726,0.8453748176871121,10000,0
vidstg,search_all,all,T_A,mae,0.16000044576299888,0.09679706525137197,0.24518754686605176,10000,0
vidstg,search_all,all,T_A,mse,0.05176479574005329,0.015894335550722942,0.1099594328346327,10000,0
vidstg,search_all,all,T_A,rho,0.8337666698570664,0.662306277937113,0.9691786561309679,10000,0
vidstg,search_all,all,T_A,truth_mean,0.42363786930715125,0.2510251527605097,0.6027454065912491,10000,0
vidstg,search_all,all,T_A,prediction_mean,0.3353425161261353,0.22329612859742135,0.4586071583877823,10000,0
vidstg,search_all,all,T_A,below_zero,0.0,0.0,0.0,10000,0
vidstg,search_all,all,T_A,above_one,0.0,0.0,0.0,10000,0
vidstg,search_all,all,T_W,r2,0.7167423179233844,0.41432582631645754,0.8570840629299107,10000,0
vidstg,search_all,all,T_W,mae,0.15660041738877623,0.10850226396955265,0.21234099379383717,10000,0
vidstg,search_all,all,T_W,mse,0.03791475929162184,0.017381067967343008,0.06364329865602755,10000,0
vidstg,search_all,all,T_W,rho,0.8783795312538043,0.7777940776093051,0.961427845124992,10000,0
vidstg,search_all,all,T_W,truth_mean,0.4241245153180383,0.24652666765620007,0.6020876618882048,10000,0
vidstg,search_all,all,T_W,prediction_mean,0.36936186474554494,0.25110505821039414,0.49625876508872635,10000,0
vidstg,search_all,all,T_W,below_zero,0.0,0.0,0.0,10000,0
vidstg,search_all,all,T_W,above_one,0.0,0.0,0.0,10000,0
vidstg,search_all,all,delta_T,r2,0.2524532114719015,-0.8366251342388882,0.4198615192474277,10000,0
vidstg,search_all,all,delta_T,mae,0.10705421582506539,0.0549298738874713,0.1679779141882689,10000,0
vidstg,search_all,all,delta_T,mse,0.02804002490843707,0.0078641281079075,0.05486958615830858,10000,0
vidstg,search_all,all,delta_T,rho,0.582193603179977,-0.03281415123687971,0.8402215085517196,10000,0
vidstg,search_all,all,delta_T,truth_mean,0.0004866460108870507,-0.07849515588723534,0.10170286985155091,10000,0
vidstg,search_all,all,delta_T,prediction_mean,0.03401934861940963,0.008044613238713937,0.062385208970653035,10000,0
vidstg,search_all,all,delta_T,below_zero,0.30208333333333337,0.14583333333333331,0.46875,10000,0
vidstg,search_all,all,delta_T,above_one,0.0,0.0,0.0,10000,0
vidstg,search_all,role,P_A,r2,0.9496305139749938,0.9079451725933717,0.9690764168511492,10000,0
vidstg,search_all,role,P_A,mae,0.0750541417031759,0.0561031927907872,0.09754400434496632,10000,0
vidstg,search_all,role,P_A,mse,0.008440100937425433,0.004782057046725207,0.0134152220084964,10000,0
vidstg,search_all,role,P_A,rho,0.982237016601431,0.969728433875285,0.9906196871437633,10000,0
vidstg,search_all,role,P_A,truth_mean,0.48397715094594584,0.28654129172917064,0.6841029490838275,10000,0
vidstg,search_all,role,P_A,prediction_mean,0.47235180915606556,0.30294336933826127,0.6440055913028389,10000,0
vidstg,search_all,role,P_A,below_zero,0.020833333333333332,0.0,0.0625,10000,0
vidstg,search_all,role,P_A,above_one,0.052083333333333336,0.0,0.15625,10000,0
vidstg,search_all,role,R_A,r2,0.9423224646622453,0.8744402793263024,0.9708118253375668,10000,0
vidstg,search_all,role,R_A,mae,0.07185636912785694,0.050229892066223046,0.09747289662640149,10000,0
vidstg,search_all,role,R_A,mse,0.009394169114757545,0.004574773470914242,0.01515233892644669,10000,0
vidstg,search_all,role,R_A,rho,0.9754305875220702,0.9452368582709456,0.9898557697075479,10000,0
vidstg,search_all,role,R_A,truth_mean,0.5671490034454294,0.36711066350723237,0.7611486219562962,10000,0
vidstg,search_all,role,R_A,prediction_mean,0.5601747654470223,0.3846266891185306,0.7300407481755408,10000,0
vidstg,search_all,role,R_A,below_zero,0.0,0.0,0.0,10000,0
vidstg,search_all,role,R_A,above_one,0.010416666666666666,0.0,0.03125,10000,0
vidstg,search_all,role,P_W,r2,0.9391073937368782,0.8895884294383339,0.96707504189934,10000,0
vidstg,search_all,role,P_W,mae,0.07955449985495397,0.053968406748567566,0.10563930122763816,10000,0
vidstg,search_all,role,P_W,mse,0.011524489132687197,0.006174259172716826,0.017454130534900882,10000,0
vidstg,search_all,role,P_W,rho,0.9770618881194314,0.9590478096588035,0.9885883781582099,10000,0
vidstg,search_all,role,P_W,truth_mean,0.5046558221165262,0.2937101153154458,0.7155991922298386,10000,0
vidstg,search_all,role,P_W,prediction_mean,0.5162811639064062,0.3353749495161252,0.6955498398975988,10000,0
vidstg,search_all,role,P_W,below_zero,0.03125,0.0,0.09375,10000,0
vidstg,search_all,role,P_W,above_one,0.0625,0.0,0.17708333333333334,10000,0
vidstg,search_all,role,R_W,r2,0.9234884843593307,0.864423809468243,0.9558679344828502,10000,0
vidstg,search_all,role,R_W,mae,0.0819829332721827,0.057243753692302835,0.10874375878479861,10000,0
vidstg,search_all,role,R_W,mse,0.012477587261977858,0.006385249357092881,0.019733057529434855,10000,0
vidstg,search_all,role,R_W,rho,0.9696994564283703,0.9424678488460989,0.9865436950984011,10000,0
vidstg,search_all,role,R_W,truth_mean,0.5798107887753996,0.39158219449028303,0.7590887484334093,10000,0
vidstg,search_all,role,R_W,prediction_mean,0.5867850267738066,0.42218877668663374,0.7465617264055547,10000,0
vidstg,search_all,role,R_W,below_zero,0.0,0.0,0.0,10000,0
vidstg,search_all,role,R_W,above_one,0.05208333333333333,0.0,0.14583333333333334,10000,0
vidstg,search_all,role,P_pool,r2,0.5626484806509955,0.2558055499351138,0.7430145131876763,10000,0
vidstg,search_all,role,P_pool,mae,0.2132883783691752,0.16029607788787503,0.2724189078639462,10000,0
vidstg,search_all,role,P_pool,mse,0.08371565390166161,0.05031295799655407,0.12399076944497682,10000,0
vidstg,search_all,role,P_pool,rho,0.7652851170663134,0.577847941568596,0.8686357068108739,10000,0
vidstg,search_all,role,P_pool,truth_mean,0.3984775807466068,0.2422042603858085,0.5702071575320065,10000,0
vidstg,search_all,role,P_pool,prediction_mean,0.4648104585279893,0.32313118769743704,0.6119941164234949,10000,0
vidstg,search_all,role,P_pool,below_zero,0.043619791666666664,0.008463541666666666,0.09016927083333333,10000,0
vidstg,search_all,role,P_pool,above_one,0.0771484375,0.0078125,0.16569010416666666,10000,0
vidstg,search_all,role,R_pool,r2,-2.2967374330028227,-3.69160229174945,-1.2419871998670293,10000,0
vidstg,search_all,role,R_pool,mae,0.5435931973469232,0.46496552273187797,0.6393681391783228,10000,0
vidstg,search_all,role,R_pool,mse,0.4593109251964981,0.3312250757925757,0.625323821800116,10000,0
vidstg,search_all,role,R_pool,rho,0.04007181728436743,-0.17420451455060537,0.20151948477044326,10000,0
vidstg,search_all,role,R_pool,truth_mean,0.31616758316414983,0.2693217946405622,0.3607560472808545,10000,0
vidstg,search_all,role,R_pool,prediction_mean,0.7653900329922492,0.6384143698507114,0.8950135552230009,10000,0
vidstg,search_all,role,R_pool,below_zero,0.00390625,0.0,0.01171875,10000,0
vidstg,search_all,role,R_pool,above_one,0.26171875,0.15038248697916667,0.384765625,10000,0
vidstg,search_all,role,T_A,r2,0.9160406106456068,0.8099563359909888,0.9726822863729198,10000,0
vidstg,search_all,role,T_A,mae,0.0700070939145715,0.04029897267921632,0.11095610409457406,10000,0
vidstg,search_all,role,T_A,mse,0.011169023404791388,0.0028952999404611188,0.024628804636760933,10000,0
vidstg,search_all,role,T_A,rho,0.968112597690379,0.9366327297657251,0.9894551296453324,10000,0
vidstg,search_all,role,T_A,truth_mean,0.42363786930715125,0.2510251527605097,0.6027454065912491,10000,0
vidstg,search_all,role,T_A,prediction_mean,0.39128398335296855,0.24250255685153524,0.5430788783296814,10000,0
vidstg,search_all,role,T_A,below_zero,0.0,0.0,0.0,10000,0
vidstg,search_all,role,T_A,above_one,0.0,0.0,0.0,10000,0
vidstg,search_all,role,T_W,r2,0.9394591104739215,0.8775978275635888,0.9686454751505407,10000,0
vidstg,search_all,role,T_W,mae,0.06780070774966257,0.04749808268406668,0.09135246667635892,10000,0
vidstg,search_all,role,T_W,mse,0.008103551638402083,0.0042161223896412525,0.013735946999650084,10000,0
vidstg,search_all,role,T_W,rho,0.9770956148892259,0.9537170595505385,0.9905181629229038,10000,0
vidstg,search_all,role,T_W,truth_mean,0.4241245153180383,0.24652666765620007,0.6020876618882048,10000,0
vidstg,search_all,role,T_W,prediction_mean,0.4132671235274578,0.26156990440373995,0.5643542701681333,10000,0
vidstg,search_all,role,T_W,below_zero,0.0,0.0,0.0,10000,0
vidstg,search_all,role,T_W,above_one,0.0,0.0,0.0,10000,0
vidstg,search_all,role,delta_T,r2,0.5724782850669399,-0.23572167233119037,0.7351604000455659,10000,0
vidstg,search_all,role,delta_T,mae,0.0905283812944691,0.05764225845904456,0.1262779603505224,10000,0
vidstg,search_all,role,delta_T,mse,0.016036079238898566,0.007362063029254644,0.025966920586207604,10000,0
vidstg,search_all,role,delta_T,rho,0.8230131442927666,0.16402646444765193,0.9460984449766703,10000,0
vidstg,search_all,role,delta_T,truth_mean,0.0004866460108870507,-0.07849515588723534,0.10170286985155091,10000,0
vidstg,search_all,role,delta_T,prediction_mean,0.021983140174489095,-0.013214477074822734,0.07504581669542121,10000,0
vidstg,search_all,role,delta_T,below_zero,0.3958333333333333,0.20833333333333337,0.5833333333333334,10000,0
vidstg,search_all,role,delta_T,above_one,0.0,0.0,0.0,10000,0
vidstg,search_corrupt,all,P_A,r2,0.8593420107532076,0.6857717934681442,0.9446296963682052,10000,0
vidstg,search_corrupt,all,P_A,mae,0.11151979029739498,0.06980329765724272,0.16551333545015692,10000,0
vidstg,search_corrupt,all,P_A,mse,0.023650607715640527,0.008144339547192153,0.0478433931777752,10000,0
vidstg,search_corrupt,all,P_A,rho,0.9490166274292855,0.8853239003812959,0.9864267180585882,10000,0
vidstg,search_corrupt,all,P_A,truth_mean,0.48381118631132286,0.28582124103855333,0.684145536031457,10000,0
vidstg,search_corrupt,all,P_A,prediction_mean,0.45789507076604535,0.31072246468780607,0.6113675695080821,10000,0
vidstg,search_corrupt,all,P_A,below_zero,0.0,0.0,0.0,10000,0
vidstg,search_corrupt,all,P_A,above_one,0.0125,0.0,0.037500000000000006,10000,0
vidstg,search_corrupt,all,R_A,r2,0.41763490157558203,-0.3194195789428366,0.6835459059862912,10000,0
vidstg,search_corrupt,all,R_A,mae,0.25802576506737906,0.1862288036876087,0.34111094803242864,10000,0
vidstg,search_corrupt,all,R_A,mse,0.09490080685009429,0.04597462252273072,0.1564764987409193,10000,0
vidstg,search_corrupt,all,R_A,rho,0.7034934569082308,0.3954873188739875,0.90081626136653,10000,0
vidstg,search_corrupt,all,R_A,truth_mean,0.565615942689824,0.3661008460388153,0.7596740377102505,10000,0
vidstg,search_corrupt,all,R_A,prediction_mean,0.4806877570973981,0.3827663799373047,0.5829630482949284,10000,0
vidstg,search_corrupt,all,R_A,below_zero,0.0,0.0,0.0,10000,0
vidstg,search_corrupt,all,R_A,above_one,0.0,0.0,0.0,10000,0
vidstg,search_corrupt,all,P_W,r2,0.8358029864991608,0.6932186965640571,0.9176983987806953,10000,0
vidstg,search_corrupt,all,P_W,mae,0.13929439121228226,0.09476056059788268,0.1884535223018992,10000,0
vidstg,search_corrupt,all,P_W,mse,0.03130006459330567,0.014726341740708184,0.051025850269921,10000,0
vidstg,search_corrupt,all,P_W,rho,0.9406765363559944,0.8886920771523422,0.9798610284323785,10000,0
vidstg,search_corrupt,all,P_W,truth_mean,0.5085657072274151,0.2972473492477398,0.7211461797761917,10000,0
vidstg,search_corrupt,all,P_W,prediction_mean,0.502265620516851,0.34946119354601046,0.6526822289065134,10000,0
vidstg,search_corrupt,all,P_W,below_zero,0.0,0.0,0.0,10000,0
vidstg,search_corrupt,all,P_W,above_one,0.0125,0.0,0.037500000000000006,10000,0
vidstg,search_corrupt,all,R_W,r2,0.49811870874676134,0.036821445856862936,0.6338982961187144,10000,0
vidstg,search_corrupt,all,R_W,mae,0.2514149371944279,0.1931421304622262,0.30818711328861653,10000,0
vidstg,search_corrupt,all,R_W,mse,0.08150698280994424,0.054537655991748375,0.11255897614063722,10000,0
vidstg,search_corrupt,all,R_W,rho,0.759415614074771,0.5478255561840832,0.9030716410773766,10000,0
vidstg,search_corrupt,all,R_W,truth_mean,0.5831414718596041,0.3963787827186735,0.7613182626081771,10000,0
vidstg,search_corrupt,all,R_W,prediction_mean,0.5400725328301436,0.4484064427771841,0.6373687189340695,10000,0
vidstg,search_corrupt,all,R_W,below_zero,0.0,0.0,0.0,10000,0
vidstg,search_corrupt,all,R_W,above_one,0.0125,0.0,0.037500000000000006,10000,0
vidstg,search_corrupt,all,P_pool,r2,0.7789523753232881,0.6521325996888063,0.8518720111007938,10000,0
vidstg,search_corrupt,all,P_pool,mae,0.15213542401283225,0.12227279308584149,0.18479603916082152,10000,0
vidstg,search_corrupt,all,P_pool,mse,0.042210204287275836,0.02927853014975464,0.05741421175531718,10000,0
vidstg,search_corrupt,all,P_pool,rho,0.8940270696093988,0.8258095263681701,0.9324398581064697,10000,0
vidstg,search_corrupt,all,P_pool,truth_mean,0.3974672388662255,0.24138857596899665,0.5690286954573442,10000,0
vidstg,search_corrupt,all,P_pool,prediction_mean,0.39570777920934797,0.2613117006099911,0.5444081224252244,10000,0
vidstg,search_corrupt,all,P_pool,below_zero,0.028515625,0.01171875,0.048046874999999996,10000,0
vidstg,search_corrupt,all,P_pool,above_one,0.03125,0.00078125,0.08789062500000001,10000,0
vidstg,search_corrupt,all,R_pool,r2,0.5066909309355454,0.38678446650663645,0.6280521152404605,10000,0
vidstg,search_corrupt,all,R_pool,mae,0.20295152161893695,0.16251036228624008,0.24673219439445876,10000,0
vidstg,search_corrupt,all,R_pool,mse,0.06862006824176826,0.046259880432012304,0.09395493543898618,10000,0
vidstg,search_corrupt,all,R_pool,rho,0.7400964644787287,0.6517887703889078,0.8218677894785487,10000,0
vidstg,search_corrupt,all,R_pool,truth_mean,0.31496745738117793,0.268208831653113,0.3591377102720003,10000,0
vidstg,search_corrupt,all,R_pool,prediction_mean,0.31487887053355434,0.27272950209291186,0.35592365463033465,10000,0
vidstg,search_corrupt,all,R_pool,below_zero,0.02890625,0.005849609375000009,0.0609375,10000,0
vidstg,search_corrupt,all,R_pool,above_one,0.0015625,0.0,0.004687500000000001,10000,0
vidstg,search_corrupt,all,T_A,r2,0.6039475489302653,0.1318838273292033,0.8377954014406251,10000,0
vidstg,search_corrupt,all,T_A,mae,0.1632188140953068,0.0989718346900761,0.24857860073026822,10000,0
vidstg,search_corrupt,all,T_A,mse,0.05294974176951905,0.016590949820263982,0.11103299753541207,10000,0
vidstg,search_corrupt,all,T_A,rho,0.8338208794539765,0.6637420433499154,0.9698142164779824,10000,0
vidstg,search_corrupt,all,T_A,truth_mean,0.42328503157225406,0.24920457069423382,0.6032506354895038,10000,0
vidstg,search_corrupt,all,T_A,prediction_mean,0.3317272816828476,0.22064696486289487,0.45385821812900295,10000,0
vidstg,search_corrupt,all,T_A,below_zero,0.0,0.0,0.0,10000,0
vidstg,search_corrupt,all,T_A,above_one,0.0,0.0,0.0,10000,0
vidstg,search_corrupt,all,T_W,r2,0.7127229816561762,0.40526747452879247,0.8546189426896752,10000,0
vidstg,search_corrupt,all,T_W,mae,0.1575022734352873,0.10892759137322511,0.21361999857593317,10000,0
vidstg,search_corrupt,all,T_W,mse,0.03840693414205792,0.017704474095504564,0.06443224533266331,10000,0
vidstg,search_corrupt,all,T_W,rho,0.8764397137817598,0.7728642482726853,0.9609320431391972,10000,0
vidstg,search_corrupt,all,T_W,truth_mean,0.4261531933937118,0.24864263685387744,0.6033131489368293,10000,0
vidstg,search_corrupt,all,T_W,prediction_mean,0.36933891630469545,0.25093405774332755,0.49563531868007793,10000,0
vidstg,search_corrupt,all,T_W,below_zero,0.0,0.0,0.0,10000,0
vidstg,search_corrupt,all,T_W,above_one,0.0,0.0,0.0,10000,0
vidstg,search_corrupt,all,delta_T,r2,0.23878127415277783,-0.8725176969126981,0.42074648213772703,10000,0
vidstg,search_corrupt,all,delta_T,mae,0.1079597548318202,0.05626520642000978,0.16838912993995284,10000,0
vidstg,search_corrupt,all,delta_T,mse,0.027945152716756638,0.007958210753319789,0.05414479347186007,10000,0
vidstg,search_corrupt,all,delta_T,rho,0.5623366370243555,-0.035103727260265234,0.8329670374471444,10000,0
vidstg,search_corrupt,all,delta_T,truth_mean,0.0028681618214577887,-0.07575024492065321,0.10146169814379878,10000,0
vidstg,search_corrupt,all,delta_T,prediction_mean,0.037611634621847814,0.010996731425760903,0.066492461208898,10000,0
vidstg,search_corrupt,all,delta_T,below_zero,0.2625,0.11249999999999999,0.425,10000,0
vidstg,search_corrupt,all,delta_T,above_one,0.0,0.0,0.0,10000,0
vidstg,search_corrupt,role,P_A,r2,0.9481116437811493,0.9069531639417598,0.9676709824578864,10000,0
vidstg,search_corrupt,role,P_A,mae,0.07641377371063617,0.0569118352237281,0.09911038072244722,10000,0
vidstg,search_corrupt,role,P_A,mse,0.008724645962258701,0.00493183188440623,0.013672642947758749,10000,0
vidstg,search_corrupt,role,P_A,rho,0.9819582764349911,0.9694927490816866,0.9902952269662678,10000,0
vidstg,search_corrupt,role,P_A,truth_mean,0.48381118631132286,0.28582124103855333,0.684145536031457,10000,0
vidstg,search_corrupt,role,P_A,prediction_mean,0.47010998393661857,0.30124000896980374,0.6403572376157177,10000,0
vidstg,search_corrupt,role,P_A,below_zero,0.025,0.0,0.07500000000000001,10000,0
vidstg,search_corrupt,role,P_A,above_one,0.05,0.0,0.15000000000000002,10000,0
vidstg,search_corrupt,role,R_A,r2,0.940415614882389,0.8702136009974534,0.9710515547449036,10000,0
vidstg,search_corrupt,role,R_A,mae,0.07289764906264609,0.050741656223623983,0.09869169988011939,10000,0
vidstg,search_corrupt,role,R_A,mse,0.009709727177378086,0.004596946823545585,0.0157606211654324,10000,0
vidstg,search_corrupt,role,R_A,rho,0.9738828961581322,0.9404780844855742,0.9898038214129211,10000,0
vidstg,search_corrupt,role,R_A,truth_mean,0.565615942689824,0.3661008460388153,0.7596740377102505,10000,0
vidstg,search_corrupt,role,R_A,prediction_mean,0.5620058838222439,0.38549871742704006,0.7319308115529534,10000,0
vidstg,search_corrupt,role,R_A,below_zero,0.0,0.0,0.0,10000,0
vidstg,search_corrupt,role,R_A,above_one,0.0125,0.0,0.037500000000000006,10000,0
vidstg,search_corrupt,role,P_W,r2,0.9383133909249789,0.8857007484222902,0.9677027933528671,10000,0
vidstg,search_corrupt,role,P_W,mae,0.0787357007791673,0.05244502351211788,0.10585040868621845,10000,0
vidstg,search_corrupt,role,P_W,mse,0.01175901319654811,0.005999406749924812,0.01826743989626275,10000,0
vidstg,search_corrupt,role,P_W,rho,0.9766296801651184,0.9570860465422051,0.9889308726221115,10000,0
vidstg,search_corrupt,role,P_W,truth_mean,0.5085657072274151,0.2972473492477398,0.7211461797761917,10000,0
vidstg,search_corrupt,role,P_W,prediction_mean,0.517745357735919,0.3365004161821789,0.6983071926694961,10000,0
vidstg,search_corrupt,role,P_W,below_zero,0.025,0.0,0.07500000000000001,10000,0
vidstg,search_corrupt,role,P_W,above_one,0.0625,0.0,0.17500000000000002,10000,0
vidstg,search_corrupt,role,R_W,r2,0.9221504923617969,0.8645734760458827,0.9564154348909827,10000,0
vidstg,search_corrupt,role,R_W,mae,0.08279412650899122,0.0583812346624744,0.11018196912094615,10000,0
vidstg,search_corrupt,role,R_W,mse,0.012642986681143184,0.006141673971686942,0.02061984987667859,10000,0
vidstg,search_corrupt,role,R_W,rho,0.9692868051694821,0.943026402886234,0.9870638828541322,10000,0
vidstg,search_corrupt,role,R_W,truth_mean,0.5831414718596041,0.3963787827186735,0.7613182626081771,10000,0
vidstg,search_corrupt,role,R_W,prediction_mean,0.5883201354847557,0.4254649493394145,0.7468872185778228,10000,0
vidstg,search_corrupt,role,R_W,below_zero,0.0,0.0,0.0,10000,0
vidstg,search_corrupt,role,R_W,above_one,0.05,0.0,0.13749999999999998,10000,0
vidstg,search_corrupt,role,P_pool,r2,0.5620450870024614,0.25490960522397615,0.7427047196379499,10000,0
vidstg,search_corrupt,role,P_pool,mae,0.21281058038633513,0.15982144792555417,0.2721108682386467,10000,0
vidstg,search_corrupt,role,P_pool,mse,0.08362978961334115,0.049917494111683634,0.1240935227570099,10000,0
vidstg,search_corrupt,role,P_pool,rho,0.7641658698721808,0.5745315905175751,0.8684028408753495,10000,0
vidstg,search_corrupt,role,P_pool,truth_mean,0.3974672388662255,0.24138857596899665,0.5690286954573442,10000,0
vidstg,search_corrupt,role,P_pool,prediction_mean,0.4621243536337379,0.32145796829276274,0.6085915416029704,10000,0
vidstg,search_corrupt,role,P_pool,below_zero,0.04101562499999999,0.008203125,0.084765625,10000,0
vidstg,search_corrupt,role,P_pool,above_one,0.075,0.0078125,0.159765625,10000,0
vidstg,search_corrupt,role,R_pool,r2,-2.2808227702255315,-3.6671414882463744,-1.2286441782442923,10000,0
vidstg,search_corrupt,role,R_pool,mae,0.5420648081362578,0.4640189306099757,0.637656347211903,10000,0
vidstg,search_corrupt,role,R_pool,mse,0.456367613125329,0.3288039745841876,0.6212895286870564,10000,0
vidstg,search_corrupt,role,R_pool,rho,0.04135703469661286,-0.17036565761729539,0.20179012988527645,10000,0
vidstg,search_corrupt,role,R_pool,truth_mean,0.31496745738117793,0.268208831653113,0.3591377102720003,10000,0
vidstg,search_corrupt,role,R_pool,prediction_mean,0.7623026418897059,0.6365860676248132,0.8917609355569819,10000,0
vidstg,search_corrupt,role,R_pool,below_zero,0.00390625,0.0,0.01171875,10000,0
vidstg,search_corrupt,role,R_pool,above_one,0.25703125000000004,0.14609375000000002,0.38046875,10000,0
vidstg,search_corrupt,role,T_A,r2,0.9164672576997861,0.811929530633222,0.9719744635752221,10000,0
vidstg,search_corrupt,role,T_A,mae,0.07012958064537514,0.040158752073304375,0.11059916220570344,10000,0
vidstg,search_corrupt,role,T_A,mse,0.011167806491664206,0.0029583663582143627,0.02439386328140178,10000,0
vidstg,search_corrupt,role,T_A,rho,0.9680267678388437,0.9364463911502874,0.989580756488439,10000,0
vidstg,search_corrupt,role,T_A,truth_mean,0.42328503157225406,0.24920457069423382,0.6032506354895038,10000,0
vidstg,search_corrupt,role,T_A,prediction_mean,0.39113571659530233,0.24191327367289014,0.5436259137649381,10000,0
vidstg,search_corrupt,role,T_A,below_zero,0.0,0.0,0.0,10000,0
vidstg,search_corrupt,role,T_A,above_one,0.0,0.0,0.0,10000,0
vidstg,search_corrupt,role,T_W,r2,0.9424823516763841,0.8867485223184587,0.9681921361520588,10000,0
vidstg,search_corrupt,role,T_W,mae,0.06666394926321216,0.04734938343749733,0.0887173672203106,10000,0
vidstg,search_corrupt,role,T_W,mse,0.007689708504727172,0.004203293796714955,0.012501173559654195,10000,0
vidstg,search_corrupt,role,T_W,rho,0.9789299366830367,0.9583422336813816,0.990626007860764,10000,0
vidstg,search_corrupt,role,T_W,truth_mean,0.4261531933937118,0.24864263685387744,0.6033131489368293,10000,0
vidstg,search_corrupt,role,T_W,prediction_mean,0.4138943885773678,0.26217810505496075,0.5650963992497294,10000,0
vidstg,search_corrupt,role,T_W,below_zero,0.0,0.0,0.0,10000,0
vidstg,search_corrupt,role,T_W,above_one,0.0,0.0,0.0,10000,0
vidstg,search_corrupt,role,delta_T,r2,0.5777239455970327,-0.20916867907765635,0.7492019664266892,10000,0
vidstg,search_corrupt,role,delta_T,mae,0.08949095679371669,0.05821538674664846,0.12371167602898545,10000,0
vidstg,search_corrupt,role,delta_T,mse,0.015502205119542407,0.0075171509750896716,0.024631866581533386,10000,0
vidstg,search_corrupt,role,delta_T,rho,0.8169429522660695,0.16623279054398013,0.9469551503321905,10000,0
vidstg,search_corrupt,role,delta_T,truth_mean,0.0028681618214577887,-0.07575024492065321,0.10146169814379878,10000,0
vidstg,search_corrupt,role,delta_T,prediction_mean,0.02275867198206538,-0.012957493243387012,0.07664235268843869,10000,0
vidstg,search_corrupt,role,delta_T,below_zero,0.37500000000000006,0.2,0.5625,10000,0
vidstg,search_corrupt,role,delta_T,above_one,0.0,0.0,0.0,10000,0
vidstg,search_clean,all,P_A,r2,0.8711666011173633,0.6836773431806308,0.9608323868445595,10000,0
vidstg,search_clean,all,P_A,mae,0.10514820734791638,0.06371747520781296,0.16190489186533757,10000,0
vidstg,search_clean,all,P_A,mse,0.021214804627652017,0.005846053364103355,0.046919888322302,10000,0
vidstg,search_clean,all,P_A,rho,0.9505584809335842,0.8733244027497148,0.9932420397150705,10000,0
vidstg,search_clean,all,P_A,truth_mean,0.48480697411906115,0.28839470229852826,0.6841911294997903,10000,0
vidstg,search_clean,all,P_A,prediction_mean,0.4747024353055658,0.3234469685064756,0.6292130162765147,10000,0
vidstg,search_clean,all,P_A,below_zero,0.0,0.0,0.0,10000,0
vidstg,search_clean,all,P_A,above_one,0.0625,0.0,0.1875,10000,0
vidstg,search_clean,all,R_A,r2,0.431191792693718,-0.3469417106299505,0.7151054325364593,10000,0
vidstg,search_clean,all,R_A,mae,0.24872499109027416,0.16740872681784055,0.3373542772779346,10000,0
vidstg,search_clean,all,R_A,mse,0.09236615354921765,0.040732567873609446,0.1559028523823775,10000,0
vidstg,search_clean,all,R_A,rho,0.6962917542087158,0.3678419721093415,0.9130140765259737,10000,0
vidstg,search_clean,all,R_A,truth_mean,0.5748143072234565,0.3734670025810172,0.7715260949560089,10000,0
vidstg,search_clean,all,R_A,prediction_mean,0.5033121005757999,0.3978269150289055,0.6140619636570066,10000,0
vidstg,search_clean,all,R_A,below_zero,0.0,0.0,0.0,10000,0
vidstg,search_clean,all,R_A,above_one,0.0,0.0,0.0,10000,0
vidstg,search_clean,all,P_W,r2,0.8556875679239434,0.7212589336011387,0.9283676143746153,10000,0
vidstg,search_clean,all,P_W,mae,0.1346968280966149,0.09289684764113758,0.17985655719470778,10000,0
vidstg,search_clean,all,P_W,mse,0.02626076805685115,0.012662046742478643,0.04359247536729832,10000,0
vidstg,search_clean,all,P_W,rho,0.950925306991249,0.89786347204574,0.9864669349585624,10000,0
vidstg,search_clean,all,P_W,truth_mean,0.485106396562081,0.276980841811982,0.6941126698190149,10000,0
vidstg,search_clean,all,P_W,prediction_mean,0.5004087517328603,0.347892549541145,0.6525452439315134,10000,0
vidstg,search_clean,all,P_W,below_zero,0.0,0.0,0.0,10000,0
vidstg,search_clean,all,P_W,above_one,0.0625,0.0,0.1875,10000,0
vidstg,search_clean,all,R_W,r2,0.5577376413114075,0.1704814134547462,0.6834274038126684,10000,0
vidstg,search_clean,all,R_W,mae,0.23199543822378155,0.16172893922920856,0.2993512706217747,10000,0
vidstg,search_clean,all,R_W,mse,0.07347731010003436,0.04275111104396309,0.10639264798917401,10000,0
vidstg,search_clean,all,R_W,rho,0.8207227438062165,0.6365677759354188,0.9419131517307088,10000,0
vidstg,search_clean,all,R_W,truth_mean,0.563157373354377,0.35884986910267636,0.757496730457528,10000,0
vidstg,search_clean,all,R_W,prediction_mean,0.5401114467305983,0.4465664811384142,0.6398173496901403,10000,0
vidstg,search_clean,all,R_W,below_zero,0.0,0.0,0.0,10000,0
vidstg,search_clean,all,R_W,above_one,0.0,0.0,0.0,10000,0
vidstg,search_clean,all,P_pool,r2,0.7814277053686827,0.6598191689275973,0.8517186086419904,10000,0
vidstg,search_clean,all,P_pool,mae,0.15297256795041117,0.12263365540190199,0.18644496388215634,10000,0
vidstg,search_clean,all,P_pool,mse,0.042333804516032615,0.029861833056982333,0.05620851089386189,10000,0
vidstg,search_clean,all,P_pool,rho,0.8952451731543127,0.8361737031930453,0.931296547229378,10000,0
vidstg,search_clean,all,P_pool,truth_mean,0.4035292901485129,0.2463041852172865,0.5757224785984232,10000,0
vidstg,search_clean,all,P_pool,prediction_mean,0.4123265884329029,0.27384608365660656,0.5645866141978714,10000,0
vidstg,search_clean,all,P_pool,below_zero,0.01953125,0.009765625,0.03125,10000,0
vidstg,search_clean,all,P_pool,above_one,0.05078125,0.0,0.146484375,10000,0
vidstg,search_clean,all,R_pool,r2,0.5319640895095987,0.41555020374430696,0.6436134371081742,10000,0
vidstg,search_clean,all,R_pool,mae,0.19883659373868878,0.1591783776913852,0.24182214225738413,10000,0
vidstg,search_clean,all,R_pool,mse,0.06570575777564722,0.04439095343303836,0.0901034439383112,10000,0
vidstg,search_clean,all,R_pool,rho,0.759708273928739,0.6767570591830856,0.8331762878828112,10000,0
vidstg,search_clean,all,R_pool,truth_mean,0.3221682120790094,0.2733074474745506,0.3695153763731278,10000,0
vidstg,search_clean,all,R_pool,prediction_mean,0.3226111463171278,0.2779116991211144,0.3655540822773666,10000,0
vidstg,search_clean,all,R_pool,below_zero,0.03515625,0.009765625,0.0703125,10000,0
vidstg,search_clean,all,R_pool,above_one,0.001953125,0.0,0.005859375,10000,0
vidstg,search_clean,all,T_A,r2,0.646570490844119,0.14978924823270182,0.9026029085683457,10000,0
vidstg,search_clean,all,T_A,mae,0.14390860410145923,0.0787012638854875,0.2326933422909481,10000,0
vidstg,search_clean,all,T_A,mse,0.04584006559272461,0.010128890758564754,0.10532774213499181,10000,0
vidstg,search_clean,all,T_A,rho,0.8375673367945804,0.6536377816192653,0.9737006314961939,10000,0
vidstg,search_clean,all,T_A,truth_mean,0.4254020579816373,0.2516633333042809,0.6046070477207107,10000,0
vidstg,search_clean,all,T_A,prediction_mean,0.35341868834257384,0.23421211569524755,0.4852636804901665,10000,0
vidstg,search_clean,all,T_A,below_zero,0.0,0.0,0.0,10000,0
vidstg,search_clean,all,T_A,above_one,0.0,0.0,0.0,10000,0
vidstg,search_clean,all,T_W,r2,0.7364545017142978,0.4606029642246693,0.8764137427446175,10000,0
vidstg,search_clean,all,T_W,mae,0.15209113715622072,0.10065260709595236,0.2113414471463252,10000,0
vidstg,search_clean,all,T_W,mse,0.03545388503944152,0.014364516448350325,0.06129392178100036,10000,0
vidstg,search_clean,all,T_W,rho,0.8885726162599976,0.7991387415375549,0.9694560369921039,10000,0
vidstg,search_clean,all,T_W,truth_mean,0.41398112493967065,0.2340909799155745,0.59420033839069,10000,0
vidstg,search_clean,all,T_W,prediction_mean,0.36947660694979256,0.2506354826604533,0.49838860964408355,10000,0
vidstg,search_clean,all,T_W,below_zero,0.0,0.0,0.0,10000,0
vidstg,search_clean,all,T_W,above_one,0.0,0.0,0.0,10000,0
vidstg,search_clean,all,delta_T,r2,0.3100944836415591,-0.8580559353814085,0.44920822453110254,10000,0
vidstg,search_clean,all,delta_T,mae,0.10252652079129133,0.04364300798566928,0.17125094283377998,10000,0
vidstg,search_clean,all,delta_T,mse,0.02851438586683924,0.005170863424687817,0.06009679576408344,10000,0
vidstg,search_clean,all,delta_T,rho,0.69995050646443,-0.17437564270182435,0.931427387412652,10000,0
vidstg,search_clean,all,delta_T,truth_mean,-0.011420933041966648,-0.10023720796372279,0.09970626778780418,10000,0
vidstg,search_clean,all,delta_T,prediction_mean,0.016057918607218724,-0.011012021415426107,0.04727802020449529,10000,0
vidstg,search_clean,all,delta_T,below_zero,0.5,0.25,0.75,10000,0
vidstg,search_clean,all,delta_T,above_one,0.0,0.0,0.0,10000,0
vidstg,search_clean,role,P_A,r2,0.9573848360554505,0.9114469703933298,0.9804930730289185,10000,0
vidstg,search_clean,role,P_A,mae,0.06825598166587456,0.04653700370697716,0.09344137464493751,10000,0
vidstg,search_clean,role,P_A,mse,0.007017375813259103,0.0031636459647623495,0.012579843786420972,10000,0
vidstg,search_clean,role,P_A,rho,0.9843209044703954,0.9699923523665376,0.9947376842599068,10000,0
vidstg,search_clean,role,P_A,truth_mean,0.48480697411906115,0.28839470229852826,0.6841911294997903,10000,0
vidstg,search_clean,role,P_A,prediction_mean,0.48356093525330063,0.31197115166629485,0.6582501757167087,10000,0
vidstg,search_clean,role,P_A,below_zero,0.0,0.0,0.0,10000,0
vidstg,search_clean,role,P_A,above_one,0.0625,0.0,0.1875,10000,0
vidstg,search_clean,role,R_A,r2,0.9518652640284839,0.8834701306175684,0.9800461607622382,10000,0
vidstg,search_clean,role,R_A,mae,0.06664996945391105,0.03966715584611492,0.09637936038609995,10000,0
vidstg,search_clean,role,R_A,mse,0.00781637880165483,0.002954132971570128,0.013854850718997346,10000,0
vidstg,search_clean,role,R_A,rho,0.9848117543355555,0.9677468128071994,0.9940636567329387,10000,0
vidstg,search_clean,role,R_A,truth_mean,0.5748143072234565,0.3734670025810172,0.7715260949560089,10000,0
vidstg,search_clean,role,R_A,prediction_mean,0.5510191735709137,0.37580329199930346,0.7178479728079151,10000,0
vidstg,search_clean,role,R_A,below_zero,0.0,0.0,0.0,10000,0
vidstg,search_clean,role,R_A,above_one,0.0,0.0,0.0,10000,0
vidstg,search_clean,role,P_W,r2,0.9431127314419204,0.8887136045333947,0.9712281754665416,10000,0
vidstg,search_clean,role,P_W,mae,0.08364849523388734,0.05573276855756597,0.11236842125516516,10000,0
vidstg,search_clean,role,P_W,mse,0.010351868813382637,0.0052639809341420585,0.01590849713495343,10000,0
vidstg,search_clean,role,P_W,rho,0.9797089997076341,0.9653247294576528,0.9907247686562897,10000,0
vidstg,search_clean,role,P_W,truth_mean,0.485106396562081,0.276980841811982,0.6941126698190149,10000,0
vidstg,search_clean,role,P_W,prediction_mean,0.508960194758842,0.327943741829951,0.6872139975093259,10000,0
vidstg,search_clean,role,P_W,below_zero,0.0625,0.0,0.1875,10000,0
vidstg,search_clean,role,P_W,above_one,0.0625,0.0,0.1875,10000,0
vidstg,search_clean,role,R_W,r2,0.9298747126156194,0.8302994193860475,0.9754061413289002,10000,0
vidstg,search_clean,role,R_W,mae,0.07792696708814001,0.04371308824513376,0.11533131173750617,10000,0
vidstg,search_clean,role,R_W,mse,0.011650590166151232,0.0036576854569996737,0.02166494059947713,10000,0
vidstg,search_clean,role,R_W,rho,0.9720185209289038,0.9229156745691286,0.9951380047647357,10000,0
vidstg,search_clean,role,R_W,truth_mean,0.563157373354377,0.35884986910267636,0.757496730457528,10000,0
vidstg,search_clean,role,R_W,prediction_mean,0.5791094832190619,0.4067088765374167,0.7479322120061909,10000,0
vidstg,search_clean,role,R_W,below_zero,0.0,0.0,0.0,10000,0
vidstg,search_clean,role,R_W,above_one,0.0625,0.0,0.1875,10000,0
vidstg,search_clean,role,P_pool,r2,0.5655538038045341,0.26311613998690364,0.7428302952333863,10000,0
vidstg,search_clean,role,P_pool,mae,0.2156773682833754,0.16170725691983096,0.27465073947078655,10000,0
vidstg,search_clean,role,P_pool,mse,0.0841449753432639,0.051146117125499685,0.12311158789127546,10000,0
vidstg,search_clean,role,P_pool,rho,0.7710543556533113,0.5930741547172002,0.8696726130624924,10000,0
vidstg,search_clean,role,P_pool,truth_mean,0.4035292901485129,0.2463041852172865,0.5757224785984232,10000,0
vidstg,search_clean,role,P_pool,prediction_mean,0.4782409829992466,0.33237860735208064,0.6291256601113903,10000,0
vidstg,search_clean,role,P_pool,below_zero,0.056640625,0.0078125,0.12109375,10000,0
vidstg,search_clean,role,P_pool,above_one,0.087890625,0.0078125,0.1973144531249993,10000,0
vidstg,search_clean,role,R_pool,r2,-2.3765973228026036,-3.8167763306486546,-1.288398137892801,10000,0
vidstg,search_clean,role,R_pool,mae,0.551235143400251,0.4695841560733802,0.6496399033091004,10000,0
vidstg,search_clean,role,R_pool,mse,0.47402748555234375,0.34298028258828384,0.6414320914719506,10000,0
vidstg,search_clean,role,R_pool,rho,0.03301041740188514,-0.20168236911395848,0.2026077415194261,10000,0
vidstg,search_clean,role,R_pool,truth_mean,0.3221682120790094,0.2733074474745506,0.3695153763731278,10000,0
vidstg,search_clean,role,R_pool,prediction_mean,0.7808269885049651,0.6491256016870679,0.9128429207382823,10000,0
vidstg,search_clean,role,R_pool,below_zero,0.00390625,0.0,0.01171875,10000,0
vidstg,search_clean,role,R_pool,above_one,0.28515625,0.17182617187500004,0.40625,10000,0
vidstg,search_clean,role,T_A,r2,0.9138392828700721,0.7929589303712921,0.9800234978687029,10000,0
vidstg,search_clean,role,T_A,mae,0.06939466026055335,0.0364304971976199,0.11379708145419708,10000,0
vidstg,search_clean,role,T_A,mse,0.011175107970427282,0.0021596815838365426,0.025786887301613885,10000,0
vidstg,search_clean,role,T_A,rho,0.968642327103293,0.9339334159851881,0.9928570990068376,10000,0
vidstg,search_clean,role,T_A,truth_mean,0.4254020579816373,0.2516633333042809,0.6046070477207107,10000,0
vidstg,search_clean,role,T_A,prediction_mean,0.39202531714129957,0.24689970116668916,0.5413424157904869,10000,0
vidstg,search_clean,role,T_A,below_zero,0.0,0.0,0.0,10000,0
vidstg,search_clean,role,T_A,above_one,0.0,0.0,0.0,10000,0
vidstg,search_clean,role,T_W,r2,0.9243810085741967,0.8263341323077265,0.9754781667344709,10000,0
vidstg,search_clean,role,T_W,mae,0.0734845001819146,0.04309304371397601,0.10931585426059164,10000,0
vidstg,search_clean,role,T_W,mse,0.010172767306776622,0.0032764266095422915,0.02045554314492737,10000,0
vidstg,search_clean,role,T_W,rho,0.9681325689177298,0.9270214530653652,0.9941628407019959,10000,0
vidstg,search_clean,role,T_W,truth_mean,0.41398112493967065,0.2340909799155745,0.59420033839069,10000,0
vidstg,search_clean,role,T_W,prediction_mean,0.4101307982779073,0.2579077607938937,0.5628092831473969,10000,0
vidstg,search_clean,role,T_W,below_zero,0.0,0.0,0.0,10000,0
vidstg,search_clean,role,T_W,above_one,0.0,0.0,0.0,10000,0
vidstg,search_clean,role,delta_T,r2,0.547421673822226,-0.5621784666858722,0.6946102149227205,10000,0
vidstg,search_clean,role,delta_T,mae,0.09571550379823116,0.05110945529555656,0.14495384221222682,10000,0
vidstg,search_clean,role,delta_T,mse,0.018705449835679355,0.005778475539228845,0.03437650304172432,10000,0
vidstg,search_clean,role,delta_T,rho,0.8713442969364142,-0.021196623345553462,0.9731946349756209,10000,0
vidstg,search_clean,role,delta_T,truth_mean,-0.011420933041966648,-0.10023720796372279,0.09970626778780418,10000,0
vidstg,search_clean,role,delta_T,prediction_mean,0.018105481136607655,-0.017017863648040556,0.06708920925668958,10000,0
vidstg,search_clean,role,delta_T,below_zero,0.5,0.25,0.75,10000,0
vidstg,search_clean,role,delta_T,above_one,0.0,0.0,0.0,10000,0
vidstg,confirm_all,all,P_A,r2,-0.1599535341310967,-2.41100022481992,0.5326231144874801,10000,0
vidstg,confirm_all,all,P_A,mae,0.3614740053414435,0.2100269067771326,0.5329800914237862,10000,0
vidstg,confirm_all,all,P_A,mse,0.18748066618532908,0.05970874631921097,0.3479194880103753,10000,0
vidstg,confirm_all,all,P_A,rho,0.23349250402576974,-0.4844191784758889,0.8040881060890678,10000,0
vidstg,confirm_all,all,P_A,truth_mean,0.5291426996862171,0.2520846134570352,0.8043770231781099,10000,0
vidstg,confirm_all,all,P_A,prediction_mean,0.6274901058133742,0.45398214530245473,0.7947577917190852,10000,0
vidstg,confirm_all,all,P_A,below_zero,0.0,0.0,0.0,10000,0
vidstg,confirm_all,all,P_A,above_one,0.0,0.0,0.0,10000,0
vidstg,confirm_all,all,R_A,r2,-2.698199274482879,-17.17371181812818,-0.36526651192237836,10000,0
vidstg,confirm_all,all,R_A,mae,0.30035517152664437,0.20391470790889987,0.40579678413003145,10000,0
vidstg,confirm_all,all,R_A,mse,0.11935811176615971,0.05556665863225052,0.19441181686611345,10000,0
vidstg,confirm_all,all,R_A,rho,0.3596205790576119,-0.43531930318130563,0.7289437640432466,10000,0
vidstg,confirm_all,all,R_A,truth_mean,0.8397096250080129,0.7439575958398468,0.9304692059776902,10000,0
vidstg,confirm_all,all,R_A,prediction_mean,0.549093585170294,0.4634277879372075,0.6464840538958433,10000,0
vidstg,confirm_all,all,R_A,below_zero,0.0,0.0,0.0,10000,0
vidstg,confirm_all,all,R_A,above_one,0.0,0.0,0.0,10000,0
vidstg,confirm_all,all,P_W,r2,-0.20984278749857932,-3.2086764858942325,0.6051598526577184,10000,0
vidstg,confirm_all,all,P_W,mae,0.3346696080149174,0.1806543672216025,0.5151602724227476,10000,0
vidstg,confirm_all,all,P_W,mse,0.17491691265813106,0.04424282843476798,0.34900623357197275,10000,0
vidstg,confirm_all,all,P_W,rho,0.27760263247979144,-0.444143785696541,0.8316604387907677,10000,0
vidstg,confirm_all,all,P_W,truth_mean,0.5130372484771379,0.2522258401538229,0.7687175896683559,10000,0
vidstg,confirm_all,all,P_W,prediction_mean,0.63249508474094,0.445712262866964,0.81084765527545,10000,0
vidstg,confirm_all,all,P_W,below_zero,0.0,0.0,0.0,10000,0
vidstg,confirm_all,all,P_W,above_one,0.125,0.0,0.375,10000,0
vidstg,confirm_all,all,R_W,r2,-7.569855692418438,-35.87322873271807,-1.9611914972335125,10000,0
vidstg,confirm_all,all,R_W,mae,0.289989380440334,0.15357855388271918,0.43714088936767537,10000,0
vidstg,confirm_all,all,R_W,mse,0.13071828156182233,0.04596627197809815,0.23050025943728508,10000,0
vidstg,confirm_all,all,R_W,rho,-0.21531500176289528,-0.770902476263759,0.40582056659808347,10000,0
vidstg,confirm_all,all,R_W,truth_mean,0.8880160350496059,0.8173242044509869,0.9581168487094188,10000,0
vidstg,confirm_all,all,R_W,prediction_mean,0.6062091859981457,0.5017000956061012,0.7071193663814564,10000,0
vidstg,confirm_all,all,R_W,below_zero,0.0,0.0,0.0,10000,0
vidstg,confirm_all,all,R_W,above_one,0.0,0.0,0.0,10000,0
vidstg,confirm_all,all,P_pool,r2,-0.0923928000985752,-2.2548586370484904,0.5151906130859031,10000,0
vidstg,confirm_all,all,P_pool,mae,0.3621686730584173,0.24295659833853644,0.5134664915483735,10000,0
vidstg,confirm_all,all,P_pool,mse,0.19778640937957376,0.0873375645533982,0.3548411425986497,10000,0
vidstg,confirm_all,all,P_pool,rho,0.43834632539929275,0.001298634695866077,0.7558233705423354,10000,0
vidstg,confirm_all,all,P_pool,truth_mean,0.384393885043613,0.16414904370232586,0.6286862990316353,10000,0
vidstg,confirm_all,all,P_pool,prediction_mean,0.5905207707147156,0.4108471329797184,0.7663842213492627,10000,0
vidstg,confirm_all,all,P_pool,below_zero,0.0,0.0,0.0,10000,0
vidstg,confirm_all,all,P_pool,above_one,0.083984375,0.0,0.224609375,10000,0
vidstg,confirm_all,all,R_pool,r2,0.4661476124312256,0.3149367957286162,0.6154661936176055,10000,0
vidstg,confirm_all,all,R_pool,mae,0.23379736066800758,0.18528136817920723,0.2821561755192169,10000,0
vidstg,confirm_all,all,R_pool,mse,0.08230834925769039,0.05360067567277912,0.11140280157635608,10000,0
vidstg,confirm_all,all,R_pool,rho,0.6958045414318732,0.5831203520935154,0.8132733688045791,10000,0
vidstg,confirm_all,all,R_pool,truth_mean,0.3603200468715006,0.2895716202651915,0.4335573107330804,10000,0
vidstg,confirm_all,all,R_pool,prediction_mean,0.3619607780165504,0.3005412248416214,0.4172354856597298,10000,0
vidstg,confirm_all,all,R_pool,below_zero,0.028645833333333332,0.0026041666666666665,0.060546875,10000,0
vidstg,confirm_all,all,R_pool,above_one,0.0,0.0,0.0,10000,0
vidstg,confirm_all,all,T_A,r2,-0.1461477971164833,-1.874041825629242,0.43000620225572017,10000,0
vidstg,confirm_all,all,T_A,mae,0.29410939206570436,0.13895726389812652,0.4396750766375045,10000,0
vidstg,confirm_all,all,T_A,mse,0.13545744705393103,0.05120367001610215,0.22700652682780037,10000,0
vidstg,confirm_all,all,T_A,rho,0.1742675626283955,-0.6077240009778607,0.7586633281575259,10000,0
vidstg,confirm_all,all,T_A,truth_mean,0.46632814964566605,0.2342285155182533,0.7053626630143575,10000,0
vidstg,confirm_all,all,T_A,prediction_mean,0.4239763274429779,0.30055989416355827,0.561795365366822,10000,0
vidstg,confirm_all,all,T_A,below_zero,0.0,0.0,0.0,10000,0
vidstg,confirm_all,all,T_A,above_one,0.0,0.0,0.0,10000,0
vidstg,confirm_all,all,T_W,r2,-0.2429643581396086,-2.483687904855043,0.502222215069353,10000,0
vidstg,confirm_all,all,T_W,mae,0.2950206036904902,0.14405231993290263,0.4466761610187446,10000,0
vidstg,confirm_all,all,T_W,mse,0.13806358542564354,0.04719774176698001,0.24466132860796333,10000,0
vidstg,confirm_all,all,T_W,rho,0.16233660906063233,-0.5583708814173005,0.7956357829260327,10000,0
vidstg,confirm_all,all,T_W,truth_mean,0.4644741476452417,0.24012720950335614,0.6879050526191944,10000,0
vidstg,confirm_all,all,T_W,prediction_mean,0.4686800836993568,0.3181146208627484,0.6187151446171897,10000,0
vidstg,confirm_all,all,T_W,below_zero,0.0,0.0,0.0,10000,0
vidstg,confirm_all,all,T_W,above_one,0.0,0.0,0.0,10000,0
vidstg,confirm_all,all,delta_T,r2,-0.348733313962299,-4.689563124981166,0.2564805276407558,10000,0
vidstg,confirm_all,all,delta_T,mae,0.09353372438130078,0.06018436316638946,0.12789662682615283,10000,0
vidstg,confirm_all,all,delta_T,mse,0.01283665555328025,0.00560764888551768,0.021081988522323385,10000,0
vidstg,confirm_all,all,delta_T,rho,0.4040431677482977,-0.08848211711978747,0.7083390073717457,10000,0
vidstg,confirm_all,all,delta_T,truth_mean,-0.0018540020004242743,-0.0620170826885447,0.04209438526455902,10000,0
vidstg,confirm_all,all,delta_T,prediction_mean,0.04470375625637886,0.00017364795889710956,0.09688620687095081,10000,0
vidstg,confirm_all,all,delta_T,below_zero,0.3333333333333333,0.08333333333333333,0.6458333333333334,10000,0
vidstg,confirm_all,all,delta_T,above_one,0.0,0.0,0.0,10000,0
vidstg,confirm_all,role,P_A,r2,-0.270946451444831,-2.8438750184297894,0.5113204703722556,10000,0
vidstg,confirm_all,role,P_A,mae,0.3786977449085013,0.22476693582918422,0.5589044655889496,10000,0
vidstg,confirm_all,role,P_A,mse,0.20542020037142886,0.07060081630486355,0.4034750671398253,10000,0
vidstg,confirm_all,role,P_A,rho,0.2636410301303029,-0.44530961543173897,0.8552573352519647,10000,0
vidstg,confirm_all,role,P_A,truth_mean,0.5291426996862171,0.2520846134570352,0.8043770231781099,10000,0
vidstg,confirm_all,role,P_A,prediction_mean,0.6517667213020476,0.451638393648557,0.8651896750037884,10000,0
vidstg,confirm_all,role,P_A,below_zero,0.0,0.0,0.0,10000,0
vidstg,confirm_all,role,P_A,above_one,0.20833333333333331,0.0,0.5,10000,0
vidstg,confirm_all,role,R_A,r2,-3.604261738004517,-17.45640980815194,-1.0079906816908277,10000,0
vidstg,confirm_all,role,R_A,mae,0.32523947054238195,0.2180154566325461,0.43800656038319513,10000,0
vidstg,confirm_all,role,R_A,mse,0.1486009666697154,0.07475070908042956,0.22867594561917023,10000,0
vidstg,confirm_all,role,R_A,rho,0.018591843272660613,-0.5314140438042323,0.49332932875148094,10000,0
vidstg,confirm_all,role,R_A,truth_mean,0.8397096250080129,0.7439575958398468,0.9304692059776902,10000,0
vidstg,confirm_all,role,R_A,prediction_mean,0.6018802350210738,0.44709313163746855,0.7664486795836073,10000,0
vidstg,confirm_all,role,R_A,below_zero,0.0,0.0,0.0,10000,0
vidstg,confirm_all,role,R_A,above_one,0.041666666666666664,0.0,0.10416666666666666,10000,0
vidstg,confirm_all,role,P_W,r2,-0.48326533183534925,-4.245283958845647,0.5262924285112986,10000,0
vidstg,confirm_all,role,P_W,mae,0.37498210419524985,0.21778256865925683,0.5733991110916463,10000,0
vidstg,confirm_all,role,P_W,mse,0.21444785651357384,0.06314612990615018,0.4516186227208755,10000,0
vidstg,confirm_all,role,P_W,rho,0.28063526771110187,-0.46059111644448203,0.828730200208197,10000,0
vidstg,confirm_all,role,P_W,truth_mean,0.5130372484771379,0.2522258401538229,0.7687175896683559,10000,0
vidstg,confirm_all,role,P_W,prediction_mean,0.6614330021092493,0.4317268814982827,0.9029361688192177,10000,0
vidstg,confirm_all,role,P_W,below_zero,0.0,0.0,0.0,10000,0
vidstg,confirm_all,role,P_W,above_one,0.22916666666666669,0.0,0.5208333333333334,10000,0
vidstg,confirm_all,role,R_W,r2,-7.985777267742604,-28.99326960147724,-3.589213791962437,10000,0
vidstg,confirm_all,role,R_W,mae,0.31110244388398584,0.18744274531434274,0.4377198538214509,10000,0
vidstg,confirm_all,role,R_W,mse,0.13706244365068454,0.061902490953397844,0.22398887911766915,10000,0
vidstg,confirm_all,role,R_W,rho,0.07423908365803573,-0.6725978173349685,0.5861559413475242,10000,0
vidstg,confirm_all,role,R_W,truth_mean,0.8880160350496059,0.8173242044509869,0.9581168487094188,10000,0
vidstg,confirm_all,role,R_W,prediction_mean,0.6496586190331103,0.4706998231849469,0.8274343196591086,10000,0
vidstg,confirm_all,role,R_W,below_zero,0.0,0.0,0.0,10000,0
vidstg,confirm_all,role,R_W,above_one,0.125,0.0,0.375,10000,0
vidstg,confirm_all,role,P_pool,r2,-0.2923199452992966,-2.7392767305165955,0.4045910259673552,10000,0
vidstg,confirm_all,role,P_pool,mae,0.3968524820424727,0.2821989139873137,0.5556413457045503,10000,0
vidstg,confirm_all,role,P_pool,mse,0.23398480997612758,0.11071346584766895,0.4275217341223228,10000,0
vidstg,confirm_all,role,P_pool,rho,0.43312438578763773,-0.014705925832891698,0.7299877461113158,10000,0
vidstg,confirm_all,role,P_pool,truth_mean,0.384393885043613,0.16414904370232586,0.6286862990316353,10000,0
vidstg,confirm_all,role,P_pool,prediction_mean,0.634682171132852,0.4396064210680793,0.8489576975022186,10000,0
vidstg,confirm_all,role,P_pool,below_zero,0.00390625,0.0,0.01171875,10000,0
vidstg,confirm_all,role,P_pool,above_one,0.16731770833333331,0.0013020833333333333,0.396484375,10000,0
vidstg,confirm_all,role,R_pool,r2,-2.7608035498747707,-4.116469740161016,-1.5668849530884084,10000,0
vidstg,confirm_all,role,R_pool,mae,0.6363009325411823,0.5308793945543349,0.7470895900944029,10000,0
vidstg,confirm_all,role,R_pool,mse,0.5798335631359834,0.3887310274092362,0.7928972591104219,10000,0
vidstg,confirm_all,role,R_pool,rho,-0.29959651471861615,-0.5377785636345871,-0.06776053260420788,10000,0
vidstg,confirm_all,role,R_pool,truth_mean,0.3603200468715006,0.2895716202651915,0.4335573107330804,10000,0
vidstg,confirm_all,role,R_pool,prediction_mean,0.8388996370823288,0.6820694928992581,0.9993770828545111,10000,0
vidstg,confirm_all,role,R_pool,below_zero,0.0,0.0,0.0,10000,0
vidstg,confirm_all,role,R_pool,above_one,0.3046875,0.11975911458333337,0.5065104166666666,10000,0
vidstg,confirm_all,role,T_A,r2,-0.3166930758236204,-2.5091363865287337,0.6055226479556917,10000,0
vidstg,confirm_all,role,T_A,mae,0.2979259592858086,0.14148434145538916,0.47421885870200386,10000,0
vidstg,confirm_all,role,T_A,mse,0.15561333630214996,0.035684918206845447,0.29943482936353555,10000,0
vidstg,confirm_all,role,T_A,rho,0.18886948890639235,-0.5223459866280742,0.8045228449906464,10000,0
vidstg,confirm_all,role,T_A,truth_mean,0.46632814964566605,0.2342285155182533,0.7053626630143575,10000,0
vidstg,confirm_all,role,T_A,prediction_mean,0.4612028105171403,0.29790890299517137,0.6459624371518705,10000,0
vidstg,confirm_all,role,T_A,below_zero,0.0,0.0,0.0,10000,0
vidstg,confirm_all,role,T_A,above_one,0.0,0.0,0.0,10000,0
vidstg,confirm_all,role,T_W,r2,-0.5366736137619827,-4.006192938414313,0.6549114837537486,10000,0
vidstg,confirm_all,role,T_W,mae,0.31214673819401934,0.15175578898568065,0.5093600554913518,10000,0
vidstg,confirm_all,role,T_W,mse,0.17068765275176973,0.035076130408669935,0.36416388108637104,10000,0
vidstg,confirm_all,role,T_W,rho,0.18022853782021597,-0.5488886839760525,0.8415993257114376,10000,0
vidstg,confirm_all,role,T_W,truth_mean,0.4644741476452417,0.24012720950335614,0.6879050526191944,10000,0
vidstg,confirm_all,role,T_W,prediction_mean,0.4905997660160747,0.2931541676172764,0.7112436427302706,10000,0
vidstg,confirm_all,role,T_W,below_zero,0.0,0.0,0.0,10000,0
vidstg,confirm_all,role,T_W,above_one,0.0,0.0,0.0,10000,0
vidstg,confirm_all,role,delta_T,r2,-0.5064334119516767,-5.215135594076282,0.30230244906104775,10000,0
vidstg,confirm_all,role,delta_T,mae,0.09140212144776703,0.05425837444089822,0.12723920596950916,10000,0
vidstg,confirm_all,role,delta_T,mse,0.014337576319195855,0.006293043753513511,0.02293763601725677,10000,0
vidstg,confirm_all,role,delta_T,rho,0.19943245443505586,-0.4845160132668157,0.664009544845808,10000,0
vidstg,confirm_all,role,delta_T,truth_mean,-0.0018540020004242743,-0.0620170826885447,0.04209438526455902,10000,0
vidstg,confirm_all,role,delta_T,prediction_mean,0.029396955498934445,-0.01440392125439198,0.08160712166622175,10000,0
vidstg,confirm_all,role,delta_T,below_zero,0.3333333333333333,0.10416666666666666,0.6041666666666666,10000,0
vidstg,confirm_all,role,delta_T,above_one,0.0,0.0,0.0,10000,0
vidstg,confirm_corrupt,all,P_A,r2,-0.14606744002363548,-2.3660851348959078,0.5339391968661353,10000,0
vidstg,confirm_corrupt,all,P_A,mae,0.36193557462075054,0.2121218748089675,0.5314758293820266,10000,0
vidstg,confirm_corrupt,all,P_A,mse,0.18664788731503573,0.06070428310769672,0.34442584655316516,10000,0
vidstg,confirm_corrupt,all,P_A,rho,0.24259315390092884,-0.47608099748198135,0.8040805615072569,10000,0
vidstg,confirm_corrupt,all,P_A,truth_mean,0.5274888546141332,0.25048847545087816,0.804473669258297,10000,0
vidstg,confirm_corrupt,all,P_A,prediction_mean,0.6244804498271284,0.45114231234267294,0.7912685088968032,10000,0
vidstg,confirm_corrupt,all,P_A,below_zero,0.0,0.0,0.0,10000,0
vidstg,confirm_corrupt,all,P_A,above_one,0.0,0.0,0.0,10000,0
vidstg,confirm_corrupt,all,R_A,r2,-2.1293431984697944,-15.804753050263551,-0.08286055624720172,10000,0
vidstg,confirm_corrupt,all,R_A,mae,0.28871602063964474,0.19234444283092636,0.39680951961108535,10000,0
vidstg,confirm_corrupt,all,R_A,mse,0.11293935490156401,0.04869869285660631,0.18924617448899023,10000,0
vidstg,confirm_corrupt,all,R_A,rho,0.3960518529183974,-0.3859955688691243,0.7710346242946404,10000,0
vidstg,confirm_corrupt,all,R_A,truth_mean,0.8262798150634599,0.7148300523811579,0.9273868815260659,10000,0
vidstg,confirm_corrupt,all,R_A,prediction_mean,0.5492507524505255,0.46053461024604464,0.6487410056494141,10000,0
vidstg,confirm_corrupt,all,R_A,below_zero,0.0,0.0,0.0,10000,0
vidstg,confirm_corrupt,all,R_A,above_one,0.0,0.0,0.0,10000,0
vidstg,confirm_corrupt,all,P_W,r2,-0.20588175906988804,-3.18275596558314,0.6040433016642341,10000,0
vidstg,confirm_corrupt,all,P_W,mae,0.3334516788111671,0.1795811594895612,0.5133362887014663,10000,0
vidstg,confirm_corrupt,all,P_W,mse,0.17386985583258902,0.04442721463269621,0.3454576751030607,10000,0
vidstg,confirm_corrupt,all,P_W,rho,0.2796653720607651,-0.43835060315953883,0.8309644110808269,10000,0
vidstg,confirm_corrupt,all,P_W,truth_mean,0.5115444047806651,0.25341131405714035,0.76723631939306,10000,0
vidstg,confirm_corrupt,all,P_W,prediction_mean,0.628927118197012,0.4410000184323063,0.8080376894066243,10000,0
vidstg,confirm_corrupt,all,P_W,below_zero,0.0,0.0,0.0,10000,0
vidstg,confirm_corrupt,all,P_W,above_one,0.125,0.0,0.375,10000,0
vidstg,confirm_corrupt,all,R_W,r2,-7.175218168407005,-34.451829601758284,-1.6741939770766978,10000,0
vidstg,confirm_corrupt,all,R_W,mae,0.29356959820627443,0.15158383366009884,0.4475944918612352,10000,0
vidstg,confirm_corrupt,all,R_W,mse,0.13493908212527134,0.04668791814897562,0.23864987984110606,10000,0
vidstg,confirm_corrupt,all,R_W,rho,-0.20980269596479512,-0.7725670578031684,0.4173866370704902,10000,0
vidstg,confirm_corrupt,all,R_W,truth_mean,0.8874388984312159,0.8153484896381457,0.9595209179393994,10000,0
vidstg,confirm_corrupt,all,R_W,prediction_mean,0.6018088022702701,0.49549568586452986,0.7036213094542189,10000,0
vidstg,confirm_corrupt,all,R_W,below_zero,0.0,0.0,0.0,10000,0
vidstg,confirm_corrupt,all,R_W,above_one,0.0,0.0,0.0,10000,0
vidstg,confirm_corrupt,all,P_pool,r2,-0.08656768225940192,-2.2260068485979385,0.5150145324158542,10000,0
vidstg,confirm_corrupt,all,P_pool,mae,0.3618541786353233,0.24347699560266803,0.5112938255241435,10000,0
vidstg,confirm_corrupt,all,P_pool,mse,0.1969604544434239,0.08782438340275821,0.3514958767919645,10000,0
vidstg,confirm_corrupt,all,P_pool,rho,0.43810642428719115,0.002011158622682275,0.7541988577054975,10000,0
vidstg,confirm_corrupt,all,P_pool,truth_mean,0.383624274205167,0.16300298662734325,0.6284938039823798,10000,0
vidstg,confirm_corrupt,all,P_pool,prediction_mean,0.5871188048450631,0.4070604222600877,0.76289678621876,10000,0
vidstg,confirm_corrupt,all,P_pool,below_zero,0.0,0.0,0.0,10000,0
vidstg,confirm_corrupt,all,P_pool,above_one,0.0828125,0.0,0.2234375,10000,0
vidstg,confirm_corrupt,all,R_pool,r2,0.4630155729161748,0.30758259126226795,0.6149970984484467,10000,0
vidstg,confirm_corrupt,all,R_pool,mae,0.2332686530563104,0.18453373505052884,0.28227197791334674,10000,0
vidstg,confirm_corrupt,all,R_pool,mse,0.08217145334259417,0.05320257532107659,0.11165373436833192,10000,0
vidstg,confirm_corrupt,all,R_pool,rho,0.6927444670900677,0.576502177303601,0.8118957874937006,10000,0
vidstg,confirm_corrupt,all,R_pool,truth_mean,0.35795884033750075,0.2849178773712854,0.43274839048434893,10000,0
vidstg,confirm_corrupt,all,R_pool,prediction_mean,0.3618960680700635,0.3004454397969493,0.41763484156352415,10000,0
vidstg,confirm_corrupt,all,R_pool,below_zero,0.02890625,0.003125,0.0609375,10000,0
vidstg,confirm_corrupt,all,R_pool,above_one,0.0,0.0,0.0,10000,0
vidstg,confirm_corrupt,all,T_A,r2,-0.136786915634179,-1.8519902468186855,0.4626605824521216,10000,0
vidstg,confirm_corrupt,all,T_A,mae,0.2917581905746337,0.13960021058597447,0.43655687981056357,10000,0
vidstg,confirm_corrupt,all,T_A,mse,0.13356733240696217,0.049459761901072985,0.22569703358903545,10000,0
vidstg,confirm_corrupt,all,T_A,rho,0.18608070101288457,-0.6034404877366973,0.7702372623601853,10000,0
vidstg,confirm_corrupt,all,T_A,truth_mean,0.46098252883686425,0.23107880457554525,0.6977154945862604,10000,0
vidstg,confirm_corrupt,all,T_A,prediction_mean,0.4235403499177217,0.2978531376275613,0.5624187848934381,10000,0
vidstg,confirm_corrupt,all,T_A,below_zero,0.0,0.0,0.0,10000,0
vidstg,confirm_corrupt,all,T_A,above_one,0.0,0.0,0.0,10000,0
vidstg,confirm_corrupt,all,T_W,r2,-0.22926776405857252,-2.4233540701525054,0.5184967793835256,10000,0
vidstg,confirm_corrupt,all,T_W,mae,0.2910104890217448,0.14221831187952852,0.4422194876395754,10000,0
vidstg,confirm_corrupt,all,T_W,mse,0.1350381361612813,0.045801446068081106,0.23911966380961483,10000,0
vidstg,confirm_corrupt,all,T_W,rho,0.1778504709132508,-0.5503695936542915,0.8034482608518817,10000,0
vidstg,confirm_corrupt,all,T_W,truth_mean,0.4610108266019138,0.2379127340899154,0.6819084323462592,10000,0
vidstg,confirm_corrupt,all,T_W,prediction_mean,0.4662438808024795,0.3154787553647815,0.6156765648027323,10000,0
vidstg,confirm_corrupt,all,T_W,below_zero,0.0,0.0,0.0,10000,0
vidstg,confirm_corrupt,all,T_W,above_one,0.0,0.0,0.0,10000,0
vidstg,confirm_corrupt,all,delta_T,r2,-0.3148495669882494,-4.312602301576342,0.22012720979232558,10000,0
vidstg,confirm_corrupt,all,delta_T,mae,0.09460814788332537,0.06351883040606918,0.12576244413646354,10000,0
vidstg,confirm_corrupt,all,delta_T,mse,0.012815194403864593,0.005996012572063178,0.02018797011201939,10000,0
vidstg,confirm_corrupt,all,delta_T,rho,0.3979509239641086,-0.12120016463493156,0.7023249697700347,10000,0
vidstg,confirm_corrupt,all,delta_T,truth_mean,2.8297765049479107e-05,-0.06018059070814999,0.042175245825017145,10000,0
vidstg,confirm_corrupt,all,delta_T,prediction_mean,0.042703530884757854,-0.0021414986617971977,0.09441515113085834,10000,0
vidstg,confirm_corrupt,all,delta_T,below_zero,0.35000000000000003,0.1,0.65,10000,0
vidstg,confirm_corrupt,all,delta_T,above_one,0.0,0.0,0.0,10000,0
vidstg,confirm_corrupt,role,P_A,r2,-0.2552057548762938,-2.792597589648156,0.5128779924699963,10000,0
vidstg,confirm_corrupt,role,P_A,mae,0.3792116223113106,0.22715962260158346,0.5568932924720458,10000,0
vidstg,confirm_corrupt,role,P_A,mse,0.20442209080514775,0.07141862368160502,0.39954571627609786,10000,0
vidstg,confirm_corrupt,role,P_A,rho,0.27155944720217684,-0.4362965404872965,0.857313789038861,10000,0
vidstg,confirm_corrupt,role,P_A,truth_mean,0.5274888546141332,0.25048847545087816,0.804473669258297,10000,0
vidstg,confirm_corrupt,role,P_A,prediction_mean,0.6499236435031496,0.44990173400774763,0.8642201974064188,10000,0
vidstg,confirm_corrupt,role,P_A,below_zero,0.0,0.0,0.0,10000,0
vidstg,confirm_corrupt,role,P_A,above_one,0.2,0.0,0.475,10000,0
vidstg,confirm_corrupt,role,R_A,r2,-2.9329550090465664,-16.449162297573913,-0.6938759628486255,10000,0
vidstg,confirm_corrupt,role,R_A,mae,0.3154741473245311,0.21250936831879427,0.42846686148753294,10000,0
vidstg,confirm_corrupt,role,R_A,mse,0.14194205410125504,0.07163164460821292,0.22198928724974817,10000,0
vidstg,confirm_corrupt,role,R_A,rho,0.022502533384786964,-0.5347547891947404,0.4899129404125171,10000,0
vidstg,confirm_corrupt,role,R_A,truth_mean,0.8262798150634599,0.7148300523811579,0.9273868815260659,10000,0
vidstg,confirm_corrupt,role,R_A,prediction_mean,0.6097453628816395,0.45556575006929517,0.7731523645989966,10000,0
vidstg,confirm_corrupt,role,R_A,below_zero,0.0,0.0,0.0,10000,0
vidstg,confirm_corrupt,role,R_A,above_one,0.05,0.0,0.125,10000,0
vidstg,confirm_corrupt,role,P_W,r2,-0.471697498279932,-4.157236861800011,0.5272627341094045,10000,0
vidstg,confirm_corrupt,role,P_W,mae,0.3728828031327701,0.21637866267521574,0.5697310173502034,10000,0
vidstg,confirm_corrupt,role,P_W,mse,0.21219645286987354,0.0632736164974397,0.4451371454684819,10000,0
vidstg,confirm_corrupt,role,P_W,rho,0.28609518720172533,-0.4495641720326017,0.8268966161958989,10000,0
vidstg,confirm_corrupt,role,P_W,truth_mean,0.5115444047806651,0.25341131405714035,0.76723631939306,10000,0
vidstg,confirm_corrupt,role,P_W,prediction_mean,0.6583032402187665,0.42866601098829415,0.9003995985232507,10000,0
vidstg,confirm_corrupt,role,P_W,below_zero,0.0,0.0,0.0,10000,0
vidstg,confirm_corrupt,role,P_W,above_one,0.225,0.0,0.5,10000,0
vidstg,confirm_corrupt,role,R_W,r2,-7.415618700971564,-27.924440762747256,-3.266398359777406,10000,0
vidstg,confirm_corrupt,role,R_W,mae,0.31404083915618286,0.19107300306453168,0.43892162374955696,10000,0
vidstg,confirm_corrupt,role,R_W,mse,0.13890710188186323,0.06392849825083814,0.22435926915549026,10000,0
vidstg,confirm_corrupt,role,R_W,rho,0.06002290737687776,-0.667218488400449,0.5737349538162757,10000,0
vidstg,confirm_corrupt,role,R_W,truth_mean,0.8874388984312159,0.8153484896381457,0.9595209179393994,10000,0
vidstg,confirm_corrupt,role,R_W,prediction_mean,0.6488752871256829,0.47238419012196453,0.8271405067019247,10000,0
vidstg,confirm_corrupt,role,R_W,below_zero,0.0,0.0,0.0,10000,0
vidstg,confirm_corrupt,role,R_W,above_one,0.125,0.0,0.375,10000,0
vidstg,confirm_corrupt,role,P_pool,r2,-0.28296374082725695,-2.7002429948529385,0.4030313603674378,10000,0
vidstg,confirm_corrupt,role,P_pool,mae,0.3963536882897695,0.28294360216676834,0.553212629512621,10000,0
vidstg,confirm_corrupt,role,P_pool,mse,0.2325608662520895,0.11141717125211431,0.4224582353257318,10000,0
vidstg,confirm_corrupt,role,P_pool,rho,0.435437533619467,-0.008752901941531643,0.729032198607522,10000,0
vidstg,confirm_corrupt,role,P_pool,truth_mean,0.383624274205167,0.16300298662734325,0.6284938039823798,10000,0
vidstg,confirm_corrupt,role,P_pool,prediction_mean,0.6323697703501324,0.43778834454187454,0.8471865813678454,10000,0
vidstg,confirm_corrupt,role,P_pool,below_zero,0.00390625,0.0,0.01171875,10000,0
vidstg,confirm_corrupt,role,P_pool,above_one,0.1640625,0.00078125,0.38828125,10000,0
vidstg,confirm_corrupt,role,R_pool,r2,-2.7540631693725013,-4.100057970881021,-1.561883286465312,10000,0
vidstg,confirm_corrupt,role,R_pool,mae,0.633249989718826,0.5282478488657807,0.7443398636497534,10000,0
vidstg,confirm_corrupt,role,R_pool,mse,0.5744614015018528,0.38357084513164846,0.7858352489903719,10000,0
vidstg,confirm_corrupt,role,R_pool,rho,-0.28736546306970606,-0.5317509405586361,-0.05073277727357919,10000,0
vidstg,confirm_corrupt,role,R_pool,truth_mean,0.35795884033750075,0.2849178773712854,0.43274839048434893,10000,0
vidstg,confirm_corrupt,role,R_pool,prediction_mean,0.8371996292120392,0.6820802099388447,0.9968680187155494,10000,0
vidstg,confirm_corrupt,role,R_pool,below_zero,0.0,0.0,0.0,10000,0
vidstg,confirm_corrupt,role,R_pool,above_one,0.3046875,0.11953125,0.50625,10000,0
vidstg,confirm_corrupt,role,T_A,r2,-0.2955343608299128,-2.577476395116057,0.6328186166894961,10000,0
vidstg,confirm_corrupt,role,T_A,mae,0.29495401978036045,0.14192811917394563,0.4726006812559676,10000,0
vidstg,confirm_corrupt,role,T_A,mse,0.15221944080969288,0.03281253105952121,0.2954977616329509,10000,0
vidstg,confirm_corrupt,role,T_A,rho,0.2024164180478191,-0.5083901450474524,0.8222266956530933,10000,0
vidstg,confirm_corrupt,role,T_A,truth_mean,0.46098252883686425,0.23107880457554525,0.6977154945862604,10000,0
vidstg,confirm_corrupt,role,T_A,prediction_mean,0.4630373405194193,0.2983461885765161,0.6468887010898005,10000,0
vidstg,confirm_corrupt,role,T_A,below_zero,0.0,0.0,0.0,10000,0
vidstg,confirm_corrupt,role,T_A,above_one,0.0,0.0,0.0,10000,0
vidstg,confirm_corrupt,role,T_W,r2,-0.53127400609366,-4.040312923732857,0.6680251099046707,10000,0
vidstg,confirm_corrupt,role,T_W,mae,0.30806892489933213,0.14813096704888098,0.505559828753934,10000,0
vidstg,confirm_corrupt,role,T_W,mse,0.1682142766457948,0.033546495911305166,0.36130722321342645,10000,0
vidstg,confirm_corrupt,role,T_W,rho,0.1900898747828323,-0.5415247164766076,0.8458940217338845,10000,0
vidstg,confirm_corrupt,role,T_W,truth_mean,0.4610108266019138,0.2379127340899154,0.6819084323462592,10000,0
vidstg,confirm_corrupt,role,T_W,prediction_mean,0.4899856991678359,0.29259879898480545,0.7105153929373391,10000,0
vidstg,confirm_corrupt,role,T_W,below_zero,0.0,0.0,0.0,10000,0
vidstg,confirm_corrupt,role,T_W,above_one,0.0,0.0,0.0,10000,0
vidstg,confirm_corrupt,role,delta_T,r2,-0.4856938150055208,-5.201321093257944,0.320811937603693,10000,0
vidstg,confirm_corrupt,role,delta_T,mae,0.08956664520370611,0.05275970454846085,0.12540433294869352,10000,0
vidstg,confirm_corrupt,role,delta_T,mse,0.014480329569203974,0.006174469459317981,0.023537730535047527,10000,0
vidstg,confirm_corrupt,role,delta_T,rho,0.19518317847947603,-0.4503002274650257,0.662083481112948,10000,0
vidstg,confirm_corrupt,role,delta_T,truth_mean,2.8297765049479107e-05,-0.06018059070814999,0.042175245825017145,10000,0
vidstg,confirm_corrupt,role,delta_T,prediction_mean,0.026948358648416618,-0.015989531593406922,0.07951134057790138,10000,0
vidstg,confirm_corrupt,role,delta_T,below_zero,0.35,0.125,0.600624999999991,10000,0
vidstg,confirm_corrupt,role,delta_T,above_one,0.0,0.0,0.0,10000,0
vidstg,confirm_clean,all,P_A,r2,-0.23333528875700593,-2.6573613556227467,0.5301997480171541,10000,0
vidstg,confirm_clean,all,P_A,mae,0.35916615894490866,0.2004720485920637,0.5405290345879885,10000,0
vidstg,confirm_clean,all,P_A,mse,0.1916445605367959,0.05564058716643166,0.366077803533157,10000,0
vidstg,confirm_clean,all,P_A,rho,0.18500590383575397,-0.5318615074280412,0.7966033214519854,10000,0
vidstg,confirm_clean,all,P_A,truth_mean,0.5374119250466362,0.2675829705780518,0.8046826065357783,10000,0
vidstg,confirm_clean,all,P_A,prediction_mean,0.6425383857446035,0.47031848419212735,0.8094358124353778,10000,0
vidstg,confirm_clean,all,P_A,below_zero,0.0,0.0,0.0,10000,0
vidstg,confirm_clean,all,P_A,above_one,0.0,0.0,0.0,10000,0
vidstg,confirm_clean,all,R_A,r2,-18.454384870101883,-163.90693092915302,-6.823607038419675,10000,0
vidstg,confirm_clean,all,R_A,mae,0.35855092596164184,0.2521040657131411,0.46019619953417185,10000,0
vidstg,confirm_clean,all,R_A,mse,0.1514518960891381,0.08388375908768961,0.224170993228165,10000,0
vidstg,confirm_clean,all,R_A,rho,0.01850282130433852,-0.8706831199318467,0.7000403873607081,10000,0
vidstg,confirm_clean,all,R_A,truth_mean,0.9068586747307787,0.8440877100875961,0.9646261085405822,10000,0
vidstg,confirm_clean,all,R_A,prediction_mean,0.548307748769137,0.47272971342559056,0.6398817549220533,10000,0
vidstg,confirm_clean,all,R_A,below_zero,0.0,0.0,0.0,10000,0
vidstg,confirm_clean,all,R_A,above_one,0.0,0.0,0.0,10000,0
vidstg,confirm_clean,all,P_W,r2,-0.22989004480880215,-3.470331746069859,0.6085796954380503,10000,0
vidstg,confirm_clean,all,P_W,mae,0.3407592540336687,0.18522785049518195,0.5269200490719969,10000,0
vidstg,confirm_clean,all,P_W,mse,0.18015219678584116,0.042769672572106225,0.36447219621271976,10000,0
vidstg,confirm_clean,all,P_W,rho,0.2665052984796487,-0.4944025632672829,0.8375487765594476,10000,0
vidstg,confirm_clean,all,P_W,truth_mean,0.5205014669595028,0.25768064292637427,0.7763063425085722,10000,0
vidstg,confirm_clean,all,P_W,prediction_mean,0.6503349174605797,0.465401612724411,0.828835272561647,10000,0
vidstg,confirm_clean,all,P_W,below_zero,0.0,0.0,0.0,10000,0
vidstg,confirm_clean,all,P_W,above_one,0.125,0.0,0.375,10000,0
vidstg,confirm_clean,all,R_W,r2,-11.206146823901971,-69.9059529787192,-3.143121081647325,10000,0
vidstg,confirm_clean,all,R_W,mae,0.2720882916106319,0.14883143727978967,0.4094336655694582,10000,0
vidstg,confirm_clean,all,R_W,mse,0.10961427874457716,0.03657660727210978,0.20345390733402158,10000,0
vidstg,confirm_clean,all,R_W,rho,-0.26909522573544187,-0.816785640153034,0.5005124480313109,10000,0
vidstg,confirm_clean,all,R_W,truth_mean,0.8909017181415558,0.8230160275984221,0.9530020451962633,10000,0
vidstg,confirm_clean,all,R_W,prediction_mean,0.6282111046375235,0.5192949759736287,0.7270691842920801,10000,0
vidstg,confirm_clean,all,R_W,below_zero,0.0,0.0,0.0,10000,0
vidstg,confirm_clean,all,R_W,above_one,0.0,0.0,0.0,10000,0
vidstg,confirm_clean,all,P_pool,r2,-0.12183349397734,-2.393448237845645,0.5274159922872393,10000,0
vidstg,confirm_clean,all,P_pool,mae,0.36374114517388756,0.23989553020216597,0.5218724944828669,10000,0
vidstg,confirm_clean,all,P_pool,mse,0.201916184060323,0.08398613950762476,0.3712306914975251,10000,0
vidstg,confirm_clean,all,P_pool,rho,0.4398906382758523,-0.003602379152605704,0.7693729351066363,10000,0
vidstg,confirm_clean,all,P_pool,truth_mean,0.38824193923584244,0.1697232222670971,0.6307983953572538,10000,0
vidstg,confirm_clean,all,P_pool,prediction_mean,0.6075306000629782,0.42693899499564586,0.7827005731042496,10000,0
vidstg,confirm_clean,all,P_pool,below_zero,0.0,0.0,0.0,10000,0
vidstg,confirm_clean,all,P_pool,above_one,0.08984375,0.0,0.23046875,10000,0
vidstg,confirm_clean,all,R_pool,r2,0.48058663049379213,0.34710950858254574,0.6173666419109582,10000,0
vidstg,confirm_clean,all,R_pool,mae,0.23644089872649343,0.18860357911752013,0.28257155574525566,10000,0
vidstg,confirm_clean,all,R_pool,mse,0.0829928288331715,0.05518586356646784,0.1101652932605862,10000,0
vidstg,confirm_clean,all,R_pool,rho,0.7110633164715568,0.6132328855103049,0.8217126903284682,10000,0
vidstg,confirm_clean,all,R_pool,truth_mean,0.37212607954150023,0.30844660326190776,0.439836782991906,10000,0
vidstg,confirm_clean,all,R_pool,prediction_mean,0.362284327748985,0.3008653367112858,0.4171417896566344,10000,0
vidstg,confirm_clean,all,R_pool,below_zero,0.02734375,0.0,0.05859375,10000,0
vidstg,confirm_clean,all,R_pool,above_one,0.0,0.0,0.0,10000,0
vidstg,confirm_clean,all,T_A,r2,-0.1998166633825651,-2.3170946166378132,0.33680188284557233,10000,0
vidstg,confirm_clean,all,T_A,mae,0.3058653995210577,0.13674200454916763,0.45646752726403256,10000,0
vidstg,confirm_clean,all,T_A,mse,0.14490802028877528,0.055645317330854815,0.2364660370812476,10000,0
vidstg,confirm_clean,all,T_A,rho,0.11107194814933904,-0.7587472730205241,0.7241863198748852,10000,0
vidstg,confirm_clean,all,T_A,truth_mean,0.4930562536896747,0.2572258398082664,0.7367334579405278,10000,0
vidstg,confirm_clean,all,T_A,prediction_mean,0.42615621506925905,0.3096939503079278,0.5604017605455569,10000,0
vidstg,confirm_clean,all,T_A,below_zero,0.0,0.0,0.0,10000,0
vidstg,confirm_clean,all,T_A,above_one,0.0,0.0,0.0,10000,0
vidstg,confirm_clean,all,T_W,r2,-0.31118327245301036,-2.6923263104286796,0.4506237550309953,10000,0
vidstg,confirm_clean,all,T_W,mae,0.315071177034217,0.1523084973939584,0.47508148229262304,10000,0
vidstg,confirm_clean,all,T_W,mse,0.15319083174745493,0.05294302155629527,0.26937040955398356,10000,0
vidstg,confirm_clean,all,T_W,rho,0.08207083563943131,-0.6434626773891775,0.782173933675843,10000,0
vidstg,confirm_clean,all,T_W,truth_mean,0.4817907528618817,0.24420393260073478,0.7152569502668205,10000,0
vidstg,confirm_clean,all,T_W,prediction_mean,0.4808610981837429,0.33314647519216917,0.6315896160578096,10000,0
vidstg,confirm_clean,all,T_W,below_zero,0.0,0.0,0.0,10000,0
vidstg,confirm_clean,all,T_W,above_one,0.0,0.0,0.0,10000,0
vidstg,confirm_clean,all,delta_T,r2,-0.5658253358305358,-9.5877090305895,0.49857267641516034,10000,0
vidstg,confirm_clean,all,delta_T,mae,0.08816160687117791,0.04233382646117202,0.1406566221204744,10000,0
vidstg,confirm_clean,all,delta_T,mse,0.012943961300358544,0.003262479633957328,0.026155535882248306,10000,0
vidstg,confirm_clean,all,delta_T,rho,0.45915090272268677,-0.2528646440297323,0.9668538340146832,10000,0
vidstg,confirm_clean,all,delta_T,truth_mean,-0.011265500827793038,-0.07703686090044858,0.04708772339261136,10000,0
vidstg,confirm_clean,all,delta_T,prediction_mean,0.0547048831144839,0.0033038134849690697,0.12055137978535342,10000,0
vidstg,confirm_clean,all,delta_T,below_zero,0.25,0.0,0.625,10000,0
vidstg,confirm_clean,all,delta_T,above_one,0.0,0.0,0.0,10000,0
vidstg,confirm_clean,role,P_A,r2,-0.354105747459996,-3.1303737895816703,0.5058495438610066,10000,0
vidstg,confirm_clean,role,P_A,mae,0.3761283578944546,0.2136897958794058,0.5681788718893686,10000,0
vidstg,confirm_clean,role,P_A,mse,0.21041074820283445,0.06534388880792463,0.42447384237896074,10000,0
vidstg,confirm_clean,role,P_A,rho,0.2225572699386538,-0.49281711450557897,0.8518973151200199,10000,0
vidstg,confirm_clean,role,P_A,truth_mean,0.5374119250466362,0.2675829705780518,0.8046826065357783,10000,0
vidstg,confirm_clean,role,P_A,prediction_mean,0.6609821102965379,0.4598549259071054,0.8737692556345253,10000,0
vidstg,confirm_clean,role,P_A,below_zero,0.0,0.0,0.0,10000,0
vidstg,confirm_clean,role,P_A,above_one,0.25,0.0,0.625,10000,0
vidstg,confirm_clean,role,R_A,r2,-22.364947740205597,-176.3454208375711,-8.406417209908792,10000,0
vidstg,confirm_clean,role,R_A,mae,0.3740660866316361,0.2324308732982041,0.5096602567902474,10000,0
vidstg,confirm_clean,role,R_A,mse,0.18189552951201732,0.08686498069192698,0.27906155682651596,10000,0
vidstg,confirm_clean,role,R_A,rho,0.1306260820476808,-0.6843649907980887,0.7650674950665574,10000,0
vidstg,confirm_clean,role,R_A,truth_mean,0.9068586747307787,0.8440877100875961,0.9646261085405822,10000,0
vidstg,confirm_clean,role,R_A,prediction_mean,0.5625545957182451,0.40199385835987755,0.7414891397744833,10000,0
vidstg,confirm_clean,role,R_A,below_zero,0.0,0.0,0.0,10000,0
vidstg,confirm_clean,role,R_A,above_one,0.0,0.0,0.0,10000,0
vidstg,confirm_clean,role,P_W,r2,-0.5408759007684447,-4.73537324469429,0.528428528217147,10000,0
vidstg,confirm_clean,role,P_W,mae,0.38547860950764834,0.22459217293425754,0.5938392970713536,10000,0
vidstg,confirm_clean,role,P_W,mse,0.22570487473207526,0.06296590245113437,0.48549609613943945,10000,0
vidstg,confirm_clean,role,P_W,rho,0.2529019240438911,-0.5012208282862116,0.8500171072249715,10000,0
vidstg,confirm_clean,role,P_W,truth_mean,0.5205014669595028,0.25768064292637427,0.7763063425085722,10000,0
vidstg,confirm_clean,role,P_W,prediction_mean,0.677081811561663,0.44641034770704763,0.9190080923618179,10000,0
vidstg,confirm_clean,role,P_W,below_zero,0.0,0.0,0.0,10000,0
vidstg,confirm_clean,role,P_W,above_one,0.25,0.0,0.625,10000,0
vidstg,confirm_clean,role,R_W,r2,-13.235585756402303,-61.30617666194359,-5.130564624363135,10000,0
vidstg,confirm_clean,role,R_W,mae,0.2964104675230006,0.16052189857932095,0.4370558314983264,10000,0
vidstg,confirm_clean,role,R_W,mse,0.1278391524947911,0.04566649348235109,0.22254329225591576,10000,0
vidstg,confirm_clean,role,R_W,rho,0.17221342349818836,-0.7534204368440786,0.8168102249599075,10000,0
vidstg,confirm_clean,role,R_W,truth_mean,0.8909017181415558,0.8230160275984221,0.9530020451962633,10000,0
vidstg,confirm_clean,role,R_W,prediction_mean,0.6535752785702471,0.46777264390870266,0.833447213621252,10000,0
vidstg,confirm_clean,role,R_W,below_zero,0.0,0.0,0.0,10000,0
vidstg,confirm_clean,role,R_W,above_one,0.125,0.0,0.375,10000,0
vidstg,confirm_clean,role,P_pool,r2,-0.33956144718028525,-2.9738750855981517,0.41371548495341653,10000,0
vidstg,confirm_clean,role,P_pool,mae,0.39934645080598846,0.27716062756915527,0.5693969354822627,10000,0
vidstg,confirm_clean,role,P_pool,mse,0.24110452859631817,0.10731854787626952,0.45328307315158156,10000,0
vidstg,confirm_clean,role,P_pool,rho,0.42155998850345017,-0.03804021504231876,0.7356379788735877,10000,0
vidstg,confirm_clean,role,P_pool,truth_mean,0.38824193923584244,0.1697232222670971,0.6307983953572538,10000,0
vidstg,confirm_clean,role,P_pool,prediction_mean,0.6462441750464503,0.4502729177638722,0.8599100952498362,10000,0
vidstg,confirm_clean,role,P_pool,below_zero,0.00390625,0.0,0.01171875,10000,0
vidstg,confirm_clean,role,P_pool,above_one,0.18359375,0.00390625,0.4102539062499986,10000,0
vidstg,confirm_clean,role,R_pool,r2,-2.7970168277343768,-4.24949123263631,-1.5547715684579058,10000,0
vidstg,confirm_clean,role,R_pool,mae,0.651555646652964,0.5473592194680179,0.760938410378527,10000,0
vidstg,confirm_clean,role,R_pool,mse,0.6066943713066374,0.4105292417265645,0.8270017289558764,10000,0
vidstg,confirm_clean,role,R_pool,rho,-0.35914598421045035,-0.5743024768897659,-0.1484396362837229,10000,0
vidstg,confirm_clean,role,R_pool,truth_mean,0.37212607954150023,0.30844660326190776,0.439836782991906,10000,0
vidstg,confirm_clean,role,R_pool,prediction_mean,0.8473996764337779,0.683588016915799,1.0125085205917488,10000,0
vidstg,confirm_clean,role,R_pool,below_zero,0.0,0.0,0.0,10000,0
vidstg,confirm_clean,role,R_pool,above_one,0.3046875,0.12109375,0.50390625,10000,0
vidstg,confirm_clean,role,T_A,r2,-0.42895980053672056,-3.059261834390766,0.4790711532934231,10000,0
vidstg,confirm_clean,role,T_A,mae,0.31278565681304943,0.13620005416641418,0.5092528753584322,10000,0
vidstg,confirm_clean,role,T_A,mse,0.1725828137644353,0.05136594523717334,0.32033651355118387,10000,0
vidstg,confirm_clean,role,T_A,rho,0.12697486235187874,-0.6039618187833766,0.754834532878751,10000,0
vidstg,confirm_clean,role,T_A,truth_mean,0.4930562536896747,0.2572258398082664,0.7367334579405278,10000,0
vidstg,confirm_clean,role,T_A,prediction_mean,0.4520301605057449,0.2909017497661215,0.6438484857789336,10000,0
vidstg,confirm_clean,role,T_A,below_zero,0.0,0.0,0.0,10000,0
vidstg,confirm_clean,role,T_A,above_one,0.0,0.0,0.0,10000,0
vidstg,confirm_clean,role,T_W,r2,-0.5667911665971646,-3.949875445626994,0.5763808490685329,10000,0
vidstg,confirm_clean,role,T_W,mae,0.332535804667455,0.16205553856830268,0.5273402137841083,10000,0
vidstg,confirm_clean,role,T_W,mse,0.18305453328164428,0.042920948385734174,0.3775600313516864,10000,0
vidstg,confirm_clean,role,T_W,rho,0.1314802333875618,-0.5945116966388098,0.8509320052636634,10000,0
vidstg,confirm_clean,role,T_W,truth_mean,0.4817907528618817,0.24420393260073478,0.7152569502668205,10000,0
vidstg,confirm_clean,role,T_W,prediction_mean,0.49367010025726854,0.29514245884355195,0.7145197084936733,10000,0
vidstg,confirm_clean,role,T_W,below_zero,0.0,0.0,0.0,10000,0
vidstg,confirm_clean,role,T_W,above_one,0.0,0.0,0.0,10000,0
vidstg,confirm_clean,role,delta_T,r2,-0.6480663439742811,-7.30163586608678,0.2135398920825461,10000,0
vidstg,confirm_clean,role,delta_T,mae,0.10057950266807175,0.05899788088799926,0.14078654030234686,10000,0
vidstg,confirm_clean,role,delta_T,mse,0.01362381006915527,0.0059059007529632165,0.021695500733450418,10000,0
vidstg,confirm_clean,role,delta_T,rho,0.24843922382623213,-0.7616907136408785,0.9040820127647607,10000,0
vidstg,confirm_clean,role,delta_T,truth_mean,-0.011265500827793038,-0.07703686090044858,0.04708772339261136,10000,0
vidstg,confirm_clean,role,delta_T,prediction_mean,0.041639939751523594,-0.010133393139731446,0.09614214438495865,10000,0
vidstg,confirm_clean,role,delta_T,below_zero,0.25,0.0,0.625,10000,0
vidstg,confirm_clean,role,delta_T,above_one,0.0,0.0,0.0,10000,0
hc2,search_all,all,P_A,r2,0.7325108386688859,0.3948702126120528,0.8249969637984507,10000,0
hc2,search_all,all,P_A,mae,0.10940911668015321,0.0846132460276959,0.13498013780688145,10000,0
hc2,search_all,all,P_A,mse,0.015999354233682265,0.009784779698816448,0.022737993101018397,10000,0
hc2,search_all,all,P_A,rho,0.8894954724165833,0.6724566471776426,0.9595251392691826,10000,0
hc2,search_all,all,P_A,truth_mean,0.5721108280198293,0.44941064630448924,0.6887115830484011,10000,0
hc2,search_all,all,P_A,prediction_mean,0.5601086836972301,0.4771536051465111,0.63907404497474,10000,0
hc2,search_all,all,P_A,below_zero,0.0,0.0,0.0,10000,0
hc2,search_all,all,P_A,above_one,0.0,0.0,0.0,10000,0
hc2,search_all,all,R_A,r2,0.8831497489532547,0.026906589472189723,0.9563325058370095,10000,0
hc2,search_all,all,R_A,mae,0.06692580648864321,0.04367179823357156,0.09159390236131162,10000,0
hc2,search_all,all,R_A,mse,0.007906564478822794,0.003935258780873251,0.012416126754066928,10000,0
hc2,search_all,all,R_A,rho,0.9450490973554796,0.6493796790530759,0.9799277998405097,10000,0
hc2,search_all,all,R_A,truth_mean,0.8435364430191894,0.701984839640162,0.9527214799550049,10000,0
hc2,search_all,all,R_A,prediction_mean,0.8222246690285088,0.6991963579131595,0.9144625781441467,10000,0
hc2,search_all,all,R_A,below_zero,0.03571428571428571,0.0,0.10714285714285714,10000,0
hc2,search_all,all,R_A,above_one,0.09523809523809525,0.0,0.23809523809523808,10000,0
hc2,search_all,all,P_W,r2,0.7069584406990553,0.40431888273731137,0.7923729491938355,10000,0
hc2,search_all,all,P_W,mae,0.12070221154175519,0.08549169397480508,0.15725864007216703,10000,0
hc2,search_all,all,P_W,mse,0.02118413319053183,0.01135349257397805,0.03243708266430647,10000,0
hc2,search_all,all,P_W,rho,0.9050682339006229,0.6964143127635259,0.9742099888395837,10000,0
hc2,search_all,all,P_W,truth_mean,0.6022975152176155,0.46253475120244747,0.7373190147595562,10000,0
hc2,search_all,all,P_W,prediction_mean,0.6023142809053891,0.5211849162373832,0.679379065739446,10000,0
hc2,search_all,all,P_W,below_zero,0.0,0.0,0.0,10000,0
hc2,search_all,all,P_W,above_one,0.0,0.0,0.0,10000,0
hc2,search_all,all,R_W,r2,0.8571602326321683,-0.027626522174870424,0.9216123356926598,10000,0
hc2,search_all,all,R_W,mae,0.08204664371480001,0.05764070135782825,0.10765308751851162,10000,0
hc2,search_all,all,R_W,mse,0.010977678010759861,0.005466061093116083,0.017352568329108902,10000,0
hc2,search_all,all,R_W,rho,0.9487202643535363,0.7346569843419899,0.9795982971235617,10000,0
hc2,search_all,all,R_W,truth_mean,0.8343816427366563,0.679881890596413,0.9516633759196389,10000,0
hc2,search_all,all,R_W,prediction_mean,0.8173340330794321,0.6982153675076124,0.901387208430514,10000,0
hc2,search_all,all,R_W,below_zero,0.0,0.0,0.0,10000,0
hc2,search_all,all,R_W,above_one,0.023809523809523808,0.0,0.05952380952380952,10000,0
hc2,search_all,all,P_pool,r2,0.6769933325311197,0.5304538269193483,0.7929465958567101,10000,0
hc2,search_all,all,P_pool,mae,0.14844353207583016,0.11795974054834141,0.18141779098095662,10000,0
hc2,search_all,all,P_pool,mse,0.04287356321624584,0.02822378398153605,0.05953914082665475,10000,0
hc2,search_all,all,P_pool,rho,0.8286492325854465,0.7338027322794147,0.901042130285766,10000,0
hc2,search_all,all,P_pool,truth_mean,0.3947699930136047,0.3129875196156318,0.4837453954962988,10000,0
hc2,search_all,all,P_pool,prediction_mean,0.39476999301360427,0.337063515635844,0.456011373535522,10000,0
hc2,search_all,all,P_pool,below_zero,0.07180059523809523,0.04166666666666666,0.10416666666666666,10000,0
hc2,search_all,all,P_pool,above_one,0.007440476190476191,0.0,0.017857142857142856,10000,0
hc2,search_all,all,R_pool,r2,0.9200978610849008,0.8857454976477843,0.9449776872499435,10000,0
hc2,search_all,all,R_pool,mae,0.08946112589540377,0.07485246459640453,0.10565979145011685,10000,0
hc2,search_all,all,R_pool,mse,0.013968603791501699,0.009753562694072446,0.01918767668512671,10000,0
hc2,search_all,all,R_pool,rho,0.9601174842878136,0.941499061003101,0.9742285454501299,10000,0
hc2,search_all,all,R_pool,truth_mean,0.4417330728407997,0.3973703305182122,0.48324703905253613,10000,0
hc2,search_all,all,R_pool,prediction_mean,0.44173307284079977,0.39965429261763924,0.4817203863447562,10000,0
hc2,search_all,all,R_pool,below_zero,0.11867559523809525,0.08147321428571429,0.15959821428571427,10000,0
hc2,search_all,all,R_pool,above_one,0.03459821428571429,0.017485119047619048,0.053943452380952384,10000,0
hc2,search_all,all,T_A,r2,0.7516414038780207,0.35599623370196093,0.8731966519447777,10000,0
hc2,search_all,all,T_A,mae,0.09837485954322626,0.07320149063565179,0.12474275763293963,10000,0
hc2,search_all,all,T_A,mse,0.013809420489587722,0.00801002958193056,0.020419855622494033,10000,0
hc2,search_all,all,T_A,rho,0.8909134962244082,0.6637109286013934,0.956684387302277,10000,0
hc2,search_all,all,T_A,truth_mean,0.5336859720319002,0.4165051612525387,0.6483716918670555,10000,0
hc2,search_all,all,T_A,prediction_mean,0.5032799836268701,0.41284221899243984,0.5848691318926694,10000,0
hc2,search_all,all,T_A,below_zero,0.0,0.0,0.0,10000,0
hc2,search_all,all,T_A,above_one,0.0,0.0,0.0,10000,0
hc2,search_all,all,T_W,r2,0.7446822679997176,0.35429855562776447,0.8610497851034987,10000,0
hc2,search_all,all,T_W,mae,0.1072711762356012,0.0813195531962963,0.13248275473103718,10000,0
hc2,search_all,all,T_W,mse,0.01606983035384631,0.009410517482026499,0.02380374711686382,10000,0
hc2,search_all,all,T_W,rho,0.908171986725374,0.7106954269426426,0.9699758022185433,10000,0
hc2,search_all,all,T_W,truth_mean,0.5587054318406194,0.42822286567985035,0.6847535740343027,10000,0
hc2,search_all,all,T_W,prediction_mean,0.5355669100907042,0.44842507361858697,0.6129273679792758,10000,0
hc2,search_all,all,T_W,below_zero,0.0,0.0,0.0,10000,0
hc2,search_all,all,T_W,above_one,0.0,0.0,0.0,10000,0
hc2,search_all,all,delta_T,r2,0.6747115356587793,-0.0837680444332354,0.8113480062509439,10000,0
hc2,search_all,all,delta_T,mae,0.05809071165496255,0.04442290414681424,0.07295103176731753,10000,0
hc2,search_all,all,delta_T,mse,0.005395479284069734,0.0031086811458728883,0.008045310050330606,10000,0
hc2,search_all,all,delta_T,rho,0.8424784301948665,0.49962607164914946,0.9630055061539838,10000,0
hc2,search_all,all,delta_T,truth_mean,0.025019459808719273,-0.022677001058110945,0.08327931408331694,10000,0
hc2,search_all,all,delta_T,prediction_mean,0.03228692646383419,0.001725112577846523,0.07049154628739727,10000,0
hc2,search_all,all,delta_T,below_zero,0.42857142857142855,0.2261904761904762,0.6428571428571428,10000,0
hc2,search_all,all,delta_T,above_one,0.0,0.0,0.0,10000,0
hc2,search_all,role,P_A,r2,0.9153475163771898,0.7390609592384332,0.9649683745745005,10000,0
hc2,search_all,role,P_A,mae,0.05922053197044708,0.045353205382603456,0.07500908276615108,10000,0
hc2,search_all,role,P_A,mse,0.005063326923238533,0.002891256935653461,0.0077422883081206895,10000,0
hc2,search_all,role,P_A,rho,0.9579090739058335,0.8688983943393637,0.9845263273127999,10000,0
hc2,search_all,role,P_A,truth_mean,0.5721108280198293,0.44941064630448924,0.6887115830484011,10000,0
hc2,search_all,role,P_A,prediction_mean,0.5720527596449101,0.45388908804356337,0.68098880380846,10000,0
hc2,search_all,role,P_A,below_zero,0.03571428571428571,0.0,0.10714285714285714,10000,0
hc2,search_all,role,P_A,above_one,0.0,0.0,0.0,10000,0
hc2,search_all,role,R_A,r2,0.9958845532133391,0.9610773980213878,0.9985762638563959,10000,0
hc2,search_all,role,R_A,mae,0.012816582998383553,0.009608644034071004,0.016282719400820014,10000,0
hc2,search_all,role,R_A,mse,0.0002784679115912286,0.0001516504461874716,0.00043114495592641984,10000,0
hc2,search_all,role,R_A,rho,0.9979848978229292,0.9861141116014546,0.9993203817913485,10000,0
hc2,search_all,role,R_A,truth_mean,0.8435364430191894,0.701984839640162,0.9527214799550049,10000,0
hc2,search_all,role,R_A,prediction_mean,0.8411369409197713,0.7002043794907878,0.9516974455520062,10000,0
hc2,search_all,role,R_A,below_zero,0.03571428571428571,0.0,0.10714285714285714,10000,0
hc2,search_all,role,R_A,above_one,0.17857142857142858,0.05952380952380952,0.30952380952380953,10000,0
hc2,search_all,role,P_W,r2,0.9330342793707662,0.8301618233793376,0.9648116706198909,10000,0
hc2,search_all,role,P_W,mae,0.054334330664882524,0.03979765702067727,0.06914210791641423,10000,0
hc2,search_all,role,P_W,mse,0.004840988248880981,0.0025352364465135706,0.007501520596453403,10000,0
hc2,search_all,role,P_W,rho,0.9783668909519816,0.9318993230674143,0.992748365079275,10000,0
hc2,search_all,role,P_W,truth_mean,0.6022975152176155,0.46253475120244747,0.7373190147595562,10000,0
hc2,search_all,role,P_W,prediction_mean,0.6023555835925347,0.48461697076623816,0.7120242369799974,10000,0
hc2,search_all,role,P_W,below_zero,0.0,0.0,0.0,10000,0
hc2,search_all,role,P_W,above_one,0.0,0.0,0.0,10000,0
hc2,search_all,role,R_W,r2,0.9919092009829424,0.9534259785419559,0.9978750433216025,10000,0
hc2,search_all,role,R_W,mae,0.01344185487793774,0.007333509534820682,0.02169335147695347,10000,0
hc2,search_all,role,R_W,mse,0.0006218029341248635,0.00012237598275699618,0.0014579490500041927,10000,0
hc2,search_all,role,R_W,rho,0.9966003828635626,0.9867831882753823,0.9990999644571325,10000,0
hc2,search_all,role,R_W,truth_mean,0.8343816427366563,0.679881890596413,0.9516633759196389,10000,0
hc2,search_all,role,R_W,prediction_mean,0.8367811448360739,0.6848481037764309,0.9492095357710282,10000,0
hc2,search_all,role,R_W,below_zero,0.03571428571428571,0.0,0.10714285714285714,10000,0
hc2,search_all,role,R_W,above_one,0.13095238095238096,0.023809523809523808,0.2857142857142857,10000,0
hc2,search_all,role,P_pool,r2,-0.7471438186416388,-1.67654699923995,-0.170046121948416,10000,0
hc2,search_all,role,P_pool,mae,0.34584496821426036,0.2837684838464075,0.4162366932054122,10000,0
hc2,search_all,role,P_pool,mse,0.23190320355731422,0.16347812810928586,0.3127191612432026,10000,0
hc2,search_all,role,P_pool,rho,0.20255398699158444,-0.06828201382638431,0.42089155044020077,10000,0
hc2,search_all,role,P_pool,truth_mean,0.3947699930136047,0.3129875196156318,0.4837453954962988,10000,0
hc2,search_all,role,P_pool,prediction_mean,0.6460991220317078,0.5504362707995084,0.7370624578857502,10000,0
hc2,search_all,role,P_pool,below_zero,0.004092261904761905,0.0,0.011160714285714284,10000,0
hc2,search_all,role,P_pool,above_one,0.10230654761904763,0.04427083333333333,0.16295572916666654,10000,0
hc2,search_all,role,R_pool,r2,-1.221706550228316,-1.7207668468409962,-0.767772553811215,10000,0
hc2,search_all,role,R_pool,mae,0.44045529591105054,0.37771244744496607,0.5097569667959689,10000,0
hc2,search_all,role,R_pool,mse,0.38840184959377666,0.29932756330987975,0.48651601752015533,10000,0
hc2,search_all,role,R_pool,rho,0.09296991520304752,-0.08210789810009754,0.24181731563455788,10000,0
hc2,search_all,role,R_pool,truth_mean,0.4417330728407997,0.3973703305182122,0.48324703905253613,10000,0
hc2,search_all,role,R_pool,prediction_mean,0.8098723507054989,0.6863228043370698,0.9154004794854239,10000,0
hc2,search_all,role,R_pool,below_zero,0.011904761904761904,0.0,0.033482142857142856,10000,0
hc2,search_all,role,R_pool,above_one,0.2626488095238095,0.16555059523809523,0.3735119047619047,10000,0
hc2,search_all,role,T_A,r2,0.9313161560485228,0.7867298856638062,0.9706502130649222,10000,0
hc2,search_all,role,T_A,mae,0.04993049232385012,0.037530827291446335,0.06202488728748209,10000,0
hc2,search_all,role,T_A,mse,0.003819010482332306,0.002297697319983998,0.005553075656312504,10000,0
hc2,search_all,role,T_A,rho,0.9666543125258266,0.8936211545647759,0.9876114290627357,10000,0
hc2,search_all,role,T_A,truth_mean,0.5336859720319002,0.4165051612525387,0.6483716918670555,10000,0
hc2,search_all,role,T_A,prediction_mean,0.5275487857229507,0.4148068284666775,0.6332868994266839,10000,0
hc2,search_all,role,T_A,below_zero,0.0,0.0,0.0,10000,0
hc2,search_all,role,T_A,above_one,0.0,0.0,0.0,10000,0
hc2,search_all,role,T_W,r2,0.9452795895830323,0.837787053606199,0.9777072908510508,10000,0
hc2,search_all,role,T_W,mae,0.044307449800709796,0.031715514465227294,0.05798414144093145,10000,0
hc2,search_all,role,T_W,mse,0.00344413098692473,0.0016499609482029407,0.005848100211571095,10000,0
hc2,search_all,role,T_W,rho,0.9790911302503397,0.935954552166765,0.9936860391234164,10000,0
hc2,search_all,role,T_W,truth_mean,0.5587054318406194,0.42822286567985035,0.6847535740343027,10000,0
hc2,search_all,role,T_W,prediction_mean,0.5521441133582016,0.4362794943745593,0.6595440522379191,10000,0
hc2,search_all,role,T_W,below_zero,0.0,0.0,0.0,10000,0
hc2,search_all,role,T_W,above_one,0.0,0.0,0.0,10000,0
hc2,search_all,role,delta_T,r2,0.7536444222797287,-0.004297352667489006,0.8949814581209936,10000,0
hc2,search_all,role,delta_T,mae,0.04805999751791561,0.03162291345596292,0.06604756995058197,10000,0
hc2,search_all,role,delta_T,mse,0.004086239021099885,0.0019746405524722907,0.0065292111332207374,10000,0
hc2,search_all,role,delta_T,rho,0.8695238495448974,0.5299434372605434,0.9665271355120554,10000,0
hc2,search_all,role,delta_T,truth_mean,0.025019459808719273,-0.022677001058110945,0.08327931408331694,10000,0
hc2,search_all,role,delta_T,prediction_mean,0.024595327635250953,-0.018615813183185635,0.07449281641356652,10000,0
hc2,search_all,role,delta_T,below_zero,0.42857142857142866,0.2142857142857143,0.6428571428571428,10000,0
hc2,search_all,role,delta_T,above_one,0.0,0.0,0.0,10000,0
hc2,search_corrupt,all,P_A,r2,0.7241254584350622,0.39271483695696074,0.8213320895606998,10000,0
hc2,search_corrupt,all,P_A,mae,0.11108598255363115,0.08456958402357798,0.13806002541169574,10000,0
hc2,search_corrupt,all,P_A,mse,0.016714353603098506,0.009993813260613693,0.023946874433821097,10000,0
hc2,search_corrupt,all,P_A,rho,0.8868843366076977,0.6744623283953849,0.9591768652125457,10000,0
hc2,search_corrupt,all,P_A,truth_mean,0.5765218961612072,0.45400838509161934,0.6932809268308938,10000,0
hc2,search_corrupt,all,P_A,prediction_mean,0.5604602831209029,0.47840316766726626,0.6389197825426424,10000,0
hc2,search_corrupt,all,P_A,below_zero,0.0,0.0,0.0,10000,0
hc2,search_corrupt,all,P_A,above_one,0.0,0.0,0.0,10000,0
hc2,search_corrupt,all,R_A,r2,0.8823038594113607,0.0934548729743073,0.9537606459086582,10000,0
hc2,search_corrupt,all,R_A,mae,0.06568199658151554,0.04299143524017403,0.08964952261701328,10000,0
hc2,search_corrupt,all,R_A,mse,0.007693783563495609,0.0038726477692575213,0.01196805767639645,10000,0
hc2,search_corrupt,all,R_A,rho,0.9443036293000996,0.6557985272967813,0.9786327922038642,10000,0
hc2,search_corrupt,all,R_A,truth_mean,0.8449580608401803,0.7070379408800805,0.9519493798735519,10000,0
hc2,search_corrupt,all,R_A,prediction_mean,0.825378296910071,0.7079595727507544,0.9146098435110841,10000,0
hc2,search_corrupt,all,R_A,below_zero,0.028571428571428574,0.0,0.08571428571428572,10000,0
hc2,search_corrupt,all,R_A,above_one,0.09999999999999999,0.0,0.24285714285714283,10000,0
hc2,search_corrupt,all,P_W,r2,0.6935377510354623,0.3820273889284552,0.7878724944328098,10000,0
hc2,search_corrupt,all,P_W,mae,0.12247328611207327,0.08439702642244522,0.1618044425742487,10000,0
hc2,search_corrupt,all,P_W,mse,0.022362773266765036,0.011406158787769554,0.03485591122923876,10000,0
hc2,search_corrupt,all,P_W,rho,0.8970619712350372,0.6780965787328501,0.9725122328736717,10000,0
hc2,search_corrupt,all,P_W,truth_mean,0.6025626954806602,0.4616926076143896,0.7376744874684152,10000,0
hc2,search_corrupt,all,P_W,prediction_mean,0.6015552002968498,0.5215261751377149,0.6779265882818313,10000,0
hc2,search_corrupt,all,P_W,below_zero,0.0,0.0,0.0,10000,0
hc2,search_corrupt,all,P_W,above_one,0.0,0.0,0.0,10000,0
hc2,search_corrupt,all,R_W,r2,0.8499476915856385,-0.030421169413531964,0.9132087945836571,10000,0
hc2,search_corrupt,all,R_W,mae,0.08415041470580172,0.05898865402556923,0.11075799214194339,10000,0
hc2,search_corrupt,all,R_W,mse,0.011639895198699443,0.005730223887718507,0.018703337316533675,10000,0
hc2,search_corrupt,all,R_W,rho,0.9471010583379015,0.7329610543915254,0.9782331212928659,10000,0
hc2,search_corrupt,all,R_W,truth_mean,0.8308827977619012,0.6745702268265755,0.9496015597843305,10000,0
hc2,search_corrupt,all,R_W,prediction_mean,0.8153641458479294,0.699345557112894,0.8987599681755151,10000,0
hc2,search_corrupt,all,R_W,below_zero,0.0,0.0,0.0,10000,0
hc2,search_corrupt,all,R_W,above_one,0.028571428571428574,0.0,0.07142857142857142,10000,0
hc2,search_corrupt,all,P_pool,r2,0.6768454267987676,0.531306087680522,0.790924223319895,10000,0
hc2,search_corrupt,all,P_pool,mae,0.14877549202112397,0.11837941999018986,0.1812831664200756,10000,0
hc2,search_corrupt,all,P_pool,mse,0.042961598531174046,0.028630748599748238,0.05913217681553974,10000,0
hc2,search_corrupt,all,P_pool,rho,0.8289667551230047,0.7343167123061565,0.900521343088095,10000,0
hc2,search_corrupt,all,P_pool,truth_mean,0.39418336242962254,0.31241613448971245,0.4831035466804728,10000,0
hc2,search_corrupt,all,P_pool,prediction_mean,0.3934599138150229,0.3361498512635586,0.45390081217475775,10000,0
hc2,search_corrupt,all,P_pool,below_zero,0.07142857142857142,0.040624999999999994,0.1044642857142857,10000,0
hc2,search_corrupt,all,P_pool,above_one,0.006696428571428571,0.0,0.01651785714285714,10000,0
hc2,search_corrupt,all,R_pool,r2,0.9192093881134697,0.8832674145874299,0.9449781524978937,10000,0
hc2,search_corrupt,all,R_pool,mae,0.08985057818592257,0.07507990087306207,0.10651379385998175,10000,0
hc2,search_corrupt,all,R_pool,mse,0.014125104106210215,0.009724720592502732,0.019571271232589244,10000,0
hc2,search_corrupt,all,R_pool,rho,0.9596512501479584,0.9401406898357749,0.9741868766208587,10000,0
hc2,search_corrupt,all,R_pool,truth_mean,0.441479247428829,0.3969334455250941,0.48330577654274487,10000,0
hc2,search_corrupt,all,R_pool,prediction_mean,0.44166996196961844,0.40013378278130574,0.4813561386008097,10000,0
hc2,search_corrupt,all,R_pool,below_zero,0.12053571428571429,0.08303571428571427,0.16160714285714284,10000,0
hc2,search_corrupt,all,R_pool,above_one,0.03303571428571429,0.016964285714285713,0.05133928571428571,10000,0
hc2,search_corrupt,all,T_A,r2,0.7414642925744808,0.3448318336338941,0.8682751795910277,10000,0
hc2,search_corrupt,all,T_A,mae,0.10040979057895665,0.07443487335987782,0.1279486564675913,10000,0
hc2,search_corrupt,all,T_A,mse,0.01448269699922248,0.008210111580559617,0.02174114475741509,10000,0
hc2,search_corrupt,all,T_A,rho,0.8892952362097409,0.6703260910362554,0.9565089592717131,10000,0
hc2,search_corrupt,all,T_A,truth_mean,0.5375667297103186,0.42058892944620385,0.6523734733068673,10000,0
hc2,search_corrupt,all,T_A,prediction_mean,0.5040745122402488,0.41555850227652374,0.5841538192705187,10000,0
hc2,search_corrupt,all,T_A,below_zero,0.0,0.0,0.0,10000,0
hc2,search_corrupt,all,T_A,above_one,0.0,0.0,0.0,10000,0
hc2,search_corrupt,all,T_W,r2,0.7326047673305971,0.32267006680651583,0.8560671838239055,10000,0
hc2,search_corrupt,all,T_W,mae,0.10935005154142241,0.0816339944825295,0.13710995332963027,10000,0
hc2,search_corrupt,all,T_W,mse,0.016942091175523324,0.009483113822497974,0.02595266175492917,10000,0
hc2,search_corrupt,all,T_W,rho,0.9037139345183142,0.6952809193243116,0.9704415932620787,10000,0
hc2,search_corrupt,all,T_W,truth_mean,0.5580134968102286,0.42735315646085204,0.683832127211561,10000,0
hc2,search_corrupt,all,T_W,prediction_mean,0.5333901016623773,0.44790227834597574,0.6101786013068066,10000,0
hc2,search_corrupt,all,T_W,below_zero,0.0,0.0,0.0,10000,0
hc2,search_corrupt,all,T_W,above_one,0.0,0.0,0.0,10000,0
hc2,search_corrupt,all,delta_T,r2,0.664907222232423,-0.01801949355464057,0.8083640670475386,10000,0
hc2,search_corrupt,all,delta_T,mae,0.05854711028151668,0.04586941489134527,0.07164099644306494,10000,0
hc2,search_corrupt,all,delta_T,mse,0.005387402074859747,0.003286246892633616,0.00769809263730989,10000,0
hc2,search_corrupt,all,delta_T,rho,0.8382980680543124,0.5089319834665026,0.9581676419463901,10000,0
hc2,search_corrupt,all,delta_T,truth_mean,0.020446767099909953,-0.02617963386152725,0.07499909351454488,10000,0
hc2,search_corrupt,all,delta_T,prediction_mean,0.029315589422128443,0.0009331557639843303,0.06457649946204547,10000,0
hc2,search_corrupt,all,delta_T,below_zero,0.44285714285714295,0.24285714285714288,0.657142857142857,10000,0
hc2,search_corrupt,all,delta_T,above_one,0.0,0.0,0.0,10000,0
hc2,search_corrupt,role,P_A,r2,0.9136158078488232,0.7484952239100273,0.9637842169438061,10000,0
hc2,search_corrupt,role,P_A,mae,0.06017437567764664,0.045992241247773465,0.07591749746372492,10000,0
hc2,search_corrupt,role,P_A,mse,0.005233741124288945,0.0029566694579341414,0.007940593457937099,10000,0
hc2,search_corrupt,role,P_A,rho,0.9575919786011705,0.8733219725031189,0.9842233438304868,10000,0
hc2,search_corrupt,role,P_A,truth_mean,0.5765218961612072,0.45400838509161934,0.6932809268308938,10000,0
hc2,search_corrupt,role,P_A,prediction_mean,0.5733874710425392,0.45598628488836485,0.6817293556781604,10000,0
hc2,search_corrupt,role,P_A,below_zero,0.028571428571428574,0.0,0.08571428571428572,10000,0
hc2,search_corrupt,role,P_A,above_one,0.0,0.0,0.0,10000,0
hc2,search_corrupt,role,R_A,r2,0.9955901226299085,0.9617843249403533,0.9984593025395094,10000,0
hc2,search_corrupt,role,R_A,mae,0.013037990229609586,0.009866753212747683,0.016377780494427896,10000,0
hc2,search_corrupt,role,R_A,mse,0.00028827319109489823,0.00015994478251966232,0.0004469097679507004,10000,0
hc2,search_corrupt,role,R_A,rho,0.9978740866182326,0.9860268363601167,0.9992632229341843,10000,0
hc2,search_corrupt,role,R_A,truth_mean,0.8449580608401803,0.7070379408800805,0.9519493798735519,10000,0
hc2,search_corrupt,role,R_A,prediction_mean,0.8418038950855724,0.703371464163864,0.9498756070743101,10000,0
hc2,search_corrupt,role,R_A,below_zero,0.028571428571428574,0.0,0.08571428571428572,10000,0
hc2,search_corrupt,role,R_A,above_one,0.17142857142857143,0.05714285714285714,0.3142857142857143,10000,0
hc2,search_corrupt,role,P_W,r2,0.9289277279293353,0.8211844290828114,0.9639113874240942,10000,0
hc2,search_corrupt,role,P_W,mae,0.055763424926399664,0.038887665327155235,0.07355388195704303,10000,0
hc2,search_corrupt,role,P_W,mse,0.005186195400054077,0.002422656848978139,0.0084493772308833,10000,0
hc2,search_corrupt,role,P_W,rho,0.9772656699528424,0.929139279159628,0.9930472162056543,10000,0
hc2,search_corrupt,role,P_W,truth_mean,0.6025626954806602,0.4616926076143896,0.7376744874684152,10000,0
hc2,search_corrupt,role,P_W,prediction_mean,0.6014395471781505,0.48438089352193403,0.7108747899576722,10000,0
hc2,search_corrupt,role,P_W,below_zero,0.0,0.0,0.0,10000,0
hc2,search_corrupt,role,P_W,above_one,0.0,0.0,0.0,10000,0
hc2,search_corrupt,role,R_W,r2,0.9909614852023124,0.9530195653559212,0.9976686711022754,10000,0
hc2,search_corrupt,role,R_W,mae,0.01387934143197621,0.00722262564745335,0.02321350844261591,10000,0
hc2,search_corrupt,role,R_W,mse,0.0007011379305572064,0.00011812771561506054,0.0016885759007206921,10000,0
hc2,search_corrupt,role,R_W,rho,0.9963493640387512,0.988109768465556,0.9990786353143787,10000,0
hc2,search_corrupt,role,R_W,truth_mean,0.8308827977619012,0.6745702268265755,0.9496015597843305,10000,0
hc2,search_corrupt,role,R_W,prediction_mean,0.8340740969883101,0.68323197511727,0.9470598111721734,10000,0
hc2,search_corrupt,role,R_W,below_zero,0.028571428571428574,0.0,0.08571428571428572,10000,0
hc2,search_corrupt,role,R_W,above_one,0.12857142857142856,0.02857142857142857,0.2857142857142857,10000,0
hc2,search_corrupt,role,P_pool,r2,-0.7386500562239475,-1.6632822693426486,-0.1668699939722905,10000,0
hc2,search_corrupt,role,P_pool,mae,0.3457910955735728,0.283882546040384,0.4158977464135928,10000,0
hc2,search_corrupt,role,P_pool,mse,0.2311438299070049,0.16310505656466529,0.31163460125334747,10000,0
hc2,search_corrupt,role,P_pool,rho,0.20503472774275655,-0.06333064332035589,0.4211814939698535,10000,0
hc2,search_corrupt,role,P_pool,truth_mean,0.39418336242962254,0.31241613448971245,0.4831035466804728,10000,0
hc2,search_corrupt,role,P_pool,prediction_mean,0.6453616912618322,0.5504727203741087,0.7352639722844823,10000,0
hc2,search_corrupt,role,P_pool,below_zero,0.0040178571428571425,0.0,0.010714285714285713,10000,0
hc2,search_corrupt,role,P_pool,above_one,0.10089285714285715,0.04330357142857143,0.1611607142857143,10000,0
hc2,search_corrupt,role,R_pool,r2,-1.2103547404736452,-1.709818457116487,-0.7560982129426148,10000,0
hc2,search_corrupt,role,R_pool,mae,0.43927864833349783,0.3765385876346329,0.5084350704893059,10000,0
hc2,search_corrupt,role,R_pool,mse,0.3864494907489479,0.2975652893708359,0.4847660796629003,10000,0
hc2,search_corrupt,role,R_pool,rho,0.09663194333940808,-0.07826997437359626,0.24521168310161257,10000,0
hc2,search_corrupt,role,R_pool,truth_mean,0.441479247428829,0.3969334455250941,0.48330577654274487,10000,0
hc2,search_corrupt,role,R_pool,prediction_mean,0.8087657558775246,0.6861804787489415,0.9142150615403808,10000,0
hc2,search_corrupt,role,R_pool,below_zero,0.011160714285714286,0.0,0.03125,10000,0
hc2,search_corrupt,role,R_pool,above_one,0.2598214285714286,0.16339285714285715,0.37008928571428573,10000,0
hc2,search_corrupt,role,T_A,r2,0.9285256113212559,0.7873629113241379,0.9695933859010115,10000,0
hc2,search_corrupt,role,T_A,mae,0.050614416885979396,0.037714032077306905,0.06323346873965058,10000,0
hc2,search_corrupt,role,T_A,mse,0.004003864397482191,0.0023222115800559814,0.006030625262661597,10000,0
hc2,search_corrupt,role,T_A,rho,0.9659563923581632,0.8952233288460059,0.9875940809121194,10000,0
hc2,search_corrupt,role,T_A,truth_mean,0.5375667297103186,0.42058892944620385,0.6523734733068673,10000,0
hc2,search_corrupt,role,T_A,prediction_mean,0.5283791372988114,0.41611299058231205,0.634074971943398,10000,0
hc2,search_corrupt,role,T_A,below_zero,0.0,0.0,0.0,10000,0
hc2,search_corrupt,role,T_A,above_one,0.0,0.0,0.0,10000,0
hc2,search_corrupt,role,T_W,r2,0.9430267749558958,0.8293454773902941,0.9783478719629063,10000,0
hc2,search_corrupt,role,T_W,mae,0.0450831639892873,0.03094220820564639,0.0612633253327025,10000,0
hc2,search_corrupt,role,T_W,mse,0.0036098084607746666,0.0015016209761326085,0.006496185394042215,10000,0
hc2,search_corrupt,role,T_W,rho,0.9787685826367288,0.9342390579323453,0.9940920749715118,10000,0
hc2,search_corrupt,role,T_W,truth_mean,0.5580134968102286,0.42735315646085204,0.683832127211561,10000,0
hc2,search_corrupt,role,T_W,prediction_mean,0.5498798593192757,0.43440158406071305,0.6562700869336072,10000,0
hc2,search_corrupt,role,T_W,below_zero,0.0,0.0,0.0,10000,0
hc2,search_corrupt,role,T_W,above_one,0.0,0.0,0.0,10000,0
hc2,search_corrupt,role,delta_T,r2,0.7510042357926392,0.0765318005851198,0.8923206749049273,10000,0
hc2,search_corrupt,role,delta_T,mae,0.04832288177037452,0.032838923220249214,0.06502581846348421,10000,0
hc2,search_corrupt,role,delta_T,mse,0.00400319071529634,0.0020321729345872137,0.006246909547033661,10000,0
hc2,search_corrupt,role,delta_T,rho,0.868088024977231,0.5476383701473817,0.9638643387694599,10000,0
hc2,search_corrupt,role,delta_T,truth_mean,0.020446767099909953,-0.02617963386152725,0.07499909351454488,10000,0
hc2,search_corrupt,role,delta_T,prediction_mean,0.021500722020464325,-0.020768631438648773,0.06863716664212376,10000,0
hc2,search_corrupt,role,delta_T,below_zero,0.4428571428571429,0.22857142857142856,0.6571428571428571,10000,0
hc2,search_corrupt,role,delta_T,above_one,0.0,0.0,0.0,10000,0
hc2,search_clean,all,P_A,r2,0.7755751191261773,0.2707743275375161,0.8535629817414151,10000,0
hc2,search_clean,all,P_A,mae,0.1010247873127635,0.07708087538378595,0.1259502512350786,10000,0
hc2,search_clean,all,P_A,mse,0.012424357386601055,0.0072400694767673305,0.018059273296011983,10000,0
hc2,search_clean,all,P_A,rho,0.9078049890776261,0.6233827260420909,0.971630666551518,10000,0
hc2,search_clean,all,P_A,truth_mean,0.5500554873129404,0.42626544798503047,0.6696306185372045,10000,0
hc2,search_clean,all,P_A,prediction_mean,0.5583506865788667,0.47115811312557543,0.6405585708904719,10000,0
hc2,search_clean,all,P_A,below_zero,0.0,0.0,0.0,10000,0
hc2,search_clean,all,P_A,above_one,0.0,0.0,0.0,10000,0
hc2,search_clean,all,R_A,r2,0.886556590090906,-1.061234862255897,0.9691637129855043,9999,1
hc2,search_clean,all,R_A,mae,0.07314485602428156,0.043093740186181055,0.10566870326819207,10000,0
hc2,search_clean,all,R_A,mse,0.008970469055458707,0.0035889189166071057,0.015282164233360282,10000,0
hc2,search_clean,all,R_A,rho,0.9488804800888542,0.635090612714404,0.9891713039151894,9999,1
hc2,search_clean,all,R_A,truth_mean,0.8364283539142343,0.6738854202980177,0.9600111353245268,10000,0
hc2,search_clean,all,R_A,prediction_mean,0.8064565296206981,0.6597954530599258,0.9130262472715771,10000,0
hc2,search_clean,all,R_A,below_zero,0.07142857142857142,0.0,0.21428571428571427,10000,0
hc2,search_clean,all,R_A,above_one,0.07142857142857142,0.0,0.21428571428571427,10000,0
hc2,search_clean,all,P_W,r2,0.7780303890545701,0.5245081563632416,0.8340021370851007,10000,0
hc2,search_clean,all,P_W,mae,0.11184683869016489,0.08496692191647368,0.13951680375196085,10000,0
hc2,search_clean,all,P_W,mse,0.015290932809365804,0.009300769208386179,0.022141096379610023,10000,0
hc2,search_clean,all,P_W,rho,0.9469102845711241,0.7981288473522854,0.9895563286724712,10000,0
hc2,search_clean,all,P_W,truth_mean,0.6009716139023925,0.46255310192656784,0.7338995881502978,10000,0
hc2,search_clean,all,P_W,prediction_mean,0.6061096839480841,0.5203169627400577,0.6859714678405988,10000,0
hc2,search_clean,all,P_W,below_zero,0.0,0.0,0.0,10000,0
hc2,search_clean,all,P_W,above_one,0.0,0.0,0.0,10000,0
hc2,search_clean,all,R_W,r2,0.8948197771664924,-0.7727389493123398,0.9680867719191268,10000,0
hc2,search_clean,all,R_W,mae,0.07152778875979157,0.04733875030683072,0.09953572716311783,10000,0
hc2,search_clean,all,R_W,mse,0.00766659207106198,0.0030993675811749086,0.014104501436278142,10000,0
hc2,search_clean,all,R_W,rho,0.9608040009343393,0.7348593541217003,0.9949686295052487,10000,0
hc2,search_clean,all,R_W,truth_mean,0.8518758676104314,0.6941752414110836,0.9652020654616478,10000,0
hc2,search_clean,all,R_W,prediction_mean,0.8271834692369454,0.696983727936882,0.9166872562529921,10000,0
hc2,search_clean,all,R_W,below_zero,0.0,0.0,0.0,10000,0
hc2,search_clean,all,R_W,above_one,0.0,0.0,0.0,10000,0
hc2,search_clean,all,P_pool,r2,0.6777147250894344,0.5191232914615168,0.8042744443518348,10000,0
hc2,search_clean,all,P_pool,mae,0.14678373234936135,0.11586470507889772,0.1815664994871811,10000,0
hc2,search_clean,all,P_pool,mse,0.04243338664160477,0.02652165486651359,0.061576023343137845,10000,0
hc2,search_clean,all,P_pool,rho,0.8273836059576486,0.7233272382996347,0.9046868789462121,10000,0
hc2,search_clean,all,P_pool,truth_mean,0.39770314593351574,0.3159730338270383,0.48638937453976505,10000,0
hc2,search_clean,all,P_pool,prediction_mean,0.4013203890065106,0.3407015281355722,0.4659925025727531,10000,0
hc2,search_clean,all,P_pool,below_zero,0.07366071428571429,0.04464285714285714,0.10491071428571427,10000,0
hc2,search_clean,all,P_pool,above_one,0.011160714285714286,0.0,0.02678571428571428,10000,0
hc2,search_clean,all,R_pool,r2,0.9245416119865035,0.8940735522606631,0.9468261335779141,10000,0
hc2,search_clean,all,R_pool,mae,0.08751386444280985,0.07334660717594489,0.10306014834379791,10000,0
hc2,search_clean,all,R_pool,mse,0.013186102217959109,0.009429029313559448,0.01749960291214728,10000,0
hc2,search_clean,all,R_pool,rho,0.9624492171827025,0.9457577817735535,0.9751006621692158,10000,0
hc2,search_clean,all,R_pool,truth_mean,0.4430021999006542,0.39891578187985566,0.4849335867168558,10000,0
hc2,search_clean,all,R_pool,prediction_mean,0.44204862719670596,0.39649013877664624,0.48480135837558724,10000,0
hc2,search_clean,all,R_pool,below_zero,0.109375,0.07142857142857142,0.14955357142857142,10000,0
hc2,search_clean,all,R_pool,above_one,0.04241071428571429,0.020089285714285712,0.06919642857142856,10000,0
hc2,search_clean,all,T_A,r2,0.8032356633165963,0.34134841915591424,0.9127485276955405,10000,0
hc2,search_clean,all,T_A,mae,0.08820020436457433,0.06185851637709082,0.1155858066883848,10000,0
hc2,search_clean,all,T_A,mse,0.01044303794141396,0.005340764281581785,0.016340865947369183,10000,0
hc2,search_clean,all,T_A,rho,0.9045341234241038,0.6408560237287919,0.9689770204588838,10000,0
hc2,search_clean,all,T_A,truth_mean,0.5142821836398073,0.3944412238627328,0.6339155138571433,10000,0
hc2,search_clean,all,T_A,prediction_mean,0.4993073405599763,0.39672941337399603,0.5895445058344133,10000,0
hc2,search_clean,all,T_A,below_zero,0.0,0.0,0.0,10000,0
hc2,search_clean,all,T_A,above_one,0.0,0.0,0.0,10000,0
hc2,search_clean,all,T_W,r2,0.8075207473726702,0.5089010116679329,0.9039923427343622,10000,0
hc2,search_clean,all,T_W,mae,0.09687679970649496,0.07220378735998126,0.12241561847506774,10000,0
hc2,search_clean,all,T_W,mse,0.01170852624546125,0.006666527298004108,0.01746782871359424,10000,0
hc2,search_clean,all,T_W,rho,0.9337354557500631,0.8054321260319591,0.9828279216159853,10000,0
hc2,search_clean,all,T_W,truth_mean,0.5621651069925732,0.4327122218110973,0.687467240875434,10000,0
hc2,search_clean,all,T_W,prediction_mean,0.5464509522323392,0.4520453098070703,0.6282621696821422,10000,0
hc2,search_clean,all,T_W,below_zero,0.0,0.0,0.0,10000,0
hc2,search_clean,all,T_W,above_one,0.0,0.0,0.0,10000,0
hc2,search_clean,all,delta_T,r2,0.706272752338071,-0.9184388018490357,0.8293066058773025,10000,0
hc2,search_clean,all,delta_T,mae,0.055808718522191936,0.03304737951260412,0.08259829372344137,10000,0
hc2,search_clean,all,delta_T,mse,0.0054358653301196675,0.0017497390744021298,0.010267481998416029,10000,0
hc2,search_clean,all,delta_T,rho,0.8557213079376985,0.44317981109975435,0.9844153103892166,10000,0
hc2,search_clean,all,delta_T,truth_mean,0.04788292335276586,-0.0115377622040074,0.12730562883416305,10000,0
hc2,search_clean,all,delta_T,prediction_mean,0.047143611672362924,0.0037453688114831886,0.10151622709203935,10000,0
hc2,search_clean,all,delta_T,below_zero,0.35714285714285715,0.14285714285714285,0.6428571428571428,10000,0
hc2,search_clean,all,delta_T,above_one,0.0,0.0,0.0,10000,0
hc2,search_clean,role,P_A,r2,0.9239308256906276,0.6091183460939305,0.9768750996192055,10000,0
hc2,search_clean,role,P_A,mae,0.05445131343444925,0.03764862225181283,0.07459011445945085,10000,0
hc2,search_clean,role,P_A,mse,0.004211255917986472,0.0018021885219003492,0.007662334830293648,10000,0
hc2,search_clean,role,P_A,rho,0.9634188489069704,0.8602038781138112,0.9904846339172947,10000,0
hc2,search_clean,role,P_A,truth_mean,0.5500554873129404,0.42626544798503047,0.6696306185372045,10000,0
hc2,search_clean,role,P_A,prediction_mean,0.5653792026567654,0.4398799566415244,0.6766899936461707,10000,0
hc2,search_clean,role,P_A,below_zero,0.07142857142857142,0.0,0.21428571428571427,10000,0
hc2,search_clean,role,P_A,above_one,0.0,0.0,0.0,10000,0
hc2,search_clean,role,R_A,r2,0.99709840950677,0.951039580252263,0.9992647902676014,9999,1
hc2,search_clean,role,R_A,mae,0.011709546842253378,0.006977925133389394,0.017011616959347404,10000,0
hc2,search_clean,role,R_A,mse,0.00022944151407288036,8.015790385495353e-05,0.0004179217391512266,10000,0
hc2,search_clean,role,R_A,rho,0.9985635207137356,0.9882999466486955,0.9996977214217175,9999,1
hc2,search_clean,role,R_A,truth_mean,0.8364283539142343,0.6738854202980177,0.9600111353245268,10000,0
hc2,search_clean,role,R_A,prediction_mean,0.8378021700907671,0.6760865817806819,0.960201915061425,10000,0
hc2,search_clean,role,R_A,below_zero,0.07142857142857142,0.0,0.21428571428571427,10000,0
hc2,search_clean,role,R_A,above_one,0.21428571428571427,0.0,0.42857142857142855,10000,0
hc2,search_clean,role,P_W,r2,0.9547820396827168,0.8578889807892756,0.981812326345386,10000,0
hc2,search_clean,role,P_W,mae,0.04718885935729684,0.032828750791942515,0.06386605402153725,10000,0
hc2,search_clean,role,P_W,mse,0.0031149524930154976,0.0013956814333237948,0.005440156119572882,10000,0
hc2,search_clean,role,P_W,rho,0.9854245773573398,0.9549774068457885,0.9969122532337258,10000,0
hc2,search_clean,role,P_W,truth_mean,0.6009716139023925,0.46255310192656784,0.7338995881502978,10000,0
hc2,search_clean,role,P_W,prediction_mean,0.6069357656644553,0.48537518195501,0.719272854614362,10000,0
hc2,search_clean,role,P_W,below_zero,0.0,0.0,0.0,10000,0
hc2,search_clean,role,P_W,above_one,0.0,0.0,0.0,10000,0
hc2,search_clean,role,R_W,r2,0.9969114036674896,0.9403093815472755,0.9992882624098812,10000,0
hc2,search_clean,role,R_W,mae,0.011254422107745394,0.006403347712544211,0.016632766728959025,10000,0
hc2,search_clean,role,R_W,mse,0.000225127951963147,7.607332361493592e-05,0.00042154672900900124,10000,0
hc2,search_clean,role,R_W,rho,0.9985004719784306,0.981658420413638,0.9997513690872188,10000,0
hc2,search_clean,role,R_W,truth_mean,0.8518758676104314,0.6941752414110836,0.9652020654616478,10000,0
hc2,search_clean,role,R_W,prediction_mean,0.8503163840748927,0.6935703846294015,0.9615737572208714,10000,0
hc2,search_clean,role,R_W,below_zero,0.07142857142857142,0.0,0.21428571428571427,10000,0
hc2,search_clean,role,R_W,above_one,0.14285714285714285,0.0,0.3571428571428571,10000,0
hc2,search_clean,role,P_pool,r2,-0.7901626160773949,-1.7295731575757767,-0.19394841700053553,10000,0
hc2,search_clean,role,P_pool,mae,0.34611433141769865,0.2823199790449319,0.41796962144567684,10000,0
hc2,search_clean,role,P_pool,mse,0.23570007180886096,0.1647347278639424,0.3192839897846689,10000,0
hc2,search_clean,role,P_pool,rho,0.1902734231439339,-0.09453745414437267,0.4187394641839454,10000,0
hc2,search_clean,role,P_pool,truth_mean,0.39770314593351574,0.3159730338270383,0.48638937453976505,10000,0
hc2,search_clean,role,P_pool,prediction_mean,0.6497862758810866,0.549518895785287,0.7448502336279789,10000,0
hc2,search_clean,role,P_pool,below_zero,0.004464285714285714,0.0,0.013392857142857142,10000,0
hc2,search_clean,role,P_pool,above_one,0.109375,0.04910714285714285,0.17410714285714285,10000,0
hc2,search_clean,role,R_pool,r2,-1.2785191735553232,-1.7754584627992853,-0.8203772070647843,10000,0
hc2,search_clean,role,R_pool,mae,0.4463385337988148,0.3820347094074478,0.5163328833246249,10000,0
hc2,search_clean,role,R_pool,mse,0.39816364381792013,0.3075361070587167,0.4976206947161532,10000,0
hc2,search_clean,role,R_pool,rho,0.07482631581673253,-0.1025372005363094,0.22236749480024545,10000,0
hc2,search_clean,role,R_pool,truth_mean,0.4430021999006542,0.39891578187985566,0.4849335867168558,10000,0
hc2,search_clean,role,R_pool,prediction_mean,0.8154053248453682,0.6889905322658717,0.9223218896901091,10000,0
hc2,search_clean,role,R_pool,below_zero,0.015625,0.0,0.04464285714285714,10000,0
hc2,search_clean,role,R_pool,above_one,0.2767857142857143,0.1763392857142857,0.3883928571428571,10000,0
hc2,search_clean,role,T_A,r2,0.9454582299183932,0.7725428416808957,0.9798011709178832,10000,0
hc2,search_clean,role,T_A,mae,0.046510869513203774,0.03279510655318694,0.06099687587440438,10000,0
hc2,search_clean,role,T_A,mse,0.002894740906582887,0.0015269413559766216,0.0044711404445681715,10000,0
hc2,search_clean,role,T_A,rho,0.9733271750844033,0.9042685479143115,0.9920050626818648,10000,0
hc2,search_clean,role,T_A,truth_mean,0.5142821836398073,0.3944412238627328,0.6339155138571433,10000,0
hc2,search_clean,role,T_A,prediction_mean,0.523397027843647,0.4058068841529807,0.634396828861497,10000,0
hc2,search_clean,role,T_A,below_zero,0.0,0.0,0.0,10000,0
hc2,search_clean,role,T_A,above_one,0.0,0.0,0.0,10000,0
hc2,search_clean,role,T_W,r2,0.9569991674409091,0.8562302688610767,0.9859038718386673,10000,0
hc2,search_clean,role,T_W,mae,0.040428878857822266,0.02551746961806062,0.05808852308856693,10000,0
hc2,search_clean,role,T_W,mse,0.002615743617675049,0.0009769724300196497,0.004844492871814295,10000,0
hc2,search_clean,role,T_W,rho,0.9821662356616718,0.9505627183730245,0.99572521085382,10000,0
hc2,search_clean,role,T_W,truth_mean,0.5621651069925732,0.4327122218110973,0.687467240875434,10000,0
hc2,search_clean,role,T_W,prediction_mean,0.563465383552831,0.44462351797262906,0.6730520762457334,10000,0
hc2,search_clean,role,T_W,below_zero,0.0,0.0,0.0,10000,0
hc2,search_clean,role,T_W,above_one,0.0,0.0,0.0,10000,0
hc2,search_clean,role,delta_T,r2,0.7567622793994707,-0.9071795438629914,0.9134945464235429,10000,0
hc2,search_clean,role,delta_T,mae,0.046745576255621014,0.02335946825082124,0.07339162289080069,10000,0
hc2,search_clean,role,delta_T,mse,0.004501480550117611,0.0014419699084318681,0.008142753899019065,10000,0
hc2,search_clean,role,delta_T,rho,0.8726398172833344,0.3697976419441457,0.9822590097312968,10000,0
hc2,search_clean,role,delta_T,truth_mean,0.04788292335276586,-0.0115377622040074,0.12730562883416305,10000,0
hc2,search_clean,role,delta_T,prediction_mean,0.0400683557091841,-0.011555095766904184,0.10546848446716472,10000,0
hc2,search_clean,role,delta_T,below_zero,0.35714285714285715,0.14285714285714285,0.6428571428571428,10000,0
hc2,search_clean,role,delta_T,above_one,0.0,0.0,0.0,10000,0
hc2,confirm_all,all,P_A,r2,-0.5822283010942495,-20.989963649653244,-0.07422824731185784,10000,0
hc2,confirm_all,all,P_A,mae,0.2708765814155042,0.16886416588371658,0.35676913191828924,10000,0
hc2,confirm_all,all,P_A,mse,0.09735803286236654,0.05008282535166778,0.14074356400586235,10000,0
hc2,confirm_all,all,P_A,rho,-0.2600187730714207,-0.6812315756206202,0.19532473862065453,10000,0
hc2,confirm_all,all,P_A,truth_mean,0.7572146713581571,0.5680659651296959,0.9045779832628658,10000,0
hc2,confirm_all,all,P_A,prediction_mean,0.6037772979905383,0.5633384988102587,0.6427159633195494,10000,0
hc2,confirm_all,all,P_A,below_zero,0.0,0.0,0.0,10000,0
hc2,confirm_all,all,P_A,above_one,0.0,0.0,0.0,10000,0
hc2,confirm_all,all,R_A,r2,-0.836678026225391,-20.311722497204144,-0.22876920140294676,10000,0
hc2,confirm_all,all,R_A,mae,0.21507554956497438,0.1390484035834723,0.28775878042092984,10000,0
hc2,confirm_all,all,R_A,mse,0.08165296829706024,0.03097189930660887,0.14822316635051377,10000,0
hc2,confirm_all,all,R_A,rho,-0.19205282999201972,-0.7176750462911333,0.40884024883239134,10000,0
hc2,confirm_all,all,R_A,truth_mean,0.8510797378312056,0.720104292858696,0.9518446275946275,10000,0
hc2,confirm_all,all,R_A,prediction_mean,0.7873283307701119,0.6852296785622636,0.88882227053649,10000,0
hc2,confirm_all,all,R_A,below_zero,0.0,0.0,0.0,10000,0
hc2,confirm_all,all,R_A,above_one,0.023809523809523808,0.0,0.07142857142857142,10000,0
hc2,confirm_all,all,P_W,r2,-0.22754275272254,-8.513672166012327,0.14162671762534004,10000,0
hc2,confirm_all,all,P_W,mae,0.22642106300433154,0.14408069714350116,0.3001693568932249,10000,0
hc2,confirm_all,all,P_W,mse,0.07105794836930836,0.03483741378648021,0.10887948785171617,10000,0
hc2,confirm_all,all,P_W,rho,0.175774738645898,-0.3852478839806971,0.707506209627472,10000,0
hc2,confirm_all,all,P_W,truth_mean,0.7501991899427983,0.5701823637033401,0.8986716888436231,10000,0
hc2,confirm_all,all,P_W,prediction_mean,0.635015761654924,0.573902364163481,0.6898487723025608,10000,0
hc2,confirm_all,all,P_W,below_zero,0.0,0.0,0.0,10000,0
hc2,confirm_all,all,P_W,above_one,0.0,0.0,0.0,10000,0
hc2,confirm_all,all,R_W,r2,-0.45811953679313655,-3.688785320868264,-0.16737162034252326,10000,0
hc2,confirm_all,all,R_W,mae,0.1873059323475104,0.14432405108330743,0.23693622510880746,10000,0
hc2,confirm_all,all,R_W,mse,0.06461594584382843,0.023964353727429746,0.13190386384839184,10000,0
hc2,confirm_all,all,R_W,rho,-0.25841618767437136,-0.5836495317633937,0.4431280687632234,10000,0
hc2,confirm_all,all,R_W,truth_mean,0.7991659259418554,0.69861991826938,0.8964547357404498,10000,0
hc2,confirm_all,all,R_W,prediction_mean,0.7769491596401765,0.7060238340664299,0.8344574399674796,10000,0
hc2,confirm_all,all,R_W,below_zero,0.0,0.0,0.0,10000,0
hc2,confirm_all,all,R_W,above_one,0.0,0.0,0.0,10000,0
hc2,confirm_all,all,P_pool,r2,0.486893311855188,0.2608651846211092,0.645275960952135,10000,0
hc2,confirm_all,all,P_pool,mae,0.21896036586626613,0.16435657295040593,0.26473943742012424,10000,0
hc2,confirm_all,all,P_pool,mse,0.07863908581023206,0.049970595748274615,0.10497270228588118,10000,0
hc2,confirm_all,all,P_pool,rho,0.7171369328079584,0.5503195550482214,0.8485407170252962,10000,0
hc2,confirm_all,all,P_pool,truth_mean,0.473370015959449,0.33697835768014067,0.6197678334753997,10000,0
hc2,confirm_all,all,P_pool,prediction_mean,0.4088188577944346,0.293723661138902,0.5105050818943456,10000,0
hc2,confirm_all,all,P_pool,below_zero,0.0863095238095238,0.019345238095238096,0.2075892857142857,10000,0
hc2,confirm_all,all,P_pool,above_one,0.0,0.0,0.0,10000,0
hc2,confirm_all,all,R_pool,r2,0.7270085296225829,0.5702900210407452,0.852535529670466,10000,0
hc2,confirm_all,all,R_pool,mae,0.15924297697195147,0.12478375540995819,0.1977002219288284,10000,0
hc2,confirm_all,all,R_pool,mse,0.042357485590438046,0.023501973825192233,0.06463537590721637,10000,0
hc2,confirm_all,all,R_pool,rho,0.8583514748015285,0.7910927817217125,0.9376201089024035,10000,0
hc2,confirm_all,all,R_pool,truth_mean,0.42997686572144705,0.3909388182149662,0.4686484584940149,10000,0
hc2,confirm_all,all,R_pool,prediction_mean,0.4346509366249306,0.3407093928344345,0.52892958214314,10000,0
hc2,confirm_all,all,R_pool,below_zero,0.15029761904761904,0.05578497023809524,0.2537202380952381,10000,0
hc2,confirm_all,all,R_pool,above_one,0.04985119047619047,0.004464285714285714,0.10416666666666666,10000,0
hc2,confirm_all,all,T_A,r2,-1.0188795238832107,-14.431275976293685,-0.13308353669922113,10000,0
hc2,confirm_all,all,T_A,mae,0.2782882415060752,0.16275672981594982,0.38345248536492366,10000,0
hc2,confirm_all,all,T_A,mse,0.10897326222926033,0.05171972993897194,0.16213430776051613,10000,0
hc2,confirm_all,all,T_A,rho,-0.33556996144259044,-0.7894727150341834,0.2673122492256257,10000,0
hc2,confirm_all,all,T_A,truth_mean,0.693661080783673,0.5181667638903573,0.8334333213173092,10000,0
hc2,confirm_all,all,T_A,prediction_mean,0.5207210719977806,0.452160749730952,0.5882817336007476,10000,0
hc2,confirm_all,all,T_A,below_zero,0.0,0.0,0.0,10000,0
hc2,confirm_all,all,T_A,above_one,0.0,0.0,0.0,10000,0
hc2,confirm_all,all,T_W,r2,-0.715625824336078,-7.346460259753818,-0.1407093565685178,10000,0
hc2,confirm_all,all,T_W,mae,0.1923235517021577,0.08467127491802862,0.2938509163684952,10000,0
hc2,confirm_all,all,T_W,mse,0.06722148844764911,0.023950766266129193,0.11126044355051797,10000,0
hc2,confirm_all,all,T_W,rho,-0.2889138470506228,-0.7090479123993282,0.15524652801970845,10000,0
hc2,confirm_all,all,T_W,truth_mean,0.6373940752705274,0.4933870694183161,0.7589203170970404,10000,0
hc2,confirm_all,all,T_W,prediction_mean,0.5387322717693315,0.4725662096517346,0.601570010785402,10000,0
hc2,confirm_all,all,T_W,below_zero,0.0,0.0,0.0,10000,0
hc2,confirm_all,all,T_W,above_one,0.0,0.0,0.0,10000,0
hc2,confirm_all,all,delta_T,r2,-0.8459515531642339,-2.6406556859035475,0.05298861316664638,10000,0
hc2,confirm_all,all,delta_T,mae,0.09452363021515323,0.04545073593120674,0.15529417771171194,10000,0
hc2,confirm_all,all,delta_T,mse,0.018882139707961317,0.0038619020979678833,0.04049963770281254,10000,0
hc2,confirm_all,all,delta_T,rho,-0.20334057277975665,-0.7371332732121278,0.4310405041373323,10000,0
hc2,confirm_all,all,delta_T,truth_mean,-0.0562670055131456,-0.11945277349567872,0.0014626950280284348,10000,0
hc2,confirm_all,all,delta_T,prediction_mean,0.018011199771550974,-0.003145486688911685,0.03827248930769615,10000,0
hc2,confirm_all,all,delta_T,below_zero,0.2857142857142857,0.047619047619047616,0.5476190476190477,10000,0
hc2,confirm_all,all,delta_T,above_one,0.0,0.0,0.0,10000,0
hc2,confirm_all,role,P_A,r2,-0.6322073187662764,-19.073110505544996,-0.2572870068199593,10000,0
hc2,confirm_all,role,P_A,mae,0.27583681061268683,0.16887862419297797,0.37275662372645435,10000,0
hc2,confirm_all,role,P_A,mse,0.10043335318218184,0.04670048697909614,0.1574849846606124,10000,0
hc2,confirm_all,role,P_A,rho,-0.5797266870170992,-0.7533072307150257,-0.16782640019458453,10000,0
hc2,confirm_all,role,P_A,truth_mean,0.7572146713581571,0.5680659651296959,0.9045779832628658,10000,0
hc2,confirm_all,role,P_A,prediction_mean,0.6322611302128976,0.5900593810451009,0.6764261231394062,10000,0
hc2,confirm_all,role,P_A,below_zero,0.0,0.0,0.0,10000,0
hc2,confirm_all,role,P_A,above_one,0.0,0.0,0.0,10000,0
hc2,confirm_all,role,R_A,r2,-1.5373372796880171,-27.875714248928606,-0.7190259413559352,10000,0
hc2,confirm_all,role,R_A,mae,0.2552026887242584,0.13031232688265065,0.3908812976934796,10000,0
hc2,confirm_all,role,R_A,mse,0.11280209024066049,0.029984301619332118,0.222831749592204,10000,0
hc2,confirm_all,role,R_A,rho,-0.4692078987868072,-0.7757754303644111,-0.16506662581871423,10000,0
hc2,confirm_all,role,R_A,truth_mean,0.8510797378312056,0.720104292858696,0.9518446275946275,10000,0
hc2,confirm_all,role,R_A,prediction_mean,0.8157030463659185,0.6851160112508075,0.9378032826817702,10000,0
hc2,confirm_all,role,R_A,below_zero,0.0,0.0,0.0,10000,0
hc2,confirm_all,role,R_A,above_one,0.11904761904761904,0.0,0.30952380952380953,10000,0
hc2,confirm_all,role,P_W,r2,-0.3129055939130456,-7.240951451589883,-0.07547458056078771,10000,0
hc2,confirm_all,role,P_W,mae,0.2337919477597841,0.13670457194453148,0.32842289236021,10000,0
hc2,confirm_all,role,P_W,mse,0.07599929020731719,0.028803837682844537,0.13242482965682875,10000,0
hc2,confirm_all,role,P_W,rho,-0.227414711031215,-0.5859970425188429,0.44987561188160374,10000,0
hc2,confirm_all,role,P_W,truth_mean,0.7501991899427983,0.5701823637033401,0.8986716888436231,10000,0
hc2,confirm_all,role,P_W,prediction_mean,0.6653911975675391,0.6195780524478758,0.706402647190141,10000,0
hc2,confirm_all,role,P_W,below_zero,0.0,0.0,0.0,10000,0
hc2,confirm_all,role,P_W,above_one,0.0,0.0,0.0,10000,0
hc2,confirm_all,role,R_W,r2,-1.3182918760283928,-8.963506549564967,-0.3792170315204886,10000,0
hc2,confirm_all,role,R_W,mae,0.24662391274837198,0.1357024152086124,0.37589095265124517,10000,0
hc2,confirm_all,role,R_W,mse,0.10273411646420452,0.02185069823875506,0.2120875724306384,10000,0
hc2,confirm_all,role,R_W,rho,-0.20211272728233767,-0.5313818846123359,0.3242431887274668,10000,0
hc2,confirm_all,role,R_W,truth_mean,0.7991659259418554,0.69861991826938,0.8964547357404498,10000,0
hc2,confirm_all,role,R_W,prediction_mean,0.8110280263857332,0.6657619489512638,0.9519978828857982,10000,0
hc2,confirm_all,role,R_W,below_zero,0.0,0.0,0.0,10000,0
hc2,confirm_all,role,R_W,above_one,0.11904761904761904,0.0,0.30952380952380953,10000,0
hc2,confirm_all,role,P_pool,r2,-1.0655299833687724,-2.1420490528077596,-0.5740266667807852,10000,0
hc2,confirm_all,role,P_pool,mae,0.460313190544388,0.3994714169859069,0.5293129139388653,10000,0
hc2,confirm_all,role,P_pool,mse,0.31656455345189677,0.23657698565664145,0.4076029018001378,10000,0
hc2,confirm_all,role,P_pool,rho,-0.29553226720023523,-0.5316809477503451,0.010424353332642923,10000,0
hc2,confirm_all,role,P_pool,truth_mean,0.473370015959449,0.33697835768014067,0.6197678334753997,10000,0
hc2,confirm_all,role,P_pool,prediction_mean,0.7075909705555595,0.6555665990576526,0.7589904100345375,10000,0
hc2,confirm_all,role,P_pool,below_zero,0.0,0.0,0.0,10000,0
hc2,confirm_all,role,P_pool,above_one,0.09672619047619048,0.047619047619047616,0.15704985119047538,10000,0
hc2,confirm_all,role,R_pool,r2,-1.3984246376258986,-2.090171768834619,-0.8019942750261371,10000,0
hc2,confirm_all,role,R_pool,mae,0.47640356464122974,0.3904865977066578,0.563636780049112,10000,0
hc2,confirm_all,role,R_pool,mse,0.37214070054107673,0.25974775336670963,0.4953288757925573,10000,0
hc2,confirm_all,role,R_pool,rho,0.00559834376241735,-0.1818896019152909,0.16425072952748454,10000,0
hc2,confirm_all,role,R_pool,truth_mean,0.42997686572144705,0.3909388182149662,0.4686484584940149,10000,0
hc2,confirm_all,role,R_pool,prediction_mean,0.7962950886114822,0.6443004942890813,0.9294877897624519,10000,0
hc2,confirm_all,role,R_pool,below_zero,0.013392857142857142,0.0,0.03125,10000,0
hc2,confirm_all,role,R_pool,above_one,0.21726190476190474,0.07961309523809522,0.3794828869047616,10000,0
hc2,confirm_all,role,T_A,r2,-1.352507335415655,-15.201672753039293,-0.5497654689700053,10000,0
hc2,confirm_all,role,T_A,mae,0.30389464650394843,0.1717095446979238,0.42468839375050105,10000,0
hc2,confirm_all,role,T_A,mse,0.12698152402150906,0.05041748350198687,0.20143476166480123,10000,0
hc2,confirm_all,role,T_A,rho,-0.704732513187751,-0.8680787634843931,-0.37709870762130876,10000,0
hc2,confirm_all,role,T_A,truth_mean,0.693661080783673,0.5181667638903573,0.8334333213173092,10000,0
hc2,confirm_all,role,T_A,prediction_mean,0.5520829273204588,0.4667462002755665,0.6355066290024449,10000,0
hc2,confirm_all,role,T_A,below_zero,0.0,0.0,0.0,10000,0
hc2,confirm_all,role,T_A,above_one,0.0,0.0,0.0,10000,0
hc2,confirm_all,role,T_W,r2,-1.3280800034491431,-7.736513608097841,-0.6374845065180301,10000,0
hc2,confirm_all,role,T_W,mae,0.22642975416213304,0.09716303491317178,0.3676848135351706,10000,0
hc2,confirm_all,role,T_W,mse,0.09121861004722374,0.020131464838684596,0.1731167702000116,10000,0
hc2,confirm_all,role,T_W,rho,-0.7118964840595292,-0.880042885412724,-0.31787660196122125,10000,0
hc2,confirm_all,role,T_W,truth_mean,0.6373940752705274,0.4933870694183161,0.7589203170970404,10000,0
hc2,confirm_all,role,T_W,prediction_mean,0.5646394766467157,0.4775766488818158,0.6460509663129453,10000,0
hc2,confirm_all,role,T_W,below_zero,0.0,0.0,0.0,10000,0
hc2,confirm_all,role,T_W,above_one,0.0,0.0,0.0,10000,0
hc2,confirm_all,role,delta_T,r2,-0.7437681492509094,-2.3480908407503955,-0.006216201761521489,10000,0
hc2,confirm_all,role,delta_T,mae,0.09693730917553843,0.05267922964355757,0.15103780428119634,10000,0
hc2,confirm_all,role,delta_T,mse,0.01783691113453582,0.004690280229547144,0.03631073393146342,10000,0
hc2,confirm_all,role,delta_T,rho,-0.23255672430221827,-0.5943030924522287,0.35190760263261406,10000,0
hc2,confirm_all,role,delta_T,truth_mean,-0.0562670055131456,-0.11945277349567872,0.0014626950280284348,10000,0
hc2,confirm_all,role,delta_T,prediction_mean,0.012556549326256642,0.0008463533343534418,0.023891341648494428,10000,0
hc2,confirm_all,role,delta_T,below_zero,0.2380952380952381,0.11904761904761904,0.3571428571428571,10000,0
hc2,confirm_all,role,delta_T,above_one,0.0,0.0,0.0,10000,0
hc2,confirm_corrupt,all,P_A,r2,-0.4988700246265678,-19.484090058756802,-0.04990077922263777,10000,0
hc2,confirm_corrupt,all,P_A,mae,0.27532545348187554,0.1732550557520685,0.36235919262494865,10000,0
hc2,confirm_corrupt,all,P_A,mse,0.10052705098755561,0.051402592933105604,0.1494213304723208,10000,0
hc2,confirm_corrupt,all,P_A,rho,-0.21891254576997787,-0.6574148439976761,0.2760774379654243,10000,0
hc2,confirm_corrupt,all,P_A,truth_mean,0.7542634481336838,0.5579084382658105,0.9074556318387412,10000,0
hc2,confirm_corrupt,all,P_A,prediction_mean,0.6056901940980949,0.5644258123963741,0.6445175798146632,10000,0
hc2,confirm_corrupt,all,P_A,below_zero,0.0,0.0,0.0,10000,0
hc2,confirm_corrupt,all,P_A,above_one,0.0,0.0,0.0,10000,0
hc2,confirm_corrupt,all,R_A,r2,-0.7388629916193774,-18.961790641835435,-0.23214126800929957,10000,0
hc2,confirm_corrupt,all,R_A,mae,0.2217342396062661,0.13860054475126637,0.3044446614311622,10000,0
hc2,confirm_corrupt,all,R_A,mse,0.08853461121459354,0.029765952653942038,0.17003855051291847,10000,0
hc2,confirm_corrupt,all,R_A,rho,-0.1908882466941862,-0.7077930369791411,0.41518333645277095,10000,0
hc2,confirm_corrupt,all,R_A,truth_mean,0.841647849867028,0.6979179085754428,0.9489916993720563,10000,0
hc2,confirm_corrupt,all,R_A,prediction_mean,0.7859812417920509,0.6816538523230377,0.8868795442773213,10000,0
hc2,confirm_corrupt,all,R_A,below_zero,0.0,0.0,0.0,10000,0
hc2,confirm_corrupt,all,R_A,above_one,0.028571428571428574,0.0,0.08571428571428572,10000,0
hc2,confirm_corrupt,all,P_W,r2,-0.1876641898760565,-8.050821512887818,0.12751606841613794,10000,0
hc2,confirm_corrupt,all,P_W,mae,0.22873569901470345,0.1423363999816129,0.30711445190571024,10000,0
hc2,confirm_corrupt,all,P_W,mse,0.07381863441614851,0.033975086310377524,0.11933839799670583,10000,0
hc2,confirm_corrupt,all,P_W,rho,0.1692198303186461,-0.3878093681525917,0.710308198122786,10000,0
hc2,confirm_corrupt,all,P_W,truth_mean,0.7447042084252199,0.5567480062131995,0.8979573079310662,10000,0
hc2,confirm_corrupt,all,P_W,prediction_mean,0.6357627185021507,0.5756494322999929,0.6891554443272989,10000,0
hc2,confirm_corrupt,all,P_W,below_zero,0.0,0.0,0.0,10000,0
hc2,confirm_corrupt,all,P_W,above_one,0.0,0.0,0.0,10000,0
hc2,confirm_corrupt,all,R_W,r2,-0.44583683311435784,-3.9261258275375694,-0.18240935306350692,10000,0
hc2,confirm_corrupt,all,R_W,mae,0.19385283139212056,0.14284745975967844,0.2584712029998826,10000,0
hc2,confirm_corrupt,all,R_W,mse,0.07163031194811673,0.023191057709918562,0.1540856321538832,10000,0
hc2,confirm_corrupt,all,R_W,rho,-0.265219417463062,-0.5944529910664076,0.428318602897798,10000,0
hc2,confirm_corrupt,all,R_W,truth_mean,0.7875626509824161,0.6773854935019318,0.8924646781789638,10000,0
hc2,confirm_corrupt,all,R_W,prediction_mean,0.7762812766829806,0.6993452733429324,0.8359592151846355,10000,0
hc2,confirm_corrupt,all,R_W,below_zero,0.0,0.0,0.0,10000,0
hc2,confirm_corrupt,all,R_W,above_one,0.0,0.0,0.0,10000,0
hc2,confirm_corrupt,all,P_pool,r2,0.48543245497768883,0.25844912499932143,0.6481494255444664,10000,0
hc2,confirm_corrupt,all,P_pool,mae,0.21927639747822,0.16478476371342468,0.26544081105414774,10000,0
hc2,confirm_corrupt,all,P_pool,mse,0.07885792360759837,0.04980773777698007,0.10547727148910088,10000,0
hc2,confirm_corrupt,all,P_pool,rho,0.7159224221788376,0.5433665370737634,0.8478126083080355,10000,0
hc2,confirm_corrupt,all,P_pool,truth_mean,0.47381965402479276,0.33650377318072805,0.6200651167194606,10000,0
hc2,confirm_corrupt,all,P_pool,prediction_mean,0.4095942957730783,0.2959837117633984,0.5119139872130576,10000,0
hc2,confirm_corrupt,all,P_pool,below_zero,0.08571428571428572,0.019642857142857142,0.20535714285714285,10000,0
hc2,confirm_corrupt,all,P_pool,above_one,0.0,0.0,0.0,10000,0
hc2,confirm_corrupt,all,R_pool,r2,0.714512823973083,0.5452316825836974,0.8501734925439621,10000,0
hc2,confirm_corrupt,all,R_pool,mae,0.16198997573149754,0.12550751543308838,0.20333256885220122,10000,0
hc2,confirm_corrupt,all,R_pool,mse,0.0440632148158611,0.023876509703205744,0.06878854199301472,10000,0
hc2,confirm_corrupt,all,R_pool,rho,0.8519746076369004,0.7770213802053114,0.9358819941019847,10000,0
hc2,confirm_corrupt,all,R_pool,truth_mean,0.42979765641594386,0.39095115091610927,0.46811450791286496,10000,0
hc2,confirm_corrupt,all,R_pool,prediction_mean,0.4367215764037749,0.34169528802090104,0.5310713109092808,10000,0
hc2,confirm_corrupt,all,R_pool,below_zero,0.14821428571428572,0.05622767857142858,0.2517857142857142,10000,0
hc2,confirm_corrupt,all,R_pool,above_one,0.04732142857142857,0.004464285714285714,0.09999999999999999,10000,0
hc2,confirm_corrupt,all,T_A,r2,-0.9231290918039909,-13.825305411132488,-0.11298614259224626,10000,0
hc2,confirm_corrupt,all,T_A,mae,0.2789210759079089,0.1597268204758182,0.3856952042250724,10000,0
hc2,confirm_corrupt,all,T_A,mse,0.11098064549805188,0.05118938910534442,0.16671611838034087,10000,0
hc2,confirm_corrupt,all,T_A,rho,-0.3253247408564198,-0.7776903155291095,0.2931233719548417,10000,0
hc2,confirm_corrupt,all,T_A,truth_mean,0.6886743644217672,0.5076330971345925,0.8326073763913906,10000,0
hc2,confirm_corrupt,all,T_A,prediction_mean,0.521330707609595,0.45094951856476545,0.589076360442253,10000,0
hc2,confirm_corrupt,all,T_A,below_zero,0.0,0.0,0.0,10000,0
hc2,confirm_corrupt,all,T_A,above_one,0.0,0.0,0.0,10000,0
hc2,confirm_corrupt,all,T_W,r2,-0.6234350847331209,-7.127493774544263,-0.14079334247186082,10000,0
hc2,confirm_corrupt,all,T_W,mae,0.1954016090371095,0.08754287629928562,0.29967875319544524,10000,0
hc2,confirm_corrupt,all,T_W,mse,0.06902710984462049,0.024696900943220593,0.11785502645992825,10000,0
hc2,confirm_corrupt,all,T_W,rho,-0.263993545664405,-0.70047626626513,0.22612707218669487,10000,0
hc2,confirm_corrupt,all,T_W,truth_mean,0.6308551938013051,0.482122844312653,0.7565426598235533,10000,0
hc2,confirm_corrupt,all,T_W,prediction_mean,0.5394096531994746,0.4724674217300206,0.6026336422300614,10000,0
hc2,confirm_corrupt,all,T_W,below_zero,0.0,0.0,0.0,10000,0
hc2,confirm_corrupt,all,T_W,above_one,0.0,0.0,0.0,10000,0
hc2,confirm_corrupt,all,delta_T,r2,-0.7919141827762992,-2.670423373008261,0.07244560673204614,10000,0
hc2,confirm_corrupt,all,delta_T,mae,0.09292961350565872,0.04607319494415397,0.14804531910505872,10000,0
hc2,confirm_corrupt,all,delta_T,mse,0.01762334410352269,0.004094023275748854,0.035648648487512584,10000,0
hc2,confirm_corrupt,all,delta_T,rho,-0.11517984300312499,-0.6734053530821327,0.4855435365903871,10000,0
hc2,confirm_corrupt,all,delta_T,truth_mean,-0.05781917062046219,-0.12016787897410786,-0.00012982491653175434,10000,0
hc2,confirm_corrupt,all,delta_T,prediction_mean,0.018078945589879568,0.0008676942147439865,0.035208716085574514,10000,0
hc2,confirm_corrupt,all,delta_T,below_zero,0.2857142857142857,0.05714285714285714,0.5428571428571428,10000,0
hc2,confirm_corrupt,all,delta_T,above_one,0.0,0.0,0.0,10000,0
hc2,confirm_corrupt,role,P_A,r2,-0.5595228667344425,-17.53673216186574,-0.23099587781657874,10000,0
hc2,confirm_corrupt,role,P_A,mae,0.2822455873147155,0.17910708783551027,0.3813077087644601,10000,0
hc2,confirm_corrupt,role,P_A,mse,0.1045949496384994,0.048303721324379545,0.16702858951915106,10000,0
hc2,confirm_corrupt,role,P_A,rho,-0.5519952817371241,-0.7324902715794274,-0.12141893974316677,10000,0
hc2,confirm_corrupt,role,P_A,truth_mean,0.7542634481336838,0.5579084382658105,0.9074556318387412,10000,0
hc2,confirm_corrupt,role,P_A,prediction_mean,0.6325416360642435,0.5915623721806447,0.6743500724760909,10000,0
hc2,confirm_corrupt,role,P_A,below_zero,0.0,0.0,0.0,10000,0
hc2,confirm_corrupt,role,P_A,above_one,0.0,0.0,0.0,10000,0
hc2,confirm_corrupt,role,R_A,r2,-1.3740965032037709,-27.108988338274163,-0.6469897213957105,10000,0
hc2,confirm_corrupt,role,R_A,mae,0.2579399386592117,0.12435546287828,0.40583693667391607,10000,0
hc2,confirm_corrupt,role,R_A,mse,0.1208776723123685,0.028603905808665755,0.24803186611971487,10000,0
hc2,confirm_corrupt,role,R_A,rho,-0.46173947278519034,-0.769065058943915,-0.15255153018438902,10000,0
hc2,confirm_corrupt,role,R_A,truth_mean,0.841647849867028,0.6979179085754428,0.9489916993720563,10000,0
hc2,confirm_corrupt,role,R_A,prediction_mean,0.8117838188394407,0.6795853309450307,0.932698156054456,10000,0
hc2,confirm_corrupt,role,R_A,below_zero,0.0,0.0,0.0,10000,0
hc2,confirm_corrupt,role,R_A,above_one,0.1142857142857143,0.0,0.2857142857142857,10000,0
hc2,confirm_corrupt,role,P_W,r2,-0.2888531127054561,-7.305953320324604,-0.07451123436918133,10000,0
hc2,confirm_corrupt,role,P_W,mae,0.23783976581404326,0.13713476332598734,0.33863509120569635,10000,0
hc2,confirm_corrupt,role,P_W,mse,0.08010797795700818,0.029058355131206557,0.14319246816732614,10000,0
hc2,confirm_corrupt,role,P_W,rho,-0.2202859840888975,-0.5755156492252004,0.4412060525959796,10000,0
hc2,confirm_corrupt,role,P_W,truth_mean,0.7447042084252199,0.5567480062131995,0.8979573079310662,10000,0
hc2,confirm_corrupt,role,P_W,prediction_mean,0.6632002961396114,0.6164296160463107,0.7056162635083498,10000,0
hc2,confirm_corrupt,role,P_W,below_zero,0.0,0.0,0.0,10000,0
hc2,confirm_corrupt,role,P_W,above_one,0.0,0.0,0.0,10000,0
hc2,confirm_corrupt,role,R_W,r2,-1.2609330254723226,-9.834658626954479,-0.44432477790891434,10000,0
hc2,confirm_corrupt,role,R_W,mae,0.25510430937869144,0.13788324439222813,0.39620422622985957,10000,0
hc2,confirm_corrupt,role,R_W,mse,0.11201218159557867,0.022555170228260157,0.23757405995372546,10000,0
hc2,confirm_corrupt,role,R_W,rho,-0.26036141442945476,-0.6271948860238125,0.24082375947436221,10000,0
hc2,confirm_corrupt,role,R_W,truth_mean,0.7875626509824161,0.6773854935019318,0.8924646781789638,10000,0
hc2,confirm_corrupt,role,R_W,prediction_mean,0.8047174655786156,0.6635126318981613,0.943420133662074,10000,0
hc2,confirm_corrupt,role,R_W,below_zero,0.0,0.0,0.0,10000,0
hc2,confirm_corrupt,role,R_W,above_one,0.08571428571428572,0.0,0.2571428571428571,10000,0
hc2,confirm_corrupt,role,P_pool,r2,-1.0600705662230832,-2.117180651119414,-0.5707762184309768,10000,0
hc2,confirm_corrupt,role,P_pool,mae,0.4597598942900528,0.39952362623600735,0.528292748493029,10000,0
hc2,confirm_corrupt,role,P_pool,mse,0.3157076051705477,0.23721915474734215,0.40536326133161765,10000,0
hc2,confirm_corrupt,role,P_pool,rho,-0.29413568685207436,-0.5282826944458318,0.007931481902998652,10000,0
hc2,confirm_corrupt,role,P_pool,truth_mean,0.47381965402479276,0.33650377318072805,0.6200651167194606,10000,0
hc2,confirm_corrupt,role,P_pool,prediction_mean,0.7075521474354929,0.657089176945745,0.7575415187891797,10000,0
hc2,confirm_corrupt,role,P_pool,below_zero,0.0,0.0,0.0,10000,0
hc2,confirm_corrupt,role,P_pool,above_one,0.09642857142857143,0.04910714285714285,0.1545089285714279,10000,0
hc2,confirm_corrupt,role,R_pool,r2,-1.3979535201766566,-2.089318219772091,-0.8032345078712491,10000,0
hc2,confirm_corrupt,role,R_pool,mae,0.47509043578975796,0.38919017329322664,0.5629466438574351,10000,0
hc2,confirm_corrupt,role,R_pool,mse,0.37010958792780274,0.25763188202865456,0.49225843910297556,10000,0
hc2,confirm_corrupt,role,R_pool,rho,0.0034966973333851667,-0.18472019391553754,0.1636066207621659,10000,0
hc2,confirm_corrupt,role,R_pool,truth_mean,0.42979765641594386,0.39095115091610927,0.46811450791286496,10000,0
hc2,confirm_corrupt,role,R_pool,prediction_mean,0.7941654528503833,0.6425425978407826,0.9272402168386447,10000,0
hc2,confirm_corrupt,role,R_pool,below_zero,0.013392857142857142,0.0,0.03125,10000,0
hc2,confirm_corrupt,role,R_pool,above_one,0.2125,0.07589285714285714,0.3723437499999997,10000,0
hc2,confirm_corrupt,role,T_A,r2,-1.2545622461295967,-14.508735676382848,-0.49486874367698497,10000,0
hc2,confirm_corrupt,role,T_A,mae,0.3049879115031323,0.16752555266137345,0.43328077431744355,10000,0
hc2,confirm_corrupt,role,T_A,mse,0.13010711265164643,0.050188520256530304,0.20950552809629694,10000,0
hc2,confirm_corrupt,role,T_A,rho,-0.6976805108734506,-0.861742820724697,-0.37480422237775135,10000,0
hc2,confirm_corrupt,role,T_A,truth_mean,0.6886743644217672,0.5076330971345925,0.8326073763913906,10000,0
hc2,confirm_corrupt,role,T_A,prediction_mean,0.5503221217788521,0.46545653396467834,0.6315971772080031,10000,0
hc2,confirm_corrupt,role,T_A,below_zero,0.0,0.0,0.0,10000,0
hc2,confirm_corrupt,role,T_A,above_one,0.0,0.0,0.0,10000,0
hc2,confirm_corrupt,role,T_W,r2,-1.2461157506618998,-7.484695100247359,-0.6542627644896573,10000,0
hc2,confirm_corrupt,role,T_W,mae,0.23082773622733807,0.09946160895489427,0.3770655043892013,10000,0
hc2,confirm_corrupt,role,T_W,mse,0.09550297397333808,0.020225383461470223,0.18262466306992503,10000,0
hc2,confirm_corrupt,role,T_W,rho,-0.7067891011706,-0.8754637324653411,-0.33163578877134087,10000,0
hc2,confirm_corrupt,role,T_W,truth_mean,0.6308551938013051,0.482122844312653,0.7565426598235533,10000,0
hc2,confirm_corrupt,role,T_W,prediction_mean,0.5616065296131159,0.4748437144874696,0.643224732268124,10000,0
hc2,confirm_corrupt,role,T_W,below_zero,0.0,0.0,0.0,10000,0
hc2,confirm_corrupt,role,T_W,above_one,0.0,0.0,0.0,10000,0
hc2,confirm_corrupt,role,delta_T,r2,-0.6954986914875576,-2.3671874794586327,0.013415215776365508,10000,0
hc2,confirm_corrupt,role,delta_T,mae,0.0946254821451414,0.0523504719932717,0.1421916347701666,10000,0
hc2,confirm_corrupt,role,delta_T,mse,0.016675104842834944,0.005004791752350257,0.03145880147536237,10000,0
hc2,confirm_corrupt,role,delta_T,rho,-0.12985483334463466,-0.5470175253065669,0.4001030277598863,10000,0
hc2,confirm_corrupt,role,delta_T,truth_mean,-0.05781917062046219,-0.12016787897410786,-0.00012982491653175434,10000,0
hc2,confirm_corrupt,role,delta_T,prediction_mean,0.01128440783426381,-0.0018638990658576514,0.02230337042454516,10000,0
hc2,confirm_corrupt,role,delta_T,below_zero,0.2571428571428571,0.14285714285714285,0.39999999999999997,10000,0
hc2,confirm_corrupt,role,delta_T,above_one,0.0,0.0,0.0,10000,0
hc2,confirm_clean,all,P_A,r2,-1.426754081927681,-46.26422858357288,-0.2559671794466547,10000,0
hc2,confirm_clean,all,P_A,mae,0.24863222108364758,0.13953348442790972,0.3460959313234748,10000,0
hc2,confirm_clean,all,P_A,mse,0.08151294223642118,0.03829258796252485,0.12407020460781203,10000,0
hc2,confirm_clean,all,P_A,rho,-0.5668165698014284,-0.9562048836264926,-0.037240100950620435,10000,0
hc2,confirm_clean,all,P_A,truth_mean,0.7719707874805238,0.6228355824535827,0.8902886194604238,10000,0
hc2,confirm_clean,all,P_A,prediction_mean,0.5942128174527548,0.5511243241567427,0.6398837392605745,10000,0
hc2,confirm_clean,all,P_A,below_zero,0.0,0.0,0.0,10000,0
hc2,confirm_clean,all,P_A,above_one,0.0,0.0,0.0,10000,0
hc2,confirm_clean,all,R_A,r2,-3.9750758409037257,-81.67055178252511,-0.772332072755432,10000,0
hc2,confirm_clean,all,R_A,mae,0.1817820993585158,0.09127535923422839,0.2686258498225151,10000,0
hc2,confirm_clean,all,R_A,mse,0.04724475370939368,0.018615585363800785,0.07931840858003167,10000,0
hc2,confirm_clean,all,R_A,rho,-0.30309903618577516,-0.9130869692498478,0.5213910855849252,10000,0
hc2,confirm_clean,all,R_A,truth_mean,0.8982391776520935,0.822617846928023,0.9668877551020407,10000,0
hc2,confirm_clean,all,R_A,prediction_mean,0.7940637756604169,0.6974536411676328,0.8968472468043931,10000,0
hc2,confirm_clean,all,R_A,below_zero,0.0,0.0,0.0,10000,0
hc2,confirm_clean,all,R_A,above_one,0.0,0.0,0.0,10000,0
hc2,confirm_clean,all,P_W,r2,-0.6064761371686391,-10.851391889156204,0.2277109802060605,10000,0
hc2,confirm_clean,all,P_W,mae,0.214847882952472,0.13433907858923635,0.28969171123936915,10000,0
hc2,confirm_clean,all,P_W,mse,0.05725451813510753,0.027692583395402166,0.08654141676651318,10000,0
hc2,confirm_clean,all,P_W,rho,0.23487206698001062,-0.41531117637856596,0.9608003497156428,10000,0
hc2,confirm_clean,all,P_W,truth_mean,0.7776740975306898,0.6350521053737358,0.9075516349008634,10000,0
hc2,confirm_clean,all,P_W,prediction_mean,0.6312809774187896,0.5607283460772329,0.6911612894248702,10000,0
hc2,confirm_clean,all,P_W,below_zero,0.0,0.0,0.0,10000,0
hc2,confirm_clean,all,P_W,above_one,0.0,0.0,0.0,10000,0
hc2,confirm_clean,all,R_W,r2,-1.0899810582684157,-10.102403470991318,-0.15979190281657196,9999,1
hc2,confirm_clean,all,R_W,mae,0.15457143712445953,0.09780732819471992,0.20740521042251675,10000,0
hc2,confirm_clean,all,R_W,mse,0.029544115322386995,0.013905077620259245,0.04559688171114982,10000,0
hc2,confirm_clean,all,R_W,rho,-0.23738411508797583,-0.8795148525202839,0.7086657674455297,9999,1
hc2,confirm_clean,all,R_W,truth_mean,0.8571823007390521,0.7682155939298796,0.944032117588869,10000,0
hc2,confirm_clean,all,R_W,prediction_mean,0.7802885744261557,0.7224234402547625,0.8302549770220851,10000,0
hc2,confirm_clean,all,R_W,below_zero,0.0,0.0,0.0,10000,0
hc2,confirm_clean,all,R_W,above_one,0.0,0.0,0.0,10000,0
hc2,confirm_clean,all,P_pool,r2,0.49417477703653534,0.28297028839369237,0.6412052199567578,10000,0
hc2,confirm_clean,all,P_pool,mae,0.21738020780649672,0.16108593753493966,0.2649586717506696,10000,0
hc2,confirm_clean,all,P_pool,mse,0.07754489682340053,0.04888215408268631,0.10397314931436784,10000,0
hc2,confirm_clean,all,P_pool,rho,0.7231807085745204,0.5816702046946906,0.8466604208114809,10000,0
hc2,confirm_clean,all,P_pool,truth_mean,0.47112182563273014,0.3356124669975366,0.6157656192936211,10000,0
hc2,confirm_clean,all,P_pool,prediction_mean,0.4049416679012157,0.2881645273392932,0.5088435410206638,10000,0
hc2,confirm_clean,all,P_pool,below_zero,0.08928571428571429,0.017857142857142856,0.21874999999999997,10000,0
hc2,confirm_clean,all,P_pool,above_one,0.0,0.0,0.0,10000,0
hc2,confirm_clean,all,R_pool,r2,0.7875635827365448,0.6760207430900254,0.8651626338241135,10000,0
hc2,confirm_clean,all,R_pool,mae,0.14550798317422112,0.11914055614978163,0.17413574084814087,10000,0
hc2,confirm_clean,all,R_pool,mse,0.03382883946332282,0.021825175099716227,0.04758950762970523,10000,0
hc2,confirm_clean,all,R_pool,rho,0.8898471735151509,0.847504171507268,0.9454972231207012,10000,0
hc2,confirm_clean,all,R_pool,truth_mean,0.4308729122489631,0.38926421049188903,0.4722076923654631,10000,0
hc2,confirm_clean,all,R_pool,prediction_mean,0.42429773773070895,0.3343668647032284,0.5140378259439217,10000,0
hc2,confirm_clean,all,R_pool,below_zero,0.16071428571428573,0.05803571428571428,0.26785714285714285,10000,0
hc2,confirm_clean,all,R_pool,above_one,0.0625,0.004464285714285714,0.12946428571428573,10000,0
hc2,confirm_clean,all,T_A,r2,-1.8615218799074578,-28.120595959134018,-0.28902363920918606,10000,0
hc2,confirm_clean,all,T_A,mae,0.27512406949690715,0.16109844310845578,0.3792687359645777,10000,0
hc2,confirm_clean,all,T_A,mse,0.09893634588530262,0.04242000685354481,0.15125908486179382,10000,0
hc2,confirm_clean,all,T_A,rho,-0.40936143340371545,-0.9896012742416064,0.2185409078099866,10000,0
hc2,confirm_clean,all,T_A,truth_mean,0.7185946625932018,0.5713419476867003,0.8401103643664285,10000,0
hc2,confirm_clean,all,T_A,prediction_mean,0.5176728939387082,0.4514466385484991,0.5930562244628981,10000,0
hc2,confirm_clean,all,T_A,below_zero,0.0,0.0,0.0,10000,0
hc2,confirm_clean,all,T_A,above_one,0.0,0.0,0.0,10000,0
hc2,confirm_clean,all,T_W,r2,-1.7433041454706535,-14.269421075247262,-0.13744195613107787,10000,0
hc2,confirm_clean,all,T_W,mae,0.17693326502739884,0.06349539148813968,0.303322487415081,10000,0
hc2,confirm_clean,all,T_W,mse,0.05819338146279218,0.012532499571808811,0.11123840154618009,10000,0
hc2,confirm_clean,all,T_W,rho,-0.4859462698948043,-0.9640930986644612,0.14109700603999276,10000,0
hc2,confirm_clean,all,T_W,truth_mean,0.6700884826166391,0.5612755280433852,0.7761873837155401,10000,0
hc2,confirm_clean,all,T_W,prediction_mean,0.5353453646186161,0.47209254043794346,0.5952262726882833,10000,0
hc2,confirm_clean,all,T_W,below_zero,0.0,0.0,0.0,10000,0
hc2,confirm_clean,all,T_W,above_one,0.0,0.0,0.0,10000,0
hc2,confirm_clean,all,delta_T,r2,-1.0760776770402987,-3.7290352049176465,-0.10522889009146374,10000,0
hc2,confirm_clean,all,delta_T,mae,0.10249371376262575,0.030600931316306892,0.20192748878932382,10000,0
hc2,confirm_clean,all,delta_T,mse,0.025176117730154428,0.0015520578870150013,0.06565461799943206,10000,0
hc2,confirm_clean,all,delta_T,rho,-0.46504736806288344,-0.969968345405175,0.7359933630601879,10000,0
hc2,confirm_clean,all,delta_T,truth_mean,-0.04850617997656259,-0.13829249252485185,0.021221682907325463,10000,0
hc2,confirm_clean,all,delta_T,prediction_mean,0.01767247067990802,-0.024209215886155478,0.056628243148305266,10000,0
hc2,confirm_clean,all,delta_T,below_zero,0.2857142857142857,0.0,0.5714285714285714,10000,0
hc2,confirm_clean,all,delta_T,above_one,0.0,0.0,0.0,10000,0
hc2,confirm_clean,role,P_A,r2,-1.3705584482225137,-41.25656679213813,-0.5788646426340953,10000,0
hc2,confirm_clean,role,P_A,mae,0.24379292710254333,0.13534655098384493,0.34249461674083165,10000,0
hc2,confirm_clean,role,P_A,mse,0.07962537090059396,0.03642174397795782,0.12394442638803055,10000,0
hc2,confirm_clean,role,P_A,rho,-0.8069571131821512,-0.9945771274113447,-0.4886996988395843,10000,0
hc2,confirm_clean,role,P_A,truth_mean,0.7719707874805238,0.6228355824535827,0.8902886194604238,10000,0
hc2,confirm_clean,role,P_A,prediction_mean,0.6308586009561681,0.5820305015402137,0.6844614660318399,10000,0
hc2,confirm_clean,role,P_A,below_zero,0.0,0.0,0.0,10000,0
hc2,confirm_clean,role,P_A,above_one,0.0,0.0,0.0,10000,0
hc2,confirm_clean,role,R_A,r2,-6.626577753905427,-111.00511622790366,-3.3482941981722503,10000,0
hc2,confirm_clean,role,R_A,mae,0.24151643904949177,0.1551086805084068,0.3259104083680102,10000,0
hc2,confirm_clean,role,R_A,mse,0.07242417988212038,0.03511597535327031,0.11341728397581033,10000,0
hc2,confirm_clean,role,R_A,rho,-0.8139555485076782,-0.9875570254273077,-0.34817285470127546,10000,0
hc2,confirm_clean,role,R_A,truth_mean,0.8982391776520935,0.822617846928023,0.9668877551020407,10000,0
hc2,confirm_clean,role,R_A,prediction_mean,0.8352991839983076,0.7029981712838032,0.9639421486907642,10000,0
hc2,confirm_clean,role,R_A,below_zero,0.0,0.0,0.0,10000,0
hc2,confirm_clean,role,R_A,above_one,0.14285714285714285,0.0,0.42857142857142855,10000,0
hc2,confirm_clean,role,P_W,r2,-0.5560082406911957,-8.041380788372914,-0.14922118676313612,10000,0
hc2,confirm_clean,role,P_W,mae,0.2135528574884884,0.13687948691082,0.2821093483565879,10000,0
hc2,confirm_clean,role,P_W,mse,0.05545585145886222,0.026018983679882268,0.08291104157486479,10000,0
hc2,confirm_clean,role,P_W,rho,-0.32958442572732566,-0.9341251337222187,0.5505979213844463,10000,0
hc2,confirm_clean,role,P_W,truth_mean,0.7776740975306898,0.6350521053737358,0.9075516349008634,10000,0
hc2,confirm_clean,role,P_W,prediction_mean,0.6763457047071776,0.6345276371383832,0.7135656516432494,10000,0
hc2,confirm_clean,role,P_W,below_zero,0.0,0.0,0.0,10000,0
hc2,confirm_clean,role,P_W,above_one,0.0,0.0,0.0,10000,0
hc2,confirm_clean,role,R_W,r2,-2.9858176240306995,-27.57209983775387,0.03191027933061707,9999,1
hc2,confirm_clean,role,R_W,mae,0.20422192959677446,0.12357733478875643,0.29790700289821903,10000,0
hc2,confirm_clean,role,R_W,mse,0.0563437908073337,0.01778928654861727,0.10466170505221291,10000,0
hc2,confirm_clean,role,R_W,rho,0.1320187031534462,-0.5610185918283799,0.7610832275610425,9999,1
hc2,confirm_clean,role,R_W,truth_mean,0.8571823007390521,0.7682155939298796,0.944032117588869,10000,0
hc2,confirm_clean,role,R_W,prediction_mean,0.8425808304213211,0.6827713949189442,1.0062890627601935,10000,0
hc2,confirm_clean,role,R_W,below_zero,0.0,0.0,0.0,10000,0
hc2,confirm_clean,role,R_W,above_one,0.2857142857142857,0.0,0.5714285714285714,10000,0
hc2,confirm_clean,role,P_pool,r2,-1.0928993751729097,-2.214846988401695,-0.5685059936317334,10000,0
hc2,confirm_clean,role,P_pool,mae,0.46307967181606313,0.3998781056288591,0.5352851637619334,10000,0
hc2,confirm_clean,role,P_pool,mse,0.32084929485864144,0.234096996575045,0.4190792952407055,10000,0
hc2,confirm_clean,role,P_pool,rho,-0.30244342343173175,-0.54481806543656,0.016365623573275742,10000,0
hc2,confirm_clean,role,P_pool,truth_mean,0.47112182563273014,0.3356124669975366,0.6157656192936211,10000,0
hc2,confirm_clean,role,P_pool,prediction_mean,0.7077850861558925,0.6482140091384666,0.764147703825196,10000,0
hc2,confirm_clean,role,P_pool,below_zero,0.0,0.0,0.0,10000,0
hc2,confirm_clean,role,P_pool,above_one,0.09821428571428571,0.03571428571428571,0.16964285714285712,10000,0
hc2,confirm_clean,role,R_pool,r2,-1.4007222790490133,-2.0838671582315014,-0.7858749751078593,10000,0
hc2,confirm_clean,role,R_pool,mae,0.48296920889858824,0.39822502559527284,0.5690025885617274,10000,0
hc2,confirm_clean,role,R_pool,mse,0.3822962636074473,0.26708714813307555,0.5077005537496457,10000,0
hc2,confirm_clean,role,R_pool,rho,0.01575857521293734,-0.16774545045877473,0.16362399278439804,10000,0
hc2,confirm_clean,role,R_pool,truth_mean,0.4308729122489631,0.38926421049188903,0.4722076923654631,10000,0
hc2,confirm_clean,role,R_pool,prediction_mean,0.8069432674169766,0.6533393440721142,0.9428029133658254,10000,0
hc2,confirm_clean,role,R_pool,below_zero,0.013392857142857142,0.0,0.03125,10000,0
hc2,confirm_clean,role,R_pool,above_one,0.24107142857142858,0.09821428571428571,0.4108258928571412,10000,0
hc2,confirm_clean,role,T_A,r2,-2.2206638037481587,-22.50245168361578,-1.0056540776255587,10000,0
hc2,confirm_clean,role,T_A,mae,0.2984283215080291,0.18406010129968162,0.4013190878572094,10000,0
hc2,confirm_clean,role,T_A,mse,0.11135358087082219,0.04950667311482822,0.16949703963602408,10000,0
hc2,confirm_clean,role,T_A,rho,-0.7966752775838923,-0.9829142846015629,-0.3740489845987883,10000,0
hc2,confirm_clean,role,T_A,truth_mean,0.7185946625932018,0.5713419476867003,0.8401103643664285,10000,0
hc2,confirm_clean,role,T_A,prediction_mean,0.5608869550284934,0.47197389435020587,0.6519631978168576,10000,0
hc2,confirm_clean,role,T_A,below_zero,0.0,0.0,0.0,10000,0
hc2,confirm_clean,role,T_A,above_one,0.0,0.0,0.0,10000,0
hc2,confirm_clean,role,T_W,r2,-2.2903024309211686,-11.21289364403083,-0.9666091898284201,10000,0
hc2,confirm_clean,role,T_W,mae,0.20443984383610792,0.08686964020167735,0.3319609249924567,10000,0
hc2,confirm_clean,role,T_W,mse,0.06979679041665207,0.01636529034920613,0.13971851295864973,10000,0
hc2,confirm_clean,role,T_W,rho,-0.8417545797281569,-0.9955077254891124,-0.2663669310831647,10000,0
hc2,confirm_clean,role,T_W,truth_mean,0.6700884826166391,0.5612755280433852,0.7761873837155401,10000,0
hc2,confirm_clean,role,T_W,prediction_mean,0.5798042118147142,0.49354458252877315,0.6582684255359857,10000,0
hc2,confirm_clean,role,T_W,below_zero,0.0,0.0,0.0,10000,0
hc2,confirm_clean,role,T_W,above_one,0.0,0.0,0.0,10000,0
hc2,confirm_clean,role,delta_T,r2,-0.9498960918501396,-3.64003265674323,-0.2575383874343128,10000,0
hc2,confirm_clean,role,delta_T,mae,0.10849644432752356,0.04794433185978202,0.1987327910894448,10000,0
hc2,confirm_clean,role,delta_T,mse,0.023645942593040186,0.0025821174267493373,0.06097622961162802,10000,0
hc2,confirm_clean,role,delta_T,rho,-0.6761447412193626,-0.9971755461630097,0.04178915956869989,10000,0
hc2,confirm_clean,role,delta_T,truth_mean,-0.04850617997656259,-0.13829249252485185,0.021221682907325463,10000,0
hc2,confirm_clean,role,delta_T,prediction_mean,0.01891725678622078,-0.008160858631727927,0.046186338002261816,10000,0
hc2,confirm_clean,role,delta_T,below_zero,0.14285714285714285,0.0,0.42857142857142855,10000,0
hc2,confirm_clean,role,delta_T,above_one,0.0,0.0,0.0,10000,0
