parent,order,condition,arrival,expert_scheduled,quartile,query_type,updated,drift,Frozen_m_tIoU,Frozen_m_vIoU,Frozen_vIoU@0.3,Frozen_vIoU@0.5,Frozen_sIoU_dense_GT,Frozen_sIoU_sampled,Frozen_vIoU_sampled,Ours_m_tIoU,Ours_m_vIoU,Ours_vIoU@0.3,Ours_vIoU@0.5,Ours_sIoU_dense_GT,Ours_sIoU_sampled,Ours_vIoU_sampled,delta_m_tIoU,delta_m_vIoU,delta_vIoU@0.3,delta_vIoU@0.5,delta_sIoU_dense_GT,delta_sIoU_sampled,delta_vIoU_sampled
550,order1,clean,0,True,0,caption,True,0.008446701802313328,0.43902439024390244,0.24781743021071595,0.0,0.0,0.5666442747298434,0.5620458374224855,0.24525636542072093,0.43902439024390244,0.24781743021071595,0.0,0.0,0.5666442747298434,0.5620458374224855,0.24525636542072093,0.0,0.0,0.0,0.0,0.0,0.0,0.0
12,order1,clean,1,True,0,question,True,0.013766749761998653,0.29545454545454547,0.14681308613353952,0.0,0.0,0.4924347845276226,0.48827441602804156,0.1462036849223001,0.46938775510204084,0.23124832701005738,0.0,0.0,0.49265947928229614,0.48849636935987417,0.22204380425448828,0.17393320964749537,0.08443524087651785,0.0,0.0,0.00022469475467351563,0.0002219533318326139,0.07584011933218818
24,order1,clean,2,True,0,caption,True,0.018189558759331703,0.36283185840707965,0.34507760569431395,1.0,0.0,0.9206334003266303,0.9157627667546605,0.35418920334885035,0.012145748987854251,0.01101670705932891,0.0,0.0,0.9207750280809117,0.9159494303955972,0.017773119269361613,-0.3506861094192254,-0.33406089863498506,-1.0,0.0,0.00014162775428139263,0.00018666364093666843,-0.33641608407948875
41,order1,clean,3,True,0,caption,True,0.028725797310471535,0.0,0.0,0.0,0.0,0.21969643583269244,0.2215582337824965,0.0,0.23616236162361623,0.051744029701107336,0.0,0.0,0.21910362576562636,0.22098483787954154,0.05284420036249906,0.23616236162361623,0.051744029701107336,0.0,0.0,-0.0005928100670660741,-0.0005733959029549651,0.05284420036249906
371,order1,clean,4,True,0,caption,True,0.03309576213359833,0.675,0.0002937924063547062,0.0,0.0,0.000427334409243209,0.0,0.0,0.8709677419354839,0.00040835353687683143,0.0,0.0,0.00046032580520661,0.0,0.0,0.19596774193548383,0.00011456113052212523,0.0,0.0,3.2991395963400966e-05,0.0,0.0
312,order1,clean,5,True,0,question,True,0.04026404023170471,0.6337962962962963,0.4064035139566178,1.0,0.0,0.6210699216420424,0.6220750434133869,0.40805515327717506,0.624537037037037,0.4021602731895782,1.0,0.0,0.6210331554047277,0.6220185109797147,0.40335167312291476,-0.0092592592592593,-0.00424324076703958,0.0,0.0,-3.676623731474482e-05,-5.653243367220728e-05,-0.004703480154260309
83,order1,clean,6,True,0,question,True,0.04157893359661102,0.6307692307692307,0.4812247330487694,1.0,0.0,0.7689046115236254,0.7673520770963299,0.4795932459159542,0.20051282051282052,0.1566684737259022,0.0,0.0,0.7694776955713098,0.7679203759649323,0.15978103473635596,-0.43025641025641026,-0.3245562593228672,-1.0,0.0,0.0005730840476844135,0.0005682988686024348,-0.31981221117959824
582,order1,clean,7,True,0,question,True,0.0407116673886776,0.5507246376811594,0.39632022694542723,1.0,0.0,0.6752122384996168,0.7188264372158314,0.4062932036437308,0.5757575757575758,0.4153813219808997,1.0,0.0,0.6769177098947995,0.7207243211265504,0.42588255339296155,0.025032938076416378,0.019061095035472486,0.0,0.0,0.0017054713951827338,0.0018978839107189893,0.019589349749230767
1,order1,clean,8,True,0,caption,True,0.052747692912817,0.7910447761194029,0.4288288730325635,1.0,0.0,0.53206545357744,0.5249160488714408,0.39368703665358057,0.6708860759493671,0.36919934255923287,1.0,0.0,0.5401249641144333,0.5335558624920018,0.3430001973162869,-0.12015870017003583,-0.05962953047333064,0.0,0.0,0.008059510536993386,0.008639813620560988,-0.050686839337293677
562,order1,clean,9,True,0,caption,True,0.06567709147930145,0.3023255813953488,0.2038402634010472,0.0,0.0,0.6847041319925602,0.6652576401700446,0.21996561411288032,0.36538461538461536,0.25120354694085656,0.0,0.0,0.6893801305302942,0.6689374238754383,0.2601423315071149,0.06305903398926654,0.04736328353980937,0.0,0.0,0.0046759985377340385,0.00367978370539368,0.04017671739423459
180,order1,clean,10,True,0,question,True,0.07020691782236099,0.8137931034482758,0.0,0.0,0.0,0.0,0.0,0.0,0.8489208633093526,0.0,0.0,0.0,0.0,0.0,0.0,0.035127759861076746,0.0,0.0,0.0,0.0,0.0,0.0
159,order1,clean,11,True,0,question,True,0.06976356357336044,0.0,0.0,0.0,0.0,0.04281797516185004,0.03783374893142454,0.0,0.2616279069767442,0.008709629610393812,0.0,0.0,0.0332901398441719,0.03134617314996075,0.00820971201546591,0.2616279069767442,0.008709629610393812,0.0,0.0,-0.009527835317678139,-0.006487575781463792,0.00820971201546591
507,order1,clean,12,True,0,caption,True,0.09331345558166504,0.0,0.0,0.0,0.0,0.2554607755483817,0.29480708105114056,0.0,0.0,0.0,0.0,0.0,0.2741490559575672,0.3184955666511655,0.0,0.0,0.0,0.0,0.0,0.01868828040918552,0.023688485600024956,0.0
143,order1,clean,13,True,0,caption,True,0.1002584919333458,0.0,0.0,0.0,0.0,0.6309845440236779,0.6304173341502299,0.0,0.0,0.0,0.0,0.0,0.6456455241436736,0.6451874780707926,0.0,0.0,0.0,0.0,0.0,0.014660980119995726,0.01477014392056264,0.0
171,order1,clean,14,True,0,question,True,0.10194206982851028,0.0,0.0,0.0,0.0,0.23443325201914245,0.24385776413581955,0.0,0.0,0.0,0.0,0.0,0.24381992879382064,0.2518225380823382,0.0,0.0,0.0,0.0,0.0,0.009386676774678193,0.007964773946518622,0.0
617,order1,clean,15,True,0,question,True,0.1019907146692276,0.9842105263157894,0.01864248549134384,0.0,0.0,0.01864248549134384,0.01941571894778582,0.01941571894778582,0.9353233830845771,0.018467804927359638,0.0,0.0,0.01953699363368046,0.02042236130961498,0.01922104593846116,-0.04888714323121235,-0.00017468056398420306,0.0,0.0,0.0008945081423366204,0.001006642361829159,-0.00019467300932466194
3,order1,clean,16,True,1,caption,True,0.10196860134601593,0.0,0.0,0.0,0.0,0.050894170964146127,0.08921442851975057,0.0,0.0,0.0,0.0,0.0,0.05199761637519287,0.08943866676344352,0.0,0.0,0.0,0.0,0.0,0.0011034454110467468,0.00022423824369294243,0.0
332,order1,clean,17,True,1,caption,True,0.1051853820681572,0.20224719101123595,0.01958676959981985,0.0,0.0,0.034736707665167295,0.03321348308610125,0.019228858628795465,0.18181818181818182,0.01759798574240355,0.0,0.0,0.03476536825969158,0.033224096997077686,0.017403098427040693,-0.020429009193054126,-0.001988783857416302,0.0,0.0,2.8660594524283767e-05,1.0613910976432772e-05,-0.0018257602017547718
534,order1,clean,18,True,1,question,True,0.11043474823236465,0.6267605633802817,0.0,0.0,0.0,0.014490483908553706,0.02099608622553573,0.0,0.11840796019900497,0.0,0.0,0.0,0.014654019624850547,0.021613564830440683,0.0,-0.5083526031812767,0.0,0.0,0.0,0.00016353571629684066,0.0006174786049049537,0.0
356,order1,clean,19,True,1,caption,True,0.11043907701969147,0.6051167964404894,0.0,0.0,0.0,0.0,0.0,0.0,0.6140155728587319,0.0,0.0,0.0,0.0,0.0,0.0,0.008898776418242438,0.0,0.0,0.0,0.0,0.0,0.0
133,order1,clean,20,True,1,question,True,0.1122942566871643,0.6337817638266069,0.5449475846298645,1.0,1.0,0.8137987314650116,0.816959477109529,0.5503115844922347,0.260587942202292,0.19166223442863076,0.0,0.0,0.8138131829720987,0.8169147821870629,0.1947357146124781,-0.3731938216243149,-0.35328535020123375,-1.0,-1.0,1.4451507087120952e-05,-4.469492246605977e-05,-0.35557586987975665
68,order1,clean,21,True,1,question,True,0.11610077321529388,0.703125,0.43848851129737815,1.0,0.0,0.6181989666769283,0.6166988943684355,0.44850828681340765,0.5921052631578947,0.3827206924472498,1.0,0.0,0.6406724010677891,0.6395688599047891,0.3935808368644856,-0.11101973684210531,-0.055767818850128326,0.0,0.0,0.022473434390860803,0.022869965536353565,-0.05492744994892207
324,order1,clean,22,True,1,question,True,0.12011497467756271,0.16058394160583941,0.10157967240690323,0.0,0.0,0.6336312933160916,0.6250898207372443,0.10853223285425256,0.16793893129770993,0.10724951218312248,0.0,0.0,0.6392683594415727,0.6302937352427124,0.11443503004609178,0.0073549896918705115,0.0056698397762192515,0.0,0.0,0.005637066125481094,0.005203914505468088,0.0059027971918392125
642,order1,clean,23,True,1,question,True,0.12167464941740036,0.4623115577889447,0.023868259295317697,0.0,0.0,0.1079915230561473,0.11758705712602154,0.028875601266458037,0.4919786096256685,0.022004528236453026,0.0,0.0,0.10170772556688192,0.11113063545235224,0.026771658738786192,0.029667051836723746,-0.0018637310588646705,0.0,0.0,-0.006283797489265386,-0.006456421673669291,-0.0021039425276718447
543,order1,clean,24,True,1,caption,True,0.12116486579179764,0.0,0.0,0.0,0.0,0.6403526708948329,0.6402049976067238,0.0,0.0,0.0,0.0,0.0,0.644027476991054,0.6440594170253595,0.0,0.0,0.0,0.0,0.0,0.0036748060962210616,0.003854419418635735,0.0
567,order1,clean,25,True,1,caption,True,0.12377742677927017,0.8048780487804879,0.0,0.0,0.0,0.0,0.0,0.0,0.6226415094339622,0.0,0.0,0.0,0.0,0.0,0.0,-0.18223653934652562,0.0,0.0,0.0,0.0,0.0,0.0
40,order1,clean,26,True,1,caption,True,0.12322760373353958,0.9459459459459459,0.8322417576724406,1.0,1.0,0.8630071396289419,0.8800242307924381,0.8505297402873911,0.9797297297297297,0.861990040689452,1.0,1.0,0.861990040689452,0.8789822174901494,0.8789822174901494,0.03378378378378377,0.02974828301701138,0.0,0.0,-0.0010170989394899799,-0.0010420133022887024,0.02845247720275823
401,order1,clean,27,True,1,caption,True,0.1330280750989914,0.6296296296296297,0.3695570302137992,1.0,0.0,0.5915387576617288,0.5935141963655425,0.371394343086427,0.700462962962963,0.4336387008472737,1.0,0.0,0.6023014416945754,0.6042783379801135,0.4341024571653017,0.0708333333333333,0.06408167063347447,0.0,0.0,0.010762684032846637,0.010764141614571066,0.06270811407887472
34,order1,clean,28,True,1,caption,True,0.12791025638580322,0.5294117647058824,0.4297109663974504,1.0,0.0,0.8057253225938951,0.8138113670903866,0.4451002827629635,0.5454545454545454,0.44902716500270695,1.0,0.0,0.8111149389350442,0.8187183170242026,0.4628552206329392,0.016042780748663055,0.019316198605256574,0.0,0.0,0.005389616341149095,0.004906949933816018,0.01775493786997573
485,order1,clean,29,True,1,question,True,0.13583500683307648,0.8975308641975308,0.34533516398119357,1.0,0.0,0.39732898862743005,0.3935356203219111,0.34630919999931126,0.998766954377312,0.40158530219382144,1.0,0.0,0.4020810865175175,0.39888850986064256,0.39595550611166724,0.10123609017978119,0.056250138212627865,0.0,0.0,0.004752097890087459,0.005352889538731476,0.04964630611235599
377,order1,clean,30,True,1,caption,True,0.14754977822303772,0.07586206896551724,0.04011851935766786,0.0,0.0,0.4645020234850833,0.45598078119633545,0.04114794715320314,0.15862068965517243,0.08070254503869914,0.0,0.0,0.4815367233833082,0.4736776553676027,0.0761323134766812,0.08275862068965519,0.04058402568103128,0.0,0.0,0.017034699898224925,0.01769687417126725,0.03498436632347806
609,order1,clean,31,True,1,caption,False,0.14754977822303772,0.0,0.0,0.0,0.0,0.7441615653640878,0.7466816018099087,0.0,0.13716814159292035,0.10506442018613146,0.0,0.0,0.7659535149053455,0.7695020840900846,0.10184586407074649,0.13716814159292035,0.10506442018613146,0.0,0.0,0.021791949541257627,0.022820482280175858,0.10184586407074649
620,order1,clean,32,True,2,caption,True,0.1437867432832718,0.345679012345679,0.2790872214933736,0.0,0.0,0.7999528102521051,0.7829747751959908,0.27963384828428245,0.32967032967032966,0.2657183682269159,0.0,0.0,0.806012383621645,0.7909503577510197,0.24717198679719365,-0.01600868267534933,-0.013368853266457703,0.0,0.0,0.0060595733695398835,0.007975582555028948,-0.032461861487088794
65,order1,clean,33,True,2,caption,True,0.14559338986873627,0.08237547892720307,0.02787744210787474,0.0,0.0,0.3163483647893612,0.3333223544459308,0.02752202926617777,0.08634538152610442,0.029363578232793414,0.0,0.0,0.31789265130285044,0.3349867400983477,0.028989237123895475,0.0039699025989013564,0.0014861361249186751,0.0,0.0,0.001544286513489257,0.0016643856524169443,0.001467207857717704
238,order1,clean,34,True,2,question,True,0.14748650789260864,0.0,0.0,0.0,0.0,0.8861363106177821,0.877404441168681,0.0,0.0,0.0,0.0,0.0,0.8792278782466803,0.8664992177518901,0.0,0.0,0.0,0.0,0.0,-0.006908432371101836,-0.010905223416790899,0.0
94,order1,clean,35,True,2,caption,True,0.14786681532859802,0.6098457016899339,0.31210127396245524,1.0,0.0,0.5044873337950759,0.5056436509484421,0.3138667494463643,0.6245407788390889,0.32544206145246696,1.0,0.0,0.5140186189164091,0.5153197972408913,0.3279427480238263,0.014695077149154967,0.013340787490011718,0.0,0.0,0.009531285121333166,0.009676146292449173,0.014075998577462001
588,order1,clean,36,True,2,question,True,0.14788493514060974,0.0,0.0,0.0,0.0,0.0,0.0,0.0,0.0,0.0,0.0,0.0,0.0,0.0,0.0,0.0,0.0,0.0,0.0,0.0,0.0,0.0
544,order1,clean,37,True,2,question,True,0.16459746658802032,0.8359375,0.45528802269221996,1.0,0.0,0.5396006194870755,0.515977016843533,0.4299808473696109,0.7152317880794702,0.3911809146963722,1.0,0.0,0.5469288714736315,0.523379911672201,0.37384279405157217,-0.12070571192052981,-0.06410710799584779,0.0,0.0,0.007328251986555956,0.007402894828667961,-0.05613805331803873
138,order1,clean,38,True,2,question,True,0.16404904425144196,0.7581069237510956,0.5847333498258829,1.0,1.0,0.7901530699980611,0.7882832592754581,0.5836654472484757,0.7380530973451327,0.5709165824497863,1.0,1.0,0.7922299571628543,0.7906575404053676,0.5778919625012279,-0.02005382640596287,-0.013816767376096606,0.0,0.0,0.002076887164793151,0.002374281129909561,-0.005773484747247815
650,order1,clean,39,True,2,caption,True,0.17253531515598297,0.7376093294460642,0.0052478954572548805,0.0,0.0,0.005257226458285546,0.007412233496882514,0.007412233496882515,0.8775510204081632,0.006486485642899071,0.0,0.0,0.006522821762449839,0.008669401602678109,0.008669401602678109,0.13994169096209907,0.0012385901856441905,0.0,0.0,0.0012655953041642931,0.0012571681057955949,0.001257168105795594
169,order1,clean,40,True,2,question,True,0.17279666662216187,0.0,0.0,0.0,0.0,0.24794396658442366,0.37027780088782003,0.0,0.0,0.0,0.0,0.0,0.23872489011529488,0.3563072674311436,0.0,0.0,0.0,0.0,0.0,-0.009219076469128784,-0.013970533456676426,0.0
663,order1,clean,41,True,2,question,True,0.17325468361377716,0.8663426488456865,0.3405401447493949,1.0,0.0,0.39028834913748717,0.3870234191135961,0.33559660267796965,0.9616963064295485,0.38852173238755666,1.0,0.0,0.4025884514791142,0.3994156306797848,0.3893857549485124,0.09535365758386205,0.04798158763816174,0.0,0.0,0.01230010234162704,0.012392211566188693,0.05378915227054276
623,order1,clean,42,True,2,caption,True,0.16865624487400055,0.7858942065491183,0.08761806056923738,0.0,0.0,0.14957353617970084,0.14440016907299308,0.08472700716476371,0.8286445012787724,0.11942282559801075,0.0,0.0,0.1714695380034847,0.16008323093392177,0.11360564134533294,0.04275029472965408,0.03180476502877337,0.0,0.0,0.021896001823783845,0.015683061860928688,0.028878634180569226
44,order1,clean,43,True,2,question,True,0.168653666973114,0.9624664879356568,0.0,0.0,0.0,0.0,0.0,0.0,0.9088471849865952,0.0,0.0,0.0,0.0,0.0,0.0,-0.05361930294906159,0.0,0.0,0.0,0.0,0.0,0.0
119,order1,clean,44,True,2,caption,True,0.16566355526447296,0.10743801652892562,0.0034246452460038428,0.0,0.0,0.015037236446225594,0.0715705774747124,0.019732479750784054,0.016029593094944512,0.0004837786940341798,0.0,0.0,0.014159786726519632,0.06761824485981355,0.002884886182806765,-0.09140842343398112,-0.002940866551969663,0.0,0.0,-0.0008774497197059621,-0.003952332614898857,-0.016847593567977288
648,order1,clean,45,True,2,question,True,0.17643840610980988,0.0423728813559322,0.0,0.0,0.0,0.0,0.0,0.0,0.08870967741935484,0.0,0.0,0.0,0.0,0.0,0.0,0.04633679606342264,0.0,0.0,0.0,0.0,0.0,0.0
418,order1,clean,46,True,2,question,True,0.17505258321762085,0.0,0.0,0.0,0.0,0.9253690942193411,0.9253660460710709,0.0,0.2386058981233244,0.2197478733621977,0.0,0.0,0.9209658063381994,0.92094741035826,0.21927319294244288,0.2386058981233244,0.2197478733621977,0.0,0.0,-0.004403287881141749,-0.00441863571281087,0.21927319294244288
447,order1,clean,47,True,2,question,False,0.17505258321762085,0.6240437158469946,0.5207571002751165,1.0,1.0,0.8411919175985345,0.8464197663338916,0.5261321057022355,0.7158469945355191,0.6036729136836125,1.0,1.0,0.8423275566626597,0.8475994757204706,0.6077113736963744,0.09180327868852456,0.08291581340849608,0.0,0.0,0.0011356390641251712,0.0011797093865789643,0.08157926799413895
400,order1,clean,48,True,3,question,True,0.17505599558353424,0.8530864197530864,0.5719111697081775,1.0,1.0,0.6543233268020081,0.6547776401008512,0.5749933774600384,0.920332936979786,0.6200681900132712,1.0,1.0,0.672247922790673,0.6726268947339715,0.6168922611982722,0.06724651722669961,0.04815702030509372,0.0,0.0,0.017924595988664915,0.01784925463312037,0.041898883738233805
339,order1,clean,49,True,3,caption,True,0.18967153131961823,0.10888252148997135,0.0,0.0,0.0,0.036358817949843,0.08812936955504513,0.0,0.14326647564469913,0.0,0.0,0.0,0.03453899952198677,0.08904548862877301,0.0,0.03438395415472778,0.0,0.0,0.0,-0.0018198184278562304,0.0009161190737278779,0.0
512,order1,clean,50,True,3,caption,True,0.18521355092525482,0.0,0.0,0.0,0.0,0.594589301754627,0.5960719860392393,0.0,0.0,0.0,0.0,0.0,0.6033074201490829,0.6047831757344235,0.0,0.0,0.0,0.0,0.0,0.00871811839445591,0.008711189695184252,0.0
600,order1,clean,51,True,3,caption,True,0.1813751608133316,0.0,0.0,0.0,0.0,0.29876642392699354,0.2910967197220513,0.0,0.0,0.0,0.0,0.0,0.31476557998537574,0.3119756743850302,0.0,0.0,0.0,0.0,0.0,0.015999156058382202,0.0208789546629789,0.0
346,order1,clean,52,True,3,caption,True,0.18139086663722992,0.18859649122807018,0.15057347236490168,0.0,0.0,0.7935100819136883,0.7940602213310187,0.16795221653488354,0.17916666666666667,0.14553910737979572,0.0,0.0,0.808077353930293,0.80839025766875,0.162329478254252,-0.00942982456140351,-0.005034364985105955,0.0,0.0,0.014567272016604682,0.014330036337731222,-0.005622738280631534
258,order1,clean,53,True,3,caption,True,0.18124337494373322,0.0,0.0,0.0,0.0,0.8019502545152142,0.7922180807652912,0.0,0.0,0.0,0.0,0.0,0.7993696783603867,0.7890526374197677,0.0,0.0,0.0,0.0,0.0,-0.0025805761548274297,-0.0031654433455234887,0.0
564,order1,clean,54,True,3,question,True,0.20208634436130524,0.5592592592592592,0.0,0.0,0.0,0.0,0.0,0.0,0.5148148148148148,0.0,0.0,0.0,0.0,0.0,0.0,-0.0444444444444444,0.0,0.0,0.0,0.0,0.0,0.0
206,order1,clean,55,True,3,caption,True,0.2057054340839386,0.9715394566623544,0.5655817599034435,1.0,1.0,0.5771638704931449,0.5793544355735308,0.5680707538660199,0.9560155239327296,0.5726750106111681,1.0,1.0,0.591702164230246,0.5939298751485689,0.5751459561116962,-0.015523932729624823,0.0070932507077245965,0.0,0.0,0.014538293737101138,0.01457543957503804,0.00707520224567626
492,order1,clean,56,True,3,question,True,0.2175213247537613,0.8473895582329317,0.4631795659638544,1.0,0.0,0.549317710307062,0.5406823851471848,0.4634420444118727,0.7753623188405797,0.44499539940320043,1.0,0.0,0.5739193001648754,0.5652363234337113,0.43294697114071506,-0.072027239392352,-0.01818416656065397,0.0,0.0,0.024601589857813355,0.024553938286526522,-0.030495073271157636
243,order1,clean,57,True,3,caption,True,0.21746717393398285,0.9403973509933775,0.7696995376977892,1.0,1.0,0.8166957215936284,0.8152838326915112,0.7634608540910873,0.9845132743362832,0.8022575109010459,1.0,1.0,0.8147401291532994,0.8133973135325405,0.8133973135325405,0.044115923342905705,0.03255797320325671,0.0,0.0,-0.001955592440328946,-0.0018865191589706454,0.049936459441453196
359,order1,clean,58,True,3,question,True,0.22218318283557892,0.8743961352657005,0.6320528588349499,1.0,1.0,0.723739728124252,0.7320746024778292,0.640406745802108,0.8454106280193237,0.6197663089587194,1.0,1.0,0.7342724254874495,0.7420271925264887,0.6294380595942507,-0.02898550724637683,-0.012286549876230457,0.0,0.0,0.010532697363197507,0.00995259004865956,-0.010968686207857292
132,order1,clean,59,True,3,question,True,0.2222374677658081,0.0,0.0,0.0,0.0,0.07654127917891214,0.08540937095776215,0.0,0.0,0.0,0.0,0.0,0.07615292529599986,0.08456561270394235,0.0,0.0,0.0,0.0,0.0,-0.000388353882912279,-0.0008437582538197985,0.0
419,order1,clean,60,True,3,question,True,0.211338073015213,0.27807486631016043,0.08371177682462926,0.0,0.0,0.11591132221683334,0.11357471049751862,0.08135964708305442,0.3422459893048128,0.0877223110004507,0.0,0.0,0.11937762514587758,0.1170058419443668,0.08625518164571577,0.06417112299465239,0.004010534175821451,0.0,0.0,0.003466302929044235,0.0034311314468481874,0.004895534562661355
490,order1,clean,61,True,3,question,True,0.20561182498931885,0.9473684210526315,0.7696078104619404,1.0,1.0,0.7987299518021904,0.8064017614438804,0.8064017614438804,0.8947368421052632,0.7456110736775086,1.0,1.0,0.8159984992035124,0.8229242818868256,0.7810996994938314,-0.05263157894736836,-0.023996736784431816,0.0,0.0,0.017268547401322,0.01652252044294522,-0.025302061950049026
441,order1,clean,62,True,3,caption,True,0.1978781819343567,0.0,0.0,0.0,0.0,0.4133042093381248,0.4251239367905453,0.0,0.09031318281136198,0.036271377579588406,0.0,0.0,0.40161775336108774,0.4115862244728275,0.035963844856849,0.09031318281136198,0.036271377579588406,0.0,0.0,-0.011686455977037047,-0.013537712317717776,0.035963844856849
538,order1,clean,63,True,3,caption,True,0.20894001424312592,0.3730769230769231,0.14092038194050496,0.0,0.0,0.37772473509826077,0.37863803457499945,0.13768655802727253,0.27953890489913547,0.11061826508007325,0.0,0.0,0.3957168864204682,0.39684548823332855,0.10872479129680235,-0.09353801817778762,-0.030302116860431716,0.0,0.0,0.01799215132220744,0.018207453658329098,-0.028961766730470184
44,order2,clean,0,True,0,question,True,3.19279424729757e-05,0.9624664879356568,0.0,0.0,0.0,0.0,0.0,0.0,0.9088471849865952,0.0,0.0,0.0,0.0,0.0,0.0,-0.05361930294906159,0.0,0.0,0.0,0.0,0.0,0.0
180,order2,clean,1,True,0,question,True,0.021210208535194397,0.8137931034482758,0.0,0.0,0.0,0.0,0.0,0.0,0.8489208633093526,0.0,0.0,0.0,0.0,0.0,0.0,0.035127759861076746,0.0,0.0,0.0,0.0,0.0,0.0
642,order2,clean,2,True,0,question,True,0.08297742158174515,0.4623115577889447,0.023868259295317697,0.0,0.0,0.1079915230561473,0.11758705712602154,0.028875601266458037,0.4919786096256685,0.02543975208613326,0.0,0.0,0.1082370811746392,0.11781136502823317,0.030698673100003855,0.029667051836723746,0.001571492790815563,0.0,0.0,0.0002455581184919037,0.00022430790221163177,0.0018230718335458182
138,order2,clean,3,True,0,question,True,0.08308861404657364,0.7581069237510956,0.5847333498258829,1.0,1.0,0.7901530699980611,0.7882832592754581,0.5836654472484757,0.7380530973451327,0.5693677580361688,1.0,1.0,0.7902362392855784,0.7884278607964764,0.5761913130818063,-0.02005382640596287,-0.015365591789714084,0.0,0.0,8.316928751728181e-05,0.00014460152101836155,-0.007474134166669422
159,order2,clean,4,True,0,question,True,0.08266442269086838,0.0,0.0,0.0,0.0,0.04281797516185004,0.03783374893142454,0.0,0.2616279069767442,0.012176182318258885,0.0,0.0,0.04654007463867841,0.04199649458823961,0.010999081915967518,0.2616279069767442,0.012176182318258885,0.0,0.0,0.003722099476828368,0.00416274565681507,0.010999081915967518
12,order2,clean,5,True,0,question,True,0.08303586393594742,0.29545454545454547,0.14681308613353952,0.0,0.0,0.4924347845276226,0.48827441602804156,0.1462036849223001,0.46938775510204084,0.23142150273465906,0.0,0.0,0.49302841886949106,0.4888709373231984,0.22221406241963565,0.17393320964749537,0.08460841660111953,0.0,0.0,0.000593634341868432,0.0005965212951568599,0.07601037749733555
1,order2,clean,6,True,0,caption,True,0.08477336913347244,0.7910447761194029,0.4288288730325635,1.0,0.0,0.53206545357744,0.5249160488714408,0.39368703665358057,0.6708860759493671,0.36303538758604537,1.0,0.0,0.5311073262832886,0.5240682521897776,0.336901019264857,-0.12015870017003583,-0.06579348544651814,0.0,0.0,-0.0009581272941513452,-0.0008477966816632376,-0.056786017388723575
507,order2,clean,7,True,0,caption,True,0.07940878719091415,0.0,0.0,0.0,0.0,0.2554607755483817,0.29480708105114056,0.0,0.0,0.0,0.0,0.0,0.15284487899945137,0.17141519782277037,0.0,0.0,0.0,0.0,0.0,-0.10261589654893033,-0.12339188322837019,0.0
206,order2,clean,8,True,0,caption,True,0.0817222073674202,0.9715394566623544,0.5655817599034435,1.0,1.0,0.5771638704931449,0.5793544355735308,0.5680707538660199,0.9560155239327296,0.5617422756587119,1.0,1.0,0.5802518103954107,0.5824477185445307,0.5641674713983552,-0.015523932729624823,-0.0038394842447315725,0.0,0.0,0.003087939902265857,0.0030932829709998666,-0.0039032824676646927
68,order2,clean,9,True,0,question,True,0.0827580988407135,0.703125,0.43848851129737815,1.0,0.0,0.6181989666769283,0.6166988943684355,0.44850828681340765,0.5921052631578947,0.3769895571857342,1.0,0.0,0.6311326235925931,0.6298033434178691,0.38757128825715026,-0.11101973684210531,-0.061498954111643966,0.0,0.0,0.012933656915664837,0.013104449049433642,-0.060936998556257393
169,order2,clean,10,True,0,question,True,0.08274325728416443,0.0,0.0,0.0,0.0,0.24794396658442366,0.37027780088782003,0.0,0.0,0.0,0.0,0.0,0.24287483719650385,0.3627785122011693,0.0,0.0,0.0,0.0,0.0,-0.005069129387919813,-0.007499288686650729,0.0
418,order2,clean,11,True,0,question,True,0.08143962919712067,0.0,0.0,0.0,0.0,0.9253690942193411,0.9253660460710709,0.0,0.2386058981233244,0.22040961270650386,0.0,0.0,0.92373916336546,0.9237237129688302,0.219934217373531,0.2386058981233244,0.22040961270650386,0.0,0.0,-0.0016299308538810786,-0.0016423331022407117,0.219934217373531
567,order2,clean,12,True,0,caption,True,0.0945173054933548,0.8048780487804879,0.0,0.0,0.0,0.0,0.0,0.0,0.6226415094339622,0.0,0.0,0.0,0.0,0.0,0.0,-0.18223653934652562,0.0,0.0,0.0,0.0,0.0,0.0
332,order2,clean,13,True,0,caption,True,0.09611126035451889,0.20224719101123595,0.01958676959981985,0.0,0.0,0.034736707665167295,0.03321348308610125,0.019228858628795465,0.18181818181818182,0.01764339663690671,0.0,0.0,0.03484179707682999,0.03329403457220823,0.01743973239496622,-0.020429009193054126,-0.0019433729629131404,0.0,0.0,0.0001050894116626927,8.055148610697921e-05,-0.0017891262338292462
324,order2,clean,14,True,0,question,True,0.09789316356182098,0.16058394160583941,0.10157967240690323,0.0,0.0,0.6336312933160916,0.6250898207372443,0.10853223285425256,0.16793893129770993,0.10630750614415962,0.0,0.0,0.6341319991297162,0.6251752673762064,0.11346450304792534,0.0073549896918705115,0.0047278337372563956,0.0,0.0,0.0005007058136246023,8.544663896214999e-05,0.004932270193672775
346,order2,clean,15,True,0,caption,True,0.09790308773517609,0.18859649122807018,0.15057347236490168,0.0,0.0,0.7935100819136883,0.7940602213310187,0.16795221653488354,0.17916666666666667,0.14383961931557834,0.0,0.0,0.7981083082602702,0.7985382026042391,0.1604309211140963,-0.00942982456140351,-0.006733853049323335,0.0,0.0,0.004598226346581913,0.0044779812732204105,-0.0075212954207872496
3,order2,clean,16,True,1,caption,True,0.09789960831403732,0.0,0.0,0.0,0.0,0.050894170964146127,0.08921442851975057,0.0,0.0,0.0,0.0,0.0,0.051399246945906925,0.08876215372228817,0.0,0.0,0.0,0.0,0.0,0.0005050759817607983,-0.0004522747974624042,0.0
490,order2,clean,17,True,1,question,True,0.09570173174142838,0.9473684210526315,0.7696078104619404,1.0,1.0,0.7987299518021904,0.8064017614438804,0.8064017614438804,0.8947368421052632,0.7346501268420566,1.0,1.0,0.8061871669289917,0.8143933587758386,0.771888413643467,-0.05263157894736836,-0.03495768361988383,0.0,0.0,0.007457215126801309,0.0079915973319582,-0.034513347800413374
359,order2,clean,18,True,1,question,True,0.10026266425848007,0.8743961352657005,0.6320528588349499,1.0,1.0,0.723739728124252,0.7320746024778292,0.640406745802108,0.8454106280193237,0.6117341668665894,1.0,1.0,0.725915660595624,0.7342728646523415,0.6207208472153192,-0.02898550724637683,-0.020318691968360447,0.0,0.0,0.002175932471371933,0.0021982621745123554,-0.01968589858678882
588,order2,clean,19,True,1,question,True,0.1002802699804306,0.0,0.0,0.0,0.0,0.0,0.0,0.0,0.0,0.0,0.0,0.0,0.0,0.0,0.0,0.0,0.0,0.0,0.0,0.0,0.0,0.0
650,order2,clean,20,True,1,caption,True,0.10592449456453323,0.7376093294460642,0.0052478954572548805,0.0,0.0,0.005257226458285546,0.007412233496882514,0.007412233496882515,0.8775510204081632,0.005570209980315806,0.0,0.0,0.005594457656466321,0.007829644754091503,0.007829644754091503,0.13994169096209907,0.00032231452306092593,0.0,0.0,0.0003372311981807751,0.0004174112572089888,0.00041741125720898796
356,order2,clean,21,True,1,caption,True,0.10592596977949142,0.6051167964404894,0.0,0.0,0.0,0.0,0.0,0.0,0.6140155728587319,0.0,0.0,0.0,0.0,0.0,0.0,0.008898776418242438,0.0,0.0,0.0,0.0,0.0,0.0
485,order2,clean,22,True,1,question,True,0.11578576266765594,0.8975308641975308,0.34533516398119357,1.0,0.0,0.39732898862743005,0.3935356203219111,0.34630919999931126,0.998766954377312,0.39604387201955926,1.0,0.0,0.39653281507143523,0.39311024735141537,0.3902197308267726,0.10123609017978119,0.05070870803836569,0.0,0.0,-0.0007961735559948169,-0.00042537297049571876,0.043910530827461325
132,order2,clean,23,True,1,question,True,0.11879103630781174,0.0,0.0,0.0,0.0,0.07654127917891214,0.08540937095776215,0.0,0.0,0.0,0.0,0.0,0.07601021706966589,0.08482774605677708,0.0,0.0,0.0,0.0,0.0,-0.0005310621092462497,-0.0005816249009850671,0.0
600,order2,clean,24,True,1,caption,True,0.1264176368713379,0.0,0.0,0.0,0.0,0.29876642392699354,0.2910967197220513,0.0,0.0,0.0,0.0,0.0,0.3060574568523222,0.30225075437937576,0.0,0.0,0.0,0.0,0.0,0.007291032925328678,0.011154034657324452,0.0
41,order2,clean,25,True,1,caption,True,0.14037221670150757,0.0,0.0,0.0,0.0,0.21969643583269244,0.2215582337824965,0.0,0.23616236162361623,0.056741152118027514,0.0,0.0,0.24026331599977277,0.2420814554522906,0.05788904369511297,0.23616236162361623,0.056741152118027514,0.0,0.0,0.02056688016708033,0.02052322166979409,0.05788904369511297
617,order2,clean,26,True,1,question,True,0.1404195874929428,0.9842105263157894,0.01864248549134384,0.0,0.0,0.01864248549134384,0.01941571894778582,0.01941571894778582,0.9353233830845771,0.019146162651777984,0.0,0.0,0.020254624700038814,0.021256661500472708,0.020006269647503724,-0.04888714323121235,0.0005036771604341427,0.0,0.0,0.001612139208694973,0.0018409425526868875,0.0005905506997179039
34,order2,clean,27,True,1,caption,True,0.13484424352645874,0.5294117647058824,0.4297109663974504,1.0,0.0,0.8057253225938951,0.8138113670903866,0.4451002827629635,0.5454545454545454,0.4494974440965554,1.0,0.0,0.8118437109599363,0.8194025079024712,0.46330618568811716,0.016042780748663055,0.01978647769910502,0.0,0.0,0.006118388366041283,0.005591140812084561,0.018205902925153672
312,order2,clean,28,True,1,question,True,0.14215843379497528,0.6337962962962963,0.4064035139566178,1.0,0.0,0.6210699216420424,0.6220750434133869,0.40805515327717506,0.624537037037037,0.4027396346130936,1.0,0.0,0.6215431402786746,0.6225627020882011,0.4040029791230117,-0.0092592592592593,-0.00366387934352419,0.0,0.0,0.0004732186366321889,0.00048765867481415093,-0.004052174154163368
94,order2,clean,29,True,1,caption,True,0.1439470499753952,0.6098457016899339,0.31210127396245524,1.0,0.0,0.5044873337950759,0.5056436509484421,0.3138667494463643,0.6245407788390889,0.3238724387880741,1.0,0.0,0.5119420204809243,0.5132599010433962,0.32635854570399403,0.014695077149154967,0.011771164825618852,0.0,0.0,0.007454686685848366,0.007616250094954147,0.01249179625762975
544,order2,clean,30,True,1,question,True,0.15960179269313812,0.8359375,0.45528802269221996,1.0,0.0,0.5396006194870755,0.515977016843533,0.4299808473696109,0.7152317880794702,0.3902713361460913,1.0,0.0,0.545657145907961,0.5220431850988813,0.37288798935634376,-0.12070571192052981,-0.06501668654612869,0.0,0.0,0.0060565264208855,0.0060661682553482255,-0.057092858013267134
83,order2,clean,31,True,1,question,True,0.1628800481557846,0.6307692307692307,0.4812247330487694,1.0,0.0,0.7689046115236254,0.7673520770963299,0.4795932459159542,0.20051282051282052,0.155787361526021,0.0,0.0,0.7648931526098409,0.7633891666317063,0.158900111757185,-0.43025641025641026,-0.32543737152274843,-1.0,0.0,-0.004011458913784516,-0.0039629104646236035,-0.3206931341587692
171,order2,clean,32,True,2,question,True,0.16395965218544006,0.0,0.0,0.0,0.0,0.23443325201914245,0.24385776413581955,0.0,0.0,0.0,0.0,0.0,0.2539876863016416,0.25681036166589505,0.0,0.0,0.0,0.0,0.0,0.019554434282499145,0.012952597530075494,0.0
339,order2,clean,33,True,2,caption,True,0.17552036046981812,0.10888252148997135,0.0,0.0,0.0,0.036358817949843,0.08812936955504513,0.0,0.14326647564469913,0.0,0.0,0.0,0.032110140604477345,0.0874169612750598,0.0,0.03438395415472778,0.0,0.0,0.0,-0.004248677345365652,-0.0007124082799853382,0.0
258,order2,clean,34,True,2,caption,True,0.17528986930847168,0.0,0.0,0.0,0.0,0.8019502545152142,0.7922180807652912,0.0,0.0,0.0,0.0,0.0,0.7960864064041362,0.785391892972954,0.0,0.0,0.0,0.0,0.0,-0.005863848111077985,-0.006826187792337235,0.0
24,order2,clean,35,True,2,caption,True,0.16781704127788544,0.36283185840707965,0.34507760569431395,1.0,0.0,0.9206334003266303,0.9157627667546605,0.35418920334885035,0.012145748987854251,0.011106003238512305,0.0,0.0,0.9212889524749492,0.9181096241258262,0.017882523387152318,-0.3506861094192254,-0.33397160245580165,-1.0,0.0,0.0006555521483189164,0.0023468573711656893,-0.33630667996169805
538,order2,clean,36,True,2,caption,True,0.17542728781700134,0.3730769230769231,0.14092038194050496,0.0,0.0,0.37772473509826077,0.37863803457499945,0.13768655802727253,0.27953890489913547,0.10587861021855904,0.0,0.0,0.3787616262457731,0.3772523140642655,0.10335679837377137,-0.09353801817778762,-0.03504177172194592,0.0,0.0,0.00103689114751232,-0.0013857205107339343,-0.03432975965350116
564,order2,clean,37,True,2,question,True,0.19517259299755096,0.5592592592592592,0.0,0.0,0.0,0.0,0.0,0.0,0.5148148148148148,0.0,0.0,0.0,0.0,0.0,0.0,-0.0444444444444444,0.0,0.0,0.0,0.0,0.0,0.0
243,order2,clean,38,True,2,caption,True,0.19548553228378296,0.9403973509933775,0.7696995376977892,1.0,1.0,0.8166957215936284,0.8152838326915112,0.7634608540910873,0.9845132743362832,0.8027302283313766,1.0,1.0,0.8152245007929951,0.8139031671907987,0.8139031671907987,0.044115923342905705,0.033030690633587434,0.0,0.0,-0.0014712208006332217,-0.0013806655007124746,0.05044231309971137
400,order2,clean,39,True,2,question,True,0.19548800587654114,0.8530864197530864,0.5719111697081775,1.0,1.0,0.6543233268020081,0.6547776401008512,0.5749933774600384,0.920332936979786,0.6156612433652859,1.0,1.0,0.6674754773782305,0.6678575456826258,0.6125084443941724,0.06724651722669961,0.04375007365710848,0.0,0.0,0.013152150576222432,0.013079905581774631,0.03751506693413398
623,order2,clean,40,True,2,caption,True,0.1983625888824463,0.7858942065491183,0.08761806056923738,0.0,0.0,0.14957353617970084,0.14440016907299308,0.08472700716476371,0.8286445012787724,0.12603642858119876,0.0,0.0,0.17693406041498386,0.16478599739633015,0.11919523578123432,0.04275029472965408,0.038418368011961385,0.0,0.0,0.027360524235283012,0.020385828323337074,0.034468228616470614
512,order2,clean,41,True,2,caption,True,0.19461463391780853,0.0,0.0,0.0,0.0,0.594589301754627,0.5960719860392393,0.0,0.0,0.0,0.0,0.0,0.5997452507622187,0.60123229445146,0.0,0.0,0.0,0.0,0.0,0.0051559490075917536,0.005160308412220704,0.0
562,order2,clean,42,True,2,caption,True,0.2061896175146103,0.3023255813953488,0.2038402634010472,0.0,0.0,0.6847041319925602,0.6652576401700446,0.21996561411288032,0.36538461538461536,0.25477238248172046,0.0,0.0,0.6988648959153679,0.6767638607294472,0.26318594583922944,0.06305903398926654,0.05093211908067327,0.0,0.0,0.01416076392280774,0.011506220559402536,0.04322033172634912
65,order2,clean,43,True,2,caption,True,0.20385460555553436,0.08237547892720307,0.02787744210787474,0.0,0.0,0.3163483647893612,0.3333223544459308,0.02752202926617777,0.08634538152610442,0.02944112715607796,0.0,0.0,0.3187322026897136,0.3360735065219258,0.029083284218243577,0.0039699025989013564,0.0015636850482032214,0.0,0.0,0.0023838379003524035,0.0027511520759950225,0.0015612549520658062
371,order2,clean,44,True,2,caption,True,0.20643426477909088,0.675,0.0002937924063547062,0.0,0.0,0.000427334409243209,0.0,0.0,0.8709677419354839,0.000360312055019096,0.0,0.0,0.0004061699529306173,0.0,0.0,0.19596774193548383,6.65196486643898e-05,0.0,0.0,-2.116445631259172e-05,0.0,0.0
119,order2,clean,45,True,2,caption,True,0.20436163246631622,0.10743801652892562,0.0034246452460038428,0.0,0.0,0.015037236446225594,0.0715705774747124,0.019732479750784054,0.016029593094944512,0.00037649285996294653,0.0,0.0,0.007137035855352258,0.03248148701974252,0.0021495101704241374,-0.09140842343398112,-0.0030481523860408965,0.0,0.0,-0.007900200590873336,-0.03908909045496988,-0.017582969580359917
582,order2,clean,46,True,2,question,True,0.20361246168613434,0.5507246376811594,0.39632022694542723,1.0,0.0,0.6752122384996168,0.7188264372158314,0.4062932036437308,0.5757575757575758,0.4196288648152173,1.0,0.0,0.6838396315507245,0.7284447241142958,0.4304446097039021,0.025032938076416378,0.02330863786979004,0.0,0.0,0.008627393051107712,0.009618286898464445,0.0241514060601713
377,order2,clean,47,True,2,caption,True,0.2175397127866745,0.07586206896551724,0.04011851935766786,0.0,0.0,0.4645020234850833,0.45598078119633545,0.04114794715320314,0.15862068965517243,0.08410038181323358,0.0,0.0,0.5005481622390936,0.4979237242956016,0.08014461763178024,0.08275862068965519,0.04398186245556572,0.0,0.0,0.036046138754010304,0.04194294309926616,0.0389966704785771
419,order2,clean,48,True,3,question,True,0.20419514179229736,0.27807486631016043,0.08371177682462926,0.0,0.0,0.11591132221683334,0.11357471049751862,0.08135964708305442,0.3422459893048128,0.0870306176076422,0.0,0.0,0.1178632661944797,0.11564034538302705,0.08560527687740649,0.06417112299465239,0.0033188407830129496,0.0,0.0,0.0019519439776463643,0.0020656348855084272,0.004245629794352071
648,order2,clean,49,True,3,question,True,0.2116672843694687,0.0423728813559322,0.0,0.0,0.0,0.0,0.0,0.0,0.08870967741935484,0.0,0.0,0.0,0.0,0.0,0.0,0.04633679606342264,0.0,0.0,0.0,0.0,0.0,0.0
133,order2,clean,50,True,3,question,True,0.21387840807437897,0.6337817638266069,0.5449475846298645,1.0,1.0,0.8137987314650116,0.816959477109529,0.5503115844922347,0.260587942202292,0.19178522672613554,0.0,0.0,0.8136540632205808,0.8167475416915922,0.19485835209094418,-0.3731938216243149,-0.35316235790372896,-1.0,-1.0,-0.00014466824443082338,-0.0002119354179367372,-0.35545323240129056
238,order2,clean,51,True,3,question,True,0.20613190531730652,0.0,0.0,0.0,0.0,0.8861363106177821,0.877404441168681,0.0,0.0,0.0,0.0,0.0,0.8699157934252109,0.8563986653176413,0.0,0.0,0.0,0.0,0.0,-0.016220517192571227,-0.021005775851039687,0.0
401,order2,clean,52,True,3,caption,True,0.2168063372373581,0.6296296296296297,0.3695570302137992,1.0,0.0,0.5915387576617288,0.5935141963655425,0.371394343086427,0.700462962962963,0.44004386218098024,1.0,0.0,0.6115203635645114,0.613443333736588,0.44048880688476955,0.0708333333333333,0.07048683196718103,0.0,0.0,0.01998160590278264,0.019929137371045513,0.06909446379834255
447,order2,clean,53,True,3,question,False,0.2168063372373581,0.6240437158469946,0.5207571002751165,1.0,1.0,0.8411919175985345,0.8464197663338916,0.5261321057022355,0.7158469945355191,0.6029642340730041,1.0,1.0,0.8413755468383349,0.8466284889110167,0.6069892395724943,0.09180327868852456,0.08220713379788769,0.0,0.0,0.00018362923980042023,0.00020872257712512,0.08085713387025883
620,order2,clean,54,True,3,caption,True,0.21154512465000153,0.345679012345679,0.2790872214933736,0.0,0.0,0.7999528102521051,0.7829747751959908,0.27963384828428245,0.32967032967032966,0.2656667434327762,0.0,0.0,0.8058557884127545,0.793763303821619,0.24805103244425591,-0.01600868267534933,-0.01342047806059743,0.0,0.0,0.005902978160649441,0.01078852862562818,-0.031582815840026535
663,order2,clean,55,True,3,question,True,0.21178676187992096,0.8663426488456865,0.3405401447493949,1.0,0.0,0.39028834913748717,0.3870234191135961,0.33559660267796965,0.9616963064295485,0.3933555191776577,1.0,0.0,0.4076856681096067,0.4046194535194274,0.3943426222782468,0.09535365758386205,0.052815374428262785,0.0,0.0,0.017397318972119546,0.017596034405831296,0.058746019600277144
534,order2,clean,56,True,3,question,True,0.22481410205364227,0.6267605633802817,0.0,0.0,0.0,0.014490483908553706,0.02099608622553573,0.0,0.11840796019900497,0.0,0.0,0.0,0.014622660153516038,0.022134193459525473,0.0,-0.5083526031812767,0.0,0.0,0.0,0.00013217624496233114,0.0011381072339897436,0.0
143,order2,clean,57,True,3,caption,True,0.233421191573143,0.0,0.0,0.0,0.0,0.6309845440236779,0.6304173341502299,0.0,0.0,0.0,0.0,0.0,0.6685099184577136,0.6680981421045958,0.0,0.0,0.0,0.0,0.0,0.037525374434035697,0.0376808079543659,0.0
543,order2,clean,58,True,3,caption,True,0.2285287082195282,0.0,0.0,0.0,0.0,0.6403526708948329,0.6402049976067238,0.0,0.0,0.0,0.0,0.0,0.6295787535024083,0.6293672650065574,0.0,0.0,0.0,0.0,0.0,-0.010773917392424615,-0.010837732600166405,0.0
550,order2,clean,59,True,3,caption,True,0.23016904294490814,0.43902439024390244,0.24781743021071595,0.0,0.0,0.5666442747298434,0.5620458374224855,0.24525636542072093,0.43902439024390244,0.24890336192433185,0.0,0.0,0.569205681976046,0.5651885033499666,0.2466277105527127,0.0,0.0010859317136159008,0.0,0.0,0.002561407246202685,0.0031426659274811364,0.0013713451319917747
40,order2,clean,60,True,3,caption,True,0.22865521907806396,0.9459459459459459,0.8322417576724406,1.0,1.0,0.8630071396289419,0.8800242307924381,0.8505297402873911,0.9797297297297297,0.8576058649766753,1.0,1.0,0.8576058649766753,0.8744982007742736,0.8744982007742736,0.03378378378378377,0.025364107304234773,0.0,0.0,-0.0054012746522665855,-0.0055260300181644295,0.023968460486882504
609,order2,clean,61,True,3,caption,False,0.22865521907806396,0.0,0.0,0.0,0.0,0.7441615653640878,0.7466816018099087,0.0,0.13716814159292035,0.10710455452523027,0.0,0.0,0.7808267523452271,0.7848151083217202,0.10387258786611003,0.13716814159292035,0.10710455452523027,0.0,0.0,0.0366651869811393,0.038133506511811466,0.10387258786611003
492,order2,clean,62,True,3,question,True,0.2398650199174881,0.8473895582329317,0.4631795659638544,1.0,0.0,0.549317710307062,0.5406823851471848,0.4634420444118727,0.7753623188405797,0.44567301461291214,1.0,0.0,0.5747932337998306,0.5661917223110006,0.4336787660254472,-0.072027239392352,-0.017506551350942257,0.0,0.0,0.025475523492768604,0.02550933716381576,-0.029763278386425507
441,order2,clean,63,True,3,caption,True,0.22955703735351562,0.0,0.0,0.0,0.0,0.4133042093381248,0.4251239367905453,0.0,0.09031318281136198,0.035502639853893785,0.0,0.0,0.39310584289835615,0.4041688950670109,0.03531572869517571,0.09031318281136198,0.035502639853893785,0.0,0.0,-0.020198366439768634,-0.02095504172353435,0.03531572869517571
550,order1,frame_drop_5,0,True,0,caption,True,0.008726497180759907,0.4931506849315068,0.278032556938443,0.0,0.0,0.565947198746263,0.5613421267548189,0.27494308249215615,0.4883720930232558,0.276392817992361,0.0,0.0,0.565947198746263,0.5613421267548189,0.26416100082579713,-0.004778591908251029,-0.0016397389460819922,0.0,0.0,0.0,0.0,-0.010782081666359022
12,order1,frame_drop_5,1,True,0,question,True,0.014804472215473652,0.37142857142857144,0.17874770087704953,0.0,0.0,0.47773590184836634,0.47485992876181077,0.17756396458770843,0.6571428571428571,0.3140965558990015,1.0,0.0,0.4779730198463066,0.4750925850035834,0.29693286562723964,0.2857142857142857,0.13534885502195196,1.0,0.0,0.00023711799794023936,0.0002326562417726552,0.11936890103953121
24,order1,frame_drop_5,2,True,0,caption,True,0.019413262605667114,0.36283185840707965,0.3450325896347605,1.0,0.0,0.9207617273460583,0.9159203789152093,0.3541614481974979,0.012145748987854251,0.011011246581912673,0.0,0.0,0.9209223350608063,0.9161027006155854,0.017763511236216015,-0.3506861094192254,-0.33402134305284786,-1.0,0.0,0.00016060771474801783,0.00018232170037613127,-0.3363979369612819
41,order1,frame_drop_5,3,True,0,caption,True,0.032612841576337814,0.06842105263157895,0.008596452788920848,0.0,0.0,0.2187016673253777,0.22049673332533895,0.014889410294825139,0.2723404255319149,0.05936418519194407,0.0,0.0,0.21797786750166964,0.219787331497641,0.06044151616185127,0.20391937290033596,0.05076773240302322,0.0,0.0,-0.0007237998237080712,-0.0007094018276979641,0.04555210586702613
371,order1,frame_drop_5,4,True,0,caption,True,0.03457273915410042,0.675,0.0002937924063547062,0.0,0.0,0.000427334409243209,0.0,0.0,0.8709677419354839,0.00041123894069170674,0.0,0.0,0.00046357844223428763,0.0,0.0,0.19596774193548383,0.00011744653433700054,0.0,0.0,3.624403299107862e-05,0.0,0.0
312,order1,frame_drop_5,5,True,0,question,True,0.04023852199316025,0.6138888888888889,0.3746231733909883,1.0,0.0,0.6023554737115625,0.6028005144120295,0.3761726646658261,0.6652777777777777,0.40602120913645834,1.0,0.0,0.6022153514620256,0.6026153202044511,0.40636862490923564,0.05138888888888882,0.031398035745470065,0.0,0.0,-0.00014012224953685593,-0.00018519420757845406,0.030195960243409536
83,order1,frame_drop_5,6,True,0,question,True,0.0417499914765358,0.5846153846153846,0.4464398223635428,1.0,0.0,0.7680238372879137,0.7665091766359763,0.4456939638716949,0.42153846153846153,0.32126645277353255,1.0,0.0,0.7687041808151316,0.7671815483864205,0.32298149962932887,-0.16307692307692312,-0.12517336959001024,0.0,0.0,0.0006803435272179081,0.0006723717504442117,-0.12271246424236604
582,order1,frame_drop_5,7,True,0,question,True,0.039296865463256836,0.4393939393939394,0.31631723921871074,1.0,0.0,0.6735913185861618,0.7162017735351749,0.3262384833355203,0.4603174603174603,0.3316700543544656,1.0,0.0,0.6741796619023191,0.7168199553786363,0.34207733348788616,0.0209235209235209,0.015352815135754871,0.0,0.0,0.0005883433161573137,0.0006181818434614073,0.015838850152365858
1,order1,frame_drop_5,8,True,0,caption,True,0.051382891833782196,0.7910447761194029,0.4288288730325635,1.0,0.0,0.53206545357744,0.5249160488714408,0.39368703665358057,0.6708860759493671,0.36910769636823043,1.0,0.0,0.5399908891313001,0.5333422753638585,0.3428628913053376,-0.12015870017003583,-0.059721176664333075,0.0,0.0,0.00792543555386016,0.008426226492417643,-0.05082414534824298
562,order1,frame_drop_5,9,True,0,caption,True,0.063863605260849,0.3023255813953488,0.2038402634010472,0.0,0.0,0.6847041319925602,0.6652576401700446,0.21996561411288032,0.36538461538461536,0.25118280655448444,0.0,0.0,0.6893369556231069,0.669229768486703,0.26025602107816226,0.06305903398926654,0.04734254315343725,0.0,0.0,0.004632823630546734,0.003972128316658385,0.04029040696528194
180,order1,frame_drop_5,10,True,0,question,True,0.06644178181886673,0.8137931034482758,0.0,0.0,0.0,0.0,0.0,0.0,0.8489208633093526,0.0,0.0,0.0,0.0,0.0,0.0,0.035127759861076746,0.0,0.0,0.0,0.0,0.0,0.0
159,order1,frame_drop_5,11,True,0,question,True,0.06545495986938477,0.0,0.0,0.0,0.0,0.04396916754586041,0.04133592294797103,0.0,0.2616279069767442,0.008380144092787362,0.0,0.0,0.032030772976876135,0.031070075789931387,0.008137400802124887,0.2616279069767442,0.008380144092787362,0.0,0.0,-0.011938394568984274,-0.010265847158039645,0.008137400802124887
507,order1,frame_drop_5,12,True,0,caption,True,0.09161017835140228,0.0,0.0,0.0,0.0,0.2505409305091652,0.28885035573032264,0.0,0.0,0.0,0.0,0.0,0.2725896688139022,0.3166062520039352,0.0,0.0,0.0,0.0,0.0,0.02204873830473697,0.02775589627361258,0.0
143,order1,frame_drop_5,13,True,0,caption,True,0.09646400064229965,0.0,0.0,0.0,0.0,0.6330189229096419,0.6326506826345796,0.0,0.16827852998065765,0.10617221894520244,0.0,0.0,0.6466641138063784,0.646428436470223,0.10975946062849193,0.16827852998065765,0.10617221894520244,0.0,0.0,0.013645190896736548,0.013777753835643392,0.10975946062849193
171,order1,frame_drop_5,14,True,0,question,True,0.09948892146348953,0.05434782608695652,0.017981109465188858,0.0,0.0,0.330852414159475,0.3204153537920937,0.017226631924306113,0.0,0.0,0.0,0.0,0.3335473781642453,0.32346678968189735,0.0,-0.05434782608695652,-0.017981109465188858,0.0,0.0,0.002694964004770317,0.0030514358898036664,-0.017226631924306113
617,order1,frame_drop_5,15,True,0,question,True,0.09952269494533539,0.9842105263157894,0.018779107138111477,0.0,0.0,0.018779107138111477,0.019564007015261183,0.019564007015261183,0.9353233830845771,0.018531933270239633,0.0,0.0,0.019604834670095612,0.02050160416442799,0.019295627448873403,-0.04888714323121235,-0.00024717386787184367,0.0,0.0,0.0008257275319841356,0.0009375971491668092,-0.00026837956638777957
3,order1,frame_drop_5,16,True,1,caption,True,0.09955216944217682,0.0,0.0,0.0,0.0,0.05225489674125184,0.09128540687347282,0.0,0.0,0.0,0.0,0.0,0.05325250447970964,0.09161571543560781,0.0,0.0,0.0,0.0,0.0,0.0009976077384577994,0.0003303085621349927,0.0
332,order1,frame_drop_5,17,True,1,caption,True,0.10231572389602661,0.20224719101123595,0.019647254270494387,0.0,0.0,0.034834668382326774,0.03330488860370326,0.019281777612670307,0.18181818181818182,0.017586137828372813,0.0,0.0,0.03472853959832335,0.033190402017304166,0.017385448675730754,-0.020429009193054126,-0.0020611164421215737,0.0,0.0,-0.00010612878400342168,-0.00011448658639909293,-0.001896328936939553
534,order1,frame_drop_5,18,True,1,question,True,0.10736756771802902,0.795774647887324,0.0,0.0,0.0,0.014637170920592938,0.021214097375174563,0.0,0.10610328638497653,0.0,0.0,0.0,0.014770527027842562,0.02177370781736965,0.0,-0.6896713615023474,0.0,0.0,0.0,0.00013335610724962352,0.0005596104421950882,0.0
356,order1,frame_drop_5,19,True,1,caption,True,0.10737160593271255,0.13162773451983686,0.0,0.0,0.0,0.0,0.0,0.0,0.6051167964404894,0.0,0.0,0.0,0.0,0.0,0.0,0.47348906192065254,0.0,0.0,0.0,0.0,0.0,0.0
133,order1,frame_drop_5,20,True,1,question,True,0.10935445129871368,0.624813153961136,0.5377501865529943,1.0,1.0,0.8162803614242661,0.8186887609132958,0.5422471827368307,0.6337817638266069,0.5446843001702514,1.0,1.0,0.8159734250377427,0.8183561372050057,0.5499945824641523,0.008968609865470878,0.006934113617257043,0.0,0.0,-0.00030693638652334876,-0.0003326237082901251,0.0077473997273216355
68,order1,frame_drop_5,21,True,1,question,True,0.1127694621682167,0.703125,0.43735857606548834,1.0,0.0,0.6166311429690697,0.6151034237956258,0.4473479445786369,0.5921052631578947,0.38099401509426695,1.0,0.0,0.6378171675185769,0.6366439752824103,0.39178090786609865,-0.11101973684210531,-0.05636456097122139,0.0,0.0,0.021186024549507132,0.021540551486784576,-0.055567036712538265
324,order1,frame_drop_5,22,True,1,question,True,0.1167307049036026,0.16058394160583941,0.10157967240690323,0.0,0.0,0.6336312933160916,0.6250898207372443,0.10853223285425256,0.16793893129770993,0.10720797526653002,0.0,0.0,0.6391901727508434,0.6303071396945821,0.11441927471871334,0.0073549896918705115,0.005628302859626788,0.0,0.0,0.005558879434751862,0.005217318957337791,0.005887041864460776
642,order1,frame_drop_5,23,True,1,question,True,0.10987219214439392,0.3756906077348066,0.010969711202988041,0.0,0.0,0.10278707834881082,0.11449146395515127,0.015590550858897604,0.41450777202072536,0.010929049947548997,0.0,0.0,0.09721069552430973,0.10854395979626041,0.01635287861553272,0.03881716428591875,-4.0661255439044044e-05,0.0,0.0,-0.005576382824501083,-0.005947504158890851,0.0007623277566351158
543,order1,frame_drop_5,24,True,1,caption,True,0.10898548364639282,0.0,0.0,0.0,0.0,0.6074101651218524,0.609245799506232,0.0,0.2867132867132867,0.17484993566907311,0.0,0.0,0.6088589391773457,0.6105353974423496,0.17589259873671126,0.2867132867132867,0.17484993566907311,0.0,0.0,0.0014487740554932627,0.0012895979361176035,0.17589259873671126
567,order1,frame_drop_5,25,True,1,caption,True,0.11047599464654922,0.6756756756756757,0.0,0.0,0.0,0.0,0.0,0.0,0.6226415094339622,0.0,0.0,0.0,0.0,0.0,0.0,-0.05303416624171342,0.0,0.0,0.0,0.0,0.0,0.0
40,order1,frame_drop_5,26,True,1,caption,True,0.10974269360303879,0.918918918918919,0.8059289860854927,1.0,1.0,0.8607511076479133,0.8773024090604163,0.8191395779808511,0.918918918918919,0.8050204599277336,1.0,1.0,0.8599892730770341,0.8766184941725704,0.8182794876992993,0.0,-0.0009085261577590487,0.0,0.0,-0.000761834570879194,-0.0006839148878459156,-0.000860090281551873
401,order1,frame_drop_5,27,True,1,caption,True,0.11998672783374786,0.6046296296296296,0.351535423028795,1.0,0.0,0.5880691810729901,0.5898912823733289,0.3530770668428637,0.649074074074074,0.4003863994080228,1.0,0.0,0.5979217512874315,0.5997300378119856,0.4021299313530561,0.0444444444444444,0.048850976379227806,0.0,0.0,0.009852570214441414,0.009838755438656754,0.04905286451019236
34,order1,frame_drop_5,28,True,1,caption,True,0.11495310068130493,0.45187165775401067,0.3813030772921877,1.0,0.0,0.7887123925398225,0.7973110199253279,0.3939556169011966,0.516042780748663,0.4381871125081405,1.0,0.0,0.7943135013687543,0.8024778397128177,0.45118336443153517,0.06417112299465239,0.05688403521595281,0.0,0.0,0.005601108828931833,0.005166819787489785,0.057227747530338546
485,order1,frame_drop_5,29,True,1,question,True,0.12491017580032349,0.8975308641975308,0.34543257499849306,1.0,0.0,0.39709250740372287,0.39332028453651063,0.34640995938278035,0.998766954377312,0.40181316710455683,1.0,0.0,0.4023092327429575,0.39907278489648346,0.3961384261840093,0.10123609017978119,0.056380592106063776,0.0,0.0,0.005216725339234618,0.005752500359972823,0.04972846680122894
377,order1,frame_drop_5,30,True,1,caption,True,0.16033528745174408,0.05365853658536585,0.028152846528592023,0.0,0.0,0.4610789815137424,0.45121372606096416,0.029037934487951146,0.5348837209302325,0.26898892815875564,0.0,0.0,0.4770527767636148,0.4678731682806043,0.23486417726720077,0.48122518434486666,0.24083608163016362,0.0,0.0,0.015973795249872413,0.016659442219640164,0.20582624277924963
609,order1,frame_drop_5,31,True,1,caption,False,0.16033528745174408,0.0,0.0,0.0,0.0,0.74441763569341,0.74689838844363,0.0,0.13716814159292035,0.10500643886891653,0.0,0.0,0.765530812399198,0.7690714936487066,0.10178887415938764,0.13716814159292035,0.10500643886891653,0.0,0.0,0.02111317670578794,0.02217310520507665,0.10178887415938764
620,order1,frame_drop_5,32,True,2,caption,True,0.1571357548236847,0.345679012345679,0.2790872214933736,0.0,0.0,0.7999528102521051,0.7829747751959908,0.27963384828428245,0.32967032967032966,0.26604913427372556,0.0,0.0,0.8070157072969675,0.7918491977867959,0.2474528743083737,-0.01600868267534933,-0.013038087219648054,0.0,0.0,0.007062897044862404,0.008874422590805064,-0.032180973975908744
65,order1,frame_drop_5,33,True,2,caption,True,0.15882916748523712,0.08237547892720307,0.02787744210787474,0.0,0.0,0.3163483647893612,0.3333223544459308,0.02752202926617777,0.08634538152610442,0.02947429579660797,0.0,0.0,0.3190912892763211,0.33625758524412724,0.029099214107664858,0.0039699025989013564,0.0015968536887332324,0.0,0.0,0.0027429244869598968,0.0029352307981964643,0.0015771848414870872
238,order1,frame_drop_5,34,True,2,question,True,0.16092438995838165,0.0,0.0,0.0,0.0,0.8861363106177821,0.877404441168681,0.0,0.0,0.0,0.0,0.0,0.8804548587962683,0.8678019332399519,0.0,0.0,0.0,0.0,0.0,-0.0056814518215138055,-0.009602507928729076,0.0
94,order1,frame_drop_5,35,True,2,caption,True,0.16217473149299622,0.3776634827332844,0.19489361665347288,0.0,0.0,0.48656088708493744,0.4876826296694778,0.1986621995764087,0.7509184423218221,0.37718246079466133,1.0,0.0,0.49593848466495777,0.4971106358687451,0.377806113460635,0.37325495958853777,0.18228884414118846,1.0,0.0,0.009377597580020325,0.009428006199267314,0.17914391388422626
588,order1,frame_drop_5,36,True,2,question,True,0.16219109296798706,0.0,0.0,0.0,0.0,0.0,0.0,0.0,0.0,0.0,0.0,0.0,0.0,0.0,0.0,0.0,0.0,0.0,0.0,0.0,0.0,0.0
544,order1,frame_drop_5,37,True,2,question,True,0.17432446777820587,0.7769784172661871,0.4170049157320818,1.0,0.0,0.5367007711736979,0.5131524032732653,0.39473261790251174,0.7152317880794702,0.39066014119789466,1.0,0.0,0.5462007529711305,0.5225634527222796,0.3732596090873425,-0.06174662918671692,-0.026344774534187154,0.0,0.0,0.00949998179743261,0.009411049449014275,-0.021473008815169226
138,order1,frame_drop_5,38,True,2,question,True,0.17296260595321655,0.7160385626643295,0.5475342234876314,1.0,1.0,0.7872041671747554,0.7853797625026612,0.547604935716847,0.8761061946902655,0.6888901939189771,1.0,1.0,0.7899120693075153,0.788264161684235,0.6940094640429517,0.160067632025936,0.14135597043134573,0.0,0.0,0.002707902132759954,0.0028843991815737935,0.14640452832610473
650,order1,frame_drop_5,39,True,2,caption,True,0.18006961047649384,0.3177842565597668,0.0024309802229784106,0.0,0.0,0.0024407249400188054,0.003569874857119687,0.003569874857119687,0.7376093294460642,0.0031169697481184017,0.0,0.0,0.0032649035795350584,0.00450923394719837,0.004306406399842502,0.4198250728862974,0.0006859895251399911,0.0,0.0,0.000824178639516253,0.0009393590900786826,0.0007365315427228145
169,order1,frame_drop_5,40,True,2,question,True,0.18007351458072662,0.0,0.0,0.0,0.0,0.24794396658442366,0.37027780088782003,0.0,0.0,0.0,0.0,0.0,0.24074994069257682,0.3591674156408444,0.0,0.0,0.0,0.0,0.0,-0.007194025891846839,-0.011110385246975607,0.0
663,order1,frame_drop_5,41,True,2,question,True,0.18098878860473633,0.8517618469015796,0.35124780114610754,1.0,0.0,0.40692721805627896,0.4026196542110811,0.3457822689573244,0.896032831737346,0.3603595741253526,1.0,0.0,0.4205573751197163,0.41633230833008833,0.3606435922190387,0.044270984835766414,0.009111772979245036,0.0,0.0,0.013630157063437343,0.01371265411900724,0.014861323261714299
623,order1,frame_drop_5,42,True,2,caption,True,0.18236489593982697,0.8161209068010076,0.09946066249002632,0.0,0.0,0.14001421581092033,0.13780660820714175,0.09632298975310273,0.8463476070528967,0.12408191235437241,0.0,0.0,0.15929140074730905,0.15332529999930006,0.1178032262457306,0.030226700251889116,0.024621249864346093,0.0,0.0,0.01927718493638872,0.015518691792158312,0.02148023649262787
44,order1,frame_drop_5,43,True,2,question,True,0.18236416578292847,0.8921832884097035,0.0,0.0,0.0,0.0,0.0,0.0,0.8652291105121294,0.0,0.0,0.0,0.0,0.0,0.0,-0.02695417789757415,0.0,0.0,0.0,0.0,0.0,0.0
119,order1,frame_drop_5,44,True,2,caption,True,0.18591085076332092,0.10236220472440945,0.0032899152427704487,0.0,0.0,0.015183773550104893,0.07265786910961894,0.018991783446902152,0.016149068322981366,0.0032403220371232284,0.0,0.0,0.05952591812594692,0.10471874540327594,0.005284643401301286,-0.08621313640142808,-4.959320564722029e-05,0.0,0.0,0.04434214457584203,0.032060876293657004,-0.013707140045600866
648,order1,frame_drop_5,45,True,2,question,True,0.1957881897687912,0.11023622047244094,0.0,0.0,0.0,0.0,0.0,0.0,0.10526315789473684,0.0,0.0,0.0,0.0,0.0,0.0,-0.004973062577704107,0.0,0.0,0.0,0.0,0.0,0.0
418,order1,frame_drop_5,46,True,2,question,True,0.19472505152225494,0.0,0.0,0.0,0.0,0.9083872447260742,0.9084664006456594,0.0,0.2386058981233244,0.21534877348161444,0.0,0.0,0.9025291293105864,0.9025969646265392,0.21490403919679504,0.2386058981233244,0.21534877348161444,0.0,0.0,-0.005858115415487863,-0.005869436019120267,0.21490403919679504
447,order1,frame_drop_5,47,True,2,question,False,0.19472505152225494,0.6338797814207651,0.5287337576421265,1.0,1.0,0.8363539927638844,0.8413870003808838,0.5344661908916126,0.653551912568306,0.5486539508376418,1.0,1.0,0.8397747417548764,0.8448322046486723,0.5547473451481025,0.01967213114754096,0.0199201931955153,0.0,0.0,0.003420748990991984,0.003445204267788493,0.02028115425648991
400,order1,frame_drop_5,48,True,3,question,True,0.19473008811473846,0.37160493827160496,0.2568504416278933,0.0,0.0,0.6470344649441296,0.6468998196020962,0.2607572264363015,0.45308641975308644,0.31912707810794616,1.0,0.0,0.6665133825907407,0.6663078391615639,0.3216933995048456,0.08148148148148149,0.06227663648005288,1.0,0.0,0.019478917646611027,0.019408019559467693,0.0609361730685441
339,order1,frame_drop_5,49,True,3,caption,True,0.20815518498420715,0.1461794019933555,0.0,0.0,0.0,0.035687952306709285,0.08802328901906029,0.0,0.22591362126245848,0.003717533567634452,0.0,0.0,0.034172171436148056,0.08922842070513119,0.012501268958143248,0.07973421926910298,0.003717533567634452,0.0,0.0,-0.0015157808705612286,0.0012051316860709066,0.012501268958143248
512,order1,frame_drop_5,50,True,3,caption,True,0.2041397988796234,0.0,0.0,0.0,0.0,0.5965770879402217,0.5979964782957151,0.0,0.0,0.0,0.0,0.0,0.6055830958878181,0.6070039583061473,0.0,0.0,0.0,0.0,0.0,0.009006007947596428,0.009007480010432167,0.0
600,order1,frame_drop_5,51,True,3,caption,True,0.21017080545425415,0.0,0.0,0.0,0.0,0.31035763508571895,0.30012035757860395,0.0,0.017326732673267328,0.0024391621723502677,0.0,0.0,0.32892531042033435,0.3234955510591856,0.006855074037835841,0.017326732673267328,0.0024391621723502677,0.0,0.0,0.018567675334615397,0.023375193480581646,0.006855074037835841
346,order1,frame_drop_5,52,True,3,caption,True,0.21018588542938232,0.18859649122807018,0.15057347236490168,0.0,0.0,0.7935100819136883,0.7940602213310187,0.16795221653488354,0.17916666666666667,0.14581699322814032,0.0,0.0,0.8097114079564711,0.8100224594430181,0.16264087694298518,-0.00942982456140351,-0.00475647913676136,0.0,0.0,0.016201326042782793,0.01596223811199937,-0.005311339591898362
258,order1,frame_drop_5,53,True,3,caption,True,0.2115221619606018,0.0,0.0,0.0,0.0,0.7913396196546368,0.7773530287941726,0.0,0.0,0.0,0.0,0.0,0.7882229478370588,0.7734597542084867,0.0,0.0,0.0,0.0,0.0,-0.0031166718175780206,-0.003893274585685891,0.0
564,order1,frame_drop_5,54,True,3,question,True,0.23210439085960388,0.7592592592592593,0.0,0.0,0.0,0.0,0.0,0.0,0.7592592592592593,0.0,0.0,0.0,0.0,0.0,0.0,0.0,0.0,0.0,0.0,0.0,0.0,0.0
206,order1,frame_drop_5,55,True,3,caption,True,0.23597806692123413,0.9172056921086675,0.5399674390411061,1.0,1.0,0.5730621214539727,0.575470086323483,0.543258978644478,0.9016817593790427,0.5459941881951421,1.0,1.0,0.5902753012115813,0.59273044880128,0.5489453203740227,-0.015523932729624823,0.006026749154036004,0.0,0.0,0.01721317975760861,0.017260362477797053,0.005686341729544631
492,order1,frame_drop_5,56,True,3,question,True,0.24749848246574402,0.8473895582329317,0.4631795659638544,1.0,0.0,0.549317710307062,0.5406823851471848,0.4634420444118727,0.7753623188405797,0.4466156400981348,1.0,0.0,0.5760089563882487,0.5674041106313106,0.4346074038878123,-0.072027239392352,-0.016563925865719586,0.0,0.0,0.02669124608118667,0.02672172548412577,-0.028834640524060373
243,order1,frame_drop_5,57,True,3,caption,True,0.2478950321674347,0.9668874172185431,0.79134027860329,1.0,1.0,0.8169193228914647,0.8155311341123458,0.784984770870809,0.9933774834437086,0.8106309448226654,1.0,1.0,0.81575523289325,0.8144727359673709,0.8037559894414844,0.026490066225165476,0.019290666219375363,0.0,0.0,-0.0011640899982147124,-0.0010583981449748814,0.01877121857067543
359,order1,frame_drop_5,58,True,3,question,True,0.2532103955745697,0.7004830917874396,0.48202811243106597,1.0,0.0,0.7028560508124894,0.707375344096621,0.4886106021425118,0.5845410628019324,0.41319436111191427,1.0,0.0,0.7158357036184939,0.7191046537112298,0.417961851429544,-0.1159420289855072,-0.0688337513191517,0.0,0.0,0.012979652806004549,0.01172930961460883,-0.07064875071296778
132,order1,frame_drop_5,59,True,3,question,True,0.25330695509910583,0.0,0.0,0.0,0.0,0.07697198541469791,0.08574305841072585,0.0,0.0,0.0,0.0,0.0,0.07782464847145588,0.08614990223862291,0.0,0.0,0.0,0.0,0.0,0.0008526630567579768,0.0004068438278970604,0.0
419,order1,frame_drop_5,60,True,3,question,True,0.24371464550495148,0.27807486631016043,0.0837757702088745,0.0,0.0,0.11608564396858531,0.11372440650288843,0.08139366751690695,0.3422459893048128,0.08872917021635925,0.0,0.0,0.12157670489256892,0.1191156226850086,0.0872210249987807,0.06417112299465239,0.004953400007484746,0.0,0.0,0.005491060923983604,0.00539121618212017,0.0058273574818737545
490,order1,frame_drop_5,61,True,3,question,True,0.23863543570041656,0.9473684210526315,0.7696078104619404,1.0,1.0,0.7987299518021904,0.8064017614438804,0.8064017614438804,0.8947368421052632,0.7469249214951854,1.0,1.0,0.8173339715742306,0.8240352646285537,0.7821908125875736,-0.05263157894736836,-0.022682888966754966,0.0,0.0,0.01860401977204018,0.01763350318467327,-0.024210948856306813
441,order1,frame_drop_5,62,True,3,caption,True,0.2298770695924759,0.0,0.0,0.0,0.0,0.4135514523588121,0.4245430129841238,0.0,0.08632040965618142,0.03481613976228835,0.0,0.0,0.40002369313595626,0.4097899855450595,0.036157939901034664,0.08632040965618142,0.03481613976228835,0.0,0.0,-0.013527759222855817,-0.014753027439064259,0.036157939901034664
538,order1,frame_drop_5,63,True,3,caption,True,0.24060176312923431,0.37890625,0.150053050888555,0.0,0.0,0.3960162992522689,0.3961527574485083,0.14672324349944754,0.3716475095785441,0.1539836250718909,0.0,0.0,0.41432707364704663,0.4162578570966298,0.15136649348968356,-0.0072587404214559115,0.003930574183335894,0.0,0.0,0.01831077439477774,0.020105099648121516,0.00464324999023602
44,order2,frame_drop_5,0,True,0,question,True,8.373403397854418e-05,0.8921832884097035,0.0,0.0,0.0,0.0,0.0,0.0,0.8652291105121294,0.0,0.0,0.0,0.0,0.0,0.0,-0.02695417789757415,0.0,0.0,0.0,0.0,0.0,0.0
180,order2,frame_drop_5,1,True,0,question,True,0.021220030263066292,0.8137931034482758,0.0,0.0,0.0,0.0,0.0,0.0,0.8489208633093526,0.0,0.0,0.0,0.0,0.0,0.0,0.035127759861076746,0.0,0.0,0.0,0.0,0.0,0.0
642,order2,frame_drop_5,2,True,0,question,True,0.0696355327963829,0.3756906077348066,0.010969711202988041,0.0,0.0,0.10278707834881082,0.11449146395515127,0.015590550858897604,0.41450777202072536,0.013864505033736726,0.0,0.0,0.10313217057616832,0.1147920875388166,0.020372478320558694,0.03881716428591875,0.002894793830748685,0.0,0.0,0.0003450922273574991,0.00030062358366533815,0.00478192746166109
138,order2,frame_drop_5,3,True,0,question,True,0.06968054175376892,0.7160385626643295,0.5475342234876314,1.0,1.0,0.7872041671747554,0.7853797625026612,0.547604935716847,0.8761061946902655,0.6865646811317879,1.0,1.0,0.7872906114386095,0.7855083661736555,0.6915695796157562,0.160067632025936,0.13903045764415656,0.0,0.0,8.644426385406856e-05,0.00012860367099432057,0.14396464389890917
159,order2,frame_drop_5,4,True,0,question,True,0.06961679458618164,0.0,0.0,0.0,0.0,0.04396916754586041,0.04133592294797103,0.0,0.2616279069767442,0.01348299730696555,0.0,0.0,0.0515350119288461,0.049818166477671504,0.013047615029866347,0.2616279069767442,0.01348299730696555,0.0,0.0,0.007565844382985694,0.008482243529700471,0.013047615029866347
12,order2,frame_drop_5,5,True,0,question,True,0.0696062222123146,0.37142857142857144,0.17874770087704953,0.0,0.0,0.47773590184836634,0.47485992876181077,0.17756396458770843,0.6571428571428571,0.3142468127898047,1.0,0.0,0.47820167163665933,0.47532957547550597,0.29708098467219124,0.2857142857142857,0.13549911191275518,1.0,0.0,0.0004657697882929912,0.0004696467136952043,0.11951702008448281
1,order2,frame_drop_5,6,True,0,caption,True,0.07170871645212173,0.7910447761194029,0.4288288730325635,1.0,0.0,0.53206545357744,0.5249160488714408,0.39368703665358057,0.6708860759493671,0.3631246831448878,1.0,0.0,0.5312379623786322,0.5241830366690676,0.33697480928725776,-0.12015870017003583,-0.06570418988767568,0.0,0.0,-0.0008274911988077616,-0.0007330122023732066,-0.05671222736632281
507,order2,frame_drop_5,7,True,0,caption,True,0.0674917921423912,0.0,0.0,0.0,0.0,0.2505409305091652,0.28885035573032264,0.0,0.0,0.0,0.0,0.0,0.15662648382540562,0.1764148363268885,0.0,0.0,0.0,0.0,0.0,-0.09391444668375959,-0.11243551940343413,0.0
206,order2,frame_drop_5,8,True,0,caption,True,0.07026740908622742,0.9172056921086675,0.5399674390411061,1.0,1.0,0.5730621214539727,0.575470086323483,0.543258978644478,0.9016817593790427,0.534111655066053,1.0,1.0,0.5760064133327587,0.5784220559394622,0.5370210344736351,-0.015523932729624823,-0.005855783975053153,0.0,0.0,0.002944291878785976,0.002951969615979211,-0.006237944170842891
68,order2,frame_drop_5,9,True,0,question,True,0.07040704041719437,0.703125,0.43735857606548834,1.0,0.0,0.6166311429690697,0.6151034237956258,0.4473479445786369,0.5921052631578947,0.3750729321077273,1.0,0.0,0.6279489810629476,0.6265673962623983,0.3855799361614759,-0.11101973684210531,-0.06228564395776104,0.0,0.0,0.011317838093877874,0.011463972466772554,-0.06176800841716101
169,order2,frame_drop_5,10,True,0,question,True,0.07034137845039368,0.0,0.0,0.0,0.0,0.24794396658442366,0.37027780088782003,0.0,0.0,0.0,0.0,0.0,0.24309266603476448,0.3630497947023425,0.0,0.0,0.0,0.0,0.0,-0.004851300549659182,-0.007228006185477531,0.0
418,order2,frame_drop_5,11,True,0,question,True,0.06879004836082458,0.0,0.0,0.0,0.0,0.9083872447260742,0.9084664006456594,0.0,0.2386058981233244,0.21620274795142677,0.0,0.0,0.9061081459087886,0.9060976009008418,0.21573752402400997,0.2386058981233244,0.21620274795142677,0.0,0.0,-0.0022790988172856075,-0.002368799744817629,0.21573752402400997
567,order2,frame_drop_5,12,True,0,caption,True,0.08383914083242416,0.6756756756756757,0.0,0.0,0.0,0.0,0.0,0.0,0.6226415094339622,0.0,0.0,0.0,0.0,0.0,0.0,-0.05303416624171342,0.0,0.0,0.0,0.0,0.0,0.0
332,order2,frame_drop_5,13,True,0,caption,True,0.08510956913232803,0.20224719101123595,0.019647254270494387,0.0,0.0,0.034834668382326774,0.03330488860370326,0.019281777612670307,0.18181818181818182,0.017650848749441214,0.0,0.0,0.03484833936908847,0.03330101708362012,0.01744338990094387,-0.020429009193054126,-0.0019964055210531725,0.0,0.0,1.3670986761693538e-05,-3.871520083138791e-06,-0.001838387711726435
324,order2,frame_drop_5,14,True,0,question,True,0.08730406314134598,0.16058394160583941,0.10157967240690323,0.0,0.0,0.6336312933160916,0.6250898207372443,0.10853223285425256,0.16793893129770993,0.10635945830016395,0.0,0.0,0.6345014042959443,0.6256101091700428,0.11353603639583429,0.0073549896918705115,0.004779785893260724,0.0,0.0,0.0008701109798526785,0.0005202884327984991,0.005003803541581725
346,order2,frame_drop_5,15,True,0,caption,True,0.08731581270694733,0.18859649122807018,0.15057347236490168,0.0,0.0,0.7935100819136883,0.7940602213310187,0.16795221653488354,0.17916666666666667,0.1438401260081936,0.0,0.0,0.7981057501420716,0.7985412105933014,0.160431472158441,-0.00942982456140351,-0.006733346356708081,0.0,0.0,0.0045956682283833095,0.004480989262282686,-0.00752074437644254
3,order2,frame_drop_5,16,True,1,caption,True,0.08731896430253983,0.0,0.0,0.0,0.0,0.05225489674125184,0.09128540687347282,0.0,0.0,0.0,0.0,0.0,0.05286797255325364,0.09116255742966019,0.0,0.0,0.0,0.0,0.0,0.0006130758120017968,-0.00012284944381263374,0.0
490,order2,frame_drop_5,17,True,1,question,True,0.08506935834884644,0.9473684210526315,0.7696078104619404,1.0,1.0,0.7987299518021904,0.8064017614438804,0.8064017614438804,0.8947368421052632,0.7348714144979247,1.0,1.0,0.8064365066553812,0.8146024302366812,0.7720802857089463,-0.05263157894736836,-0.034736395964015676,0.0,0.0,0.007706554853190828,0.008200668792800792,-0.03432147573493416
359,order2,frame_drop_5,18,True,1,question,True,0.09052116423845291,0.7004830917874396,0.48202811243106597,1.0,0.0,0.7028560508124894,0.707375344096621,0.4886106021425118,0.5845410628019324,0.4045767099532328,1.0,0.0,0.7053727793664505,0.7099487411613734,0.4092229462455627,-0.1159420289855072,-0.07745140247783316,0.0,0.0,0.002516728553961123,0.0025733970647524584,-0.07938765589694907
588,order2,frame_drop_5,19,True,1,question,True,0.09054121375083923,0.0,0.0,0.0,0.0,0.0,0.0,0.0,0.0,0.0,0.0,0.0,0.0,0.0,0.0,0.0,0.0,0.0,0.0,0.0,0.0,0.0
650,order2,frame_drop_5,20,True,1,caption,True,0.09635268151760101,0.3177842565597668,0.0024309802229784106,0.0,0.0,0.0024407249400188054,0.003569874857119687,0.003569874857119687,0.7376093294460642,0.0026639691761700178,0.0,0.0,0.0027169947433870103,0.003968279368195444,0.003858478943193983,0.4198250728862974,0.0002329889531916072,0.0,0.0,0.00027626980336820485,0.0003984045110757566,0.0002886040860742957
356,order2,frame_drop_5,21,True,1,caption,True,0.09635360538959503,0.13162773451983686,0.0,0.0,0.0,0.0,0.0,0.0,0.6051167964404894,0.0,0.0,0.0,0.0,0.0,0.0,0.47348906192065254,0.0,0.0,0.0,0.0,0.0,0.0
485,order2,frame_drop_5,22,True,1,question,True,0.10752417892217636,0.8975308641975308,0.34543257499849306,1.0,0.0,0.39709250740372287,0.39332028453651063,0.34640995938278035,0.998766954377312,0.396045241489604,1.0,0.0,0.3965341862321838,0.3931031285812354,0.390212664400491,0.10123609017978119,0.05061266649111096,0.0,0.0,-0.000558321171539089,-0.0002171559552752167,0.043802705017710664
132,order2,frame_drop_5,23,True,1,question,True,0.11029846221208572,0.0,0.0,0.0,0.0,0.07697198541469791,0.08574305841072585,0.0,0.0,0.0,0.0,0.0,0.07661750172867914,0.08536687226927722,0.0,0.0,0.0,0.0,0.0,-0.0003544836860187722,-0.00037618614144863116,0.0
600,order2,frame_drop_5,24,True,1,caption,True,0.11788105219602585,0.0,0.0,0.0,0.0,0.31035763508571895,0.30012035757860395,0.0,0.017326732673267328,0.002375461717150708,0.0,0.0,0.3176329381205868,0.31052171461646005,0.006731729481363904,0.017326732673267328,0.002375461717150708,0.0,0.0,0.007275303034867842,0.010401357037856107,0.006731729481363904
41,order2,frame_drop_5,25,True,1,caption,True,0.13383209705352783,0.06842105263157895,0.008596452788920848,0.0,0.0,0.2187016673253777,0.22049673332533895,0.014889410294825139,0.2723404255319149,0.06497437493792028,0.0,0.0,0.23857778297517604,0.24035120490468484,0.06609658134878833,0.20391937290033596,0.056377922148999435,0.0,0.0,0.019876115649798326,0.01985447157934589,0.05120717105396319
617,order2,frame_drop_5,26,True,1,question,True,0.13385361433029175,0.9842105263157894,0.018779107138111477,0.0,0.0,0.018779107138111477,0.019564007015261183,0.019564007015261183,0.9353233830845771,0.019265592520009082,0.0,0.0,0.02038096892906224,0.021399296249635668,0.020140514117304158,-0.04888714323121235,0.0004864853818976056,0.0,0.0,0.0016018617909507628,0.0018352892343744855,0.0005765071020429752
34,order2,frame_drop_5,27,True,1,caption,True,0.12785856425762177,0.45187165775401067,0.3813030772921877,1.0,0.0,0.7887123925398225,0.7973110199253279,0.3939556169011966,0.516042780748663,0.4385403765313175,1.0,0.0,0.7956529959653221,0.8037298916295723,0.45148477928000424,0.06417112299465239,0.05723729923912979,0.0,0.0,0.006940603425499625,0.006418871704244378,0.05752916237880762
312,order2,frame_drop_5,28,True,1,question,True,0.1324145793914795,0.6138888888888889,0.3746231733909883,1.0,0.0,0.6023554737115625,0.6028005144120295,0.3761726646658261,0.6652777777777777,0.40687206789527247,1.0,0.0,0.6030535994988936,0.6033926294415655,0.40722177116957403,0.05138888888888882,0.0322488945042842,0.0,0.0,0.0006981257873310831,0.0005921150295359334,0.031049106503747925
94,order2,frame_drop_5,29,True,1,caption,True,0.13490106165409088,0.3776634827332844,0.19489361665347288,0.0,0.0,0.48656088708493744,0.4876826296694778,0.1986621995764087,0.7509184423218221,0.3753946262756853,1.0,0.0,0.493475064251939,0.4947221889972882,0.3760746672842272,0.37325495958853777,0.18050100962221244,1.0,0.0,0.006914177167001545,0.0070395593278104185,0.17741246770781852
544,order2,frame_drop_5,30,True,1,question,True,0.14379002153873444,0.7769784172661871,0.4170049157320818,1.0,0.0,0.5367007711736979,0.5131524032732653,0.39473261790251174,0.7152317880794702,0.38877853177205995,1.0,0.0,0.5435699842368616,0.5199687829232669,0.3714062735166192,-0.06174662918671692,-0.02822638396002186,0.0,0.0,0.006869213063163793,0.006816379650001592,-0.02332634438589254
83,order2,frame_drop_5,31,True,1,question,True,0.14733049273490906,0.5846153846153846,0.4464398223635428,1.0,0.0,0.7680238372879137,0.7665091766359763,0.4456939638716949,0.42153846153846153,0.319435759062022,1.0,0.0,0.7643169408093357,0.7628391455479167,0.32114544753875024,-0.16307692307692312,-0.1270040633015208,0.0,0.0,-0.0037068964785780256,-0.003670031088059633,-0.12454851633294467
171,order2,frame_drop_5,32,True,2,question,True,0.14903855323791504,0.05434782608695652,0.017981109465188858,0.0,0.0,0.330852414159475,0.3204153537920937,0.017226631924306113,0.0,0.0,0.0,0.0,0.35928733421265324,0.3457214948470525,0.0,-0.05434782608695652,-0.017981109465188858,0.0,0.0,0.02843492005317827,0.02530614105495882,-0.017226631924306113
339,order2,frame_drop_5,33,True,2,caption,True,0.16317951679229736,0.1461794019933555,0.0,0.0,0.0,0.035687952306709285,0.08802328901906029,0.0,0.22591362126245848,0.0035471641995451554,0.0,0.0,0.03217004837873327,0.08795424478546462,0.01221648200770133,0.07973421926910298,0.0035471641995451554,0.0,0.0,-0.0035179039279760183,-6.904423359566092e-05,0.01221648200770133
258,order2,frame_drop_5,34,True,2,caption,True,0.1640344262123108,0.0,0.0,0.0,0.0,0.7913396196546368,0.7773530287941726,0.0,0.0,0.0,0.0,0.0,0.7851518805895953,0.7703095723642994,0.0,0.0,0.0,0.0,0.0,-0.006187739065041553,-0.007043456429873141,0.0
24,order2,frame_drop_5,35,True,2,caption,True,0.1563110500574112,0.36283185840707965,0.3450325896347605,1.0,0.0,0.9207617273460583,0.9159203789152093,0.3541614481974979,0.012145748987854251,0.011100054280015568,0.0,0.0,0.9214510092705877,0.9182025137630836,0.017874786041485288,-0.3506861094192254,-0.33393253535474493,-1.0,0.0,0.000689281924529328,0.0022821348478743175,-0.3362866621560126
538,order2,frame_drop_5,36,True,2,caption,True,0.16371582448482513,0.37890625,0.150053050888555,0.0,0.0,0.3960162992522689,0.3961527574485083,0.14672324349944754,0.3716475095785441,0.14764886145768616,0.0,0.0,0.39728198804593906,0.3973561478827818,0.14449314468464794,-0.0072587404214559115,-0.0024041894308688416,0.0,0.0,0.0012656887936701722,0.001203390434273477,-0.0022300988147996026
564,order2,frame_drop_5,37,True,2,question,True,0.1849067360162735,0.7592592592592593,0.0,0.0,0.0,0.0,0.0,0.0,0.7592592592592593,0.0,0.0,0.0,0.0,0.0,0.0,0.0,0.0,0.0,0.0,0.0,0.0,0.0
243,order2,frame_drop_5,38,True,2,caption,True,0.1853775829076767,0.9668874172185431,0.79134027860329,1.0,1.0,0.8169193228914647,0.8155311341123458,0.784984770870809,0.9933774834437086,0.8105079674270343,1.0,1.0,0.815628053850204,0.8143553538261137,0.8036401518020858,0.026490066225165476,0.01916768882374431,0.0,0.0,-0.0012912690412607564,-0.0011757802862321087,0.018655380931276833
400,order2,frame_drop_5,39,True,2,question,True,0.185380756855011,0.37160493827160496,0.2568504416278933,0.0,0.0,0.6470344649441296,0.6468998196020962,0.2607572264363015,0.45308641975308644,0.31637448779666727,1.0,0.0,0.6612808067735163,0.661028919567848,0.3189833218797862,0.08148148148148149,0.05952404616877399,1.0,0.0,0.014246341829386666,0.014129099965751846,0.05822609544348467
623,order2,frame_drop_5,40,True,2,caption,True,0.1924726516008377,0.8161209068010076,0.09946066249002632,0.0,0.0,0.14001421581092033,0.13780660820714175,0.09632298975310273,0.8463476070528967,0.13097009549834654,0.0,0.0,0.1670563600830652,0.15994906111577015,0.12371565657590276,0.030226700251889116,0.03150943300832022,0.0,0.0,0.02704214427214488,0.0221424529086284,0.027392666822800033
512,order2,frame_drop_5,41,True,2,caption,True,0.18854454159736633,0.0,0.0,0.0,0.0,0.5965770879402217,0.5979964782957151,0.0,0.0,0.0,0.0,0.0,0.6013211404233203,0.6026584627874607,0.0,0.0,0.0,0.0,0.0,0.004744052483098615,0.004661984491745597,0.0
562,order2,frame_drop_5,42,True,2,caption,True,0.20122146606445312,0.3023255813953488,0.2038402634010472,0.0,0.0,0.6847041319925602,0.6652576401700446,0.21996561411288032,0.36538461538461536,0.25508861875463834,0.0,0.0,0.6997334178597273,0.6781661978517111,0.2637312991645543,0.06305903398926654,0.05124835535359115,0.0,0.0,0.01502928586716712,0.012908557681666433,0.04376568505167397
65,order2,frame_drop_5,43,True,2,caption,True,0.19959786534309387,0.08237547892720307,0.02787744210787474,0.0,0.0,0.3163483647893612,0.3333223544459308,0.02752202926617777,0.08634538152610442,0.029452793196580555,0.0,0.0,0.31885850025863294,0.3361785654253577,0.02909237585411749,0.0039699025989013564,0.0015753510887058161,0.0,0.0,0.002510135469271757,0.0028562109794268986,0.001570346587939718
371,order2,frame_drop_5,44,True,2,caption,True,0.2018091380596161,0.675,0.0002937924063547062,0.0,0.0,0.000427334409243209,0.0,0.0,0.8709677419354839,0.0003905547558047328,0.0,0.0,0.0004402617247253352,0.0,0.0,0.19596774193548383,9.676234945002661e-05,0.0,0.0,1.2927315482126188e-05,0.0,0.0
119,order2,frame_drop_5,45,True,2,caption,True,0.20389702916145325,0.10236220472440945,0.0032899152427704487,0.0,0.0,0.015183773550104893,0.07265786910961894,0.018991783446902152,0.016149068322981366,0.0004600315540569112,0.0,0.0,0.013038136210371308,0.06156466769930919,0.0027431511186356583,-0.08621313640142808,-0.0028298836887135376,0.0,0.0,-0.0021456373397335856,-0.011093201410309748,-0.016248632328266493
582,order2,frame_drop_5,46,True,2,question,True,0.20276464521884918,0.4393939393939394,0.31631723921871074,1.0,0.0,0.6735913185861618,0.7162017735351749,0.3262384833355203,0.4603174603174603,0.33417355163694934,1.0,0.0,0.6796684014642941,0.7229894519375853,0.34499084526153884,0.0209235209235209,0.017856312418238596,0.0,0.0,0.006077082878132245,0.0067876784024104575,0.018752361926018535
377,order2,frame_drop_5,47,True,2,caption,True,0.2299821674823761,0.05365853658536585,0.028152846528592023,0.0,0.0,0.4610789815137424,0.45121372606096416,0.029037934487951146,0.5348837209302325,0.2799637741986034,0.0,0.0,0.4956391892547066,0.4924073828118624,0.2472354739947669,0.48122518434486666,0.2518109276700114,0.0,0.0,0.034560207740964244,0.041193656750898255,0.21819753950681575
419,order2,frame_drop_5,48,True,3,question,True,0.2187163233757019,0.27807486631016043,0.0837757702088745,0.0,0.0,0.11608564396858531,0.11372440650288843,0.08139366751690695,0.3422459893048128,0.08801922906954576,0.0,0.0,0.11985331265297923,0.11751393681861266,0.08652051733640492,0.06417112299465239,0.004243458860671262,0.0,0.0,0.0037676686843939183,0.0037895303157242377,0.005126849819497972
648,order2,frame_drop_5,49,True,3,question,True,0.2256333827972412,0.11023622047244094,0.0,0.0,0.0,0.0,0.0,0.0,0.10526315789473684,0.0,0.0,0.0,0.0,0.0,0.0,-0.004973062577704107,0.0,0.0,0.0,0.0,0.0,0.0
133,order2,frame_drop_5,50,True,3,question,True,0.22766126692295074,0.624813153961136,0.5377501865529943,1.0,1.0,0.8162803614242661,0.8186887609132958,0.5422471827368307,0.6337817638266069,0.5446457842919544,1.0,1.0,0.8162372367656114,0.8185990999093028,0.5499196653615706,0.008968609865470878,0.006895597738960091,0.0,0.0,-4.312465865463633e-05,-8.966100399299126e-05,0.007672482624739851
238,order2,frame_drop_5,51,True,3,question,True,0.2205643355846405,0.0,0.0,0.0,0.0,0.8861363106177821,0.877404441168681,0.0,0.0,0.0,0.0,0.0,0.8710270344619392,0.8574435221331685,0.0,0.0,0.0,0.0,0.0,-0.015109276155842899,-0.019960919035512448,0.0
401,order2,frame_drop_5,52,True,3,caption,True,0.23058748245239258,0.6046296296296296,0.351535423028795,1.0,0.0,0.5880691810729901,0.5898912823733289,0.3530770668428637,0.649074074074074,0.40664896587099225,1.0,0.0,0.6079990997381673,0.6096920458200445,0.4083126514918357,0.0444444444444444,0.05511354284219727,0.0,0.0,0.019929918665177238,0.019800763446715663,0.05523558464897199
447,order2,frame_drop_5,53,True,3,question,False,0.23058748245239258,0.6338797814207651,0.5287337576421265,1.0,1.0,0.8363539927638844,0.8413870003808838,0.5344661908916126,0.653551912568306,0.5479101486289296,1.0,1.0,0.8385022869761525,0.8435507503333003,0.5539939431094932,0.01967213114754096,0.019176390986803127,0.0,0.0,0.0021482942122680315,0.002163749952416527,0.019527752217880612
620,order2,frame_drop_5,54,True,3,caption,True,0.22577759623527527,0.345679012345679,0.2790872214933736,0.0,0.0,0.7999528102521051,0.7829747751959908,0.27963384828428245,0.32967032967032966,0.26599814657992815,0.0,0.0,0.806861044625782,0.7947866860574897,0.24837083939296553,-0.01600868267534933,-0.013089074913445464,0.0,0.0,0.006908234373676936,0.011811910861498909,-0.03126300889131692
663,order2,frame_drop_5,55,True,3,question,True,0.22657188773155212,0.8517618469015796,0.35124780114610754,1.0,0.0,0.40692721805627896,0.4026196542110811,0.3457822689573244,0.896032831737346,0.3649417161033657,1.0,0.0,0.4254633847272673,0.421229196266389,0.36525081169732465,0.044270984835766414,0.013693914957258135,0.0,0.0,0.01853616667098834,0.018609542055307904,0.01946854274000026
534,order2,frame_drop_5,56,True,3,question,True,0.2319130003452301,0.795774647887324,0.0,0.0,0.0,0.014637170920592938,0.021214097375174563,0.0,0.10610328638497653,0.0,0.0,0.0,0.014813265700059303,0.02236743785335311,0.0,-0.6896713615023474,0.0,0.0,0.0,0.00017609477946636462,0.001153340478178548,0.0
143,order2,frame_drop_5,57,True,3,caption,True,0.2372620403766632,0.0,0.0,0.0,0.0,0.6330189229096419,0.6326506826345796,0.0,0.16827852998065765,0.11018266272725487,0.0,0.0,0.6699467733579634,0.6697409318614309,0.11384999733380001,0.16827852998065765,0.11018266272725487,0.0,0.0,0.036927850448321475,0.037090249226851335,0.11384999733380001
543,order2,frame_drop_5,58,True,3,caption,True,0.23370245099067688,0.0,0.0,0.0,0.0,0.6074101651218524,0.609245799506232,0.0,0.2867132867132867,0.1735617531875311,0.0,0.0,0.602663044360046,0.6043772424992997,0.1746620567504765,0.2867132867132867,0.1735617531875311,0.0,0.0,-0.004747120761806389,-0.004868557006932339,0.1746620567504765
550,order2,frame_drop_5,59,True,3,caption,True,0.23425118625164032,0.4931506849315068,0.278032556938443,0.0,0.0,0.565947198746263,0.5613421267548189,0.27494308249215615,0.4883720930232558,0.27801016116676186,0.0,0.0,0.5692589014367029,0.5651828096727336,0.2659683810224629,-0.004778591908251029,-2.2395771681116283e-05,0.0,0.0,0.0033117026904398994,0.0038406829179147284,-0.008974701469693258
40,order2,frame_drop_5,60,True,3,caption,True,0.23278801143169403,0.918918918918919,0.8059289860854927,1.0,1.0,0.8607511076479133,0.8773024090604163,0.8191395779808511,0.918918918918919,0.8012435060338494,1.0,1.0,0.856200072051166,0.8730021541219027,0.8146614247693206,0.0,-0.004685480051643265,0.0,0.0,-0.004551035596747299,-0.0043002549385136035,-0.004478153211530556
609,order2,frame_drop_5,61,True,3,caption,False,0.23278801143169403,0.0,0.0,0.0,0.0,0.74441763569341,0.74689838844363,0.0,0.13716814159292035,0.10703849724363942,0.0,0.0,0.7803451734536293,0.7844142936867534,0.1038195388703056,0.13716814159292035,0.10703849724363942,0.0,0.0,0.035927537760219286,0.037515905243123426,0.1038195388703056
492,order2,frame_drop_5,62,True,3,question,True,0.24368780851364136,0.8473895582329317,0.4631795659638544,1.0,0.0,0.549317710307062,0.5406823851471848,0.4634420444118727,0.7753623188405797,0.44526528452583264,1.0,0.0,0.5742673763043449,0.5655687548746654,0.43320159947846715,-0.072027239392352,-0.017914281438021762,0.0,0.0,0.024949665997282877,0.024886369727480595,-0.030240444933405553
441,order2,frame_drop_5,63,True,3,caption,True,0.23369215428829193,0.0,0.0,0.0,0.0,0.4135514523588121,0.4245430129841238,0.0,0.08632040965618142,0.034464018526716975,0.0,0.0,0.39589802568794136,0.4062167925367215,0.03584265816500484,0.08632040965618142,0.034464018526716975,0.0,0.0,-0.01765342667087072,-0.018326220447402286,0.03584265816500484
550,order1,frame_freeze_5,0,True,0,caption,True,0.0086276950314641,0.4311377245508982,0.24257046870205398,0.0,0.0,0.5647959444402679,0.5602863052118976,0.2401227022336704,0.4311377245508982,0.24257046870205398,0.0,0.0,0.5647959444402679,0.5602863052118976,0.2401227022336704,0.0,0.0,0.0,0.0,0.0,0.0,0.0
12,order1,frame_freeze_5,1,True,0,question,True,0.013937069103121758,0.45,0.222895858277297,0.0,0.0,0.4930021118780069,0.4894287540583842,0.21910927693540325,0.575,0.2836177017959035,0.0,0.0,0.4932481770363539,0.48967275371710584,0.27204041873172546,0.12499999999999994,0.060721843518606516,0.0,0.0,0.0002460651583469642,0.00024399965872162754,0.05293114179632222
24,order1,frame_freeze_5,2,True,0,caption,True,0.01825314573943615,0.36283185840707965,0.3450428947073206,1.0,0.0,0.9207591621654182,0.9159133995704448,0.3541700857580837,0.012145748987854251,0.011012587506852144,0.0,0.0,0.9209240891178996,0.9161080224645229,0.017765780803503647,-0.3506861094192254,-0.33403030720046845,-1.0,0.0,0.00016492695248138123,0.0001946228940781225,-0.33640430495458
41,order1,frame_freeze_5,3,True,0,caption,True,0.02910001575946808,0.0,0.0,0.0,0.0,0.21995855918410537,0.22182042053100898,0.0,0.25296442687747034,0.055493333901574446,0.0,0.0,0.21937208557966148,0.2212489729523386,0.05659857447617964,0.25296442687747034,0.055493333901574446,0.0,0.0,-0.0005864736044438879,-0.0005714475786703643,0.05659857447617964
371,order1,frame_freeze_5,4,True,0,caption,True,0.0335838757455349,0.675,0.0002937924063547062,0.0,0.0,0.000427334409243209,0.0,0.0,0.8709677419354839,0.00041168193829526414,0.0,0.0,0.000464077821351025,0.0,0.0,0.19596774193548383,0.00011788953194055794,0.0,0.0,3.674341210781597e-05,0.0,0.0
312,order1,frame_freeze_5,5,True,0,question,False,0.0335838757455349,0.6337962962962963,0.3995922423251221,1.0,0.0,0.6142877742149161,0.615119720998048,0.40104194068806576,0.6402777777777777,0.40619315156265795,1.0,0.0,0.61423999037872,0.615056982975848,0.40673365279452317,0.0064814814814814214,0.006600909237535868,0.0,0.0,-4.778383619608029e-05,-6.273802220002622e-05,0.005691712106457414
83,order1,frame_freeze_5,6,True,0,question,True,0.03376804292201996,0.6307692307692307,0.4813913663678057,1.0,0.0,0.769065721870716,0.7675406471304242,0.4797863717496383,0.20051282051282052,0.1566643625240782,0.0,0.0,0.7697354352875151,0.7682074426554995,0.1597793760502819,-0.43025641025641026,-0.32472700384372755,-1.0,0.0,0.0006697134167991114,0.0006667955250752033,-0.3200069956993564
582,order1,frame_freeze_5,7,True,0,question,True,0.032076410949230194,0.5507246376811594,0.3956864487164799,1.0,0.0,0.6741324681836325,0.7176206593272398,0.40561167701104855,0.5757575757575758,0.4140671875493017,1.0,0.0,0.674776157487751,0.7183540069554518,0.4244819132009488,0.025032938076416378,0.01838073883282182,0.0,0.0,0.000643689304118511,0.0007333476282119777,0.018870236189900247
1,order1,frame_freeze_5,8,True,0,caption,True,0.04305264353752136,0.7910447761194029,0.4288288730325635,1.0,0.0,0.53206545357744,0.5249160488714408,0.39368703665358057,0.6708860759493671,0.3672290382750925,1.0,0.0,0.5372424819209687,0.5304390720331001,0.34099654630699294,-0.12015870017003583,-0.061599834757470995,0.0,0.0,0.005177028343528733,0.005523023161659313,-0.052690490346587626
562,order1,frame_freeze_5,9,True,0,caption,True,0.05510486289858818,0.3023255813953488,0.2038402634010472,0.0,0.0,0.6847041319925602,0.6652576401700446,0.21996561411288032,0.36538461538461536,0.2506549371246603,0.0,0.0,0.6879220222273781,0.6678400440112996,0.25971557267106093,0.06305903398926654,0.046814673723613115,0.0,0.0,0.0032178902348178884,0.0025824038412549655,0.039749958558180615
180,order1,frame_freeze_5,10,True,0,question,True,0.060197051614522934,0.8137931034482758,0.0,0.0,0.0,0.0,0.0,0.0,0.8489208633093526,0.0,0.0,0.0,0.0,0.0,0.0,0.035127759861076746,0.0,0.0,0.0,0.0,0.0,0.0
159,order1,frame_freeze_5,11,True,0,question,True,0.05963502824306488,0.0,0.0,0.0,0.0,0.04722982170615857,0.04096645943948825,0.0,0.2616279069767442,0.009534557809527267,0.0,0.0,0.03644319873863755,0.033872347816901245,0.008871329190140803,0.2616279069767442,0.009534557809527267,0.0,0.0,-0.010786622967521017,-0.007094111622587003,0.008871329190140803
507,order1,frame_freeze_5,12,True,0,caption,True,0.07364548742771149,0.0,0.0,0.0,0.0,0.29104151835451797,0.3400013526238823,0.0,0.0,0.0,0.0,0.0,0.3030704019051001,0.3567160466144489,0.0,0.0,0.0,0.0,0.0,0.012028883550582126,0.016714693990566576,0.0
143,order1,frame_freeze_5,13,True,0,caption,True,0.08299066871404648,0.0,0.0,0.0,0.0,0.6311898924393096,0.6307218937173296,0.0,0.0,0.0,0.0,0.0,0.6435332239063998,0.6431333273928265,0.0,0.0,0.0,0.0,0.0,0.012343331467090213,0.012411433675496908,0.0
171,order1,frame_freeze_5,14,True,0,question,True,0.08750270307064056,0.053763440860215055,0.02187814545476295,0.0,0.0,0.4069335054585909,0.38979721433651526,0.020733894379601873,0.0,0.0,0.0,0.0,0.39534363185444144,0.3770992171281214,0.0,-0.053763440860215055,-0.02187814545476295,0.0,0.0,-0.011589873604149481,-0.012697997208393874,-0.020733894379601873
617,order1,frame_freeze_5,15,True,0,question,True,0.08754435181617737,0.9842105263157894,0.018809678243207662,0.0,0.0,0.018809678243207662,0.01957779850365208,0.01957779850365208,0.9353233830845771,0.01861221726256173,0.0,0.0,0.019689766683025828,0.020575754272933802,0.019365415786290637,-0.04888714323121235,-0.0001974609806459325,0.0,0.0,0.0008800884398181656,0.0009979557692817234,-0.00021238271736144163
3,order1,frame_freeze_5,16,True,1,caption,True,0.08749132603406906,0.0,0.0,0.0,0.0,0.0510241094200544,0.089504388933253,0.0,0.0,0.0,0.0,0.0,0.052283037361673584,0.09014127635286646,0.0,0.0,0.0,0.0,0.0,0.0012589279416191854,0.0006368874196134577,0.0
332,order1,frame_freeze_5,17,True,1,caption,True,0.08860931545495987,0.20224719101123595,0.01960743600489614,0.0,0.0,0.034773964896139264,0.03324879655046943,0.019249303266061252,0.18181818181818182,0.017615075761574044,0.0,0.0,0.03480421889924266,0.03325865747327771,0.01742120153362166,-0.020429009193054126,-0.001992360243322097,0.0,0.0,3.0254003103392935e-05,9.860922808281603e-06,-0.0018281017324395903
534,order1,frame_freeze_5,18,True,1,question,True,0.0907108336687088,0.795774647887324,0.0,0.0,0.0,0.01448064933691677,0.020980774176238365,0.0,0.11243781094527364,0.0,0.0,0.0,0.014616952368631298,0.021523227097187386,0.0,-0.6833368369420504,0.0,0.0,0.0,0.00013630303171452765,0.0005424529209490207,0.0
356,order1,frame_freeze_5,19,True,1,caption,True,0.09071482717990875,0.6051167964404894,0.0,0.0,0.0,0.0,0.0,0.0,0.6140155728587319,0.0,0.0,0.0,0.0,0.0,0.0,0.008898776418242438,0.0,0.0,0.0,0.0,0.0,0.0
133,order1,frame_freeze_5,20,True,1,question,True,0.0926608070731163,0.6337817638266069,0.5448387967840275,1.0,1.0,0.8156176219748416,0.8187848787055013,0.550201300711146,0.25759840558046837,0.18899885444182454,0.0,0.0,0.8155002026122001,0.8186196863810602,0.19037086351656682,-0.3761833582461385,-0.35583994234220295,-1.0,-1.0,-0.00011741936264142439,-0.0001651923244411213,-0.3598304371945792
68,order1,frame_freeze_5,21,True,1,question,True,0.09818141907453537,0.703125,0.43673974554713807,1.0,0.0,0.615740460883028,0.6142247109367491,0.44670888068127207,0.5921052631578947,0.3795837067422284,1.0,0.0,0.6354346386164397,0.6342437624028203,0.39030385378635096,-0.11101973684210531,-0.05715603880490966,0.0,0.0,0.019694177733411644,0.02001905146607119,-0.056405026894921106
324,order1,frame_freeze_5,22,True,1,question,True,0.10216028243303299,0.16058394160583941,0.10157967240690323,0.0,0.0,0.6336312933160916,0.6250898207372443,0.10853223285425256,0.16793893129770993,0.10703050482590487,0.0,0.0,0.6379194497418319,0.6289423529503604,0.114200696715817,0.0073549896918705115,0.005450832419001642,0.0,0.0,0.004288156425740319,0.0038525322131161,0.0056684638615644295
642,order1,frame_freeze_5,23,True,1,question,True,0.11669783294200897,0.4623115577889447,0.029003554697763022,0.0,0.0,0.11863425870192629,0.12852954112395085,0.034632327950916024,0.5077720207253886,0.03167994454889139,0.0,0.0,0.11412383409766035,0.12407293074922673,0.03621705378145234,0.0454604629364439,0.0026763898511283704,0.0,0.0,-0.004510424604265942,-0.004456610374724113,0.0015847258305363154
543,order1,frame_freeze_5,24,True,1,caption,True,0.11964545398950577,0.0,0.0,0.0,0.0,0.5795130659533873,0.5794070669194212,0.0,0.2715654952076677,0.16132664205425337,0.0,0.0,0.5911002883966239,0.5902562771505362,0.16227032218595494,0.2715654952076677,0.16132664205425337,0.0,0.0,0.011587222443236622,0.010849210231114959,0.16227032218595494
567,order1,frame_freeze_5,25,True,1,caption,True,0.1337769776582718,0.8048780487804879,0.0,0.0,0.0,0.0,0.0,0.0,0.6226415094339622,0.0,0.0,0.0,0.0,0.0,0.0,-0.18223653934652562,0.0,0.0,0.0,0.0,0.0,0.0
40,order1,frame_freeze_5,26,True,1,caption,True,0.13308455049991608,0.9459459459459459,0.831659308826556,1.0,1.0,0.8624245352215096,0.8794698356278153,0.8499754840733115,0.9797297297297297,0.8606991828103621,1.0,1.0,0.8606991828103621,0.877706701283794,0.877706701283794,0.03378378378378377,0.02903987398380603,0.0,0.0,-0.0017253524111475738,-0.001763134344021311,0.02773121721048255
401,order1,frame_freeze_5,27,True,1,caption,True,0.142535001039505,0.6296296296296297,0.3705967183375129,1.0,0.0,0.592773658491121,0.5948584759500591,0.37254629811487333,0.700462962962963,0.4346462321440242,1.0,0.0,0.6031452580906065,0.6052352138403934,0.4352382622006716,0.0708333333333333,0.0640495138065113,0.0,0.0,0.010371599599485526,0.01037673789033422,0.06269196408579825
34,order1,frame_freeze_5,28,True,1,caption,True,0.13747307658195496,0.8021390374331551,0.6290169092641079,1.0,1.0,0.7819173478679396,0.7909115443854174,0.6448397740316909,0.91,0.7238714320157166,1.0,1.0,0.7876282260571036,0.7961283064690259,0.7242659553839561,0.10786096256684496,0.09485452275160866,0.0,0.0,0.005710878189163937,0.005216762083608439,0.0794261813522652
485,order1,frame_freeze_5,29,True,1,question,True,0.1452733278274536,0.9049382716049382,0.3498493182276296,1.0,0.0,0.39753460020743936,0.3936577770268243,0.3504141807649392,0.998766954377312,0.40081878212968886,1.0,0.0,0.40131362013231814,0.3980007679064414,0.3950742916718352,0.09382868277237377,0.05096946390205925,0.0,0.0,0.0037790199248787792,0.004342990879617092,0.04466011090689603
377,order1,frame_freeze_5,30,True,1,caption,False,0.1452733278274536,0.07586206896551724,0.03997441561581037,0.0,0.0,0.46319727120468285,0.4544569064878637,0.04092771008036106,0.15862068965517243,0.08050771707776945,0.0,0.0,0.4804025365501965,0.4728246667682896,0.07596537113816496,0.08275862068965519,0.04053330146195908,0.0,0.0,0.017205265345513643,0.018367760280425915,0.0350376610578039
609,order1,frame_freeze_5,31,True,1,caption,False,0.1452733278274536,0.0,0.0,0.0,0.0,0.7435990757271205,0.7461051735852385,0.0,0.13716814159292035,0.10493524094170731,0.0,0.0,0.7650117565427694,0.7684691490459561,0.10170915207961183,0.13716814159292035,0.10493524094170731,0.0,0.0,0.021412680815648955,0.022363975460717556,0.10170915207961183
620,order1,frame_freeze_5,32,True,2,caption,True,0.14131957292556763,0.345679012345679,0.2790872214933736,0.0,0.0,0.7999528102521051,0.7829747751959908,0.27963384828428245,0.32967032967032966,0.2654938421475007,0.0,0.0,0.8053313211807521,0.7901058017623843,0.24690806305074509,-0.01600868267534933,-0.013593379345872902,0.0,0.0,0.005378510928647051,0.007131026566393528,-0.03272578523353736
65,order1,frame_freeze_5,33,True,2,caption,True,0.1427987664937973,0.08237547892720307,0.02787744210787474,0.0,0.0,0.3163483647893612,0.3333223544459308,0.02752202926617777,0.08634538152610442,0.029286875083971188,0.0,0.0,0.317062256343862,0.33411153464453275,0.028913498190392257,0.0039699025989013564,0.0014094329760964489,0.0,0.0,0.0007138915545008007,0.0007891801986019686,0.001391468924214486
238,order1,frame_freeze_5,34,True,2,question,True,0.1449672281742096,0.0,0.0,0.0,0.0,0.8861363106177821,0.877404441168681,0.0,0.0,0.0,0.0,0.0,0.8804242705411129,0.8674639928958564,0.0,0.0,0.0,0.0,0.0,-0.005712040076669145,-0.009940448272824587,0.0
94,order1,frame_freeze_5,35,True,2,caption,True,0.1410180926322937,0.6098457016899339,0.2950954202180716,0.0,0.0,0.48406698329514053,0.48520937652991863,0.296859494313287,0.6245407788390889,0.30763358379589745,1.0,0.0,0.4924616823594334,0.49369865148412234,0.31009022127712854,0.014695077149154967,0.012538163577825834,1.0,0.0,0.008394699064292854,0.008489274954203707,0.013230726963841533
588,order1,frame_freeze_5,36,True,2,question,True,0.1410365253686905,0.0,0.0,0.0,0.0,0.0,0.0,0.0,0.0,0.0,0.0,0.0,0.0,0.0,0.0,0.0,0.0,0.0,0.0,0.0,0.0,0.0
544,order1,frame_freeze_5,37,True,2,question,True,0.14260290563106537,0.15220483641536273,0.08006001759162618,0.0,0.0,0.5211314108047519,0.4952630832018198,0.07988114245190642,0.1436241610738255,0.07738090834614199,0.0,0.0,0.5337849696099609,0.510877210666336,0.07740563797974787,-0.008580675341537225,-0.0026791092454841875,0.0,0.0,0.01265355880520902,0.015614127464516181,-0.0024755044721585517
138,order1,frame_freeze_5,38,True,2,question,True,0.14315450191497803,0.7541412380122058,0.582174556970287,1.0,1.0,0.7892563546310074,0.7875312420513132,0.580236155681938,0.7380530973451327,0.5710765871865281,1.0,1.0,0.7909292107371266,0.789485174408936,0.5780446238250323,-0.016088140667073092,-0.011097969783758876,0.0,0.0,0.0016728561061192249,0.0019539323576227563,-0.002191531856905682
650,order1,frame_freeze_5,39,True,2,caption,True,0.14804156124591827,0.7376093294460642,0.002350305665093919,0.0,0.0,0.0023596366195190966,0.003469517163501966,0.0034695171635019664,0.8775510204081632,0.002691767143712258,0.0,0.0,0.0027122931548238106,0.003909049854779371,0.003909049854779371,0.13994169096209907,0.0003414614786183389,0.0,0.0,0.000352656535304714,0.00043953269127740497,0.00043953269127740453
169,order1,frame_freeze_5,40,True,2,question,True,0.1480846107006073,0.0,0.0,0.0,0.0,0.24794396658442366,0.37027780088782003,0.0,0.0,0.0,0.0,0.0,0.24117794619837388,0.35981952770321146,0.0,0.0,0.0,0.0,0.0,-0.006766020386049787,-0.010458273184608569,0.0
663,order1,frame_freeze_5,41,True,2,question,True,0.14876899123191833,0.8663426488456865,0.3378451084857859,1.0,0.0,0.38726184631644833,0.38399412560833196,0.33291077787234863,0.9616963064295485,0.3805546327816267,1.0,0.0,0.3944173824195719,0.3911544843606506,0.38132488369626805,0.09535365758386205,0.042709524295840795,0.0,0.0,0.007155536103123583,0.00716035875231863,0.04841410582391942
623,order1,frame_freeze_5,42,True,2,caption,True,0.14229132235050201,0.6794871794871795,0.07696162394492956,0.0,0.0,0.1468301997628782,0.141754207912662,0.07356749590563441,0.7871794871794872,0.10091463288249779,0.0,0.0,0.1712693893797705,0.15902475390430898,0.1036052806865905,0.10769230769230764,0.02395300893756823,0.0,0.0,0.024439189616892287,0.017270545991646985,0.03003778478095609
44,order1,frame_freeze_5,43,True,2,question,True,0.14229227602481842,0.9624664879356568,0.0,0.0,0.0,0.0,0.0,0.0,0.9088471849865952,0.0,0.0,0.0,0.0,0.0,0.0,-0.05361930294906159,0.0,0.0,0.0,0.0,0.0,0.0
119,order1,frame_freeze_5,44,True,2,caption,True,0.13941384851932526,0.10743801652892562,0.0034281496971042473,0.0,0.0,0.015063521589435885,0.07174003864647999,0.019752672064267347,0.016029593094944512,0.0,0.0,0.0,0.0,0.0,0.0,-0.09140842343398112,-0.0034281496971042473,0.0,0.0,-0.015063521589435885,-0.07174003864647999,-0.019752672064267347
648,order1,frame_freeze_5,45,True,2,question,True,0.1498609483242035,0.0423728813559322,0.0,0.0,0.0,0.0,0.0,0.0,0.04032258064516129,0.0,0.0,0.0,0.0,0.0,0.0,-0.0020503007107709123,0.0,0.0,0.0,0.0,0.0,0.0
418,order1,frame_freeze_5,46,True,2,question,True,0.14893127977848053,0.0,0.0,0.0,0.0,0.9335346566599798,0.9335509057470905,0.0,0.2386058981233244,0.22195300495063464,0.0,0.0,0.930207537602098,0.9301535608521238,0.22146513353621994,0.2386058981233244,0.22195300495063464,0.0,0.0,-0.0033271190578818555,-0.0033973448949667917,0.22146513353621994
447,order1,frame_freeze_5,47,True,2,question,False,0.14893127977848053,0.6240437158469946,0.5207743758560821,1.0,1.0,0.8411553153300325,0.846415332484293,0.5261497707549087,0.6207650273224044,0.5210265422676428,1.0,1.0,0.8433603489431347,0.8486691742412782,0.5250161459421474,-0.003278688524590234,0.00025216641156067254,0.0,0.0,0.002205033613102203,0.0022538417569851754,-0.001133624812761247
400,order1,frame_freeze_5,48,True,3,question,True,0.14893420040607452,0.8530864197530864,0.5683589376447943,1.0,1.0,0.6507727785755247,0.651229921047404,0.5714447452936453,0.920332936979786,0.6152123460289064,1.0,1.0,0.6671134468409804,0.6674878408971717,0.6120649484537884,0.06724651722669961,0.046853408384112116,0.0,0.0,0.01634066826545566,0.016257919849767766,0.04062020316014314
339,order1,frame_freeze_5,49,True,3,caption,True,0.1637038141489029,0.10888252148997135,0.0,0.0,0.0,0.03652616954883027,0.08800093981156398,0.0,0.14326647564469913,0.0,0.0,0.0,0.035590630347856075,0.0889380198814013,0.0,0.03438395415472778,0.0,0.0,0.0,-0.0009355392009741947,0.0009370800698373233,0.0
512,order1,frame_freeze_5,50,True,3,caption,True,0.1579952836036682,0.0,0.0,0.0,0.0,0.5953084278844262,0.5966975701409968,0.0,0.0,0.0,0.0,0.0,0.6040229607173591,0.6053442987425396,0.0,0.0,0.0,0.0,0.0,0.008714532832932886,0.008646728601542808,0.0
600,order1,frame_freeze_5,51,True,3,caption,True,0.15229469537734985,0.0,0.0,0.0,0.0,0.2985431996649934,0.2911071736539096,0.0,0.0,0.0,0.0,0.0,0.3097959382720611,0.30710768244984427,0.0,0.0,0.0,0.0,0.0,0.011252738607067714,0.016000508795934676,0.0
346,order1,frame_freeze_5,52,True,3,caption,True,0.15230999886989594,0.18859649122807018,0.15057347236490168,0.0,0.0,0.7935100819136883,0.7940602213310187,0.16795221653488354,0.17916666666666667,0.14503373537421302,0.0,0.0,0.8050985412031609,0.8054514336795385,0.1617631375847813,-0.00942982456140351,-0.0055397369906886595,0.0,0.0,0.011588459289472608,0.011391212348519808,-0.006189078950102234
258,order1,frame_freeze_5,53,True,3,caption,True,0.15155130624771118,0.0,0.0,0.0,0.0,0.8250178084130497,0.8142124717847194,0.0,0.0,0.0,0.0,0.0,0.8242838294704328,0.8146816305649465,0.0,0.0,0.0,0.0,0.0,-0.000733978942616953,0.0004691587802270192,0.0
564,order1,frame_freeze_5,54,True,3,question,True,0.17268289625644684,0.5148148148148148,0.0,0.0,0.0,0.0,0.0,0.0,0.5592592592592592,0.0,0.0,0.0,0.0,0.0,0.0,0.0444444444444444,0.0,0.0,0.0,0.0,0.0,0.0
206,order1,frame_freeze_5,55,True,3,caption,True,0.1757647842168808,0.9715394566623544,0.5581881915798944,1.0,1.0,0.569442373812898,0.5717476423242097,0.5605936226778849,0.9560155239327296,0.5626081255779348,1.0,1.0,0.57931917443095,0.5816542848381809,0.5649289050825894,-0.015523932729624823,0.004419933998040415,0.0,0.0,0.009876800618052073,0.00990664251397122,0.004335282404704488
492,order1,frame_freeze_5,56,True,3,question,True,0.1879238486289978,0.8473895582329317,0.4631795659638544,1.0,0.0,0.549317710307062,0.5406823851471848,0.4634420444118727,0.7753623188405797,0.4413657150707837,1.0,0.0,0.5692380250445621,0.5605240334571486,0.4293375575416458,-0.072027239392352,-0.021813850893070696,0.0,0.0,0.01992031473750011,0.019841648309963822,-0.03410448687022688
243,order1,frame_freeze_5,57,True,3,caption,True,0.18816082179546356,0.9139072847682119,0.7484570810675633,1.0,1.0,0.816799370561126,0.8153727235474105,0.7423176653124081,0.9845132743362832,0.8030372466185794,1.0,1.0,0.815517476299666,0.8141682287417253,0.8141682287417253,0.07060598956807129,0.05458016555101619,0.0,0.0,-0.0012818942614599704,-0.0012044948056851856,0.07185056342931728
359,order1,frame_freeze_5,58,True,3,question,True,0.1925494223833084,0.8743961352657005,0.6253279567487379,1.0,1.0,0.7171383242805545,0.7256169147215208,0.6339131933508049,0.8454106280193237,0.611348133182118,1.0,1.0,0.7261129819687342,0.7343209182780546,0.6210544319535941,-0.02898550724637683,-0.013979823566619864,0.0,0.0,0.008974657688179732,0.00870400355653378,-0.01285876139721076
132,order1,frame_freeze_5,59,True,3,question,True,0.19296687841415405,0.0,0.0,0.0,0.0,0.07763396100067746,0.08676138634127271,0.0,0.0,0.0,0.0,0.0,0.07794885724025039,0.08677266646431894,0.0,0.0,0.0,0.0,0.0,0.000314896239572926,1.1280123046228385e-05,0.0
419,order1,frame_freeze_5,60,True,3,question,True,0.18297754228115082,0.21390374331550802,0.0752036630396842,0.0,0.0,0.11602740625267893,0.11368419587643361,0.07641913510842417,0.3422459893048128,0.08862468798375639,0.0,0.0,0.12118295750784158,0.11843142313625624,0.0868674368764655,0.1283422459893048,0.013421024944072185,0.0,0.0,0.005155551255162649,0.004747227259822628,0.010448301768041332
490,order1,frame_freeze_5,61,True,3,question,True,0.17727191746234894,0.9473684210526315,0.7696078104619404,1.0,1.0,0.7987299518021904,0.8064017614438804,0.8064017614438804,0.8947368421052632,0.7472693338258963,1.0,1.0,0.8180819811365417,0.824985691854042,0.7829189006437963,-0.05263157894736836,-0.022338476636044047,0.0,0.0,0.019352029334351317,0.018583930410161598,-0.023482860800084104
441,order1,frame_freeze_5,62,True,3,caption,True,0.17113161087036133,0.0,0.0,0.0,0.0,0.4115971557214102,0.4231018517703971,0.0,0.09031318281136198,0.03649652810756832,0.0,0.0,0.4041107507394461,0.4135269378261811,0.03613342175180223,0.09031318281136198,0.03649652810756832,0.0,0.0,-0.007486404981964123,-0.009574913944216001,0.03613342175180223
538,order1,frame_freeze_5,63,True,3,caption,True,0.1768007129430771,0.3356401384083045,0.12539912631406533,0.0,0.0,0.37361182994602965,0.37366849242704814,0.12251425981214693,0.3356401384083045,0.12638761239797472,0.0,0.0,0.37655690704138856,0.3757231236209627,0.1231879093839222,0.0,0.00098848608390939,0.0,0.0,0.0029450770953589056,0.00205463119391458,0.0006736495717752644
44,order2,frame_freeze_5,0,True,0,question,True,1.7695039787213318e-05,0.9624664879356568,0.0,0.0,0.0,0.0,0.0,0.0,0.9088471849865952,0.0,0.0,0.0,0.0,0.0,0.0,-0.05361930294906159,0.0,0.0,0.0,0.0,0.0,0.0
180,order2,frame_freeze_5,1,True,0,question,True,0.02120966650545597,0.8137931034482758,0.0,0.0,0.0,0.0,0.0,0.0,0.8489208633093526,0.0,0.0,0.0,0.0,0.0,0.0,0.035127759861076746,0.0,0.0,0.0,0.0,0.0,0.0
642,order2,frame_freeze_5,2,True,0,question,True,0.09250114858150482,0.4623115577889447,0.029003554697763022,0.0,0.0,0.11863425870192629,0.12852954112395085,0.034632327950916024,0.5077720207253886,0.03471082817892614,0.0,0.0,0.11888397082884318,0.12875363946924417,0.039324572334858546,0.0454604629364439,0.005707273481163115,0.0,0.0,0.0002497121269168928,0.00022409834529332762,0.004692244383942522
138,order2,frame_freeze_5,3,True,0,question,True,0.09318101406097412,0.7541412380122058,0.582174556970287,1.0,1.0,0.7892563546310074,0.7875312420513132,0.580236155681938,0.7380530973451327,0.5698976512884595,1.0,1.0,0.7894211119657281,0.7877410202498115,0.5766918796628727,-0.016088140667073092,-0.012276905681827488,0.0,0.0,0.00016475733472065546,0.0002097781984983227,-0.0035442760190652622
159,order2,frame_freeze_5,4,True,0,question,True,0.09268530458211899,0.0,0.0,0.0,0.0,0.04722982170615857,0.04096645943948825,0.0,0.2616279069767442,0.014154921026470296,0.0,0.0,0.05410325370117535,0.04708505064700433,0.012331798978977324,0.2616279069767442,0.014154921026470296,0.0,0.0,0.0068734319950167835,0.00611859120751608,0.012331798978977324
12,order2,frame_freeze_5,5,True,0,question,True,0.09316515177488327,0.45,0.222895858277297,0.0,0.0,0.4930021118780069,0.4894287540583842,0.21910927693540325,0.575,0.28398991577792276,0.0,0.0,0.49389550570073526,0.4903150331585023,0.27239724064361237,0.12499999999999994,0.06109405750062577,0.0,0.0,0.00089339382272835,0.0008862791001180703,0.053287963708209124
1,order2,frame_freeze_5,6,True,0,caption,True,0.09466270357370377,0.7910447761194029,0.4288288730325635,1.0,0.0,0.53206545357744,0.5249160488714408,0.39368703665358057,0.6708860759493671,0.3629176387959872,1.0,0.0,0.5309350641644999,0.5238937413359823,0.3367888337159886,-0.12015870017003583,-0.0659112342365763,0.0,0.0,-0.0011303894129400804,-0.001022307535458511,-0.05689820293759196
507,order2,frame_freeze_5,7,True,0,caption,True,0.0891144797205925,0.0,0.0,0.0,0.0,0.29104151835451797,0.3400013526238823,0.0,0.0,0.0,0.0,0.0,0.1621415037967571,0.18295963364572956,0.0,0.0,0.0,0.0,0.0,-0.12890001455776087,-0.15704171897815275,0.0
206,order2,frame_freeze_5,8,True,0,caption,True,0.09168691188097,0.9715394566623544,0.5581881915798944,1.0,1.0,0.569442373812898,0.5717476423242097,0.5605936226778849,0.9560155239327296,0.5568432440767823,1.0,1.0,0.5732868334008018,0.575601071734306,0.5591385226717952,-0.015523932729624823,-0.0013449475031120928,0.0,0.0,0.0038444595879038035,0.003853429410096254,-0.0014551000060897268
68,order2,frame_freeze_5,9,True,0,question,True,0.09195829182863235,0.703125,0.43673974554713807,1.0,0.0,0.615740460883028,0.6142247109367491,0.44670888068127207,0.5921052631578947,0.3770728493222169,1.0,0.0,0.6312598460317057,0.6299644108511381,0.3876704066776234,-0.11101973684210531,-0.05966689622492116,0.0,0.0,0.015519385148677678,0.01573969991438895,-0.059038474003648644
169,order2,frame_freeze_5,10,True,0,question,True,0.09196755290031433,0.0,0.0,0.0,0.0,0.24794396658442366,0.37027780088782003,0.0,0.0,0.0,0.0,0.0,0.24183440808862602,0.36121086115492756,0.0,0.0,0.0,0.0,0.0,-0.00610955849579764,-0.009066939732892465,0.0
418,order2,frame_freeze_5,11,True,0,question,True,0.09053049236536026,0.0,0.0,0.0,0.0,0.9335346566599798,0.9335509057470905,0.0,0.2386058981233244,0.22224433760935125,0.0,0.0,0.93142851604818,0.9313821574097431,0.2217576565261293,0.2386058981233244,0.22224433760935125,0.0,0.0,-0.0021061406117998116,-0.0021687483373474814,0.2217576565261293
567,order2,frame_freeze_5,12,True,0,caption,True,0.10951680690050125,0.8048780487804879,0.0,0.0,0.0,0.0,0.0,0.0,0.6226415094339622,0.0,0.0,0.0,0.0,0.0,0.0,-0.18223653934652562,0.0,0.0,0.0,0.0,0.0,0.0
332,order2,frame_freeze_5,13,True,0,caption,True,0.11015988886356354,0.20224719101123595,0.01960743600489614,0.0,0.0,0.034773964896139264,0.03324879655046943,0.019249303266061252,0.18181818181818182,0.0176553773372321,0.0,0.0,0.034886220659501796,0.03332813825476684,0.017457596228687394,-0.020429009193054126,-0.0019520586676640417,0.0,0.0,0.00011225576336253151,7.934170429740872e-05,-0.0017917070373738575
324,order2,frame_freeze_5,14,True,0,question,True,0.11181671172380447,0.16058394160583941,0.10157967240690323,0.0,0.0,0.6336312933160916,0.6250898207372443,0.10853223285425256,0.16793893129770993,0.10630777381280697,0.0,0.0,0.6341238425352278,0.6250978956477834,0.1134493205522217,0.0073549896918705115,0.00472810140590374,0.0,0.0,0.000492549219136218,8.074910539113134e-06,0.004917087697969141
346,order2,frame_freeze_5,15,True,0,caption,True,0.11182751506567001,0.18859649122807018,0.15057347236490168,0.0,0.0,0.7935100819136883,0.7940602213310187,0.16795221653488354,0.17916666666666667,0.14392072207619824,0.0,0.0,0.7985994016832656,0.7990058160144663,0.1605190899789303,-0.00942982456140351,-0.006652750288703435,0.0,0.0,0.005089319769577272,0.004945594683447574,-0.00743312655595324
3,order2,frame_freeze_5,16,True,1,caption,True,0.11181581020355225,0.0,0.0,0.0,0.0,0.0510241094200544,0.089504388933253,0.0,0.0,0.0,0.0,0.0,0.05169431812950005,0.0891057203599298,0.0,0.0,0.0,0.0,0.0,0.0006702087094456535,-0.00039866857332321315,0.0
490,order2,frame_freeze_5,17,True,1,question,True,0.10966111719608307,0.9473684210526315,0.7696078104619404,1.0,1.0,0.7987299518021904,0.8064017614438804,0.8064017614438804,0.8947368421052632,0.7353221139312549,1.0,1.0,0.8068288166474792,0.8150401587522634,0.7725586377934485,-0.05263157894736836,-0.03428569653068547,0.0,0.0,0.008098864845288767,0.008638397308383006,-0.03384312365043196
359,order2,frame_freeze_5,18,True,1,question,True,0.11434387415647507,0.8743961352657005,0.6253279567487379,1.0,1.0,0.7171383242805545,0.7256169147215208,0.6339131933508049,0.8454106280193237,0.6052424160335407,1.0,1.0,0.7196604743576881,0.7281509441838281,0.614586683012988,-0.02898550724637683,-0.020085540715197192,0.0,0.0,0.0025221500771336336,0.0025340294623072968,-0.01932651033781685
588,order2,frame_freeze_5,19,True,1,question,True,0.1143626943230629,0.0,0.0,0.0,0.0,0.0,0.0,0.0,0.0,0.0,0.0,0.0,0.0,0.0,0.0,0.0,0.0,0.0,0.0,0.0,0.0,0.0
650,order2,frame_freeze_5,20,True,1,caption,True,0.1184619814157486,0.7376093294460642,0.002350305665093919,0.0,0.0,0.0023596366195190966,0.003469517163501966,0.0034695171635019664,0.8775510204081632,0.0026528896211843694,0.0,0.0,0.0026795311030285264,0.003934698280001325,0.003934698280001325,0.13994169096209907,0.00030258395609045023,0.0,0.0,0.0003198944835094298,0.0004651811164993586,0.0004651811164993582
356,order2,frame_freeze_5,21,True,1,caption,True,0.11846430599689484,0.6051167964404894,0.0,0.0,0.0,0.0,0.0,0.0,0.6140155728587319,0.0,0.0,0.0,0.0,0.0,0.0,0.008898776418242438,0.0,0.0,0.0,0.0,0.0,0.0
485,order2,frame_freeze_5,22,True,1,question,True,0.1277022808790207,0.9049382716049382,0.3498493182276296,1.0,0.0,0.39753460020743936,0.3936577770268243,0.3504141807649392,0.998766954377312,0.39633576480134924,1.0,0.0,0.3968250682146842,0.39333080768230433,0.39043866939052263,0.09382868277237377,0.04648644657371964,0.0,0.0,-0.0007095319927551413,-0.0003269693445199784,0.04002448862558344
132,order2,frame_freeze_5,23,True,1,question,True,0.1307697594165802,0.0,0.0,0.0,0.0,0.07763396100067746,0.08676138634127271,0.0,0.0,0.0,0.0,0.0,0.07703089134379844,0.08606067375328974,0.0,0.0,0.0,0.0,0.0,-0.0006030696568790211,-0.000700712587982974,0.0
600,order2,frame_freeze_5,24,True,1,caption,True,0.13647229969501495,0.0,0.0,0.0,0.0,0.2985431996649934,0.2911071736539096,0.0,0.0,0.0,0.0,0.0,0.3065987684165104,0.3038909868908332,0.0,0.0,0.0,0.0,0.0,0.008055568751517028,0.012783813236923625,0.0
41,order2,frame_freeze_5,25,True,1,caption,True,0.1500835120677948,0.0,0.0,0.0,0.0,0.21995855918410537,0.22182042053100898,0.0,0.25296442687747034,0.0609685548719659,0.0,0.0,0.2410163184782402,0.24285330133025482,0.062125263130995416,0.25296442687747034,0.0609685548719659,0.0,0.0,0.021057759294134837,0.02103288079924584,0.062125263130995416
617,order2,frame_freeze_5,26,True,1,question,True,0.15011665225028992,0.9842105263157894,0.018809678243207662,0.0,0.0,0.018809678243207662,0.01957779850365208,0.01957779850365208,0.9353233830845771,0.01944121438191136,0.0,0.0,0.020566758372443067,0.02158221147469938,0.020312669623246477,-0.04888714323121235,0.0006315361387036963,0.0,0.0,0.0017570801292354048,0.002004412971047302,0.0007348711195943984
34,order2,frame_freeze_5,27,True,1,caption,True,0.14479248225688934,0.8021390374331551,0.6290169092641079,1.0,1.0,0.7819173478679396,0.7909115443854174,0.6448397740316909,0.91,0.7243436087544073,1.0,1.0,0.7881148358687633,0.7965614211733081,0.7246840177726334,0.10786096256684496,0.09532669949029937,0.0,0.0,0.006197488000823648,0.00564987678789064,0.07984424374094246
312,order2,frame_freeze_5,28,True,1,question,False,0.14479248225688934,0.6337962962962963,0.3995922423251221,1.0,0.0,0.6142877742149161,0.615119720998048,0.40104194068806576,0.6402777777777777,0.40670687831265084,1.0,0.0,0.6148611715386761,0.6157042752356081,0.40731881102496525,0.0064814814814814214,0.007114635987528761,0.0,0.0,0.0005733973237600498,0.0005845542375600976,0.006276870336899498
94,order2,frame_freeze_5,29,True,1,caption,True,0.14182019233703613,0.6098457016899339,0.2950954202180716,0.0,0.0,0.48406698329514053,0.48520937652991863,0.296859494313287,0.6245407788390889,0.30676487797704693,1.0,0.0,0.49144170095987644,0.4927180910480057,0.30919909732758816,0.014695077149154967,0.011669457758975321,1.0,0.0,0.007374717664735908,0.007508714518087045,0.012339603014301148
544,order2,frame_freeze_5,30,True,1,question,True,0.14304925501346588,0.15220483641536273,0.08006001759162618,0.0,0.0,0.5211314108047519,0.4952630832018198,0.07988114245190642,0.1436241610738255,0.07735257375604043,0.0,0.0,0.5335895134097234,0.5102444018855344,0.0773097578614446,-0.008580675341537225,-0.0027074438355857433,0.0,0.0,0.012458102604971488,0.014981318683714662,-0.0025713845904618143
83,order2,frame_freeze_5,31,True,1,question,True,0.14583781361579895,0.6307692307692307,0.4813913663678057,1.0,0.0,0.769065721870716,0.7675406471304242,0.4797863717496383,0.20051282051282052,0.15605595707171155,0.0,0.0,0.7665529258509207,0.7650531122106129,0.1591691627522765,-0.43025641025641026,-0.32533540929609417,-1.0,0.0,-0.0025127960197952603,-0.0024875349198113517,-0.3206172089973618
171,order2,frame_freeze_5,32,True,2,question,True,0.1486077904701233,0.053763440860215055,0.02187814545476295,0.0,0.0,0.4069335054585909,0.38979721433651526,0.020733894379601873,0.0,0.0,0.0,0.0,0.43771092496623765,0.4247617983245521,0.0,-0.053763440860215055,-0.02187814545476295,0.0,0.0,0.03077741950764673,0.03496458398803681,-0.020733894379601873
339,order2,frame_freeze_5,33,True,2,caption,True,0.15929242968559265,0.10888252148997135,0.0,0.0,0.0,0.03652616954883027,0.08800093981156398,0.0,0.14326647564469913,0.0,0.0,0.0,0.032935475582623906,0.0884282723479138,0.0,0.03438395415472778,0.0,0.0,0.0,-0.003590693966206364,0.0004273325363498143,0.0
258,order2,frame_freeze_5,34,True,2,caption,True,0.15776033699512482,0.0,0.0,0.0,0.0,0.8250178084130497,0.8142124717847194,0.0,0.0,0.0,0.0,0.0,0.8222347854087716,0.8121766821107703,0.0,0.0,0.0,0.0,0.0,-0.002783023004278129,-0.002035789673949129,0.0
24,order2,frame_freeze_5,35,True,2,caption,True,0.15150006115436554,0.36283185840707965,0.3450428947073206,1.0,0.0,0.9207591621654182,0.9159133995704448,0.3541700857580837,0.012145748987854251,0.011083150094111989,0.0,0.0,0.9215382712237689,0.9179421291644756,0.017856689013853008,-0.3506861094192254,-0.3339597446132086,-1.0,0.0,0.0007791090583506577,0.002028729594030776,-0.33631339674423066
538,order2,frame_freeze_5,36,True,2,caption,True,0.15640777349472046,0.3356401384083045,0.12539912631406533,0.0,0.0,0.37361182994602965,0.37366849242704814,0.12251425981214693,0.3356401384083045,0.12341446269366468,0.0,0.0,0.36769875998421747,0.3647045620971451,0.11957526626135903,0.0,-0.001984663620400645,0.0,0.0,-0.0059130699618121785,-0.008963930329903058,-0.0029389935507879023
564,order2,frame_freeze_5,37,True,2,question,True,0.17524895071983337,0.5148148148148148,0.0,0.0,0.0,0.0,0.0,0.0,0.5592592592592592,0.0,0.0,0.0,0.0,0.0,0.0,0.0444444444444444,0.0,0.0,0.0,0.0,0.0,0.0
243,order2,frame_freeze_5,38,True,2,caption,True,0.17589271068572998,0.9139072847682119,0.7484570810675633,1.0,1.0,0.816799370561126,0.8153727235474105,0.7423176653124081,0.9845132743362832,0.8036847960218408,1.0,1.0,0.8161802438982826,0.8148430649207401,0.8148430649207401,0.07060598956807129,0.055227714954277585,0.0,0.0,-0.0006191266628433612,-0.0005296586266704262,0.07252539960833204
400,order2,frame_freeze_5,39,True,2,question,True,0.17589516937732697,0.8530864197530864,0.5683589376447943,1.0,1.0,0.6507727785755247,0.651229921047404,0.5714447452936453,0.920332936979786,0.6122062509174293,1.0,1.0,0.6638526964221747,0.6642244198183653,0.6090712759785756,0.06724651722669961,0.043847313272635025,0.0,0.0,0.013079917846649969,0.012994498770961371,0.03762653068493027
623,order2,frame_freeze_5,40,True,2,caption,True,0.1773456484079361,0.6794871794871795,0.07696162394492956,0.0,0.0,0.1468301997628782,0.141754207912662,0.07356749590563441,0.7871794871794872,0.10571788429581813,0.0,0.0,0.17494256160260183,0.1628369739664541,0.10791679805857275,0.10769230769230764,0.028756260350888574,0.0,0.0,0.028112361839723626,0.021082766053792112,0.03434930215293834
512,order2,frame_freeze_5,41,True,2,caption,True,0.1734369844198227,0.0,0.0,0.0,0.0,0.5953084278844262,0.5966975701409968,0.0,0.0,0.0,0.0,0.0,0.6003014466011055,0.6015995848006069,0.0,0.0,0.0,0.0,0.0,0.004993018716679343,0.004902014659610154,0.0
562,order2,frame_freeze_5,42,True,2,caption,True,0.18727149069309235,0.3023255813953488,0.2038402634010472,0.0,0.0,0.6847041319925602,0.6652576401700446,0.21996561411288032,0.36538461538461536,0.2546625963801557,0.0,0.0,0.6985885128775223,0.6767783760641551,0.26319159069161585,0.06305903398926654,0.050822332979108514,0.0,0.0,0.013884380884962133,0.011520735894110512,0.04322597657873553
65,order2,frame_freeze_5,43,True,2,caption,True,0.18716059625148773,0.08237547892720307,0.02787744210787474,0.0,0.0,0.3163483647893612,0.3333223544459308,0.02752202926617777,0.08634538152610442,0.029373947637342007,0.0,0.0,0.3180049113781809,0.33532150396684096,0.029018207074053545,0.0039699025989013564,0.0014965055294672673,0.0,0.0,0.0016565465888196962,0.0019991495209101817,0.0014961778078757745
371,order2,frame_freeze_5,44,True,2,caption,True,0.18602003157138824,0.675,0.0002937924063547062,0.0,0.0,0.000427334409243209,0.0,0.0,0.8709677419354839,0.0003696713985682461,0.0,0.0,0.0004167204856587501,0.0,0.0,0.19596774193548383,7.587899221353988e-05,0.0,0.0,-1.0613923584458886e-05,0.0,0.0
119,order2,frame_freeze_5,45,True,2,caption,True,0.18347637355327606,0.10743801652892562,0.0034281496971042473,0.0,0.0,0.015063521589435885,0.07174003864647999,0.019752672064267347,0.016029593094944512,0.0,0.0,0.0,0.0,0.0,0.0,-0.09140842343398112,-0.0034281496971042473,0.0,0.0,-0.015063521589435885,-0.07174003864647999,-0.019752672064267347
582,order2,frame_freeze_5,46,True,2,question,True,0.1824381798505783,0.5507246376811594,0.3956864487164799,1.0,0.0,0.6741324681836325,0.7176206593272398,0.40561167701104855,0.5757575757575758,0.41824573771926365,1.0,0.0,0.6815856466536149,0.7258200338057029,0.42889365633973353,0.025032938076416378,0.022559289002783756,0.0,0.0,0.007453178469982391,0.008199374478463084,0.023281979328684976
377,order2,frame_freeze_5,47,True,2,caption,False,0.1824381798505783,0.07586206896551724,0.03997441561581037,0.0,0.0,0.46319727120468285,0.4544569064878637,0.04092771008036106,0.15862068965517243,0.08280555264562756,0.0,0.0,0.4932860506798683,0.4897121296378917,0.07869492395109533,0.08275862068965519,0.04283113702981719,0.0,0.0,0.030088779475185456,0.03525522315002799,0.03776721387073427
419,order2,frame_freeze_5,48,True,3,question,True,0.17068396508693695,0.21390374331550802,0.0752036630396842,0.0,0.0,0.11602740625267893,0.11368419587643361,0.07641913510842417,0.3422459893048128,0.08797878353672434,0.0,0.0,0.11959047617039874,0.11703170866952932,0.08628169224953858,0.1283422459893048,0.012775120497040132,0.0,0.0,0.003563069917719805,0.003347512793095711,0.009862557141114406
648,order2,frame_freeze_5,49,True,3,question,True,0.18151737749576569,0.0423728813559322,0.0,0.0,0.0,0.0,0.0,0.0,0.04032258064516129,0.0,0.0,0.0,0.0,0.0,0.0,-0.0020503007107709123,0.0,0.0,0.0,0.0,0.0,0.0
133,order2,frame_freeze_5,50,True,3,question,True,0.18356943130493164,0.6337817638266069,0.5448387967840275,1.0,1.0,0.8156176219748416,0.8187848787055013,0.550201300711146,0.25759840558046837,0.18923615534414953,0.0,0.0,0.8160420917849986,0.8191568360473872,0.1906148433267659,-0.3761833582461385,-0.35560264143987796,-1.0,-1.0,0.00042446981015709095,0.0003719573418858868,-0.3595864573843801
238,order2,frame_freeze_5,51,True,3,question,True,0.1777086704969406,0.0,0.0,0.0,0.0,0.8861363106177821,0.877404441168681,0.0,0.0,0.0,0.0,0.0,0.873732581637344,0.8601974164411595,0.0,0.0,0.0,0.0,0.0,-0.012403728980438067,-0.017207024727521447,0.0
401,order2,frame_freeze_5,52,True,3,caption,True,0.18804368376731873,0.6296296296296297,0.3705967183375129,1.0,0.0,0.592773658491121,0.5948584759500591,0.37254629811487333,0.700462962962963,0.4386787435243798,1.0,0.0,0.608955948410429,0.6110015580472933,0.43923645182342574,0.0708333333333333,0.0680820251868669,0.0,0.0,0.016182289919308035,0.01614308209723414,0.06669015370855241
447,order2,frame_freeze_5,53,True,3,question,False,0.18804368376731873,0.6240437158469946,0.5207743758560821,1.0,1.0,0.8411553153300325,0.846415332484293,0.5261497707549087,0.6207650273224044,0.5204911230689075,1.0,1.0,0.8424823190336148,0.8477854995599714,0.5244995562466609,-0.003278688524590234,-0.00028325278717455937,0.0,0.0,0.0013270037035822968,0.0013701670756783857,-0.0016502145082477604
620,order2,frame_freeze_5,54,True,3,caption,True,0.18242895603179932,0.345679012345679,0.2790872214933736,0.0,0.0,0.7999528102521051,0.7829747751959908,0.27963384828428245,0.32967032967032966,0.26573004037241904,0.0,0.0,0.8060477891296711,0.7937183450211031,0.2480369828190947,-0.01600868267534933,-0.013357181120954575,0.0,0.0,0.0060949788775660485,0.010743569825112265,-0.03159686546518775
663,order2,frame_freeze_5,55,True,3,question,True,0.18275253474712372,0.8663426488456865,0.3378451084857859,1.0,0.0,0.38726184631644833,0.38399412560833196,0.33291077787234863,0.9616963064295485,0.38661227921571456,1.0,0.0,0.40079421222242095,0.39761909642457605,0.38748550183994884,0.09535365758386205,0.048767170729928644,0.0,0.0,0.013532365905972621,0.013624970816244086,0.054574723967600214
534,order2,frame_freeze_5,56,True,3,question,True,0.18539240956306458,0.795774647887324,0.0,0.0,0.0,0.01448064933691677,0.020980774176238365,0.0,0.11243781094527364,0.0,0.0,0.0,0.014570656722615847,0.02178559240577665,0.0,-0.6833368369420504,0.0,0.0,0.0,9.000738569907643e-05,0.0008048182295382865,0.0
143,order2,frame_freeze_5,57,True,3,caption,True,0.19318027794361115,0.0,0.0,0.0,0.0,0.6311898924393096,0.6307218937173296,0.0,0.0,0.0,0.0,0.0,0.6626141610867889,0.6624122424318396,0.0,0.0,0.0,0.0,0.0,0.03142426864747938,0.03169034871451004,0.0
543,order2,frame_freeze_5,58,True,3,caption,True,0.19425608217716217,0.0,0.0,0.0,0.0,0.5795130659533873,0.5794070669194212,0.0,0.2715654952076677,0.16073673110571043,0.0,0.0,0.5891608113138651,0.5890685212387945,0.16191302682615816,0.2715654952076677,0.16073673110571043,0.0,0.0,0.009647745360477855,0.009661454319373264,0.16191302682615816
550,order2,frame_freeze_5,59,True,3,caption,True,0.194778710603714,0.4311377245508982,0.24257046870205398,0.0,0.0,0.5647959444402679,0.5602863052118976,0.2401227022336704,0.4311377245508982,0.24329970137373075,0.0,0.0,0.5665913232585713,0.5625061925727447,0.24107408253117632,0.0,0.0007292326716767661,0.0,0.0,0.0017953788183033836,0.002219887360847106,0.0009513802975059105
40,order2,frame_freeze_5,60,True,3,caption,True,0.19328680634498596,0.9459459459459459,0.831659308826556,1.0,1.0,0.8624245352215096,0.8794698356278153,0.8499754840733115,0.9797297297297297,0.8584468633079188,1.0,1.0,0.8584468633079188,0.8755011173710717,0.8755011173710717,0.03378378378378377,0.02678755448136272,0.0,0.0,-0.0039776719135908856,-0.0039687182567436086,0.025525633297760253
609,order2,frame_freeze_5,61,True,3,caption,False,0.19328680634498596,0.0,0.0,0.0,0.0,0.7435990757271205,0.7461051735852385,0.0,0.13716814159292035,0.10639060988540026,0.0,0.0,0.7756218656161439,0.7796605760016301,0.10319037035315692,0.13716814159292035,0.10639060988540026,0.0,0.0,0.032022789889023406,0.033555402416391544,0.10319037035315692
492,order2,frame_freeze_5,62,True,3,question,True,0.2051270753145218,0.8473895582329317,0.4631795659638544,1.0,0.0,0.549317710307062,0.5406823851471848,0.4634420444118727,0.7753623188405797,0.44228094035308324,1.0,0.0,0.5704184090535093,0.5616568492778361,0.43020524625536377,-0.072027239392352,-0.02089862561077116,0.0,0.0,0.021100698746447266,0.020974464130651294,-0.03323679815650893
441,order2,frame_freeze_5,63,True,3,caption,True,0.196701779961586,0.0,0.0,0.0,0.0,0.4115971557214102,0.4231018517703971,0.0,0.09031318281136198,0.03593357772481837,0.0,0.0,0.3978774372272228,0.40800401253537355,0.03565083604678022,0.09031318281136198,0.03593357772481837,0.0,0.0,-0.013719718494187405,-0.015097839235023558,0.03565083604678022
550,order1,motion_blur_5,0,True,0,caption,True,0.008917947299778461,0.5142857142857142,0.28990055698788636,0.0,0.0,0.5658594201124592,0.561287673373955,0.28661498214840253,0.4523076923076923,0.2559425684816354,0.0,0.0,0.5658594201124592,0.561287673373955,0.244925530199544,-0.061978021978021935,-0.03395798850625098,0.0,0.0,0.0,0.0,-0.041689451948858536
12,order1,motion_blur_5,1,True,0,question,True,0.014679689891636372,0.37142857142857144,0.1790338448863581,0.0,0.0,0.4791597392800191,0.47647960410446977,0.1779673997840439,0.5111111111111111,0.24502536806045502,0.0,0.0,0.47939745924871635,0.4767127541158855,0.23835637705794274,0.13968253968253963,0.06599152317409693,0.0,0.0,0.00023771996869725864,0.000233150011415717,0.06038897727389883
24,order1,motion_blur_5,2,True,0,caption,True,0.018965302035212517,0.36283185840707965,0.3450410234055522,1.0,0.0,0.920765895833564,0.9159249575832374,0.3541720318836596,0.012145748987854251,0.011011648095438902,0.0,0.0,0.9209291424822827,0.9161116911459667,0.01776427766234239,-0.3506861094192254,-0.3340293753101133,-1.0,0.0,0.00016324664871869565,0.00018673356272924657,-0.3364077542213172
41,order1,motion_blur_5,3,True,0,caption,True,0.032495852559804916,0.06842105263157895,0.008648142811809003,0.0,0.0,0.21940760013313776,0.2212463467255744,0.014975570381438898,0.2723404255319149,0.05955665150171974,0.0,0.0,0.21868457973287717,0.2205362794867403,0.06064747685885358,0.20391937290033596,0.05090850868991073,0.0,0.0,-0.0007230204002605933,-0.0007100672388341001,0.045671906477414675
371,order1,motion_blur_5,4,True,0,caption,True,0.034683406352996826,0.675,0.0002937924063547062,0.0,0.0,0.000427334409243209,0.0,0.0,0.8709677419354839,0.0004232240674894466,0.0,0.0,0.00047708894880628524,0.0,0.0,0.19596774193548383,0.00012943166113474038,0.0,0.0,4.975453956307624e-05,0.0,0.0
312,order1,motion_blur_5,5,True,0,question,True,0.03930919989943504,0.6337962962962963,0.4054413398222157,1.0,0.0,0.6209193863294078,0.6221820781194978,0.4072824409448199,0.6407407407407407,0.40965816747276595,1.0,0.0,0.6208771233814301,0.6221046352112543,0.41052784597067016,0.00694444444444442,0.004216827650550259,0.0,0.0,-4.226294797771146e-05,-7.744290824351907e-05,0.0032454050258502454
83,order1,motion_blur_5,6,True,0,question,True,0.040424998849630356,0.6307692307692307,0.47969410784440114,1.0,0.0,0.7672796869743899,0.7657875060688543,0.4781228592880689,0.37538461538461537,0.2850739913512729,0.0,0.0,0.7680344375580883,0.7665346059277758,0.28766797094294844,-0.2553846153846154,-0.19462011649312821,-1.0,0.0,0.0007547505836984492,0.0007470998589215183,-0.19045488834512048
582,order1,motion_blur_5,7,True,0,question,True,0.037983160465955734,0.5277777777777778,0.3785589812279909,1.0,0.0,0.6729937444053171,0.7164535959687354,0.3880790311497317,0.5277777777777778,0.3789224751956762,1.0,0.0,0.6736399559034244,0.7172075954152197,0.3884874475165774,0.0,0.00036349396768525777,0.0,0.0,0.0006462114981072853,0.0007539994464843547,0.0004084163668456875
1,order1,motion_blur_5,8,True,0,caption,True,0.04966869577765465,0.7910447761194029,0.4288288730325635,1.0,0.0,0.53206545357744,0.5249160488714408,0.39368703665358057,0.6708860759493671,0.36868902778841545,1.0,0.0,0.5393783925052745,0.5326636517994701,0.34242663329965933,-0.12015870017003583,-0.06013984524414806,0.0,0.0,0.007312938927834578,0.007747602928029229,-0.051260403353921236
562,order1,motion_blur_5,9,True,0,caption,True,0.06163433566689491,0.3023255813953488,0.2038402634010472,0.0,0.0,0.6847041319925602,0.6652576401700446,0.21996561411288032,0.36538461538461536,0.25108262267342446,0.0,0.0,0.6890724779306615,0.6691021652619348,0.26020639760186354,0.06305903398926654,0.04724235927237727,0.0,0.0,0.0043683459381013146,0.0038445250918901497,0.04024078348898322
180,order1,motion_blur_5,10,True,0,question,True,0.06399376690387726,0.8137931034482758,0.0,0.0,0.0,0.0,0.0,0.0,0.8489208633093526,0.0,0.0,0.0,0.0,0.0,0.0,0.035127759861076746,0.0,0.0,0.0,0.0,0.0,0.0
159,order1,motion_blur_5,11,True,0,question,True,0.06508548557758331,0.0,0.0,0.0,0.0,0.052635006492280666,0.05019096146734734,0.0,0.2616279069767442,0.01182264622881336,0.0,0.0,0.045188781141242175,0.04267189284946615,0.011175971936764945,0.2616279069767442,0.01182264622881336,0.0,0.0,-0.007446225351038491,-0.0075190686178811875,0.011175971936764945
507,order1,motion_blur_5,12,True,0,caption,True,0.08517757058143616,0.0,0.0,0.0,0.0,0.25311150250418873,0.29203531695071194,0.0,0.0,0.0,0.0,0.0,0.28402336888685586,0.33159045007585697,0.0,0.0,0.0,0.0,0.0,0.03091186638266713,0.039555133125145026,0.0
143,order1,motion_blur_5,13,True,0,caption,True,0.09188594669103622,0.0,0.0,0.0,0.0,0.6329892497596905,0.6325889837597267,0.0,0.0,0.0,0.0,0.0,0.6460474779277274,0.6457743384726596,0.0,0.0,0.0,0.0,0.0,0.013058228168036923,0.013185354712932917,0.0
171,order1,motion_blur_5,14,True,0,question,True,0.0960015282034874,0.053763440860215055,0.018406297633697534,0.0,0.0,0.34235713598677414,0.32937104241287546,0.017519736298557204,0.0,0.0,0.0,0.0,0.34454048196760606,0.33305434392598565,0.0,-0.053763440860215055,-0.018406297633697534,0.0,0.0,0.002183345980831919,0.003683301513110193,-0.017519736298557204
617,order1,motion_blur_5,15,True,0,question,True,0.09604945778846741,0.9842105263157894,0.018709688864742644,0.0,0.0,0.018709688864742644,0.019484816083459984,0.019484816083459984,0.9353233830845771,0.018457462610924295,0.0,0.0,0.019526052551556754,0.02041754439698447,0.019216512373632443,-0.04888714323121235,-0.0002522262538183495,0.0,0.0,0.0008163636868141096,0.0009327283135244849,-0.0002683037098275415
3,order1,motion_blur_5,16,True,1,caption,True,0.09608720242977142,0.0,0.0,0.0,0.0,0.05203935279252804,0.09124270759541449,0.0,0.0,0.0,0.0,0.0,0.05325226709218794,0.09183385963079739,0.0,0.0,0.0,0.0,0.0,0.0012129142996598966,0.0005911520353829025,0.0
332,order1,motion_blur_5,17,True,1,caption,True,0.0993175283074379,0.20224719101123595,0.019652481695300608,0.0,0.0,0.034843566756308134,0.03331370161325733,0.019286879881359506,0.18181818181818182,0.01755383890180656,0.0,0.0,0.03466718376406444,0.03313213958594699,0.017354930259305568,-0.020429009193054126,-0.0020986427934940495,0.0,0.0,-0.0001763829922436927,-0.00018156202731033771,-0.0019319496220539384
534,order1,motion_blur_5,18,True,1,question,True,0.10425388813018799,0.795774647887324,0.0,0.0,0.0,0.014600592308698923,0.02116387099113195,0.0,0.11840796019900497,0.0,0.0,0.0,0.014717806075324476,0.021721607575619643,0.0,-0.677366687688319,0.0,0.0,0.0,0.00011721376662555266,0.000557736584487694,0.0
356,order1,motion_blur_5,19,True,1,caption,True,0.10425765067338943,0.6051167964404894,3.7010156851216804e-06,0.0,0.0,3.7010156851216804e-06,0.0,0.0,0.6140155728587319,2.665609550616944e-05,0.0,0.0,2.665609550616944e-05,2.5682063508896302e-05,2.5682063508896302e-05,0.008898776418242438,2.295507982104776e-05,0.0,0.0,2.295507982104776e-05,2.5682063508896302e-05,2.5682063508896302e-05
133,order1,motion_blur_5,20,True,1,question,True,0.10648198425769806,0.6337817638266069,0.5451643751563355,1.0,1.0,0.8201205817358244,0.8229132943139266,0.5505320940770106,0.32336821126058796,0.2453809873151516,0.0,0.0,0.8196563751251097,0.8223728142018984,0.25065918223207584,-0.31041355256601894,-0.29978338784118397,-1.0,-1.0,-0.00046420661071466807,-0.0005404801120281189,-0.2998729118449348
68,order1,motion_blur_5,21,True,1,question,True,0.1102118045091629,0.703125,0.43924962886903746,1.0,0.0,0.6192834274730816,0.6177781181682734,0.4492931768496534,0.5921052631578947,0.3825845111213953,1.0,0.0,0.6404691939660154,0.6393422795487558,0.39344140279923434,-0.11101973684210531,-0.05666511774764216,0.0,0.0,0.0211857664929338,0.02156416138048234,-0.05585177405041908
324,order1,motion_blur_5,22,True,1,question,True,0.1139603927731514,0.16058394160583941,0.10157967240690323,0.0,0.0,0.6336312933160916,0.6250898207372443,0.10853223285425256,0.16793893129770993,0.1071127760552626,0.0,0.0,0.6385747883663158,0.6296294183648641,0.11430397833569662,0.0073549896918705115,0.005533103648359378,0.0,0.0,0.004943495050224178,0.004539597627619796,0.00577174548144406
642,order1,motion_blur_5,23,True,1,question,True,0.12147149443626404,0.4623115577889447,0.028260439663703316,0.0,0.0,0.11770730800930651,0.12743760124634468,0.033819976529241076,0.5077720207253886,0.029541114654917516,0.0,0.0,0.11070957442652521,0.12057522607446568,0.03395561736992056,0.0454604629364439,0.0012806749912142,0.0,0.0,-0.006997733582781301,-0.006862375171879001,0.00013564084067948373
543,order1,motion_blur_5,24,True,1,caption,True,0.12091878056526184,0.0,0.0,0.0,0.0,0.6440616498988075,0.644301250303151,0.0,0.0,0.0,0.0,0.0,0.6475999673915049,0.6485292147266959,0.0,0.0,0.0,0.0,0.0,0.003538317492697396,0.004227964423544894,0.0
567,order1,motion_blur_5,25,True,1,caption,True,0.13105595111846924,0.8048780487804879,0.0,0.0,0.0,0.0,0.0,0.0,0.6226415094339622,0.0,0.0,0.0,0.0,0.0,0.0,-0.18223653934652562,0.0,0.0,0.0,0.0,0.0,0.0
40,order1,motion_blur_5,26,True,1,caption,True,0.1301790475845337,0.9459459459459459,0.831352796034885,1.0,1.0,0.8621209618928638,0.8791518259012034,0.8496524107655077,0.9797297297297297,0.8599119863593997,1.0,1.0,0.8599119863593997,0.8769177138658172,0.8769177138658172,0.03378378378378377,0.028559190324514705,0.0,0.0,-0.002208975533464108,-0.00223411203538626,0.0272653031003095
401,order1,motion_blur_5,27,True,1,caption,True,0.14036548137664795,0.6296296296296297,0.37065513716751713,1.0,0.0,0.5926263532681647,0.5946569740827238,0.37253619838134966,0.6337962962962963,0.38063400863341795,1.0,0.0,0.6035031451362532,0.6055525010134017,0.3831133407204652,0.004166666666666652,0.009978871465900818,0.0,0.0,0.010876791868088542,0.010895526930677968,0.010577142339115553
34,order1,motion_blur_5,28,True,1,caption,True,0.1348596066236496,0.5454545454545454,0.4441942521886141,1.0,0.0,0.7902173906630111,0.7991984700055591,0.45816204325205534,0.5935828877005348,0.4878821714862828,1.0,0.0,0.7968912216601126,0.8053584607146079,0.5035515624752303,0.048128342245989386,0.04368791929766874,0.0,0.0,0.006673830997101504,0.006159990709048824,0.04538951922317491
485,order1,motion_blur_5,29,True,1,question,True,0.14170803129673004,0.8975308641975308,0.34532294893008453,1.0,0.0,0.39718347740236115,0.3934140524263381,0.3462905466308442,0.02937576499388005,0.015632925614848296,0.0,0.0,0.4011963039056367,0.3979921000489656,0.014269378359303617,-0.8681550992036507,-0.3296900233152362,-1.0,0.0,0.004012826503275557,0.004578047622627535,-0.33202116827154055
377,order1,motion_blur_5,30,True,1,caption,True,0.152600958943367,0.07586206896551724,0.03990204467598274,0.0,0.0,0.46268856406118797,0.45314613584756674,0.040807558833607135,0.813953488372093,0.39094451787212336,1.0,0.0,0.48030326481432295,0.472481495146071,0.3543611213595533,0.7380914194065757,0.3510424731961406,1.0,0.0,0.017614700753134982,0.019335359298504273,0.31355356252594613
609,order1,motion_blur_5,31,True,1,caption,False,0.152600958943367,0.0,0.0,0.0,0.0,0.7443050263455745,0.7467888229200743,0.0,0.13716814159292035,0.10537893768022523,0.0,0.0,0.7682464488945452,0.7719311946200792,0.10216736399383401,0.13716814159292035,0.10537893768022523,0.0,0.0,0.023941422548970692,0.025142371700004884,0.10216736399383401
620,order1,motion_blur_5,32,True,2,caption,True,0.14860799908638,0.345679012345679,0.2790872214933736,0.0,0.0,0.7999528102521051,0.7829747751959908,0.27963384828428245,0.32967032967032966,0.2657360968362888,0.0,0.0,0.8060661604034094,0.791527955926909,0.24735248622715908,-0.01600868267534933,-0.013351124657084823,0.0,0.0,0.00611335015130432,0.008553180730918264,-0.03228136205712337
65,order1,motion_blur_5,33,True,2,caption,True,0.14997249841690063,0.08237547892720307,0.02787744210787474,0.0,0.0,0.3163483647893612,0.3333223544459308,0.02752202926617777,0.08634538152610442,0.029397054665195117,0.0,0.0,0.3182550700710254,0.335374516619628,0.02902279470746781,0.0039699025989013564,0.0015196125573203774,0.0,0.0,0.0019067052816642005,0.0020521621736972473,0.0015007654412900404
238,order1,motion_blur_5,34,True,2,question,True,0.14958259463310242,0.0,0.0,0.0,0.0,0.8861363106177821,0.877404441168681,0.0,0.0,0.0,0.0,0.0,0.8795446569342712,0.8661463992503684,0.0,0.0,0.0,0.0,0.0,-0.00659165368351089,-0.011258041918312589,0.0
94,order1,motion_blur_5,35,True,2,caption,True,0.14996229112148285,0.5995591476855253,0.2910902292988913,0.0,0.0,0.4851899537230761,0.48660486295748573,0.29314876922371613,0.6847905951506246,0.34045220887049404,1.0,0.0,0.49385132199111126,0.49536198641911855,0.34131307954412543,0.08523144746509925,0.049361979571602765,1.0,0.0,0.008661368268035152,0.00875712346163282,0.0481643103204093
588,order1,motion_blur_5,36,True,2,question,True,0.14998102188110352,0.0,0.0,0.0,0.0,0.0,0.0,0.0,0.0,0.0,0.0,0.0,0.0,0.0,0.0,0.0,0.0,0.0,0.0,0.0,0.0,0.0
544,order1,motion_blur_5,37,True,2,question,True,0.16130810976028442,0.8359375,0.4528501712782921,1.0,0.0,0.5367113141076054,0.5131544538805591,0.4276287115671326,0.7152317880794702,0.3902373637228352,1.0,0.0,0.5456096474272973,0.5219918492397704,0.3728513208855503,-0.12070571192052981,-0.0626128075554569,0.0,0.0,0.00889833331969192,0.008837395359211242,-0.05477739068158233
138,order1,motion_blur_5,38,True,2,question,True,0.16036054491996765,0.7541412380122058,0.5815853390517042,1.0,1.0,0.7868482552694902,0.7850887965311566,0.5796784879159085,0.8837004405286344,0.6943689968550686,1.0,1.0,0.7892202242548235,0.7877108645628336,0.694190113967317,0.1295592025164286,0.11278365780336441,0.0,0.0,0.002371968985333317,0.0026220680316769718,0.11451162605140852
650,order1,motion_blur_5,39,True,2,caption,True,0.1673344075679779,0.685131195335277,0.009801006879046162,0.0,0.0,0.009811186884720604,0.011068559890607513,0.011068559890607513,0.7201166180758017,0.010274563401375269,0.0,0.0,0.010401013684626616,0.011466621987210194,0.011148003581563197,0.03498542274052474,0.000473556522329107,0.0,0.0,0.0005898267999060128,0.0003980620966026801,7.944369095568352e-05
169,order1,motion_blur_5,40,True,2,question,True,0.16746622323989868,0.0,0.0,0.0,0.0,0.24794396658442366,0.37027780088782003,0.0,0.0,0.0,0.0,0.0,0.2383263746504375,0.35576326851047846,0.0,0.0,0.0,0.0,0.0,-0.009617591933986175,-0.014514532377341571,0.0
663,order1,motion_blur_5,41,True,2,question,True,0.16794739663600922,0.8663426488456865,0.34312630623075674,1.0,0.0,0.3932045176535223,0.3900209578105029,0.33824228271804946,0.7893296853625171,0.3014042310013633,1.0,0.0,0.4052408949541641,0.4021417496955017,0.30068413263521737,-0.07701296348316933,-0.04172207522939342,0.0,0.0,0.012036377300641776,0.012120791884998816,-0.03755815008283209
623,order1,motion_blur_5,42,True,2,caption,True,0.16273291409015656,0.8463476070528967,0.10724627016492855,0.0,0.0,0.14621422699063719,0.14189930005305962,0.10329502273630962,0.8487179487179487,0.12328488800335792,0.0,0.0,0.17190913601336408,0.1603734734446201,0.12434276316785046,0.0023703416650520115,0.016038617838429373,0.0,0.0,0.02569490902272689,0.01847417339156049,0.02104774043154084
44,order1,motion_blur_5,43,True,2,question,True,0.16272997856140137,0.9222520107238605,0.0,0.0,0.0,0.0,0.0,0.0,0.9088471849865952,0.0,0.0,0.0,0.0,0.0,0.0,-0.013404825737265313,0.0,0.0,0.0,0.0,0.0,0.0
119,order1,motion_blur_5,44,True,2,caption,True,0.16402414441108704,0.10236220472440945,0.0032655988000012148,0.0,0.0,0.015043733698978127,0.07160449336929746,0.01885141125455248,0.016029593094944512,0.00046176352455976836,0.0,0.0,0.00854968804024465,0.04091289809658153,0.0027074711975678956,-0.08633261162946493,-0.0028038352754414463,0.0,0.0,-0.006494045658733478,-0.03069159527271593,-0.016143940056984586
648,order1,motion_blur_5,45,True,2,question,True,0.17421777546405792,0.0423728813559322,0.0,0.0,0.0,0.0,0.0,0.0,0.10526315789473684,0.0,0.0,0.0,0.0,0.0,0.0,0.06289027653880463,0.0,0.0,0.0,0.0,0.0,0.0
418,order1,motion_blur_5,46,True,2,question,True,0.17290274798870087,0.0,0.0,0.0,0.0,0.9190790482073546,0.9192510106494438,0.0,0.2386058981233244,0.2181603380928985,0.0,0.0,0.9143124281870915,0.9146613736737329,0.21777651754136498,0.2386058981233244,0.2181603380928985,0.0,0.0,-0.004766620020263179,-0.004589636975710909,0.21777651754136498
447,order1,motion_blur_5,47,True,2,question,False,0.17290274798870087,0.6338797814207651,0.5287010687553054,1.0,1.0,0.8418300339288595,0.8466493216406801,0.5344300970797818,0.6437158469945355,0.5393847835982926,1.0,1.0,0.8430037167779267,0.8479673537788682,0.5453060718875752,0.00983606557377048,0.010683714842987135,0.0,0.0,0.0011736828490672702,0.0013180321381881521,0.010875974807793343
400,order1,motion_blur_5,48,True,3,question,True,0.17290575802326202,0.38641975308641974,0.2666021535489476,0.0,0.0,0.653251358912962,0.6537077493078585,0.2704577802058499,0.45308641975308644,0.3190273563474113,1.0,0.0,0.6700650173548408,0.670431278580355,0.32222729750564116,0.06666666666666671,0.05242520279846369,1.0,0.0,0.016813658441878765,0.01672352927249654,0.05176951729979129
339,order1,motion_blur_5,49,True,3,caption,True,0.18629011511802673,0.14332247557003258,0.0,0.0,0.0,0.03496877774625099,0.08781992224997029,0.0,0.18241042345276873,0.0,0.0,0.0,0.032636371307238926,0.08804625125904215,0.0,0.039087947882736146,0.0,0.0,0.0,-0.002332406439012065,0.0002263290090718656,0.0
512,order1,motion_blur_5,50,True,3,caption,True,0.18184250593185425,0.0,0.0,0.0,0.0,0.5932262114371908,0.5946424181857431,0.0,0.0,0.0,0.0,0.0,0.6020944711096822,0.6034455107806653,0.0,0.0,0.0,0.0,0.0,0.008868259672491385,0.00880309259492218,0.0
600,order1,motion_blur_5,51,True,3,caption,True,0.19103603065013885,0.0,0.0,0.0,0.0,0.3103708908862809,0.3005214333356489,0.0,0.0,0.0,0.0,0.0,0.32699344209491926,0.3226146280235875,0.0,0.0,0.0,0.0,0.0,0.01662255120863837,0.022093194687938578,0.0
346,order1,motion_blur_5,52,True,3,caption,True,0.19105389714241028,0.18859649122807018,0.15057347236490168,0.0,0.0,0.7935100819136883,0.7940602213310187,0.16795221653488354,0.17916666666666667,0.14549790869705695,0.0,0.0,0.8079538534421377,0.8082651100684431,0.16228480551065866,-0.00942982456140351,-0.005075563667844729,0.0,0.0,0.014443771528449334,0.014204888737424426,-0.005667411024224883
258,order1,motion_blur_5,53,True,3,caption,True,0.1918904036283493,0.0,0.0,0.0,0.0,0.8061506206350927,0.7968649106811827,0.0,0.0,0.0,0.0,0.0,0.8017133978646654,0.7916723029977811,0.0,0.0,0.0,0.0,0.0,-0.0044372227704272404,-0.005192607683401573,0.0
564,order1,motion_blur_5,54,True,3,question,True,0.21398398280143738,0.8447653429602888,0.0,0.0,0.0,0.0,0.0,0.0,0.825925925925926,0.0,0.0,0.0,0.0,0.0,0.0,-0.01883941703436287,0.0,0.0,0.0,0.0,0.0,0.0
206,order1,motion_blur_5,55,True,3,caption,True,0.21779470145702362,0.9172056921086675,0.5400140773200326,1.0,1.0,0.583816324851983,0.5856199304701912,0.5433059419090062,0.9016817593790427,0.5469497268506351,1.0,1.0,0.600247722689524,0.6020690768879102,0.5497429755448986,-0.015523932729624823,0.00693564953060255,0.0,0.0,0.016431397837540995,0.016449146417718996,0.006437033635892431
492,order1,motion_blur_5,56,True,3,question,True,0.22978398203849792,0.8473895582329317,0.4631795659638544,1.0,0.0,0.549317710307062,0.5406823851471848,0.4634420444118727,0.7753623188405797,0.44616546978602034,1.0,0.0,0.5754283629015964,0.5668942209930109,0.4342168501223062,-0.072027239392352,-0.01701409617783406,0.0,0.0,0.026110652594534378,0.026211835845826092,-0.029225194289566492
243,order1,motion_blur_5,57,True,3,caption,True,0.2300131916999817,0.9668874172185431,0.7913599010758794,1.0,1.0,0.8169650848858683,0.8155772514245164,0.7850164996595627,0.9845132743362832,0.8024479601337493,1.0,1.0,0.8149698750418147,0.8137021590307486,0.8137021590307486,0.017625857117740118,0.011088059057869915,0.0,0.0,-0.001995209844053547,-0.0018750923937678188,0.028685659371185945
359,order1,motion_blur_5,58,True,3,question,True,0.23596210777759552,0.8743961352657005,0.6363237277665175,1.0,1.0,0.727918127648618,0.7360281475756549,0.6444771224935311,0.8454106280193237,0.6220605621411123,1.0,1.0,0.7358914512177919,0.7435398652307861,0.6318970969830705,-0.02898550724637683,-0.014263165625405194,0.0,0.0,0.007973323569173907,0.007511717655131145,-0.012580025510460557
132,order1,motion_blur_5,59,True,3,question,True,0.2362135499715805,0.0,0.0,0.0,0.0,0.07765497698345869,0.08689015934533494,0.0,0.0,0.0,0.0,0.0,0.07819005086913225,0.0870223491587388,0.0,0.0,0.0,0.0,0.0,0.0005350738856735593,0.00013218981340386293,0.0
419,order1,motion_blur_5,60,True,3,question,True,0.22441138327121735,0.27807486631016043,0.08381051257128022,0.0,0.0,0.11616160456127322,0.11382340270041584,0.08144789226884289,0.3422459893048128,0.08811477205158383,0.0,0.0,0.12035834111305037,0.11793681552754402,0.08659019702104102,0.06417112299465239,0.004304259480303607,0.0,0.0,0.004196736551777144,0.004113412827128182,0.005142304752198137
490,order1,motion_blur_5,61,True,3,question,True,0.21934472024440765,0.9473684210526315,0.7696078104619404,1.0,1.0,0.7987299518021904,0.8064017614438804,0.8064017614438804,0.8947368421052632,0.7448849248998805,1.0,1.0,0.8152785091387862,0.8223879243686516,0.7805575741621383,-0.05263157894736836,-0.024722885562059926,0.0,0.0,0.01654855733659577,0.015986162924771175,-0.025844187281742093
441,order1,motion_blur_5,62,True,3,caption,True,0.21028488874435425,0.0,0.0,0.0,0.0,0.4147713020161372,0.4256550308160262,0.0,0.09031318281136198,0.03600392469181005,0.0,0.0,0.3986563596923807,0.40882389671518854,0.035722476412006765,0.09031318281136198,0.03600392469181005,0.0,0.0,-0.016114942323756487,-0.01683113410083764,0.035722476412006765
538,order1,motion_blur_5,63,True,3,caption,True,0.22273817658424377,0.2650273224043716,0.10015313056937644,0.0,0.0,0.3778973792617709,0.3791458546959918,0.09847944277817969,0.2650273224043716,0.10570204336642255,0.0,0.0,0.3988345141454707,0.3996833250661581,0.10381385066653456,0.0,0.005548912797046113,0.0,0.0,0.020937134883699804,0.02053747037016629,0.005334407888354875
44,order2,motion_blur_5,0,True,0,question,True,5.490535477292724e-05,0.9222520107238605,0.0,0.0,0.0,0.0,0.0,0.0,0.9088471849865952,0.0,0.0,0.0,0.0,0.0,0.0,-0.013404825737265313,0.0,0.0,0.0,0.0,0.0,0.0
180,order2,motion_blur_5,1,True,0,question,True,0.021212410181760788,0.8137931034482758,0.0,0.0,0.0,0.0,0.0,0.0,0.8489208633093526,0.0,0.0,0.0,0.0,0.0,0.0,0.035127759861076746,0.0,0.0,0.0,0.0,0.0,0.0
642,order2,motion_blur_5,2,True,0,question,True,0.08956190943717957,0.4623115577889447,0.028260439663703316,0.0,0.0,0.11770730800930651,0.12743760124634468,0.033819976529241076,0.5077720207253886,0.033982865218936405,0.0,0.0,0.11797137024900464,0.12768284474734526,0.0384761369995797,0.0454604629364439,0.005722425555233088,0.0,0.0,0.0002640622396981318,0.00024524350100058045,0.004656160470338622
138,order2,motion_blur_5,3,True,0,question,True,0.08942472189664841,0.7541412380122058,0.5815853390517042,1.0,1.0,0.7868482552694902,0.7850887965311566,0.5796784879159085,0.8837004405286344,0.6923957931630129,1.0,1.0,0.7870799053129748,0.7853883129989913,0.6920390355220508,0.1295592025164286,0.11081045411130874,0.0,0.0,0.00023165004348457696,0.00029951646783465957,0.11236054760614234
159,order2,motion_blur_5,4,True,0,question,True,0.0889887660741806,0.0,0.0,0.0,0.0,0.052635006492280666,0.05019096146734734,0.0,0.2616279069767442,0.014364085736276053,0.0,0.0,0.054902727703099584,0.05263537868101222,0.013785456321217486,0.2616279069767442,0.014364085736276053,0.0,0.0,0.002267721210818918,0.0024444172136648817,0.013785456321217486
12,order2,motion_blur_5,5,True,0,question,True,0.08930067718029022,0.37142857142857144,0.1790338448863581,0.0,0.0,0.4791597392800191,0.47647960410446977,0.1779673997840439,0.5111111111111111,0.24538992097737244,0.0,0.0,0.48011071495572866,0.47742648713009367,0.23871324356504683,0.13968253968253963,0.06635607609101435,0.0,0.0,0.0009509756757095644,0.0009468830256239014,0.06074584378100292
1,order2,motion_blur_5,6,True,0,caption,True,0.09084216505289078,0.7910447761194029,0.4288288730325635,1.0,0.0,0.53206545357744,0.5249160488714408,0.39368703665358057,0.6708860759493671,0.36292296231618537,1.0,0.0,0.5309428522773822,0.523880533852756,0.33678034319105743,-0.12015870017003583,-0.06590591071637814,0.0,0.0,-0.0011226013000577018,-0.0010355150186848183,-0.05690669346252314
507,order2,motion_blur_5,7,True,0,caption,True,0.08473643660545349,0.0,0.0,0.0,0.0,0.25311150250418873,0.29203531695071194,0.0,0.0,0.0,0.0,0.0,0.14546107644481404,0.16207749553543965,0.0,0.0,0.0,0.0,0.0,-0.1076504260593747,-0.1299578214152723,0.0
206,order2,motion_blur_5,8,True,0,caption,True,0.0871485099196434,0.9172056921086675,0.5400140773200326,1.0,1.0,0.583816324851983,0.5856199304701912,0.5433059419090062,0.9016817593790427,0.5353317789127384,1.0,1.0,0.587163417694547,0.5889701908605525,0.5380749883083791,-0.015523932729624823,-0.004682298407294172,0.0,0.0,0.00334709284256407,0.003350260390361237,-0.005230953600627086
68,order2,motion_blur_5,9,True,0,question,True,0.08952391892671585,0.703125,0.43924962886903746,1.0,0.0,0.6192834274730816,0.6177781181682734,0.4492931768496534,0.5921052631578947,0.37856023380692094,1.0,0.0,0.6337642022992329,0.6324586669282992,0.389205333494338,-0.11101973684210531,-0.06068939506211651,0.0,0.0,0.014480774826151288,0.01468054876002578,-0.06008784335531542
169,order2,motion_blur_5,10,True,0,question,True,0.08946581929922104,0.0,0.0,0.0,0.0,0.24794396658442366,0.37027780088782003,0.0,0.0,0.0,0.0,0.0,0.24243910919372944,0.36212634649364284,0.0,0.0,0.0,0.0,0.0,-0.005504857390694229,-0.008151454394177193,0.0
418,order2,motion_blur_5,11,True,0,question,True,0.08816373348236084,0.0,0.0,0.0,0.0,0.9190790482073546,0.9192510106494438,0.0,0.2386058981233244,0.2188132519395164,0.0,0.0,0.9170487974543777,0.9172695902060386,0.21839752147762825,0.2386058981233244,0.2188132519395164,0.0,0.0,-0.0020302507529769143,-0.001981420443405213,0.21839752147762825
567,order2,motion_blur_5,12,True,0,caption,True,0.10492141544818878,0.8048780487804879,0.0,0.0,0.0,0.0,0.0,0.0,0.6226415094339622,0.0,0.0,0.0,0.0,0.0,0.0,-0.18223653934652562,0.0,0.0,0.0,0.0,0.0,0.0
332,order2,motion_blur_5,13,True,0,caption,True,0.10625769942998886,0.20224719101123595,0.019652481695300608,0.0,0.0,0.034843566756308134,0.03331370161325733,0.019286879881359506,0.18181818181818182,0.01771962911296715,0.0,0.0,0.0349995620829335,0.033435681987874104,0.01751392866031501,-0.020429009193054126,-0.001932852582333458,0.0,0.0,0.0001559953266253647,0.0001219803746167758,-0.001772951221044497
324,order2,motion_blur_5,14,True,0,question,True,0.1076202541589737,0.16058394160583941,0.10157967240690323,0.0,0.0,0.6336312933160916,0.6250898207372443,0.10853223285425256,0.16793893129770993,0.10619174687946617,0.0,0.0,0.633498922342271,0.6244080089246238,0.11331810374416539,0.0073549896918705115,0.004612074472562941,0.0,0.0,-0.0001323709738205725,-0.0006818118126205031,0.004785870889912822
346,order2,motion_blur_5,15,True,0,caption,True,0.10763102024793625,0.18859649122807018,0.15057347236490168,0.0,0.0,0.7935100819136883,0.7940602213310187,0.16795221653488354,0.17916666666666667,0.14389219578990364,0.0,0.0,0.7984195759731899,0.7988345751813527,0.1604879845518647,-0.00942982456140351,-0.006681276574998035,0.0,0.0,0.004909494059501585,0.004774353850333979,-0.007464231983018849
3,order2,motion_blur_5,16,True,1,caption,True,0.10764913260936737,0.0,0.0,0.0,0.0,0.05203935279252804,0.09124270759541449,0.0,0.0,0.0,0.0,0.0,0.0528823148046799,0.09131725767029737,0.0,0.0,0.0,0.0,0.0,0.0008429620121518586,7.455007488288423e-05,0.0
490,order2,motion_blur_5,17,True,1,question,True,0.10553386062383652,0.9473684210526315,0.7696078104619404,1.0,1.0,0.7987299518021904,0.8064017614438804,0.8064017614438804,0.8947368421052632,0.7346506478289383,1.0,1.0,0.8061610217793762,0.8143891756258875,0.7718990063243703,-0.05263157894736836,-0.03495716263300208,0.0,0.0,0.007431069977185789,0.007987414182007102,-0.034502755119510176
359,order2,motion_blur_5,18,True,1,question,True,0.11073759943246841,0.8743961352657005,0.6363237277665175,1.0,1.0,0.727918127648618,0.7360281475756549,0.6444771224935311,0.8454106280193237,0.6160010607492659,1.0,1.0,0.7301146424823028,0.738382484034325,0.6249443447761174,-0.02898550724637683,-0.020322667017251606,0.0,0.0,0.0021965148336848817,0.0023543364586701143,-0.019532777717413685
588,order2,motion_blur_5,19,True,1,question,True,0.11075609922409058,0.0,0.0,0.0,0.0,0.0,0.0,0.0,0.0,0.0,0.0,0.0,0.0,0.0,0.0,0.0,0.0,0.0,0.0,0.0,0.0,0.0
650,order2,motion_blur_5,20,True,1,caption,True,0.11538175493478775,0.685131195335277,0.009801006879046162,0.0,0.0,0.009811186884720604,0.011068559890607513,0.011068559890607513,0.7201166180758017,0.009861390465369097,0.0,0.0,0.009959835146897288,0.011201829085350147,0.010939009115459917,0.03498542274052474,6.0383586322935306e-05,0.0,0.0,0.00014864826217668436,0.00013326919474263357,-0.00012955077514759626
356,order2,motion_blur_5,21,True,1,caption,True,0.11538217961788177,0.6051167964404894,3.7010156851216804e-06,0.0,0.0,3.7010156851216804e-06,0.0,0.0,0.6140155728587319,5.004190219316061e-05,0.0,0.0,5.004190219316061e-05,7.874441832792916e-05,7.874441832792916e-05,0.008898776418242438,4.634088650803893e-05,0.0,0.0,4.634088650803893e-05,7.874441832792916e-05,7.874441832792916e-05
485,order2,motion_blur_5,22,True,1,question,True,0.12452957034111023,0.8975308641975308,0.34532294893008453,1.0,0.0,0.39718347740236115,0.3934140524263381,0.3462905466308442,0.02937576499388005,0.01562668575529488,0.0,0.0,0.39619000879975136,0.3927711059165802,0.014208668061476401,-0.8681550992036507,-0.32969626317478967,-1.0,0.0,-0.0009934686026097928,-0.0006429465097578801,-0.33208187856936777
132,order2,motion_blur_5,23,True,1,question,True,0.1297418624162674,0.0,0.0,0.0,0.0,0.07765497698345869,0.08689015934533494,0.0,0.0,0.0,0.0,0.0,0.07716439042540535,0.0863502583110893,0.0,0.0,0.0,0.0,0.0,-0.0004905865580533408,-0.0005399010342456295,0.0
600,order2,motion_blur_5,24,True,1,caption,True,0.1372392773628235,0.0,0.0,0.0,0.0,0.3103708908862809,0.3005214333356489,0.0,0.0,0.0,0.0,0.0,0.3194447693865053,0.31360981287312945,0.0,0.0,0.0,0.0,0.0,0.009073878500224397,0.013088379537480543,0.0
41,order2,motion_blur_5,25,True,1,caption,True,0.15390987694263458,0.06842105263157895,0.008648142811809003,0.0,0.0,0.21940760013313776,0.2212463467255744,0.014975570381438898,0.2723404255319149,0.06537721249307274,0.0,0.0,0.2400569521230015,0.24183966973607285,0.06650590917742003,0.20391937290033596,0.05672906968126373,0.0,0.0,0.02064935198986373,0.02059332301049846,0.05153033879598112
617,order2,motion_blur_5,26,True,1,question,True,0.15395674109458923,0.9842105263157894,0.018709688864742644,0.0,0.0,0.018709688864742644,0.019484816083459984,0.019484816083459984,0.9353233830845771,0.019354922331346933,0.0,0.0,0.02047547046631965,0.021505878048442006,0.020240826398533654,-0.04888714323121235,0.0006452334666042885,0.0,0.0,0.0017657816015770045,0.0020210619649820225,0.00075601031507367
34,order2,motion_blur_5,27,True,1,caption,True,0.1481916308403015,0.5454545454545454,0.4441942521886141,1.0,0.0,0.7902173906630111,0.7991984700055591,0.45816204325205534,0.5935828877005348,0.48843586162737773,1.0,0.0,0.7977180235621437,0.8061364626331752,0.5040870344419427,0.048128342245989386,0.04424160943876365,0.0,0.0,0.007500632899132609,0.006937992627616074,0.045924991189887354
312,order2,motion_blur_5,28,True,1,question,True,0.14899560809135437,0.6337962962962963,0.4054413398222157,1.0,0.0,0.6209193863294078,0.6221820781194978,0.4072824409448199,0.6407407407407407,0.4105281567486219,1.0,0.0,0.62158376250162,0.6227658720955628,0.41142906935129825,0.00694444444444442,0.0050868169264062235,0.0,0.0,0.0006643761722121555,0.0005837939760650057,0.0041466284064783365
94,order2,motion_blur_5,29,True,1,caption,True,0.15011052787303925,0.5995591476855253,0.2910902292988913,0.0,0.0,0.4851899537230761,0.48660486295748573,0.29314876922371613,0.6847905951506246,0.33938887997189143,1.0,0.0,0.49240194809277016,0.4939597150073401,0.34024948656228005,0.08523144746509925,0.048298650673000154,1.0,0.0,0.0072119943696940525,0.007354852049854366,0.04710071733856391
544,order2,motion_blur_5,30,True,1,question,True,0.1593524068593979,0.8359375,0.4528501712782921,1.0,0.0,0.5367113141076054,0.5131544538805591,0.4276287115671326,0.7152317880794702,0.38916724519185647,1.0,0.0,0.5441134631849104,0.5204864095625492,0.3717760068303923,-0.12070571192052981,-0.06368292608643561,0.0,0.0,0.007402149077304965,0.007331955681990077,-0.05585270473674031
83,order2,motion_blur_5,31,True,1,question,True,0.16253715753555298,0.6307692307692307,0.47969410784440114,1.0,0.0,0.7672796869743899,0.7657875060688543,0.4781228592880689,0.37538461538461537,0.2834631537410091,0.0,0.0,0.7634884577724665,0.7620371130692625,0.28604413302349574,-0.2553846153846154,-0.19623095410339203,-1.0,0.0,-0.0037912292019233185,-0.0037503929995917895,-0.19207872626457317
171,order2,motion_blur_5,32,True,2,question,True,0.16329509019851685,0.053763440860215055,0.018406297633697534,0.0,0.0,0.34235713598677414,0.32937104241287546,0.017519736298557204,0.0,0.0,0.0,0.0,0.3885516423415068,0.3708161325387236,0.0,-0.053763440860215055,-0.018406297633697534,0.0,0.0,0.046194506354732656,0.04144509012584813,-0.017519736298557204
339,order2,motion_blur_5,33,True,2,caption,True,0.17443916201591492,0.14332247557003258,0.0,0.0,0.0,0.03496877774625099,0.08781992224997029,0.0,0.18241042345276873,0.0,0.0,0.0,0.02890766438884036,0.08311137028800245,0.0,0.039087947882736146,0.0,0.0,0.0,-0.006061113357410632,-0.004708551961967844,0.0
258,order2,motion_blur_5,34,True,2,caption,True,0.17512547969818115,0.0,0.0,0.0,0.0,0.8061506206350927,0.7968649106811827,0.0,0.0,0.0,0.0,0.0,0.8002194895060868,0.7900462965683515,0.0,0.0,0.0,0.0,0.0,-0.0059311311290058955,-0.006818614112831245,0.0
24,order2,motion_blur_5,35,True,2,caption,True,0.1678055226802826,0.36283185840707965,0.3450410234055522,1.0,0.0,0.920765895833564,0.9159249575832374,0.3541720318836596,0.012145748987854251,0.01110428305974484,0.0,0.0,0.9214739101537008,0.918231071167715,0.017880939197190568,-0.3506861094192254,-0.33393674034580734,-1.0,0.0,0.000708014320136785,0.0023061135844775205,-0.336291092686469
538,order2,motion_blur_5,36,True,2,caption,True,0.17315350472927094,0.2650273224043716,0.10015313056937644,0.0,0.0,0.3778973792617709,0.3791458546959918,0.09847944277817969,0.2650273224043716,0.09866318955636198,0.0,0.0,0.3722755399755514,0.3703869556288778,0.09620440405944879,0.0,-0.0014899410130144591,0.0,0.0,-0.00562183928621951,-0.008758899067114023,-0.0022750387187309012
564,order2,motion_blur_5,37,True,2,question,True,0.1928814798593521,0.8447653429602888,0.0,0.0,0.0,0.0,0.0,0.0,0.825925925925926,0.0,0.0,0.0,0.0,0.0,0.0,-0.01883941703436287,0.0,0.0,0.0,0.0,0.0,0.0
243,order2,motion_blur_5,38,True,2,caption,True,0.1932355761528015,0.9668874172185431,0.7913599010758794,1.0,1.0,0.8169650848858683,0.8155772514245164,0.7850164996595627,0.9845132743362832,0.8029775857591883,1.0,1.0,0.8155131918396633,0.8142429676613048,0.8142429676613048,0.017625857117740118,0.011617684683308926,0.0,0.0,-0.0014518930462049662,-0.0013342837632116522,0.029226468001742112
400,order2,motion_blur_5,39,True,2,question,True,0.19323788583278656,0.38641975308641974,0.2666021535489476,0.0,0.0,0.653251358912962,0.6537077493078585,0.2704577802058499,0.45308641975308644,0.3165903137905859,1.0,0.0,0.6648962284226996,0.6652740372275139,0.31979426685567625,0.06666666666666671,0.04998816024163827,1.0,0.0,0.011644869509737532,0.011566287919655416,0.04933648664982637
623,order2,motion_blur_5,40,True,2,caption,True,0.19684173166751862,0.8463476070528967,0.10724627016492855,0.0,0.0,0.14621422699063719,0.14189930005305962,0.10329502273630962,0.8487179487179487,0.12821293616925314,0.0,0.0,0.1773299463361724,0.1646751653778032,0.1284639224389322,0.0023703416650520115,0.02096666600432459,0.0,0.0,0.031115719345535225,0.02277586532474357,0.02516889970262258
512,order2,motion_blur_5,41,True,2,caption,True,0.19340641796588898,0.0,0.0,0.0,0.0,0.5932262114371908,0.5946424181857431,0.0,0.0,0.0,0.0,0.0,0.5980745057296036,0.5994095589231986,0.0,0.0,0.0,0.0,0.0,0.004848294292412847,0.004767140737455433,0.0
562,order2,motion_blur_5,42,True,2,caption,True,0.20602412521839142,0.3023255813953488,0.2038402634010472,0.0,0.0,0.6847041319925602,0.6652576401700446,0.21996561411288032,0.36538461538461536,0.25467982259799393,0.0,0.0,0.6986254758783375,0.6768560216005985,0.26322178617801056,0.06305903398926654,0.05083955919694674,0.0,0.0,0.01392134388577726,0.011598381430553917,0.043256172065130244
65,order2,motion_blur_5,43,True,2,caption,True,0.2036055624485016,0.08237547892720307,0.02787744210787474,0.0,0.0,0.3163483647893612,0.3333223544459308,0.02752202926617777,0.08634538152610442,0.029451285527576324,0.0,0.0,0.3188421781028915,0.33615939653823074,0.02909071700811612,0.0039699025989013564,0.0015738434197015844,0.0,0.0,0.002493813313530324,0.0028370420922999573,0.0015686877419383502
371,order2,motion_blur_5,44,True,2,caption,True,0.20587755739688873,0.675,0.0002937924063547062,0.0,0.0,0.000427334409243209,0.0,0.0,0.8709677419354839,0.0003565541442784204,0.0,0.0,0.0004019337626411284,0.0,0.0,0.19596774193548383,6.27617379237142e-05,0.0,0.0,-2.5400646602080602e-05,0.0,0.0
119,order2,motion_blur_5,45,True,2,caption,True,0.20541690289974213,0.10236220472440945,0.0032655988000012148,0.0,0.0,0.015043733698978127,0.07160449336929746,0.01885141125455248,0.016029593094944512,0.0,0.0,0.0,0.0,0.0,0.0,-0.08633261162946493,-0.0032655988000012148,0.0,0.0,-0.015043733698978127,-0.07160449336929746,-0.01885141125455248
582,order2,motion_blur_5,46,True,2,question,True,0.2046569287776947,0.5277777777777778,0.3785589812279909,1.0,0.0,0.6729937444053171,0.7164535959687354,0.3880790311497317,0.5277777777777778,0.3828881099721563,1.0,0.0,0.6806899732838334,0.7252730796832025,0.39285625149506803,0.0,0.004329128744165356,0.0,0.0,0.007696228878516287,0.008819483714467169,0.0047772203453363415
377,order2,motion_blur_5,47,True,2,caption,True,0.21473833918571472,0.07586206896551724,0.03990204467598274,0.0,0.0,0.46268856406118797,0.45314613584756674,0.040807558833607135,0.813953488372093,0.4053810573901048,1.0,0.0,0.49803958479355737,0.4953838322742545,0.37153787420569084,0.7380914194065757,0.3654790127141221,1.0,0.0,0.0353510207323694,0.04223769642668773,0.3307303153720837
419,order2,motion_blur_5,48,True,3,question,True,0.20144666731357574,0.27807486631016043,0.08381051257128022,0.0,0.0,0.11616160456127322,0.11382340270041584,0.08144789226884289,0.3422459893048128,0.08721891946179688,0.0,0.0,0.11821668668694944,0.11596834107841823,0.08575199258413062,0.06417112299465239,0.003408406890516663,0.0,0.0,0.002055082125676219,0.0021449383780023923,0.004304100315287732
648,order2,motion_blur_5,49,True,3,question,True,0.2099420726299286,0.0423728813559322,0.0,0.0,0.0,0.0,0.0,0.0,0.10526315789473684,0.0,0.0,0.0,0.0,0.0,0.0,0.06289027653880463,0.0,0.0,0.0,0.0,0.0,0.0
133,order2,motion_blur_5,50,True,3,question,True,0.21226465702056885,0.6337817638266069,0.5451643751563355,1.0,1.0,0.8201205817358244,0.8229132943139266,0.5505320940770106,0.32336821126058796,0.24528430909274243,0.0,0.0,0.8192621141086661,0.8219394561980005,0.2504834739780579,-0.31041355256601894,-0.2998800660635931,-1.0,-1.0,-0.0008584676271582437,-0.0009738381159261067,-0.3000486200989527
238,order2,motion_blur_5,51,True,3,question,True,0.20454391837120056,0.0,0.0,0.0,0.0,0.8861363106177821,0.877404441168681,0.0,0.0,0.0,0.0,0.0,0.8704189126209207,0.8568767485258454,0.0,0.0,0.0,0.0,0.0,-0.015717397996861338,-0.020527692642835604,0.0
401,order2,motion_blur_5,52,True,3,caption,True,0.21519966423511505,0.6296296296296297,0.37065513716751713,1.0,0.0,0.5926263532681647,0.5946569740827238,0.37253619838134966,0.6337962962962963,0.38671597704151855,1.0,0.0,0.6124748916502133,0.6144831828546813,0.38921727107479087,0.004166666666666652,0.01606083987400142,0.0,0.0,0.019848538382048586,0.01982620877195751,0.016681072693441212
447,order2,motion_blur_5,53,True,3,question,False,0.21519966423511505,0.6338797814207651,0.5287010687553054,1.0,1.0,0.8418300339288595,0.8466493216406801,0.5344300970797818,0.6437158469945355,0.5385955692412555,1.0,1.0,0.8417456475009426,0.8467350226719005,0.544509446694225,0.00983606557377048,0.009894500485950086,0.0,0.0,-8.438642791686046e-05,8.570103122040873e-05,0.010079349614443123
620,order2,motion_blur_5,54,True,3,caption,True,0.2089393436908722,0.345679012345679,0.2790872214933736,0.0,0.0,0.7999528102521051,0.7829747751959908,0.27963384828428245,0.32967032967032966,0.26563073366420803,0.0,0.0,0.805746558781431,0.7936813614268887,0.24802542544590273,-0.01600868267534933,-0.013456487829165587,0.0,0.0,0.005793748529325904,0.01070658623089793,-0.031608422838379724
663,order2,motion_blur_5,55,True,3,question,True,0.20915387570858002,0.8663426488456865,0.34312630623075674,1.0,0.0,0.3932045176535223,0.3900209578105029,0.33824228271804946,0.7893296853625171,0.3060013756008005,1.0,0.0,0.41062754569157234,0.4076546681312437,0.30542640410549926,-0.07701296348316933,-0.037124930629956254,0.0,0.0,0.017423028038050015,0.017633710320740792,-0.0328158786125502
534,order2,motion_blur_5,56,True,3,question,True,0.21627028286457062,0.795774647887324,0.0,0.0,0.0,0.014600592308698923,0.02116387099113195,0.0,0.11840796019900497,0.0,0.0,0.0,0.014688762079614026,0.022227764425516508,0.0,-0.677366687688319,0.0,0.0,0.0,8.816977091510338e-05,0.0010638934343845594,0.0
143,order2,motion_blur_5,57,True,3,caption,True,0.22099725902080536,0.0,0.0,0.0,0.0,0.6329892497596905,0.6325889837597267,0.0,0.0,0.0,0.0,0.0,0.6691378451036372,0.6688397541779256,0.0,0.0,0.0,0.0,0.0,0.036148595343946655,0.03625077041819891,0.0
543,order2,motion_blur_5,58,True,3,caption,True,0.21750076115131378,0.0,0.0,0.0,0.0,0.6440616498988075,0.644301250303151,0.0,0.0,0.0,0.0,0.0,0.6406237107852848,0.641382186865703,0.0,0.0,0.0,0.0,0.0,-0.0034379391135227477,-0.0029190634374479663,0.0
550,order2,motion_blur_5,59,True,3,caption,True,0.21788598597049713,0.5142857142857142,0.28990055698788636,0.0,0.0,0.5658594201124592,0.561287673373955,0.28661498214840253,0.4523076923076923,0.25690765007892397,0.0,0.0,0.5679931039159883,0.5639619704519044,0.24609249619719464,-0.061978021978021935,-0.032992906908962394,0.0,0.0,0.002133683803529185,0.002674297077949417,-0.04052248595120789
40,order2,motion_blur_5,60,True,3,caption,True,0.21624721586704254,0.9459459459459459,0.831352796034885,1.0,1.0,0.8621209618928638,0.8791518259012034,0.8496524107655077,0.9797297297297297,0.8564508340391278,1.0,1.0,0.8564508340391278,0.8733615293124563,0.8733615293124563,0.03378378378378377,0.025098038004242818,0.0,0.0,-0.005670127853735996,-0.00579029658874719,0.02370911854694857
609,order2,motion_blur_5,61,True,3,caption,False,0.21624721586704254,0.0,0.0,0.0,0.0,0.7443050263455745,0.7467888229200743,0.0,0.13716814159292035,0.1069328577653163,0.0,0.0,0.7795750275794027,0.7836301873504703,0.10371576009050343,0.13716814159292035,0.1069328577653163,0.0,0.0,0.035270001233828174,0.036841364430395984,0.10371576009050343
492,order2,motion_blur_5,62,True,3,question,True,0.22756412625312805,0.8473895582329317,0.4631795659638544,1.0,0.0,0.549317710307062,0.5406823851471848,0.4634420444118727,0.7753623188405797,0.4447945161112012,1.0,0.0,0.5736602170406147,0.5649917538895872,0.4327596412771306,-0.072027239392352,-0.018385049852653212,0.0,0.0,0.02434250673355265,0.024309368742402415,-0.030682403134742076
441,order2,motion_blur_5,63,True,3,caption,True,0.21757249534130096,0.0,0.0,0.0,0.0,0.4147713020161372,0.4256550308160262,0.0,0.09031318281136198,0.03574690982000319,0.0,0.0,0.3958105417972934,0.40624774858056223,0.035497376089563694,0.09031318281136198,0.03574690982000319,0.0,0.0,-0.018960760218843797,-0.019407282235463952,0.035497376089563694
550,order1,occlusion_5,0,True,0,caption,True,0.008716507814824581,0.47368421052631576,0.2669624902388311,0.0,0.0,0.5657598631071522,0.5611980613656264,0.2640932053485301,0.4696485623003195,0.2657083063154996,0.0,0.0,0.5657598631071522,0.5611980613656264,0.2541274240146233,-0.00403564822599628,-0.0012541839233315422,0.0,0.0,0.0,0.0,-0.009965781333906798
12,order1,occlusion_5,1,True,0,question,True,0.014660270884633064,0.29545454545454547,0.14337506119516014,0.0,0.0,0.4818314707819907,0.47880389397105033,0.14318876226865554,0.3898305084745763,0.1879294743141696,0.0,0.0,0.48207995584939156,0.47904868666390793,0.1842494948707338,0.09437596302003082,0.044554413119009456,0.0,0.0,0.00024848506740088316,0.0002447926928575983,0.041060732602078265
24,order1,occlusion_5,2,True,0,caption,True,0.01853697933256626,0.36283185840707965,0.3450683860800366,1.0,0.0,0.9206833093351565,0.9158364184601221,0.3541941904317601,0.012145748987854251,0.011013901329706362,0.0,0.0,0.9208358685720386,0.9160302847118889,0.017767449966831758,-0.3506861094192254,-0.3340544847503302,-1.0,0.0,0.00015255923688206607,0.0001938662517667611,-0.3364267404649283
41,order1,occlusion_5,3,True,0,caption,True,0.03303273022174835,0.06842105263157895,0.008616104363032865,0.0,0.0,0.2187416193838439,0.2205612378681547,0.014919001368361863,0.2723404255319149,0.0594010214014303,0.0,0.0,0.21811312545837688,0.21994620579973947,0.060485206594928356,0.20391937290033596,0.05078491703839743,0.0,0.0,-0.0006284939254670163,-0.0006150320684152333,0.04556620522656649
371,order1,occlusion_5,4,True,0,caption,True,0.03517825901508331,0.675,0.0002937924063547062,0.0,0.0,0.000427334409243209,0.0,0.0,0.8709677419354839,0.00041783574330299416,0.0,0.0,0.00047101483790519343,0.0,0.0,0.19596774193548383,0.00012404333694828796,0.0,0.0,4.368042866198442e-05,0.0,0.0
312,order1,occlusion_5,5,True,0,question,True,0.041789717972278595,0.6337962962962963,0.39360296830347286,1.0,0.0,0.609141548134236,0.6096827046575796,0.3947155734977301,0.6449074074074074,0.40057806576783334,1.0,0.0,0.6091752047007626,0.6097282500099366,0.4013629223400713,0.011111111111111072,0.00697509746436048,0.0,0.0,3.365656652654092e-05,4.5545352357012625e-05,0.006647348842341194
83,order1,occlusion_5,6,True,0,question,True,0.04347158968448639,0.6307692307692307,0.4813357690413362,1.0,0.0,0.7690638449798107,0.7675250040311024,0.47971699214748725,0.20051282051282052,0.15668065023499325,0.0,0.0,0.7695834182635153,0.7680382133252361,0.1597939670295757,-0.43025641025641026,-0.3246551188063429,-1.0,0.0,0.0005195732837045552,0.0005132092941337874,-0.31992302511791154
582,order1,occlusion_5,7,True,0,question,True,0.041398245841264725,0.5507246376811594,0.39465273279637686,1.0,0.0,0.6723713225419754,0.7160854419110264,0.40474394542797143,0.5507246376811594,0.3951810335802955,1.0,0.0,0.6732713905442071,0.717002202068466,0.4052621142126112,0.0,0.0005283007839186338,0.0,0.0,0.0009000680022317464,0.0009167601574395778,0.0005181687846397831
1,order1,occlusion_5,8,True,0,caption,True,0.05342463403940201,0.7910447761194029,0.4288288730325635,1.0,0.0,0.53206545357744,0.5249160488714408,0.39368703665358057,0.6708860759493671,0.3693533130471092,1.0,0.0,0.5403502172355856,0.5337587176106153,0.3431306041782527,-0.12015870017003583,-0.059475559985454285,0.0,0.0,0.008284763658145677,0.008842668739174497,-0.05055643247532787
562,order1,occlusion_5,9,True,0,caption,True,0.06625137478113174,0.3023255813953488,0.2038402634010472,0.0,0.0,0.6847041319925602,0.6652576401700446,0.21996561411288032,0.36538461538461536,0.2512758871948255,0.0,0.0,0.6895814387791979,0.6693178357433692,0.26029026945575473,0.06305903398926654,0.04743562379377833,0.0,0.0,0.00487730678663767,0.004060195573324599,0.04032465534287441
180,order1,occlusion_5,10,True,0,question,True,0.0691709965467453,0.8137931034482758,0.0,0.0,0.0,0.0,0.0,0.0,0.8489208633093526,0.0,0.0,0.0,0.0,0.0,0.0,0.035127759861076746,0.0,0.0,0.0,0.0,0.0,0.0
159,order1,occlusion_5,11,True,0,question,True,0.06962870061397552,0.0,0.0,0.0,0.0,0.09544079265983064,0.09483096078989978,0.0,0.2616279069767442,0.026480807096299096,0.0,0.0,0.10121552934585432,0.10007881632865115,0.026211118562265778,0.2616279069767442,0.026480807096299096,0.0,0.0,0.005774736686023671,0.0052478555387513726,0.026211118562265778
507,order1,occlusion_5,12,True,0,caption,True,0.08948761224746704,0.0,0.0,0.0,0.0,0.2589258892764015,0.29916694771184016,0.0,0.0,0.0,0.0,0.0,0.2861747564897743,0.3343875203631891,0.0,0.0,0.0,0.0,0.0,0.02724886721337283,0.035220572651348925,0.0
143,order1,occlusion_5,13,True,0,caption,True,0.0948406383395195,0.0,0.0,0.0,0.0,0.6328498319987731,0.6324731036290968,0.0,0.0,0.0,0.0,0.0,0.6468832702048798,0.6466456434916189,0.0,0.0,0.0,0.0,0.0,0.014033438206106696,0.014172539862522093,0.0
171,order1,occlusion_5,14,True,0,question,True,0.0968325287103653,0.0,0.0,0.0,0.0,0.23519895445582048,0.24456133763207505,0.0,0.0,0.0,0.0,0.0,0.24411241535057468,0.2520940553509523,0.0,0.0,0.0,0.0,0.0,0.0089134608947542,0.007532717718877258,0.0
617,order1,occlusion_5,15,True,0,question,True,0.0968654528260231,0.9842105263157894,0.018611035374480348,0.0,0.0,0.018611035374480348,0.019362103566063132,0.019362103566063132,0.9353233830845771,0.01838970237411441,0.0,0.0,0.019454369353668403,0.020314113020319442,0.01911916519559477,-0.04888714323121235,-0.0002213330003659371,0.0,0.0,0.0008433339791880552,0.0009520094542563098,-0.00024293837046836242
3,order1,occlusion_5,16,True,1,caption,True,0.09688285738229752,0.0,0.0,0.0,0.0,0.052292891867122604,0.09156949756617348,0.0,0.0,0.0,0.0,0.0,0.05349324994896138,0.09219596450479632,0.0,0.0,0.0,0.0,0.0,0.0012003580818387774,0.0006264669386228383,0.0
332,order1,occlusion_5,17,True,1,caption,True,0.09783391654491425,0.20224719101123595,0.01965917758884956,0.0,0.0,0.03485790415362836,0.03332601006890146,0.019294005829364,0.18181818181818182,0.017605155724338385,0.0,0.0,0.03476640605168491,0.03322626414300718,0.01740423359871805,-0.020429009193054126,-0.002054021864511174,0.0,0.0,-9.14981019434491e-05,-9.974592589427622e-05,-0.0018897722306459516
534,order1,occlusion_5,18,True,1,question,True,0.10279840975999832,0.795774647887324,0.0,0.0,0.0,0.014604445899999334,0.021127726132534122,0.0,0.11840796019900497,0.0,0.0,0.0,0.014773444659068059,0.02166980291453937,0.0,-0.677366687688319,0.0,0.0,0.0,0.0001689987590687246,0.0005420767820052477,0.0
356,order1,occlusion_5,19,True,1,caption,True,0.1028064489364624,0.1449758991472006,0.0,0.0,0.0,0.0,0.0,0.0,0.6140155728587319,0.0,0.0,0.0,0.0,0.0,0.0,0.46903967371153127,0.0,0.0,0.0,0.0,0.0,0.0
133,order1,occlusion_5,20,True,1,question,True,0.10492938756942749,0.6337817638266069,0.5451913768226008,1.0,1.0,0.8181691446069548,0.821203835066039,0.550562726524609,0.09616342800199303,0.07801605071322963,0.0,0.0,0.8182348706685152,0.8212043433200193,0.08066317609016674,-0.5376183358246138,-0.4671753261093711,-1.0,-1.0,6.572606156041161e-05,5.082539803469288e-07,-0.4698995504344423
68,order1,occlusion_5,21,True,1,question,True,0.10962427407503128,0.703125,0.4368047353846309,1.0,0.0,0.6159167603816662,0.6143652886251506,0.44681111900010956,0.5921052631578947,0.38007106838397275,1.0,0.0,0.6363455028549906,0.6351257757793625,0.39084663124883845,-0.11101973684210531,-0.05673366700065813,0.0,0.0,0.02042874247332438,0.02076048715421186,-0.05596448775127111
324,order1,occlusion_5,22,True,1,question,True,0.11407291889190674,0.16058394160583941,0.10157967240690323,0.0,0.0,0.6336312933160916,0.6250898207372443,0.10853223285425256,0.16793893129770993,0.10734399357747802,0.0,0.0,0.6399054642100218,0.6311383783435448,0.11458036556041717,0.0073549896918705115,0.005764321170574793,0.0,0.0,0.006274170893930231,0.00604855760630052,0.006048132706164611
642,order1,occlusion_5,23,True,1,question,True,0.12089987099170685,0.4623115577889447,0.030283267422902875,0.0,0.0,0.12004856791769761,0.1303427069077785,0.03608912000857472,0.49246231155778897,0.030355596119263337,0.0,0.0,0.11225377659655798,0.12255867374463103,0.03493682932187055,0.03015075376884424,7.232869636046232e-05,0.0,0.0,-0.007794791321139624,-0.0077840331631474635,-0.001152290686704173
543,order1,occlusion_5,24,True,1,caption,True,0.12066495418548584,0.0,0.0,0.0,0.0,0.6439780007081242,0.6440329997846549,0.0,0.0,0.0,0.0,0.0,0.6490820641171343,0.6498001334397051,0.0,0.0,0.0,0.0,0.0,0.005104063409010151,0.005767133655050216,0.0
567,order1,occlusion_5,25,True,1,caption,True,0.13061557710170746,0.6756756756756757,0.0,0.0,0.0,0.0,0.0,0.0,0.6226415094339622,0.0,0.0,0.0,0.0,0.0,0.0,-0.05303416624171342,0.0,0.0,0.0,0.0,0.0,0.0
40,order1,occlusion_5,26,True,1,caption,True,0.12983722984790802,0.9459459459459459,0.8267798559284465,1.0,1.0,0.857548379603863,0.8748671269616669,0.8453669923979541,0.9797297297297297,0.8562832902703301,1.0,1.0,0.8562832902703301,0.8736088958639847,0.8736088958639847,0.03378378378378377,0.029503434341883628,0.0,0.0,-0.001265089333532865,-0.0012582310976821942,0.028241903466030616
401,order1,occlusion_5,27,True,1,caption,True,0.1392829567193985,0.6296296296296297,0.3630521317275329,1.0,0.0,0.5844405821527885,0.5865684681230031,0.3650479847591088,0.700462962962963,0.42646800619896713,1.0,0.0,0.5945868909758354,0.5967165451710094,0.427091376991607,0.0708333333333333,0.06341587447143421,0.0,0.0,0.010146308823046901,0.010148077048006243,0.06204339223249816
34,order1,occlusion_5,28,True,1,caption,True,0.13450992107391357,0.5294117647058824,0.4297222033173643,1.0,0.0,0.8068915648384433,0.8150647490111536,0.44511275316385207,0.5775401069518716,0.4726167434699142,1.0,0.0,0.8123511894663159,0.8200539638705377,0.48980683633787897,0.048128342245989275,0.0428945401525499,0.0,0.0,0.005459624627872639,0.0049892148593841945,0.0446940831740269
485,order1,occlusion_5,29,True,1,question,True,0.1419716626405716,0.8975308641975308,0.345331034717613,1.0,0.0,0.3972040750169358,0.3934166241675951,0.3463028984493057,0.998766954377312,0.4014732091898438,1.0,0.0,0.4019688551271152,0.39875791162590923,0.39582586815807164,0.10123609017978119,0.0561421744722308,0.0,0.0,0.004764780110179445,0.005341287458314137,0.04952296970876596
377,order1,occlusion_5,30,True,1,caption,True,0.15504223108291626,0.07586206896551724,0.039969096405269404,0.0,0.0,0.4630781192406134,0.45411644460404027,0.040902854521190066,0.813953488372093,0.3905638708386183,1.0,0.0,0.4798356127445882,0.4716828001498228,0.3537621001123671,0.7380914194065757,0.3505947744333489,1.0,0.0,0.01675749350397482,0.017566355545782508,0.312859245591177
609,order1,occlusion_5,31,True,1,caption,True,0.15504875779151917,0.0,0.0,0.0,0.0,0.744411036677845,0.7469161139054061,0.0,0.13716814159292035,0.10503681955857798,0.0,0.0,0.7657522974270524,0.7692629130188975,0.10181420907603055,0.13716814159292035,0.10503681955857798,0.0,0.0,0.02134126074920739,0.022346799113491356,0.10181420907603055
620,order1,occlusion_5,32,True,2,caption,True,0.15156997740268707,0.345679012345679,0.2790872214933736,0.0,0.0,0.7999528102521051,0.7829747751959908,0.27963384828428245,0.32967032967032966,0.26587618334111235,0.0,0.0,0.8064910894680408,0.7914244423330224,0.2473201382290695,-0.01600868267534933,-0.013211038152261267,0.0,0.0,0.0065382792159357495,0.008449667137031658,-0.03231371005521294
65,order1,occlusion_5,33,True,2,caption,True,0.15318594872951508,0.08237547892720307,0.02787744210787474,0.0,0.0,0.3163483647893612,0.3333223544459308,0.02752202926617777,0.08634538152610442,0.029361767707798806,0.0,0.0,0.31787305040182184,0.33497316450584835,0.028988062313006106,0.0039699025989013564,0.001484325599924067,0.0,0.0,0.0015246856124606634,0.0016508100599175735,0.0014660330468283349
238,order1,occlusion_5,34,True,2,question,True,0.15502390265464783,0.0,0.0,0.0,0.0,0.8861363106177821,0.877404441168681,0.0,0.0,0.0,0.0,0.0,0.8798605001617247,0.8670961882989233,0.0,0.0,0.0,0.0,0.0,-0.006275810456057407,-0.010308252869757673,0.0
94,order1,occlusion_5,35,True,2,caption,True,0.1551104187965393,0.5995591476855253,0.29351333674850033,0.0,0.0,0.48783402099418727,0.4892868314359841,0.2956352136795113,0.6245407788390889,0.31026313829583746,1.0,0.0,0.4964944257034757,0.4980434364592019,0.3130697940395086,0.024981631153563555,0.01674980154733713,1.0,0.0,0.008660404709288416,0.00875660502321779,0.017434580359997287
588,order1,occlusion_5,36,True,2,question,True,0.15512846410274506,0.0,0.0,0.0,0.0,0.0,0.0,0.0,0.0,0.0,0.0,0.0,0.0,0.0,0.0,0.0,0.0,0.0,0.0,0.0,0.0,0.0
544,order1,occlusion_5,37,True,2,question,True,0.16528978943824768,0.7769784172661871,0.41661529292673194,1.0,0.0,0.5361993121927383,0.5126797932989869,0.3943690717684515,0.7152317880794702,0.3901288065516686,1.0,0.0,0.5454578684194625,0.5218398799081306,0.3727427713629505,-0.06174662918671692,-0.026486486375063345,0.0,0.0,0.009258556226724224,0.009160086609143692,-0.02162630040550101
138,order1,occlusion_5,38,True,2,question,True,0.16506576538085938,0.7581069237510956,0.5851926480424228,1.0,1.0,0.7936077496854247,0.7917441832749051,0.5841348088784405,0.7380530973451327,0.5713553190270904,1.0,1.0,0.7957328961777944,0.7941115178423314,0.5783314369377021,-0.02005382640596287,-0.013837329015332411,0.0,0.0,0.0021251464923697228,0.002367334567426216,-0.005803371940738433
650,order1,occlusion_5,39,True,2,caption,True,0.17259876430034637,0.7376093294460642,0.009225980023036432,0.0,0.0,0.00923557655276859,0.010364519533599867,0.010364519533599867,0.8775510204081632,0.0114783649152541,0.0,0.0,0.011511607135192012,0.01275754690419221,0.01275754690419221,0.13994169096209907,0.0022523848922176674,0.0,0.0,0.002276030582423422,0.002393027370592344,0.002393027370592344
169,order1,occlusion_5,40,True,2,question,True,0.17272543907165527,0.0,0.0,0.0,0.0,0.24794396658442366,0.37027780088782003,0.0,0.0,0.0,0.0,0.0,0.23872764262680088,0.35636178555945125,0.0,0.0,0.0,0.0,0.0,-0.009216323957622785,-0.01391601532836878,0.0
663,order1,occlusion_5,41,True,2,question,True,0.17325177788734436,0.8663426488456865,0.3306307760083669,1.0,0.0,0.3791370786027901,0.3761511789468348,0.32597901819763514,0.9616963064295485,0.37631603703008853,1.0,0.0,0.39035369561927546,0.38746504520829966,0.3774633021290347,0.09535365758386205,0.04568526102172166,0.0,0.0,0.011216617016485353,0.011313866261464856,0.05148428393139953
623,order1,occlusion_5,42,True,2,caption,True,0.1660361886024475,0.8161209068010076,0.09950617439179582,0.0,0.0,0.14293312425422175,0.13813004861029374,0.09640995016841666,0.8593350383631714,0.1321108246115866,0.0,0.0,0.16859723488053638,0.1569997534864152,0.12335440607370855,0.043214131562163804,0.03260465021979078,0.0,0.0,0.02566411062631463,0.018869704876121468,0.02694445590529189
44,order1,occlusion_5,43,True,2,question,True,0.16604211926460266,0.9624664879356568,0.0,0.0,0.0,0.0,0.0,0.0,0.9088471849865952,0.0,0.0,0.0,0.0,0.0,0.0,-0.05361930294906159,0.0,0.0,0.0,0.0,0.0,0.0
119,order1,occlusion_5,44,True,2,caption,True,0.1631367951631546,0.07428571428571429,0.002369016294265295,0.0,0.0,0.015042955185177204,0.07159016362292975,0.013819261716547564,0.016029593094944512,0.0004506569552042426,0.0,0.0,0.008388806490560266,0.039679523190513814,0.0026258507993722376,-0.058256121190769776,-0.0019183593390610526,0.0,0.0,-0.006654148694616937,-0.03191064043241593,-0.011193410917175326
648,order1,occlusion_5,45,True,2,question,True,0.17308849096298218,0.0423728813559322,0.0,0.0,0.0,0.0,0.0,0.0,0.10071942446043165,0.0,0.0,0.0,0.0,0.0,0.0,0.05834654310449945,0.0,0.0,0.0,0.0,0.0,0.0
418,order1,occlusion_5,46,True,2,question,True,0.17183120548725128,0.0,0.0,0.0,0.0,0.9223902776563709,0.921998002686945,0.0,0.2386058981233244,0.2191368991443508,0.0,0.0,0.9184052065263241,0.9179659764884126,0.21856332773533635,0.2386058981233244,0.2191368991443508,0.0,0.0,-0.003985071130046869,-0.004032026198532379,0.21856332773533635
447,order1,occlusion_5,47,True,2,question,False,0.17183120548725128,0.6338797814207651,0.5287500489667969,1.0,1.0,0.841827489779971,0.8470814422784215,0.5344850603425938,0.6240437158469946,0.5231140702862876,1.0,1.0,0.8428180570398487,0.8481425796799169,0.528464298307293,-0.00983606557377048,-0.005635978680509246,0.0,0.0,0.0009905672598776727,0.0010611374014953823,-0.006020762035300775
400,order1,occlusion_5,48,True,3,question,True,0.1718350052833557,0.8530864197530864,0.5430027484670651,1.0,1.0,0.6250461958027254,0.6261305599650661,0.546723207547096,0.920332936979786,0.59074656354409,1.0,1.0,0.6416231320530453,0.6426663416399583,0.5883825297506502,0.06724651722669961,0.047743815077024965,0.0,0.0,0.016576936250319974,0.016535781674892225,0.04165932220355417
339,order1,occlusion_5,49,True,3,caption,True,0.18560196459293365,0.10888252148997135,0.0,0.0,0.0,0.03700151140470202,0.08818011177211181,0.0,0.14326647564469913,0.0,0.0,0.0,0.03477138094499539,0.0891412779067776,0.0,0.03438395415472778,0.0,0.0,0.0,-0.0022301304597066307,0.0009611661346657918,0.0
512,order1,occlusion_5,50,True,3,caption,True,0.180929034948349,0.0,0.0,0.0,0.0,0.5882707107943032,0.5895273229202462,0.0,0.0,0.0,0.0,0.0,0.5970938492774109,0.5983638360193032,0.0,0.0,0.0,0.0,0.0,0.008823138483107784,0.008836513099056975,0.0
600,order1,occlusion_5,51,True,3,caption,True,0.19077147543430328,0.0,0.0,0.0,0.0,0.29881368009796655,0.2910195077516176,0.0,0.0,0.0,0.0,0.0,0.3130550178695721,0.3108812007966196,0.0,0.0,0.0,0.0,0.0,0.014241337771605578,0.01986169304500196,0.0
346,order1,occlusion_5,52,True,3,caption,True,0.19078941643238068,0.18859649122807018,0.15057347236490168,0.0,0.0,0.7935100819136883,0.7940602213310187,0.16795221653488354,0.17916666666666667,0.14559553905731226,0.0,0.0,0.8084558021492289,0.8087644195544232,0.16239324773081082,-0.00942982456140351,-0.004977933307589416,0.0,0.0,0.014945720235540527,0.014704198223404519,-0.0055589688040727225
258,order1,occlusion_5,53,True,3,caption,True,0.19151534140110016,0.0,0.0,0.0,0.0,0.7917656190003179,0.7802159235008289,0.0,0.0,0.0,0.0,0.0,0.788129843277647,0.7757612876773696,0.0,0.0,0.0,0.0,0.0,-0.003635775722670931,-0.004454635823459285,0.0
564,order1,occlusion_5,54,True,3,question,True,0.21261624991893768,0.8481481481481481,0.0,0.0,0.0,0.0,0.0,0.0,0.8037037037037037,0.0,0.0,0.0,0.0,0.0,0.0,-0.0444444444444444,0.0,0.0,0.0,0.0,0.0,0.0
206,order1,occlusion_5,55,True,3,caption,True,0.2163548618555069,0.9094437257438551,0.5363320930587078,1.0,1.0,0.5798092373477349,0.5818644037047644,0.5392340471974215,0.8939197930142303,0.5421851756145042,1.0,1.0,0.595570936893063,0.5976448600496456,0.5452091561418615,-0.015523932729624823,0.005853082555796418,0.0,0.0,0.015761699545328023,0.015780456344881122,0.005975108944439977
492,order1,occlusion_5,56,True,3,question,True,0.22768400609493256,0.8473895582329317,0.4631795659638544,1.0,0.0,0.549317710307062,0.5406823851471848,0.4634420444118727,0.7753623188405797,0.44595836832802244,1.0,0.0,0.5751612600866084,0.5666423931722149,0.4340239607276539,-0.072027239392352,-0.017221197635831964,0.0,0.0,0.025843549779546393,0.025960008025030068,-0.029418083684218777
243,order1,occlusion_5,57,True,3,caption,True,0.22789216041564941,0.9668874172185431,0.7913185390532035,1.0,1.0,0.8169033370360852,0.8155142162501198,0.7849786951871327,0.9845132743362832,0.8024011999048674,1.0,1.0,0.8149161867443832,0.8136245219502215,0.8136245219502215,0.017625857117740118,0.011082660851663872,0.0,0.0,-0.0019871502917020445,-0.0018896942998982702,0.0286458267630888
359,order1,occlusion_5,58,True,3,question,True,0.2345106154680252,0.8743961352657005,0.6195747484644999,1.0,1.0,0.7111495758628458,0.716859217935652,0.6253222773175863,0.7874396135265701,0.5645410049184916,1.0,1.0,0.7208934618446409,0.7262531603389182,0.5711527228786861,-0.08695652173913038,-0.05503374354600832,0.0,0.0,0.009743885981795097,0.009393942403266187,-0.05416955443890015
132,order1,occlusion_5,59,True,3,question,True,0.2347257435321808,0.0,0.0,0.0,0.0,0.07769867433856355,0.08680995930222307,0.0,0.0,0.0,0.0,0.0,0.07814722711667797,0.08682641453007489,0.0,0.0,0.0,0.0,0.0,0.00044855277811442495,1.64552278518193e-05,0.0
419,order1,occlusion_5,60,True,3,question,True,0.22277295589447021,0.27807486631016043,0.08379198366812342,0.0,0.0,0.1160738627107947,0.1137291665855458,0.08141914257678966,0.27807486631016043,0.08294250995563258,0.0,0.0,0.11951060633923731,0.11717103421228525,0.08081994615288238,0.0,-0.0008494737124908336,0.0,0.0,0.0034367436284426095,0.0034418676267394532,-0.0005991964239072806
490,order1,occlusion_5,61,True,3,question,True,0.2174675166606903,0.9473684210526315,0.7696078104619404,1.0,1.0,0.7987299518021904,0.8064017614438804,0.8064017614438804,0.8947368421052632,0.7443998307849649,1.0,1.0,0.8147035077581626,0.8218570636552422,0.7800817085293029,-0.05263157894736836,-0.025207979676975523,0.0,0.0,0.015973555955972163,0.015455302211361821,-0.026320052914577508
441,order1,occlusion_5,62,True,3,caption,True,0.20823343098163605,0.0,0.0,0.0,0.0,0.41567690525122264,0.4280272949200094,0.0,0.09031318281136198,0.0360604490769494,0.0,0.0,0.3992822305052542,0.4105672540223948,0.03587480860389857,0.09031318281136198,0.0360604490769494,0.0,0.0,-0.01639467474596845,-0.017460040897614604,0.03587480860389857
538,order1,occlusion_5,63,True,3,caption,True,0.21963278949260712,0.4199134199134199,0.1615796900632468,0.0,0.0,0.38479287015061864,0.38596868578827426,0.1575382390972548,0.3050314465408805,0.12313928651038522,0.0,0.0,0.40369374340518044,0.40467762491001213,0.12079929101791408,-0.11488197337253941,-0.038440403552861574,0.0,0.0,0.0189008732545618,0.018708939121737878,-0.036738948079340736
44,order2,occlusion_5,0,True,0,question,True,1.0823996490216814e-05,0.9624664879356568,0.0,0.0,0.0,0.0,0.0,0.0,0.9088471849865952,0.0,0.0,0.0,0.0,0.0,0.0,-0.05361930294906159,0.0,0.0,0.0,0.0,0.0,0.0
180,order2,occlusion_5,1,True,0,question,True,0.021219097077846527,0.8137931034482758,0.0,0.0,0.0,0.0,0.0,0.0,0.8489208633093526,0.0,0.0,0.0,0.0,0.0,0.0,0.035127759861076746,0.0,0.0,0.0,0.0,0.0,0.0
642,order2,occlusion_5,2,True,0,question,True,0.09746769070625305,0.4623115577889447,0.030283267422902875,0.0,0.0,0.12004856791769761,0.1303427069077785,0.03608912000857472,0.49246231155778897,0.0348876408851562,0.0,0.0,0.1203025288592554,0.13055662332948925,0.039656660946763664,0.03015075376884424,0.004604373462253328,0.0,0.0,0.0002539609415577876,0.0002139164217107581,0.003567540938188944
138,order2,occlusion_5,3,True,0,question,True,0.09772435575723648,0.7581069237510956,0.5851926480424228,1.0,1.0,0.7936077496854247,0.7917441832749051,0.5841348088784405,0.7380530973451327,0.5698607769566503,1.0,1.0,0.7938027479487594,0.7920008138482073,0.576702540984451,-0.02005382640596287,-0.015331871085772497,0.0,0.0,0.00019499826333468917,0.00025663057330216343,-0.0074322678939895415
159,order2,occlusion_5,4,True,0,question,True,0.09754593670368195,0.0,0.0,0.0,0.0,0.09544079265983064,0.09483096078989978,0.0,0.2616279069767442,0.024407192298788394,0.0,0.0,0.09328971278648009,0.09247417970088817,0.024219428016899285,0.2616279069767442,0.024407192298788394,0.0,0.0,-0.0021510798733505587,-0.002356781089011606,0.024219428016899285
12,order2,occlusion_5,5,True,0,question,True,0.09778083115816116,0.29545454545454547,0.14337506119516014,0.0,0.0,0.4818314707819907,0.47880389397105033,0.14318876226865554,0.3898305084745763,0.1881557016704106,0.0,0.0,0.4826602781980098,0.4796382357152645,0.18447624450587094,0.09437596302003082,0.04478064047525046,0.0,0.0,0.000828807416019095,0.000834341744214151,0.0412874822372154
1,order2,occlusion_5,6,True,0,caption,True,0.09918782860040665,0.7910447761194029,0.4288288730325635,1.0,0.0,0.53206545357744,0.5249160488714408,0.39368703665358057,0.6708860759493671,0.3628967899681068,1.0,0.0,0.5309045631014896,0.523840015935814,0.33675429595873757,-0.12015870017003583,-0.06593208306445669,0.0,0.0,-0.0011608904759503602,-0.0010760329356268583,-0.056932740694843
507,order2,occlusion_5,7,True,0,caption,True,0.094120554625988,0.0,0.0,0.0,0.0,0.2589258892764015,0.29916694771184016,0.0,0.0,0.0,0.0,0.0,0.13998150421795033,0.15516115552776752,0.0,0.0,0.0,0.0,0.0,-0.11894438505845115,-0.14400579218407264,0.0
206,order2,occlusion_5,8,True,0,caption,True,0.09634300321340561,0.9094437257438551,0.5363320930587078,1.0,1.0,0.5798092373477349,0.5818644037047644,0.5392340471974215,0.8939197930142303,0.5311848281806947,1.0,1.0,0.5833933072695079,0.585464952186376,0.5341599456294602,-0.015523932729624823,-0.005147264878013091,0.0,0.0,0.003584069921772959,0.0036005484816115096,-0.005074101567961287
68,order2,occlusion_5,9,True,0,question,True,0.09841906279325485,0.703125,0.4368047353846309,1.0,0.0,0.6159167603816662,0.6143652886251506,0.44681111900010956,0.5921052631578947,0.37668726895739296,1.0,0.0,0.6307076101571737,0.6293685898419776,0.38730374759506314,-0.11101973684210531,-0.06011746642723792,0.0,0.0,0.014790849775507486,0.015003301216827025,-0.059507371405046416
169,order2,occlusion_5,10,True,0,question,True,0.0984501838684082,0.0,0.0,0.0,0.0,0.24794396658442366,0.37027780088782003,0.0,0.0,0.0,0.0,0.0,0.24180608562654043,0.3611615550297024,0.0,0.0,0.0,0.0,0.0,-0.006137880957883229,-0.009116245858117655,0.0
418,order2,occlusion_5,11,True,0,question,True,0.09718410670757294,0.0,0.0,0.0,0.0,0.9223902776563709,0.921998002686945,0.0,0.2386058981233244,0.2196180469304558,0.0,0.0,0.9204217023040451,0.9199884367518211,0.21904486589329075,0.2386058981233244,0.2196180469304558,0.0,0.0,-0.001968575352325863,-0.0020095659351239137,0.21904486589329075
567,order2,occlusion_5,12,True,0,caption,True,0.11586026847362518,0.6756756756756757,0.0,0.0,0.0,0.0,0.0,0.0,0.6226415094339622,0.0,0.0,0.0,0.0,0.0,0.0,-0.05303416624171342,0.0,0.0,0.0,0.0,0.0,0.0
332,order2,occlusion_5,13,True,0,caption,True,0.11637374013662338,0.20224719101123595,0.01965917758884956,0.0,0.0,0.03485790415362836,0.03332601006890146,0.019294005829364,0.18181818181818182,0.01770822095283638,0.0,0.0,0.034983094462206335,0.03341736405145463,0.017504333550761947,-0.020429009193054126,-0.0019509566360131798,0.0,0.0,0.00012519030857797292,9.135398255317312e-05,-0.0017896722786020537
324,order2,occlusion_5,14,True,0,question,True,0.11775688827037811,0.16058394160583941,0.10157967240690323,0.0,0.0,0.6336312933160916,0.6250898207372443,0.10853223285425256,0.16793893129770993,0.10623443654014152,0.0,0.0,0.6337545226329658,0.6247189092064053,0.11337356791353269,0.0073549896918705115,0.004654764133238287,0.0,0.0,0.00012322931687425154,-0.0003709115308390132,0.004841335059280125
346,order2,occlusion_5,15,True,0,caption,True,0.11776689440011978,0.18859649122807018,0.15057347236490168,0.0,0.0,0.7935100819136883,0.7940602213310187,0.16795221653488354,0.17916666666666667,0.14387345360210846,0.0,0.0,0.7983252063361089,0.7987412217041122,0.16046692133854884,-0.00942982456140351,-0.0067000187627932195,0.0,0.0,0.0048151244224206025,0.004681000373093491,-0.007485295196334701
3,order2,occlusion_5,16,True,1,caption,True,0.11777133494615555,0.0,0.0,0.0,0.0,0.052292891867122604,0.09156949756617348,0.0,0.0,0.0,0.0,0.0,0.05334287022325315,0.09196625317674234,0.0,0.0,0.0,0.0,0.0,0.0010499783561305487,0.000396755610568858,0.0
490,order2,occlusion_5,17,True,1,question,True,0.11584694683551788,0.9473684210526315,0.7696078104619404,1.0,1.0,0.7987299518021904,0.8064017614438804,0.8064017614438804,0.8947368421052632,0.7351206254031722,1.0,1.0,0.8066676223422313,0.814932353945912,0.7724221714112601,-0.05263157894736836,-0.03448718505876813,0.0,0.0,0.007937670540040909,0.008530592502031586,-0.0339795900326203
359,order2,occlusion_5,18,True,1,question,True,0.120620496571064,0.8743961352657005,0.6195747484644999,1.0,1.0,0.7111495758628458,0.716859217935652,0.6253222773175863,0.7874396135265701,0.555914106086862,1.0,1.0,0.7135995295711154,0.7193978883940636,0.5624564626236315,-0.08695652173913038,-0.06366064237763791,0.0,0.0,0.0024499537082696143,0.002538670458411607,-0.0628658146939548
588,order2,occlusion_5,19,True,1,question,True,0.12064003944396973,0.0,0.0,0.0,0.0,0.0,0.0,0.0,0.0,0.0,0.0,0.0,0.0,0.0,0.0,0.0,0.0,0.0,0.0,0.0,0.0,0.0
650,order2,occlusion_5,20,True,1,caption,True,0.1240793839097023,0.7376093294460642,0.009225980023036432,0.0,0.0,0.00923557655276859,0.010364519533599867,0.010364519533599867,0.8775510204081632,0.010242287437341187,0.0,0.0,0.010269316256393463,0.011563276081831738,0.011563276081831738,0.13994169096209907,0.0010163074143047547,0.0,0.0,0.0010337397036248724,0.0011987565482318718,0.0011987565482318718
356,order2,occlusion_5,21,True,1,caption,True,0.1240825280547142,0.1449758991472006,0.0,0.0,0.0,0.0,0.0,0.0,0.6140155728587319,0.0,0.0,0.0,0.0,0.0,0.0,0.46903967371153127,0.0,0.0,0.0,0.0,0.0,0.0
485,order2,occlusion_5,22,True,1,question,True,0.1327497661113739,0.8975308641975308,0.345331034717613,1.0,0.0,0.3972040750169358,0.3934166241675951,0.3463028984493057,0.998766954377312,0.39584914127757237,1.0,0.0,0.3963378439211249,0.3929091534343522,0.3900201155414525,0.10123609017978119,0.050518106559959364,0.0,0.0,-0.0008662310958108543,-0.0005074707332429207,0.04371721709214682
132,order2,occlusion_5,23,True,1,question,True,0.13704439997673035,0.0,0.0,0.0,0.0,0.07769867433856355,0.08680995930222307,0.0,0.0,0.0,0.0,0.0,0.07701981954877583,0.08605932184011354,0.0,0.0,0.0,0.0,0.0,-0.000678854789787714,-0.0007506374621095296,0.0
600,order2,occlusion_5,24,True,1,caption,True,0.14538025856018066,0.0,0.0,0.0,0.0,0.29881368009796655,0.2910195077516176,0.0,0.0,0.0,0.0,0.0,0.3069003665155852,0.30429969091249043,0.0,0.0,0.0,0.0,0.0,0.008086686417618671,0.013280183160872816,0.0
41,order2,occlusion_5,25,True,1,caption,True,0.16115732491016388,0.06842105263157895,0.008616104363032865,0.0,0.0,0.2187416193838439,0.2205612378681547,0.014919001368361863,0.2723404255319149,0.0651941350684718,0.0,0.0,0.2393847147045449,0.24117000500961064,0.06632175137764293,0.20391937290033596,0.05657803070543893,0.0,0.0,0.020643095320700994,0.02060876714145593,0.051402750009281066
617,order2,occlusion_5,26,True,1,question,True,0.16117750108242035,0.9842105263157894,0.018611035374480348,0.0,0.0,0.018611035374480348,0.019362103566063132,0.019362103566063132,0.9353233830845771,0.019254438799664077,0.0,0.0,0.02036916946701305,0.02137740773950164,0.02011991316658978,-0.04888714323121235,0.0006434034251837292,0.0,0.0,0.0017581340925327017,0.002015304173438509,0.0007578096005266474
34,order2,occlusion_5,27,True,1,caption,True,0.155638188123703,0.5294117647058824,0.4297222033173643,1.0,0.0,0.8068915648384433,0.8150647490111536,0.44511275316385207,0.5775401069518716,0.47402411546239237,1.0,0.0,0.8139339840244072,0.8215591945163271,0.4912073205250595,0.048128342245989275,0.044301912145028044,0.0,0.0,0.007042419185963933,0.0064944455051735295,0.04609456736120743
312,order2,occlusion_5,28,True,1,question,True,0.1607288122177124,0.6337962962962963,0.39360296830347286,1.0,0.0,0.609141548134236,0.6096827046575796,0.3947155734977301,0.6449074074074074,0.4012600958989456,1.0,0.0,0.6096757627689253,0.6104947333826873,0.4023621071025748,0.011111111111111072,0.007657127595472768,0.0,0.0,0.0005342146346892784,0.0008120287251077718,0.007646533604844685
94,order2,occlusion_5,29,True,1,caption,True,0.16229979693889618,0.5995591476855253,0.29351333674850033,0.0,0.0,0.48783402099418727,0.4892868314359841,0.2956352136795113,0.6245407788390889,0.30934368784829885,1.0,0.0,0.49518953583768105,0.496794870702253,0.31215945018563107,0.024981631153563555,0.015830351099798523,1.0,0.0,0.007355514843493782,0.007508039266268862,0.016524236506119783
544,order2,occlusion_5,30,True,1,question,True,0.17035114765167236,0.7769784172661871,0.41661529292673194,1.0,0.0,0.5361993121927383,0.5126797932989869,0.3943690717684515,0.7152317880794702,0.38894818450022883,1.0,0.0,0.5438071838845792,0.5202328079459145,0.3715948628185104,-0.06174662918671692,-0.027667108426503106,0.0,0.0,0.007607871691840851,0.007553014646927592,-0.022774208949941088
83,order2,occlusion_5,31,True,1,question,True,0.17362265288829803,0.6307692307692307,0.4813357690413362,1.0,0.0,0.7690638449798107,0.7675250040311024,0.47971699214748725,0.20051282051282052,0.15576225186022416,0.0,0.0,0.7648344660766228,0.7633423589646707,0.1588743042613367,-0.43025641025641026,-0.32557351718111205,-1.0,0.0,-0.004229378903187975,-0.004182645066431623,-0.32084268788615056
171,order2,occlusion_5,32,True,2,question,True,0.17394797503948212,0.0,0.0,0.0,0.0,0.23519895445582048,0.24456133763207505,0.0,0.0,0.0,0.0,0.0,0.25726224021693667,0.257219936114636,0.0,0.0,0.0,0.0,0.0,0.022063285761116186,0.012658598482560957,0.0
339,order2,occlusion_5,33,True,2,caption,True,0.18475684523582458,0.10888252148997135,0.0,0.0,0.0,0.03700151140470202,0.08818011177211181,0.0,0.14326647564469913,0.0,0.0,0.0,0.03199239727284548,0.08735921222226642,0.0,0.03438395415472778,0.0,0.0,0.0,-0.005009114131856542,-0.0008208995498453914,0.0
258,order2,occlusion_5,34,True,2,caption,True,0.18522916734218597,0.0,0.0,0.0,0.0,0.7917656190003179,0.7802159235008289,0.0,0.0,0.0,0.0,0.0,0.7862193851020833,0.7737760382211063,0.0,0.0,0.0,0.0,0.0,-0.005546233898234609,-0.0064398852797226125,0.0
24,order2,occlusion_5,35,True,2,caption,True,0.17804397642612457,0.36283185840707965,0.3450683860800366,1.0,0.0,0.9206833093351565,0.9158364184601221,0.3541941904317601,0.012145748987854251,0.011110304795150931,0.0,0.0,0.9212599104791205,0.9181278725699812,0.017889796789447816,-0.3506861094192254,-0.3339580812848857,-1.0,0.0,0.0005766011439639618,0.0022914541098590924,-0.3363043936423123
538,order2,occlusion_5,36,True,2,caption,True,0.18304407596588135,0.4199134199134199,0.1615796900632468,0.0,0.0,0.38479287015061864,0.38596868578827426,0.1575382390972548,0.3050314465408805,0.11546812222182877,0.0,0.0,0.37854497800558295,0.37778097749643086,0.1127704410437107,-0.11488197337253941,-0.046111567841418025,0.0,0.0,-0.006247892145035683,-0.008187708291843399,-0.04476779805354411
564,order2,occlusion_5,37,True,2,question,True,0.20200148224830627,0.8481481481481481,0.0,0.0,0.0,0.0,0.0,0.0,0.8037037037037037,0.0,0.0,0.0,0.0,0.0,0.0,-0.0444444444444444,0.0,0.0,0.0,0.0,0.0,0.0
243,order2,occlusion_5,38,True,2,caption,True,0.20244044065475464,0.9668874172185431,0.7913185390532035,1.0,1.0,0.8169033370360852,0.8155142162501198,0.7849786951871327,0.9845132743362832,0.803045669318063,1.0,1.0,0.8155751113321997,0.8142908412264512,0.8142908412264512,0.017625857117740118,0.011727130264859498,0.0,0.0,-0.0013282257038854661,-0.0012233750236685381,0.029312146039318532
400,order2,occlusion_5,39,True,2,question,True,0.20244336128234863,0.8530864197530864,0.5430027484670651,1.0,1.0,0.6250461958027254,0.6261305599650661,0.546723207547096,0.920332936979786,0.586607786390645,1.0,1.0,0.6371254820163033,0.6381613498715234,0.5842534551835283,0.06724651722669961,0.04360503792357995,0.0,0.0,0.0120792862135779,0.01203078990645734,0.03753024763643231
623,order2,occlusion_5,40,True,2,caption,True,0.20599694550037384,0.8161209068010076,0.09950617439179582,0.0,0.0,0.14293312425422175,0.13813004861029374,0.09640995016841666,0.8593350383631714,0.13856812709970664,0.0,0.0,0.1744065395690125,0.1607834499578984,0.1277393850027336,0.043214131562163804,0.039061952707910824,0.0,0.0,0.031473415314790754,0.022653401347604657,0.03132943483431694
512,order2,occlusion_5,41,True,2,caption,True,0.20206154882907867,0.0,0.0,0.0,0.0,0.5882707107943032,0.5895273229202462,0.0,0.0,0.0,0.0,0.0,0.5936680960290325,0.5949255547532107,0.0,0.0,0.0,0.0,0.0,0.005397385234729324,0.005398231832964506,0.0
562,order2,occlusion_5,42,True,2,caption,True,0.21344603598117828,0.3023255813953488,0.2038402634010472,0.0,0.0,0.6847041319925602,0.6652576401700446,0.21996561411288032,0.36538461538461536,0.2549143584601485,0.0,0.0,0.6992466822629497,0.6774351758352805,0.2634470128248313,0.06305903398926654,0.05107409505910129,0.0,0.0,0.014542550270389532,0.012177535665235828,0.043481398711950975
65,order2,occlusion_5,43,True,2,caption,True,0.21107016503810883,0.08237547892720307,0.02787744210787474,0.0,0.0,0.3163483647893612,0.3333223544459308,0.02752202926617777,0.08634538152610442,0.02940410887624689,0.0,0.0,0.3183314395732815,0.33562056140542373,0.029044087044700132,0.0039699025989013564,0.00152666676837215,0.0,0.0,0.0019830747839203466,0.0022982069594929544,0.0015220577785223614
371,order2,occlusion_5,44,True,2,caption,True,0.2132752537727356,0.675,0.0002937924063547062,0.0,0.0,0.000427334409243209,0.0,0.0,0.8709677419354839,0.00034709098545554517,0.0,0.0,0.00039126620178625093,0.0,0.0,0.19596774193548383,5.329857910083897e-05,0.0,0.0,-3.6068207456958074e-05,0.0,0.0
119,order2,occlusion_5,45,True,2,caption,True,0.21086953580379486,0.07428571428571429,0.002369016294265295,0.0,0.0,0.015042955185177204,0.07159016362292975,0.013819261716547564,0.016029593094944512,0.0,0.0,0.0,0.0,0.0,0.0,-0.058256121190769776,-0.002369016294265295,0.0,0.0,-0.015042955185177204,-0.07159016362292975,-0.013819261716547564
582,order2,occlusion_5,46,True,2,question,True,0.21021543443202972,0.5507246376811594,0.39465273279637686,1.0,0.0,0.6723713225419754,0.7160854419110264,0.40474394542797143,0.5507246376811594,0.39851498692272747,1.0,0.0,0.6789514592016838,0.7235263601643953,0.40894968183204955,0.0,0.003862254126350606,0.0,0.0,0.006580136659708358,0.0074409182533689,0.00420573640407812
377,order2,occlusion_5,47,True,2,caption,True,0.21834400296211243,0.07586206896551724,0.039969096405269404,0.0,0.0,0.4630781192406134,0.45411644460404027,0.040902854521190066,0.813953488372093,0.40631930481322703,1.0,0.0,0.4991922887705361,0.49694399143956675,0.37270799357967505,0.7380914194065757,0.3663502084079576,1.0,0.0,0.036114169529922746,0.042827546835526475,0.33180513905848497
419,order2,occlusion_5,48,True,3,question,True,0.20483627915382385,0.27807486631016043,0.08379198366812342,0.0,0.0,0.1160738627107947,0.1137291665855458,0.08141914257678966,0.27807486631016043,0.08249436139953024,0.0,0.0,0.11820511736623275,0.11592317020942144,0.08036551098808925,0.0,-0.0012976222685931738,0.0,0.0,0.00213125465543805,0.0021940036238756455,-0.0010536315887004072
648,order2,occlusion_5,49,True,3,question,True,0.21325089037418365,0.0423728813559322,0.0,0.0,0.0,0.0,0.0,0.0,0.10071942446043165,0.0,0.0,0.0,0.0,0.0,0.0,0.05834654310449945,0.0,0.0,0.0,0.0,0.0,0.0
133,order2,occlusion_5,50,True,3,question,True,0.21564610302448273,0.6337817638266069,0.5451913768226008,1.0,1.0,0.8181691446069548,0.821203835066039,0.550562726524609,0.09616342800199303,0.07798932522039953,0.0,0.0,0.8177730511883458,0.8207024308529084,0.08064245288433483,-0.5376183358246138,-0.46720205160220124,-1.0,-1.0,-0.0003960934186090226,-0.0005014042131306073,-0.4699202736402742
238,order2,occlusion_5,51,True,3,question,True,0.20736537873744965,0.0,0.0,0.0,0.0,0.8861363106177821,0.877404441168681,0.0,0.0,0.0,0.0,0.0,0.8692735345058041,0.855808423858465,0.0,0.0,0.0,0.0,0.0,-0.01686277611197795,-0.021596017310215987,0.0
401,order2,occlusion_5,52,True,3,caption,True,0.21907664835453033,0.6296296296296297,0.3630521317275329,1.0,0.0,0.5844405821527885,0.5865684681230031,0.3650479847591088,0.700462962962963,0.4332196879340115,1.0,0.0,0.6042744840816497,0.6063226367938122,0.433797850585295,0.0708333333333333,0.07016755620647858,0.0,0.0,0.019833901928861253,0.019754168670809036,0.0687498658261862
447,order2,occlusion_5,53,True,3,question,False,0.21907664835453033,0.6338797814207651,0.5287500489667969,1.0,1.0,0.841827489779971,0.8470814422784215,0.5344850603425938,0.6240437158469946,0.5223473179697986,1.0,1.0,0.8412276712603419,0.8465152954821414,0.5277153588924994,-0.00983606557377048,-0.006402730996998285,0.0,0.0,-0.0005998185196290917,-0.000566146796280087,-0.0067697014500943675
620,order2,occlusion_5,54,True,3,caption,True,0.212579607963562,0.345679012345679,0.2790872214933736,0.0,0.0,0.7999528102521051,0.7829747751959908,0.27963384828428245,0.32967032967032966,0.2656558722976186,0.0,0.0,0.8058228126361098,0.7937302468204772,0.24804070213139912,-0.01600868267534933,-0.013431349195755005,0.0,0.0,0.005870002384004702,0.010755471624486423,-0.031593146152883333
663,order2,occlusion_5,55,True,3,question,True,0.21283002197742462,0.8663426488456865,0.3306307760083669,1.0,0.0,0.3791370786027901,0.3761511789468348,0.32597901819763514,0.9616963064295485,0.3815736853313921,1.0,0.0,0.39589507648262007,0.3931428130545541,0.3828722857768861,0.09535365758386205,0.0509429093230252,0.0,0.0,0.016757997879829956,0.01699163410771931,0.05689326757925095
534,order2,occlusion_5,56,True,3,question,True,0.21749314665794373,0.795774647887324,0.0,0.0,0.0,0.014604445899999334,0.021127726132534122,0.0,0.11840796019900497,0.0,0.0,0.0,0.014695651911689986,0.022205223044736756,0.0,-0.677366687688319,0.0,0.0,0.0,9.120601169065184e-05,0.0010774969122026336,0.0
143,order2,occlusion_5,57,True,3,caption,True,0.22153744101524353,0.0,0.0,0.0,0.0,0.6328498319987731,0.6324731036290968,0.0,0.0,0.0,0.0,0.0,0.6691381229982414,0.6688773787747506,0.0,0.0,0.0,0.0,0.0,0.03628829099946829,0.03640427514565381,0.0
543,order2,occlusion_5,58,True,3,caption,True,0.21811100840568542,0.0,0.0,0.0,0.0,0.6439780007081242,0.6440329997846549,0.0,0.0,0.0,0.0,0.0,0.6438519683864615,0.6443649061979608,0.0,0.0,0.0,0.0,0.0,-0.0001260323216626391,0.00033190641330593795,0.0
550,order2,occlusion_5,59,True,3,caption,True,0.21862474083900452,0.47368421052631576,0.2669624902388311,0.0,0.0,0.5657598631071522,0.5611980613656264,0.2640932053485301,0.4696485623003195,0.2668230571316254,0.0,0.0,0.5681334481782229,0.5640787874565348,0.25543190375390257,-0.00403564822599628,-0.0001394331072057109,0.0,0.0,0.0023735850710706607,0.002880726090908392,-0.008661301594627524
40,order2,occlusion_5,60,True,3,caption,True,0.2169763296842575,0.9459459459459459,0.8267798559284465,1.0,1.0,0.857548379603863,0.8748671269616669,0.8453669923979541,0.9797297297297297,0.8519661264857699,1.0,1.0,0.8519661264857699,0.8692006322819601,0.8692006322819601,0.03378378378378377,0.025186270557323365,0.0,0.0,-0.005582253118093128,-0.005666494679706813,0.023833639884005997
609,order2,occlusion_5,61,True,3,caption,True,0.2169836163520813,0.0,0.0,0.0,0.0,0.744411036677845,0.7469161139054061,0.0,0.13716814159292035,0.10694816079362351,0.0,0.0,0.7796865915922231,0.7836080520924689,0.10371283042400324,0.13716814159292035,0.10694816079362351,0.0,0.0,0.03527555491437806,0.036691938187062734,0.10371283042400324
492,order2,occlusion_5,62,True,3,question,True,0.2282649576663971,0.8473895582329317,0.4631795659638544,1.0,0.0,0.549317710307062,0.5406823851471848,0.4634420444118727,0.7753623188405797,0.4446676698585843,1.0,0.0,0.5734966209391087,0.5648359855967768,0.4326403293932759,-0.072027239392352,-0.018511896105270098,0.0,0.0,0.02417891063204669,0.024153600449592028,-0.030801715018596798
441,order2,occlusion_5,63,True,3,caption,True,0.21827737987041473,0.0,0.0,0.0,0.0,0.41567690525122264,0.4280272949200094,0.0,0.09031318281136198,0.035837074072393775,0.0,0.0,0.39680889275319886,0.4082668981313261,0.03567380663283432,0.09031318281136198,0.035837074072393775,0.0,0.0,-0.01886801249802378,-0.0197603967886833,0.03567380663283432
550,order1,exposure_5,0,True,0,caption,True,0.007911824621260166,0.5034965034965035,0.2839145454558128,0.0,0.0,0.56605049401333,0.5614919384682692,0.2807459692341346,0.4696485623003195,0.265844800702746,0.0,0.0,0.56605049401333,0.5614919384682692,0.2542605004384615,-0.03384794119618406,-0.018069744753066774,0.0,0.0,0.0,0.0,-0.026485468795673095
12,order1,exposure_5,1,True,0,question,True,0.013163339346647263,0.5142857142857142,0.25199709588118013,0.0,0.0,0.4880479469619351,0.4845561164235555,0.24385702302967457,0.5111111111111111,0.24952381029069626,0.0,0.0,0.48819875926440576,0.48470336270140535,0.24235168135070267,-0.0031746031746031633,-0.0024732855904838758,0.0,0.0,0.0001508123024706598,0.000147246277849844,-0.0015053416789718999
24,order1,exposure_5,2,True,0,caption,True,0.016118193045258522,0.36283185840707965,0.34500716697595096,1.0,0.0,0.9207935977639816,0.9159506970217235,0.3541349553967501,0.012145748987854251,0.011009113046052038,0.0,0.0,0.9209322999676557,0.9161042965957507,0.017760746625903958,-0.3506861094192254,-0.3339980539298989,-1.0,0.0,0.00013870220367406816,0.0001535995740271634,-0.3363742087708462
41,order1,exposure_5,3,True,0,caption,True,0.02928604558110237,0.0,0.0,0.0,0.0,0.2197447466849371,0.22161925397143636,0.0,0.25296442687747034,0.05546068338200907,0.0,0.0,0.2192430139945046,0.2211322809165795,0.0565687230251715,0.25296442687747034,0.05546068338200907,0.0,0.0,-0.0005017326904324937,-0.0004869730548568707,0.0565687230251715
371,order1,exposure_5,4,True,0,caption,True,0.0320170633494854,0.675,0.0002937924063547062,0.0,0.0,0.000427334409243209,0.0,0.0,0.8709677419354839,0.00041265789220186857,0.0,0.0,0.0004651779875730155,0.0,0.0,0.19596774193548383,0.00011886548584716237,0.0,0.0,3.7843578329806486e-05,0.0,0.0
312,order1,exposure_5,5,True,0,question,True,0.03973859176039696,0.6337962962962963,0.40802909990266983,1.0,0.0,0.6231979470428691,0.6246057522049699,0.4100494622123935,0.6407407407407407,0.4122757717178648,1.0,0.0,0.6232512924537174,0.6246656641297568,0.41335377250886574,0.00694444444444442,0.004246671815194947,0.0,0.0,5.334541084822675e-05,5.9911924786826276e-05,0.0033043102964722126
83,order1,exposure_5,6,True,0,question,True,0.041597165167331696,0.6307692307692307,0.48022106363351524,1.0,0.0,0.7678218622521827,0.7663603255496894,0.4786804022915491,0.20051282051282052,0.1565828940675589,0.0,0.0,0.7682286037646933,0.7667610765501024,0.15969306005236786,-0.43025641025641026,-0.32363816956595637,-1.0,0.0,0.00040674151251052226,0.00040075100041303546,-0.31898734223918124
582,order1,exposure_5,7,True,0,question,True,0.04005814716219902,0.5507246376811594,0.39319123985224863,1.0,0.0,0.6698813716001273,0.7131901075127444,0.4031074520724207,0.5757575757575758,0.41211786884461155,1.0,0.0,0.6715994899689965,0.7151019008625645,0.4225602141460609,0.025032938076416378,0.018926628992362915,0.0,0.0,0.0017181183688692592,0.0019117933498201678,0.019452762073640162
1,order1,exposure_5,8,True,0,caption,True,0.052156928926706314,0.7910447761194029,0.4288288730325635,1.0,0.0,0.53206545357744,0.5249160488714408,0.39368703665358057,0.6708860759493671,0.36916221843460734,1.0,0.0,0.5400706528950737,0.5334875370441217,0.34295627381407817,-0.12015870017003583,-0.05966665459795617,0.0,0.0,0.008005199317633771,0.00857148817268083,-0.0507307628395024
562,order1,exposure_5,9,True,0,caption,True,0.06553801149129868,0.3023255813953488,0.2038402634010472,0.0,0.0,0.6847041319925602,0.6652576401700446,0.21996561411288032,0.36538461538461536,0.2512454202847657,0.0,0.0,0.6894919289069356,0.6690522393517453,0.2601869819701232,0.06305903398926654,0.04740515688371852,0.0,0.0,0.004787796914375364,0.003794599181700664,0.04022136785724287
180,order1,exposure_5,10,True,0,question,True,0.07020580768585205,0.8137931034482758,0.0,0.0,0.0,0.0,0.0,0.0,0.8489208633093526,0.0,0.0,0.0,0.0,0.0,0.0,0.035127759861076746,0.0,0.0,0.0,0.0,0.0,0.0
159,order1,exposure_5,11,True,0,question,True,0.07110850512981415,0.0,0.0,0.0,0.0,0.033300833271843404,0.0294981728574962,0.0,0.2616279069767442,0.009314090951189928,0.0,0.0,0.035600525413437056,0.029121617893785614,0.007627090400753375,0.2616279069767442,0.009314090951189928,0.0,0.0,0.0022996921415936525,-0.0003765549637105847,0.007627090400753375
507,order1,exposure_5,12,True,0,caption,True,0.08899600803852081,0.0,0.0,0.0,0.0,0.2527036280884672,0.29144666443635275,0.0,0.0,0.0,0.0,0.0,0.2806375139017273,0.3269417556283975,0.0,0.0,0.0,0.0,0.0,0.027933885813260118,0.03549509119204475,0.0
143,order1,exposure_5,13,True,0,caption,True,0.09638213366270065,0.0,0.0,0.0,0.0,0.6317142911751313,0.6312372135810508,0.0,0.0,0.0,0.0,0.0,0.6466671978477108,0.6463195070362274,0.0,0.0,0.0,0.0,0.0,0.014952906672579425,0.015082293455176643,0.0
171,order1,exposure_5,14,True,0,question,True,0.0986410602927208,0.0,0.0,0.0,0.0,0.2337054328068495,0.24382081471726683,0.0,0.0,0.0,0.0,0.0,0.24397433461153423,0.2521289805437193,0.0,0.0,0.0,0.0,0.0,0.010268901804684732,0.008308165826452468,0.0
617,order1,exposure_5,15,True,0,question,True,0.09868244081735611,0.9842105263157894,0.018712323952736212,0.0,0.0,0.018712323952736212,0.019508501786599897,0.019508501786599897,0.9353233830845771,0.018570788588426056,0.0,0.0,0.019645939506703354,0.020566236231202448,0.01935645762936701,-0.04888714323121235,-0.00014153536431015662,0.0,0.0,0.0009336155539671417,0.0010577344446025504,-0.00015204415723288692
3,order1,exposure_5,16,True,1,caption,True,0.09866347908973694,0.0,0.0,0.0,0.0,0.05143032924582833,0.09019780957794397,0.0,0.0,0.0,0.0,0.0,0.052713379293263384,0.09073038448286697,0.0,0.0,0.0,0.0,0.0,0.0012830500474350567,0.0005325749049229916,0.0
332,order1,exposure_5,17,True,1,caption,True,0.10176335275173187,0.20224719101123595,0.019679170410290867,0.0,0.0,0.034889116919820155,0.03336174133741237,0.019314692353238738,0.18181818181818182,0.017661002557733067,0.0,0.0,0.034887378428027686,0.03333938705850441,0.017463488459216595,-0.020429009193054126,-0.0020181678525578,0.0,0.0,-1.738491792468988e-06,-2.2354278907961433e-05,-0.0018512038940221437
534,order1,exposure_5,18,True,1,question,True,0.10417043417692184,0.795774647887324,0.0,0.0,0.0,0.01454118212347004,0.021066844297450073,0.0,0.11840796019900497,0.0,0.0,0.0,0.014686182100031184,0.021682043916344384,0.0,-0.677366687688319,0.0,0.0,0.0,0.00014499997656114427,0.0006151996188943111,0.0
356,order1,exposure_5,19,True,1,caption,True,0.10417657345533371,0.6051167964404894,0.0,0.0,0.0,0.0,0.0,0.0,0.6095661846496107,0.0,0.0,0.0,0.0,0.0,0.0,0.004449388209121219,0.0,0.0,0.0,0.0,0.0,0.0
133,order1,exposure_5,20,True,1,question,True,0.10619504004716873,0.6337817638266069,0.5449352756353476,1.0,1.0,0.8135234569610016,0.8166971541833397,0.5502994433252111,0.6457399103139013,0.553948143406037,1.0,1.0,0.8134195102882836,0.8165395562911758,0.5575708528575,0.01195814648729443,0.009012867770689437,0.0,0.0,-0.00010394667271795832,-0.00015759789216385212,0.007271409532288886
68,order1,exposure_5,21,True,1,question,True,0.11027639359235764,0.703125,0.4373573060944377,1.0,0.0,0.6166188481767302,0.6151564060222889,0.4473864771071192,0.5921052631578947,0.38153767056083315,1.0,0.0,0.6387102608852017,0.6376231891116986,0.3923835009918145,-0.11101973684210531,-0.05581963553360453,0.0,0.0,0.02209141270847148,0.022466783089409637,-0.05500297611530469
324,order1,exposure_5,22,True,1,question,True,0.11439811438322067,0.16058394160583941,0.10157967240690323,0.0,0.0,0.6336312933160916,0.6250898207372443,0.10853223285425256,0.16793893129770993,0.10723625971233043,0.0,0.0,0.639253681075456,0.6302818388278828,0.11442541461202037,0.0073549896918705115,0.005656587305427202,0.0,0.0,0.005622387759364411,0.005192018090638517,0.005893181757767804
642,order1,exposure_5,23,True,1,question,True,0.12059573829174042,0.4623115577889447,0.02893287956734371,0.0,0.0,0.1160628996152544,0.12663378275762968,0.034630529084805024,0.49246231155778897,0.030364153845178064,0.0,0.0,0.11059464915211592,0.12125419436364833,0.03512632005927139,0.03015075376884424,0.001431274277834356,0.0,0.0,-0.00546825046313848,-0.005379588393981352,0.0004957909744663647
543,order1,exposure_5,24,True,1,caption,True,0.12070604413747787,0.0,0.0,0.0,0.0,0.6342023820257597,0.6336883450825955,0.0,0.0,0.0,0.0,0.0,0.6392573828552763,0.6387162976954693,0.0,0.0,0.0,0.0,0.0,0.005055000829516598,0.0050279526128738095,0.0
567,order1,exposure_5,25,True,1,caption,True,0.12863868474960327,0.8048780487804879,0.0,0.0,0.0,0.0,0.0,0.0,0.6226415094339622,0.0,0.0,0.0,0.0,0.0,0.0,-0.18223653934652562,0.0,0.0,0.0,0.0,0.0,0.0
40,order1,exposure_5,26,True,1,caption,True,0.12794077396392822,0.9459459459459459,0.8316401035820292,1.0,1.0,0.8624111129878436,0.8794898937317411,0.8499853522459445,0.9797297297297297,0.8608327066272278,1.0,1.0,0.8608327066272278,0.8778891812804168,0.8778891812804168,0.03378378378378377,0.02919260304519855,0.0,0.0,-0.0015784063606157916,-0.0016007124513243154,0.027903829034472305
401,order1,exposure_5,27,True,1,caption,True,0.13852046430110931,0.6296296296296297,0.3686234170817929,1.0,0.0,0.5907478226302446,0.592522052359194,0.37025750576048144,0.6337962962962963,0.37873522427768885,1.0,0.0,0.6019321344484626,0.6037073141940108,0.3809639699311267,0.004166666666666652,0.010111807195895939,0.0,0.0,0.011184311818217996,0.011185261834816829,0.010706464170645247
34,order1,exposure_5,28,True,1,caption,True,0.13298039138317108,0.5454545454545454,0.44410397894863163,1.0,0.0,0.811240096837557,0.8194162524923417,0.4580636221213232,0.7958115183246073,0.6557209794315997,1.0,1.0,0.8172593140266207,0.8247838366937458,0.6562090096958203,0.25035697287006187,0.21161700048296805,0.0,1.0,0.006019217189063619,0.005367584201404041,0.19814538757449712
485,order1,exposure_5,29,True,1,question,True,0.14030970633029938,0.8975308641975308,0.3454099447697803,1.0,0.0,0.39721100634046214,0.3934744340258988,0.3463827953943203,0.998766954377312,0.4012018653258177,1.0,0.0,0.4016971762706644,0.3985620508299876,0.3956314475150612,0.10123609017978119,0.05579192055603738,0.0,0.0,0.004486169930202288,0.005087616804088757,0.049248652120740866
377,order1,exposure_5,30,True,1,caption,True,0.15196023881435394,0.07586206896551724,0.04024039699106426,0.0,0.0,0.46579441406377636,0.45730301148313085,0.0413509298508902,0.813953488372093,0.3934215161937852,1.0,0.0,0.48334643418093604,0.4760029505001507,0.357002212875113,0.7380914194065757,0.35318111920272094,1.0,0.0,0.017552020117159672,0.01869993901701983,0.31565128302422285
609,order1,exposure_5,31,True,1,caption,False,0.15196023881435394,0.0,0.0,0.0,0.0,0.7444576823825435,0.7469541027960191,0.0,0.13716814159292035,0.10534793561153642,0.0,0.0,0.7680204338131366,0.7716745264601399,0.10213339320795968,0.13716814159292035,0.10534793561153642,0.0,0.0,0.023562751430593054,0.02472042366412075,0.10213339320795968
620,order1,exposure_5,32,True,2,caption,True,0.1480274200439453,0.345679012345679,0.2790872214933736,0.0,0.0,0.7999528102521051,0.7829747751959908,0.27963384828428245,0.32967032967032966,0.26570799301627906,0.0,0.0,0.8059809121493798,0.7912894816672166,0.2472779630210052,-0.01600868267534933,-0.013379228477094551,0.0,0.0,0.006028101897274762,0.008314706471225786,-0.03235588526327726
65,order1,exposure_5,33,True,2,caption,True,0.14954179525375366,0.08237547892720307,0.02787744210787474,0.0,0.0,0.3163483647893612,0.3333223544459308,0.02752202926617777,0.08634538152610442,0.029380206814159832,0.0,0.0,0.3180726737706869,0.3351860198901756,0.029006482490495963,0.0039699025989013564,0.001502764706285093,0.0,0.0,0.001724308981325695,0.001863665444244822,0.0014844532243181927
238,order1,exposure_5,34,True,2,question,True,0.14896945655345917,0.0,0.0,0.0,0.0,0.8861363106177821,0.877404441168681,0.0,0.0,0.0,0.0,0.0,0.8787163972277305,0.865627152390268,0.0,0.0,0.0,0.0,0.0,-0.007419913390051547,-0.011777288778412998,0.0
94,order1,exposure_5,35,True,2,caption,True,0.14443902671337128,0.6098457016899339,0.29824920531258237,0.0,0.0,0.48825041456874474,0.4892988466651726,0.29994836189853397,0.6318883174136665,0.31569629939727256,1.0,0.0,0.49765016976405885,0.4988101323375186,0.3169269262032836,0.02204261572373256,0.017447094084690196,1.0,0.0,0.009399755195314108,0.009511285672345993,0.016978564304749644
588,order1,exposure_5,36,True,2,question,True,0.14445705711841583,0.0,0.0,0.0,0.0,0.0,0.0,0.0,0.0,0.0,0.0,0.0,0.0,0.0,0.0,0.0,0.0,0.0,0.0,0.0,0.0,0.0
544,order1,exposure_5,37,True,2,question,True,0.15191708505153656,0.8359375,0.4546354616701109,1.0,0.0,0.5388272138312425,0.5152881772134077,0.4294068143445064,0.7152317880794702,0.3902918696573986,1.0,0.0,0.5456858547987702,0.522138259303966,0.3729558995028328,-0.12070571192052981,-0.06434359201271228,0.0,0.0,0.0068586409675276405,0.006850082090558263,-0.05645091484167358
138,order1,exposure_5,38,True,2,question,True,0.15269383788108826,0.7541412380122058,0.5819320478190825,1.0,1.0,0.7911242797985907,0.7892540510859298,0.580031506739173,0.8837004405286344,0.6948142980475449,1.0,1.0,0.7932150457373474,0.7916122077032359,0.694668771048773,0.1295592025164286,0.11288225022846243,0.0,0.0,0.002090765938756678,0.0023581566173060953,0.11463726430959997
650,order1,exposure_5,39,True,2,caption,True,0.16032010316848755,0.597667638483965,0.01958385795642752,0.0,0.0,0.019604643655810283,0.020950347009950316,0.02091464124052016,0.685131195335277,0.019720680919190714,0.0,0.0,0.01987452686014537,0.02076030539507152,0.02058825450551173,0.08746355685131202,0.0001368229627631938,0.0,0.0,0.00026988320433508906,-0.00019004161487879562,-0.00032638673500843055
169,order1,exposure_5,40,True,2,question,True,0.16036489605903625,0.0,0.0,0.0,0.0,0.24794396658442366,0.37027780088782003,0.0,0.0,0.0,0.0,0.0,0.23910839553475643,0.3569243533776732,0.0,0.0,0.0,0.0,0.0,-0.008835571049667229,-0.013353447510146832,0.0
663,order1,exposure_5,41,True,2,question,True,0.16091607511043549,0.8663426488456865,0.34097999210526636,1.0,0.0,0.39078447908782016,0.3875463818484702,0.33605787116087776,0.9616963064295485,0.38673279007733624,1.0,0.0,0.40069972730770015,0.39748998773428895,0.38756039998170627,0.09535365758386205,0.04575279797206988,0.0,0.0,0.00991524821987999,0.009943605885818774,0.05150252882082851
623,order1,exposure_5,42,True,2,caption,True,0.15956366062164307,0.8161209068010076,0.09934382926630016,0.0,0.0,0.149219714443796,0.1431065733827564,0.09623539967704343,0.8593350383631714,0.12991432859682853,0.0,0.0,0.17276320215277582,0.1608730684607288,0.12258949565157305,0.043214131562163804,0.03057049933052837,0.0,0.0,0.02354348770897982,0.0177664950779724,0.026354095974529618
44,order1,exposure_5,43,True,2,question,True,0.1595591902732849,0.9222520107238605,0.0,0.0,0.0,0.0,0.0,0.0,0.9088471849865952,0.0,0.0,0.0,0.0,0.0,0.0,-0.013404825737265313,0.0,0.0,0.0,0.0,0.0,0.0
119,order1,exposure_5,44,True,2,caption,True,0.3531907796859741,0.10743801652892562,0.003427027544568439,0.0,0.0,0.0150523262890468,0.07167856713443405,0.019746206328227683,0.016029593094944512,0.00047008401508063407,0.0,0.0,0.008655149939508227,0.04191066009342274,0.0027734995650059166,-0.09140842343398112,-0.002956943529487805,0.0,0.0,-0.006397176349538573,-0.02976790704101131,-0.016972706763221768
648,order1,exposure_5,45,True,2,question,True,0.3579431176185608,0.0423728813559322,0.0,0.0,0.0,0.0,0.0,0.0,0.04032258064516129,0.0,0.0,0.0,0.0,0.0,0.0,-0.0020503007107709123,0.0,0.0,0.0,0.0,0.0,0.0
418,order1,exposure_5,46,True,2,question,True,0.3573947548866272,0.0,0.0,0.0,0.0,0.922896232171347,0.9227689161850396,0.0,0.0,0.0,0.0,0.0,0.9188424618328106,0.9185719743660358,0.0,0.0,0.0,0.0,0.0,-0.004053770338536378,-0.004196941819003874,0.0
447,order1,exposure_5,47,True,2,question,False,0.3573947548866272,0.6338797814207651,0.5286083807479793,1.0,1.0,0.8411631266018563,0.8464092684282528,0.5343379328750673,0.6240437158469946,0.52370005482097,1.0,1.0,0.8437001412086229,0.8489366616874178,0.5290497248743208,-0.00983606557377048,-0.004908325927009294,0.0,0.0,0.0025370146067665855,0.002527393259164956,-0.005288208000746475
400,order1,exposure_5,48,True,3,question,True,0.35739561915397644,0.8530864197530864,0.5699807529433301,1.0,1.0,0.6523653699726505,0.6528075176949741,0.5730464049063568,0.920332936979786,0.6175480766259752,1.0,1.0,0.6695762745130328,0.6698952092606113,0.614337744888896,0.06724651722669961,0.04756732368264516,0.0,0.0,0.01721090454038232,0.017087691565637164,0.0412913399825392
339,order1,exposure_5,49,True,3,caption,True,0.3668263554573059,0.10888252148997135,0.0,0.0,0.0,0.0365360391919337,0.08812331034623476,0.0,0.14326647564469913,0.0,0.0,0.0,0.028634180719875592,0.08159470765439544,0.0,0.03438395415472778,0.0,0.0,0.0,-0.007901858472058106,-0.006528602691839316,0.0
512,order1,exposure_5,50,True,3,caption,True,0.36390143632888794,0.0,0.0,0.0,0.0,0.5951254582547241,0.5965771285471958,0.0,0.0,0.0,0.0,0.0,0.6093014554676351,0.6106575921788393,0.0,0.0,0.0,0.0,0.0,0.014175997212911073,0.014080463631643503,0.0
600,order1,exposure_5,51,True,3,caption,True,0.364225298166275,0.0,0.0,0.0,0.0,0.3039118826342906,0.29466049564135965,0.0,0.0,0.0,0.0,0.0,0.31615628344532154,0.3123764270629239,0.0,0.0,0.0,0.0,0.0,0.012244400811030953,0.017715931421564246,0.0
346,order1,exposure_5,52,True,3,caption,True,0.3642333745956421,0.18859649122807018,0.15057347236490168,0.0,0.0,0.7935100819136883,0.7940602213310187,0.16795221653488354,0.17916666666666667,0.14531733364610402,0.0,0.0,0.8068309878967445,0.8071579028868177,0.16208060591817972,-0.00942982456140351,-0.005256138718797654,0.0,0.0,0.01332090598305613,0.013097681555798935,-0.005871610616703826
258,order1,exposure_5,53,True,3,caption,True,0.36465734243392944,0.0,0.0,0.0,0.0,0.8073933272641037,0.7975536564663167,0.0,0.0,0.0,0.0,0.0,0.8051597290075669,0.7949413649491591,0.0,0.0,0.0,0.0,0.0,-0.002233598256536795,-0.0026122915171575833,0.0
564,order1,exposure_5,54,True,3,question,True,0.3760434687137604,0.8447653429602888,0.0,0.0,0.0,0.0,0.0,0.0,0.29259259259259257,0.0,0.0,0.0,0.0,0.0,0.0,-0.5521727503676963,0.0,0.0,0.0,0.0,0.0,0.0
206,order1,exposure_5,55,True,3,caption,True,0.3778320550918579,0.963777490297542,0.5616996175756822,1.0,1.0,0.5758782647208872,0.5780360278498192,0.5640312931729041,0.9404915912031048,0.5622536814869954,1.0,1.0,0.5889423181211066,0.5911478276190181,0.5646243429497863,-0.023285899094437235,0.0005540639113131851,0.0,0.0,0.013064053400219433,0.01311179976919885,0.0005930497768821263
492,order1,exposure_5,56,True,3,question,True,0.3844945728778839,0.8473895582329317,0.4631795659638544,1.0,0.0,0.549317710307062,0.5406823851471848,0.4634420444118727,0.7753623188405797,0.44403350787971546,1.0,0.0,0.5726787297887919,0.5639896241897291,0.4319920525708564,-0.072027239392352,-0.01914605808413894,0.0,0.0,0.02336101948172986,0.02330723904254428,-0.03144999184101632
243,order1,exposure_5,57,True,3,caption,True,0.3845348060131073,0.9668874172185431,0.7913964405758179,1.0,1.0,0.8170890487402145,0.8157247950135011,0.7850795070245777,0.9933774834437086,0.8107429492071985,1.0,1.0,0.8158871006201135,0.8145869198422584,0.8038686708969656,0.026490066225165476,0.019346508631380543,0.0,0.0,-0.001201948120100993,-0.0011378751712427526,0.018789163872387826
359,order1,exposure_5,58,True,3,question,True,0.38737255334854126,0.8743961352657005,0.632124989381677,1.0,1.0,0.7236539414505049,0.731038495074508,0.6395572547220372,0.6714975845410628,0.4905771710621083,1.0,0.0,0.7346909623197709,0.741912192641877,0.500826740682451,-0.2028985507246377,-0.14154781831956875,0.0,-1.0,0.011037020869266057,0.010873697567369,-0.13873051403958614
132,order1,exposure_5,59,True,3,question,True,0.386487752199173,0.0,0.0,0.0,0.0,0.07829388602410334,0.08744234489278314,0.0,0.0,0.0,0.0,0.0,0.08062493157170063,0.08959172273549248,0.0,0.0,0.0,0.0,0.0,0.0023310455475972908,0.0021493778427093407,0.0
419,order1,exposure_5,60,True,3,question,True,0.38072967529296875,0.27807486631016043,0.08381006776965848,0.0,0.0,0.1160375690732922,0.11370930557647958,0.08146161093560539,0.3422459893048128,0.08929194069317963,0.0,0.0,0.12547365400308397,0.12206972607872955,0.08743283454712335,0.06417112299465239,0.005481872923521147,0.0,0.0,0.009436084929791769,0.008360420502249971,0.005971223611517959
490,order1,exposure_5,61,True,3,question,True,0.3775815963745117,0.9473684210526315,0.7696078104619404,1.0,1.0,0.7987299518021904,0.8064017614438804,0.8064017614438804,0.8947368421052632,0.7492016452855869,1.0,1.0,0.8198326878235516,0.8269605722826514,0.784988211555674,-0.05263157894736836,-0.02040616517635352,0.0,0.0,0.021102736021361146,0.02055881083877098,-0.02141354988820643
441,order1,exposure_5,62,True,3,caption,True,0.37469398975372314,0.0,0.0,0.0,0.0,0.4135634578872324,0.4262215080613335,0.0,0.09031318281136198,0.036639411380951725,0.0,0.0,0.40569283730682837,0.41625228620965604,0.036371558989193246,0.09031318281136198,0.036639411380951725,0.0,0.0,-0.007870620580404053,-0.009969221851677479,0.036371558989193246
538,order1,exposure_5,63,True,3,caption,True,0.37624871730804443,0.34767025089605735,0.12855631061447348,0.0,0.0,0.36976505836534124,0.3697991600171573,0.12535564746344316,0.2650273224043716,0.09506648017115013,0.0,0.0,0.3587044509550613,0.35472458876070057,0.09213625682096117,-0.08264292849168575,-0.03348983044332335,0.0,0.0,-0.011060607410279921,-0.015074571256456726,-0.033219390642481986
44,order2,exposure_5,0,True,0,question,True,7.685044693062082e-05,0.9222520107238605,0.0,0.0,0.0,0.0,0.0,0.0,0.9088471849865952,0.0,0.0,0.0,0.0,0.0,0.0,-0.013404825737265313,0.0,0.0,0.0,0.0,0.0,0.0
180,order2,exposure_5,1,True,0,question,True,0.02121588960289955,0.8137931034482758,0.0,0.0,0.0,0.0,0.0,0.0,0.8489208633093526,0.0,0.0,0.0,0.0,0.0,0.0,0.035127759861076746,0.0,0.0,0.0,0.0,0.0,0.0
642,order2,exposure_5,2,True,0,question,True,0.08943531662225723,0.4623115577889447,0.02893287956734371,0.0,0.0,0.1160628996152544,0.12663378275762968,0.034630529084805024,0.49246231155778897,0.03330602958525639,0.0,0.0,0.11631021541125922,0.1268469710664309,0.038211205508219506,0.03015075376884424,0.0043731500179126845,0.0,0.0,0.00024731579600481557,0.00021318830880120987,0.003580676423414482
138,order2,exposure_5,3,True,0,question,True,0.08954858779907227,0.7541412380122058,0.5819320478190825,1.0,1.0,0.7911242797985907,0.7892540510859298,0.580031506739173,0.8837004405286344,0.6929680187409948,1.0,1.0,0.7912627457668121,0.7894535687750468,0.69262128076676,0.1295592025164286,0.11103597092191231,0.0,0.0,0.00013846596822142399,0.0001995176891169681,0.11258977402758696
159,order2,exposure_5,4,True,0,question,True,0.08965741842985153,0.0,0.0,0.0,0.0,0.033300833271843404,0.0294981728574962,0.0,0.2616279069767442,0.008494654586038954,0.0,0.0,0.032468457528860004,0.029084496865884032,0.007617368226779151,0.2616279069767442,0.008494654586038954,0.0,0.0,-0.0008323757429834003,-0.00041367599161216614,0.007617368226779151
12,order2,exposure_5,5,True,0,question,True,0.09025793522596359,0.5142857142857142,0.25199709588118013,0.0,0.0,0.4880479469619351,0.4845561164235555,0.24385702302967457,0.5111111111111111,0.2500053901323434,0.0,0.0,0.4891409806937153,0.48562990447683785,0.24281495223841892,-0.0031746031746031633,-0.001991705748836725,0.0,0.0,0.001093033731780213,0.001073788053282343,-0.0010420707912556504
1,order2,exposure_5,6,True,0,caption,True,0.09188155084848404,0.7910447761194029,0.4288288730325635,1.0,0.0,0.53206545357744,0.5249160488714408,0.39368703665358057,0.6708860759493671,0.3630304722520721,1.0,0.0,0.5311001353317351,0.5240594591113974,0.3368953665716126,-0.12015870017003583,-0.06579840078049143,0.0,0.0,-0.0009653182457048937,-0.0008565897600434358,-0.05679167008196795
507,order2,exposure_5,7,True,0,caption,True,0.08758877962827682,0.0,0.0,0.0,0.0,0.2527036280884672,0.29144666443635275,0.0,0.0,0.0,0.0,0.0,0.14180396239848445,0.15747826179258484,0.0,0.0,0.0,0.0,0.0,-0.11089966568998275,-0.13396840264376791,0.0
206,order2,exposure_5,8,True,0,caption,True,0.09002543985843658,0.963777490297542,0.5616996175756822,1.0,1.0,0.5758782647208872,0.5780360278498192,0.5640312931729041,0.9404915912031048,0.5531747298011408,1.0,1.0,0.5792325748070969,0.5814048565684838,0.5555165342411226,-0.023285899094437235,-0.008524887774541412,0.0,0.0,0.0033543100862096775,0.003368828718664618,-0.008514758931781552
68,order2,exposure_5,9,True,0,question,True,0.09189724177122116,0.703125,0.4373573060944377,1.0,0.0,0.6166188481767302,0.6151564060222889,0.4473864771071192,0.5921052631578947,0.37692394208400687,1.0,0.0,0.6310187260571333,0.6297714954068361,0.3875516894811299,-0.11101973684210531,-0.06043336401043081,0.0,0.0,0.01439987788040309,0.014615089384547142,-0.059834787625989316
169,order2,exposure_5,10,True,0,question,True,0.09191600978374481,0.0,0.0,0.0,0.0,0.24794396658442366,0.37027780088782003,0.0,0.0,0.0,0.0,0.0,0.2419980422453031,0.361443522528364,0.0,0.0,0.0,0.0,0.0,-0.005945924339120556,-0.00883427835945605,0.0
418,order2,exposure_5,11,True,0,question,True,0.09071503579616547,0.0,0.0,0.0,0.0,0.922896232171347,0.9227689161850396,0.0,0.0,0.0,0.0,0.0,0.9209178076188858,0.9207104368462689,0.0,0.0,0.0,0.0,0.0,-0.001978424552461222,-0.002058479338770791,0.0
567,order2,exposure_5,12,True,0,caption,True,0.10678094625473022,0.8048780487804879,0.0,0.0,0.0,0.0,0.0,0.0,0.6226415094339622,0.0,0.0,0.0,0.0,0.0,0.0,-0.18223653934652562,0.0,0.0,0.0,0.0,0.0,0.0
332,order2,exposure_5,13,True,0,caption,True,0.1085057184100151,0.20224719101123595,0.019679170410290867,0.0,0.0,0.034889116919820155,0.03336174133741237,0.019314692353238738,0.18181818181818182,0.017704098526085604,0.0,0.0,0.03497055711755263,0.03341091931285309,0.017500957735303996,-0.020429009193054126,-0.001975071884205263,0.0,0.0,8.144019773247135e-05,4.9177975440718724e-05,-0.0018137346179347424
324,order2,exposure_5,14,True,0,question,True,0.10993202030658722,0.16058394160583941,0.10157967240690323,0.0,0.0,0.6336312933160916,0.6250898207372443,0.10853223285425256,0.16793893129770993,0.10623417978544707,0.0,0.0,0.6337845624241908,0.6246875391058114,0.113364901293903,0.0073549896918705115,0.004654507378543837,0.0,0.0,0.00015326910809920768,-0.0004022816314328548,0.004832668439650439
346,order2,exposure_5,15,True,0,caption,True,0.10994340479373932,0.18859649122807018,0.15057347236490168,0.0,0.0,0.7935100819136883,0.7940602213310187,0.16795221653488354,0.17916666666666667,0.1438965275444711,0.0,0.0,0.7984648764777428,0.7988692204625422,0.160492028246135,-0.00942982456140351,-0.006676944820430575,0.0,0.0,0.004954794564054454,0.004808999131523439,-0.007460188288748532
3,order2,exposure_5,16,True,1,caption,True,0.10991232097148895,0.0,0.0,0.0,0.0,0.05143032924582833,0.09019780957794397,0.0,0.0,0.0,0.0,0.0,0.05210052298921414,0.08982706246485701,0.0,0.0,0.0,0.0,0.0,0.0006701937433858107,-0.00037074711308696107,0.0
490,order2,exposure_5,17,True,1,question,True,0.1077742800116539,0.9473684210526315,0.7696078104619404,1.0,1.0,0.7987299518021904,0.8064017614438804,0.8064017614438804,0.8947368421052632,0.7348362239629207,1.0,1.0,0.8063246362556779,0.8145486066851239,0.7720740128053635,-0.05263157894736836,-0.03477158649901968,0.0,0.0,0.0075946844534874325,0.008146845241243428,-0.03432774863851695
359,order2,exposure_5,18,True,1,question,True,0.11315342038869858,0.8743961352657005,0.632124989381677,1.0,1.0,0.7236539414505049,0.731038495074508,0.6395572547220372,0.6714975845410628,0.4835715871818774,1.0,0.0,0.7266856782313487,0.7340424427192448,0.49321321093477744,-0.2028985507246377,-0.14855340219979962,0.0,-1.0,0.0030317367808437856,0.003003947644736771,-0.14634404378725974
588,order2,exposure_5,19,True,1,question,True,0.11317209899425507,0.0,0.0,0.0,0.0,0.0,0.0,0.0,0.0,0.0,0.0,0.0,0.0,0.0,0.0,0.0,0.0,0.0,0.0,0.0,0.0,0.0
650,order2,exposure_5,20,True,1,caption,True,0.11766156554222107,0.597667638483965,0.01958385795642752,0.0,0.0,0.019604643655810283,0.020950347009950316,0.02091464124052016,0.685131195335277,0.01943326275595191,0.0,0.0,0.019531631392467087,0.02075607762714804,0.020638965753568803,0.08746355685131202,-0.0001505952004756117,0.0,0.0,-7.301226334319524e-05,-0.00019426938280227637,-0.00027567548695135724
356,order2,exposure_5,21,True,1,caption,True,0.11766412854194641,0.6051167964404894,0.0,0.0,0.0,0.0,0.0,0.0,0.6095661846496107,0.0,0.0,0.0,0.0,0.0,0.0,0.004449388209121219,0.0,0.0,0.0,0.0,0.0,0.0
485,order2,exposure_5,22,True,1,question,True,0.12681415677070618,0.8975308641975308,0.3454099447697803,1.0,0.0,0.39721100634046214,0.3934744340258988,0.3463827953943203,0.998766954377312,0.3956861136677735,1.0,0.0,0.396174615042672,0.39279302500479113,0.38990484099740297,0.10123609017978119,0.05027616889799319,0.0,0.0,-0.0010363912977901513,-0.0006814090211076929,0.04352204560308265
132,order2,exposure_5,23,True,1,question,True,0.1298416405916214,0.0,0.0,0.0,0.0,0.07829388602410334,0.08744234489278314,0.0,0.0,0.0,0.0,0.0,0.07794637461008691,0.0870305585406495,0.0,0.0,0.0,0.0,0.0,-0.00034751141401642704,-0.000411786352133639,0.0
600,order2,exposure_5,24,True,1,caption,True,0.13829205930233002,0.0,0.0,0.0,0.0,0.3039118826342906,0.29466049564135965,0.0,0.0,0.0,0.0,0.0,0.3113715277125636,0.30671060686267027,0.0,0.0,0.0,0.0,0.0,0.007459645078273014,0.012050111221310611,0.0
41,order2,exposure_5,25,True,1,caption,True,0.15259906649589539,0.0,0.0,0.0,0.0,0.2197447466849371,0.22161925397143636,0.0,0.25296442687747034,0.0608247103075848,0.0,0.0,0.24044768293467117,0.24226790198159254,0.0619755098092446,0.25296442687747034,0.0608247103075848,0.0,0.0,0.020702936249734072,0.020648648010156173,0.0619755098092446
617,order2,exposure_5,26,True,1,question,True,0.15264588594436646,0.9842105263157894,0.018712323952736212,0.0,0.0,0.018712323952736212,0.019508501786599897,0.019508501786599897,0.9353233830845771,0.019319240491902194,0.0,0.0,0.020437722836170215,0.021492261045251388,0.020228010395530717,-0.04888714323121235,0.0006069165391659817,0.0,0.0,0.0017253988834340026,0.0019837592586514907,0.0007195086089308196
34,order2,exposure_5,27,True,1,caption,True,0.1467829793691635,0.5454545454545454,0.44410397894863163,1.0,0.0,0.811240096837557,0.8194162524923417,0.4580636221213232,0.7958115183246073,0.6568502464984831,1.0,1.0,0.8182263260362863,0.825681430589502,0.657300441524884,0.25035697287006187,0.2127462675498515,0.0,1.0,0.006986229198729266,0.006265178097160318,0.1992368194035608
312,order2,exposure_5,28,True,1,question,True,0.15384048223495483,0.6337962962962963,0.40802909990266983,1.0,0.0,0.6231979470428691,0.6246057522049699,0.4100494622123935,0.6407407407407407,0.412850762797322,1.0,0.0,0.6235918254261521,0.6250891484446768,0.41406666375623785,0.00694444444444442,0.00482166289465219,0.0,0.0,0.0003938783832829751,0.00048339623970683476,0.004017201543844329
94,order2,exposure_5,29,True,1,caption,True,0.15080532431602478,0.6098457016899339,0.29824920531258237,0.0,0.0,0.48825041456874474,0.4892988466651726,0.29994836189853397,0.6318883174136665,0.3145560410924315,1.0,0.0,0.4961163783756268,0.4973346950892308,0.3158001172010011,0.02204261572373256,0.01630683577984915,1.0,0.0,0.007865963806882037,0.00803584842405819,0.01585175530246713
544,order2,exposure_5,30,True,1,question,True,0.15440960228443146,0.8359375,0.4546354616701109,1.0,0.0,0.5388272138312425,0.5152881772134077,0.4294068143445064,0.7152317880794702,0.3892982544051002,1.0,0.0,0.5442966334737975,0.52074781036557,0.37196272168969285,-0.12070571192052981,-0.06533720726501069,0.0,0.0,0.005469419642554985,0.0054596331521623576,-0.05744409265481354
83,order2,exposure_5,31,True,1,question,True,0.15785269439220428,0.6307692307692307,0.48022106363351524,1.0,0.0,0.7678218622521827,0.7663603255496894,0.4786804022915491,0.20051282051282052,0.1558417943335505,0.0,0.0,0.7645409644194475,0.7631144890399958,0.15895678771320967,-0.43025641025641026,-0.32437926929996475,-1.0,0.0,-0.003280897832735219,-0.003245836509693567,-0.3197236145783394
171,order2,exposure_5,32,True,2,question,True,0.15900492668151855,0.0,0.0,0.0,0.0,0.2337054328068495,0.24382081471726683,0.0,0.0,0.0,0.0,0.0,0.25301332412929234,0.25570291576814086,0.0,0.0,0.0,0.0,0.0,0.019307891322442844,0.011882101050874033,0.0
339,order2,exposure_5,33,True,2,caption,True,0.1714787781238556,0.10888252148997135,0.0,0.0,0.0,0.0365360391919337,0.08812331034623476,0.0,0.14326647564469913,0.0,0.0,0.0,0.03282621939344676,0.08833250460952183,0.0,0.03438395415472778,0.0,0.0,0.0,-0.0037098197984869394,0.00020919426328706858,0.0
258,order2,exposure_5,34,True,2,caption,True,0.17183879017829895,0.0,0.0,0.0,0.0,0.8073933272641037,0.7975536564663167,0.0,0.0,0.0,0.0,0.0,0.8020691909872114,0.791324250944293,0.0,0.0,0.0,0.0,0.0,-0.005324136276892322,-0.006229405522023668,0.0
24,order2,exposure_5,35,True,2,caption,True,0.16452763974666595,0.36283185840707965,0.34500716697595096,1.0,0.0,0.9207935977639816,0.9159506970217235,0.3541349553967501,0.012145748987854251,0.01110321181676147,0.0,0.0,0.9214869203440318,0.918273099439288,0.017883086062763644,-0.3506861094192254,-0.33390395515918947,-1.0,0.0,0.0006933225800501708,0.0023224024175645397,-0.3362518693339865
538,order2,exposure_5,36,True,2,caption,True,0.17113016545772552,0.34767025089605735,0.12855631061447348,0.0,0.0,0.36976505836534124,0.3697991600171573,0.12535564746344316,0.2650273224043716,0.09642947591348551,0.0,0.0,0.36384730086944017,0.3603511798752634,0.09359770905850998,-0.08264292849168575,-0.03212683470098797,0.0,0.0,-0.005917757495901066,-0.009447980141893908,-0.031757938404933184
564,order2,exposure_5,37,True,2,question,True,0.19146481156349182,0.8447653429602888,0.0,0.0,0.0,0.0,0.0,0.0,0.29259259259259257,0.0,0.0,0.0,0.0,0.0,0.0,-0.5521727503676963,0.0,0.0,0.0,0.0,0.0,0.0
243,order2,exposure_5,38,True,2,caption,True,0.19213105738162994,0.9668874172185431,0.7913964405758179,1.0,1.0,0.8170890487402145,0.8157247950135011,0.7850795070245777,0.9933774834437086,0.8111112808822114,1.0,1.0,0.8162593211449013,0.815002677915181,0.8042789584689286,0.026490066225165476,0.019714840306393477,0.0,0.0,-0.00082972759531319,-0.0007221170983201519,0.019199451444350868
400,order2,exposure_5,39,True,2,question,True,0.19213327765464783,0.8530864197530864,0.5699807529433301,1.0,1.0,0.6523653699726505,0.6528075176949741,0.5730464049063568,0.920332936979786,0.6128038686111118,1.0,1.0,0.6644453376913895,0.6648057584266023,0.6096503668555971,0.06724651722669961,0.04282311566778174,0.0,0.0,0.012079967718738982,0.01199824073162814,0.036603961949240316
623,order2,exposure_5,40,True,2,caption,True,0.19806550443172455,0.8161209068010076,0.09934382926630016,0.0,0.0,0.149219714443796,0.1431065733827564,0.09623539967704343,0.8593350383631714,0.13598909868400882,0.0,0.0,0.17835347381660557,0.16489048534692727,0.12722641874987708,0.043214131562163804,0.03664526941770867,0.0,0.0,0.02913375937280957,0.02178391196417087,0.03099101907283365
512,order2,exposure_5,41,True,2,caption,True,0.1942945122718811,0.0,0.0,0.0,0.0,0.5951254582547241,0.5965771285471958,0.0,0.0,0.0,0.0,0.0,0.6006538052199805,0.60200959032315,0.0,0.0,0.0,0.0,0.0,0.005528346965256392,0.005432461775954245,0.0
562,order2,exposure_5,42,True,2,caption,True,0.20661583542823792,0.3023255813953488,0.2038402634010472,0.0,0.0,0.6847041319925602,0.6652576401700446,0.21996561411288032,0.36538461538461536,0.2551567646376073,0.0,0.0,0.6998878765642405,0.678126370324743,0.26371581068184446,0.06305903398926654,0.05131650123656009,0.0,0.0,0.015183744571680258,0.01286873015469836,0.043750196568964145
65,order2,exposure_5,43,True,2,caption,True,0.20434322953224182,0.08237547892720307,0.02787744210787474,0.0,0.0,0.3163483647893612,0.3333223544459308,0.02752202926617777,0.08634538152610442,0.02943109646591285,0.0,0.0,0.31862360956575214,0.33594143332256826,0.029071854806760715,0.0039699025989013564,0.0015536543580381111,0.0,0.0,0.002275244776390961,0.0026190788766374817,0.0015498255405829442
371,order2,exposure_5,44,True,2,caption,True,0.20643211901187897,0.675,0.0002937924063547062,0.0,0.0,0.000427334409243209,0.0,0.0,0.8709677419354839,0.0003615566160188304,0.0,0.0,0.0004075729126030452,0.0,0.0,0.19596774193548383,6.776420966412422e-05,0.0,0.0,-1.976149664016381e-05,0.0,0.0
119,order2,exposure_5,45,True,2,caption,True,0.20850089192390442,0.10743801652892562,0.003427027544568439,0.0,0.0,0.0150523262890468,0.07167856713443405,0.019746206328227683,0.016029593094944512,0.0003140227616968048,0.0,0.0,0.006099397576144494,0.02630200003246464,0.00174057353156016,-0.09140842343398112,-0.0031130047828716342,0.0,0.0,-0.008952928712902306,-0.045376567101969405,-0.018005632796667524
582,order2,exposure_5,46,True,2,question,True,0.20748651027679443,0.5507246376811594,0.39319123985224863,1.0,0.0,0.6698813716001273,0.7131901075127444,0.4031074520724207,0.5757575757575758,0.4162796005989999,1.0,0.0,0.6783815713465183,0.7225806884371403,0.42697949771285565,0.025032938076416378,0.023088360746751246,0.0,0.0,0.008500199746391046,0.00939058092439593,0.023872045640434936
377,order2,exposure_5,47,True,2,caption,True,0.217453733086586,0.07586206896551724,0.04024039699106426,0.0,0.0,0.46579441406377636,0.45730301148313085,0.0413509298508902,0.813953488372093,0.40702027861655393,1.0,0.0,0.5000534851574805,0.4972202854903289,0.37291521411774664,0.7380914194065757,0.3667798816254897,1.0,0.0,0.03425907109370413,0.03991727400719802,0.33156428426685647
419,order2,exposure_5,48,True,3,question,True,0.20468969643115997,0.27807486631016043,0.08381006776965848,0.0,0.0,0.1160375690732922,0.11370930557647958,0.08146161093560539,0.3422459893048128,0.08785581990649102,0.0,0.0,0.11948631034312807,0.11708005947051807,0.08629937212047198,0.06417112299465239,0.004045752136832545,0.0,0.0,0.003448741269835867,0.0033707538940384862,0.00483776118486659
648,order2,exposure_5,49,True,3,question,True,0.21368323266506195,0.0423728813559322,0.0,0.0,0.0,0.0,0.0,0.0,0.04032258064516129,0.0,0.0,0.0,0.0,0.0,0.0,-0.0020503007107709123,0.0,0.0,0.0,0.0,0.0,0.0
133,order2,exposure_5,50,True,3,question,True,0.21586839854717255,0.6337817638266069,0.5449352756353476,1.0,1.0,0.8135234569610016,0.8166971541833397,0.5502994433252111,0.6457399103139013,0.5537361284054928,1.0,1.0,0.813468802878075,0.8165755558084596,0.557336325506482,0.01195814648729443,0.008800852770145196,0.0,0.0,-5.465408292659735e-05,-0.00012159837488001646,0.007036882181270965
238,order2,exposure_5,51,True,3,question,True,0.20759455859661102,0.0,0.0,0.0,0.0,0.8861363106177821,0.877404441168681,0.0,0.0,0.0,0.0,0.0,0.8697448177573975,0.8562849912045601,0.0,0.0,0.0,0.0,0.0,-0.01639149286038455,-0.02111944996412085,0.0
401,order2,exposure_5,52,True,3,caption,True,0.2193494588136673,0.6296296296296297,0.3686234170817929,1.0,0.0,0.5907478226302446,0.592522052359194,0.37025750576048144,0.6337962962962963,0.38414810733918126,1.0,0.0,0.6100604766209344,0.6117955841074566,0.3863799484841877,0.004166666666666652,0.01552469025738834,0.0,0.0,0.01931265399068982,0.01927353174826263,0.016122442723706276
447,order2,exposure_5,53,True,3,question,False,0.2193494588136673,0.6338797814207651,0.5286083807479793,1.0,1.0,0.8411631266018563,0.8464092684282528,0.5343379328750673,0.6240437158469946,0.5228940523124535,1.0,1.0,0.8420034667049494,0.8472240570241028,0.5282549453254825,-0.00983606557377048,-0.005714328435525884,0.0,0.0,0.0008403401030930846,0.0008147885958499357,-0.006082987549584806
620,order2,exposure_5,54,True,3,caption,True,0.21326540410518646,0.345679012345679,0.2790872214933736,0.0,0.0,0.7999528102521051,0.7829747751959908,0.27963384828428245,0.32967032967032966,0.26566816414899225,0.0,0.0,0.8058600979186098,0.7937642202665086,0.24805131883328393,-0.01600868267534933,-0.013419057344381369,0.0,0.0,0.005907287666504724,0.010789445070517822,-0.031582529450998514
663,order2,exposure_5,55,True,3,question,True,0.213606595993042,0.8663426488456865,0.34097999210526636,1.0,0.0,0.39078447908782016,0.3875463818484702,0.33605787116087776,0.9616963064295485,0.3927648447674493,1.0,0.0,0.4070484917823785,0.40395559554803406,0.39372660102731616,0.09535365758386205,0.05178485266218291,0.0,0.0,0.01626401269455835,0.016409213699563885,0.057668729866438395
534,order2,exposure_5,56,True,3,question,True,0.2172674685716629,0.795774647887324,0.0,0.0,0.0,0.01454118212347004,0.021066844297450073,0.0,0.11840796019900497,0.0,0.0,0.0,0.0146167620932554,0.02206656076019214,0.0,-0.677366687688319,0.0,0.0,0.0,7.557996978536062e-05,0.000999716462742068,0.0
143,order2,exposure_5,57,True,3,caption,True,0.22561344504356384,0.0,0.0,0.0,0.0,0.6317142911751313,0.6312372135810508,0.0,0.0,0.0,0.0,0.0,0.6684685624898269,0.6682153567787399,0.0,0.0,0.0,0.0,0.0,0.03675427131469555,0.036978143197689106,0.0
543,order2,exposure_5,58,True,3,caption,True,0.2230960726737976,0.0,0.0,0.0,0.0,0.6342023820257597,0.6336883450825955,0.0,0.0,0.0,0.0,0.0,0.6343145473598233,0.6339961584268438,0.0,0.0,0.0,0.0,0.0,0.000112165334063552,0.00030781334424823115,0.0
550,order2,exposure_5,59,True,3,caption,True,0.22384867072105408,0.5034965034965035,0.2839145454558128,0.0,0.0,0.56605049401333,0.5614919384682692,0.2807459692341346,0.4696485623003195,0.2669216392342862,0.0,0.0,0.5683433542879699,0.5643337435823756,0.255547355584472,-0.03384794119618406,-0.016992906221526605,0.0,0.0,0.0022928602746399296,0.002841805114106477,-0.025198613649662582
40,order2,exposure_5,60,True,3,caption,True,0.22229139506816864,0.9459459459459459,0.8316401035820292,1.0,1.0,0.8624111129878436,0.8794898937317411,0.8499853522459445,0.9797297297297297,0.8571898214327158,1.0,1.0,0.8571898214327158,0.8742284849728607,0.8742284849728607,0.03378378378378377,0.025549717850686604,0.0,0.0,-0.005221291555127738,-0.005261408758880481,0.02424313272691614
609,order2,exposure_5,61,True,3,caption,False,0.22229139506816864,0.0,0.0,0.0,0.0,0.7444576823825435,0.7469541027960191,0.0,0.13716814159292035,0.10728667943354847,0.0,0.0,0.7821545016768373,0.7860738916951078,0.10403919154788191,0.13716814159292035,0.10728667943354847,0.0,0.0,0.037696819294293804,0.039119788899088626,0.10403919154788191
492,order2,exposure_5,62,True,3,question,True,0.2336048185825348,0.8473895582329317,0.4631795659638544,1.0,0.0,0.549317710307062,0.5406823851471848,0.4634420444118727,0.7753623188405797,0.4447504902660481,1.0,0.0,0.573603436044062,0.5649709225274288,0.43274368534015817,-0.072027239392352,-0.018429075697806274,0.0,0.0,0.024285725737000052,0.024288537380243946,-0.03069835907171453
441,order2,exposure_5,63,True,3,caption,True,0.22401510179042816,0.0,0.0,0.0,0.0,0.4135634578872324,0.4262215080613335,0.0,0.09031318281136198,0.03575177474295894,0.0,0.0,0.3958644090490534,0.40759428877432297,0.035615034941445696,0.09031318281136198,0.03575177474295894,0.0,0.0,-0.01769904883817902,-0.018627219287010555,0.035615034941445696
